game_pk,season,official_date,game_date,game_type,away_team_id,away_team,away_score,home_team_id,home_team,home_score,home_win,total_runs,run_diff_home
413661,2015,2015-04-05,2015-04-05,R,138,St. Louis Cardinals,3,112,Chicago Cubs,0,0,3,-3
413649,2015,2015-04-06,2015-04-06,R,108,Los Angeles Angels,1,136,Seattle Mariners,4,1,5,3
413650,2015,2015-04-06,2015-04-06,R,144,Atlanta Braves,2,146,Miami Marlins,1,0,3,-1
413651,2015,2015-04-06,2015-04-06,R,110,Baltimore Orioles,6,139,Tampa Bay Rays,2,0,8,-4
413652,2015,2015-04-06,2015-04-06,R,111,Boston Red Sox,8,143,Philadelphia Phillies,0,0,8,-8
413653,2015,2015-04-06,2015-04-06,R,145,Chicago White Sox,1,118,Kansas City Royals,10,1,11,9
413654,2015,2015-04-06,2015-04-06,R,114,Cleveland Guardians,0,117,Houston Astros,2,1,2,2
413655,2015,2015-04-06,2015-04-06,R,115,Colorado Rockies,10,158,Milwaukee Brewers,0,0,10,-10
413656,2015,2015-04-06,2015-04-06,R,142,Minnesota Twins,0,116,Detroit Tigers,4,1,4,4
413657,2015,2015-04-06,2015-04-06,R,121,New York Mets,3,120,Washington Nationals,1,0,4,-2
413658,2015,2015-04-06,2015-04-06,R,134,Pittsburgh Pirates,2,113,Cincinnati Reds,5,1,7,3
413659,2015,2015-04-06,2015-04-06,R,135,San Diego Padres,3,119,Los Angeles Dodgers,6,1,9,3
413660,2015,2015-04-06,2015-04-06,R,137,San Francisco Giants,5,109,Arizona Diamondbacks,4,0,9,-1
413662,2015,2015-04-06,2015-04-06,R,140,Texas Rangers,0,133,Athletics,8,1,8,8
413663,2015,2015-04-06,2015-04-06,R,141,Toronto Blue Jays,6,147,New York Yankees,1,0,7,-5
413664,2015,2015-04-07,2015-04-07,R,108,Los Angeles Angels,2,136,Seattle Mariners,0,0,2,-2
413665,2015,2015-04-07,2015-04-07,R,144,Atlanta Braves,12,146,Miami Marlins,2,0,14,-10
413666,2015,2015-04-07,2015-04-07,R,110,Baltimore Orioles,6,139,Tampa Bay Rays,5,0,11,-1
413667,2015,2015-04-07,2015-04-07,R,115,Colorado Rockies,5,158,Milwaukee Brewers,2,0,7,-3
413668,2015,2015-04-07,2015-04-07,R,135,San Diego Padres,7,119,Los Angeles Dodgers,3,0,10,-4
413669,2015,2015-04-07,2015-04-07,R,137,San Francisco Giants,6,109,Arizona Diamondbacks,7,1,13,1
413670,2015,2015-04-07,2015-04-07,R,140,Texas Rangers,3,133,Athletics,1,0,4,-2
413671,2015,2015-04-08,2015-04-08,R,108,Los Angeles Angels,5,136,Seattle Mariners,3,0,8,-2
413672,2015,2015-04-08,2015-04-08,R,144,Atlanta Braves,2,146,Miami Marlins,0,0,2,-2
413673,2015,2015-04-08,2015-04-08,R,110,Baltimore Orioles,0,139,Tampa Bay Rays,2,1,2,2
413674,2015,2015-04-08,2015-04-08,R,111,Boston Red Sox,2,143,Philadelphia Phillies,4,1,6,2
413675,2015,2015-04-08,2015-04-08,R,145,Chicago White Sox,5,118,Kansas City Royals,7,1,12,2
413676,2015,2015-04-08,2015-04-08,R,114,Cleveland Guardians,2,117,Houston Astros,0,0,2,-2
413677,2015,2015-04-08,2015-04-08,R,115,Colorado Rockies,5,158,Milwaukee Brewers,4,0,9,-1
413678,2015,2015-04-08,2015-04-08,R,142,Minnesota Twins,0,116,Detroit Tigers,11,1,11,11
413679,2015,2015-04-08,2015-04-08,R,121,New York Mets,1,120,Washington Nationals,2,1,3,1
413680,2015,2015-04-08,2015-04-08,R,134,Pittsburgh Pirates,4,113,Cincinnati Reds,5,1,9,1
413681,2015,2015-04-08,2015-04-08,R,135,San Diego Padres,4,119,Los Angeles Dodgers,7,1,11,3
413682,2015,2015-04-08,2015-04-08,R,137,San Francisco Giants,5,109,Arizona Diamondbacks,2,0,7,-3
413684,2015,2015-04-08,2015-04-08,R,140,Texas Rangers,0,133,Athletics,10,1,10,10
413685,2015,2015-04-08,2015-04-08,R,141,Toronto Blue Jays,3,147,New York Yankees,4,1,7,1
413693,2015,2015-04-08,2015-04-08,R,138,St. Louis Cardinals,0,112,Chicago Cubs,2,1,2,2
413686,2015,2015-04-09,2015-04-09,R,111,Boston Red Sox,6,143,Philadelphia Phillies,2,0,8,-4
413687,2015,2015-04-09,2015-04-09,R,145,Chicago White Sox,1,118,Kansas City Royals,4,1,5,3
413688,2015,2015-04-09,2015-04-09,R,114,Cleveland Guardians,5,117,Houston Astros,1,0,6,-4
413689,2015,2015-04-09,2015-04-09,R,142,Minnesota Twins,1,116,Detroit Tigers,7,1,8,6
413690,2015,2015-04-09,2015-04-09,R,121,New York Mets,6,120,Washington Nationals,3,0,9,-3
413691,2015,2015-04-09,2015-04-09,R,134,Pittsburgh Pirates,2,113,Cincinnati Reds,3,1,5,1
413692,2015,2015-04-09,2015-04-09,R,137,San Francisco Giants,1,135,San Diego Padres,0,0,1,-1
413694,2015,2015-04-09,2015-04-09,R,140,Texas Rangers,10,133,Athletics,1,0,11,-9
413695,2015,2015-04-09,2015-04-09,R,141,Toronto Blue Jays,6,147,New York Yankees,3,0,9,-3
413696,2015,2015-04-10,2015-04-10,R,111,Boston Red Sox,6,147,New York Yankees,5,0,11,-1
413697,2015,2015-04-10,2015-04-10,R,112,Chicago Cubs,1,115,Colorado Rockies,5,1,6,4
413698,2015,2015-04-10,2015-04-10,R,116,Detroit Tigers,8,114,Cleveland Guardians,4,0,12,-4
413699,2015,2015-04-10,2015-04-10,R,117,Houston Astros,5,140,Texas Rangers,1,0,6,-4
413700,2015,2015-04-10,2015-04-10,R,118,Kansas City Royals,4,108,Los Angeles Angels,2,0,6,-2
413701,2015,2015-04-10,2015-04-10,R,119,Los Angeles Dodgers,3,109,Arizona Diamondbacks,4,1,7,1
413702,2015,2015-04-10,2015-04-10,R,142,Minnesota Twins,6,145,Chicago White Sox,0,0,6,-6
413703,2015,2015-04-10,2015-04-10,R,121,New York Mets,3,144,Atlanta Braves,5,1,8,2
413704,2015,2015-04-10,2015-04-10,R,134,Pittsburgh Pirates,6,158,Milwaukee Brewers,2,0,8,-4
413705,2015,2015-04-10,2015-04-10,R,136,Seattle Mariners,0,133,Athletics,12,1,12,12
413706,2015,2015-04-10,2015-04-10,R,137,San Francisco Giants,0,135,San Diego Padres,1,1,1,1
413707,2015,2015-04-10,2015-04-10,R,138,St. Louis Cardinals,4,113,Cincinnati Reds,5,1,9,1
413708,2015,2015-04-10,2015-04-10,R,139,Tampa Bay Rays,9,146,Miami Marlins,10,1,19,1
413709,2015,2015-04-10,2015-04-10,R,141,Toronto Blue Jays,12,110,Baltimore Orioles,5,0,17,-7
413710,2015,2015-04-10,2015-04-10,R,120,Washington Nationals,1,143,Philadelphia Phillies,4,1,5,3
413711,2015,2015-04-11,2015-04-11,R,111,Boston Red Sox,8,147,New York Yankees,4,0,12,-4
413712,2015,2015-04-11,2015-04-11,R,112,Chicago Cubs,9,115,Colorado Rockies,5,0,14,-4
413713,2015,2015-04-11,2015-04-11,R,116,Detroit Tigers,9,114,Cleveland Guardians,6,0,15,-3
413714,2015,2015-04-11,2015-04-11,R,117,Houston Astros,2,140,Texas Rangers,6,1,8,4
413715,2015,2015-04-11,2015-04-11,R,118,Kansas City Royals,6,108,Los Angeles Angels,4,0,10,-2
413716,2015,2015-04-11,2015-04-11,R,119,Los Angeles Dodgers,0,109,Arizona Diamondbacks,6,1,6,6
413717,2015,2015-04-11,2015-04-11,R,142,Minnesota Twins,4,145,Chicago White Sox,5,1,9,1
413718,2015,2015-04-11,2015-04-11,R,121,New York Mets,3,144,Atlanta Braves,5,1,8,2
413719,2015,2015-04-11,2015-04-11,R,134,Pittsburgh Pirates,0,158,Milwaukee Brewers,6,1,6,6
413720,2015,2015-04-11,2015-04-11,R,136,Seattle Mariners,5,133,Athletics,4,0,9,-1
413721,2015,2015-04-11,2015-04-11,R,137,San Francisco Giants,2,135,San Diego Padres,10,1,12,8
413722,2015,2015-04-11,2015-04-11,R,138,St. Louis Cardinals,4,113,Cincinnati Reds,1,0,5,-3
413723,2015,2015-04-11,2015-04-11,R,139,Tampa Bay Rays,2,146,Miami Marlins,0,0,2,-2
413724,2015,2015-04-11,2015-04-11,R,141,Toronto Blue Jays,1,110,Baltimore Orioles,7,1,8,6
413725,2015,2015-04-11,2015-04-11,R,120,Washington Nationals,2,143,Philadelphia Phillies,3,1,5,1
413726,2015,2015-04-12,2015-04-12,R,111,Boston Red Sox,4,147,New York Yankees,14,1,18,10
413727,2015,2015-04-12,2015-04-12,R,112,Chicago Cubs,6,115,Colorado Rockies,5,0,11,-1
413728,2015,2015-04-12,2015-04-12,R,116,Detroit Tigers,8,114,Cleveland Guardians,5,0,13,-3
413729,2015,2015-04-12,2015-04-12,R,117,Houston Astros,6,140,Texas Rangers,4,0,10,-2
413730,2015,2015-04-12,2015-04-12,R,118,Kansas City Royals,9,108,Los Angeles Angels,2,0,11,-7
413731,2015,2015-04-12,2015-04-12,R,119,Los Angeles Dodgers,7,109,Arizona Diamondbacks,4,0,11,-3
413732,2015,2015-04-12,2015-04-12,R,142,Minnesota Twins,2,145,Chicago White Sox,6,1,8,4
413733,2015,2015-04-12,2015-04-12,R,121,New York Mets,4,144,Atlanta Braves,3,0,7,-1
413734,2015,2015-04-12,2015-04-12,R,134,Pittsburgh Pirates,10,158,Milwaukee Brewers,2,0,12,-8
413735,2015,2015-04-12,2015-04-12,R,136,Seattle Mariners,8,133,Athletics,7,0,15,-1
413736,2015,2015-04-12,2015-04-12,R,137,San Francisco Giants,4,135,San Diego Padres,6,1,10,2
413737,2015,2015-04-12,2015-04-12,R,138,St. Louis Cardinals,7,113,Cincinnati Reds,5,0,12,-2
413738,2015,2015-04-12,2015-04-12,R,139,Tampa Bay Rays,8,146,Miami Marlins,5,0,13,-3
413739,2015,2015-04-12,2015-04-12,R,141,Toronto Blue Jays,10,110,Baltimore Orioles,7,0,17,-3
413740,2015,2015-04-12,2015-04-12,R,120,Washington Nationals,4,143,Philadelphia Phillies,3,0,7,-1
413741,2015,2015-04-13,2015-04-13,R,108,Los Angeles Angels,6,140,Texas Rangers,3,0,9,-3
413742,2015,2015-04-13,2015-04-13,R,109,Arizona Diamondbacks,8,135,San Diego Padres,4,0,12,-4
413743,2015,2015-04-13,2015-04-13,R,113,Cincinnati Reds,6,112,Chicago Cubs,7,1,13,1
413744,2015,2015-04-13,2015-04-13,R,115,Colorado Rockies,2,137,San Francisco Giants,0,0,2,-2
413745,2015,2015-04-13,2015-04-13,R,116,Detroit Tigers,4,134,Pittsburgh Pirates,5,1,9,1
413746,2015,2015-04-13,2015-04-13,R,118,Kansas City Royals,12,142,Minnesota Twins,3,0,15,-9
413747,2015,2015-04-13,2015-04-13,R,146,Miami Marlins,2,144,Atlanta Braves,3,1,5,1
413748,2015,2015-04-13,2015-04-13,R,158,Milwaukee Brewers,5,138,St. Louis Cardinals,4,0,9,-1
413749,2015,2015-04-13,2015-04-13,R,147,New York Yankees,6,110,Baltimore Orioles,5,0,11,-1
413750,2015,2015-04-13,2015-04-13,R,133,Athletics,8,117,Houston Astros,1,0,9,-7
413751,2015,2015-04-13,2015-04-13,R,143,Philadelphia Phillies,0,121,New York Mets,2,1,2,2
413752,2015,2015-04-13,2015-04-13,R,136,Seattle Mariners,5,119,Los Angeles Dodgers,6,1,11,1
413753,2015,2015-04-13,2015-04-13,R,139,Tampa Bay Rays,2,141,Toronto Blue Jays,1,0,3,-1
413754,2015,2015-04-13,2015-04-13,R,120,Washington Nationals,4,111,Boston Red Sox,9,1,13,5
413755,2015,2015-04-14,2015-04-14,R,108,Los Angeles Angels,2,140,Texas Rangers,8,1,10,6
413756,2015,2015-04-14,2015-04-14,R,109,Arizona Diamondbacks,1,135,San Diego Padres,5,1,6,4
413757,2015,2015-04-14,2015-04-14,R,145,Chicago White Sox,4,114,Cleveland Guardians,1,0,5,-3
413758,2015,2015-04-14,2015-04-14,R,113,Cincinnati Reds,3,112,Chicago Cubs,2,0,5,-1
413759,2015,2015-04-14,2015-04-14,R,115,Colorado Rockies,4,137,San Francisco Giants,1,0,5,-3
413760,2015,2015-04-14,2015-04-14,R,116,Detroit Tigers,2,134,Pittsburgh Pirates,0,0,2,-2
413761,2015,2015-04-14,2015-04-14,R,146,Miami Marlins,8,144,Atlanta Braves,2,0,10,-6
413762,2015,2015-04-14,2015-04-14,R,147,New York Yankees,3,110,Baltimore Orioles,4,1,7,1
413763,2015,2015-04-14,2015-04-14,R,133,Athletics,4,117,Houston Astros,0,0,4,-4
413764,2015,2015-04-14,2015-04-14,R,143,Philadelphia Phillies,5,121,New York Mets,6,1,11,1
413765,2015,2015-04-14,2015-04-14,R,136,Seattle Mariners,5,119,Los Angeles Dodgers,6,1,11,1
413766,2015,2015-04-14,2015-04-14,R,139,Tampa Bay Rays,3,141,Toronto Blue Jays,2,0,5,-1
413767,2015,2015-04-14,2015-04-14,R,120,Washington Nationals,7,111,Boston Red Sox,8,1,15,1
413768,2015,2015-04-15,2015-04-15,R,108,Los Angeles Angels,10,140,Texas Rangers,2,0,12,-8
413769,2015,2015-04-15,2015-04-15,R,109,Arizona Diamondbacks,2,135,San Diego Padres,3,1,5,1
413770,2015,2015-04-15,2015-04-15,R,145,Chicago White Sox,2,114,Cleveland Guardians,4,1,6,2
413771,2015,2015-04-15,2015-04-15,R,113,Cincinnati Reds,0,112,Chicago Cubs,5,1,5,5
413772,2015,2015-04-15,2015-04-15,R,115,Colorado Rockies,4,137,San Francisco Giants,2,0,6,-2
413773,2015,2015-04-15,2015-04-15,R,116,Detroit Tigers,1,134,Pittsburgh Pirates,0,0,1,-1
413774,2015,2015-04-15,2015-04-15,R,118,Kansas City Royals,1,142,Minnesota Twins,3,1,4,2
413775,2015,2015-04-15,2015-04-15,R,146,Miami Marlins,6,144,Atlanta Braves,2,0,8,-4
413776,2015,2015-04-15,2015-04-15,R,158,Milwaukee Brewers,2,138,St. Louis Cardinals,4,1,6,2
413777,2015,2015-04-15,2015-04-15,R,147,New York Yankees,5,110,Baltimore Orioles,7,1,12,2
413778,2015,2015-04-15,2015-04-15,R,133,Athletics,1,117,Houston Astros,6,1,7,5
413779,2015,2015-04-15,2015-04-15,R,143,Philadelphia Phillies,1,121,New York Mets,6,1,7,5
413780,2015,2015-04-15,2015-04-15,R,136,Seattle Mariners,2,119,Los Angeles Dodgers,5,1,7,3
413781,2015,2015-04-15,2015-04-15,R,139,Tampa Bay Rays,7,141,Toronto Blue Jays,12,1,19,5
413782,2015,2015-04-15,2015-04-15,R,120,Washington Nationals,10,111,Boston Red Sox,5,0,15,-5
413783,2015,2015-04-16,2015-04-16,R,109,Arizona Diamondbacks,7,137,San Francisco Giants,6,0,13,-1
413784,2015,2015-04-16,2015-04-16,R,118,Kansas City Royals,5,142,Minnesota Twins,8,1,13,3
413785,2015,2015-04-16,2015-04-16,R,146,Miami Marlins,5,121,New York Mets,7,1,12,2
413786,2015,2015-04-16,2015-04-16,R,158,Milwaukee Brewers,0,138,St. Louis Cardinals,4,1,4,4
413787,2015,2015-04-16,2015-04-16,R,143,Philadelphia Phillies,2,120,Washington Nationals,5,1,7,3
413788,2015,2015-04-16,2015-04-16,R,139,Tampa Bay Rays,4,141,Toronto Blue Jays,2,0,6,-2
413789,2015,2015-04-17,2015-04-17,R,108,Los Angeles Angels,6,117,Houston Astros,3,0,9,-3
413790,2015,2015-04-17,2015-04-17,R,109,Arizona Diamondbacks,9,137,San Francisco Giants,0,0,9,-9
413791,2015,2015-04-17,2015-04-17,R,144,Atlanta Braves,8,141,Toronto Blue Jays,7,0,15,-1
413792,2015,2015-04-17,2015-04-17,R,110,Baltimore Orioles,2,111,Boston Red Sox,3,1,5,1
413793,2015,2015-04-17,2015-04-17,R,145,Chicago White Sox,1,116,Detroit Tigers,2,1,3,1
413794,2015,2015-04-17,2015-04-17,R,113,Cincinnati Reds,1,138,St. Louis Cardinals,6,1,7,5
413795,2015,2015-04-17,2015-04-17,R,114,Cleveland Guardians,2,142,Minnesota Twins,3,1,5,1
413796,2015,2015-04-17,2015-04-17,R,115,Colorado Rockies,3,119,Los Angeles Dodgers,7,1,10,4
413797,2015,2015-04-17,2015-04-17,R,146,Miami Marlins,1,121,New York Mets,4,1,5,3
413798,2015,2015-04-17,2015-04-17,R,158,Milwaukee Brewers,3,134,Pittsburgh Pirates,6,1,9,3
413799,2015,2015-04-17,2015-04-17,R,147,New York Yankees,5,139,Tampa Bay Rays,4,0,9,-1
413800,2015,2015-04-17,2015-04-17,R,133,Athletics,4,118,Kansas City Royals,6,1,10,2
413801,2015,2015-04-17,2015-04-17,R,143,Philadelphia Phillies,2,120,Washington Nationals,7,1,9,5
413802,2015,2015-04-17,2015-04-17,R,135,San Diego Padres,5,112,Chicago Cubs,4,0,9,-1
413803,2015,2015-04-17,2015-04-17,R,140,Texas Rangers,3,136,Seattle Mariners,1,0,4,-2
413804,2015,2015-04-18,2015-04-18,R,108,Los Angeles Angels,0,117,Houston Astros,4,1,4,4
413805,2015,2015-04-18,2015-04-18,R,109,Arizona Diamondbacks,1,137,San Francisco Giants,4,1,5,3
413806,2015,2015-04-18,2015-04-18,R,144,Atlanta Braves,5,141,Toronto Blue Jays,6,1,11,1
413807,2015,2015-04-18,2015-04-18,R,110,Baltimore Orioles,4,111,Boston Red Sox,1,0,5,-3
413808,2015,2015-04-18,2015-04-18,R,145,Chicago White Sox,12,116,Detroit Tigers,3,0,15,-9
413809,2015,2015-04-18,2015-04-18,R,113,Cincinnati Reds,2,138,St. Louis Cardinals,5,1,7,3
413810,2015,2015-04-18,2015-04-18,R,114,Cleveland Guardians,4,142,Minnesota Twins,2,0,6,-2
413811,2015,2015-04-18,2015-04-18,R,115,Colorado Rockies,3,119,Los Angeles Dodgers,6,1,9,3
413812,2015,2015-04-18,2015-04-18,R,146,Miami Marlins,4,121,New York Mets,5,1,9,1
413813,2015,2015-04-18,2015-04-18,R,158,Milwaukee Brewers,2,134,Pittsburgh Pirates,6,1,8,4
413814,2015,2015-04-18,2015-04-18,R,147,New York Yankees,9,139,Tampa Bay Rays,0,0,9,-9
413815,2015,2015-04-18,2015-04-18,R,133,Athletics,5,118,Kansas City Royals,0,0,5,-5
413816,2015,2015-04-18,2015-04-18,R,143,Philadelphia Phillies,5,120,Washington Nationals,3,0,8,-2
413817,2015,2015-04-18,2015-04-18,R,135,San Diego Padres,6,112,Chicago Cubs,7,1,13,1
413818,2015,2015-04-18,2015-04-18,R,140,Texas Rangers,1,136,Seattle Mariners,3,1,4,2
413819,2015,2015-04-19,2015-04-19,R,108,Los Angeles Angels,3,117,Houston Astros,4,1,7,1
413820,2015,2015-04-19,2015-04-19,R,109,Arizona Diamondbacks,5,137,San Francisco Giants,1,0,6,-4
413821,2015,2015-04-19,2015-04-19,R,144,Atlanta Braves,5,141,Toronto Blue Jays,2,0,7,-3
413822,2015,2015-04-19,2015-04-19,R,110,Baltimore Orioles,8,111,Boston Red Sox,3,0,11,-5
413823,2015,2015-04-19,2015-04-19,R,145,Chicago White Sox,1,116,Detroit Tigers,9,1,10,8
413824,2015,2015-04-19,2015-04-19,R,113,Cincinnati Reds,1,138,St. Louis Cardinals,2,1,3,1
413825,2015,2015-04-19,2015-04-19,R,114,Cleveland Guardians,2,142,Minnesota Twins,7,1,9,5
413826,2015,2015-04-19,2015-04-19,R,115,Colorado Rockies,0,119,Los Angeles Dodgers,7,1,7,7
413827,2015,2015-04-19,2015-04-19,R,146,Miami Marlins,6,121,New York Mets,7,1,13,1
413828,2015,2015-04-19,2015-04-19,R,158,Milwaukee Brewers,2,134,Pittsburgh Pirates,5,1,7,3
413829,2015,2015-04-19,2015-04-19,R,147,New York Yankees,5,139,Tampa Bay Rays,3,0,8,-2
413830,2015,2015-04-19,2015-04-19,R,133,Athletics,2,118,Kansas City Royals,4,1,6,2
413831,2015,2015-04-19,2015-04-19,R,143,Philadelphia Phillies,1,120,Washington Nationals,4,1,5,3
413832,2015,2015-04-19,2015-04-19,R,135,San Diego Padres,5,112,Chicago Cubs,2,0,7,-3
413833,2015,2015-04-19,2015-04-19,R,140,Texas Rangers,10,136,Seattle Mariners,11,1,21,1
413834,2015,2015-04-20,2015-04-20,R,110,Baltimore Orioles,1,111,Boston Red Sox,7,1,8,6
413835,2015,2015-04-20,2015-04-20,R,112,Chicago Cubs,5,134,Pittsburgh Pirates,2,0,7,-3
413836,2015,2015-04-20,2015-04-20,R,113,Cincinnati Reds,6,158,Milwaukee Brewers,1,0,7,-5
413837,2015,2015-04-20,2015-04-20,R,114,Cleveland Guardians,3,145,Chicago White Sox,4,1,7,1
413838,2015,2015-04-20,2015-04-20,R,117,Houston Astros,7,136,Seattle Mariners,5,0,12,-2
413839,2015,2015-04-20,2015-04-20,R,142,Minnesota Twins,1,118,Kansas City Royals,7,1,8,6
413840,2015,2015-04-20,2015-04-20,R,147,New York Yankees,1,116,Detroit Tigers,2,1,3,1
413841,2015,2015-04-20,2015-04-20,R,133,Athletics,6,108,Los Angeles Angels,3,0,9,-3
413842,2015,2015-04-20,2015-04-20,R,135,San Diego Padres,14,115,Colorado Rockies,3,0,17,-11
413843,2015,2015-04-21,2015-04-21,R,144,Atlanta Braves,1,121,New York Mets,7,1,8,6
413844,2015,2015-04-21,2015-04-21,R,110,Baltimore Orioles,6,141,Toronto Blue Jays,13,1,19,7
413845,2015,2015-04-21,2015-04-21,R,111,Boston Red Sox,1,139,Tampa Bay Rays,0,0,1,-1
413846,2015,2015-04-21,2015-04-21,R,112,Chicago Cubs,9,134,Pittsburgh Pirates,8,0,17,-1
413847,2015,2015-04-21,2015-04-21,R,113,Cincinnati Reds,16,158,Milwaukee Brewers,10,0,26,-6
413848,2015,2015-04-21,2015-04-21,R,114,Cleveland Guardians,6,145,Chicago White Sox,2,0,8,-4
413849,2015,2015-04-21,2015-04-21,R,117,Houston Astros,6,136,Seattle Mariners,3,0,9,-3
413850,2015,2015-04-21,2015-04-21,R,119,Los Angeles Dodgers,2,137,San Francisco Giants,6,1,8,4
413851,2015,2015-04-21,2015-04-21,R,146,Miami Marlins,3,143,Philadelphia Phillies,7,1,10,4
413852,2015,2015-04-21,2015-04-21,R,142,Minnesota Twins,5,118,Kansas City Royals,6,1,11,1
413853,2015,2015-04-21,2015-04-21,R,147,New York Yankees,5,116,Detroit Tigers,2,0,7,-3
413854,2015,2015-04-21,2015-04-21,R,133,Athletics,1,108,Los Angeles Angels,14,1,15,13
413855,2015,2015-04-21,2015-04-21,R,135,San Diego Padres,7,115,Colorado Rockies,6,0,13,-1
413856,2015,2015-04-21,2015-04-21,R,138,St. Louis Cardinals,1,120,Washington Nationals,2,1,3,1
413857,2015,2015-04-21,2015-04-21,R,140,Texas Rangers,7,109,Arizona Diamondbacks,1,0,8,-6
413858,2015,2015-04-22,2015-04-22,R,144,Atlanta Braves,2,121,New York Mets,3,1,5,1
413859,2015,2015-04-22,2015-04-22,R,110,Baltimore Orioles,2,141,Toronto Blue Jays,4,1,6,2
413860,2015,2015-04-22,2015-04-22,R,111,Boston Red Sox,5,139,Tampa Bay Rays,7,1,12,2
413861,2015,2015-04-22,2015-04-22,R,112,Chicago Cubs,3,134,Pittsburgh Pirates,4,1,7,1
413862,2015,2015-04-22,2015-04-22,R,113,Cincinnati Reds,2,158,Milwaukee Brewers,1,0,3,-1
413863,2015,2015-04-22,2015-04-22,R,114,Cleveland Guardians,0,145,Chicago White Sox,6,1,6,6
413864,2015,2015-04-22,2015-04-22,R,117,Houston Astros,2,136,Seattle Mariners,3,1,5,1
413865,2015,2015-04-22,2015-04-22,R,119,Los Angeles Dodgers,2,137,San Francisco Giants,3,1,5,1
413866,2015,2015-04-22,2015-04-22,R,146,Miami Marlins,6,143,Philadelphia Phillies,1,0,7,-5
413867,2015,2015-04-22,2015-04-22,R,142,Minnesota Twins,3,118,Kansas City Royals,0,0,3,-3
413868,2015,2015-04-22,2015-04-22,R,147,New York Yankees,13,116,Detroit Tigers,4,0,17,-9
413869,2015,2015-04-22,2015-04-22,R,133,Athletics,9,108,Los Angeles Angels,2,0,11,-7
413870,2015,2015-04-22,2015-04-22,R,135,San Diego Padres,4,115,Colorado Rockies,5,1,9,1
413871,2015,2015-04-22,2015-04-22,R,138,St. Louis Cardinals,7,120,Washington Nationals,5,0,12,-2
413872,2015,2015-04-22,2015-04-22,R,140,Texas Rangers,5,109,Arizona Diamondbacks,8,1,13,3
413873,2015,2015-04-23,2015-04-23,R,144,Atlanta Braves,3,121,New York Mets,6,1,9,3
413874,2015,2015-04-23,2015-04-23,R,110,Baltimore Orioles,6,141,Toronto Blue Jays,7,1,13,1
413875,2015,2015-04-23,2015-04-23,R,111,Boston Red Sox,1,139,Tampa Bay Rays,2,1,3,1
413876,2015,2015-04-23,2015-04-23,R,112,Chicago Cubs,4,134,Pittsburgh Pirates,5,1,9,1
413877,2015,2015-04-23,2015-04-23,R,113,Cincinnati Reds,2,158,Milwaukee Brewers,4,1,6,2
413878,2015,2015-04-23,2015-04-23,R,118,Kansas City Royals,3,145,Chicago White Sox,2,0,5,-1
413879,2015,2015-04-23,2015-04-23,R,119,Los Angeles Dodgers,2,137,San Francisco Giants,3,1,5,1
413880,2015,2015-04-23,2015-04-23,R,146,Miami Marlins,9,143,Philadelphia Phillies,1,0,10,-8
413881,2015,2015-04-23,2015-04-23,R,147,New York Yankees,2,116,Detroit Tigers,1,0,3,-1
413882,2015,2015-04-23,2015-04-23,R,133,Athletics,0,108,Los Angeles Angels,2,1,2,2
413883,2015,2015-04-23,2015-04-23,R,135,San Diego Padres,1,115,Colorado Rockies,2,1,3,1
413884,2015,2015-04-23,2015-04-23,R,138,St. Louis Cardinals,4,120,Washington Nationals,1,0,5,-3
413885,2015,2015-04-24,2015-04-24,R,144,Atlanta Braves,0,143,Philadelphia Phillies,1,1,1,1
413886,2015,2015-04-24,2015-04-24,R,111,Boston Red Sox,7,110,Baltimore Orioles,5,0,12,-2
413887,2015,2015-04-24,2015-04-24,R,112,Chicago Cubs,7,113,Cincinnati Reds,3,0,10,-4
413888,2015,2015-04-24,2015-04-24,R,114,Cleveland Guardians,13,116,Detroit Tigers,1,0,14,-12
413889,2015,2015-04-24,2015-04-24,R,117,Houston Astros,5,133,Athletics,4,0,9,-1
413890,2015,2015-04-24,2015-04-24,R,118,Kansas City Royals,2,145,Chicago White Sox,3,1,5,1
413891,2015,2015-04-24,2015-04-24,R,119,Los Angeles Dodgers,3,135,San Diego Padres,0,0,3,-3
413892,2015,2015-04-24,2015-04-24,R,142,Minnesota Twins,0,136,Seattle Mariners,2,1,2,2
413893,2015,2015-04-24,2015-04-24,R,121,New York Mets,1,147,New York Yankees,6,1,7,5
413894,2015,2015-04-24,2015-04-24,R,134,Pittsburgh Pirates,4,109,Arizona Diamondbacks,1,0,5,-3
413895,2015,2015-04-24,2015-04-24,R,137,San Francisco Giants,4,115,Colorado Rockies,6,1,10,2
413896,2015,2015-04-24,2015-04-24,R,138,St. Louis Cardinals,3,158,Milwaukee Brewers,0,0,3,-3
413897,2015,2015-04-24,2015-04-24,R,140,Texas Rangers,2,108,Los Angeles Angels,3,1,5,1
413898,2015,2015-04-24,2015-04-24,R,141,Toronto Blue Jays,3,139,Tampa Bay Rays,12,1,15,9
413899,2015,2015-04-24,2015-04-24,R,120,Washington Nationals,2,146,Miami Marlins,3,1,5,1
413900,2015,2015-04-25,2015-04-25,R,144,Atlanta Braves,5,143,Philadelphia Phillies,2,0,7,-3
413901,2015,2015-04-25,2015-04-25,R,111,Boston Red Sox,4,110,Baltimore Orioles,5,1,9,1
413903,2015,2015-04-25,2015-04-25,R,114,Cleveland Guardians,1,116,Detroit Tigers,4,1,5,3
413904,2015,2015-04-25,2015-04-25,R,117,Houston Astros,9,133,Athletics,3,0,12,-6
413906,2015,2015-04-25,2015-04-25,R,119,Los Angeles Dodgers,11,135,San Diego Padres,8,0,19,-3
413907,2015,2015-04-25,2015-04-25,R,142,Minnesota Twins,8,136,Seattle Mariners,5,0,13,-3
413908,2015,2015-04-25,2015-04-25,R,121,New York Mets,8,147,New York Yankees,2,0,10,-6
413909,2015,2015-04-25,2015-04-25,R,134,Pittsburgh Pirates,2,109,Arizona Diamondbacks,1,0,3,-1
413910,2015,2015-04-25,2015-04-25,R,137,San Francisco Giants,5,115,Colorado Rockies,4,0,9,-1
413911,2015,2015-04-25,2015-04-25,R,138,St. Louis Cardinals,5,158,Milwaukee Brewers,3,0,8,-2
413912,2015,2015-04-25,2015-04-25,R,140,Texas Rangers,1,108,Los Angeles Angels,4,1,5,3
413913,2015,2015-04-25,2015-04-25,R,141,Toronto Blue Jays,2,139,Tampa Bay Rays,4,1,6,2
413914,2015,2015-04-25,2015-04-25,R,120,Washington Nationals,0,146,Miami Marlins,8,1,8,8
413915,2015,2015-04-26,2015-04-26,R,144,Atlanta Braves,4,143,Philadelphia Phillies,5,1,9,1
413916,2015,2015-04-26,2015-04-26,R,111,Boston Red Sox,7,110,Baltimore Orioles,18,1,25,11
413917,2015,2015-04-26,2015-04-26,R,112,Chicago Cubs,5,113,Cincinnati Reds,2,0,7,-3
413918,2015,2015-04-26,2015-04-26,R,114,Cleveland Guardians,6,116,Detroit Tigers,8,1,14,2
413919,2015,2015-04-26,2015-04-26,R,117,Houston Astros,7,133,Athletics,6,0,13,-1
413920,2015,2015-04-26,2015-04-26,R,118,Kansas City Royals,3,145,Chicago White Sox,5,1,8,2
413921,2015,2015-04-26,2015-04-26,R,119,Los Angeles Dodgers,1,135,San Diego Padres,3,1,4,2
413922,2015,2015-04-26,2015-04-26,R,142,Minnesota Twins,4,136,Seattle Mariners,2,0,6,-2
413923,2015,2015-04-26,2015-04-26,R,121,New York Mets,4,147,New York Yankees,6,1,10,2
413924,2015,2015-04-26,2015-04-26,R,134,Pittsburgh Pirates,8,109,Arizona Diamondbacks,0,0,8,-8
413926,2015,2015-04-26,2015-04-26,R,138,St. Louis Cardinals,3,158,Milwaukee Brewers,6,1,9,3
413927,2015,2015-04-26,2015-04-26,R,140,Texas Rangers,5,108,Los Angeles Angels,4,0,9,-1
413928,2015,2015-04-26,2015-04-26,R,141,Toronto Blue Jays,1,139,Tampa Bay Rays,5,1,6,4
413929,2015,2015-04-26,2015-04-26,R,120,Washington Nationals,2,146,Miami Marlins,6,1,8,4
413931,2015,2015-04-27,2015-04-27,R,115,Colorado Rockies,5,109,Arizona Diamondbacks,4,0,9,-1
413932,2015,2015-04-27,2015-04-27,R,116,Detroit Tigers,5,142,Minnesota Twins,4,0,9,-1
413933,2015,2015-04-27,2015-04-27,R,117,Houston Astros,9,135,San Diego Padres,4,0,13,-5
413934,2015,2015-04-27,2015-04-27,R,118,Kansas City Royals,6,114,Cleveland Guardians,2,0,8,-4
413935,2015,2015-04-27,2015-04-27,R,158,Milwaukee Brewers,6,113,Cincinnati Reds,9,1,15,3
413936,2015,2015-04-27,2015-04-27,R,121,New York Mets,3,146,Miami Marlins,1,0,4,-2
413937,2015,2015-04-27,2015-04-27,R,143,Philadelphia Phillies,4,138,St. Louis Cardinals,1,0,5,-3
413938,2015,2015-04-27,2015-04-27,R,134,Pittsburgh Pirates,0,112,Chicago Cubs,4,1,4,4
413939,2015,2015-04-27,2015-04-27,R,136,Seattle Mariners,3,140,Texas Rangers,1,0,4,-2
413940,2015,2015-04-27,2015-04-27,R,137,San Francisco Giants,3,119,Los Angeles Dodgers,8,1,11,5
413941,2015,2015-04-27,2015-04-27,R,139,Tampa Bay Rays,1,147,New York Yankees,4,1,5,3
413942,2015,2015-04-27,2015-04-27,R,141,Toronto Blue Jays,5,111,Boston Red Sox,6,1,11,1
413943,2015,2015-04-27,2015-04-27,R,120,Washington Nationals,4,144,Atlanta Braves,8,1,12,4
413944,2015,2015-04-28,2015-04-28,R,108,Los Angeles Angels,2,133,Athletics,6,1,8,4
413946,2015,2015-04-28,2015-04-28,R,115,Colorado Rockies,5,109,Arizona Diamondbacks,12,1,17,7
413947,2015,2015-04-28,2015-04-28,R,116,Detroit Tigers,2,142,Minnesota Twins,3,1,5,1
413948,2015,2015-04-28,2015-04-28,R,117,Houston Astros,14,135,San Diego Padres,3,0,17,-11
413949,2015,2015-04-28,2015-04-28,R,118,Kansas City Royals,11,114,Cleveland Guardians,5,0,16,-6
413950,2015,2015-04-28,2015-04-28,R,158,Milwaukee Brewers,2,113,Cincinnati Reds,4,1,6,2
413951,2015,2015-04-28,2015-04-28,R,121,New York Mets,3,146,Miami Marlins,4,1,7,1
413952,2015,2015-04-28,2015-04-28,R,143,Philadelphia Phillies,5,138,St. Louis Cardinals,11,1,16,6
413953,2015,2015-04-28,2015-04-28,R,134,Pittsburgh Pirates,2,112,Chicago Cubs,6,1,8,4
413954,2015,2015-04-28,2015-04-28,R,136,Seattle Mariners,2,140,Texas Rangers,1,0,3,-1
413955,2015,2015-04-28,2015-04-28,R,137,San Francisco Giants,2,119,Los Angeles Dodgers,1,0,3,-1
413956,2015,2015-04-28,2015-04-28,R,139,Tampa Bay Rays,2,147,New York Yankees,4,1,6,2
413957,2015,2015-04-28,2015-04-28,R,141,Toronto Blue Jays,11,111,Boston Red Sox,8,0,19,-3
413958,2015,2015-04-28,2015-04-28,R,120,Washington Nationals,13,144,Atlanta Braves,12,0,25,-1
413959,2015,2015-04-29,2015-04-29,R,108,Los Angeles Angels,6,133,Athletics,3,0,9,-3
413960,2015,2015-04-29,2015-04-29,R,145,Chicago White Sox,2,110,Baltimore Orioles,8,1,10,6
413961,2015,2015-04-29,2015-04-29,R,115,Colorado Rockies,1,109,Arizona Diamondbacks,9,1,10,8
413962,2015,2015-04-29,2015-04-29,R,116,Detroit Tigers,10,142,Minnesota Twins,7,0,17,-3
413963,2015,2015-04-29,2015-04-29,R,117,Houston Astros,7,135,San Diego Padres,2,0,9,-5
413964,2015,2015-04-29,2015-04-29,R,118,Kansas City Royals,5,114,Cleveland Guardians,7,1,12,2
413965,2015,2015-04-29,2015-04-29,R,158,Milwaukee Brewers,8,113,Cincinnati Reds,3,0,11,-5
413966,2015,2015-04-29,2015-04-29,R,121,New York Mets,3,146,Miami Marlins,7,1,10,4
413967,2015,2015-04-29,2015-04-29,R,143,Philadelphia Phillies,2,138,St. Louis Cardinals,5,1,7,3
413968,2015,2015-04-29,2015-04-29,R,134,Pittsburgh Pirates,8,112,Chicago Cubs,1,0,9,-7
413969,2015,2015-04-29,2015-04-29,R,136,Seattle Mariners,5,140,Texas Rangers,2,0,7,-3
413970,2015,2015-04-29,2015-04-29,R,137,San Francisco Giants,3,119,Los Angeles Dodgers,7,1,10,4
413971,2015,2015-04-29,2015-04-29,R,139,Tampa Bay Rays,3,147,New York Yankees,2,0,5,-1
413972,2015,2015-04-29,2015-04-29,R,141,Toronto Blue Jays,1,111,Boston Red Sox,4,1,5,3
413973,2015,2015-04-29,2015-04-29,R,120,Washington Nationals,13,144,Atlanta Braves,4,0,17,-9
413974,2015,2015-04-30,2015-04-30,R,108,Los Angeles Angels,6,133,Athletics,5,0,11,-1
413975,2015,2015-04-30,2015-04-30,R,145,Chicago White Sox,2,142,Minnesota Twins,12,1,14,10
413976,2015,2015-04-30,2015-04-30,R,113,Cincinnati Reds,5,144,Atlanta Braves,1,0,6,-4
413977,2015,2015-04-30,2015-04-30,R,116,Detroit Tigers,1,118,Kansas City Royals,8,1,9,7
413978,2015,2015-04-30,2015-04-30,R,143,Philadelphia Phillies,3,138,St. Louis Cardinals,9,1,12,6
413979,2015,2015-04-30,2015-04-30,R,136,Seattle Mariners,2,117,Houston Astros,3,1,5,1
413980,2015,2015-04-30,2015-04-30,R,141,Toronto Blue Jays,5,114,Cleveland Guardians,1,0,6,-4
413981,2015,2015-04-30,2015-04-30,R,120,Washington Nationals,8,121,New York Mets,2,0,10,-6
413982,2015,2015-05-01,2015-05-01,R,108,Los Angeles Angels,2,137,San Francisco Giants,3,1,5,1
413983,2015,2015-05-01,2015-05-01,R,109,Arizona Diamondbacks,0,119,Los Angeles Dodgers,8,1,8,8
413984,2015,2015-05-01,2015-05-01,R,145,Chicago White Sox,0,142,Minnesota Twins,1,1,1,1
413985,2015,2015-05-01,2015-05-01,R,113,Cincinnati Reds,3,144,Atlanta Braves,4,1,7,1
413986,2015,2015-05-01,2015-05-01,R,115,Colorado Rockies,3,135,San Diego Padres,14,1,17,11
413987,2015,2015-05-01,2015-05-01,R,116,Detroit Tigers,1,118,Kansas City Royals,4,1,5,3
413988,2015,2015-05-01,2015-05-01,R,158,Milwaukee Brewers,0,112,Chicago Cubs,1,1,1,1
413989,2015,2015-05-01,2015-05-01,R,147,New York Yankees,3,111,Boston Red Sox,2,0,5,-1
413990,2015,2015-05-01,2015-05-01,R,133,Athletics,7,140,Texas Rangers,5,0,12,-2
413991,2015,2015-05-01,2015-05-01,R,143,Philadelphia Phillies,3,146,Miami Marlins,4,1,7,1
413992,2015,2015-05-01,2015-05-01,R,134,Pittsburgh Pirates,1,138,St. Louis Cardinals,2,1,3,1
413993,2015,2015-05-01,2015-05-01,R,136,Seattle Mariners,3,117,Houston Astros,4,1,7,1
413994,2015,2015-05-01,2015-05-01,R,139,Tampa Bay Rays,2,110,Baltimore Orioles,0,0,2,-2
413995,2015,2015-05-01,2015-05-01,R,141,Toronto Blue Jays,4,114,Cleveland Guardians,9,1,13,5
413996,2015,2015-05-01,2015-05-01,R,120,Washington Nationals,0,121,New York Mets,4,1,4,4
413997,2015,2015-05-02,2015-05-02,R,108,Los Angeles Angels,4,137,San Francisco Giants,5,1,9,1
413998,2015,2015-05-02,2015-05-02,R,109,Arizona Diamondbacks,4,119,Los Angeles Dodgers,6,1,10,2
413999,2015,2015-05-02,2015-05-02,R,145,Chicago White Sox,3,142,Minnesota Twins,5,1,8,2
414000,2015,2015-05-02,2015-05-02,R,113,Cincinnati Reds,8,144,Atlanta Braves,4,0,12,-4
414001,2015,2015-05-02,2015-05-02,R,115,Colorado Rockies,2,135,San Diego Padres,4,1,6,2
414002,2015,2015-05-02,2015-05-02,R,116,Detroit Tigers,2,118,Kansas City Royals,1,0,3,-1
414003,2015,2015-05-02,2015-05-02,R,158,Milwaukee Brewers,6,112,Chicago Cubs,1,0,7,-5
414004,2015,2015-05-02,2015-05-02,R,147,New York Yankees,4,111,Boston Red Sox,2,0,6,-2
414005,2015,2015-05-02,2015-05-02,R,133,Athletics,7,140,Texas Rangers,8,1,15,1
414006,2015,2015-05-02,2015-05-02,R,143,Philadelphia Phillies,0,146,Miami Marlins,7,1,7,7
414007,2015,2015-05-02,2015-05-02,R,134,Pittsburgh Pirates,1,138,St. Louis Cardinals,2,1,3,1
414008,2015,2015-05-02,2015-05-02,R,136,Seattle Mariners,4,117,Houston Astros,11,1,15,7
414009,2015,2015-05-02,2015-05-02,R,139,Tampa Bay Rays,0,110,Baltimore Orioles,4,1,4,4
414010,2015,2015-05-02,2015-05-02,R,141,Toronto Blue Jays,11,114,Cleveland Guardians,4,0,15,-7
414011,2015,2015-05-02,2015-05-02,R,120,Washington Nationals,1,121,New York Mets,0,0,1,-1
414012,2015,2015-05-03,2015-05-03,R,108,Los Angeles Angels,0,137,San Francisco Giants,5,1,5,5
414013,2015,2015-05-03,2015-05-03,R,109,Arizona Diamondbacks,0,119,Los Angeles Dodgers,1,1,1,1
414014,2015,2015-05-03,2015-05-03,R,145,Chicago White Sox,3,142,Minnesota Twins,13,1,16,10
414015,2015,2015-05-03,2015-05-03,R,113,Cincinnati Reds,0,144,Atlanta Braves,5,1,5,5
414016,2015,2015-05-03,2015-05-03,R,115,Colorado Rockies,6,135,San Diego Padres,8,1,14,2
414017,2015,2015-05-03,2015-05-03,R,116,Detroit Tigers,6,118,Kansas City Royals,4,0,10,-2
414018,2015,2015-05-03,2015-05-03,R,158,Milwaukee Brewers,5,112,Chicago Cubs,3,0,8,-2
414019,2015,2015-05-03,2015-05-03,R,147,New York Yankees,8,111,Boston Red Sox,5,0,13,-3
414020,2015,2015-05-03,2015-05-03,R,133,Athletics,7,140,Texas Rangers,1,0,8,-6
414021,2015,2015-05-03,2015-05-03,R,143,Philadelphia Phillies,6,146,Miami Marlins,2,0,8,-4
414022,2015,2015-05-03,2015-05-03,R,134,Pittsburgh Pirates,2,138,St. Louis Cardinals,3,1,5,1
414023,2015,2015-05-03,2015-05-03,R,136,Seattle Mariners,6,117,Houston Astros,7,1,13,1
414024,2015,2015-05-03,2015-05-03,R,139,Tampa Bay Rays,2,110,Baltimore Orioles,4,1,6,2
414025,2015,2015-05-03,2015-05-03,R,141,Toronto Blue Jays,7,114,Cleveland Guardians,10,1,17,3
414026,2015,2015-05-03,2015-05-03,R,120,Washington Nationals,1,121,New York Mets,0,0,1,-1
414028,2015,2015-05-04,2015-05-04,R,112,Chicago Cubs,9,138,St. Louis Cardinals,10,1,19,1
414029,2015,2015-05-04,2015-05-04,R,119,Los Angeles Dodgers,3,158,Milwaukee Brewers,4,1,7,1
414030,2015,2015-05-04,2015-05-04,R,146,Miami Marlins,4,120,Washington Nationals,6,1,10,2
414031,2015,2015-05-04,2015-05-04,R,147,New York Yankees,1,141,Toronto Blue Jays,3,1,4,2
414032,2015,2015-05-04,2015-05-04,R,133,Athletics,7,142,Minnesota Twins,8,1,15,1
414033,2015,2015-05-04,2015-05-04,R,143,Philadelphia Phillies,5,144,Atlanta Braves,2,0,7,-3
414034,2015,2015-05-04,2015-05-04,R,135,San Diego Padres,0,137,San Francisco Giants,2,1,2,2
414035,2015,2015-05-04,2015-05-04,R,136,Seattle Mariners,3,108,Los Angeles Angels,2,0,5,-1
414036,2015,2015-05-04,2015-05-04,R,139,Tampa Bay Rays,5,111,Boston Red Sox,1,0,6,-4
414037,2015,2015-05-04,2015-05-04,R,140,Texas Rangers,2,117,Houston Astros,1,0,3,-1
414039,2015,2015-05-05,2015-05-05,R,110,Baltimore Orioles,2,121,New York Mets,3,1,5,1
414040,2015,2015-05-05,2015-05-05,R,112,Chicago Cubs,4,138,St. Louis Cardinals,7,1,11,3
414041,2015,2015-05-05,2015-05-05,R,113,Cincinnati Reds,7,134,Pittsburgh Pirates,1,0,8,-6
414042,2015,2015-05-05,2015-05-05,R,114,Cleveland Guardians,3,118,Kansas City Royals,5,1,8,2
414043,2015,2015-05-05,2015-05-05,R,116,Detroit Tigers,2,145,Chicago White Sox,5,1,7,3
414044,2015,2015-05-05,2015-05-05,R,119,Los Angeles Dodgers,8,158,Milwaukee Brewers,2,0,10,-6
414045,2015,2015-05-05,2015-05-05,R,146,Miami Marlins,2,120,Washington Nationals,1,0,3,-1
414046,2015,2015-05-05,2015-05-05,R,147,New York Yankees,6,141,Toronto Blue Jays,3,0,9,-3
414047,2015,2015-05-05,2015-05-05,R,133,Athletics,2,142,Minnesota Twins,1,0,3,-1
414048,2015,2015-05-05,2015-05-05,R,143,Philadelphia Phillies,0,144,Atlanta Braves,9,1,9,9
414049,2015,2015-05-05,2015-05-05,R,135,San Diego Padres,0,137,San Francisco Giants,6,1,6,6
414050,2015,2015-05-05,2015-05-05,R,136,Seattle Mariners,4,108,Los Angeles Angels,5,1,9,1
414051,2015,2015-05-05,2015-05-05,R,139,Tampa Bay Rays,0,111,Boston Red Sox,2,1,2,2
414052,2015,2015-05-05,2015-05-05,R,140,Texas Rangers,7,117,Houston Astros,1,0,8,-6
414038,2015,2015-05-06,2015-05-06,R,109,Arizona Diamondbacks,5,115,Colorado Rockies,1,0,6,-4
414053,2015,2015-05-06,2015-05-06,R,109,Arizona Diamondbacks,13,115,Colorado Rockies,7,0,20,-6
414054,2015,2015-05-06,2015-05-06,R,110,Baltimore Orioles,1,121,New York Mets,5,1,6,4
414055,2015,2015-05-06,2015-05-06,R,112,Chicago Cubs,6,138,St. Louis Cardinals,5,0,11,-1
414056,2015,2015-05-06,2015-05-06,R,113,Cincinnati Reds,3,134,Pittsburgh Pirates,0,0,3,-3
414057,2015,2015-05-06,2015-05-06,R,114,Cleveland Guardians,10,118,Kansas City Royals,3,0,13,-7
414058,2015,2015-05-06,2015-05-06,R,116,Detroit Tigers,6,145,Chicago White Sox,7,1,13,1
414059,2015,2015-05-06,2015-05-06,R,119,Los Angeles Dodgers,3,158,Milwaukee Brewers,6,1,9,3
414060,2015,2015-05-06,2015-05-06,R,146,Miami Marlins,5,120,Washington Nationals,7,1,12,2
414061,2015,2015-05-06,2015-05-06,R,147,New York Yankees,1,141,Toronto Blue Jays,5,1,6,4
414062,2015,2015-05-06,2015-05-06,R,133,Athletics,0,142,Minnesota Twins,13,1,13,13
414063,2015,2015-05-06,2015-05-06,R,143,Philadelphia Phillies,5,144,Atlanta Braves,7,1,12,2
414064,2015,2015-05-06,2015-05-06,R,135,San Diego Padres,9,137,San Francisco Giants,1,0,10,-8
414065,2015,2015-05-06,2015-05-06,R,136,Seattle Mariners,3,108,Los Angeles Angels,4,1,7,1
414066,2015,2015-05-06,2015-05-06,R,139,Tampa Bay Rays,5,111,Boston Red Sox,3,0,8,-2
414067,2015,2015-05-06,2015-05-06,R,140,Texas Rangers,11,117,Houston Astros,3,0,14,-8
414068,2015,2015-05-07,2015-05-07,R,110,Baltimore Orioles,3,147,New York Yankees,4,1,7,1
414069,2015,2015-05-07,2015-05-07,R,112,Chicago Cubs,1,138,St. Louis Cardinals,5,1,6,4
414070,2015,2015-05-07,2015-05-07,R,113,Cincinnati Reds,2,134,Pittsburgh Pirates,7,1,9,5
414071,2015,2015-05-07,2015-05-07,R,114,Cleveland Guardians,4,118,Kansas City Royals,7,1,11,3
414072,2015,2015-05-07,2015-05-07,R,116,Detroit Tigers,4,145,Chicago White Sox,1,0,5,-3
414073,2015,2015-05-07,2015-05-07,R,117,Houston Astros,3,108,Los Angeles Angels,2,0,5,-1
414074,2015,2015-05-07,2015-05-07,R,119,Los Angeles Dodgers,14,158,Milwaukee Brewers,4,0,18,-10
414075,2015,2015-05-07,2015-05-07,R,146,Miami Marlins,7,137,San Francisco Giants,2,0,9,-5
414076,2015,2015-05-07,2015-05-07,R,133,Athletics,5,142,Minnesota Twins,6,1,11,1
414077,2015,2015-05-07,2015-05-07,R,135,San Diego Padres,0,109,Arizona Diamondbacks,11,1,11,11
414078,2015,2015-05-07,2015-05-07,R,140,Texas Rangers,5,139,Tampa Bay Rays,4,0,9,-1
414079,2015,2015-05-08,2015-05-08,R,144,Atlanta Braves,2,120,Washington Nationals,9,1,11,7
414080,2015,2015-05-08,2015-05-08,R,110,Baltimore Orioles,4,147,New York Yankees,5,1,9,1
414081,2015,2015-05-08,2015-05-08,R,111,Boston Red Sox,0,141,Toronto Blue Jays,7,1,7,7
414082,2015,2015-05-08,2015-05-08,R,112,Chicago Cubs,7,158,Milwaukee Brewers,6,0,13,-1
414084,2015,2015-05-08,2015-05-08,R,117,Houston Astros,0,108,Los Angeles Angels,2,1,2,2
414085,2015,2015-05-08,2015-05-08,R,118,Kansas City Royals,5,116,Detroit Tigers,6,1,11,1
414086,2015,2015-05-08,2015-05-08,R,119,Los Angeles Dodgers,2,115,Colorado Rockies,1,0,3,-1
414087,2015,2015-05-08,2015-05-08,R,146,Miami Marlins,0,137,San Francisco Giants,6,1,6,6
414088,2015,2015-05-08,2015-05-08,R,142,Minnesota Twins,9,114,Cleveland Guardians,3,0,12,-6
414089,2015,2015-05-08,2015-05-08,R,121,New York Mets,1,143,Philadelphia Phillies,3,1,4,2
414090,2015,2015-05-08,2015-05-08,R,133,Athletics,3,136,Seattle Mariners,4,1,7,1
414091,2015,2015-05-08,2015-05-08,R,135,San Diego Padres,6,109,Arizona Diamondbacks,5,0,11,-1
414092,2015,2015-05-08,2015-05-08,R,138,St. Louis Cardinals,8,134,Pittsburgh Pirates,5,0,13,-3
414093,2015,2015-05-08,2015-05-08,R,140,Texas Rangers,2,139,Tampa Bay Rays,8,1,10,6
414083,2015,2015-05-09,2015-05-09,R,113,Cincinnati Reds,2,145,Chicago White Sox,8,1,10,6
414094,2015,2015-05-09,2015-05-09,R,144,Atlanta Braves,6,120,Washington Nationals,8,1,14,2
414095,2015,2015-05-09,2015-05-09,R,110,Baltimore Orioles,6,147,New York Yankees,2,0,8,-4
414096,2015,2015-05-09,2015-05-09,R,111,Boston Red Sox,1,141,Toronto Blue Jays,7,1,8,6
414097,2015,2015-05-09,2015-05-09,R,112,Chicago Cubs,4,158,Milwaukee Brewers,12,1,16,8
414098,2015,2015-05-09,2015-05-09,R,113,Cincinnati Reds,10,145,Chicago White Sox,4,0,14,-6
414099,2015,2015-05-09,2015-05-09,R,117,Houston Astros,6,108,Los Angeles Angels,5,0,11,-1
414100,2015,2015-05-09,2015-05-09,R,118,Kansas City Royals,6,116,Detroit Tigers,2,0,8,-4
414102,2015,2015-05-09,2015-05-09,R,146,Miami Marlins,6,137,San Francisco Giants,2,0,8,-4
414103,2015,2015-05-09,2015-05-09,R,142,Minnesota Twins,7,114,Cleveland Guardians,4,0,11,-3
414104,2015,2015-05-09,2015-05-09,R,121,New York Mets,3,143,Philadelphia Phillies,2,0,5,-1
414105,2015,2015-05-09,2015-05-09,R,133,Athletics,2,136,Seattle Mariners,7,1,9,5
414106,2015,2015-05-09,2015-05-09,R,135,San Diego Padres,6,109,Arizona Diamondbacks,4,0,10,-2
414107,2015,2015-05-09,2015-05-09,R,138,St. Louis Cardinals,5,134,Pittsburgh Pirates,7,1,12,2
414108,2015,2015-05-09,2015-05-09,R,140,Texas Rangers,2,139,Tampa Bay Rays,7,1,9,5
414109,2015,2015-05-10,2015-05-10,R,144,Atlanta Braves,4,120,Washington Nationals,5,1,9,1
414110,2015,2015-05-10,2015-05-10,R,110,Baltimore Orioles,2,147,New York Yankees,6,1,8,4
414111,2015,2015-05-10,2015-05-10,R,111,Boston Red Sox,6,141,Toronto Blue Jays,3,0,9,-3
414112,2015,2015-05-10,2015-05-10,R,112,Chicago Cubs,2,158,Milwaukee Brewers,3,1,5,1
414113,2015,2015-05-10,2015-05-10,R,113,Cincinnati Reds,3,145,Chicago White Sox,4,1,7,1
414114,2015,2015-05-10,2015-05-10,R,117,Houston Astros,1,108,Los Angeles Angels,3,1,4,2
414115,2015,2015-05-10,2015-05-10,R,118,Kansas City Royals,2,116,Detroit Tigers,1,0,3,-1
414116,2015,2015-05-10,2015-05-10,R,119,Los Angeles Dodgers,9,115,Colorado Rockies,5,0,14,-4
414117,2015,2015-05-10,2015-05-10,R,146,Miami Marlins,2,137,San Francisco Giants,3,1,5,1
414118,2015,2015-05-10,2015-05-10,R,142,Minnesota Twins,2,114,Cleveland Guardians,8,1,10,6
414119,2015,2015-05-10,2015-05-10,R,121,New York Mets,7,143,Philadelphia Phillies,4,0,11,-3
414120,2015,2015-05-10,2015-05-10,R,133,Athletics,3,136,Seattle Mariners,4,1,7,1
414121,2015,2015-05-10,2015-05-10,R,135,San Diego Padres,1,109,Arizona Diamondbacks,2,1,3,1
414122,2015,2015-05-10,2015-05-10,R,138,St. Louis Cardinals,3,134,Pittsburgh Pirates,4,1,7,1
414123,2015,2015-05-10,2015-05-10,R,140,Texas Rangers,2,139,Tampa Bay Rays,1,0,3,-1
414124,2015,2015-05-11,2015-05-11,R,144,Atlanta Braves,2,113,Cincinnati Reds,1,0,3,-1
414125,2015,2015-05-11,2015-05-11,R,111,Boston Red Sox,5,133,Athletics,4,0,9,-1
414126,2015,2015-05-11,2015-05-11,R,145,Chicago White Sox,7,158,Milwaukee Brewers,10,1,17,3
414127,2015,2015-05-11,2015-05-11,R,118,Kansas City Royals,2,140,Texas Rangers,8,1,10,6
414128,2015,2015-05-11,2015-05-11,R,146,Miami Marlins,3,119,Los Angeles Dodgers,5,1,8,2
414129,2015,2015-05-11,2015-05-11,R,147,New York Yankees,11,139,Tampa Bay Rays,5,0,16,-6
414130,2015,2015-05-11,2015-05-11,R,121,New York Mets,3,112,Chicago Cubs,4,1,7,1
414131,2015,2015-05-11,2015-05-11,R,134,Pittsburgh Pirates,4,143,Philadelphia Phillies,3,0,7,-1
414132,2015,2015-05-11,2015-05-11,R,141,Toronto Blue Jays,2,110,Baltimore Orioles,5,1,7,3
414133,2015,2015-05-11,2015-05-11,R,120,Washington Nationals,11,109,Arizona Diamondbacks,1,0,12,-10
414134,2015,2015-05-12,2015-05-12,R,144,Atlanta Braves,3,113,Cincinnati Reds,4,1,7,1
414135,2015,2015-05-12,2015-05-12,R,111,Boston Red Sox,2,133,Athletics,9,1,11,7
414136,2015,2015-05-12,2015-05-12,R,145,Chicago White Sox,4,158,Milwaukee Brewers,2,0,6,-2
414137,2015,2015-05-12,2015-05-12,R,115,Colorado Rockies,2,108,Los Angeles Angels,5,1,7,3
414138,2015,2015-05-12,2015-05-12,R,118,Kansas City Royals,7,140,Texas Rangers,6,0,13,-1
414139,2015,2015-05-12,2015-05-12,R,146,Miami Marlins,1,119,Los Angeles Dodgers,11,1,12,10
414140,2015,2015-05-12,2015-05-12,R,142,Minnesota Twins,1,116,Detroit Tigers,2,1,3,1
414141,2015,2015-05-12,2015-05-12,R,147,New York Yankees,2,139,Tampa Bay Rays,4,1,6,2
414142,2015,2015-05-12,2015-05-12,R,121,New York Mets,1,112,Chicago Cubs,6,1,7,5
414143,2015,2015-05-12,2015-05-12,R,134,Pittsburgh Pirates,7,143,Philadelphia Phillies,2,0,9,-5
414144,2015,2015-05-12,2015-05-12,R,135,San Diego Padres,4,136,Seattle Mariners,11,1,15,7
414145,2015,2015-05-12,2015-05-12,R,137,San Francisco Giants,8,117,Houston Astros,1,0,9,-7
414146,2015,2015-05-12,2015-05-12,R,138,St. Louis Cardinals,8,114,Cleveland Guardians,3,0,11,-5
414147,2015,2015-05-12,2015-05-12,R,141,Toronto Blue Jays,10,110,Baltimore Orioles,2,0,12,-8
414148,2015,2015-05-12,2015-05-12,R,120,Washington Nationals,6,109,Arizona Diamondbacks,14,1,20,8
414149,2015,2015-05-13,2015-05-13,R,144,Atlanta Braves,1,113,Cincinnati Reds,5,1,6,4
414150,2015,2015-05-13,2015-05-13,R,111,Boston Red Sox,2,133,Athletics,0,0,2,-2
414151,2015,2015-05-13,2015-05-13,R,145,Chicago White Sox,4,158,Milwaukee Brewers,2,0,6,-2
414152,2015,2015-05-13,2015-05-13,R,115,Colorado Rockies,1,108,Los Angeles Angels,2,1,3,1
414153,2015,2015-05-13,2015-05-13,R,118,Kansas City Royals,2,140,Texas Rangers,5,1,7,3
414154,2015,2015-05-13,2015-05-13,R,146,Miami Marlins,5,119,Los Angeles Dodgers,4,0,9,-1
414155,2015,2015-05-13,2015-05-13,R,142,Minnesota Twins,6,116,Detroit Tigers,2,0,8,-4
414156,2015,2015-05-13,2015-05-13,R,147,New York Yankees,2,139,Tampa Bay Rays,3,1,5,1
414157,2015,2015-05-13,2015-05-13,R,121,New York Mets,1,112,Chicago Cubs,2,1,3,1
414158,2015,2015-05-13,2015-05-13,R,134,Pittsburgh Pirates,2,143,Philadelphia Phillies,3,1,5,1
414159,2015,2015-05-13,2015-05-13,R,135,San Diego Padres,4,136,Seattle Mariners,2,0,6,-2
414160,2015,2015-05-13,2015-05-13,R,137,San Francisco Giants,3,117,Houston Astros,4,1,7,1
414161,2015,2015-05-13,2015-05-13,R,138,St. Louis Cardinals,0,114,Cleveland Guardians,2,1,2,2
414162,2015,2015-05-13,2015-05-13,R,141,Toronto Blue Jays,1,110,Baltimore Orioles,6,1,7,5
414163,2015,2015-05-13,2015-05-13,R,120,Washington Nationals,9,109,Arizona Diamondbacks,6,0,15,-3
414164,2015,2015-05-14,2015-05-14,R,111,Boston Red Sox,2,136,Seattle Mariners,1,0,3,-1
414165,2015,2015-05-14,2015-05-14,R,115,Colorado Rockies,5,119,Los Angeles Dodgers,4,0,9,-1
414166,2015,2015-05-14,2015-05-14,R,118,Kansas City Royals,6,140,Texas Rangers,3,0,9,-3
414167,2015,2015-05-14,2015-05-14,R,142,Minnesota Twins,1,116,Detroit Tigers,13,1,14,12
414168,2015,2015-05-14,2015-05-14,R,147,New York Yankees,1,139,Tampa Bay Rays,6,1,7,5
414169,2015,2015-05-14,2015-05-14,R,121,New York Mets,5,112,Chicago Cubs,6,1,11,1
414170,2015,2015-05-14,2015-05-14,R,134,Pittsburgh Pirates,2,143,Philadelphia Phillies,4,1,6,2
414171,2015,2015-05-14,2015-05-14,R,137,San Francisco Giants,3,113,Cincinnati Reds,4,1,7,1
414172,2015,2015-05-14,2015-05-14,R,138,St. Louis Cardinals,2,114,Cleveland Guardians,1,0,3,-1
414173,2015,2015-05-14,2015-05-14,R,141,Toronto Blue Jays,4,117,Houston Astros,6,1,10,2
414174,2015,2015-05-14,2015-05-14,R,120,Washington Nationals,3,135,San Diego Padres,8,1,11,5
414175,2015,2015-05-15,2015-05-15,R,108,Los Angeles Angels,3,110,Baltimore Orioles,1,0,4,-2
414176,2015,2015-05-15,2015-05-15,R,109,Arizona Diamondbacks,3,143,Philadelphia Phillies,4,1,7,1
414177,2015,2015-05-15,2015-05-15,R,144,Atlanta Braves,5,146,Miami Marlins,3,0,8,-2
414178,2015,2015-05-15,2015-05-15,R,111,Boston Red Sox,1,136,Seattle Mariners,2,1,3,1
414179,2015,2015-05-15,2015-05-15,R,145,Chicago White Sox,7,133,Athletics,6,0,13,-1
414180,2015,2015-05-15,2015-05-15,R,114,Cleveland Guardians,8,140,Texas Rangers,3,0,11,-5
414181,2015,2015-05-15,2015-05-15,R,115,Colorado Rockies,4,119,Los Angeles Dodgers,6,1,10,2
414182,2015,2015-05-15,2015-05-15,R,116,Detroit Tigers,10,138,St. Louis Cardinals,4,0,14,-6
414183,2015,2015-05-15,2015-05-15,R,158,Milwaukee Brewers,7,121,New York Mets,0,0,7,-7
414184,2015,2015-05-15,2015-05-15,R,147,New York Yankees,1,118,Kansas City Royals,12,1,13,11
414185,2015,2015-05-15,2015-05-15,R,134,Pittsburgh Pirates,10,112,Chicago Cubs,11,1,21,1
414186,2015,2015-05-15,2015-05-15,R,137,San Francisco Giants,10,113,Cincinnati Reds,2,0,12,-8
414187,2015,2015-05-15,2015-05-15,R,139,Tampa Bay Rays,2,142,Minnesota Twins,3,1,5,1
414188,2015,2015-05-15,2015-05-15,R,141,Toronto Blue Jays,4,117,Houston Astros,8,1,12,4
414189,2015,2015-05-15,2015-05-15,R,120,Washington Nationals,10,135,San Diego Padres,0,0,10,-10
414190,2015,2015-05-16,2015-05-16,R,108,Los Angeles Angels,6,110,Baltimore Orioles,1,0,7,-5
414191,2015,2015-05-16,2015-05-16,R,109,Arizona Diamondbacks,5,143,Philadelphia Phillies,7,1,12,2
414192,2015,2015-05-16,2015-05-16,R,144,Atlanta Braves,5,146,Miami Marlins,3,0,8,-2
414193,2015,2015-05-16,2015-05-16,R,111,Boston Red Sox,4,136,Seattle Mariners,2,0,6,-2
414194,2015,2015-05-16,2015-05-16,R,145,Chicago White Sox,4,133,Athletics,3,0,7,-1
414195,2015,2015-05-16,2015-05-16,R,114,Cleveland Guardians,10,140,Texas Rangers,8,0,18,-2
414196,2015,2015-05-16,2015-05-16,R,115,Colorado Rockies,7,119,Los Angeles Dodgers,1,0,8,-6
414197,2015,2015-05-16,2015-05-16,R,116,Detroit Tigers,4,138,St. Louis Cardinals,3,0,7,-1
414198,2015,2015-05-16,2015-05-16,R,158,Milwaukee Brewers,1,121,New York Mets,14,1,15,13
414199,2015,2015-05-16,2015-05-16,R,147,New York Yankees,5,118,Kansas City Royals,1,0,6,-4
414200,2015,2015-05-16,2015-05-16,R,134,Pittsburgh Pirates,1,112,Chicago Cubs,4,1,5,3
414201,2015,2015-05-16,2015-05-16,R,137,San Francisco Giants,11,113,Cincinnati Reds,2,0,13,-9
414202,2015,2015-05-16,2015-05-16,R,139,Tampa Bay Rays,4,142,Minnesota Twins,6,1,10,2
414203,2015,2015-05-16,2015-05-16,R,141,Toronto Blue Jays,5,117,Houston Astros,6,1,11,1
414204,2015,2015-05-16,2015-05-16,R,120,Washington Nationals,4,135,San Diego Padres,1,0,5,-3
414205,2015,2015-05-17,2015-05-17,R,108,Los Angeles Angels,0,110,Baltimore Orioles,3,1,3,3
414206,2015,2015-05-17,2015-05-17,R,109,Arizona Diamondbacks,0,143,Philadelphia Phillies,6,1,6,6
414207,2015,2015-05-17,2015-05-17,R,144,Atlanta Braves,6,146,Miami Marlins,0,0,6,-6
414208,2015,2015-05-17,2015-05-17,R,111,Boston Red Sox,0,136,Seattle Mariners,5,1,5,5
414209,2015,2015-05-17,2015-05-17,R,145,Chicago White Sox,7,133,Athletics,3,0,10,-4
414210,2015,2015-05-17,2015-05-17,R,114,Cleveland Guardians,1,140,Texas Rangers,5,1,6,4
414211,2015,2015-05-17,2015-05-17,R,115,Colorado Rockies,0,119,Los Angeles Dodgers,1,1,1,1
414212,2015,2015-05-17,2015-05-17,R,116,Detroit Tigers,1,138,St. Louis Cardinals,2,1,3,1
414213,2015,2015-05-17,2015-05-17,R,158,Milwaukee Brewers,1,121,New York Mets,5,1,6,4
414214,2015,2015-05-17,2015-05-17,R,147,New York Yankees,0,118,Kansas City Royals,6,1,6,6
414215,2015,2015-05-17,2015-05-17,R,134,Pittsburgh Pirates,3,112,Chicago Cubs,0,0,3,-3
414216,2015,2015-05-17,2015-05-17,R,137,San Francisco Giants,9,113,Cincinnati Reds,8,0,17,-1
414217,2015,2015-05-17,2015-05-17,R,139,Tampa Bay Rays,11,142,Minnesota Twins,3,0,14,-8
414218,2015,2015-05-17,2015-05-17,R,141,Toronto Blue Jays,2,117,Houston Astros,4,1,6,2
414219,2015,2015-05-17,2015-05-17,R,120,Washington Nationals,10,135,San Diego Padres,5,0,15,-5
414220,2015,2015-05-18,2015-05-18,R,108,Los Angeles Angels,6,141,Toronto Blue Jays,10,1,16,4
414221,2015,2015-05-18,2015-05-18,R,109,Arizona Diamondbacks,3,146,Miami Marlins,2,0,5,-1
414222,2015,2015-05-18,2015-05-18,R,114,Cleveland Guardians,1,145,Chicago White Sox,2,1,3,1
414223,2015,2015-05-18,2015-05-18,R,158,Milwaukee Brewers,3,116,Detroit Tigers,2,0,5,-1
414224,2015,2015-05-18,2015-05-18,R,133,Athletics,2,117,Houston Astros,1,0,3,-1
414225,2015,2015-05-18,2015-05-18,R,143,Philadelphia Phillies,4,115,Colorado Rockies,3,0,7,-1
414226,2015,2015-05-18,2015-05-18,R,138,St. Louis Cardinals,1,121,New York Mets,2,1,3,1
414227,2015,2015-05-19,2015-05-19,R,108,Los Angeles Angels,3,141,Toronto Blue Jays,2,0,5,-1
414228,2015,2015-05-19,2015-05-19,R,109,Arizona Diamondbacks,4,146,Miami Marlins,2,0,6,-2
414229,2015,2015-05-19,2015-05-19,R,112,Chicago Cubs,3,135,San Diego Padres,4,1,7,1
414230,2015,2015-05-19,2015-05-19,R,113,Cincinnati Reds,0,118,Kansas City Royals,3,1,3,3
414231,2015,2015-05-19,2015-05-19,R,114,Cleveland Guardians,3,145,Chicago White Sox,1,0,4,-2
414232,2015,2015-05-19,2015-05-19,R,119,Los Angeles Dodgers,0,137,San Francisco Giants,2,1,2,2
414233,2015,2015-05-19,2015-05-19,R,158,Milwaukee Brewers,8,116,Detroit Tigers,1,0,9,-7
414234,2015,2015-05-19,2015-05-19,R,142,Minnesota Twins,8,134,Pittsburgh Pirates,5,0,13,-3
414235,2015,2015-05-19,2015-05-19,R,147,New York Yankees,6,120,Washington Nationals,8,1,14,2
414236,2015,2015-05-19,2015-05-19,R,133,Athletics,4,117,Houston Astros,6,1,10,2
414237,2015,2015-05-19,2015-05-19,R,143,Philadelphia Phillies,5,115,Colorado Rockies,6,1,11,1
414238,2015,2015-05-19,2015-05-19,R,136,Seattle Mariners,4,110,Baltimore Orioles,9,1,13,5
414239,2015,2015-05-19,2015-05-19,R,138,St. Louis Cardinals,10,121,New York Mets,2,0,12,-8
414240,2015,2015-05-19,2015-05-19,R,139,Tampa Bay Rays,5,144,Atlanta Braves,3,0,8,-2
414241,2015,2015-05-19,2015-05-19,R,140,Texas Rangers,3,111,Boston Red Sox,4,1,7,1
414242,2015,2015-05-20,2015-05-20,R,108,Los Angeles Angels,4,141,Toronto Blue Jays,3,0,7,-1
414243,2015,2015-05-20,2015-05-20,R,109,Arizona Diamondbacks,6,146,Miami Marlins,1,0,7,-5
414244,2015,2015-05-20,2015-05-20,R,112,Chicago Cubs,3,135,San Diego Padres,2,0,5,-1
414245,2015,2015-05-20,2015-05-20,R,113,Cincinnati Reds,1,118,Kansas City Royals,7,1,8,6
414246,2015,2015-05-20,2015-05-20,R,114,Cleveland Guardians,4,145,Chicago White Sox,3,0,7,-1
414247,2015,2015-05-20,2015-05-20,R,119,Los Angeles Dodgers,0,137,San Francisco Giants,4,1,4,4
414248,2015,2015-05-20,2015-05-20,R,158,Milwaukee Brewers,2,116,Detroit Tigers,5,1,7,3
414249,2015,2015-05-20,2015-05-20,R,142,Minnesota Twins,4,134,Pittsburgh Pirates,3,0,7,-1
414250,2015,2015-05-20,2015-05-20,R,147,New York Yankees,2,120,Washington Nationals,3,1,5,1
414251,2015,2015-05-20,2015-05-20,R,133,Athletics,1,117,Houston Astros,6,1,7,5
414252,2015,2015-05-20,2015-05-20,R,143,Philadelphia Phillies,4,115,Colorado Rockies,2,0,6,-2
414253,2015,2015-05-20,2015-05-20,R,136,Seattle Mariners,4,110,Baltimore Orioles,2,0,6,-2
414254,2015,2015-05-20,2015-05-20,R,138,St. Louis Cardinals,9,121,New York Mets,0,0,9,-9
414255,2015,2015-05-20,2015-05-20,R,139,Tampa Bay Rays,1,144,Atlanta Braves,2,1,3,1
414256,2015,2015-05-20,2015-05-20,R,140,Texas Rangers,2,111,Boston Red Sox,1,0,3,-1
414257,2015,2015-05-21,2015-05-21,R,108,Los Angeles Angels,4,141,Toronto Blue Jays,8,1,12,4
414258,2015,2015-05-21,2015-05-21,R,109,Arizona Diamondbacks,7,146,Miami Marlins,6,0,13,-1
414259,2015,2015-05-21,2015-05-21,R,112,Chicago Cubs,3,135,San Diego Padres,0,0,3,-3
414260,2015,2015-05-21,2015-05-21,R,114,Cleveland Guardians,5,145,Chicago White Sox,2,0,7,-3
414261,2015,2015-05-21,2015-05-21,R,117,Houston Astros,5,116,Detroit Tigers,6,1,11,1
414262,2015,2015-05-21,2015-05-21,R,119,Los Angeles Dodgers,0,137,San Francisco Giants,4,1,4,4
414263,2015,2015-05-21,2015-05-21,R,158,Milwaukee Brewers,1,144,Atlanta Braves,10,1,11,9
414264,2015,2015-05-21,2015-05-21,R,133,Athletics,0,139,Tampa Bay Rays,3,1,3,3
414265,2015,2015-05-21,2015-05-21,R,143,Philadelphia Phillies,3,115,Colorado Rockies,7,1,10,4
414266,2015,2015-05-21,2015-05-21,R,136,Seattle Mariners,4,110,Baltimore Orioles,5,1,9,1
414267,2015,2015-05-21,2015-05-21,R,138,St. Louis Cardinals,0,121,New York Mets,5,1,5,5
414268,2015,2015-05-21,2015-05-21,R,140,Texas Rangers,3,111,Boston Red Sox,1,0,4,-2
414269,2015,2015-05-22,2015-05-22,R,108,Los Angeles Angels,12,111,Boston Red Sox,5,0,17,-7
414270,2015,2015-05-22,2015-05-22,R,110,Baltimore Orioles,8,146,Miami Marlins,5,0,13,-3
414271,2015,2015-05-22,2015-05-22,R,112,Chicago Cubs,4,109,Arizona Diamondbacks,5,1,9,1
414272,2015,2015-05-22,2015-05-22,R,113,Cincinnati Reds,3,114,Cleveland Guardians,7,1,10,4
414273,2015,2015-05-22,2015-05-22,R,117,Houston Astros,2,116,Detroit Tigers,6,1,8,4
414274,2015,2015-05-22,2015-05-22,R,158,Milwaukee Brewers,11,144,Atlanta Braves,0,0,11,-11
414275,2015,2015-05-22,2015-05-22,R,142,Minnesota Twins,2,145,Chicago White Sox,3,1,5,1
414276,2015,2015-05-22,2015-05-22,R,121,New York Mets,1,134,Pittsburgh Pirates,4,1,5,3
414277,2015,2015-05-22,2015-05-22,R,133,Athletics,2,139,Tampa Bay Rays,5,1,7,3
414278,2015,2015-05-22,2015-05-22,R,143,Philadelphia Phillies,1,120,Washington Nationals,2,1,3,1
414279,2015,2015-05-22,2015-05-22,R,135,San Diego Padres,1,119,Los Angeles Dodgers,2,1,3,1
414280,2015,2015-05-22,2015-05-22,R,136,Seattle Mariners,4,141,Toronto Blue Jays,3,0,7,-1
414281,2015,2015-05-22,2015-05-22,R,137,San Francisco Giants,11,115,Colorado Rockies,8,0,19,-3
414282,2015,2015-05-22,2015-05-22,R,138,St. Louis Cardinals,0,118,Kansas City Royals,5,1,5,5
414283,2015,2015-05-22,2015-05-22,R,140,Texas Rangers,10,147,New York Yankees,9,0,19,-1
413925,2015,2015-05-23,2015-05-23,R,137,San Francisco Giants,3,115,Colorado Rockies,5,1,8,2
414284,2015,2015-05-23,2015-05-23,R,108,Los Angeles Angels,3,111,Boston Red Sox,8,1,11,5
414285,2015,2015-05-23,2015-05-23,R,110,Baltimore Orioles,0,146,Miami Marlins,1,1,1,1
414286,2015,2015-05-23,2015-05-23,R,112,Chicago Cubs,9,109,Arizona Diamondbacks,6,0,15,-3
414287,2015,2015-05-23,2015-05-23,R,113,Cincinnati Reds,1,114,Cleveland Guardians,2,1,3,1
414288,2015,2015-05-23,2015-05-23,R,117,Houston Astros,3,116,Detroit Tigers,2,0,5,-1
414289,2015,2015-05-23,2015-05-23,R,158,Milwaukee Brewers,2,144,Atlanta Braves,3,1,5,1
414290,2015,2015-05-23,2015-05-23,R,142,Minnesota Twins,4,145,Chicago White Sox,3,0,7,-1
414291,2015,2015-05-23,2015-05-23,R,121,New York Mets,2,134,Pittsburgh Pirates,8,1,10,6
414292,2015,2015-05-23,2015-05-23,R,133,Athletics,5,139,Tampa Bay Rays,0,0,5,-5
414293,2015,2015-05-23,2015-05-23,R,143,Philadelphia Phillies,8,120,Washington Nationals,1,0,9,-7
414294,2015,2015-05-23,2015-05-23,R,135,San Diego Padres,0,119,Los Angeles Dodgers,2,1,2,2
414295,2015,2015-05-23,2015-05-23,R,136,Seattle Mariners,3,141,Toronto Blue Jays,2,0,5,-1
414296,2015,2015-05-23,2015-05-23,R,137,San Francisco Giants,10,115,Colorado Rockies,8,0,18,-2
414297,2015,2015-05-23,2015-05-23,R,138,St. Louis Cardinals,2,118,Kansas City Royals,3,1,5,1
414298,2015,2015-05-23,2015-05-23,R,140,Texas Rangers,15,147,New York Yankees,4,0,19,-11
414299,2015,2015-05-24,2015-05-24,R,108,Los Angeles Angels,1,111,Boston Red Sox,6,1,7,5
414300,2015,2015-05-24,2015-05-24,R,110,Baltimore Orioles,2,146,Miami Marlins,5,1,7,3
414301,2015,2015-05-24,2015-05-24,R,112,Chicago Cubs,3,109,Arizona Diamondbacks,4,1,7,1
414302,2015,2015-05-24,2015-05-24,R,113,Cincinnati Reds,2,114,Cleveland Guardians,5,1,7,3
414303,2015,2015-05-24,2015-05-24,R,117,Houston Astros,10,116,Detroit Tigers,8,0,18,-2
414304,2015,2015-05-24,2015-05-24,R,158,Milwaukee Brewers,1,144,Atlanta Braves,2,1,3,1
414305,2015,2015-05-24,2015-05-24,R,142,Minnesota Twins,8,145,Chicago White Sox,1,0,9,-7
414306,2015,2015-05-24,2015-05-24,R,121,New York Mets,1,134,Pittsburgh Pirates,9,1,10,8
414307,2015,2015-05-24,2015-05-24,R,133,Athletics,7,139,Tampa Bay Rays,2,0,9,-5
414308,2015,2015-05-24,2015-05-24,R,143,Philadelphia Phillies,1,120,Washington Nationals,4,1,5,3
414309,2015,2015-05-24,2015-05-24,R,135,San Diego Padres,11,119,Los Angeles Dodgers,3,0,14,-8
414310,2015,2015-05-24,2015-05-24,R,136,Seattle Mariners,2,141,Toronto Blue Jays,8,1,10,6
414311,2015,2015-05-24,2015-05-24,R,137,San Francisco Giants,2,115,Colorado Rockies,11,1,13,9
414312,2015,2015-05-24,2015-05-24,R,138,St. Louis Cardinals,6,118,Kansas City Royals,1,0,7,-5
414313,2015,2015-05-24,2015-05-24,R,140,Texas Rangers,5,147,New York Yankees,2,0,7,-3
414314,2015,2015-05-25,2015-05-25,R,109,Arizona Diamondbacks,2,138,St. Louis Cardinals,3,1,5,1
414315,2015,2015-05-25,2015-05-25,R,144,Atlanta Braves,3,119,Los Angeles Dodgers,6,1,9,3
414316,2015,2015-05-25,2015-05-25,R,111,Boston Red Sox,2,142,Minnesota Twins,7,1,9,5
414317,2015,2015-05-25,2015-05-25,R,145,Chicago White Sox,0,141,Toronto Blue Jays,6,1,6,6
414318,2015,2015-05-25,2015-05-25,R,115,Colorado Rockies,5,113,Cincinnati Reds,4,0,9,-1
414319,2015,2015-05-25,2015-05-25,R,116,Detroit Tigers,0,133,Athletics,4,1,4,4
414320,2015,2015-05-25,2015-05-25,R,117,Houston Astros,3,110,Baltimore Orioles,4,1,7,1
414321,2015,2015-05-25,2015-05-25,R,118,Kansas City Royals,1,147,New York Yankees,14,1,15,13
414322,2015,2015-05-25,2015-05-25,R,146,Miami Marlins,2,134,Pittsburgh Pirates,4,1,6,2
414323,2015,2015-05-25,2015-05-25,R,143,Philadelphia Phillies,3,121,New York Mets,6,1,9,3
414324,2015,2015-05-25,2015-05-25,R,135,San Diego Padres,3,108,Los Angeles Angels,4,1,7,1
414325,2015,2015-05-25,2015-05-25,R,136,Seattle Mariners,4,139,Tampa Bay Rays,1,0,5,-3
414326,2015,2015-05-25,2015-05-25,R,137,San Francisco Giants,8,158,Milwaukee Brewers,4,0,12,-4
414327,2015,2015-05-25,2015-05-25,R,140,Texas Rangers,10,114,Cleveland Guardians,8,0,18,-2
414328,2015,2015-05-25,2015-05-25,R,120,Washington Nationals,2,112,Chicago Cubs,1,0,3,-1
414329,2015,2015-05-26,2015-05-26,R,109,Arizona Diamondbacks,4,138,St. Louis Cardinals,6,1,10,2
414330,2015,2015-05-26,2015-05-26,R,144,Atlanta Braves,0,119,Los Angeles Dodgers,8,1,8,8
414331,2015,2015-05-26,2015-05-26,R,111,Boston Red Sox,1,142,Minnesota Twins,2,1,3,1
414332,2015,2015-05-26,2015-05-26,R,145,Chicago White Sox,9,141,Toronto Blue Jays,10,1,19,1
414333,2015,2015-05-26,2015-05-26,R,115,Colorado Rockies,1,113,Cincinnati Reds,2,1,3,1
414334,2015,2015-05-26,2015-05-26,R,116,Detroit Tigers,1,133,Athletics,0,0,1,-1
414335,2015,2015-05-26,2015-05-26,R,117,Houston Astros,4,110,Baltimore Orioles,1,0,5,-3
414336,2015,2015-05-26,2015-05-26,R,118,Kansas City Royals,1,147,New York Yankees,5,1,6,4
414337,2015,2015-05-26,2015-05-26,R,146,Miami Marlins,1,134,Pittsburgh Pirates,5,1,6,4
414338,2015,2015-05-26,2015-05-26,R,143,Philadelphia Phillies,4,121,New York Mets,5,1,9,1
414339,2015,2015-05-26,2015-05-26,R,135,San Diego Padres,4,108,Los Angeles Angels,0,0,4,-4
414340,2015,2015-05-26,2015-05-26,R,136,Seattle Mariners,7,139,Tampa Bay Rays,6,0,13,-1
414341,2015,2015-05-26,2015-05-26,R,137,San Francisco Giants,6,158,Milwaukee Brewers,3,0,9,-3
414342,2015,2015-05-26,2015-05-26,R,140,Texas Rangers,4,114,Cleveland Guardians,3,0,7,-1
414343,2015,2015-05-26,2015-05-26,R,120,Washington Nationals,2,112,Chicago Cubs,3,1,5,1
414344,2015,2015-05-27,2015-05-27,R,109,Arizona Diamondbacks,3,138,St. Louis Cardinals,4,1,7,1
414345,2015,2015-05-27,2015-05-27,R,144,Atlanta Braves,3,119,Los Angeles Dodgers,2,0,5,-1
414346,2015,2015-05-27,2015-05-27,R,111,Boston Red Sox,4,142,Minnesota Twins,6,1,10,2
414347,2015,2015-05-27,2015-05-27,R,145,Chicago White Sox,5,141,Toronto Blue Jays,3,0,8,-2
414348,2015,2015-05-27,2015-05-27,R,115,Colorado Rockies,6,113,Cincinnati Reds,4,0,10,-2
414349,2015,2015-05-27,2015-05-27,R,116,Detroit Tigers,3,133,Athletics,2,0,5,-1
414350,2015,2015-05-27,2015-05-27,R,117,Houston Astros,4,110,Baltimore Orioles,5,1,9,1
414351,2015,2015-05-27,2015-05-27,R,118,Kansas City Royals,2,147,New York Yankees,4,1,6,2
414352,2015,2015-05-27,2015-05-27,R,146,Miami Marlins,2,134,Pittsburgh Pirates,5,1,7,3
414353,2015,2015-05-27,2015-05-27,R,143,Philadelphia Phillies,0,121,New York Mets,7,1,7,7
414354,2015,2015-05-27,2015-05-27,R,135,San Diego Padres,5,108,Los Angeles Angels,4,0,9,-1
414355,2015,2015-05-27,2015-05-27,R,136,Seattle Mariners,3,139,Tampa Bay Rays,0,0,3,-3
414356,2015,2015-05-27,2015-05-27,R,137,San Francisco Giants,3,158,Milwaukee Brewers,1,0,4,-2
414357,2015,2015-05-27,2015-05-27,R,140,Texas Rangers,3,114,Cleveland Guardians,12,1,15,9
414358,2015,2015-05-27,2015-05-27,R,120,Washington Nationals,3,112,Chicago Cubs,0,0,3,-3
413930,2015,2015-05-28,2015-05-28,R,145,Chicago White Sox,3,110,Baltimore Orioles,2,0,5,-1
413945,2015,2015-05-28,2015-05-28,R,145,Chicago White Sox,3,110,Baltimore Orioles,6,1,9,3
414359,2015,2015-05-28,2015-05-28,R,144,Atlanta Braves,0,137,San Francisco Giants,7,1,7,7
414360,2015,2015-05-28,2015-05-28,R,111,Boston Red Sox,5,140,Texas Rangers,1,0,6,-4
414361,2015,2015-05-28,2015-05-28,R,114,Cleveland Guardians,5,136,Seattle Mariners,3,0,8,-2
414362,2015,2015-05-28,2015-05-28,R,116,Detroit Tigers,2,108,Los Angeles Angels,12,1,14,10
414363,2015,2015-05-28,2015-05-28,R,147,New York Yankees,4,133,Athletics,5,1,9,1
414364,2015,2015-05-28,2015-05-28,R,134,Pittsburgh Pirates,11,135,San Diego Padres,5,0,16,-6
414365,2015,2015-05-29,2015-05-29,R,109,Arizona Diamondbacks,7,158,Milwaukee Brewers,5,0,12,-2
414366,2015,2015-05-29,2015-05-29,R,144,Atlanta Braves,2,137,San Francisco Giants,4,1,6,2
414367,2015,2015-05-29,2015-05-29,R,111,Boston Red Sox,4,140,Texas Rangers,7,1,11,3
414368,2015,2015-05-29,2015-05-29,R,145,Chicago White Sox,6,117,Houston Astros,3,0,9,-3
414369,2015,2015-05-29,2015-05-29,R,114,Cleveland Guardians,1,136,Seattle Mariners,2,1,3,1
414370,2015,2015-05-29,2015-05-29,R,115,Colorado Rockies,4,143,Philadelphia Phillies,1,0,5,-3
414371,2015,2015-05-29,2015-05-29,R,116,Detroit Tigers,0,108,Los Angeles Angels,2,1,2,2
414372,2015,2015-05-29,2015-05-29,R,118,Kansas City Royals,8,112,Chicago Cubs,4,0,12,-4
414373,2015,2015-05-29,2015-05-29,R,119,Los Angeles Dodgers,0,138,St. Louis Cardinals,3,1,3,3
414374,2015,2015-05-29,2015-05-29,R,146,Miami Marlins,4,121,New York Mets,3,0,7,-1
414375,2015,2015-05-29,2015-05-29,R,147,New York Yankees,2,133,Athletics,6,1,8,4
414376,2015,2015-05-29,2015-05-29,R,134,Pittsburgh Pirates,2,135,San Diego Padres,6,1,8,4
414377,2015,2015-05-29,2015-05-29,R,139,Tampa Bay Rays,1,110,Baltimore Orioles,2,1,3,1
414378,2015,2015-05-29,2015-05-29,R,141,Toronto Blue Jays,6,142,Minnesota Twins,4,0,10,-2
414379,2015,2015-05-29,2015-05-29,R,120,Washington Nationals,2,113,Cincinnati Reds,5,1,7,3
414380,2015,2015-05-30,2015-05-30,R,109,Arizona Diamondbacks,7,158,Milwaukee Brewers,3,0,10,-4
414381,2015,2015-05-30,2015-05-30,R,144,Atlanta Braves,8,137,San Francisco Giants,0,0,8,-8
414382,2015,2015-05-30,2015-05-30,R,111,Boston Red Sox,0,140,Texas Rangers,8,1,8,8
414383,2015,2015-05-30,2015-05-30,R,145,Chicago White Sox,0,117,Houston Astros,3,1,3,3
414384,2015,2015-05-30,2015-05-30,R,114,Cleveland Guardians,4,136,Seattle Mariners,3,0,7,-1
414385,2015,2015-05-30,2015-05-30,R,115,Colorado Rockies,5,143,Philadelphia Phillies,2,0,7,-3
414386,2015,2015-05-30,2015-05-30,R,116,Detroit Tigers,6,108,Los Angeles Angels,8,1,14,2
414388,2015,2015-05-30,2015-05-30,R,119,Los Angeles Dodgers,5,138,St. Louis Cardinals,1,0,6,-4
414389,2015,2015-05-30,2015-05-30,R,146,Miami Marlins,9,121,New York Mets,5,0,14,-4
414390,2015,2015-05-30,2015-05-30,R,147,New York Yankees,5,133,Athletics,3,0,8,-2
414391,2015,2015-05-30,2015-05-30,R,134,Pittsburgh Pirates,5,135,San Diego Padres,2,0,7,-3
414392,2015,2015-05-30,2015-05-30,R,139,Tampa Bay Rays,3,110,Baltimore Orioles,0,0,3,-3
414393,2015,2015-05-30,2015-05-30,R,141,Toronto Blue Jays,2,142,Minnesota Twins,3,1,5,1
414394,2015,2015-05-30,2015-05-30,R,120,Washington Nationals,5,113,Cincinnati Reds,8,1,13,3
414395,2015,2015-05-31,2015-05-31,R,109,Arizona Diamondbacks,6,158,Milwaukee Brewers,7,1,13,1
414396,2015,2015-05-31,2015-05-31,R,144,Atlanta Braves,7,137,San Francisco Giants,5,0,12,-2
414397,2015,2015-05-31,2015-05-31,R,111,Boston Red Sox,3,140,Texas Rangers,4,1,7,1
414398,2015,2015-05-31,2015-05-31,R,145,Chicago White Sox,6,117,Houston Astros,0,0,6,-6
414399,2015,2015-05-31,2015-05-31,R,114,Cleveland Guardians,6,136,Seattle Mariners,3,0,9,-3
414400,2015,2015-05-31,2015-05-31,R,115,Colorado Rockies,4,143,Philadelphia Phillies,1,0,5,-3
414401,2015,2015-05-31,2015-05-31,R,116,Detroit Tigers,2,108,Los Angeles Angels,4,1,6,2
414402,2015,2015-05-31,2015-05-31,R,118,Kansas City Royals,1,112,Chicago Cubs,2,1,3,1
414403,2015,2015-05-31,2015-05-31,R,119,Los Angeles Dodgers,1,138,St. Louis Cardinals,3,1,4,2
414404,2015,2015-05-31,2015-05-31,R,146,Miami Marlins,3,121,New York Mets,4,1,7,1
414405,2015,2015-05-31,2015-05-31,R,147,New York Yankees,0,133,Athletics,3,1,3,3
414406,2015,2015-05-31,2015-05-31,R,134,Pittsburgh Pirates,1,135,San Diego Padres,7,1,8,6
414407,2015,2015-05-31,2015-05-31,R,139,Tampa Bay Rays,9,110,Baltimore Orioles,5,0,14,-4
414408,2015,2015-05-31,2015-05-31,R,141,Toronto Blue Jays,5,142,Minnesota Twins,6,1,11,1
414409,2015,2015-05-31,2015-05-31,R,120,Washington Nationals,2,113,Cincinnati Reds,8,1,10,6
414410,2015,2015-06-01,2015-06-01,R,144,Atlanta Braves,8,109,Arizona Diamondbacks,1,0,9,-7
414411,2015,2015-06-01,2015-06-01,R,110,Baltimore Orioles,2,117,Houston Astros,5,1,7,3
414412,2015,2015-06-01,2015-06-01,R,112,Chicago Cubs,5,146,Miami Marlins,1,0,6,-4
414413,2015,2015-06-01,2015-06-01,R,119,Los Angeles Dodgers,11,115,Colorado Rockies,4,0,15,-7
414414,2015,2015-06-01,2015-06-01,R,158,Milwaukee Brewers,1,138,St. Louis Cardinals,0,0,1,-1
414416,2015,2015-06-01,2015-06-01,R,147,New York Yankees,7,136,Seattle Mariners,2,0,9,-5
414417,2015,2015-06-01,2015-06-01,R,121,New York Mets,7,135,San Diego Padres,0,0,7,-7
414418,2015,2015-06-01,2015-06-01,R,134,Pittsburgh Pirates,4,137,San Francisco Giants,3,0,7,-1
414419,2015,2015-06-01,2015-06-01,R,139,Tampa Bay Rays,3,108,Los Angeles Angels,7,1,10,4
414101,2015,2015-06-02,2015-06-02,R,119,Los Angeles Dodgers,3,115,Colorado Rockies,6,1,9,3
414420,2015,2015-06-02,2015-06-02,R,141,Toronto Blue Jays,0,120,Washington Nationals,2,1,2,2
414421,2015,2015-06-02,2015-06-02,R,144,Atlanta Braves,6,109,Arizona Diamondbacks,7,1,13,1
414422,2015,2015-06-02,2015-06-02,R,110,Baltimore Orioles,4,117,Houston Astros,6,1,10,2
414423,2015,2015-06-02,2015-06-02,R,145,Chicago White Sox,2,140,Texas Rangers,15,1,17,13
414424,2015,2015-06-02,2015-06-02,R,112,Chicago Cubs,2,146,Miami Marlins,5,1,7,3
414425,2015,2015-06-02,2015-06-02,R,113,Cincinnati Reds,4,143,Philadelphia Phillies,5,1,9,1
414426,2015,2015-06-02,2015-06-02,R,114,Cleveland Guardians,2,118,Kansas City Royals,1,0,3,-1
414427,2015,2015-06-02,2015-06-02,R,119,Los Angeles Dodgers,9,115,Colorado Rockies,8,0,17,-1
414428,2015,2015-06-02,2015-06-02,R,158,Milwaukee Brewers,0,138,St. Louis Cardinals,1,1,1,1
414429,2015,2015-06-02,2015-06-02,R,142,Minnesota Twins,0,111,Boston Red Sox,1,1,1,1
414430,2015,2015-06-02,2015-06-02,R,147,New York Yankees,5,136,Seattle Mariners,3,0,8,-2
414431,2015,2015-06-02,2015-06-02,R,121,New York Mets,2,135,San Diego Padres,7,1,9,5
414432,2015,2015-06-02,2015-06-02,R,133,Athletics,5,116,Detroit Tigers,3,0,8,-2
414433,2015,2015-06-02,2015-06-02,R,134,Pittsburgh Pirates,7,137,San Francisco Giants,4,0,11,-3
414434,2015,2015-06-02,2015-06-02,R,139,Tampa Bay Rays,6,108,Los Angeles Angels,1,0,7,-5
414435,2015,2015-06-02,2015-06-02,R,141,Toronto Blue Jays,7,120,Washington Nationals,3,0,10,-4
414415,2015,2015-06-03,2015-06-03,R,142,Minnesota Twins,3,111,Boston Red Sox,6,1,9,3
414436,2015,2015-06-03,2015-06-03,R,144,Atlanta Braves,8,109,Arizona Diamondbacks,9,1,17,1
414437,2015,2015-06-03,2015-06-03,R,110,Baltimore Orioles,1,117,Houston Astros,3,1,4,2
414438,2015,2015-06-03,2015-06-03,R,145,Chicago White Sox,9,140,Texas Rangers,2,0,11,-7
414439,2015,2015-06-03,2015-06-03,R,112,Chicago Cubs,3,146,Miami Marlins,7,1,10,4
414440,2015,2015-06-03,2015-06-03,R,113,Cincinnati Reds,4,143,Philadelphia Phillies,5,1,9,1
414441,2015,2015-06-03,2015-06-03,R,114,Cleveland Guardians,2,118,Kansas City Royals,4,1,6,2
414442,2015,2015-06-03,2015-06-03,R,119,Los Angeles Dodgers,6,115,Colorado Rockies,7,1,13,1
414443,2015,2015-06-03,2015-06-03,R,158,Milwaukee Brewers,4,138,St. Louis Cardinals,7,1,11,3
414444,2015,2015-06-03,2015-06-03,R,142,Minnesota Twins,2,111,Boston Red Sox,0,0,2,-2
414445,2015,2015-06-03,2015-06-03,R,147,New York Yankees,3,136,Seattle Mariners,1,0,4,-2
414446,2015,2015-06-03,2015-06-03,R,121,New York Mets,3,135,San Diego Padres,7,1,10,4
414447,2015,2015-06-03,2015-06-03,R,133,Athletics,6,116,Detroit Tigers,1,0,7,-5
414448,2015,2015-06-03,2015-06-03,R,134,Pittsburgh Pirates,5,137,San Francisco Giants,2,0,7,-3
414449,2015,2015-06-03,2015-06-03,R,139,Tampa Bay Rays,6,108,Los Angeles Angels,5,0,11,-1
414450,2015,2015-06-03,2015-06-03,R,141,Toronto Blue Jays,8,120,Washington Nationals,0,0,8,-8
414451,2015,2015-06-04,2015-06-04,R,110,Baltimore Orioles,3,117,Houston Astros,2,0,5,-1
414452,2015,2015-06-04,2015-06-04,R,145,Chicago White Sox,1,140,Texas Rangers,2,1,3,1
414453,2015,2015-06-04,2015-06-04,R,112,Chicago Cubs,2,120,Washington Nationals,1,0,3,-1
414454,2015,2015-06-04,2015-06-04,R,113,Cincinnati Reds,6,143,Philadelphia Phillies,4,0,10,-2
414455,2015,2015-06-04,2015-06-04,R,114,Cleveland Guardians,6,118,Kansas City Royals,2,0,8,-4
414456,2015,2015-06-04,2015-06-04,R,142,Minnesota Twins,8,111,Boston Red Sox,4,0,12,-4
414457,2015,2015-06-04,2015-06-04,R,121,New York Mets,6,109,Arizona Diamondbacks,2,0,8,-4
414458,2015,2015-06-04,2015-06-04,R,133,Athletics,7,116,Detroit Tigers,5,0,12,-2
414459,2015,2015-06-04,2015-06-04,R,138,St. Louis Cardinals,7,119,Los Angeles Dodgers,1,0,8,-6
414460,2015,2015-06-04,2015-06-04,R,139,Tampa Bay Rays,2,136,Seattle Mariners,1,0,3,-1
414461,2015,2015-06-05,2015-06-05,R,108,Los Angeles Angels,7,147,New York Yankees,8,1,15,1
414462,2015,2015-06-05,2015-06-05,R,110,Baltimore Orioles,5,114,Cleveland Guardians,2,0,7,-3
414463,2015,2015-06-05,2015-06-05,R,112,Chicago Cubs,5,120,Washington Nationals,7,1,12,2
414464,2015,2015-06-05,2015-06-05,R,116,Detroit Tigers,3,145,Chicago White Sox,4,1,7,1
414465,2015,2015-06-05,2015-06-05,R,117,Houston Astros,2,141,Toronto Blue Jays,6,1,8,4
414466,2015,2015-06-05,2015-06-05,R,146,Miami Marlins,6,115,Colorado Rockies,2,0,8,-4
414467,2015,2015-06-05,2015-06-05,R,158,Milwaukee Brewers,10,142,Minnesota Twins,5,0,15,-5
414468,2015,2015-06-05,2015-06-05,R,121,New York Mets,2,109,Arizona Diamondbacks,7,1,9,5
414469,2015,2015-06-05,2015-06-05,R,133,Athletics,2,111,Boston Red Sox,4,1,6,2
414470,2015,2015-06-05,2015-06-05,R,134,Pittsburgh Pirates,10,144,Atlanta Braves,8,0,18,-2
414471,2015,2015-06-05,2015-06-05,R,135,San Diego Padres,6,113,Cincinnati Reds,2,0,8,-4
414472,2015,2015-06-05,2015-06-05,R,137,San Francisco Giants,5,143,Philadelphia Phillies,4,0,9,-1
414473,2015,2015-06-05,2015-06-05,R,138,St. Louis Cardinals,2,119,Los Angeles Dodgers,1,0,3,-1
414474,2015,2015-06-05,2015-06-05,R,139,Tampa Bay Rays,1,136,Seattle Mariners,0,0,1,-1
414475,2015,2015-06-05,2015-06-05,R,140,Texas Rangers,4,118,Kansas City Royals,0,0,4,-4
414476,2015,2015-06-06,2015-06-06,R,108,Los Angeles Angels,2,147,New York Yankees,8,1,10,6
414477,2015,2015-06-06,2015-06-06,R,110,Baltimore Orioles,1,114,Cleveland Guardians,2,1,3,1
414478,2015,2015-06-06,2015-06-06,R,112,Chicago Cubs,4,120,Washington Nationals,2,0,6,-2
414479,2015,2015-06-06,2015-06-06,R,116,Detroit Tigers,7,145,Chicago White Sox,1,0,8,-6
414480,2015,2015-06-06,2015-06-06,R,117,Houston Astros,2,141,Toronto Blue Jays,7,1,9,5
414481,2015,2015-06-06,2015-06-06,R,146,Miami Marlins,5,115,Colorado Rockies,10,1,15,5
414482,2015,2015-06-06,2015-06-06,R,158,Milwaukee Brewers,4,142,Minnesota Twins,2,0,6,-2
414483,2015,2015-06-06,2015-06-06,R,121,New York Mets,1,109,Arizona Diamondbacks,2,1,3,1
414484,2015,2015-06-06,2015-06-06,R,133,Athletics,2,111,Boston Red Sox,4,1,6,2
414485,2015,2015-06-06,2015-06-06,R,134,Pittsburgh Pirates,4,144,Atlanta Braves,5,1,9,1
414486,2015,2015-06-06,2015-06-06,R,135,San Diego Padres,9,113,Cincinnati Reds,7,0,16,-2
414487,2015,2015-06-06,2015-06-06,R,137,San Francisco Giants,7,143,Philadelphia Phillies,5,0,12,-2
414488,2015,2015-06-06,2015-06-06,R,138,St. Louis Cardinals,0,119,Los Angeles Dodgers,2,1,2,2
414489,2015,2015-06-06,2015-06-06,R,139,Tampa Bay Rays,1,136,Seattle Mariners,2,1,3,1
414490,2015,2015-06-06,2015-06-06,R,140,Texas Rangers,4,118,Kansas City Royals,2,0,6,-2
414491,2015,2015-06-07,2015-06-07,R,108,Los Angeles Angels,2,147,New York Yankees,6,1,8,4
414492,2015,2015-06-07,2015-06-07,R,110,Baltimore Orioles,7,114,Cleveland Guardians,3,0,10,-4
414493,2015,2015-06-07,2015-06-07,R,112,Chicago Cubs,6,120,Washington Nationals,3,0,9,-3
414494,2015,2015-06-07,2015-06-07,R,116,Detroit Tigers,6,145,Chicago White Sox,4,0,10,-2
414495,2015,2015-06-07,2015-06-07,R,117,Houston Astros,6,141,Toronto Blue Jays,7,1,13,1
414496,2015,2015-06-07,2015-06-07,R,146,Miami Marlins,3,115,Colorado Rockies,2,0,5,-1
414497,2015,2015-06-07,2015-06-07,R,158,Milwaukee Brewers,0,142,Minnesota Twins,2,1,2,2
414498,2015,2015-06-07,2015-06-07,R,121,New York Mets,6,109,Arizona Diamondbacks,3,0,9,-3
414499,2015,2015-06-07,2015-06-07,R,133,Athletics,4,111,Boston Red Sox,7,1,11,3
414500,2015,2015-06-07,2015-06-07,R,134,Pittsburgh Pirates,3,144,Atlanta Braves,0,0,3,-3
414501,2015,2015-06-07,2015-06-07,R,135,San Diego Padres,0,113,Cincinnati Reds,4,1,4,4
414502,2015,2015-06-07,2015-06-07,R,137,San Francisco Giants,4,143,Philadelphia Phillies,6,1,10,2
414503,2015,2015-06-07,2015-06-07,R,138,St. Louis Cardinals,4,119,Los Angeles Dodgers,2,0,6,-2
414504,2015,2015-06-07,2015-06-07,R,139,Tampa Bay Rays,3,136,Seattle Mariners,1,0,4,-2
414505,2015,2015-06-07,2015-06-07,R,140,Texas Rangers,3,118,Kansas City Royals,4,1,7,1
414506,2015,2015-06-08,2015-06-08,R,109,Arizona Diamondbacks,3,119,Los Angeles Dodgers,9,1,12,6
414507,2015,2015-06-08,2015-06-08,R,117,Houston Astros,1,145,Chicago White Sox,3,1,4,2
414508,2015,2015-06-08,2015-06-08,R,118,Kansas City Royals,3,142,Minnesota Twins,1,0,4,-2
414509,2015,2015-06-08,2015-06-08,R,146,Miami Marlins,3,141,Toronto Blue Jays,11,1,14,8
414510,2015,2015-06-08,2015-06-08,R,158,Milwaukee Brewers,2,134,Pittsburgh Pirates,0,0,2,-2
414511,2015,2015-06-08,2015-06-08,R,143,Philadelphia Phillies,4,113,Cincinnati Reds,6,1,10,2
414512,2015,2015-06-08,2015-06-08,R,135,San Diego Padres,5,144,Atlanta Braves,3,0,8,-2
414513,2015,2015-06-08,2015-06-08,R,138,St. Louis Cardinals,3,115,Colorado Rockies,11,1,14,8
414514,2015,2015-06-09,2015-06-09,R,108,Los Angeles Angels,8,139,Tampa Bay Rays,2,0,10,-6
414515,2015,2015-06-09,2015-06-09,R,109,Arizona Diamondbacks,1,119,Los Angeles Dodgers,3,1,4,2
414516,2015,2015-06-09,2015-06-09,R,111,Boston Red Sox,0,110,Baltimore Orioles,1,1,1,1
414517,2015,2015-06-09,2015-06-09,R,112,Chicago Cubs,0,116,Detroit Tigers,6,1,6,6
414518,2015,2015-06-09,2015-06-09,R,117,Houston Astros,2,145,Chicago White Sox,4,1,6,2
414519,2015,2015-06-09,2015-06-09,R,118,Kansas City Royals,2,142,Minnesota Twins,0,0,2,-2
414520,2015,2015-06-09,2015-06-09,R,146,Miami Marlins,3,141,Toronto Blue Jays,4,1,7,1
414521,2015,2015-06-09,2015-06-09,R,158,Milwaukee Brewers,4,134,Pittsburgh Pirates,1,0,5,-3
414522,2015,2015-06-09,2015-06-09,R,143,Philadelphia Phillies,2,113,Cincinnati Reds,11,1,13,9
414523,2015,2015-06-09,2015-06-09,R,135,San Diego Padres,5,144,Atlanta Braves,6,1,11,1
414524,2015,2015-06-09,2015-06-09,R,136,Seattle Mariners,3,114,Cleveland Guardians,2,0,5,-1
414525,2015,2015-06-09,2015-06-09,R,137,San Francisco Giants,5,121,New York Mets,0,0,5,-5
414526,2015,2015-06-09,2015-06-09,R,138,St. Louis Cardinals,3,115,Colorado Rockies,4,1,7,1
414527,2015,2015-06-09,2015-06-09,R,140,Texas Rangers,2,133,Athletics,1,0,3,-1
414528,2015,2015-06-09,2015-06-09,R,120,Washington Nationals,1,147,New York Yankees,6,1,7,5
414529,2015,2015-06-10,2015-06-10,R,108,Los Angeles Angels,2,139,Tampa Bay Rays,4,1,6,2
414530,2015,2015-06-10,2015-06-10,R,109,Arizona Diamondbacks,6,119,Los Angeles Dodgers,7,1,13,1
414531,2015,2015-06-10,2015-06-10,R,111,Boston Red Sox,2,110,Baltimore Orioles,5,1,7,3
414532,2015,2015-06-10,2015-06-10,R,112,Chicago Cubs,12,116,Detroit Tigers,3,0,15,-9
414533,2015,2015-06-10,2015-06-10,R,117,Houston Astros,1,145,Chicago White Sox,4,1,5,3
414534,2015,2015-06-10,2015-06-10,R,118,Kansas City Royals,7,142,Minnesota Twins,2,0,9,-5
414535,2015,2015-06-10,2015-06-10,R,146,Miami Marlins,2,141,Toronto Blue Jays,7,1,9,5
414536,2015,2015-06-10,2015-06-10,R,158,Milwaukee Brewers,0,134,Pittsburgh Pirates,2,1,2,2
414537,2015,2015-06-10,2015-06-10,R,143,Philadelphia Phillies,2,113,Cincinnati Reds,5,1,7,3
414538,2015,2015-06-10,2015-06-10,R,135,San Diego Padres,1,144,Atlanta Braves,4,1,5,3
414539,2015,2015-06-10,2015-06-10,R,136,Seattle Mariners,9,114,Cleveland Guardians,3,0,12,-6
414540,2015,2015-06-10,2015-06-10,R,137,San Francisco Giants,8,121,New York Mets,5,0,13,-3
414541,2015,2015-06-10,2015-06-10,R,138,St. Louis Cardinals,4,115,Colorado Rockies,2,0,6,-2
414542,2015,2015-06-10,2015-06-10,R,140,Texas Rangers,4,133,Athletics,5,1,9,1
414543,2015,2015-06-10,2015-06-10,R,120,Washington Nationals,5,147,New York Yankees,4,0,9,-1
414544,2015,2015-06-11,2015-06-11,R,108,Los Angeles Angels,6,139,Tampa Bay Rays,2,0,8,-4
414545,2015,2015-06-11,2015-06-11,R,111,Boston Red Sox,5,110,Baltimore Orioles,6,1,11,1
414546,2015,2015-06-11,2015-06-11,R,113,Cincinnati Reds,3,112,Chicago Cubs,6,1,9,3
414547,2015,2015-06-11,2015-06-11,R,115,Colorado Rockies,0,146,Miami Marlins,6,1,6,6
414548,2015,2015-06-11,2015-06-11,R,135,San Diego Padres,6,144,Atlanta Braves,4,0,10,-2
414549,2015,2015-06-11,2015-06-11,R,136,Seattle Mariners,0,114,Cleveland Guardians,6,1,6,6
414550,2015,2015-06-11,2015-06-11,R,137,San Francisco Giants,4,121,New York Mets,5,1,9,1
414551,2015,2015-06-11,2015-06-11,R,140,Texas Rangers,0,133,Athletics,7,1,7,7
414552,2015,2015-06-11,2015-06-11,R,120,Washington Nationals,5,158,Milwaukee Brewers,6,1,11,1
414553,2015,2015-06-12,2015-06-12,R,109,Arizona Diamondbacks,1,137,San Francisco Giants,0,0,1,-1
414554,2015,2015-06-12,2015-06-12,R,144,Atlanta Braves,3,121,New York Mets,5,1,8,2
414555,2015,2015-06-12,2015-06-12,R,145,Chicago White Sox,5,139,Tampa Bay Rays,7,1,12,2
414556,2015,2015-06-12,2015-06-12,R,113,Cincinnati Reds,5,112,Chicago Cubs,4,0,9,-1
414557,2015,2015-06-12,2015-06-12,R,114,Cleveland Guardians,0,116,Detroit Tigers,4,1,4,4
414558,2015,2015-06-12,2015-06-12,R,115,Colorado Rockies,1,146,Miami Marlins,5,1,6,4
414559,2015,2015-06-12,2015-06-12,R,118,Kansas City Royals,0,138,St. Louis Cardinals,4,1,4,4
414560,2015,2015-06-12,2015-06-12,R,119,Los Angeles Dodgers,4,135,San Diego Padres,3,0,7,-1
414561,2015,2015-06-12,2015-06-12,R,142,Minnesota Twins,2,140,Texas Rangers,6,1,8,4
414562,2015,2015-06-12,2015-06-12,R,147,New York Yankees,3,110,Baltimore Orioles,11,1,14,8
414563,2015,2015-06-12,2015-06-12,R,133,Athletics,4,108,Los Angeles Angels,5,1,9,1
414564,2015,2015-06-12,2015-06-12,R,143,Philadelphia Phillies,0,134,Pittsburgh Pirates,1,1,1,1
414565,2015,2015-06-12,2015-06-12,R,136,Seattle Mariners,0,117,Houston Astros,10,1,10,10
414566,2015,2015-06-12,2015-06-12,R,141,Toronto Blue Jays,13,111,Boston Red Sox,10,0,23,-3
414567,2015,2015-06-12,2015-06-12,R,120,Washington Nationals,4,158,Milwaukee Brewers,8,1,12,4
414568,2015,2015-06-13,2015-06-13,R,109,Arizona Diamondbacks,4,137,San Francisco Giants,2,0,6,-2
414569,2015,2015-06-13,2015-06-13,R,144,Atlanta Braves,5,121,New York Mets,3,0,8,-2
414570,2015,2015-06-13,2015-06-13,R,145,Chicago White Sox,4,139,Tampa Bay Rays,5,1,9,1
414571,2015,2015-06-13,2015-06-13,R,113,Cincinnati Reds,3,112,Chicago Cubs,4,1,7,1
414572,2015,2015-06-13,2015-06-13,R,114,Cleveland Guardians,5,116,Detroit Tigers,4,0,9,-1
414573,2015,2015-06-13,2015-06-13,R,115,Colorado Rockies,1,146,Miami Marlins,4,1,5,3
414574,2015,2015-06-13,2015-06-13,R,118,Kansas City Royals,2,138,St. Louis Cardinals,3,1,5,1
414575,2015,2015-06-13,2015-06-13,R,119,Los Angeles Dodgers,1,135,San Diego Padres,2,1,3,1
414576,2015,2015-06-13,2015-06-13,R,142,Minnesota Twins,7,140,Texas Rangers,11,1,18,4
414577,2015,2015-06-13,2015-06-13,R,147,New York Yankees,4,110,Baltimore Orioles,9,1,13,5
414578,2015,2015-06-13,2015-06-13,R,133,Athletics,0,108,Los Angeles Angels,1,1,1,1
414579,2015,2015-06-13,2015-06-13,R,143,Philadelphia Phillies,3,134,Pittsburgh Pirates,4,1,7,1
414580,2015,2015-06-13,2015-06-13,R,136,Seattle Mariners,8,117,Houston Astros,1,0,9,-7
414581,2015,2015-06-13,2015-06-13,R,141,Toronto Blue Jays,5,111,Boston Red Sox,4,0,9,-1
414582,2015,2015-06-13,2015-06-13,R,120,Washington Nationals,7,158,Milwaukee Brewers,2,0,9,-5
414583,2015,2015-06-14,2015-06-14,R,109,Arizona Diamondbacks,4,137,San Francisco Giants,0,0,4,-4
414584,2015,2015-06-14,2015-06-14,R,144,Atlanta Braves,8,121,New York Mets,10,1,18,2
414585,2015,2015-06-14,2015-06-14,R,145,Chicago White Sox,1,139,Tampa Bay Rays,2,1,3,1
414586,2015,2015-06-14,2015-06-14,R,113,Cincinnati Reds,1,112,Chicago Cubs,2,1,3,1
414587,2015,2015-06-14,2015-06-14,R,114,Cleveland Guardians,1,116,Detroit Tigers,8,1,9,7
414588,2015,2015-06-14,2015-06-14,R,115,Colorado Rockies,4,146,Miami Marlins,1,0,5,-3
414590,2015,2015-06-14,2015-06-14,R,119,Los Angeles Dodgers,4,135,San Diego Padres,2,0,6,-2
414591,2015,2015-06-14,2015-06-14,R,142,Minnesota Twins,4,140,Texas Rangers,3,0,7,-1
414592,2015,2015-06-14,2015-06-14,R,147,New York Yankees,5,110,Baltimore Orioles,3,0,8,-2
414593,2015,2015-06-14,2015-06-14,R,133,Athletics,8,108,Los Angeles Angels,1,0,9,-7
414594,2015,2015-06-14,2015-06-14,R,143,Philadelphia Phillies,0,134,Pittsburgh Pirates,1,1,1,1
414595,2015,2015-06-14,2015-06-14,R,136,Seattle Mariners,0,117,Houston Astros,13,1,13,13
414596,2015,2015-06-14,2015-06-14,R,141,Toronto Blue Jays,13,111,Boston Red Sox,5,0,18,-8
414597,2015,2015-06-14,2015-06-14,R,120,Washington Nationals,4,158,Milwaukee Brewers,0,0,4,-4
414598,2015,2015-06-15,2015-06-15,R,109,Arizona Diamondbacks,7,108,Los Angeles Angels,3,0,10,-4
414599,2015,2015-06-15,2015-06-15,R,144,Atlanta Braves,4,111,Boston Red Sox,2,0,6,-2
414600,2015,2015-06-15,2015-06-15,R,145,Chicago White Sox,0,134,Pittsburgh Pirates,11,1,11,11
414601,2015,2015-06-15,2015-06-15,R,113,Cincinnati Reds,0,116,Detroit Tigers,6,1,6,6
414603,2015,2015-06-15,2015-06-15,R,115,Colorado Rockies,3,117,Houston Astros,6,1,9,3
414604,2015,2015-06-15,2015-06-15,R,118,Kansas City Royals,8,158,Milwaukee Brewers,5,0,13,-3
414605,2015,2015-06-15,2015-06-15,R,119,Los Angeles Dodgers,1,140,Texas Rangers,4,1,5,3
414606,2015,2015-06-15,2015-06-15,R,142,Minnesota Twins,2,138,St. Louis Cardinals,3,1,5,1
414607,2015,2015-06-15,2015-06-15,R,147,New York Yankees,1,146,Miami Marlins,2,1,3,1
414608,2015,2015-06-15,2015-06-15,R,133,Athletics,9,135,San Diego Padres,1,0,10,-8
414609,2015,2015-06-15,2015-06-15,R,143,Philadelphia Phillies,0,110,Baltimore Orioles,4,1,4,4
414610,2015,2015-06-15,2015-06-15,R,136,Seattle Mariners,5,137,San Francisco Giants,1,0,6,-4
414611,2015,2015-06-15,2015-06-15,R,141,Toronto Blue Jays,3,121,New York Mets,4,1,7,1
414612,2015,2015-06-15,2015-06-15,R,120,Washington Nationals,1,139,Tampa Bay Rays,6,1,7,5
414613,2015,2015-06-16,2015-06-16,R,109,Arizona Diamondbacks,1,108,Los Angeles Angels,4,1,5,3
414614,2015,2015-06-16,2015-06-16,R,144,Atlanta Braves,4,111,Boston Red Sox,9,1,13,5
414615,2015,2015-06-16,2015-06-16,R,145,Chicago White Sox,0,134,Pittsburgh Pirates,3,1,3,3
414616,2015,2015-06-16,2015-06-16,R,113,Cincinnati Reds,5,116,Detroit Tigers,2,0,7,-3
414617,2015,2015-06-16,2015-06-16,R,114,Cleveland Guardians,6,112,Chicago Cubs,0,0,6,-6
414618,2015,2015-06-16,2015-06-16,R,115,Colorado Rockies,5,117,Houston Astros,8,1,13,3
414619,2015,2015-06-16,2015-06-16,R,118,Kansas City Royals,7,158,Milwaukee Brewers,2,0,9,-5
414620,2015,2015-06-16,2015-06-16,R,119,Los Angeles Dodgers,2,140,Texas Rangers,3,1,5,1
414621,2015,2015-06-16,2015-06-16,R,142,Minnesota Twins,2,138,St. Louis Cardinals,3,1,5,1
414622,2015,2015-06-16,2015-06-16,R,147,New York Yankees,2,146,Miami Marlins,12,1,14,10
414623,2015,2015-06-16,2015-06-16,R,133,Athletics,6,135,San Diego Padres,5,0,11,-1
414624,2015,2015-06-16,2015-06-16,R,143,Philadelphia Phillies,3,110,Baltimore Orioles,19,1,22,16
414625,2015,2015-06-16,2015-06-16,R,136,Seattle Mariners,2,137,San Francisco Giants,6,1,8,4
414626,2015,2015-06-16,2015-06-16,R,141,Toronto Blue Jays,2,121,New York Mets,3,1,5,1
414627,2015,2015-06-16,2015-06-16,R,120,Washington Nationals,16,139,Tampa Bay Rays,4,0,20,-12
414628,2015,2015-06-17,2015-06-17,R,108,Los Angeles Angels,2,109,Arizona Diamondbacks,3,1,5,1
414629,2015,2015-06-17,2015-06-17,R,110,Baltimore Orioles,6,143,Philadelphia Phillies,4,0,10,-2
414630,2015,2015-06-17,2015-06-17,R,111,Boston Red Sox,2,144,Atlanta Braves,5,1,7,3
414631,2015,2015-06-17,2015-06-17,R,112,Chicago Cubs,17,114,Cleveland Guardians,0,0,17,-17
414632,2015,2015-06-17,2015-06-17,R,116,Detroit Tigers,4,113,Cincinnati Reds,8,1,12,4
414633,2015,2015-06-17,2015-06-17,R,117,Houston Astros,8,115,Colorado Rockies,4,0,12,-4
414634,2015,2015-06-17,2015-06-17,R,146,Miami Marlins,1,147,New York Yankees,2,1,3,1
414635,2015,2015-06-17,2015-06-17,R,158,Milwaukee Brewers,2,118,Kansas City Royals,10,1,12,8
414636,2015,2015-06-17,2015-06-17,R,121,New York Mets,0,141,Toronto Blue Jays,8,1,8,8
414637,2015,2015-06-17,2015-06-17,R,134,Pittsburgh Pirates,3,145,Chicago White Sox,2,0,5,-1
414638,2015,2015-06-17,2015-06-17,R,135,San Diego Padres,2,133,Athletics,16,1,18,14
414639,2015,2015-06-17,2015-06-17,R,137,San Francisco Giants,0,136,Seattle Mariners,2,1,2,2
414640,2015,2015-06-17,2015-06-17,R,138,St. Louis Cardinals,1,142,Minnesota Twins,3,1,4,2
414641,2015,2015-06-17,2015-06-17,R,139,Tampa Bay Rays,5,120,Washington Nationals,0,0,5,-5
414642,2015,2015-06-17,2015-06-17,R,140,Texas Rangers,5,119,Los Angeles Dodgers,3,0,8,-2
414643,2015,2015-06-18,2015-06-18,R,108,Los Angeles Angels,7,109,Arizona Diamondbacks,1,0,8,-6
414644,2015,2015-06-18,2015-06-18,R,110,Baltimore Orioles,1,143,Philadelphia Phillies,2,1,3,1
414645,2015,2015-06-18,2015-06-18,R,111,Boston Red Sox,5,144,Atlanta Braves,2,0,7,-3
414646,2015,2015-06-18,2015-06-18,R,112,Chicago Cubs,3,114,Cleveland Guardians,4,1,7,1
414648,2015,2015-06-18,2015-06-18,R,117,Houston Astros,8,115,Colorado Rockies,4,0,12,-4
414649,2015,2015-06-18,2015-06-18,R,146,Miami Marlins,4,147,New York Yankees,9,1,13,5
414650,2015,2015-06-18,2015-06-18,R,158,Milwaukee Brewers,2,118,Kansas City Royals,3,1,5,1
414651,2015,2015-06-18,2015-06-18,R,121,New York Mets,1,141,Toronto Blue Jays,7,1,8,6
414652,2015,2015-06-18,2015-06-18,R,134,Pittsburgh Pirates,3,145,Chicago White Sox,2,0,5,-1
414653,2015,2015-06-18,2015-06-18,R,135,San Diego Padres,3,133,Athletics,1,0,4,-2
414654,2015,2015-06-18,2015-06-18,R,137,San Francisco Giants,7,136,Seattle Mariners,0,0,7,-7
414655,2015,2015-06-18,2015-06-18,R,138,St. Louis Cardinals,1,142,Minnesota Twins,2,1,3,1
414656,2015,2015-06-18,2015-06-18,R,139,Tampa Bay Rays,5,120,Washington Nationals,3,0,8,-2
414657,2015,2015-06-18,2015-06-18,R,140,Texas Rangers,0,119,Los Angeles Dodgers,1,1,1,1
414658,2015,2015-06-19,2015-06-19,R,108,Los Angeles Angels,12,133,Athletics,7,0,19,-5
414659,2015,2015-06-19,2015-06-19,R,110,Baltimore Orioles,4,141,Toronto Blue Jays,5,1,9,1
414660,2015,2015-06-19,2015-06-19,R,111,Boston Red Sox,7,118,Kansas City Royals,3,0,10,-4
414661,2015,2015-06-19,2015-06-19,R,112,Chicago Cubs,2,142,Minnesota Twins,7,1,9,5
414662,2015,2015-06-19,2015-06-19,R,116,Detroit Tigers,2,147,New York Yankees,7,1,9,5
414663,2015,2015-06-19,2015-06-19,R,117,Houston Astros,2,136,Seattle Mariners,5,1,7,3
414664,2015,2015-06-19,2015-06-19,R,146,Miami Marlins,0,113,Cincinnati Reds,5,1,5,5
414665,2015,2015-06-19,2015-06-19,R,158,Milwaukee Brewers,9,115,Colorado Rockies,5,0,14,-4
414666,2015,2015-06-19,2015-06-19,R,121,New York Mets,1,144,Atlanta Braves,2,1,3,1
414667,2015,2015-06-19,2015-06-19,R,134,Pittsburgh Pirates,1,120,Washington Nationals,4,1,5,3
414668,2015,2015-06-19,2015-06-19,R,135,San Diego Padres,2,109,Arizona Diamondbacks,4,1,6,2
414669,2015,2015-06-19,2015-06-19,R,137,San Francisco Giants,9,119,Los Angeles Dodgers,5,0,14,-4
414670,2015,2015-06-19,2015-06-19,R,138,St. Louis Cardinals,12,143,Philadelphia Phillies,4,0,16,-8
414671,2015,2015-06-19,2015-06-19,R,139,Tampa Bay Rays,4,114,Cleveland Guardians,1,0,5,-3
414672,2015,2015-06-19,2015-06-19,R,140,Texas Rangers,2,145,Chicago White Sox,1,0,3,-1
414673,2015,2015-06-20,2015-06-20,R,108,Los Angeles Angels,1,133,Athletics,4,1,5,3
414674,2015,2015-06-20,2015-06-20,R,110,Baltimore Orioles,5,141,Toronto Blue Jays,3,0,8,-2
414675,2015,2015-06-20,2015-06-20,R,111,Boston Red Sox,4,118,Kansas City Royals,7,1,11,3
414676,2015,2015-06-20,2015-06-20,R,112,Chicago Cubs,4,142,Minnesota Twins,1,0,5,-3
414677,2015,2015-06-20,2015-06-20,R,116,Detroit Tigers,3,147,New York Yankees,14,1,17,11
414678,2015,2015-06-20,2015-06-20,R,117,Houston Astros,3,136,Seattle Mariners,6,1,9,3
414679,2015,2015-06-20,2015-06-20,R,146,Miami Marlins,5,113,Cincinnati Reds,0,0,5,-5
414680,2015,2015-06-20,2015-06-20,R,158,Milwaukee Brewers,1,115,Colorado Rockies,5,1,6,4
414681,2015,2015-06-20,2015-06-20,R,121,New York Mets,4,144,Atlanta Braves,6,1,10,2
414682,2015,2015-06-20,2015-06-20,R,134,Pittsburgh Pirates,0,120,Washington Nationals,6,1,6,6
414683,2015,2015-06-20,2015-06-20,R,135,San Diego Padres,8,109,Arizona Diamondbacks,1,0,9,-7
414684,2015,2015-06-20,2015-06-20,R,137,San Francisco Giants,6,119,Los Angeles Dodgers,2,0,8,-4
414685,2015,2015-06-20,2015-06-20,R,138,St. Louis Cardinals,10,143,Philadelphia Phillies,1,0,11,-9
414686,2015,2015-06-20,2015-06-20,R,139,Tampa Bay Rays,4,114,Cleveland Guardians,1,0,5,-3
414687,2015,2015-06-20,2015-06-20,R,140,Texas Rangers,2,145,Chicago White Sox,3,1,5,1
414688,2015,2015-06-21,2015-06-21,R,108,Los Angeles Angels,2,133,Athletics,3,1,5,1
414689,2015,2015-06-21,2015-06-21,R,110,Baltimore Orioles,13,141,Toronto Blue Jays,9,0,22,-4
414690,2015,2015-06-21,2015-06-21,R,111,Boston Red Sox,13,118,Kansas City Royals,2,0,15,-11
414691,2015,2015-06-21,2015-06-21,R,112,Chicago Cubs,8,142,Minnesota Twins,0,0,8,-8
414692,2015,2015-06-21,2015-06-21,R,116,Detroit Tigers,12,147,New York Yankees,4,0,16,-8
414693,2015,2015-06-21,2015-06-21,R,117,Houston Astros,6,136,Seattle Mariners,2,0,8,-4
414694,2015,2015-06-21,2015-06-21,R,146,Miami Marlins,2,113,Cincinnati Reds,5,1,7,3
414695,2015,2015-06-21,2015-06-21,R,158,Milwaukee Brewers,4,115,Colorado Rockies,10,1,14,6
414696,2015,2015-06-21,2015-06-21,R,121,New York Mets,0,144,Atlanta Braves,1,1,1,1
414697,2015,2015-06-21,2015-06-21,R,134,Pittsburgh Pirates,2,120,Washington Nationals,9,1,11,7
414698,2015,2015-06-21,2015-06-21,R,135,San Diego Padres,2,109,Arizona Diamondbacks,7,1,9,5
414699,2015,2015-06-21,2015-06-21,R,137,San Francisco Giants,2,119,Los Angeles Dodgers,10,1,12,8
414700,2015,2015-06-21,2015-06-21,R,138,St. Louis Cardinals,2,143,Philadelphia Phillies,9,1,11,7
414701,2015,2015-06-21,2015-06-21,R,139,Tampa Bay Rays,0,114,Cleveland Guardians,1,1,1,1
414702,2015,2015-06-21,2015-06-21,R,140,Texas Rangers,2,145,Chicago White Sox,3,1,5,1
414703,2015,2015-06-22,2015-06-22,R,145,Chicago White Sox,2,142,Minnesota Twins,13,1,15,11
414704,2015,2015-06-22,2015-06-22,R,116,Detroit Tigers,8,114,Cleveland Guardians,5,0,13,-3
414705,2015,2015-06-22,2015-06-22,R,117,Houston Astros,3,108,Los Angeles Angels,4,1,7,1
414706,2015,2015-06-22,2015-06-22,R,118,Kansas City Royals,4,136,Seattle Mariners,1,0,5,-3
414707,2015,2015-06-22,2015-06-22,R,119,Los Angeles Dodgers,2,112,Chicago Cubs,4,1,6,2
414708,2015,2015-06-22,2015-06-22,R,143,Philadelphia Phillies,11,147,New York Yankees,8,0,19,-3
414709,2015,2015-06-22,2015-06-22,R,141,Toronto Blue Jays,8,139,Tampa Bay Rays,5,0,13,-3
414710,2015,2015-06-23,2015-06-23,R,109,Arizona Diamondbacks,5,115,Colorado Rockies,10,1,15,5
414711,2015,2015-06-23,2015-06-23,R,144,Atlanta Braves,1,120,Washington Nationals,3,1,4,2
414712,2015,2015-06-23,2015-06-23,R,110,Baltimore Orioles,6,111,Boston Red Sox,4,0,10,-2
414713,2015,2015-06-23,2015-06-23,R,145,Chicago White Sox,6,142,Minnesota Twins,2,0,8,-4
414714,2015,2015-06-23,2015-06-23,R,113,Cincinnati Reds,6,134,Pittsburgh Pirates,7,1,13,1
414715,2015,2015-06-23,2015-06-23,R,116,Detroit Tigers,7,114,Cleveland Guardians,3,0,10,-4
414716,2015,2015-06-23,2015-06-23,R,117,Houston Astros,13,108,Los Angeles Angels,3,0,16,-10
414717,2015,2015-06-23,2015-06-23,R,118,Kansas City Royals,0,136,Seattle Mariners,7,1,7,7
414718,2015,2015-06-23,2015-06-23,R,119,Los Angeles Dodgers,0,112,Chicago Cubs,1,1,1,1
414719,2015,2015-06-23,2015-06-23,R,121,New York Mets,2,158,Milwaukee Brewers,3,1,5,1
414720,2015,2015-06-23,2015-06-23,R,133,Athletics,8,140,Texas Rangers,6,0,14,-2
414721,2015,2015-06-23,2015-06-23,R,143,Philadelphia Phillies,11,147,New York Yankees,6,0,17,-5
414722,2015,2015-06-23,2015-06-23,R,135,San Diego Padres,3,137,San Francisco Giants,2,0,5,-1
414723,2015,2015-06-23,2015-06-23,R,138,St. Louis Cardinals,4,146,Miami Marlins,3,0,7,-1
414724,2015,2015-06-23,2015-06-23,R,141,Toronto Blue Jays,3,139,Tampa Bay Rays,4,1,7,1
414725,2015,2015-06-24,2015-06-24,R,109,Arizona Diamondbacks,8,115,Colorado Rockies,7,0,15,-1
414726,2015,2015-06-24,2015-06-24,R,144,Atlanta Braves,1,120,Washington Nationals,2,1,3,1
414727,2015,2015-06-24,2015-06-24,R,110,Baltimore Orioles,1,111,Boston Red Sox,5,1,6,4
414728,2015,2015-06-24,2015-06-24,R,145,Chicago White Sox,1,142,Minnesota Twins,6,1,7,5
414729,2015,2015-06-24,2015-06-24,R,113,Cincinnati Reds,5,134,Pittsburgh Pirates,2,0,7,-3
414730,2015,2015-06-24,2015-06-24,R,116,Detroit Tigers,2,114,Cleveland Guardians,8,1,10,6
414731,2015,2015-06-24,2015-06-24,R,117,Houston Astros,1,108,Los Angeles Angels,2,1,3,1
414732,2015,2015-06-24,2015-06-24,R,118,Kansas City Royals,8,136,Seattle Mariners,2,0,10,-6
414733,2015,2015-06-24,2015-06-24,R,119,Los Angeles Dodgers,5,112,Chicago Cubs,2,0,7,-3
414734,2015,2015-06-24,2015-06-24,R,121,New York Mets,1,158,Milwaukee Brewers,4,1,5,3
414735,2015,2015-06-24,2015-06-24,R,133,Athletics,8,140,Texas Rangers,2,0,10,-6
414736,2015,2015-06-24,2015-06-24,R,143,Philadelphia Phillies,2,147,New York Yankees,10,1,12,8
414737,2015,2015-06-24,2015-06-24,R,135,San Diego Padres,0,137,San Francisco Giants,6,1,6,6
414738,2015,2015-06-24,2015-06-24,R,138,St. Louis Cardinals,6,146,Miami Marlins,1,0,7,-5
414739,2015,2015-06-24,2015-06-24,R,141,Toronto Blue Jays,1,139,Tampa Bay Rays,0,0,1,-1
414740,2015,2015-06-25,2015-06-25,R,109,Arizona Diamondbacks,4,115,Colorado Rockies,6,1,10,2
414741,2015,2015-06-25,2015-06-25,R,144,Atlanta Braves,0,120,Washington Nationals,7,1,7,7
414742,2015,2015-06-25,2015-06-25,R,110,Baltimore Orioles,8,111,Boston Red Sox,6,0,14,-2
414743,2015,2015-06-25,2015-06-25,R,145,Chicago White Sox,8,116,Detroit Tigers,7,0,15,-1
414744,2015,2015-06-25,2015-06-25,R,113,Cincinnati Reds,5,134,Pittsburgh Pirates,4,0,9,-1
414745,2015,2015-06-25,2015-06-25,R,119,Los Angeles Dodgers,4,112,Chicago Cubs,0,0,4,-4
414746,2015,2015-06-25,2015-06-25,R,147,New York Yankees,0,117,Houston Astros,4,1,4,4
414747,2015,2015-06-25,2015-06-25,R,121,New York Mets,2,158,Milwaukee Brewers,0,0,2,-2
414748,2015,2015-06-25,2015-06-25,R,133,Athletics,6,140,Texas Rangers,3,0,9,-3
414749,2015,2015-06-25,2015-06-25,R,135,San Diego Padres,8,137,San Francisco Giants,13,1,21,5
414750,2015,2015-06-25,2015-06-25,R,138,St. Louis Cardinals,5,146,Miami Marlins,1,0,6,-4
414751,2015,2015-06-26,2015-06-26,R,109,Arizona Diamondbacks,2,135,San Diego Padres,4,1,6,2
414752,2015,2015-06-26,2015-06-26,R,144,Atlanta Braves,2,134,Pittsburgh Pirates,3,1,5,1
414753,2015,2015-06-26,2015-06-26,R,111,Boston Red Sox,4,139,Tampa Bay Rays,3,0,7,-1
414754,2015,2015-06-26,2015-06-26,R,145,Chicago White Sox,4,116,Detroit Tigers,5,1,9,1
414755,2015,2015-06-26,2015-06-26,R,112,Chicago Cubs,2,138,St. Louis Cardinals,3,1,5,1
414756,2015,2015-06-26,2015-06-26,R,113,Cincinnati Reds,1,121,New York Mets,2,1,3,1
414757,2015,2015-06-26,2015-06-26,R,114,Cleveland Guardians,3,110,Baltimore Orioles,4,1,7,1
414758,2015,2015-06-26,2015-06-26,R,115,Colorado Rockies,8,137,San Francisco Giants,6,0,14,-2
414759,2015,2015-06-26,2015-06-26,R,118,Kansas City Royals,5,133,Athletics,2,0,7,-3
414760,2015,2015-06-26,2015-06-26,R,119,Los Angeles Dodgers,7,146,Miami Marlins,1,0,8,-6
414761,2015,2015-06-26,2015-06-26,R,142,Minnesota Twins,4,158,Milwaukee Brewers,10,1,14,6
414762,2015,2015-06-26,2015-06-26,R,147,New York Yankees,3,117,Houston Astros,2,0,5,-1
414763,2015,2015-06-26,2015-06-26,R,136,Seattle Mariners,3,108,Los Angeles Angels,1,0,4,-2
414764,2015,2015-06-26,2015-06-26,R,140,Texas Rangers,2,141,Toronto Blue Jays,12,1,14,10
414765,2015,2015-06-26,2015-06-26,R,120,Washington Nationals,5,143,Philadelphia Phillies,2,0,7,-3
414766,2015,2015-06-27,2015-06-27,R,109,Arizona Diamondbacks,2,135,San Diego Padres,7,1,9,5
414767,2015,2015-06-27,2015-06-27,R,144,Atlanta Braves,4,134,Pittsburgh Pirates,8,1,12,4
414768,2015,2015-06-27,2015-06-27,R,111,Boston Red Sox,1,139,Tampa Bay Rays,4,1,5,3
414770,2015,2015-06-27,2015-06-27,R,112,Chicago Cubs,1,138,St. Louis Cardinals,8,1,9,7
414771,2015,2015-06-27,2015-06-27,R,113,Cincinnati Reds,1,121,New York Mets,2,1,3,1
414773,2015,2015-06-27,2015-06-27,R,115,Colorado Rockies,5,137,San Francisco Giants,7,1,12,2
414774,2015,2015-06-27,2015-06-27,R,118,Kansas City Royals,3,133,Athletics,2,0,5,-1
414775,2015,2015-06-27,2015-06-27,R,119,Los Angeles Dodgers,2,146,Miami Marlins,3,1,5,1
414776,2015,2015-06-27,2015-06-27,R,142,Minnesota Twins,5,158,Milwaukee Brewers,2,0,7,-3
414777,2015,2015-06-27,2015-06-27,R,147,New York Yankees,9,117,Houston Astros,6,0,15,-3
414778,2015,2015-06-27,2015-06-27,R,136,Seattle Mariners,2,108,Los Angeles Angels,4,1,6,2
414779,2015,2015-06-27,2015-06-27,R,140,Texas Rangers,4,141,Toronto Blue Jays,0,0,4,-4
414772,2015,2015-06-28,2015-06-28,R,114,Cleveland Guardians,0,110,Baltimore Orioles,8,1,8,8
414780,2015,2015-06-28,2015-06-28,R,120,Washington Nationals,5,143,Philadelphia Phillies,8,1,13,3
414781,2015,2015-06-28,2015-06-28,R,109,Arizona Diamondbacks,6,135,San Diego Padres,4,0,10,-2
414782,2015,2015-06-28,2015-06-28,R,144,Atlanta Braves,2,134,Pittsburgh Pirates,1,0,3,-1
414783,2015,2015-06-28,2015-06-28,R,111,Boston Red Sox,5,139,Tampa Bay Rays,3,0,8,-2
414784,2015,2015-06-28,2015-06-28,R,145,Chicago White Sox,4,116,Detroit Tigers,5,1,9,1
414785,2015,2015-06-28,2015-06-28,R,112,Chicago Cubs,1,138,St. Louis Cardinals,4,1,5,3
414786,2015,2015-06-28,2015-06-28,R,113,Cincinnati Reds,2,121,New York Mets,7,1,9,5
414787,2015,2015-06-28,2015-06-28,R,114,Cleveland Guardians,0,110,Baltimore Orioles,4,1,4,4
414788,2015,2015-06-28,2015-06-28,R,115,Colorado Rockies,3,137,San Francisco Giants,6,1,9,3
414789,2015,2015-06-28,2015-06-28,R,118,Kansas City Royals,5,133,Athletics,3,0,8,-2
414790,2015,2015-06-28,2015-06-28,R,119,Los Angeles Dodgers,2,146,Miami Marlins,0,0,2,-2
414791,2015,2015-06-28,2015-06-28,R,142,Minnesota Twins,3,158,Milwaukee Brewers,5,1,8,2
414792,2015,2015-06-28,2015-06-28,R,147,New York Yankees,1,117,Houston Astros,3,1,4,2
414793,2015,2015-06-28,2015-06-28,R,136,Seattle Mariners,2,108,Los Angeles Angels,3,1,5,1
414794,2015,2015-06-28,2015-06-28,R,140,Texas Rangers,2,141,Toronto Blue Jays,3,1,5,1
414795,2015,2015-06-28,2015-06-28,R,120,Washington Nationals,3,143,Philadelphia Phillies,2,0,5,-1
414796,2015,2015-06-29,2015-06-29,R,111,Boston Red Sox,3,141,Toronto Blue Jays,1,0,4,-2
414797,2015,2015-06-29,2015-06-29,R,114,Cleveland Guardians,7,139,Tampa Bay Rays,1,0,8,-6
414798,2015,2015-06-29,2015-06-29,R,115,Colorado Rockies,1,133,Athletics,7,1,8,6
414799,2015,2015-06-29,2015-06-29,R,118,Kansas City Royals,1,117,Houston Astros,6,1,7,5
414800,2015,2015-06-29,2015-06-29,R,119,Los Angeles Dodgers,6,109,Arizona Diamondbacks,10,1,16,4
414801,2015,2015-06-29,2015-06-29,R,158,Milwaukee Brewers,7,143,Philadelphia Phillies,4,0,11,-3
414802,2015,2015-06-29,2015-06-29,R,142,Minnesota Twins,7,113,Cincinnati Reds,11,1,18,4
414803,2015,2015-06-29,2015-06-29,R,147,New York Yankees,1,108,Los Angeles Angels,4,1,5,3
414804,2015,2015-06-29,2015-06-29,R,140,Texas Rangers,8,110,Baltimore Orioles,1,0,9,-7
414805,2015,2015-06-30,2015-06-30,R,111,Boston Red Sox,4,141,Toronto Blue Jays,3,0,7,-1
414806,2015,2015-06-30,2015-06-30,R,145,Chicago White Sox,2,138,St. Louis Cardinals,1,0,3,-1
414807,2015,2015-06-30,2015-06-30,R,112,Chicago Cubs,1,121,New York Mets,0,0,1,-1
414808,2015,2015-06-30,2015-06-30,R,114,Cleveland Guardians,6,139,Tampa Bay Rays,2,0,8,-4
414809,2015,2015-06-30,2015-06-30,R,115,Colorado Rockies,2,133,Athletics,1,0,3,-1
414810,2015,2015-06-30,2015-06-30,R,118,Kansas City Royals,0,117,Houston Astros,4,1,4,4
414811,2015,2015-06-30,2015-06-30,R,119,Los Angeles Dodgers,6,109,Arizona Diamondbacks,4,0,10,-2
414812,2015,2015-06-30,2015-06-30,R,158,Milwaukee Brewers,4,143,Philadelphia Phillies,3,0,7,-1
414813,2015,2015-06-30,2015-06-30,R,142,Minnesota Twins,8,113,Cincinnati Reds,5,0,13,-3
414814,2015,2015-06-30,2015-06-30,R,147,New York Yankees,1,108,Los Angeles Angels,2,1,3,1
414815,2015,2015-06-30,2015-06-30,R,134,Pittsburgh Pirates,5,116,Detroit Tigers,4,0,9,-1
414816,2015,2015-06-30,2015-06-30,R,136,Seattle Mariners,5,135,San Diego Padres,0,0,5,-5
414817,2015,2015-06-30,2015-06-30,R,137,San Francisco Giants,3,146,Miami Marlins,5,1,8,2
414818,2015,2015-06-30,2015-06-30,R,140,Texas Rangers,8,110,Baltimore Orioles,6,0,14,-2
414819,2015,2015-06-30,2015-06-30,R,120,Washington Nationals,6,144,Atlanta Braves,1,0,7,-5
414820,2015,2015-07-01,2015-07-01,R,111,Boston Red Sox,2,141,Toronto Blue Jays,11,1,13,9
414821,2015,2015-07-01,2015-07-01,R,145,Chicago White Sox,7,138,St. Louis Cardinals,1,0,8,-6
414822,2015,2015-07-01,2015-07-01,R,112,Chicago Cubs,2,121,New York Mets,0,0,2,-2
414823,2015,2015-07-01,2015-07-01,R,114,Cleveland Guardians,8,139,Tampa Bay Rays,1,0,9,-7
414824,2015,2015-07-01,2015-07-01,R,115,Colorado Rockies,1,133,Athletics,4,1,5,3
414825,2015,2015-07-01,2015-07-01,R,118,Kansas City Royals,5,117,Houston Astros,6,1,11,1
414826,2015,2015-07-01,2015-07-01,R,119,Los Angeles Dodgers,4,109,Arizona Diamondbacks,3,0,7,-1
414827,2015,2015-07-01,2015-07-01,R,158,Milwaukee Brewers,9,143,Philadelphia Phillies,5,0,14,-4
414828,2015,2015-07-01,2015-07-01,R,142,Minnesota Twins,1,113,Cincinnati Reds,2,1,3,1
414829,2015,2015-07-01,2015-07-01,R,147,New York Yankees,3,108,Los Angeles Angels,1,0,4,-2
414830,2015,2015-07-01,2015-07-01,R,134,Pittsburgh Pirates,9,116,Detroit Tigers,3,0,12,-6
414831,2015,2015-07-01,2015-07-01,R,136,Seattle Mariners,7,135,San Diego Padres,0,0,7,-7
414832,2015,2015-07-01,2015-07-01,R,137,San Francisco Giants,5,146,Miami Marlins,6,1,11,1
414833,2015,2015-07-01,2015-07-01,R,140,Texas Rangers,2,110,Baltimore Orioles,4,1,6,2
414834,2015,2015-07-01,2015-07-01,R,120,Washington Nationals,1,144,Atlanta Braves,4,1,5,3
414835,2015,2015-07-02,2015-07-02,R,111,Boston Red Sox,12,141,Toronto Blue Jays,6,0,18,-6
414836,2015,2015-07-02,2015-07-02,R,112,Chicago Cubs,6,121,New York Mets,1,0,7,-5
414837,2015,2015-07-02,2015-07-02,R,114,Cleveland Guardians,5,139,Tampa Bay Rays,4,0,9,-1
414838,2015,2015-07-02,2015-07-02,R,115,Colorado Rockies,1,109,Arizona Diamondbacks,8,1,9,7
414839,2015,2015-07-02,2015-07-02,R,158,Milwaukee Brewers,8,143,Philadelphia Phillies,7,0,15,-1
414840,2015,2015-07-02,2015-07-02,R,142,Minnesota Twins,2,118,Kansas City Royals,0,0,2,-2
414841,2015,2015-07-02,2015-07-02,R,134,Pittsburgh Pirates,8,116,Detroit Tigers,4,0,12,-4
414842,2015,2015-07-02,2015-07-02,R,135,San Diego Padres,5,138,St. Louis Cardinals,3,0,8,-2
414843,2015,2015-07-02,2015-07-02,R,136,Seattle Mariners,0,133,Athletics,4,1,4,4
414844,2015,2015-07-02,2015-07-02,R,137,San Francisco Giants,4,146,Miami Marlins,5,1,9,1
414845,2015,2015-07-02,2015-07-02,R,140,Texas Rangers,2,110,Baltimore Orioles,0,0,2,-2
414846,2015,2015-07-02,2015-07-02,R,120,Washington Nationals,1,144,Atlanta Braves,2,1,3,1
414847,2015,2015-07-03,2015-07-03,R,108,Los Angeles Angels,8,140,Texas Rangers,2,0,10,-6
414848,2015,2015-07-03,2015-07-03,R,110,Baltimore Orioles,0,145,Chicago White Sox,1,1,1,1
414849,2015,2015-07-03,2015-07-03,R,114,Cleveland Guardians,5,134,Pittsburgh Pirates,2,0,7,-3
414850,2015,2015-07-03,2015-07-03,R,115,Colorado Rockies,3,109,Arizona Diamondbacks,4,1,7,1
414851,2015,2015-07-03,2015-07-03,R,117,Houston Astros,12,111,Boston Red Sox,8,0,20,-4
414852,2015,2015-07-03,2015-07-03,R,146,Miami Marlins,2,112,Chicago Cubs,1,0,3,-1
414853,2015,2015-07-03,2015-07-03,R,158,Milwaukee Brewers,12,113,Cincinnati Reds,1,0,13,-11
414854,2015,2015-07-03,2015-07-03,R,142,Minnesota Twins,2,118,Kansas City Royals,3,1,5,1
414855,2015,2015-07-03,2015-07-03,R,121,New York Mets,2,119,Los Angeles Dodgers,1,0,3,-1
414856,2015,2015-07-03,2015-07-03,R,143,Philadelphia Phillies,1,144,Atlanta Braves,2,1,3,1
414857,2015,2015-07-03,2015-07-03,R,135,San Diego Padres,2,138,St. Louis Cardinals,1,0,3,-1
414858,2015,2015-07-03,2015-07-03,R,136,Seattle Mariners,9,133,Athletics,5,0,14,-4
414859,2015,2015-07-03,2015-07-03,R,137,San Francisco Giants,1,120,Washington Nationals,2,1,3,1
414860,2015,2015-07-03,2015-07-03,R,139,Tampa Bay Rays,5,147,New York Yankees,7,1,12,2
414861,2015,2015-07-03,2015-07-03,R,141,Toronto Blue Jays,6,116,Detroit Tigers,8,1,14,2
414862,2015,2015-07-04,2015-07-04,R,108,Los Angeles Angels,13,140,Texas Rangers,0,0,13,-13
414863,2015,2015-07-04,2015-07-04,R,110,Baltimore Orioles,2,145,Chicago White Sox,3,1,5,1
414864,2015,2015-07-04,2015-07-04,R,114,Cleveland Guardians,0,134,Pittsburgh Pirates,1,1,1,1
414865,2015,2015-07-04,2015-07-04,R,115,Colorado Rockies,3,109,Arizona Diamondbacks,7,1,10,4
414866,2015,2015-07-04,2015-07-04,R,117,Houston Astros,1,111,Boston Red Sox,6,1,7,5
414867,2015,2015-07-04,2015-07-04,R,146,Miami Marlins,2,112,Chicago Cubs,7,1,9,5
414868,2015,2015-07-04,2015-07-04,R,158,Milwaukee Brewers,7,113,Cincinnati Reds,3,0,10,-4
414869,2015,2015-07-04,2015-07-04,R,142,Minnesota Twins,5,118,Kansas City Royals,3,0,8,-2
414870,2015,2015-07-04,2015-07-04,R,121,New York Mets,3,119,Los Angeles Dodgers,4,1,7,1
414871,2015,2015-07-04,2015-07-04,R,143,Philadelphia Phillies,5,144,Atlanta Braves,9,1,14,4
414872,2015,2015-07-04,2015-07-04,R,135,San Diego Padres,1,138,St. Louis Cardinals,2,1,3,1
414873,2015,2015-07-04,2015-07-04,R,136,Seattle Mariners,0,133,Athletics,2,1,2,2
414874,2015,2015-07-04,2015-07-04,R,137,San Francisco Giants,3,120,Washington Nationals,9,1,12,6
414875,2015,2015-07-04,2015-07-04,R,139,Tampa Bay Rays,2,147,New York Yankees,3,1,5,1
414876,2015,2015-07-04,2015-07-04,R,141,Toronto Blue Jays,3,116,Detroit Tigers,8,1,11,5
414877,2015,2015-07-05,2015-07-05,R,108,Los Angeles Angels,12,140,Texas Rangers,6,0,18,-6
414878,2015,2015-07-05,2015-07-05,R,110,Baltimore Orioles,9,145,Chicago White Sox,1,0,10,-8
414879,2015,2015-07-05,2015-07-05,R,114,Cleveland Guardians,3,134,Pittsburgh Pirates,5,1,8,2
414880,2015,2015-07-05,2015-07-05,R,115,Colorado Rockies,6,109,Arizona Diamondbacks,4,0,10,-2
414881,2015,2015-07-05,2015-07-05,R,117,Houston Astros,4,111,Boston Red Sox,5,1,9,1
414882,2015,2015-07-05,2015-07-05,R,146,Miami Marlins,0,112,Chicago Cubs,2,1,2,2
414883,2015,2015-07-05,2015-07-05,R,158,Milwaukee Brewers,6,113,Cincinnati Reds,1,0,7,-5
414884,2015,2015-07-05,2015-07-05,R,142,Minnesota Twins,2,118,Kansas City Royals,3,1,5,1
414885,2015,2015-07-05,2015-07-05,R,121,New York Mets,8,119,Los Angeles Dodgers,0,0,8,-8
414886,2015,2015-07-05,2015-07-05,R,143,Philadelphia Phillies,4,144,Atlanta Braves,0,0,4,-4
414887,2015,2015-07-05,2015-07-05,R,135,San Diego Padres,1,138,St. Louis Cardinals,3,1,4,2
414888,2015,2015-07-05,2015-07-05,R,136,Seattle Mariners,2,133,Athletics,1,0,3,-1
414889,2015,2015-07-05,2015-07-05,R,137,San Francisco Giants,1,120,Washington Nationals,3,1,4,2
414890,2015,2015-07-05,2015-07-05,R,139,Tampa Bay Rays,8,147,New York Yankees,1,0,9,-7
414891,2015,2015-07-05,2015-07-05,R,141,Toronto Blue Jays,10,116,Detroit Tigers,5,0,15,-5
414892,2015,2015-07-06,2015-07-06,R,144,Atlanta Braves,5,158,Milwaukee Brewers,3,0,8,-2
414893,2015,2015-07-06,2015-07-06,R,110,Baltimore Orioles,2,142,Minnesota Twins,4,1,6,2
414894,2015,2015-07-06,2015-07-06,R,113,Cincinnati Reds,3,120,Washington Nationals,2,0,5,-1
414895,2015,2015-07-06,2015-07-06,R,116,Detroit Tigers,12,136,Seattle Mariners,5,0,17,-7
414896,2015,2015-07-06,2015-07-06,R,117,Houston Astros,9,114,Cleveland Guardians,4,0,13,-5
414897,2015,2015-07-06,2015-07-06,R,121,New York Mets,3,137,San Francisco Giants,0,0,3,-3
414898,2015,2015-07-06,2015-07-06,R,143,Philadelphia Phillies,7,119,Los Angeles Dodgers,10,1,17,3
414899,2015,2015-07-06,2015-07-06,R,135,San Diego Padres,1,134,Pittsburgh Pirates,2,1,3,1
414900,2015,2015-07-06,2015-07-06,R,138,St. Louis Cardinals,6,112,Chicago Cubs,0,0,6,-6
414902,2015,2015-07-06,2015-07-06,R,141,Toronto Blue Jays,2,145,Chicago White Sox,4,1,6,2
413683,2015,2015-07-07,2015-07-07,R,138,St. Louis Cardinals,4,112,Chicago Cubs,7,1,11,3
414901,2015,2015-07-07,2015-07-07,R,139,Tampa Bay Rays,5,118,Kansas City Royals,9,1,14,4
414903,2015,2015-07-07,2015-07-07,R,108,Los Angeles Angels,10,115,Colorado Rockies,2,0,12,-8
414904,2015,2015-07-07,2015-07-07,R,109,Arizona Diamondbacks,4,140,Texas Rangers,2,0,6,-2
414905,2015,2015-07-07,2015-07-07,R,144,Atlanta Braves,4,158,Milwaukee Brewers,3,0,7,-1
414906,2015,2015-07-07,2015-07-07,R,110,Baltimore Orioles,3,142,Minnesota Twins,8,1,11,5
414907,2015,2015-07-07,2015-07-07,R,113,Cincinnati Reds,5,120,Washington Nationals,0,0,5,-5
414908,2015,2015-07-07,2015-07-07,R,116,Detroit Tigers,6,136,Seattle Mariners,7,1,13,1
414909,2015,2015-07-07,2015-07-07,R,117,Houston Astros,0,114,Cleveland Guardians,2,1,2,2
414910,2015,2015-07-07,2015-07-07,R,146,Miami Marlins,3,111,Boston Red Sox,4,1,7,1
414911,2015,2015-07-07,2015-07-07,R,121,New York Mets,0,137,San Francisco Giants,3,1,3,3
414912,2015,2015-07-07,2015-07-07,R,133,Athletics,4,147,New York Yankees,3,0,7,-1
414913,2015,2015-07-07,2015-07-07,R,143,Philadelphia Phillies,7,119,Los Angeles Dodgers,2,0,9,-5
414914,2015,2015-07-07,2015-07-07,R,135,San Diego Padres,2,134,Pittsburgh Pirates,3,1,5,1
414915,2015,2015-07-07,2015-07-07,R,138,St. Louis Cardinals,3,112,Chicago Cubs,5,1,8,2
414916,2015,2015-07-07,2015-07-07,R,139,Tampa Bay Rays,1,118,Kansas City Royals,7,1,8,6
414917,2015,2015-07-07,2015-07-07,R,141,Toronto Blue Jays,2,145,Chicago White Sox,1,0,3,-1
414918,2015,2015-07-08,2015-07-08,R,108,Los Angeles Angels,3,115,Colorado Rockies,2,0,5,-1
414919,2015,2015-07-08,2015-07-08,R,109,Arizona Diamondbacks,7,140,Texas Rangers,4,0,11,-3
414920,2015,2015-07-08,2015-07-08,R,144,Atlanta Braves,5,158,Milwaukee Brewers,6,1,11,1
414921,2015,2015-07-08,2015-07-08,R,110,Baltimore Orioles,3,142,Minnesota Twins,5,1,8,2
414923,2015,2015-07-08,2015-07-08,R,116,Detroit Tigers,5,136,Seattle Mariners,4,0,9,-1
414924,2015,2015-07-08,2015-07-08,R,117,Houston Astros,2,114,Cleveland Guardians,4,1,6,2
414925,2015,2015-07-08,2015-07-08,R,146,Miami Marlins,3,111,Boston Red Sox,6,1,9,3
414926,2015,2015-07-08,2015-07-08,R,121,New York Mets,4,137,San Francisco Giants,1,0,5,-3
414927,2015,2015-07-08,2015-07-08,R,133,Athletics,4,147,New York Yankees,5,1,9,1
414928,2015,2015-07-08,2015-07-08,R,143,Philadelphia Phillies,0,119,Los Angeles Dodgers,5,1,5,5
414929,2015,2015-07-08,2015-07-08,R,135,San Diego Padres,2,134,Pittsburgh Pirates,5,1,7,3
414930,2015,2015-07-08,2015-07-08,R,138,St. Louis Cardinals,6,112,Chicago Cubs,5,0,11,-1
414931,2015,2015-07-08,2015-07-08,R,139,Tampa Bay Rays,7,118,Kansas City Royals,9,1,16,2
414932,2015,2015-07-08,2015-07-08,R,141,Toronto Blue Jays,6,145,Chicago White Sox,7,1,13,1
414933,2015,2015-07-09,2015-07-09,R,108,Los Angeles Angels,2,136,Seattle Mariners,7,1,9,5
414934,2015,2015-07-09,2015-07-09,R,144,Atlanta Braves,3,115,Colorado Rockies,5,1,8,2
414935,2015,2015-07-09,2015-07-09,R,113,Cincinnati Reds,0,146,Miami Marlins,2,1,2,2
414936,2015,2015-07-09,2015-07-09,R,116,Detroit Tigers,4,142,Minnesota Twins,2,0,6,-2
414937,2015,2015-07-09,2015-07-09,R,117,Houston Astros,1,114,Cleveland Guardians,3,1,4,2
414938,2015,2015-07-09,2015-07-09,R,133,Athletics,2,147,New York Yankees,6,1,8,4
414939,2015,2015-07-09,2015-07-09,R,143,Philadelphia Phillies,0,119,Los Angeles Dodgers,6,1,6,6
414940,2015,2015-07-09,2015-07-09,R,138,St. Louis Cardinals,4,134,Pittsburgh Pirates,1,0,5,-3
414941,2015,2015-07-09,2015-07-09,R,139,Tampa Bay Rays,3,118,Kansas City Royals,8,1,11,5
414942,2015,2015-07-09,2015-07-09,R,141,Toronto Blue Jays,0,145,Chicago White Sox,2,1,2,2
414943,2015,2015-07-10,2015-07-10,R,108,Los Angeles Angels,7,136,Seattle Mariners,3,0,10,-4
414944,2015,2015-07-10,2015-07-10,R,109,Arizona Diamondbacks,2,121,New York Mets,4,1,6,2
414945,2015,2015-07-10,2015-07-10,R,144,Atlanta Braves,3,115,Colorado Rockies,5,1,8,2
414946,2015,2015-07-10,2015-07-10,R,145,Chicago White Sox,1,112,Chicago Cubs,0,0,1,-1
414947,2015,2015-07-10,2015-07-10,R,113,Cincinnati Reds,1,146,Miami Marlins,0,0,1,-1
414948,2015,2015-07-10,2015-07-10,R,116,Detroit Tigers,6,142,Minnesota Twins,8,1,14,2
414949,2015,2015-07-10,2015-07-10,R,117,Houston Astros,1,139,Tampa Bay Rays,3,1,4,2
414950,2015,2015-07-10,2015-07-10,R,158,Milwaukee Brewers,2,119,Los Angeles Dodgers,3,1,5,1
414951,2015,2015-07-10,2015-07-10,R,147,New York Yankees,5,111,Boston Red Sox,1,0,6,-4
414952,2015,2015-07-10,2015-07-10,R,133,Athletics,1,114,Cleveland Guardians,5,1,6,4
414953,2015,2015-07-10,2015-07-10,R,143,Philadelphia Phillies,2,137,San Francisco Giants,15,1,17,13
414954,2015,2015-07-10,2015-07-10,R,135,San Diego Padres,3,140,Texas Rangers,4,1,7,1
414955,2015,2015-07-10,2015-07-10,R,138,St. Louis Cardinals,2,134,Pittsburgh Pirates,5,1,7,3
414956,2015,2015-07-10,2015-07-10,R,141,Toronto Blue Jays,0,118,Kansas City Royals,3,1,3,3
414957,2015,2015-07-10,2015-07-10,R,120,Washington Nationals,2,110,Baltimore Orioles,3,1,5,1
414958,2015,2015-07-11,2015-07-11,R,108,Los Angeles Angels,0,136,Seattle Mariners,5,1,5,5
414959,2015,2015-07-11,2015-07-11,R,109,Arizona Diamondbacks,2,121,New York Mets,4,1,6,2
414960,2015,2015-07-11,2015-07-11,R,144,Atlanta Braves,2,115,Colorado Rockies,3,1,5,1
414961,2015,2015-07-11,2015-07-11,R,145,Chicago White Sox,5,112,Chicago Cubs,1,0,6,-4
414962,2015,2015-07-11,2015-07-11,R,113,Cincinnati Reds,3,146,Miami Marlins,14,1,17,11
414963,2015,2015-07-11,2015-07-11,R,116,Detroit Tigers,5,142,Minnesota Twins,9,1,14,4
414964,2015,2015-07-11,2015-07-11,R,117,Houston Astros,0,139,Tampa Bay Rays,3,1,3,3
414965,2015,2015-07-11,2015-07-11,R,158,Milwaukee Brewers,7,119,Los Angeles Dodgers,1,0,8,-6
414966,2015,2015-07-11,2015-07-11,R,147,New York Yankees,3,111,Boston Red Sox,5,1,8,2
414967,2015,2015-07-11,2015-07-11,R,133,Athletics,5,114,Cleveland Guardians,4,0,9,-1
414968,2015,2015-07-11,2015-07-11,R,143,Philadelphia Phillies,5,137,San Francisco Giants,8,1,13,3
414969,2015,2015-07-11,2015-07-11,R,135,San Diego Padres,6,140,Texas Rangers,5,0,11,-1
414970,2015,2015-07-11,2015-07-11,R,138,St. Louis Cardinals,5,134,Pittsburgh Pirates,6,1,11,1
414971,2015,2015-07-11,2015-07-11,R,141,Toronto Blue Jays,6,118,Kansas City Royals,2,0,8,-4
414972,2015,2015-07-11,2015-07-11,R,120,Washington Nationals,7,110,Baltimore Orioles,4,0,11,-3
414973,2015,2015-07-12,2015-07-12,R,108,Los Angeles Angels,10,136,Seattle Mariners,3,0,13,-7
414974,2015,2015-07-12,2015-07-12,R,109,Arizona Diamondbacks,3,121,New York Mets,5,1,8,2
414975,2015,2015-07-12,2015-07-12,R,144,Atlanta Braves,3,115,Colorado Rockies,11,1,14,8
414976,2015,2015-07-12,2015-07-12,R,145,Chicago White Sox,1,112,Chicago Cubs,3,1,4,2
414977,2015,2015-07-12,2015-07-12,R,113,Cincinnati Reds,1,146,Miami Marlins,8,1,9,7
414978,2015,2015-07-12,2015-07-12,R,116,Detroit Tigers,1,142,Minnesota Twins,7,1,8,6
414979,2015,2015-07-12,2015-07-12,R,117,Houston Astros,3,139,Tampa Bay Rays,4,1,7,1
414980,2015,2015-07-12,2015-07-12,R,158,Milwaukee Brewers,3,119,Los Angeles Dodgers,4,1,7,1
414981,2015,2015-07-12,2015-07-12,R,147,New York Yankees,8,111,Boston Red Sox,6,0,14,-2
414982,2015,2015-07-12,2015-07-12,R,133,Athletics,2,114,Cleveland Guardians,0,0,2,-2
414983,2015,2015-07-12,2015-07-12,R,143,Philadelphia Phillies,2,137,San Francisco Giants,4,1,6,2
414984,2015,2015-07-12,2015-07-12,R,135,San Diego Padres,2,140,Texas Rangers,1,0,3,-1
414985,2015,2015-07-12,2015-07-12,R,138,St. Louis Cardinals,5,134,Pittsburgh Pirates,6,1,11,1
414986,2015,2015-07-12,2015-07-12,R,141,Toronto Blue Jays,10,118,Kansas City Royals,11,1,21,1
414987,2015,2015-07-12,2015-07-12,R,120,Washington Nationals,3,110,Baltimore Orioles,2,0,5,-1
718767,2023,2023-03-30,2023-03-30,R,114,Cleveland Guardians,0,136,Seattle Mariners,3,1,3,3
718768,2023,2023-03-30,2023-03-30,R,145,Chicago White Sox,3,117,Houston Astros,2,0,5,-1
718769,2023,2023-03-30,2023-03-30,R,108,Los Angeles Angels,1,133,Athletics,2,1,3,1
718770,2023,2023-03-30,2023-03-30,R,109,Arizona Diamondbacks,2,119,Los Angeles Dodgers,8,1,10,6
718772,2023,2023-03-30,2023-03-30,R,141,Toronto Blue Jays,10,138,St. Louis Cardinals,9,0,19,-1
718773,2023,2023-03-30,2023-03-30,R,134,Pittsburgh Pirates,5,113,Cincinnati Reds,4,0,9,-1
718774,2023,2023-03-30,2023-03-30,R,121,New York Mets,5,146,Miami Marlins,3,0,8,-2
718775,2023,2023-03-30,2023-03-30,R,142,Minnesota Twins,2,118,Kansas City Royals,0,0,2,-2
718776,2023,2023-03-30,2023-03-30,R,116,Detroit Tigers,0,139,Tampa Bay Rays,4,1,4,4
718777,2023,2023-03-30,2023-03-30,R,158,Milwaukee Brewers,0,112,Chicago Cubs,4,1,4,4
718778,2023,2023-03-30,2023-03-30,R,115,Colorado Rockies,7,135,San Diego Padres,2,0,9,-5
718779,2023,2023-03-30,2023-03-30,R,143,Philadelphia Phillies,7,140,Texas Rangers,11,1,18,4
718780,2023,2023-03-30,2023-03-30,R,144,Atlanta Braves,7,120,Washington Nationals,2,0,9,-5
718781,2023,2023-03-30,2023-03-30,R,137,San Francisco Giants,0,147,New York Yankees,5,1,5,5
718782,2023,2023-03-30,2023-03-30,R,110,Baltimore Orioles,10,111,Boston Red Sox,9,0,19,-1
718763,2023,2023-03-31,2023-03-31,R,114,Cleveland Guardians,9,136,Seattle Mariners,4,0,13,-5
718764,2023,2023-03-31,2023-03-31,R,145,Chicago White Sox,3,117,Houston Astros,6,1,9,3
718765,2023,2023-03-31,2023-03-31,R,109,Arizona Diamondbacks,2,119,Los Angeles Dodgers,1,0,3,-1
718766,2023,2023-03-31,2023-03-31,R,115,Colorado Rockies,4,135,San Diego Padres,1,0,5,-3
718771,2023,2023-03-31,2023-03-31,R,121,New York Mets,1,146,Miami Marlins,2,1,3,1
718746,2023,2023-04-01,2023-04-01,R,114,Cleveland Guardians,2,136,Seattle Mariners,0,0,2,-2
718749,2023,2023-04-01,2023-04-01,R,109,Arizona Diamondbacks,1,119,Los Angeles Dodgers,10,1,11,9
718750,2023,2023-04-01,2023-04-01,R,115,Colorado Rockies,4,135,San Diego Padres,8,1,12,4
718751,2023,2023-04-01,2023-04-01,R,142,Minnesota Twins,2,118,Kansas City Royals,0,0,2,-2
718752,2023,2023-04-01,2023-04-01,R,143,Philadelphia Phillies,3,140,Texas Rangers,16,1,19,13
718753,2023,2023-04-01,2023-04-01,R,144,Atlanta Braves,7,120,Washington Nationals,1,0,8,-6
718754,2023,2023-04-01,2023-04-01,R,116,Detroit Tigers,2,139,Tampa Bay Rays,12,1,14,10
718755,2023,2023-04-01,2023-04-01,R,121,New York Mets,6,146,Miami Marlins,2,0,8,-4
718756,2023,2023-04-01,2023-04-01,R,134,Pittsburgh Pirates,2,113,Cincinnati Reds,6,1,8,4
718757,2023,2023-04-01,2023-04-01,R,108,Los Angeles Angels,13,133,Athletics,1,0,14,-12
718758,2023,2023-04-01,2023-04-01,R,158,Milwaukee Brewers,3,112,Chicago Cubs,1,0,4,-2
718759,2023,2023-04-01,2023-04-01,R,141,Toronto Blue Jays,1,138,St. Louis Cardinals,4,1,5,3
718760,2023,2023-04-01,2023-04-01,R,145,Chicago White Sox,4,117,Houston Astros,6,1,10,2
718761,2023,2023-04-01,2023-04-01,R,110,Baltimore Orioles,8,111,Boston Red Sox,9,1,17,1
718762,2023,2023-04-01,2023-04-01,R,137,San Francisco Giants,7,147,New York Yankees,5,0,12,-2
718733,2023,2023-04-02,2023-04-02,R,115,Colorado Rockies,1,135,San Diego Padres,3,1,4,2
718734,2023,2023-04-02,2023-04-02,R,108,Los Angeles Angels,6,133,Athletics,0,0,6,-6
718735,2023,2023-04-02,2023-04-02,R,114,Cleveland Guardians,6,136,Seattle Mariners,5,0,11,-1
718736,2023,2023-04-02,2023-04-02,R,109,Arizona Diamondbacks,2,119,Los Angeles Dodgers,1,0,3,-1
718737,2023,2023-04-02,2023-04-02,R,141,Toronto Blue Jays,4,138,St. Louis Cardinals,9,1,13,5
718738,2023,2023-04-02,2023-04-02,R,158,Milwaukee Brewers,9,112,Chicago Cubs,5,0,14,-4
718739,2023,2023-04-02,2023-04-02,R,143,Philadelphia Phillies,1,140,Texas Rangers,2,1,3,1
718740,2023,2023-04-02,2023-04-02,R,145,Chicago White Sox,6,117,Houston Astros,3,0,9,-3
718741,2023,2023-04-02,2023-04-02,R,121,New York Mets,5,146,Miami Marlins,1,0,6,-4
718742,2023,2023-04-02,2023-04-02,R,116,Detroit Tigers,1,139,Tampa Bay Rays,5,1,6,4
718743,2023,2023-04-02,2023-04-02,R,144,Atlanta Braves,1,120,Washington Nationals,4,1,5,3
718744,2023,2023-04-02,2023-04-02,R,134,Pittsburgh Pirates,1,113,Cincinnati Reds,3,1,4,2
718745,2023,2023-04-02,2023-04-02,R,142,Minnesota Twins,7,118,Kansas City Royals,4,0,11,-3
718747,2023,2023-04-02,2023-04-02,R,137,San Francisco Giants,0,147,New York Yankees,6,1,6,6
718748,2023,2023-04-02,2023-04-02,R,110,Baltimore Orioles,5,111,Boston Red Sox,9,1,14,4
718718,2023,2023-04-03,2023-04-03,R,115,Colorado Rockies,4,119,Los Angeles Dodgers,13,1,17,9
718719,2023,2023-04-03,2023-04-03,R,141,Toronto Blue Jays,5,118,Kansas City Royals,9,1,14,4
718720,2023,2023-04-03,2023-04-03,R,108,Los Angeles Angels,7,136,Seattle Mariners,3,0,10,-4
718721,2023,2023-04-03,2023-04-03,R,114,Cleveland Guardians,12,133,Athletics,11,0,23,-1
718722,2023,2023-04-03,2023-04-03,R,109,Arizona Diamondbacks,4,135,San Diego Padres,5,1,9,1
718723,2023,2023-04-03,2023-04-03,R,116,Detroit Tigers,7,117,Houston Astros,6,0,13,-1
718724,2023,2023-04-03,2023-04-03,R,134,Pittsburgh Pirates,7,111,Boston Red Sox,6,0,13,-1
718725,2023,2023-04-03,2023-04-03,R,143,Philadelphia Phillies,1,147,New York Yankees,8,1,9,7
718726,2023,2023-04-03,2023-04-03,R,110,Baltimore Orioles,2,140,Texas Rangers,0,0,2,-2
718727,2023,2023-04-03,2023-04-03,R,144,Atlanta Braves,8,138,St. Louis Cardinals,4,0,12,-4
718728,2023,2023-04-03,2023-04-03,R,112,Chicago Cubs,6,113,Cincinnati Reds,7,1,13,1
718729,2023,2023-04-03,2023-04-03,R,142,Minnesota Twins,11,146,Miami Marlins,1,0,12,-10
718730,2023,2023-04-03,2023-04-03,R,137,San Francisco Giants,12,145,Chicago White Sox,3,0,15,-9
718731,2023,2023-04-03,2023-04-03,R,121,New York Mets,0,158,Milwaukee Brewers,10,1,10,10
718732,2023,2023-04-03,2023-04-03,R,139,Tampa Bay Rays,6,120,Washington Nationals,2,0,8,-4
718703,2023,2023-04-04,2023-04-04,R,115,Colorado Rockies,2,119,Los Angeles Dodgers,5,1,7,3
718705,2023,2023-04-04,2023-04-04,R,116,Detroit Tigers,6,117,Houston Astros,3,0,9,-3
718706,2023,2023-04-04,2023-04-04,R,108,Los Angeles Angels,2,136,Seattle Mariners,11,1,13,9
718707,2023,2023-04-04,2023-04-04,R,114,Cleveland Guardians,3,133,Athletics,4,1,7,1
718708,2023,2023-04-04,2023-04-04,R,141,Toronto Blue Jays,4,118,Kansas City Royals,1,0,5,-3
718709,2023,2023-04-04,2023-04-04,R,110,Baltimore Orioles,7,140,Texas Rangers,2,0,9,-5
718710,2023,2023-04-04,2023-04-04,R,143,Philadelphia Phillies,4,147,New York Yankees,1,0,5,-3
718711,2023,2023-04-04,2023-04-04,R,144,Atlanta Braves,4,138,St. Louis Cardinals,1,0,5,-3
718712,2023,2023-04-04,2023-04-04,R,121,New York Mets,0,158,Milwaukee Brewers,9,1,9,9
718713,2023,2023-04-04,2023-04-04,R,134,Pittsburgh Pirates,4,111,Boston Red Sox,1,0,5,-3
718714,2023,2023-04-04,2023-04-04,R,142,Minnesota Twins,0,146,Miami Marlins,1,1,1,1
718715,2023,2023-04-04,2023-04-04,R,139,Tampa Bay Rays,10,120,Washington Nationals,6,0,16,-4
718716,2023,2023-04-04,2023-04-04,R,112,Chicago Cubs,12,113,Cincinnati Reds,5,0,17,-7
718717,2023,2023-04-04,2023-04-04,R,109,Arizona Diamondbacks,8,135,San Diego Padres,6,0,14,-2
718689,2023,2023-04-05,2023-04-05,R,114,Cleveland Guardians,6,133,Athletics,4,0,10,-2
718691,2023,2023-04-05,2023-04-05,R,108,Los Angeles Angels,4,136,Seattle Mariners,3,0,7,-1
718692,2023,2023-04-05,2023-04-05,R,141,Toronto Blue Jays,3,118,Kansas City Royals,0,0,3,-3
718694,2023,2023-04-05,2023-04-05,R,110,Baltimore Orioles,2,140,Texas Rangers,5,1,7,3
718695,2023,2023-04-05,2023-04-05,R,137,San Francisco Giants,3,145,Chicago White Sox,7,1,10,4
718696,2023,2023-04-05,2023-04-05,R,116,Detroit Tigers,2,117,Houston Astros,8,1,10,6
718697,2023,2023-04-05,2023-04-05,R,144,Atlanta Braves,5,138,St. Louis Cardinals,2,0,7,-3
718698,2023,2023-04-05,2023-04-05,R,121,New York Mets,6,158,Milwaukee Brewers,7,1,13,1
718699,2023,2023-04-05,2023-04-05,R,143,Philadelphia Phillies,2,147,New York Yankees,4,1,6,2
718701,2023,2023-04-05,2023-04-05,R,142,Minnesota Twins,2,146,Miami Marlins,5,1,7,3
718702,2023,2023-04-05,2023-04-05,R,134,Pittsburgh Pirates,4,111,Boston Red Sox,1,0,5,-3
718704,2023,2023-04-05,2023-04-05,R,139,Tampa Bay Rays,7,120,Washington Nationals,2,0,9,-5
718681,2023,2023-04-06,2023-04-06,R,135,San Diego Padres,6,144,Atlanta Braves,7,1,13,1
718682,2023,2023-04-06,2023-04-06,R,120,Washington Nationals,0,115,Colorado Rockies,1,1,1,1
718683,2023,2023-04-06,2023-04-06,R,119,Los Angeles Dodgers,5,109,Arizona Diamondbacks,2,0,7,-3
718686,2023,2023-04-06,2023-04-06,R,141,Toronto Blue Jays,6,118,Kansas City Royals,3,0,9,-3
718687,2023,2023-04-06,2023-04-06,R,137,San Francisco Giants,16,145,Chicago White Sox,6,0,22,-10
718690,2023,2023-04-06,2023-04-06,R,111,Boston Red Sox,6,116,Detroit Tigers,3,0,9,-3
718670,2023,2023-04-07,2023-04-07,R,141,Toronto Blue Jays,4,108,Los Angeles Angels,3,0,7,-1
718671,2023,2023-04-07,2023-04-07,R,119,Los Angeles Dodgers,3,109,Arizona Diamondbacks,6,1,9,3
718673,2023,2023-04-07,2023-04-07,R,120,Washington Nationals,10,115,Colorado Rockies,5,0,15,-5
718674,2023,2023-04-07,2023-04-07,R,138,St. Louis Cardinals,0,158,Milwaukee Brewers,4,1,4,4
718675,2023,2023-04-07,2023-04-07,R,140,Texas Rangers,0,112,Chicago Cubs,2,1,2,2
718676,2023,2023-04-07,2023-04-07,R,135,San Diego Padres,5,144,Atlanta Braves,4,0,9,-1
718677,2023,2023-04-07,2023-04-07,R,136,Seattle Mariners,5,114,Cleveland Guardians,3,0,8,-2
718678,2023,2023-04-07,2023-04-07,R,133,Athletics,5,139,Tampa Bay Rays,9,1,14,4
718679,2023,2023-04-07,2023-04-07,R,145,Chicago White Sox,9,134,Pittsburgh Pirates,13,1,22,4
718680,2023,2023-04-07,2023-04-07,R,118,Kansas City Royals,3,137,San Francisco Giants,1,0,4,-2
718684,2023,2023-04-07,2023-04-07,R,117,Houston Astros,2,142,Minnesota Twins,3,1,5,1
718685,2023,2023-04-07,2023-04-07,R,113,Cincinnati Reds,2,143,Philadelphia Phillies,5,1,7,3
718688,2023,2023-04-07,2023-04-07,R,147,New York Yankees,6,110,Baltimore Orioles,7,1,13,1
718693,2023,2023-04-07,2023-04-07,R,146,Miami Marlins,3,121,New York Mets,9,1,12,6
718656,2023,2023-04-08,2023-04-08,R,119,Los Angeles Dodgers,8,109,Arizona Diamondbacks,12,1,20,4
718657,2023,2023-04-08,2023-04-08,R,141,Toronto Blue Jays,5,108,Los Angeles Angels,9,1,14,4
718658,2023,2023-04-08,2023-04-08,R,120,Washington Nationals,7,115,Colorado Rockies,6,0,13,-1
718659,2023,2023-04-08,2023-04-08,R,135,San Diego Padres,4,144,Atlanta Braves,1,0,5,-3
718660,2023,2023-04-08,2023-04-08,R,138,St. Louis Cardinals,6,158,Milwaukee Brewers,0,0,6,-6
718661,2023,2023-04-08,2023-04-08,R,146,Miami Marlins,2,121,New York Mets,5,1,7,3
718662,2023,2023-04-08,2023-04-08,R,145,Chicago White Sox,11,134,Pittsburgh Pirates,5,0,16,-6
718663,2023,2023-04-08,2023-04-08,R,136,Seattle Mariners,3,114,Cleveland Guardians,2,0,5,-1
718664,2023,2023-04-08,2023-04-08,R,147,New York Yankees,4,110,Baltimore Orioles,1,0,5,-3
718665,2023,2023-04-08,2023-04-08,R,133,Athletics,0,139,Tampa Bay Rays,11,1,11,11
718666,2023,2023-04-08,2023-04-08,R,117,Houston Astros,6,142,Minnesota Twins,9,1,15,3
718667,2023,2023-04-08,2023-04-08,R,111,Boston Red Sox,14,116,Detroit Tigers,5,0,19,-9
718668,2023,2023-04-08,2023-04-08,R,113,Cincinnati Reds,2,143,Philadelphia Phillies,3,1,5,1
718669,2023,2023-04-08,2023-04-08,R,140,Texas Rangers,3,112,Chicago Cubs,10,1,13,7
718672,2023,2023-04-08,2023-04-08,R,118,Kansas City Royals,6,137,San Francisco Giants,5,0,11,-1
718639,2023,2023-04-09,2023-04-09,R,119,Los Angeles Dodgers,6,109,Arizona Diamondbacks,11,1,17,5
718642,2023,2023-04-09,2023-04-09,R,140,Texas Rangers,8,112,Chicago Cubs,2,0,10,-6
718643,2023,2023-04-09,2023-04-09,R,118,Kansas City Royals,1,137,San Francisco Giants,3,1,4,2
718644,2023,2023-04-09,2023-04-09,R,141,Toronto Blue Jays,12,108,Los Angeles Angels,11,0,23,-1
718645,2023,2023-04-09,2023-04-09,R,120,Washington Nationals,6,115,Colorado Rockies,7,1,13,1
718646,2023,2023-04-09,2023-04-09,R,136,Seattle Mariners,6,114,Cleveland Guardians,7,1,13,1
718647,2023,2023-04-09,2023-04-09,R,146,Miami Marlins,7,121,New York Mets,2,0,9,-5
718648,2023,2023-04-09,2023-04-09,R,135,San Diego Padres,10,144,Atlanta Braves,2,0,12,-8
718649,2023,2023-04-09,2023-04-09,R,117,Houston Astros,5,142,Minnesota Twins,1,0,6,-4
718650,2023,2023-04-09,2023-04-09,R,138,St. Louis Cardinals,1,158,Milwaukee Brewers,6,1,7,5
718651,2023,2023-04-09,2023-04-09,R,147,New York Yankees,5,110,Baltimore Orioles,3,0,8,-2
718652,2023,2023-04-09,2023-04-09,R,113,Cincinnati Reds,6,143,Philadelphia Phillies,4,0,10,-2
718653,2023,2023-04-09,2023-04-09,R,145,Chicago White Sox,0,134,Pittsburgh Pirates,1,1,1,1
718654,2023,2023-04-09,2023-04-09,R,111,Boston Red Sox,4,116,Detroit Tigers,1,0,5,-3
718655,2023,2023-04-09,2023-04-09,R,133,Athletics,0,139,Tampa Bay Rays,11,1,11,11
718627,2023,2023-04-10,2023-04-10,R,158,Milwaukee Brewers,0,109,Arizona Diamondbacks,3,1,3,3
718628,2023,2023-04-10,2023-04-10,R,136,Seattle Mariners,2,112,Chicago Cubs,3,1,5,1
718629,2023,2023-04-10,2023-04-10,R,138,St. Louis Cardinals,4,115,Colorado Rockies,7,1,11,3
718630,2023,2023-04-10,2023-04-10,R,118,Kansas City Royals,2,140,Texas Rangers,11,1,13,9
718631,2023,2023-04-10,2023-04-10,R,120,Washington Nationals,6,108,Los Angeles Angels,4,0,10,-2
718632,2023,2023-04-10,2023-04-10,R,117,Houston Astros,8,134,Pittsburgh Pirates,2,0,10,-6
718633,2023,2023-04-10,2023-04-10,R,146,Miami Marlins,3,143,Philadelphia Phillies,15,1,18,12
718634,2023,2023-04-10,2023-04-10,R,135,San Diego Padres,0,121,New York Mets,5,1,5,5
718635,2023,2023-04-10,2023-04-10,R,133,Athletics,1,110,Baltimore Orioles,5,1,6,4
718636,2023,2023-04-10,2023-04-10,R,113,Cincinnati Reds,4,144,Atlanta Braves,5,1,9,1
718637,2023,2023-04-10,2023-04-10,R,147,New York Yankees,2,114,Cleveland Guardians,3,1,5,1
718638,2023,2023-04-10,2023-04-10,R,111,Boston Red Sox,0,139,Tampa Bay Rays,1,1,1,1
718640,2023,2023-04-10,2023-04-10,R,145,Chicago White Sox,4,142,Minnesota Twins,3,0,7,-1
718641,2023,2023-04-10,2023-04-10,R,119,Los Angeles Dodgers,9,137,San Francisco Giants,1,0,10,-8
718611,2023,2023-04-11,2023-04-11,R,158,Milwaukee Brewers,7,109,Arizona Diamondbacks,1,0,8,-6
718613,2023,2023-04-11,2023-04-11,R,138,St. Louis Cardinals,9,115,Colorado Rockies,6,0,15,-3
718614,2023,2023-04-11,2023-04-11,R,120,Washington Nationals,0,108,Los Angeles Angels,2,1,2,2
718615,2023,2023-04-11,2023-04-11,R,118,Kansas City Royals,5,140,Texas Rangers,8,1,13,3
718616,2023,2023-04-11,2023-04-11,R,145,Chicago White Sox,3,142,Minnesota Twins,4,1,7,1
718617,2023,2023-04-11,2023-04-11,R,136,Seattle Mariners,9,112,Chicago Cubs,14,1,23,5
718618,2023,2023-04-11,2023-04-11,R,133,Athletics,8,110,Baltimore Orioles,12,1,20,4
718619,2023,2023-04-11,2023-04-11,R,146,Miami Marlins,8,143,Philadelphia Phillies,4,0,12,-4
718620,2023,2023-04-11,2023-04-11,R,113,Cincinnati Reds,6,144,Atlanta Braves,7,1,13,1
718621,2023,2023-04-11,2023-04-11,R,135,San Diego Padres,4,121,New York Mets,2,0,6,-2
718622,2023,2023-04-11,2023-04-11,R,116,Detroit Tigers,3,141,Toronto Blue Jays,9,1,12,6
718623,2023,2023-04-11,2023-04-11,R,117,Houston Astros,4,134,Pittsburgh Pirates,7,1,11,3
718624,2023,2023-04-11,2023-04-11,R,119,Los Angeles Dodgers,0,137,San Francisco Giants,5,1,5,5
718625,2023,2023-04-11,2023-04-11,R,111,Boston Red Sox,2,139,Tampa Bay Rays,7,1,9,5
718626,2023,2023-04-11,2023-04-11,R,147,New York Yankees,11,114,Cleveland Guardians,2,0,13,-9
718595,2023,2023-04-12,2023-04-12,R,118,Kansas City Royals,10,140,Texas Rangers,1,0,11,-9
718598,2023,2023-04-12,2023-04-12,R,158,Milwaukee Brewers,3,109,Arizona Diamondbacks,7,1,10,4
718599,2023,2023-04-12,2023-04-12,R,133,Athletics,8,110,Baltimore Orioles,4,0,12,-4
718600,2023,2023-04-12,2023-04-12,R,111,Boston Red Sox,7,139,Tampa Bay Rays,9,1,16,2
718601,2023,2023-04-12,2023-04-12,R,113,Cincinnati Reds,4,144,Atlanta Braves,5,1,9,1
718602,2023,2023-04-12,2023-04-12,R,120,Washington Nationals,2,108,Los Angeles Angels,3,1,5,1
718603,2023,2023-04-12,2023-04-12,R,116,Detroit Tigers,3,141,Toronto Blue Jays,4,1,7,1
718604,2023,2023-04-12,2023-04-12,R,147,New York Yankees,4,114,Cleveland Guardians,3,0,7,-1
718605,2023,2023-04-12,2023-04-12,R,145,Chicago White Sox,1,142,Minnesota Twins,3,1,4,2
718606,2023,2023-04-12,2023-04-12,R,136,Seattle Mariners,5,112,Chicago Cubs,2,0,7,-3
718607,2023,2023-04-12,2023-04-12,R,138,St. Louis Cardinals,7,115,Colorado Rockies,4,0,11,-3
718608,2023,2023-04-12,2023-04-12,R,117,Houston Astros,7,134,Pittsburgh Pirates,0,0,7,-7
718609,2023,2023-04-12,2023-04-12,R,146,Miami Marlins,3,143,Philadelphia Phillies,2,0,5,-1
718610,2023,2023-04-12,2023-04-12,R,135,San Diego Padres,2,121,New York Mets,5,1,7,3
718612,2023,2023-04-12,2023-04-12,R,119,Los Angeles Dodgers,10,137,San Francisco Giants,5,0,15,-5
718589,2023,2023-04-13,2023-04-13,R,158,Milwaukee Brewers,4,135,San Diego Padres,3,0,7,-1
718590,2023,2023-04-13,2023-04-13,R,142,Minnesota Twins,11,147,New York Yankees,2,0,13,-9
718591,2023,2023-04-13,2023-04-13,R,134,Pittsburgh Pirates,5,138,St. Louis Cardinals,0,0,5,-5
718593,2023,2023-04-13,2023-04-13,R,116,Detroit Tigers,3,141,Toronto Blue Jays,1,0,4,-2
718594,2023,2023-04-13,2023-04-13,R,111,Boston Red Sox,3,139,Tampa Bay Rays,9,1,12,6
718596,2023,2023-04-13,2023-04-13,R,133,Athletics,7,110,Baltimore Orioles,8,1,15,1
718597,2023,2023-04-13,2023-04-13,R,143,Philadelphia Phillies,2,113,Cincinnati Reds,6,1,8,4
718574,2023,2023-04-14,2023-04-14,R,158,Milwaukee Brewers,11,135,San Diego Padres,2,0,13,-9
718575,2023,2023-04-14,2023-04-14,R,112,Chicago Cubs,8,119,Los Angeles Dodgers,2,0,10,-6
718577,2023,2023-04-14,2023-04-14,R,115,Colorado Rockies,3,136,Seattle Mariners,5,1,8,2
718578,2023,2023-04-14,2023-04-14,R,121,New York Mets,17,133,Athletics,6,0,23,-11
718579,2023,2023-04-14,2023-04-14,R,144,Atlanta Braves,10,118,Kansas City Royals,3,0,13,-7
718580,2023,2023-04-14,2023-04-14,R,108,Los Angeles Angels,3,111,Boston Red Sox,5,1,8,2
718581,2023,2023-04-14,2023-04-14,R,140,Texas Rangers,6,117,Houston Astros,2,0,8,-4
718582,2023,2023-04-14,2023-04-14,R,134,Pittsburgh Pirates,0,138,St. Louis Cardinals,3,1,3,3
718583,2023,2023-04-14,2023-04-14,R,110,Baltimore Orioles,6,145,Chicago White Sox,3,0,9,-3
718584,2023,2023-04-14,2023-04-14,R,109,Arizona Diamondbacks,1,146,Miami Marlins,5,1,6,4
718585,2023,2023-04-14,2023-04-14,R,137,San Francisco Giants,5,116,Detroit Tigers,7,1,12,2
718586,2023,2023-04-14,2023-04-14,R,143,Philadelphia Phillies,8,113,Cincinnati Reds,3,0,11,-5
718587,2023,2023-04-14,2023-04-14,R,139,Tampa Bay Rays,3,141,Toronto Blue Jays,6,1,9,3
718588,2023,2023-04-14,2023-04-14,R,142,Minnesota Twins,4,147,New York Yankees,3,0,7,-1
718592,2023,2023-04-14,2023-04-14,R,114,Cleveland Guardians,4,120,Washington Nationals,3,0,7,-1
718560,2023,2023-04-15,2023-04-15,R,158,Milwaukee Brewers,3,135,San Diego Padres,10,1,13,7
718561,2023,2023-04-15,2023-04-15,R,115,Colorado Rockies,2,136,Seattle Mariners,9,1,11,7
718562,2023,2023-04-15,2023-04-15,R,140,Texas Rangers,2,117,Houston Astros,8,1,10,6
718563,2023,2023-04-15,2023-04-15,R,144,Atlanta Braves,9,118,Kansas City Royals,3,0,12,-6
718564,2023,2023-04-15,2023-04-15,R,112,Chicago Cubs,1,119,Los Angeles Dodgers,2,1,3,1
718565,2023,2023-04-15,2023-04-15,R,121,New York Mets,3,133,Athletics,2,0,5,-1
718566,2023,2023-04-15,2023-04-15,R,143,Philadelphia Phillies,0,113,Cincinnati Reds,13,1,13,13
718567,2023,2023-04-15,2023-04-15,R,109,Arizona Diamondbacks,2,146,Miami Marlins,3,1,5,1
718568,2023,2023-04-15,2023-04-15,R,134,Pittsburgh Pirates,6,138,St. Louis Cardinals,3,0,9,-3
718569,2023,2023-04-15,2023-04-15,R,139,Tampa Bay Rays,2,141,Toronto Blue Jays,5,1,7,3
718570,2023,2023-04-15,2023-04-15,R,110,Baltimore Orioles,6,145,Chicago White Sox,7,1,13,1
718571,2023,2023-04-15,2023-04-15,R,137,San Francisco Giants,6,116,Detroit Tigers,7,1,13,1
718572,2023,2023-04-15,2023-04-15,R,142,Minnesota Twins,1,147,New York Yankees,6,1,7,5
718573,2023,2023-04-15,2023-04-15,R,114,Cleveland Guardians,6,120,Washington Nationals,4,0,10,-2
718576,2023,2023-04-15,2023-04-15,R,108,Los Angeles Angels,7,111,Boston Red Sox,9,1,16,2
718545,2023,2023-04-16,2023-04-16,R,115,Colorado Rockies,0,136,Seattle Mariners,1,1,1,1
718546,2023,2023-04-16,2023-04-16,R,121,New York Mets,4,133,Athletics,3,0,7,-1
718547,2023,2023-04-16,2023-04-16,R,112,Chicago Cubs,3,119,Los Angeles Dodgers,2,0,5,-1
718548,2023,2023-04-16,2023-04-16,R,134,Pittsburgh Pirates,4,138,St. Louis Cardinals,5,1,9,1
718549,2023,2023-04-16,2023-04-16,R,158,Milwaukee Brewers,1,135,San Diego Padres,0,0,1,-1
718550,2023,2023-04-16,2023-04-16,R,109,Arizona Diamondbacks,5,146,Miami Marlins,0,0,5,-5
718551,2023,2023-04-16,2023-04-16,R,144,Atlanta Braves,5,118,Kansas City Royals,4,0,9,-1
718552,2023,2023-04-16,2023-04-16,R,140,Texas Rangers,9,117,Houston Astros,1,0,10,-8
718553,2023,2023-04-16,2023-04-16,R,110,Baltimore Orioles,8,145,Chicago White Sox,4,0,12,-4
718554,2023,2023-04-16,2023-04-16,R,143,Philadelphia Phillies,14,113,Cincinnati Reds,3,0,17,-11
718555,2023,2023-04-16,2023-04-16,R,114,Cleveland Guardians,6,120,Washington Nationals,7,1,13,1
718556,2023,2023-04-16,2023-04-16,R,139,Tampa Bay Rays,8,141,Toronto Blue Jays,1,0,9,-7
718557,2023,2023-04-16,2023-04-16,R,142,Minnesota Twins,0,147,New York Yankees,2,1,2,2
718559,2023,2023-04-16,2023-04-16,R,108,Los Angeles Angels,1,111,Boston Red Sox,2,1,3,1
718532,2023,2023-04-17,2023-04-17,R,121,New York Mets,8,119,Los Angeles Dodgers,6,0,14,-2
718533,2023,2023-04-17,2023-04-17,R,144,Atlanta Braves,2,135,San Diego Padres,0,0,2,-2
718534,2023,2023-04-17,2023-04-17,R,158,Milwaukee Brewers,7,136,Seattle Mariners,3,0,10,-4
718535,2023,2023-04-17,2023-04-17,R,134,Pittsburgh Pirates,14,115,Colorado Rockies,3,0,17,-11
718536,2023,2023-04-17,2023-04-17,R,112,Chicago Cubs,10,133,Athletics,1,0,11,-9
718537,2023,2023-04-17,2023-04-17,R,141,Toronto Blue Jays,2,117,Houston Astros,9,1,11,7
718538,2023,2023-04-17,2023-04-17,R,109,Arizona Diamondbacks,6,138,St. Louis Cardinals,3,0,9,-3
718539,2023,2023-04-17,2023-04-17,R,140,Texas Rangers,4,118,Kansas City Royals,0,0,4,-4
718540,2023,2023-04-17,2023-04-17,R,108,Los Angeles Angels,5,111,Boston Red Sox,4,0,9,-1
718542,2023,2023-04-17,2023-04-17,R,139,Tampa Bay Rays,1,113,Cincinnati Reds,8,1,9,7
718544,2023,2023-04-17,2023-04-17,R,137,San Francisco Giants,3,146,Miami Marlins,4,1,7,1
718516,2023,2023-04-18,2023-04-18,R,121,New York Mets,0,119,Los Angeles Dodgers,5,1,5,5
718517,2023,2023-04-18,2023-04-18,R,158,Milwaukee Brewers,6,136,Seattle Mariners,5,0,11,-1
718519,2023,2023-04-18,2023-04-18,R,144,Atlanta Braves,8,135,San Diego Padres,1,0,9,-7
718520,2023,2023-04-18,2023-04-18,R,141,Toronto Blue Jays,4,117,Houston Astros,2,0,6,-2
718521,2023,2023-04-18,2023-04-18,R,134,Pittsburgh Pirates,5,115,Colorado Rockies,3,0,8,-2
718522,2023,2023-04-18,2023-04-18,R,140,Texas Rangers,12,118,Kansas City Royals,2,0,14,-10
718523,2023,2023-04-18,2023-04-18,R,112,Chicago Cubs,4,133,Athletics,0,0,4,-4
718524,2023,2023-04-18,2023-04-18,R,142,Minnesota Twins,4,111,Boston Red Sox,5,1,9,1
718525,2023,2023-04-18,2023-04-18,R,143,Philadelphia Phillies,7,145,Chicago White Sox,4,0,11,-3
718526,2023,2023-04-18,2023-04-18,R,139,Tampa Bay Rays,10,113,Cincinnati Reds,0,0,10,-10
718527,2023,2023-04-18,2023-04-18,R,109,Arizona Diamondbacks,8,138,St. Louis Cardinals,7,0,15,-1
718528,2023,2023-04-18,2023-04-18,R,137,San Francisco Giants,2,146,Miami Marlins,4,1,6,2
718529,2023,2023-04-18,2023-04-18,R,108,Los Angeles Angels,5,147,New York Yankees,2,0,7,-3
718530,2023,2023-04-18,2023-04-18,R,114,Cleveland Guardians,3,116,Detroit Tigers,4,1,7,1
718531,2023,2023-04-18,2023-04-18,R,110,Baltimore Orioles,1,120,Washington Nationals,0,0,1,-1
718541,2023,2023-04-18,2023-04-18,R,114,Cleveland Guardians,0,116,Detroit Tigers,1,1,1,1
718543,2023,2023-04-18,2023-04-18,R,143,Philadelphia Phillies,0,145,Chicago White Sox,3,1,3,3
718501,2023,2023-04-19,2023-04-19,R,141,Toronto Blue Jays,1,117,Houston Astros,8,1,9,7
718502,2023,2023-04-19,2023-04-19,R,158,Milwaukee Brewers,5,136,Seattle Mariners,3,0,8,-2
718504,2023,2023-04-19,2023-04-19,R,108,Los Angeles Angels,2,147,New York Yankees,3,1,5,1
718505,2023,2023-04-19,2023-04-19,R,142,Minnesota Twins,10,111,Boston Red Sox,4,0,14,-6
718506,2023,2023-04-19,2023-04-19,R,112,Chicago Cubs,12,133,Athletics,2,0,14,-10
718507,2023,2023-04-19,2023-04-19,R,144,Atlanta Braves,0,135,San Diego Padres,1,1,1,1
718508,2023,2023-04-19,2023-04-19,R,121,New York Mets,5,119,Los Angeles Dodgers,3,0,8,-2
718509,2023,2023-04-19,2023-04-19,R,134,Pittsburgh Pirates,14,115,Colorado Rockies,3,0,17,-11
718510,2023,2023-04-19,2023-04-19,R,143,Philadelphia Phillies,5,145,Chicago White Sox,2,0,7,-3
718511,2023,2023-04-19,2023-04-19,R,137,San Francisco Giants,5,146,Miami Marlins,2,0,7,-3
718512,2023,2023-04-19,2023-04-19,R,109,Arizona Diamondbacks,5,138,St. Louis Cardinals,14,1,19,9
718513,2023,2023-04-19,2023-04-19,R,114,Cleveland Guardians,3,116,Detroit Tigers,2,0,5,-1
718514,2023,2023-04-19,2023-04-19,R,140,Texas Rangers,12,118,Kansas City Royals,3,0,15,-9
718515,2023,2023-04-19,2023-04-19,R,139,Tampa Bay Rays,8,113,Cincinnati Reds,0,0,8,-8
718518,2023,2023-04-19,2023-04-19,R,110,Baltimore Orioles,4,120,Washington Nationals,0,0,4,-4
718494,2023,2023-04-20,2023-04-20,R,135,San Diego Padres,7,109,Arizona Diamondbacks,5,0,12,-2
718496,2023,2023-04-20,2023-04-20,R,108,Los Angeles Angels,3,147,New York Yankees,9,1,12,6
718497,2023,2023-04-20,2023-04-20,R,142,Minnesota Twins,5,111,Boston Red Sox,11,1,16,6
718498,2023,2023-04-20,2023-04-20,R,115,Colorado Rockies,5,143,Philadelphia Phillies,0,0,5,-5
718499,2023,2023-04-20,2023-04-20,R,119,Los Angeles Dodgers,6,112,Chicago Cubs,2,0,8,-4
718500,2023,2023-04-20,2023-04-20,R,113,Cincinnati Reds,3,134,Pittsburgh Pirates,4,1,7,1
718503,2023,2023-04-20,2023-04-20,R,121,New York Mets,9,137,San Francisco Giants,4,0,13,-5
718480,2023,2023-04-21,2023-04-21,R,121,New York Mets,7,137,San Francisco Giants,0,0,7,-7
718481,2023,2023-04-21,2023-04-21,R,138,St. Louis Cardinals,2,136,Seattle Mariners,5,1,7,3
718482,2023,2023-04-21,2023-04-21,R,120,Washington Nationals,3,142,Minnesota Twins,2,0,5,-1
718483,2023,2023-04-21,2023-04-21,R,111,Boston Red Sox,5,158,Milwaukee Brewers,3,0,8,-2
718484,2023,2023-04-21,2023-04-21,R,135,San Diego Padres,0,109,Arizona Diamondbacks,9,1,9,9
718485,2023,2023-04-21,2023-04-21,R,118,Kansas City Royals,0,108,Los Angeles Angels,2,1,2,2
718486,2023,2023-04-21,2023-04-21,R,145,Chicago White Sox,7,139,Tampa Bay Rays,8,1,15,1
718487,2023,2023-04-21,2023-04-21,R,141,Toronto Blue Jays,6,147,New York Yankees,1,0,7,-5
718489,2023,2023-04-21,2023-04-21,R,117,Houston Astros,6,144,Atlanta Braves,4,0,10,-2
718490,2023,2023-04-21,2023-04-21,R,133,Athletics,5,140,Texas Rangers,4,0,9,-1
718491,2023,2023-04-21,2023-04-21,R,119,Los Angeles Dodgers,0,112,Chicago Cubs,13,1,13,13
718492,2023,2023-04-21,2023-04-21,R,113,Cincinnati Reds,2,134,Pittsburgh Pirates,4,1,6,2
718493,2023,2023-04-21,2023-04-21,R,115,Colorado Rockies,3,143,Philadelphia Phillies,4,1,7,1
718495,2023,2023-04-21,2023-04-21,R,116,Detroit Tigers,1,110,Baltimore Orioles,2,1,3,1
718464,2023,2023-04-22,2023-04-22,R,138,St. Louis Cardinals,4,136,Seattle Mariners,5,1,9,1
718466,2023,2023-04-22,2023-04-22,R,118,Kansas City Royals,11,108,Los Angeles Angels,8,0,19,-3
718467,2023,2023-04-22,2023-04-22,R,135,San Diego Padres,5,109,Arizona Diamondbacks,3,0,8,-2
718468,2023,2023-04-22,2023-04-22,R,120,Washington Nationals,10,142,Minnesota Twins,4,0,14,-6
718469,2023,2023-04-22,2023-04-22,R,133,Athletics,3,140,Texas Rangers,18,1,21,15
718470,2023,2023-04-22,2023-04-22,R,111,Boston Red Sox,4,158,Milwaukee Brewers,5,1,9,1
718471,2023,2023-04-22,2023-04-22,R,117,Houston Astros,6,144,Atlanta Braves,3,0,9,-3
718472,2023,2023-04-22,2023-04-22,R,116,Detroit Tigers,1,110,Baltimore Orioles,5,1,6,4
718473,2023,2023-04-22,2023-04-22,R,146,Miami Marlins,6,114,Cleveland Guardians,1,0,7,-5
718474,2023,2023-04-22,2023-04-22,R,113,Cincinnati Reds,1,134,Pittsburgh Pirates,2,1,3,1
718475,2023,2023-04-22,2023-04-22,R,115,Colorado Rockies,3,143,Philadelphia Phillies,4,1,7,1
718476,2023,2023-04-22,2023-04-22,R,141,Toronto Blue Jays,2,147,New York Yankees,3,1,5,1
718477,2023,2023-04-22,2023-04-22,R,145,Chicago White Sox,3,139,Tampa Bay Rays,4,1,7,1
718478,2023,2023-04-22,2023-04-22,R,121,New York Mets,4,137,San Francisco Giants,7,1,11,3
718479,2023,2023-04-22,2023-04-22,R,119,Los Angeles Dodgers,9,112,Chicago Cubs,4,0,13,-5
718488,2023,2023-04-22,2023-04-22,R,146,Miami Marlins,3,114,Cleveland Guardians,2,0,5,-1
718450,2023,2023-04-23,2023-04-23,R,138,St. Louis Cardinals,7,136,Seattle Mariners,3,0,10,-4
718451,2023,2023-04-23,2023-04-23,R,119,Los Angeles Dodgers,7,112,Chicago Cubs,3,0,10,-4
718452,2023,2023-04-23,2023-04-23,R,118,Kansas City Royals,3,108,Los Angeles Angels,4,1,7,1
718453,2023,2023-04-23,2023-04-23,R,133,Athletics,2,140,Texas Rangers,5,1,7,3
718454,2023,2023-04-23,2023-04-23,R,120,Washington Nationals,1,142,Minnesota Twins,3,1,4,2
718455,2023,2023-04-23,2023-04-23,R,121,New York Mets,4,137,San Francisco Giants,5,1,9,1
718456,2023,2023-04-23,2023-04-23,R,135,San Diego Padres,7,109,Arizona Diamondbacks,5,0,12,-2
718457,2023,2023-04-23,2023-04-23,R,145,Chicago White Sox,1,139,Tampa Bay Rays,4,1,5,3
718458,2023,2023-04-23,2023-04-23,R,115,Colorado Rockies,3,143,Philadelphia Phillies,9,1,12,6
718459,2023,2023-04-23,2023-04-23,R,116,Detroit Tigers,1,110,Baltimore Orioles,2,1,3,1
718460,2023,2023-04-23,2023-04-23,R,146,Miami Marlins,4,114,Cleveland Guardians,7,1,11,3
718461,2023,2023-04-23,2023-04-23,R,111,Boston Red Sox,12,158,Milwaukee Brewers,5,0,17,-7
718462,2023,2023-04-23,2023-04-23,R,117,Houston Astros,5,144,Atlanta Braves,2,0,7,-3
718463,2023,2023-04-23,2023-04-23,R,113,Cincinnati Reds,0,134,Pittsburgh Pirates,2,1,2,2
718465,2023,2023-04-23,2023-04-23,R,141,Toronto Blue Jays,5,147,New York Yankees,1,0,6,-4
718437,2023,2023-04-24,2023-04-24,R,133,Athletics,11,108,Los Angeles Angels,10,0,21,-1
718438,2023,2023-04-24,2023-04-24,R,118,Kansas City Royals,4,109,Arizona Diamondbacks,5,1,9,1
718441,2023,2023-04-24,2023-04-24,R,116,Detroit Tigers,4,158,Milwaukee Brewers,2,0,6,-2
718442,2023,2023-04-24,2023-04-24,R,147,New York Yankees,1,142,Minnesota Twins,6,1,7,5
718443,2023,2023-04-24,2023-04-24,R,146,Miami Marlins,0,144,Atlanta Braves,11,1,11,11
718444,2023,2023-04-24,2023-04-24,R,145,Chicago White Sox,2,141,Toronto Blue Jays,5,1,7,3
718445,2023,2023-04-24,2023-04-24,R,140,Texas Rangers,6,113,Cincinnati Reds,7,1,13,1
718446,2023,2023-04-24,2023-04-24,R,138,St. Louis Cardinals,0,137,San Francisco Giants,4,1,4,4
718447,2023,2023-04-24,2023-04-24,R,111,Boston Red Sox,4,110,Baltimore Orioles,5,1,9,1
718448,2023,2023-04-24,2023-04-24,R,115,Colorado Rockies,6,114,Cleveland Guardians,0,0,6,-6
718449,2023,2023-04-24,2023-04-24,R,117,Houston Astros,3,139,Tampa Bay Rays,8,1,11,5
718422,2023,2023-04-25,2023-04-25,R,118,Kansas City Royals,5,109,Arizona Diamondbacks,4,0,9,-1
718425,2023,2023-04-25,2023-04-25,R,133,Athletics,3,108,Los Angeles Angels,5,1,8,2
718426,2023,2023-04-25,2023-04-25,R,135,San Diego Padres,0,112,Chicago Cubs,6,1,6,6
718427,2023,2023-04-25,2023-04-25,R,147,New York Yankees,2,142,Minnesota Twins,6,1,8,4
718428,2023,2023-04-25,2023-04-25,R,116,Detroit Tigers,4,158,Milwaukee Brewers,3,0,7,-1
718429,2023,2023-04-25,2023-04-25,R,146,Miami Marlins,4,144,Atlanta Braves,7,1,11,3
718430,2023,2023-04-25,2023-04-25,R,136,Seattle Mariners,5,143,Philadelphia Phillies,3,0,8,-2
718431,2023,2023-04-25,2023-04-25,R,120,Washington Nationals,5,121,New York Mets,0,0,5,-5
718432,2023,2023-04-25,2023-04-25,R,119,Los Angeles Dodgers,8,134,Pittsburgh Pirates,7,0,15,-1
718433,2023,2023-04-25,2023-04-25,R,145,Chicago White Sox,0,141,Toronto Blue Jays,7,1,7,7
718434,2023,2023-04-25,2023-04-25,R,140,Texas Rangers,6,113,Cincinnati Reds,7,1,13,1
718435,2023,2023-04-25,2023-04-25,R,111,Boston Red Sox,8,110,Baltimore Orioles,6,0,14,-2
718436,2023,2023-04-25,2023-04-25,R,117,Houston Astros,5,139,Tampa Bay Rays,0,0,5,-5
718439,2023,2023-04-25,2023-04-25,R,138,St. Louis Cardinals,4,137,San Francisco Giants,5,1,9,1
718440,2023,2023-04-25,2023-04-25,R,115,Colorado Rockies,5,114,Cleveland Guardians,1,0,6,-4
718407,2023,2023-04-26,2023-04-26,R,135,San Diego Padres,5,112,Chicago Cubs,3,0,8,-2
718408,2023,2023-04-26,2023-04-26,R,133,Athletics,3,108,Los Angeles Angels,11,1,14,8
718411,2023,2023-04-26,2023-04-26,R,146,Miami Marlins,4,144,Atlanta Braves,6,1,10,2
718412,2023,2023-04-26,2023-04-26,R,120,Washington Nationals,4,121,New York Mets,1,0,5,-3
718413,2023,2023-04-26,2023-04-26,R,119,Los Angeles Dodgers,1,134,Pittsburgh Pirates,8,1,9,7
718414,2023,2023-04-26,2023-04-26,R,117,Houston Astros,1,139,Tampa Bay Rays,0,0,1,-1
718415,2023,2023-04-26,2023-04-26,R,136,Seattle Mariners,5,143,Philadelphia Phillies,6,1,11,1
718416,2023,2023-04-26,2023-04-26,R,111,Boston Red Sox,2,110,Baltimore Orioles,6,1,8,4
718417,2023,2023-04-26,2023-04-26,R,147,New York Yankees,12,142,Minnesota Twins,6,0,18,-6
718418,2023,2023-04-26,2023-04-26,R,118,Kansas City Royals,0,109,Arizona Diamondbacks,2,1,2,2
718419,2023,2023-04-26,2023-04-26,R,116,Detroit Tigers,2,158,Milwaukee Brewers,6,1,8,4
718420,2023,2023-04-26,2023-04-26,R,145,Chicago White Sox,0,141,Toronto Blue Jays,8,1,8,8
718421,2023,2023-04-26,2023-04-26,R,115,Colorado Rockies,1,114,Cleveland Guardians,4,1,5,3
718423,2023,2023-04-26,2023-04-26,R,138,St. Louis Cardinals,3,137,San Francisco Giants,7,1,10,4
718424,2023,2023-04-26,2023-04-26,R,140,Texas Rangers,3,113,Cincinnati Reds,5,1,8,2
718396,2023,2023-04-27,2023-04-27,R,139,Tampa Bay Rays,14,145,Chicago White Sox,5,0,19,-9
718397,2023,2023-04-27,2023-04-27,R,147,New York Yankees,4,140,Texas Rangers,2,0,6,-2
718398,2023,2023-04-27,2023-04-27,R,120,Washington Nationals,8,121,New York Mets,9,1,17,1
718400,2023,2023-04-27,2023-04-27,R,118,Kansas City Royals,1,142,Minnesota Twins,7,1,8,6
718402,2023,2023-04-27,2023-04-27,R,133,Athletics,7,108,Los Angeles Angels,8,1,15,1
718403,2023,2023-04-27,2023-04-27,R,119,Los Angeles Dodgers,2,134,Pittsburgh Pirates,6,1,8,4
718404,2023,2023-04-27,2023-04-27,R,136,Seattle Mariners,0,143,Philadelphia Phillies,1,1,1,1
718405,2023,2023-04-27,2023-04-27,R,110,Baltimore Orioles,7,116,Detroit Tigers,4,0,11,-3
718406,2023,2023-04-27,2023-04-27,R,135,San Diego Padres,2,112,Chicago Cubs,5,1,7,3
718409,2023,2023-04-27,2023-04-27,R,138,St. Louis Cardinals,6,137,San Francisco Giants,0,0,6,-6
718410,2023,2023-04-27,2023-04-27,R,146,Miami Marlins,5,144,Atlanta Braves,4,0,9,-1
718380,2023,2023-04-28,2023-04-28,R,113,Cincinnati Reds,11,133,Athletics,7,0,18,-4
718382,2023,2023-04-28,2023-04-28,R,138,St. Louis Cardinals,3,119,Los Angeles Dodgers,7,1,10,4
718386,2023,2023-04-28,2023-04-28,R,108,Los Angeles Angels,1,158,Milwaukee Brewers,2,1,3,1
718387,2023,2023-04-28,2023-04-28,R,118,Kansas City Royals,6,142,Minnesota Twins,8,1,14,2
718388,2023,2023-04-28,2023-04-28,R,147,New York Yankees,2,140,Texas Rangers,5,1,7,3
718389,2023,2023-04-28,2023-04-28,R,143,Philadelphia Phillies,3,117,Houston Astros,1,0,4,-2
718390,2023,2023-04-28,2023-04-28,R,109,Arizona Diamondbacks,9,115,Colorado Rockies,1,0,10,-8
718391,2023,2023-04-28,2023-04-28,R,112,Chicago Cubs,2,146,Miami Marlins,3,1,5,1
718392,2023,2023-04-28,2023-04-28,R,136,Seattle Mariners,2,141,Toronto Blue Jays,3,1,5,1
718393,2023,2023-04-28,2023-04-28,R,139,Tampa Bay Rays,3,145,Chicago White Sox,2,0,5,-1
718394,2023,2023-04-28,2023-04-28,R,144,Atlanta Braves,4,121,New York Mets,0,0,4,-4
718395,2023,2023-04-28,2023-04-28,R,114,Cleveland Guardians,5,111,Boston Red Sox,2,0,7,-3
718366,2023,2023-04-29,2023-04-29,R,109,Arizona Diamondbacks,11,115,Colorado Rockies,4,0,15,-7
718369,2023,2023-04-29,2023-04-29,R,138,St. Louis Cardinals,0,119,Los Angeles Dodgers,1,1,1,1
718372,2023,2023-04-29,2023-04-29,R,143,Philadelphia Phillies,6,117,Houston Astros,1,0,7,-5
718373,2023,2023-04-29,2023-04-29,R,139,Tampa Bay Rays,12,145,Chicago White Sox,3,0,15,-9
718374,2023,2023-04-29,2023-04-29,R,147,New York Yankees,0,140,Texas Rangers,2,1,2,2
718375,2023,2023-04-29,2023-04-29,R,112,Chicago Cubs,6,146,Miami Marlins,7,1,13,1
718376,2023,2023-04-29,2023-04-29,R,108,Los Angeles Angels,5,158,Milwaukee Brewers,7,1,12,2
718377,2023,2023-04-29,2023-04-29,R,113,Cincinnati Reds,3,133,Athletics,2,0,5,-1
718378,2023,2023-04-29,2023-04-29,R,118,Kansas City Royals,3,142,Minnesota Twins,2,0,5,-1
718379,2023,2023-04-29,2023-04-29,R,136,Seattle Mariners,0,141,Toronto Blue Jays,1,1,1,1
718381,2023,2023-04-29,2023-04-29,R,110,Baltimore Orioles,4,116,Detroit Tigers,7,1,11,3
718383,2023,2023-04-29,2023-04-29,R,134,Pittsburgh Pirates,6,120,Washington Nationals,3,0,9,-3
718384,2023,2023-04-29,2023-04-29,R,137,San Francisco Giants,11,135,San Diego Padres,16,1,27,5
718385,2023,2023-04-29,2023-04-29,R,114,Cleveland Guardians,7,111,Boston Red Sox,8,1,15,1
718399,2023,2023-04-29,2023-04-29,R,134,Pittsburgh Pirates,16,120,Washington Nationals,1,0,17,-15
718401,2023,2023-04-29,2023-04-29,R,110,Baltimore Orioles,6,116,Detroit Tigers,4,0,10,-2
718354,2023,2023-04-30,2023-04-30,R,143,Philadelphia Phillies,3,117,Houston Astros,4,1,7,1
718355,2023,2023-04-30,2023-04-30,R,139,Tampa Bay Rays,9,145,Chicago White Sox,12,1,21,3
718356,2023,2023-04-30,2023-04-30,R,147,New York Yankees,2,140,Texas Rangers,15,1,17,13
718357,2023,2023-04-30,2023-04-30,R,113,Cincinnati Reds,4,133,Athletics,5,1,9,1
718358,2023,2023-04-30,2023-04-30,R,109,Arizona Diamondbacks,4,115,Colorado Rockies,12,1,16,8
718359,2023,2023-04-30,2023-04-30,R,138,St. Louis Cardinals,3,119,Los Angeles Dodgers,6,1,9,3
718360,2023,2023-04-30,2023-04-30,R,110,Baltimore Orioles,5,116,Detroit Tigers,3,0,8,-2
718362,2023,2023-04-30,2023-04-30,R,118,Kansas City Royals,4,142,Minnesota Twins,8,1,12,4
718363,2023,2023-04-30,2023-04-30,R,136,Seattle Mariners,10,141,Toronto Blue Jays,8,0,18,-2
718364,2023,2023-04-30,2023-04-30,R,112,Chicago Cubs,3,146,Miami Marlins,4,1,7,1
718365,2023,2023-04-30,2023-04-30,R,108,Los Angeles Angels,3,158,Milwaukee Brewers,0,0,3,-3
718367,2023,2023-04-30,2023-04-30,R,134,Pittsburgh Pirates,2,120,Washington Nationals,7,1,9,5
718368,2023,2023-04-30,2023-04-30,R,137,San Francisco Giants,4,135,San Diego Padres,6,1,10,2
718370,2023,2023-04-30,2023-04-30,R,114,Cleveland Guardians,1,111,Boston Red Sox,7,1,8,6
718343,2023,2023-05-01,2023-05-01,R,143,Philadelphia Phillies,4,119,Los Angeles Dodgers,13,1,17,9
718345,2023,2023-05-01,2023-05-01,R,113,Cincinnati Reds,3,135,San Diego Padres,8,1,11,5
718349,2023,2023-05-01,2023-05-01,R,112,Chicago Cubs,5,120,Washington Nationals,1,0,6,-4
718350,2023,2023-05-01,2023-05-01,R,137,San Francisco Giants,3,117,Houston Astros,7,1,10,4
718351,2023,2023-05-01,2023-05-01,R,114,Cleveland Guardians,3,147,New York Yankees,2,0,5,-1
718352,2023,2023-05-01,2023-05-01,R,144,Atlanta Braves,9,121,New York Mets,8,0,17,-1
718353,2023,2023-05-01,2023-05-01,R,141,Toronto Blue Jays,5,111,Boston Red Sox,6,1,11,1
718361,2023,2023-05-01,2023-05-01,R,144,Atlanta Braves,3,121,New York Mets,5,1,8,2
718331,2023,2023-05-02,2023-05-02,R,143,Philadelphia Phillies,1,119,Los Angeles Dodgers,13,1,14,12
718332,2023,2023-05-02,2023-05-02,R,136,Seattle Mariners,2,133,Athletics,1,0,3,-1
718334,2023,2023-05-02,2023-05-02,R,158,Milwaukee Brewers,2,115,Colorado Rockies,3,1,5,1
718335,2023,2023-05-02,2023-05-02,R,113,Cincinnati Reds,2,135,San Diego Padres,1,0,3,-1
718336,2023,2023-05-02,2023-05-02,R,110,Baltimore Orioles,11,118,Kansas City Royals,7,0,18,-4
718337,2023,2023-05-02,2023-05-02,R,137,San Francisco Giants,2,117,Houston Astros,0,0,2,-2
718338,2023,2023-05-02,2023-05-02,R,108,Los Angeles Angels,5,138,St. Louis Cardinals,1,0,6,-4
718339,2023,2023-05-02,2023-05-02,R,114,Cleveland Guardians,2,147,New York Yankees,4,1,6,2
718340,2023,2023-05-02,2023-05-02,R,142,Minnesota Twins,2,145,Chicago White Sox,3,1,5,1
718341,2023,2023-05-02,2023-05-02,R,141,Toronto Blue Jays,6,111,Boston Red Sox,7,1,13,1
718342,2023,2023-05-02,2023-05-02,R,109,Arizona Diamondbacks,4,140,Texas Rangers,6,1,10,2
718344,2023,2023-05-02,2023-05-02,R,112,Chicago Cubs,1,120,Washington Nationals,4,1,5,3
718346,2023,2023-05-02,2023-05-02,R,144,Atlanta Braves,6,146,Miami Marlins,0,0,6,-6
718347,2023,2023-05-02,2023-05-02,R,134,Pittsburgh Pirates,1,139,Tampa Bay Rays,4,1,5,3
718314,2023,2023-05-03,2023-05-03,R,110,Baltimore Orioles,0,118,Kansas City Royals,6,1,6,6
718315,2023,2023-05-03,2023-05-03,R,158,Milwaukee Brewers,1,115,Colorado Rockies,7,1,8,6
718319,2023,2023-05-03,2023-05-03,R,136,Seattle Mariners,7,133,Athletics,2,0,9,-5
718320,2023,2023-05-03,2023-05-03,R,108,Los Angeles Angels,6,138,St. Louis Cardinals,4,0,10,-2
718321,2023,2023-05-03,2023-05-03,R,144,Atlanta Braves,14,146,Miami Marlins,6,0,20,-8
718322,2023,2023-05-03,2023-05-03,R,142,Minnesota Twins,4,145,Chicago White Sox,6,1,10,2
718323,2023,2023-05-03,2023-05-03,R,141,Toronto Blue Jays,3,111,Boston Red Sox,8,1,11,5
718324,2023,2023-05-03,2023-05-03,R,114,Cleveland Guardians,3,147,New York Yankees,4,1,7,1
718325,2023,2023-05-03,2023-05-03,R,109,Arizona Diamondbacks,12,140,Texas Rangers,7,0,19,-5
718326,2023,2023-05-03,2023-05-03,R,137,San Francisco Giants,4,117,Houston Astros,2,0,6,-2
718327,2023,2023-05-03,2023-05-03,R,143,Philadelphia Phillies,6,119,Los Angeles Dodgers,10,1,16,4
718328,2023,2023-05-03,2023-05-03,R,134,Pittsburgh Pirates,1,139,Tampa Bay Rays,8,1,9,7
718329,2023,2023-05-03,2023-05-03,R,121,New York Mets,1,116,Detroit Tigers,8,1,9,7
718330,2023,2023-05-03,2023-05-03,R,113,Cincinnati Reds,1,135,San Diego Padres,7,1,8,6
718333,2023,2023-05-03,2023-05-03,R,112,Chicago Cubs,1,120,Washington Nationals,2,1,3,1
718348,2023,2023-05-03,2023-05-03,R,121,New York Mets,5,116,Detroit Tigers,6,1,11,1
718304,2023,2023-05-04,2023-05-04,R,136,Seattle Mariners,5,133,Athletics,3,0,8,-2
718308,2023,2023-05-04,2023-05-04,R,144,Atlanta Braves,6,146,Miami Marlins,3,0,9,-3
718309,2023,2023-05-04,2023-05-04,R,134,Pittsburgh Pirates,2,139,Tampa Bay Rays,3,1,5,1
718310,2023,2023-05-04,2023-05-04,R,142,Minnesota Twins,7,145,Chicago White Sox,3,0,10,-4
718311,2023,2023-05-04,2023-05-04,R,108,Los Angeles Angels,11,138,St. Louis Cardinals,7,0,18,-4
718312,2023,2023-05-04,2023-05-04,R,110,Baltimore Orioles,13,118,Kansas City Royals,10,0,23,-3
718313,2023,2023-05-04,2023-05-04,R,158,Milwaukee Brewers,6,115,Colorado Rockies,9,1,15,3
718316,2023,2023-05-04,2023-05-04,R,141,Toronto Blue Jays,5,111,Boston Red Sox,11,1,16,6
718317,2023,2023-05-04,2023-05-04,R,112,Chicago Cubs,3,120,Washington Nationals,4,1,7,1
718318,2023,2023-05-04,2023-05-04,R,121,New York Mets,0,116,Detroit Tigers,2,1,2,2
718292,2023,2023-05-05,2023-05-05,R,116,Detroit Tigers,5,138,St. Louis Cardinals,4,0,9,-1
718293,2023,2023-05-05,2023-05-05,R,158,Milwaukee Brewers,4,137,San Francisco Giants,6,1,10,2
718294,2023,2023-05-05,2023-05-05,R,140,Texas Rangers,4,108,Los Angeles Angels,5,1,9,1
718295,2023,2023-05-05,2023-05-05,R,119,Los Angeles Dodgers,2,135,San Diego Padres,5,1,7,3
718296,2023,2023-05-05,2023-05-05,R,120,Washington Nationals,1,109,Arizona Diamondbacks,3,1,4,2
718297,2023,2023-05-05,2023-05-05,R,117,Houston Astros,6,136,Seattle Mariners,4,0,10,-2
718298,2023,2023-05-05,2023-05-05,R,110,Baltimore Orioles,9,144,Atlanta Braves,4,0,13,-5
718299,2023,2023-05-05,2023-05-05,R,133,Athletics,12,118,Kansas City Royals,8,0,20,-4
718300,2023,2023-05-05,2023-05-05,R,147,New York Yankees,4,139,Tampa Bay Rays,5,1,9,1
718301,2023,2023-05-05,2023-05-05,R,111,Boston Red Sox,5,143,Philadelphia Phillies,3,0,8,-2
718302,2023,2023-05-05,2023-05-05,R,115,Colorado Rockies,0,121,New York Mets,1,1,1,1
718303,2023,2023-05-05,2023-05-05,R,146,Miami Marlins,1,112,Chicago Cubs,4,1,5,3
718305,2023,2023-05-05,2023-05-05,R,145,Chicago White Sox,5,113,Cincinnati Reds,4,0,9,-1
718306,2023,2023-05-05,2023-05-05,R,142,Minnesota Twins,2,114,Cleveland Guardians,0,0,2,-2
718307,2023,2023-05-05,2023-05-05,R,141,Toronto Blue Jays,4,134,Pittsburgh Pirates,0,0,4,-4
718274,2023,2023-05-06,2023-05-06,R,117,Houston Astros,5,136,Seattle Mariners,7,1,12,2
718275,2023,2023-05-06,2023-05-06,R,140,Texas Rangers,10,108,Los Angeles Angels,1,0,11,-9
718279,2023,2023-05-06,2023-05-06,R,119,Los Angeles Dodgers,2,135,San Diego Padres,1,0,3,-1
718280,2023,2023-05-06,2023-05-06,R,133,Athletics,5,118,Kansas City Royals,4,0,9,-1
718281,2023,2023-05-06,2023-05-06,R,145,Chicago White Sox,3,113,Cincinnati Reds,5,1,8,2
718282,2023,2023-05-06,2023-05-06,R,120,Washington Nationals,7,109,Arizona Diamondbacks,8,1,15,1
718283,2023,2023-05-06,2023-05-06,R,110,Baltimore Orioles,4,144,Atlanta Braves,5,1,9,1
718284,2023,2023-05-06,2023-05-06,R,111,Boston Red Sox,7,143,Philadelphia Phillies,4,0,11,-3
718285,2023,2023-05-06,2023-05-06,R,142,Minnesota Twins,3,114,Cleveland Guardians,4,1,7,1
718286,2023,2023-05-06,2023-05-06,R,141,Toronto Blue Jays,8,134,Pittsburgh Pirates,2,0,10,-6
718287,2023,2023-05-06,2023-05-06,R,158,Milwaukee Brewers,1,137,San Francisco Giants,4,1,5,3
718288,2023,2023-05-06,2023-05-06,R,116,Detroit Tigers,6,138,St. Louis Cardinals,5,0,11,-1
718289,2023,2023-05-06,2023-05-06,R,146,Miami Marlins,2,112,Chicago Cubs,4,1,6,2
718290,2023,2023-05-06,2023-05-06,R,115,Colorado Rockies,5,121,New York Mets,2,0,7,-3
718291,2023,2023-05-06,2023-05-06,R,147,New York Yankees,3,139,Tampa Bay Rays,2,0,5,-1
718262,2023,2023-05-07,2023-05-07,R,145,Chicago White Sox,17,113,Cincinnati Reds,4,0,21,-13
718263,2023,2023-05-07,2023-05-07,R,120,Washington Nationals,9,109,Arizona Diamondbacks,8,0,17,-1
718264,2023,2023-05-07,2023-05-07,R,140,Texas Rangers,16,108,Los Angeles Angels,8,0,24,-8
718265,2023,2023-05-07,2023-05-07,R,117,Houston Astros,1,136,Seattle Mariners,3,1,4,2
718266,2023,2023-05-07,2023-05-07,R,119,Los Angeles Dodgers,5,135,San Diego Padres,2,0,7,-3
718267,2023,2023-05-07,2023-05-07,R,158,Milwaukee Brewers,7,137,San Francisco Giants,3,0,10,-4
718268,2023,2023-05-07,2023-05-07,R,133,Athletics,1,118,Kansas City Royals,5,1,6,4
718269,2023,2023-05-07,2023-05-07,R,146,Miami Marlins,5,112,Chicago Cubs,4,0,9,-1
718270,2023,2023-05-07,2023-05-07,R,111,Boston Red Sox,1,143,Philadelphia Phillies,6,1,7,5
718271,2023,2023-05-07,2023-05-07,R,147,New York Yankees,7,139,Tampa Bay Rays,8,1,15,1
718272,2023,2023-05-07,2023-05-07,R,116,Detroit Tigers,6,138,St. Louis Cardinals,12,1,18,6
718273,2023,2023-05-07,2023-05-07,R,142,Minnesota Twins,0,114,Cleveland Guardians,2,1,2,2
718276,2023,2023-05-07,2023-05-07,R,115,Colorado Rockies,13,121,New York Mets,6,0,19,-7
718277,2023,2023-05-07,2023-05-07,R,110,Baltimore Orioles,2,144,Atlanta Braves,3,1,5,1
718278,2023,2023-05-07,2023-05-07,R,141,Toronto Blue Jays,10,134,Pittsburgh Pirates,1,0,11,-9
718249,2023,2023-05-08,2023-05-08,R,146,Miami Marlins,2,109,Arizona Diamondbacks,5,1,7,3
718251,2023,2023-05-08,2023-05-08,R,140,Texas Rangers,2,136,Seattle Mariners,1,0,3,-1
718253,2023,2023-05-08,2023-05-08,R,145,Chicago White Sox,5,118,Kansas City Royals,12,1,17,7
718254,2023,2023-05-08,2023-05-08,R,117,Houston Astros,4,108,Los Angeles Angels,6,1,10,2
718255,2023,2023-05-08,2023-05-08,R,133,Athletics,2,147,New York Yankees,7,1,9,5
718256,2023,2023-05-08,2023-05-08,R,138,St. Louis Cardinals,3,112,Chicago Cubs,1,0,4,-2
718257,2023,2023-05-08,2023-05-08,R,119,Los Angeles Dodgers,3,158,Milwaukee Brewers,9,1,12,6
718258,2023,2023-05-08,2023-05-08,R,115,Colorado Rockies,0,134,Pittsburgh Pirates,2,1,2,2
718259,2023,2023-05-08,2023-05-08,R,139,Tampa Bay Rays,3,110,Baltimore Orioles,0,0,3,-3
718260,2023,2023-05-08,2023-05-08,R,120,Washington Nationals,5,137,San Francisco Giants,1,0,6,-4
718261,2023,2023-05-08,2023-05-08,R,116,Detroit Tigers,6,114,Cleveland Guardians,2,0,8,-4
718236,2023,2023-05-09,2023-05-09,R,146,Miami Marlins,6,109,Arizona Diamondbacks,2,0,8,-4
718237,2023,2023-05-09,2023-05-09,R,117,Houston Astros,3,108,Los Angeles Angels,1,0,4,-2
718238,2023,2023-05-09,2023-05-09,R,145,Chicago White Sox,4,118,Kansas City Royals,2,0,6,-2
718239,2023,2023-05-09,2023-05-09,R,140,Texas Rangers,0,136,Seattle Mariners,5,1,5,5
718240,2023,2023-05-09,2023-05-09,R,138,St. Louis Cardinals,6,112,Chicago Cubs,4,0,10,-2
718241,2023,2023-05-09,2023-05-09,R,119,Los Angeles Dodgers,6,158,Milwaukee Brewers,2,0,8,-4
718242,2023,2023-05-09,2023-05-09,R,135,San Diego Padres,6,142,Minnesota Twins,1,0,7,-5
718243,2023,2023-05-09,2023-05-09,R,121,New York Mets,6,113,Cincinnati Reds,7,1,13,1
718244,2023,2023-05-09,2023-05-09,R,141,Toronto Blue Jays,4,143,Philadelphia Phillies,8,1,12,4
718245,2023,2023-05-09,2023-05-09,R,111,Boston Red Sox,3,144,Atlanta Braves,9,1,12,6
718246,2023,2023-05-09,2023-05-09,R,139,Tampa Bay Rays,2,110,Baltimore Orioles,4,1,6,2
718247,2023,2023-05-09,2023-05-09,R,133,Athletics,5,147,New York Yankees,10,1,15,5
718248,2023,2023-05-09,2023-05-09,R,116,Detroit Tigers,0,114,Cleveland Guardians,2,1,2,2
718250,2023,2023-05-09,2023-05-09,R,120,Washington Nationals,1,137,San Francisco Giants,4,1,5,3
718252,2023,2023-05-09,2023-05-09,R,115,Colorado Rockies,10,134,Pittsburgh Pirates,1,0,11,-9
718220,2023,2023-05-10,2023-05-10,R,111,Boston Red Sox,5,144,Atlanta Braves,2,0,7,-3
718221,2023,2023-05-10,2023-05-10,R,138,St. Louis Cardinals,4,112,Chicago Cubs,10,1,14,6
718222,2023,2023-05-10,2023-05-10,R,145,Chicago White Sox,1,118,Kansas City Royals,9,1,10,8
718224,2023,2023-05-10,2023-05-10,R,135,San Diego Padres,3,142,Minnesota Twins,4,1,7,1
718225,2023,2023-05-10,2023-05-10,R,121,New York Mets,2,113,Cincinnati Reds,1,0,3,-1
718226,2023,2023-05-10,2023-05-10,R,146,Miami Marlins,5,109,Arizona Diamondbacks,4,0,9,-1
718227,2023,2023-05-10,2023-05-10,R,139,Tampa Bay Rays,1,110,Baltimore Orioles,2,1,3,1
718228,2023,2023-05-10,2023-05-10,R,119,Los Angeles Dodgers,8,158,Milwaukee Brewers,1,0,9,-7
718229,2023,2023-05-10,2023-05-10,R,140,Texas Rangers,4,136,Seattle Mariners,3,0,7,-1
718230,2023,2023-05-10,2023-05-10,R,120,Washington Nationals,11,137,San Francisco Giants,6,0,17,-5
718231,2023,2023-05-10,2023-05-10,R,115,Colorado Rockies,4,134,Pittsburgh Pirates,3,0,7,-1
718232,2023,2023-05-10,2023-05-10,R,133,Athletics,3,147,New York Yankees,11,1,14,8
718233,2023,2023-05-10,2023-05-10,R,141,Toronto Blue Jays,1,143,Philadelphia Phillies,2,1,3,1
718234,2023,2023-05-10,2023-05-10,R,116,Detroit Tigers,5,114,Cleveland Guardians,0,0,5,-5
718235,2023,2023-05-10,2023-05-10,R,117,Houston Astros,5,108,Los Angeles Angels,4,0,9,-1
718215,2023,2023-05-11,2023-05-11,R,137,San Francisco Giants,6,109,Arizona Diamondbacks,2,0,8,-4
718216,2023,2023-05-11,2023-05-11,R,135,San Diego Padres,3,142,Minnesota Twins,5,1,8,2
718217,2023,2023-05-11,2023-05-11,R,140,Texas Rangers,4,133,Athletics,0,0,4,-4
718218,2023,2023-05-11,2023-05-11,R,145,Chicago White Sox,3,118,Kansas City Royals,4,1,7,1
718219,2023,2023-05-11,2023-05-11,R,139,Tampa Bay Rays,8,147,New York Yankees,2,0,10,-6
718223,2023,2023-05-11,2023-05-11,R,121,New York Mets,0,113,Cincinnati Reds,5,1,5,5
718199,2023,2023-05-12,2023-05-12,R,137,San Francisco Giants,5,109,Arizona Diamondbacks,7,1,12,2
718200,2023,2023-05-12,2023-05-12,R,140,Texas Rangers,7,133,Athletics,9,1,16,2
718201,2023,2023-05-12,2023-05-12,R,135,San Diego Padres,2,119,Los Angeles Dodgers,4,1,6,2
718202,2023,2023-05-12,2023-05-12,R,143,Philadelphia Phillies,6,115,Colorado Rockies,3,0,9,-3
718204,2023,2023-05-12,2023-05-12,R,118,Kansas City Royals,1,158,Milwaukee Brewers,5,1,6,4
718205,2023,2023-05-12,2023-05-12,R,108,Los Angeles Angels,5,114,Cleveland Guardians,4,0,9,-1
718206,2023,2023-05-12,2023-05-12,R,144,Atlanta Braves,0,141,Toronto Blue Jays,3,1,3,3
718207,2023,2023-05-12,2023-05-12,R,117,Houston Astros,5,145,Chicago White Sox,1,0,6,-4
718208,2023,2023-05-12,2023-05-12,R,136,Seattle Mariners,9,116,Detroit Tigers,2,0,11,-7
718209,2023,2023-05-12,2023-05-12,R,112,Chicago Cubs,6,142,Minnesota Twins,2,0,8,-4
718210,2023,2023-05-12,2023-05-12,R,139,Tampa Bay Rays,5,147,New York Yankees,6,1,11,1
718211,2023,2023-05-12,2023-05-12,R,138,St. Louis Cardinals,8,111,Boston Red Sox,6,0,14,-2
718212,2023,2023-05-12,2023-05-12,R,113,Cincinnati Reds,7,146,Miami Marlins,4,0,11,-3
718213,2023,2023-05-12,2023-05-12,R,134,Pittsburgh Pirates,3,110,Baltimore Orioles,6,1,9,3
718214,2023,2023-05-12,2023-05-12,R,121,New York Mets,3,120,Washington Nationals,2,0,5,-1
718183,2023,2023-05-13,2023-05-13,R,118,Kansas City Royals,3,158,Milwaukee Brewers,4,1,7,1
718184,2023,2023-05-13,2023-05-13,R,137,San Francisco Giants,2,109,Arizona Diamondbacks,7,1,9,5
718185,2023,2023-05-13,2023-05-13,R,135,San Diego Padres,2,119,Los Angeles Dodgers,4,1,6,2
718188,2023,2023-05-13,2023-05-13,R,143,Philadelphia Phillies,7,115,Colorado Rockies,4,0,11,-3
718189,2023,2023-05-13,2023-05-13,R,117,Houston Astros,1,145,Chicago White Sox,3,1,4,2
718190,2023,2023-05-13,2023-05-13,R,140,Texas Rangers,5,133,Athletics,0,0,5,-5
718191,2023,2023-05-13,2023-05-13,R,108,Los Angeles Angels,6,114,Cleveland Guardians,8,1,14,2
718192,2023,2023-05-13,2023-05-13,R,144,Atlanta Braves,2,141,Toronto Blue Jays,5,1,7,3
718193,2023,2023-05-13,2023-05-13,R,134,Pittsburgh Pirates,0,110,Baltimore Orioles,2,1,2,2
718194,2023,2023-05-13,2023-05-13,R,136,Seattle Mariners,5,116,Detroit Tigers,0,0,5,-5
718195,2023,2023-05-13,2023-05-13,R,112,Chicago Cubs,1,142,Minnesota Twins,11,1,12,10
718196,2023,2023-05-13,2023-05-13,R,138,St. Louis Cardinals,4,111,Boston Red Sox,3,0,7,-1
718197,2023,2023-05-13,2023-05-13,R,139,Tampa Bay Rays,8,147,New York Yankees,9,1,17,1
718198,2023,2023-05-13,2023-05-13,R,113,Cincinnati Reds,6,146,Miami Marlins,5,0,11,-1
718203,2023,2023-05-13,2023-05-13,R,121,New York Mets,2,120,Washington Nationals,3,1,5,1
718168,2023,2023-05-14,2023-05-14,R,135,San Diego Padres,0,119,Los Angeles Dodgers,4,1,4,4
718169,2023,2023-05-14,2023-05-14,R,137,San Francisco Giants,1,109,Arizona Diamondbacks,2,1,3,1
718172,2023,2023-05-14,2023-05-14,R,140,Texas Rangers,11,133,Athletics,3,0,14,-8
718173,2023,2023-05-14,2023-05-14,R,136,Seattle Mariners,3,116,Detroit Tigers,5,1,8,2
718174,2023,2023-05-14,2023-05-14,R,143,Philadelphia Phillies,0,115,Colorado Rockies,4,1,4,4
718175,2023,2023-05-14,2023-05-14,R,112,Chicago Cubs,3,142,Minnesota Twins,16,1,19,13
718176,2023,2023-05-14,2023-05-14,R,117,Houston Astros,4,145,Chicago White Sox,3,0,7,-1
718177,2023,2023-05-14,2023-05-14,R,118,Kansas City Royals,6,158,Milwaukee Brewers,9,1,15,3
718178,2023,2023-05-14,2023-05-14,R,113,Cincinnati Reds,1,146,Miami Marlins,3,1,4,2
718179,2023,2023-05-14,2023-05-14,R,134,Pittsburgh Pirates,4,110,Baltimore Orioles,0,0,4,-4
718180,2023,2023-05-14,2023-05-14,R,139,Tampa Bay Rays,8,147,New York Yankees,7,0,15,-1
718181,2023,2023-05-14,2023-05-14,R,144,Atlanta Braves,5,141,Toronto Blue Jays,6,1,11,1
718182,2023,2023-05-14,2023-05-14,R,108,Los Angeles Angels,3,114,Cleveland Guardians,4,1,7,1
718186,2023,2023-05-14,2023-05-14,R,121,New York Mets,8,120,Washington Nationals,2,0,10,-6
718187,2023,2023-05-14,2023-05-14,R,138,St. Louis Cardinals,9,111,Boston Red Sox,1,0,10,-8
718158,2023,2023-05-15,2023-05-15,R,112,Chicago Cubs,4,117,Houston Astros,6,1,10,2
718159,2023,2023-05-15,2023-05-15,R,142,Minnesota Twins,8,119,Los Angeles Dodgers,9,1,17,1
718160,2023,2023-05-15,2023-05-15,R,109,Arizona Diamondbacks,5,133,Athletics,2,0,7,-3
718161,2023,2023-05-15,2023-05-15,R,113,Cincinnati Reds,8,115,Colorado Rockies,9,1,17,1
718162,2023,2023-05-15,2023-05-15,R,118,Kansas City Royals,0,135,San Diego Padres,4,1,4,4
718163,2023,2023-05-15,2023-05-15,R,136,Seattle Mariners,10,111,Boston Red Sox,1,0,11,-9
718164,2023,2023-05-15,2023-05-15,R,147,New York Yankees,7,141,Toronto Blue Jays,4,0,11,-3
718165,2023,2023-05-15,2023-05-15,R,144,Atlanta Braves,12,140,Texas Rangers,0,0,12,-12
718166,2023,2023-05-15,2023-05-15,R,158,Milwaukee Brewers,1,138,St. Louis Cardinals,18,1,19,17
718167,2023,2023-05-15,2023-05-15,R,121,New York Mets,3,120,Washington Nationals,10,1,13,7
718170,2023,2023-05-15,2023-05-15,R,143,Philadelphia Phillies,3,137,San Francisco Giants,6,1,9,3
718171,2023,2023-05-15,2023-05-15,R,108,Los Angeles Angels,9,110,Baltimore Orioles,5,0,14,-4
718141,2023,2023-05-16,2023-05-16,R,142,Minnesota Twins,5,119,Los Angeles Dodgers,1,0,6,-4
718144,2023,2023-05-16,2023-05-16,R,118,Kansas City Royals,5,135,San Diego Padres,4,0,9,-1
718145,2023,2023-05-16,2023-05-16,R,113,Cincinnati Reds,3,115,Colorado Rockies,1,0,4,-2
718146,2023,2023-05-16,2023-05-16,R,109,Arizona Diamondbacks,8,133,Athletics,9,1,17,1
718147,2023,2023-05-16,2023-05-16,R,114,Cleveland Guardians,3,145,Chicago White Sox,8,1,11,5
718148,2023,2023-05-16,2023-05-16,R,144,Atlanta Braves,4,140,Texas Rangers,7,1,11,3
718149,2023,2023-05-16,2023-05-16,R,136,Seattle Mariners,4,111,Boston Red Sox,9,1,13,5
718150,2023,2023-05-16,2023-05-16,R,139,Tampa Bay Rays,8,121,New York Mets,5,0,13,-3
718151,2023,2023-05-16,2023-05-16,R,158,Milwaukee Brewers,3,138,St. Louis Cardinals,2,0,5,-1
718152,2023,2023-05-16,2023-05-16,R,112,Chicago Cubs,3,117,Houston Astros,7,1,10,4
718153,2023,2023-05-16,2023-05-16,R,120,Washington Nationals,4,146,Miami Marlins,5,1,9,1
718154,2023,2023-05-16,2023-05-16,R,108,Los Angeles Angels,3,110,Baltimore Orioles,7,1,10,4
718155,2023,2023-05-16,2023-05-16,R,134,Pittsburgh Pirates,0,116,Detroit Tigers,4,1,4,4
718156,2023,2023-05-16,2023-05-16,R,143,Philadelphia Phillies,3,137,San Francisco Giants,4,1,7,1
718157,2023,2023-05-16,2023-05-16,R,147,New York Yankees,6,141,Toronto Blue Jays,3,0,9,-3
718126,2023,2023-05-17,2023-05-17,R,144,Atlanta Braves,6,140,Texas Rangers,5,0,11,-1
718127,2023,2023-05-17,2023-05-17,R,112,Chicago Cubs,6,117,Houston Astros,7,1,13,1
718129,2023,2023-05-17,2023-05-17,R,114,Cleveland Guardians,2,145,Chicago White Sox,7,1,9,5
718131,2023,2023-05-17,2023-05-17,R,158,Milwaukee Brewers,0,138,St. Louis Cardinals,3,1,3,3
718132,2023,2023-05-17,2023-05-17,R,120,Washington Nationals,3,146,Miami Marlins,4,1,7,1
718133,2023,2023-05-17,2023-05-17,R,136,Seattle Mariners,3,111,Boston Red Sox,12,1,15,9
718134,2023,2023-05-17,2023-05-17,R,147,New York Yankees,0,141,Toronto Blue Jays,3,1,3,3
718135,2023,2023-05-17,2023-05-17,R,139,Tampa Bay Rays,7,121,New York Mets,8,1,15,1
718136,2023,2023-05-17,2023-05-17,R,142,Minnesota Twins,3,119,Los Angeles Dodgers,7,1,10,4
718137,2023,2023-05-17,2023-05-17,R,108,Los Angeles Angels,1,110,Baltimore Orioles,3,1,4,2
718138,2023,2023-05-17,2023-05-17,R,113,Cincinnati Reds,6,115,Colorado Rockies,11,1,17,5
718139,2023,2023-05-17,2023-05-17,R,109,Arizona Diamondbacks,5,133,Athletics,3,0,8,-2
718140,2023,2023-05-17,2023-05-17,R,118,Kansas City Royals,4,135,San Diego Padres,3,0,7,-1
718142,2023,2023-05-17,2023-05-17,R,134,Pittsburgh Pirates,8,116,Detroit Tigers,0,0,8,-8
718143,2023,2023-05-17,2023-05-17,R,143,Philadelphia Phillies,4,137,San Francisco Giants,7,1,11,3
718121,2023,2023-05-18,2023-05-18,R,147,New York Yankees,4,141,Toronto Blue Jays,2,0,6,-2
718122,2023,2023-05-18,2023-05-18,R,139,Tampa Bay Rays,2,121,New York Mets,3,1,5,1
718124,2023,2023-05-18,2023-05-18,R,119,Los Angeles Dodgers,8,138,St. Louis Cardinals,16,1,24,8
718125,2023,2023-05-18,2023-05-18,R,114,Cleveland Guardians,3,145,Chicago White Sox,1,0,4,-2
718128,2023,2023-05-18,2023-05-18,R,108,Los Angeles Angels,6,110,Baltimore Orioles,5,0,11,-1
718130,2023,2023-05-18,2023-05-18,R,120,Washington Nationals,3,146,Miami Marlins,5,1,8,2
718105,2023,2023-05-19,2023-05-19,R,146,Miami Marlins,3,137,San Francisco Giants,4,1,7,1
718106,2023,2023-05-19,2023-05-19,R,142,Minnesota Twins,4,108,Los Angeles Angels,5,1,9,1
718107,2023,2023-05-19,2023-05-19,R,111,Boston Red Sox,6,135,San Diego Padres,1,0,7,-5
718110,2023,2023-05-19,2023-05-19,R,136,Seattle Mariners,2,144,Atlanta Braves,6,1,8,4
718111,2023,2023-05-19,2023-05-19,R,118,Kansas City Royals,0,145,Chicago White Sox,2,1,2,2
718112,2023,2023-05-19,2023-05-19,R,133,Athletics,1,117,Houston Astros,5,1,6,4
718113,2023,2023-05-19,2023-05-19,R,119,Los Angeles Dodgers,5,138,St. Louis Cardinals,0,0,5,-5
718114,2023,2023-05-19,2023-05-19,R,115,Colorado Rockies,2,140,Texas Rangers,7,1,9,5
718115,2023,2023-05-19,2023-05-19,R,110,Baltimore Orioles,6,141,Toronto Blue Jays,2,0,8,-4
718116,2023,2023-05-19,2023-05-19,R,112,Chicago Cubs,10,143,Philadelphia Phillies,1,0,11,-9
718117,2023,2023-05-19,2023-05-19,R,158,Milwaukee Brewers,0,139,Tampa Bay Rays,1,1,1,1
718118,2023,2023-05-19,2023-05-19,R,109,Arizona Diamondbacks,3,134,Pittsburgh Pirates,13,1,16,10
718119,2023,2023-05-19,2023-05-19,R,114,Cleveland Guardians,9,121,New York Mets,10,1,19,1
718120,2023,2023-05-19,2023-05-19,R,147,New York Yankees,6,113,Cincinnati Reds,2,0,8,-4
718123,2023,2023-05-19,2023-05-19,R,116,Detroit Tigers,8,120,Washington Nationals,6,0,14,-2
718092,2023,2023-05-20,2023-05-20,R,111,Boston Red Sox,4,135,San Diego Padres,2,0,6,-2
718093,2023,2023-05-20,2023-05-20,R,158,Milwaukee Brewers,4,139,Tampa Bay Rays,8,1,12,4
718094,2023,2023-05-20,2023-05-20,R,136,Seattle Mariners,7,144,Atlanta Braves,3,0,10,-4
718095,2023,2023-05-20,2023-05-20,R,147,New York Yankees,7,113,Cincinnati Reds,4,0,11,-3
718096,2023,2023-05-20,2023-05-20,R,142,Minnesota Twins,6,108,Los Angeles Angels,2,0,8,-4
718097,2023,2023-05-20,2023-05-20,R,112,Chicago Cubs,3,143,Philadelphia Phillies,12,1,15,9
718098,2023,2023-05-20,2023-05-20,R,133,Athletics,2,117,Houston Astros,3,1,5,1
718100,2023,2023-05-20,2023-05-20,R,115,Colorado Rockies,5,140,Texas Rangers,11,1,16,6
718101,2023,2023-05-20,2023-05-20,R,109,Arizona Diamondbacks,4,134,Pittsburgh Pirates,3,0,7,-1
718102,2023,2023-05-20,2023-05-20,R,110,Baltimore Orioles,6,141,Toronto Blue Jays,5,0,11,-1
718103,2023,2023-05-20,2023-05-20,R,146,Miami Marlins,1,137,San Francisco Giants,0,0,1,-1
718104,2023,2023-05-20,2023-05-20,R,118,Kansas City Royals,1,145,Chicago White Sox,5,1,6,4
718108,2023,2023-05-20,2023-05-20,R,116,Detroit Tigers,2,120,Washington Nationals,5,1,7,3
718109,2023,2023-05-20,2023-05-20,R,119,Los Angeles Dodgers,5,138,St. Louis Cardinals,6,1,11,1
718076,2023,2023-05-21,2023-05-21,R,115,Colorado Rockies,3,140,Texas Rangers,13,1,16,10
718078,2023,2023-05-21,2023-05-21,R,146,Miami Marlins,5,137,San Francisco Giants,7,1,12,2
718079,2023,2023-05-21,2023-05-21,R,111,Boston Red Sox,0,135,San Diego Padres,7,1,7,7
718080,2023,2023-05-21,2023-05-21,R,142,Minnesota Twins,2,108,Los Angeles Angels,4,1,6,2
718081,2023,2023-05-21,2023-05-21,R,158,Milwaukee Brewers,6,139,Tampa Bay Rays,4,0,10,-2
718082,2023,2023-05-21,2023-05-21,R,114,Cleveland Guardians,1,121,New York Mets,2,1,3,1
718083,2023,2023-05-21,2023-05-21,R,119,Los Angeles Dodgers,5,138,St. Louis Cardinals,10,1,15,5
718084,2023,2023-05-21,2023-05-21,R,118,Kansas City Royals,2,145,Chicago White Sox,5,1,7,3
718085,2023,2023-05-21,2023-05-21,R,147,New York Yankees,4,113,Cincinnati Reds,1,0,5,-3
718086,2023,2023-05-21,2023-05-21,R,133,Athletics,0,117,Houston Astros,2,1,2,2
718087,2023,2023-05-21,2023-05-21,R,110,Baltimore Orioles,8,141,Toronto Blue Jays,3,0,11,-5
718088,2023,2023-05-21,2023-05-21,R,112,Chicago Cubs,1,143,Philadelphia Phillies,2,1,3,1
718089,2023,2023-05-21,2023-05-21,R,116,Detroit Tigers,4,120,Washington Nationals,6,1,10,2
718090,2023,2023-05-21,2023-05-21,R,136,Seattle Mariners,2,144,Atlanta Braves,3,1,5,1
718091,2023,2023-05-21,2023-05-21,R,109,Arizona Diamondbacks,8,134,Pittsburgh Pirates,3,0,11,-5
718099,2023,2023-05-21,2023-05-21,R,114,Cleveland Guardians,4,121,New York Mets,5,1,9,1
718062,2023,2023-05-22,2023-05-22,R,133,Athletics,2,136,Seattle Mariners,11,1,13,9
718066,2023,2023-05-22,2023-05-22,R,116,Detroit Tigers,8,118,Kansas City Royals,5,0,13,-3
718067,2023,2023-05-22,2023-05-22,R,137,San Francisco Giants,4,142,Minnesota Twins,1,0,5,-3
718068,2023,2023-05-22,2023-05-22,R,117,Houston Astros,12,158,Milwaukee Brewers,2,0,14,-10
718069,2023,2023-05-22,2023-05-22,R,146,Miami Marlins,3,115,Colorado Rockies,5,1,8,2
718070,2023,2023-05-22,2023-05-22,R,111,Boston Red Sox,1,108,Los Angeles Angels,2,1,3,1
718071,2023,2023-05-22,2023-05-22,R,138,St. Louis Cardinals,5,113,Cincinnati Reds,6,1,11,1
718072,2023,2023-05-22,2023-05-22,R,145,Chicago White Sox,0,114,Cleveland Guardians,3,1,3,3
718073,2023,2023-05-22,2023-05-22,R,109,Arizona Diamondbacks,6,143,Philadelphia Phillies,3,0,9,-3
718074,2023,2023-05-22,2023-05-22,R,119,Los Angeles Dodgers,8,144,Atlanta Braves,6,0,14,-2
718075,2023,2023-05-22,2023-05-22,R,140,Texas Rangers,4,134,Pittsburgh Pirates,6,1,10,2
718077,2023,2023-05-22,2023-05-22,R,141,Toronto Blue Jays,4,139,Tampa Bay Rays,6,1,10,2
718049,2023,2023-05-23,2023-05-23,R,116,Detroit Tigers,1,118,Kansas City Royals,4,1,5,3
718050,2023,2023-05-23,2023-05-23,R,133,Athletics,2,136,Seattle Mariners,3,1,5,1
718051,2023,2023-05-23,2023-05-23,R,146,Miami Marlins,4,115,Colorado Rockies,5,1,9,1
718053,2023,2023-05-23,2023-05-23,R,111,Boston Red Sox,0,108,Los Angeles Angels,4,1,4,4
718054,2023,2023-05-23,2023-05-23,R,137,San Francisco Giants,4,142,Minnesota Twins,3,0,7,-1
718055,2023,2023-05-23,2023-05-23,R,121,New York Mets,2,112,Chicago Cubs,7,1,9,5
718056,2023,2023-05-23,2023-05-23,R,117,Houston Astros,0,158,Milwaukee Brewers,6,1,6,6
718057,2023,2023-05-23,2023-05-23,R,119,Los Angeles Dodgers,8,144,Atlanta Braves,1,0,9,-7
718058,2023,2023-05-23,2023-05-23,R,110,Baltimore Orioles,5,147,New York Yankees,6,1,11,1
718059,2023,2023-05-23,2023-05-23,R,138,St. Louis Cardinals,8,113,Cincinnati Reds,5,0,13,-3
718060,2023,2023-05-23,2023-05-23,R,109,Arizona Diamondbacks,4,143,Philadelphia Phillies,3,0,7,-1
718061,2023,2023-05-23,2023-05-23,R,141,Toronto Blue Jays,20,139,Tampa Bay Rays,1,0,21,-19
718063,2023,2023-05-23,2023-05-23,R,145,Chicago White Sox,4,114,Cleveland Guardians,2,0,6,-2
718064,2023,2023-05-23,2023-05-23,R,135,San Diego Padres,7,120,Washington Nationals,4,0,11,-3
718065,2023,2023-05-23,2023-05-23,R,140,Texas Rangers,6,134,Pittsburgh Pirates,1,0,7,-5
718034,2023,2023-05-24,2023-05-24,R,111,Boston Red Sox,3,108,Los Angeles Angels,7,1,10,4
718036,2023,2023-05-24,2023-05-24,R,146,Miami Marlins,10,115,Colorado Rockies,2,0,12,-8
718037,2023,2023-05-24,2023-05-24,R,133,Athletics,1,136,Seattle Mariners,6,1,7,5
718038,2023,2023-05-24,2023-05-24,R,121,New York Mets,2,112,Chicago Cubs,4,1,6,2
718039,2023,2023-05-24,2023-05-24,R,116,Detroit Tigers,6,118,Kansas City Royals,4,0,10,-2
718040,2023,2023-05-24,2023-05-24,R,110,Baltimore Orioles,9,147,New York Yankees,6,0,15,-3
718041,2023,2023-05-24,2023-05-24,R,138,St. Louis Cardinals,3,113,Cincinnati Reds,10,1,13,7
718042,2023,2023-05-24,2023-05-24,R,119,Los Angeles Dodgers,3,144,Atlanta Braves,4,1,7,1
718043,2023,2023-05-24,2023-05-24,R,109,Arizona Diamondbacks,5,143,Philadelphia Phillies,6,1,11,1
718044,2023,2023-05-24,2023-05-24,R,141,Toronto Blue Jays,3,139,Tampa Bay Rays,7,1,10,4
718045,2023,2023-05-24,2023-05-24,R,140,Texas Rangers,3,134,Pittsburgh Pirates,2,0,5,-1
718046,2023,2023-05-24,2023-05-24,R,117,Houston Astros,0,158,Milwaukee Brewers,4,1,4,4
718047,2023,2023-05-24,2023-05-24,R,137,San Francisco Giants,1,142,Minnesota Twins,7,1,8,6
718048,2023,2023-05-24,2023-05-24,R,145,Chicago White Sox,6,114,Cleveland Guardians,0,0,6,-6
718052,2023,2023-05-24,2023-05-24,R,135,San Diego Padres,3,120,Washington Nationals,5,1,8,2
718024,2023,2023-05-25,2023-05-25,R,121,New York Mets,10,112,Chicago Cubs,1,0,11,-9
718025,2023,2023-05-25,2023-05-25,R,133,Athletics,2,136,Seattle Mariners,3,1,5,1
718026,2023,2023-05-25,2023-05-25,R,143,Philadelphia Phillies,5,144,Atlanta Braves,8,1,13,3
718028,2023,2023-05-25,2023-05-25,R,137,San Francisco Giants,5,158,Milwaukee Brewers,0,0,5,-5
718029,2023,2023-05-25,2023-05-25,R,110,Baltimore Orioles,3,147,New York Yankees,1,0,4,-2
718030,2023,2023-05-25,2023-05-25,R,138,St. Louis Cardinals,2,113,Cincinnati Reds,1,0,3,-1
718031,2023,2023-05-25,2023-05-25,R,145,Chicago White Sox,2,116,Detroit Tigers,7,1,9,5
718032,2023,2023-05-25,2023-05-25,R,141,Toronto Blue Jays,3,139,Tampa Bay Rays,6,1,9,3
718033,2023,2023-05-25,2023-05-25,R,146,Miami Marlins,6,115,Colorado Rockies,7,1,13,1
718035,2023,2023-05-25,2023-05-25,R,135,San Diego Padres,8,120,Washington Nationals,6,0,14,-2
718009,2023,2023-05-26,2023-05-26,R,117,Houston Astros,5,133,Athletics,2,0,7,-3
718010,2023,2023-05-26,2023-05-26,R,111,Boston Red Sox,7,109,Arizona Diamondbacks,2,0,9,-5
718012,2023,2023-05-26,2023-05-26,R,134,Pittsburgh Pirates,11,136,Seattle Mariners,6,0,17,-5
718013,2023,2023-05-26,2023-05-26,R,141,Toronto Blue Jays,3,142,Minnesota Twins,1,0,4,-2
718014,2023,2023-05-26,2023-05-26,R,120,Washington Nationals,12,118,Kansas City Royals,10,0,22,-2
718015,2023,2023-05-26,2023-05-26,R,146,Miami Marlins,6,108,Los Angeles Angels,2,0,8,-4
718016,2023,2023-05-26,2023-05-26,R,121,New York Mets,5,115,Colorado Rockies,2,0,7,-3
718017,2023,2023-05-26,2023-05-26,R,137,San Francisco Giants,15,158,Milwaukee Brewers,1,0,16,-14
718018,2023,2023-05-26,2023-05-26,R,119,Los Angeles Dodgers,3,139,Tampa Bay Rays,9,1,12,6
718019,2023,2023-05-26,2023-05-26,R,143,Philadelphia Phillies,6,144,Atlanta Braves,4,0,10,-2
718020,2023,2023-05-26,2023-05-26,R,140,Texas Rangers,12,110,Baltimore Orioles,2,0,14,-10
718021,2023,2023-05-26,2023-05-26,R,145,Chicago White Sox,12,116,Detroit Tigers,3,0,15,-9
718022,2023,2023-05-26,2023-05-26,R,138,St. Louis Cardinals,3,114,Cleveland Guardians,4,1,7,1
718023,2023,2023-05-26,2023-05-26,R,135,San Diego Padres,5,147,New York Yankees,1,0,6,-4
718027,2023,2023-05-26,2023-05-26,R,113,Cincinnati Reds,9,112,Chicago Cubs,0,0,9,-9
717991,2023,2023-05-27,2023-05-27,R,111,Boston Red Sox,2,109,Arizona Diamondbacks,1,0,3,-1
717996,2023,2023-05-27,2023-05-27,R,138,St. Louis Cardinals,2,114,Cleveland Guardians,1,0,3,-1
717997,2023,2023-05-27,2023-05-27,R,143,Philadelphia Phillies,2,144,Atlanta Braves,1,0,3,-1
717998,2023,2023-05-27,2023-05-27,R,146,Miami Marlins,8,108,Los Angeles Angels,5,0,13,-3
717999,2023,2023-05-27,2023-05-27,R,137,San Francisco Giants,3,158,Milwaukee Brewers,1,0,4,-2
718000,2023,2023-05-27,2023-05-27,R,120,Washington Nationals,4,118,Kansas City Royals,2,0,6,-2
718001,2023,2023-05-27,2023-05-27,R,140,Texas Rangers,5,110,Baltimore Orioles,3,0,8,-2
718002,2023,2023-05-27,2023-05-27,R,119,Los Angeles Dodgers,6,139,Tampa Bay Rays,5,0,11,-1
718003,2023,2023-05-27,2023-05-27,R,117,Houston Astros,6,133,Athletics,3,0,9,-3
718004,2023,2023-05-27,2023-05-27,R,134,Pittsburgh Pirates,0,136,Seattle Mariners,5,1,5,5
718005,2023,2023-05-27,2023-05-27,R,145,Chicago White Sox,3,116,Detroit Tigers,7,1,10,4
718006,2023,2023-05-27,2023-05-27,R,135,San Diego Padres,2,147,New York Yankees,3,1,5,1
718007,2023,2023-05-27,2023-05-27,R,113,Cincinnati Reds,8,112,Chicago Cubs,5,0,13,-3
718008,2023,2023-05-27,2023-05-27,R,141,Toronto Blue Jays,7,142,Minnesota Twins,9,1,16,2
718011,2023,2023-05-27,2023-05-27,R,121,New York Mets,7,115,Colorado Rockies,10,1,17,3
717980,2023,2023-05-28,2023-05-28,R,117,Houston Astros,10,133,Athletics,1,0,11,-9
717981,2023,2023-05-28,2023-05-28,R,111,Boston Red Sox,2,109,Arizona Diamondbacks,4,1,6,2
717982,2023,2023-05-28,2023-05-28,R,121,New York Mets,10,115,Colorado Rockies,11,1,21,1
717983,2023,2023-05-28,2023-05-28,R,134,Pittsburgh Pirates,3,136,Seattle Mariners,6,1,9,3
717984,2023,2023-05-28,2023-05-28,R,146,Miami Marlins,2,108,Los Angeles Angels,0,0,2,-2
717985,2023,2023-05-28,2023-05-28,R,120,Washington Nationals,2,118,Kansas City Royals,3,1,5,1
717986,2023,2023-05-28,2023-05-28,R,137,San Francisco Giants,5,158,Milwaukee Brewers,7,1,12,2
717987,2023,2023-05-28,2023-05-28,R,113,Cincinnati Reds,8,112,Chicago Cubs,5,0,13,-3
717988,2023,2023-05-28,2023-05-28,R,141,Toronto Blue Jays,3,142,Minnesota Twins,0,0,3,-3
717989,2023,2023-05-28,2023-05-28,R,145,Chicago White Sox,5,116,Detroit Tigers,6,1,11,1
717990,2023,2023-05-28,2023-05-28,R,140,Texas Rangers,2,110,Baltimore Orioles,3,1,5,1
717992,2023,2023-05-28,2023-05-28,R,143,Philadelphia Phillies,4,144,Atlanta Braves,11,1,15,7
717993,2023,2023-05-28,2023-05-28,R,138,St. Louis Cardinals,3,114,Cleveland Guardians,4,1,7,1
717994,2023,2023-05-28,2023-05-28,R,119,Los Angeles Dodgers,10,139,Tampa Bay Rays,11,1,21,1
717995,2023,2023-05-28,2023-05-28,R,135,San Diego Padres,7,147,New York Yankees,10,1,17,3
717968,2023,2023-05-29,2023-05-29,R,142,Minnesota Twins,7,117,Houston Astros,5,0,12,-2
717969,2023,2023-05-29,2023-05-29,R,147,New York Yankees,10,136,Seattle Mariners,4,0,14,-6
717970,2023,2023-05-29,2023-05-29,R,144,Atlanta Braves,2,133,Athletics,7,1,9,5
717971,2023,2023-05-29,2023-05-29,R,108,Los Angeles Angels,6,145,Chicago White Sox,4,0,10,-2
717973,2023,2023-05-29,2023-05-29,R,120,Washington Nationals,1,119,Los Angeles Dodgers,6,1,7,5
717974,2023,2023-05-29,2023-05-29,R,114,Cleveland Guardians,5,110,Baltimore Orioles,0,0,5,-5
717975,2023,2023-05-29,2023-05-29,R,118,Kansas City Royals,7,138,St. Louis Cardinals,0,0,7,-7
717976,2023,2023-05-29,2023-05-29,R,139,Tampa Bay Rays,0,112,Chicago Cubs,1,1,1,1
717977,2023,2023-05-29,2023-05-29,R,115,Colorado Rockies,5,109,Arizona Diamondbacks,7,1,12,2
717978,2023,2023-05-29,2023-05-29,R,134,Pittsburgh Pirates,4,137,San Francisco Giants,14,1,18,10
717979,2023,2023-05-29,2023-05-29,R,140,Texas Rangers,5,116,Detroit Tigers,0,0,5,-5
717952,2023,2023-05-30,2023-05-30,R,147,New York Yankees,10,136,Seattle Mariners,2,0,12,-8
717955,2023,2023-05-30,2023-05-30,R,115,Colorado Rockies,1,109,Arizona Diamondbacks,5,1,6,4
717956,2023,2023-05-30,2023-05-30,R,142,Minnesota Twins,1,117,Houston Astros,5,1,6,4
717957,2023,2023-05-30,2023-05-30,R,120,Washington Nationals,3,119,Los Angeles Dodgers,9,1,12,6
717958,2023,2023-05-30,2023-05-30,R,144,Atlanta Braves,1,133,Athletics,2,1,3,1
717959,2023,2023-05-30,2023-05-30,R,108,Los Angeles Angels,3,145,Chicago White Sox,7,1,10,4
717960,2023,2023-05-30,2023-05-30,R,118,Kansas City Royals,1,138,St. Louis Cardinals,2,1,3,1
717961,2023,2023-05-30,2023-05-30,R,139,Tampa Bay Rays,1,112,Chicago Cubs,2,1,3,1
717962,2023,2023-05-30,2023-05-30,R,143,Philadelphia Phillies,0,121,New York Mets,2,1,2,2
717963,2023,2023-05-30,2023-05-30,R,135,San Diego Padres,9,146,Miami Marlins,4,0,13,-5
717964,2023,2023-05-30,2023-05-30,R,140,Texas Rangers,10,116,Detroit Tigers,6,0,16,-4
717965,2023,2023-05-30,2023-05-30,R,158,Milwaukee Brewers,2,141,Toronto Blue Jays,7,1,9,5
717966,2023,2023-05-30,2023-05-30,R,113,Cincinnati Reds,9,111,Boston Red Sox,8,0,17,-1
717967,2023,2023-05-30,2023-05-30,R,114,Cleveland Guardians,5,110,Baltimore Orioles,8,1,13,3
717972,2023,2023-05-30,2023-05-30,R,134,Pittsburgh Pirates,2,137,San Francisco Giants,1,0,3,-1
717938,2023,2023-05-31,2023-05-31,R,142,Minnesota Twins,8,117,Houston Astros,2,0,10,-6
717939,2023,2023-05-31,2023-05-31,R,147,New York Yankees,0,136,Seattle Mariners,1,1,1,1
717940,2023,2023-05-31,2023-05-31,R,115,Colorado Rockies,0,109,Arizona Diamondbacks,6,1,6,6
717943,2023,2023-05-31,2023-05-31,R,108,Los Angeles Angels,12,145,Chicago White Sox,5,0,17,-7
717944,2023,2023-05-31,2023-05-31,R,143,Philadelphia Phillies,1,121,New York Mets,4,1,5,3
717945,2023,2023-05-31,2023-05-31,R,135,San Diego Padres,1,146,Miami Marlins,2,1,3,1
717946,2023,2023-05-31,2023-05-31,R,114,Cleveland Guardians,12,110,Baltimore Orioles,8,0,20,-4
717947,2023,2023-05-31,2023-05-31,R,158,Milwaukee Brewers,4,141,Toronto Blue Jays,2,0,6,-2
717948,2023,2023-05-31,2023-05-31,R,113,Cincinnati Reds,5,111,Boston Red Sox,4,0,9,-1
717949,2023,2023-05-31,2023-05-31,R,144,Atlanta Braves,4,133,Athletics,2,0,6,-2
717950,2023,2023-05-31,2023-05-31,R,139,Tampa Bay Rays,4,112,Chicago Cubs,3,0,7,-1
717951,2023,2023-05-31,2023-05-31,R,140,Texas Rangers,2,116,Detroit Tigers,3,1,5,1
717953,2023,2023-05-31,2023-05-31,R,134,Pittsburgh Pirates,9,137,San Francisco Giants,4,0,13,-5
717954,2023,2023-05-31,2023-05-31,R,120,Washington Nationals,10,119,Los Angeles Dodgers,6,0,16,-4
717932,2023,2023-06-01,2023-06-01,R,113,Cincinnati Reds,2,111,Boston Red Sox,8,1,10,6
717933,2023,2023-06-01,2023-06-01,R,115,Colorado Rockies,4,109,Arizona Diamondbacks,5,1,9,1
717934,2023,2023-06-01,2023-06-01,R,143,Philadelphia Phillies,2,121,New York Mets,4,1,6,2
717936,2023,2023-06-01,2023-06-01,R,108,Los Angeles Angels,2,117,Houston Astros,5,1,7,3
717937,2023,2023-06-01,2023-06-01,R,114,Cleveland Guardians,6,142,Minnesota Twins,7,1,13,1
717941,2023,2023-06-01,2023-06-01,R,135,San Diego Padres,10,146,Miami Marlins,1,0,11,-9
717942,2023,2023-06-01,2023-06-01,R,158,Milwaukee Brewers,1,141,Toronto Blue Jays,3,1,4,2
717917,2023,2023-06-02,2023-06-02,R,147,New York Yankees,4,119,Los Angeles Dodgers,8,1,12,4
717919,2023,2023-06-02,2023-06-02,R,144,Atlanta Braves,2,109,Arizona Diamondbacks,3,1,5,1
717920,2023,2023-06-02,2023-06-02,R,110,Baltimore Orioles,3,137,San Francisco Giants,2,0,5,-1
717921,2023,2023-06-02,2023-06-02,R,112,Chicago Cubs,2,135,San Diego Padres,1,0,3,-1
717922,2023,2023-06-02,2023-06-02,R,136,Seattle Mariners,0,140,Texas Rangers,2,1,2,2
717923,2023,2023-06-02,2023-06-02,R,115,Colorado Rockies,7,118,Kansas City Royals,2,0,9,-5
717924,2023,2023-06-02,2023-06-02,R,114,Cleveland Guardians,0,142,Minnesota Twins,1,1,1,1
717925,2023,2023-06-02,2023-06-02,R,116,Detroit Tigers,0,145,Chicago White Sox,3,1,3,3
717926,2023,2023-06-02,2023-06-02,R,108,Los Angeles Angels,2,117,Houston Astros,6,1,8,4
717927,2023,2023-06-02,2023-06-02,R,133,Athletics,0,146,Miami Marlins,4,1,4,4
717929,2023,2023-06-02,2023-06-02,R,141,Toronto Blue Jays,3,121,New York Mets,0,0,3,-3
717930,2023,2023-06-02,2023-06-02,R,138,St. Louis Cardinals,5,134,Pittsburgh Pirates,7,1,12,2
717931,2023,2023-06-02,2023-06-02,R,158,Milwaukee Brewers,5,113,Cincinnati Reds,4,0,9,-1
717935,2023,2023-06-02,2023-06-02,R,143,Philadelphia Phillies,7,120,Washington Nationals,8,1,15,1
717885,2023,2023-06-03,2023-06-03,R,139,Tampa Bay Rays,4,111,Boston Red Sox,2,0,6,-2
717901,2023,2023-06-03,2023-06-03,R,144,Atlanta Braves,5,109,Arizona Diamondbacks,2,0,7,-3
717903,2023,2023-06-03,2023-06-03,R,112,Chicago Cubs,0,135,San Diego Padres,6,1,6,6
717905,2023,2023-06-03,2023-06-03,R,147,New York Yankees,6,119,Los Angeles Dodgers,3,0,9,-3
717906,2023,2023-06-03,2023-06-03,R,158,Milwaukee Brewers,10,113,Cincinnati Reds,8,0,18,-2
717907,2023,2023-06-03,2023-06-03,R,138,St. Louis Cardinals,3,134,Pittsburgh Pirates,4,1,7,1
717908,2023,2023-06-03,2023-06-03,R,108,Los Angeles Angels,6,117,Houston Astros,9,1,15,3
717909,2023,2023-06-03,2023-06-03,R,115,Colorado Rockies,6,118,Kansas City Royals,4,0,10,-2
717910,2023,2023-06-03,2023-06-03,R,141,Toronto Blue Jays,2,121,New York Mets,1,0,3,-1
717911,2023,2023-06-03,2023-06-03,R,133,Athletics,1,146,Miami Marlins,12,1,13,11
717912,2023,2023-06-03,2023-06-03,R,136,Seattle Mariners,6,140,Texas Rangers,16,1,22,10
717913,2023,2023-06-03,2023-06-03,R,114,Cleveland Guardians,4,142,Minnesota Twins,2,0,6,-2
717914,2023,2023-06-03,2023-06-03,R,143,Philadelphia Phillies,4,120,Washington Nationals,2,0,6,-2
717915,2023,2023-06-03,2023-06-03,R,116,Detroit Tigers,1,145,Chicago White Sox,2,1,3,1
717916,2023,2023-06-03,2023-06-03,R,110,Baltimore Orioles,0,137,San Francisco Giants,4,1,4,4
717918,2023,2023-06-03,2023-06-03,R,139,Tampa Bay Rays,5,111,Boston Red Sox,8,1,13,3
717888,2023,2023-06-04,2023-06-04,R,147,New York Yankees,4,119,Los Angeles Dodgers,1,0,5,-3
717889,2023,2023-06-04,2023-06-04,R,112,Chicago Cubs,7,135,San Diego Padres,1,0,8,-6
717890,2023,2023-06-04,2023-06-04,R,110,Baltimore Orioles,8,137,San Francisco Giants,3,0,11,-5
717891,2023,2023-06-04,2023-06-04,R,116,Detroit Tigers,2,145,Chicago White Sox,6,1,8,4
717892,2023,2023-06-04,2023-06-04,R,144,Atlanta Braves,8,109,Arizona Diamondbacks,5,0,13,-3
717893,2023,2023-06-04,2023-06-04,R,115,Colorado Rockies,0,118,Kansas City Royals,2,1,2,2
717894,2023,2023-06-04,2023-06-04,R,136,Seattle Mariners,3,140,Texas Rangers,12,1,15,9
717895,2023,2023-06-04,2023-06-04,R,114,Cleveland Guardians,2,142,Minnesota Twins,1,0,3,-1
717896,2023,2023-06-04,2023-06-04,R,133,Athletics,5,146,Miami Marlins,7,1,12,2
717897,2023,2023-06-04,2023-06-04,R,158,Milwaukee Brewers,5,113,Cincinnati Reds,1,0,6,-4
717898,2023,2023-06-04,2023-06-04,R,138,St. Louis Cardinals,1,134,Pittsburgh Pirates,2,1,3,1
717899,2023,2023-06-04,2023-06-04,R,108,Los Angeles Angels,2,117,Houston Astros,1,0,3,-1
717900,2023,2023-06-04,2023-06-04,R,141,Toronto Blue Jays,6,121,New York Mets,4,0,10,-2
717902,2023,2023-06-04,2023-06-04,R,143,Philadelphia Phillies,11,120,Washington Nationals,3,0,14,-8
717904,2023,2023-06-04,2023-06-04,R,139,Tampa Bay Rays,6,111,Boston Red Sox,2,0,8,-4
717878,2023,2023-06-05,2023-06-05,R,117,Houston Astros,11,141,Toronto Blue Jays,4,0,15,-7
717879,2023,2023-06-05,2023-06-05,R,138,St. Louis Cardinals,3,140,Texas Rangers,4,1,7,1
717880,2023,2023-06-05,2023-06-05,R,112,Chicago Cubs,0,135,San Diego Padres,5,1,5,5
717883,2023,2023-06-05,2023-06-05,R,158,Milwaukee Brewers,0,113,Cincinnati Reds,2,1,2,2
717884,2023,2023-06-05,2023-06-05,R,133,Athletics,4,134,Pittsburgh Pirates,5,1,9,1
717886,2023,2023-06-05,2023-06-05,R,116,Detroit Tigers,3,143,Philadelphia Phillies,8,1,11,5
717887,2023,2023-06-05,2023-06-05,R,118,Kansas City Royals,6,146,Miami Marlins,9,1,15,3
717928,2023,2023-06-05,2023-06-05,R,139,Tampa Bay Rays,4,111,Boston Red Sox,1,0,5,-3
717861,2023,2023-06-06,2023-06-06,R,112,Chicago Cubs,4,108,Los Angeles Angels,7,1,11,3
717864,2023,2023-06-06,2023-06-06,R,136,Seattle Mariners,4,135,San Diego Padres,1,0,5,-3
717867,2023,2023-06-06,2023-06-06,R,110,Baltimore Orioles,3,158,Milwaukee Brewers,4,1,7,1
717868,2023,2023-06-06,2023-06-06,R,138,St. Louis Cardinals,4,140,Texas Rangers,6,1,10,2
717869,2023,2023-06-06,2023-06-06,R,137,San Francisco Giants,10,115,Colorado Rockies,4,0,14,-6
717870,2023,2023-06-06,2023-06-06,R,119,Los Angeles Dodgers,8,113,Cincinnati Reds,9,1,17,1
717871,2023,2023-06-06,2023-06-06,R,117,Houston Astros,1,141,Toronto Blue Jays,5,1,6,4
717872,2023,2023-06-06,2023-06-06,R,121,New York Mets,4,144,Atlanta Braves,6,1,10,2
717873,2023,2023-06-06,2023-06-06,R,111,Boston Red Sox,5,114,Cleveland Guardians,4,0,9,-1
717874,2023,2023-06-06,2023-06-06,R,133,Athletics,11,134,Pittsburgh Pirates,2,0,13,-9
717875,2023,2023-06-06,2023-06-06,R,116,Detroit Tigers,0,143,Philadelphia Phillies,1,1,1,1
717876,2023,2023-06-06,2023-06-06,R,118,Kansas City Royals,1,146,Miami Marlins,6,1,7,5
717877,2023,2023-06-06,2023-06-06,R,145,Chicago White Sox,3,147,New York Yankees,2,0,5,-1
717881,2023,2023-06-06,2023-06-06,R,109,Arizona Diamondbacks,10,120,Washington Nationals,5,0,15,-5
717882,2023,2023-06-06,2023-06-06,R,142,Minnesota Twins,0,139,Tampa Bay Rays,7,1,7,7
717850,2023,2023-06-07,2023-06-07,R,121,New York Mets,5,144,Atlanta Braves,7,1,12,2
717851,2023,2023-06-07,2023-06-07,R,110,Baltimore Orioles,2,158,Milwaukee Brewers,10,1,12,8
717852,2023,2023-06-07,2023-06-07,R,137,San Francisco Giants,5,115,Colorado Rockies,4,0,9,-1
717853,2023,2023-06-07,2023-06-07,R,119,Los Angeles Dodgers,6,113,Cincinnati Reds,8,1,14,2
717854,2023,2023-06-07,2023-06-07,R,138,St. Louis Cardinals,1,140,Texas Rangers,0,0,1,-1
717855,2023,2023-06-07,2023-06-07,R,112,Chicago Cubs,2,108,Los Angeles Angels,6,1,8,4
717856,2023,2023-06-07,2023-06-07,R,117,Houston Astros,2,141,Toronto Blue Jays,3,1,5,1
717858,2023,2023-06-07,2023-06-07,R,111,Boston Red Sox,2,114,Cleveland Guardians,5,1,7,3
717859,2023,2023-06-07,2023-06-07,R,142,Minnesota Twins,1,139,Tampa Bay Rays,2,1,3,1
717860,2023,2023-06-07,2023-06-07,R,118,Kansas City Royals,1,146,Miami Marlins,6,1,7,5
717863,2023,2023-06-07,2023-06-07,R,136,Seattle Mariners,3,135,San Diego Padres,10,1,13,7
717865,2023,2023-06-07,2023-06-07,R,133,Athletics,9,134,Pittsburgh Pirates,5,0,14,-4
717866,2023,2023-06-07,2023-06-07,R,109,Arizona Diamondbacks,6,120,Washington Nationals,2,0,8,-4
717838,2023,2023-06-08,2023-06-08,R,112,Chicago Cubs,1,108,Los Angeles Angels,3,1,4,2
717840,2023,2023-06-08,2023-06-08,R,121,New York Mets,10,144,Atlanta Braves,13,1,23,3
717842,2023,2023-06-08,2023-06-08,R,111,Boston Red Sox,3,114,Cleveland Guardians,10,1,13,7
717843,2023,2023-06-08,2023-06-08,R,117,Houston Astros,2,141,Toronto Blue Jays,3,1,5,1
717844,2023,2023-06-08,2023-06-08,R,119,Los Angeles Dodgers,6,113,Cincinnati Reds,0,0,6,-6
717845,2023,2023-06-08,2023-06-08,R,142,Minnesota Twins,2,139,Tampa Bay Rays,4,1,6,2
717846,2023,2023-06-08,2023-06-08,R,137,San Francisco Giants,6,115,Colorado Rockies,4,0,10,-2
717848,2023,2023-06-08,2023-06-08,R,145,Chicago White Sox,6,147,New York Yankees,5,0,11,-1
717849,2023,2023-06-08,2023-06-08,R,110,Baltimore Orioles,6,158,Milwaukee Brewers,3,0,9,-3
717857,2023,2023-06-08,2023-06-08,R,145,Chicago White Sox,0,147,New York Yankees,3,1,3,3
717862,2023,2023-06-08,2023-06-08,R,116,Detroit Tigers,2,143,Philadelphia Phillies,3,1,5,1
717823,2023,2023-06-09,2023-06-09,R,112,Chicago Cubs,3,137,San Francisco Giants,2,0,5,-1
717824,2023,2023-06-09,2023-06-09,R,136,Seattle Mariners,4,108,Los Angeles Angels,5,1,9,1
717827,2023,2023-06-09,2023-06-09,R,140,Texas Rangers,3,139,Tampa Bay Rays,8,1,11,5
717828,2023,2023-06-09,2023-06-09,R,146,Miami Marlins,1,145,Chicago White Sox,2,1,3,1
717829,2023,2023-06-09,2023-06-09,R,120,Washington Nationals,2,144,Atlanta Braves,3,1,5,1
717830,2023,2023-06-09,2023-06-09,R,135,San Diego Padres,9,115,Colorado Rockies,6,0,15,-3
717831,2023,2023-06-09,2023-06-09,R,133,Athletics,5,158,Milwaukee Brewers,2,0,7,-3
717832,2023,2023-06-09,2023-06-09,R,113,Cincinnati Reds,4,138,St. Louis Cardinals,7,1,11,3
717833,2023,2023-06-09,2023-06-09,R,117,Houston Astros,9,114,Cleveland Guardians,10,1,19,1
717834,2023,2023-06-09,2023-06-09,R,109,Arizona Diamondbacks,11,116,Detroit Tigers,6,0,17,-5
717835,2023,2023-06-09,2023-06-09,R,142,Minnesota Twins,3,141,Toronto Blue Jays,2,0,5,-1
717836,2023,2023-06-09,2023-06-09,R,121,New York Mets,7,134,Pittsburgh Pirates,14,1,21,7
717837,2023,2023-06-09,2023-06-09,R,119,Los Angeles Dodgers,4,143,Philadelphia Phillies,5,1,9,1
717839,2023,2023-06-09,2023-06-09,R,118,Kansas City Royals,2,110,Baltimore Orioles,3,1,5,1
717841,2023,2023-06-09,2023-06-09,R,111,Boston Red Sox,3,147,New York Yankees,2,0,5,-1
717809,2023,2023-06-10,2023-06-10,R,136,Seattle Mariners,6,108,Los Angeles Angels,2,0,8,-4
717811,2023,2023-06-10,2023-06-10,R,119,Los Angeles Dodgers,9,143,Philadelphia Phillies,0,0,9,-9
717812,2023,2023-06-10,2023-06-10,R,121,New York Mets,5,134,Pittsburgh Pirates,1,0,6,-4
717813,2023,2023-06-10,2023-06-10,R,140,Texas Rangers,8,139,Tampa Bay Rays,4,0,12,-4
717814,2023,2023-06-10,2023-06-10,R,133,Athletics,2,158,Milwaukee Brewers,1,0,3,-1
717815,2023,2023-06-10,2023-06-10,R,117,Houston Astros,6,114,Cleveland Guardians,4,0,10,-2
717816,2023,2023-06-10,2023-06-10,R,120,Washington Nationals,4,144,Atlanta Braves,6,1,10,2
717817,2023,2023-06-10,2023-06-10,R,113,Cincinnati Reds,8,138,St. Louis Cardinals,4,0,12,-4
717818,2023,2023-06-10,2023-06-10,R,118,Kansas City Royals,1,110,Baltimore Orioles,6,1,7,5
717819,2023,2023-06-10,2023-06-10,R,135,San Diego Padres,3,115,Colorado Rockies,2,0,5,-1
717820,2023,2023-06-10,2023-06-10,R,146,Miami Marlins,5,145,Chicago White Sox,1,0,6,-4
717821,2023,2023-06-10,2023-06-10,R,109,Arizona Diamondbacks,5,116,Detroit Tigers,0,0,5,-5
717822,2023,2023-06-10,2023-06-10,R,142,Minnesota Twins,9,141,Toronto Blue Jays,4,0,13,-5
717825,2023,2023-06-10,2023-06-10,R,111,Boston Red Sox,1,147,New York Yankees,3,1,4,2
717826,2023,2023-06-10,2023-06-10,R,112,Chicago Cubs,4,137,San Francisco Giants,0,0,4,-4
717795,2023,2023-06-11,2023-06-11,R,146,Miami Marlins,6,145,Chicago White Sox,5,0,11,-1
717796,2023,2023-06-11,2023-06-11,R,112,Chicago Cubs,3,137,San Francisco Giants,13,1,16,10
717797,2023,2023-06-11,2023-06-11,R,113,Cincinnati Reds,4,138,St. Louis Cardinals,3,0,7,-1
717798,2023,2023-06-11,2023-06-11,R,135,San Diego Padres,4,115,Colorado Rockies,5,1,9,1
717799,2023,2023-06-11,2023-06-11,R,136,Seattle Mariners,4,108,Los Angeles Angels,9,1,13,5
717800,2023,2023-06-11,2023-06-11,R,133,Athletics,8,158,Milwaukee Brewers,6,0,14,-2
717801,2023,2023-06-11,2023-06-11,R,140,Texas Rangers,3,139,Tampa Bay Rays,7,1,10,4
717802,2023,2023-06-11,2023-06-11,R,117,Houston Astros,0,114,Cleveland Guardians,5,1,5,5
717803,2023,2023-06-11,2023-06-11,R,121,New York Mets,1,134,Pittsburgh Pirates,2,1,3,1
717804,2023,2023-06-11,2023-06-11,R,109,Arizona Diamondbacks,7,116,Detroit Tigers,5,0,12,-2
717805,2023,2023-06-11,2023-06-11,R,142,Minnesota Twins,6,141,Toronto Blue Jays,7,1,13,1
717806,2023,2023-06-11,2023-06-11,R,119,Los Angeles Dodgers,3,143,Philadelphia Phillies,7,1,10,4
717807,2023,2023-06-11,2023-06-11,R,120,Washington Nationals,6,144,Atlanta Braves,2,0,8,-4
717808,2023,2023-06-11,2023-06-11,R,118,Kansas City Royals,3,110,Baltimore Orioles,11,1,14,8
717810,2023,2023-06-11,2023-06-11,R,111,Boston Red Sox,3,147,New York Yankees,2,0,5,-1
717785,2023,2023-06-12,2023-06-12,R,143,Philadelphia Phillies,8,109,Arizona Diamondbacks,9,1,17,1
717786,2023,2023-06-12,2023-06-12,R,146,Miami Marlins,1,136,Seattle Mariners,8,1,9,7
717789,2023,2023-06-12,2023-06-12,R,139,Tampa Bay Rays,3,133,Athletics,4,1,7,1
717790,2023,2023-06-12,2023-06-12,R,144,Atlanta Braves,5,116,Detroit Tigers,6,1,11,1
717791,2023,2023-06-12,2023-06-12,R,137,San Francisco Giants,4,138,St. Louis Cardinals,3,0,7,-1
717792,2023,2023-06-12,2023-06-12,R,108,Los Angeles Angels,9,140,Texas Rangers,6,0,15,-3
717793,2023,2023-06-12,2023-06-12,R,113,Cincinnati Reds,5,118,Kansas City Royals,4,0,9,-1
717794,2023,2023-06-12,2023-06-12,R,115,Colorado Rockies,4,111,Boston Red Sox,3,0,7,-1
717772,2023,2023-06-13,2023-06-13,R,114,Cleveland Guardians,3,135,San Diego Padres,6,1,9,3
717773,2023,2023-06-13,2023-06-13,R,146,Miami Marlins,3,136,Seattle Mariners,9,1,12,6
717774,2023,2023-06-13,2023-06-13,R,139,Tampa Bay Rays,1,133,Athletics,2,1,3,1
717775,2023,2023-06-13,2023-06-13,R,143,Philadelphia Phillies,15,109,Arizona Diamondbacks,3,0,18,-12
717776,2023,2023-06-13,2023-06-13,R,145,Chicago White Sox,1,119,Los Angeles Dodgers,5,1,6,4
717777,2023,2023-06-13,2023-06-13,R,113,Cincinnati Reds,5,118,Kansas City Royals,4,0,9,-1
717778,2023,2023-06-13,2023-06-13,R,120,Washington Nationals,1,117,Houston Astros,6,1,7,5
717779,2023,2023-06-13,2023-06-13,R,147,New York Yankees,7,121,New York Mets,6,0,13,-1
717780,2023,2023-06-13,2023-06-13,R,108,Los Angeles Angels,7,140,Texas Rangers,3,0,10,-4
717781,2023,2023-06-13,2023-06-13,R,137,San Francisco Giants,11,138,St. Louis Cardinals,3,0,14,-8
717782,2023,2023-06-13,2023-06-13,R,134,Pittsburgh Pirates,3,112,Chicago Cubs,11,1,14,8
717783,2023,2023-06-13,2023-06-13,R,158,Milwaukee Brewers,5,142,Minnesota Twins,7,1,12,2
717787,2023,2023-06-13,2023-06-13,R,141,Toronto Blue Jays,6,110,Baltimore Orioles,11,1,17,5
717788,2023,2023-06-13,2023-06-13,R,115,Colorado Rockies,7,111,Boston Red Sox,6,0,13,-1
717757,2023,2023-06-14,2023-06-14,R,143,Philadelphia Phillies,4,109,Arizona Diamondbacks,3,0,7,-1
717758,2023,2023-06-14,2023-06-14,R,114,Cleveland Guardians,0,135,San Diego Padres,5,1,5,5
717759,2023,2023-06-14,2023-06-14,R,146,Miami Marlins,4,136,Seattle Mariners,1,0,5,-3
717760,2023,2023-06-14,2023-06-14,R,145,Chicago White Sox,8,119,Los Angeles Dodgers,4,0,12,-4
717761,2023,2023-06-14,2023-06-14,R,139,Tampa Bay Rays,6,133,Athletics,3,0,9,-3
717762,2023,2023-06-14,2023-06-14,R,120,Washington Nationals,4,117,Houston Astros,5,1,9,1
717763,2023,2023-06-14,2023-06-14,R,134,Pittsburgh Pirates,6,112,Chicago Cubs,10,1,16,4
717764,2023,2023-06-14,2023-06-14,R,113,Cincinnati Reds,7,118,Kansas City Royals,4,0,11,-3
717765,2023,2023-06-14,2023-06-14,R,108,Los Angeles Angels,3,140,Texas Rangers,6,1,9,3
717766,2023,2023-06-14,2023-06-14,R,147,New York Yankees,3,121,New York Mets,4,1,7,1
717767,2023,2023-06-14,2023-06-14,R,137,San Francisco Giants,8,138,St. Louis Cardinals,5,0,13,-3
717768,2023,2023-06-14,2023-06-14,R,115,Colorado Rockies,3,111,Boston Red Sox,6,1,9,3
717769,2023,2023-06-14,2023-06-14,R,141,Toronto Blue Jays,3,110,Baltimore Orioles,1,0,4,-2
717770,2023,2023-06-14,2023-06-14,R,144,Atlanta Braves,10,116,Detroit Tigers,7,0,17,-3
717771,2023,2023-06-14,2023-06-14,R,158,Milwaukee Brewers,2,142,Minnesota Twins,4,1,6,2
717784,2023,2023-06-14,2023-06-14,R,144,Atlanta Braves,6,116,Detroit Tigers,5,0,11,-1
717746,2023,2023-06-15,2023-06-15,R,120,Washington Nationals,4,117,Houston Astros,1,0,5,-3
717747,2023,2023-06-15,2023-06-15,R,134,Pittsburgh Pirates,2,112,Chicago Cubs,7,1,9,5
717748,2023,2023-06-15,2023-06-15,R,145,Chicago White Sox,4,119,Los Angeles Dodgers,5,1,9,1
717750,2023,2023-06-15,2023-06-15,R,114,Cleveland Guardians,8,135,San Diego Padres,6,0,14,-2
717751,2023,2023-06-15,2023-06-15,R,108,Los Angeles Angels,5,140,Texas Rangers,3,0,8,-2
717752,2023,2023-06-15,2023-06-15,R,116,Detroit Tigers,8,142,Minnesota Twins,4,0,12,-4
717753,2023,2023-06-15,2023-06-15,R,141,Toronto Blue Jays,2,110,Baltimore Orioles,4,1,6,2
717754,2023,2023-06-15,2023-06-15,R,115,Colorado Rockies,3,144,Atlanta Braves,8,1,11,5
717755,2023,2023-06-15,2023-06-15,R,143,Philadelphia Phillies,5,109,Arizona Diamondbacks,4,0,9,-1
717756,2023,2023-06-15,2023-06-15,R,139,Tampa Bay Rays,4,133,Athletics,3,0,7,-1
717731,2023,2023-06-16,2023-06-16,R,137,San Francisco Giants,7,119,Los Angeles Dodgers,5,0,12,-2
717732,2023,2023-06-16,2023-06-16,R,139,Tampa Bay Rays,6,135,San Diego Padres,2,0,8,-4
717733,2023,2023-06-16,2023-06-16,R,145,Chicago White Sox,2,136,Seattle Mariners,3,1,5,1
717735,2023,2023-06-16,2023-06-16,R,143,Philadelphia Phillies,6,133,Athletics,1,0,7,-5
717736,2023,2023-06-16,2023-06-16,R,108,Los Angeles Angels,3,118,Kansas City Royals,0,0,3,-3
717737,2023,2023-06-16,2023-06-16,R,113,Cincinnati Reds,2,117,Houston Astros,1,0,3,-1
717738,2023,2023-06-16,2023-06-16,R,116,Detroit Tigers,7,142,Minnesota Twins,1,0,8,-6
717739,2023,2023-06-16,2023-06-16,R,114,Cleveland Guardians,1,109,Arizona Diamondbacks,5,1,6,4
717740,2023,2023-06-16,2023-06-16,R,134,Pittsburgh Pirates,4,158,Milwaukee Brewers,5,1,9,1
717741,2023,2023-06-16,2023-06-16,R,141,Toronto Blue Jays,2,140,Texas Rangers,1,0,3,-1
717742,2023,2023-06-16,2023-06-16,R,147,New York Yankees,5,111,Boston Red Sox,15,1,20,10
717743,2023,2023-06-16,2023-06-16,R,138,St. Louis Cardinals,1,121,New York Mets,6,1,7,5
717744,2023,2023-06-16,2023-06-16,R,110,Baltimore Orioles,3,112,Chicago Cubs,10,1,13,7
717745,2023,2023-06-16,2023-06-16,R,115,Colorado Rockies,1,144,Atlanta Braves,8,1,9,7
717749,2023,2023-06-16,2023-06-16,R,146,Miami Marlins,6,120,Washington Nationals,5,0,11,-1
717717,2023,2023-06-17,2023-06-17,R,139,Tampa Bay Rays,0,135,San Diego Padres,2,1,2,2
717718,2023,2023-06-17,2023-06-17,R,138,St. Louis Cardinals,5,121,New York Mets,3,0,8,-2
717719,2023,2023-06-17,2023-06-17,R,114,Cleveland Guardians,3,109,Arizona Diamondbacks,6,1,9,3
717720,2023,2023-06-17,2023-06-17,R,134,Pittsburgh Pirates,0,158,Milwaukee Brewers,5,1,5,5
717721,2023,2023-06-17,2023-06-17,R,137,San Francisco Giants,15,119,Los Angeles Dodgers,0,0,15,-15
717722,2023,2023-06-17,2023-06-17,R,145,Chicago White Sox,4,136,Seattle Mariners,3,0,7,-1
717723,2023,2023-06-17,2023-06-17,R,141,Toronto Blue Jays,2,140,Texas Rangers,4,1,6,2
717724,2023,2023-06-17,2023-06-17,R,115,Colorado Rockies,2,144,Atlanta Braves,10,1,12,8
717725,2023,2023-06-17,2023-06-17,R,143,Philadelphia Phillies,3,133,Athletics,2,0,5,-1
717726,2023,2023-06-17,2023-06-17,R,108,Los Angeles Angels,9,118,Kansas City Royals,10,1,19,1
717727,2023,2023-06-17,2023-06-17,R,113,Cincinnati Reds,10,117,Houston Astros,3,0,13,-7
717728,2023,2023-06-17,2023-06-17,R,116,Detroit Tigers,0,142,Minnesota Twins,2,1,2,2
717729,2023,2023-06-17,2023-06-17,R,110,Baltimore Orioles,2,112,Chicago Cubs,3,1,5,1
717734,2023,2023-06-17,2023-06-17,R,146,Miami Marlins,5,120,Washington Nationals,2,0,7,-3
717702,2023,2023-06-18,2023-06-18,R,137,San Francisco Giants,7,119,Los Angeles Dodgers,3,0,10,-4
717703,2023,2023-06-18,2023-06-18,R,139,Tampa Bay Rays,4,135,San Diego Padres,5,1,9,1
717704,2023,2023-06-18,2023-06-18,R,145,Chicago White Sox,1,136,Seattle Mariners,5,1,6,4
717705,2023,2023-06-18,2023-06-18,R,143,Philadelphia Phillies,3,133,Athletics,2,0,5,-1
717706,2023,2023-06-18,2023-06-18,R,114,Cleveland Guardians,12,109,Arizona Diamondbacks,3,0,15,-9
717707,2023,2023-06-18,2023-06-18,R,113,Cincinnati Reds,9,117,Houston Astros,7,0,16,-2
717708,2023,2023-06-18,2023-06-18,R,110,Baltimore Orioles,6,112,Chicago Cubs,3,0,9,-3
717709,2023,2023-06-18,2023-06-18,R,141,Toronto Blue Jays,7,140,Texas Rangers,11,1,18,4
717710,2023,2023-06-18,2023-06-18,R,134,Pittsburgh Pirates,2,158,Milwaukee Brewers,5,1,7,3
717711,2023,2023-06-18,2023-06-18,R,116,Detroit Tigers,6,142,Minnesota Twins,4,0,10,-2
717712,2023,2023-06-18,2023-06-18,R,108,Los Angeles Angels,5,118,Kansas City Royals,2,0,7,-3
717713,2023,2023-06-18,2023-06-18,R,138,St. Louis Cardinals,8,121,New York Mets,7,0,15,-1
717714,2023,2023-06-18,2023-06-18,R,146,Miami Marlins,4,120,Washington Nationals,2,0,6,-2
717715,2023,2023-06-18,2023-06-18,R,147,New York Yankees,1,111,Boston Red Sox,4,1,5,3
717716,2023,2023-06-18,2023-06-18,R,115,Colorado Rockies,6,144,Atlanta Braves,14,1,20,8
717730,2023,2023-06-18,2023-06-18,R,147,New York Yankees,2,111,Boston Red Sox,6,1,8,4
717692,2023,2023-06-19,2023-06-19,R,118,Kansas City Royals,4,116,Detroit Tigers,6,1,10,2
717693,2023,2023-06-19,2023-06-19,R,111,Boston Red Sox,9,142,Minnesota Twins,3,0,12,-6
717694,2023,2023-06-19,2023-06-19,R,121,New York Mets,11,117,Houston Astros,1,0,12,-10
717695,2023,2023-06-19,2023-06-19,R,140,Texas Rangers,5,145,Chicago White Sox,2,0,7,-3
717696,2023,2023-06-19,2023-06-19,R,109,Arizona Diamondbacks,9,158,Milwaukee Brewers,1,0,10,-8
717697,2023,2023-06-19,2023-06-19,R,135,San Diego Padres,4,137,San Francisco Giants,7,1,11,3
717698,2023,2023-06-19,2023-06-19,R,112,Chicago Cubs,8,134,Pittsburgh Pirates,0,0,8,-8
717699,2023,2023-06-19,2023-06-19,R,138,St. Louis Cardinals,8,120,Washington Nationals,6,0,14,-2
717700,2023,2023-06-19,2023-06-19,R,141,Toronto Blue Jays,0,146,Miami Marlins,11,1,11,11
717701,2023,2023-06-19,2023-06-19,R,115,Colorado Rockies,4,113,Cincinnati Reds,5,1,9,1
717675,2023,2023-06-20,2023-06-20,R,140,Texas Rangers,6,145,Chicago White Sox,7,1,13,1
717678,2023,2023-06-20,2023-06-20,R,119,Los Angeles Dodgers,2,108,Los Angeles Angels,0,0,2,-2
717679,2023,2023-06-20,2023-06-20,R,133,Athletics,2,114,Cleveland Guardians,3,1,5,1
717680,2023,2023-06-20,2023-06-20,R,109,Arizona Diamondbacks,5,158,Milwaukee Brewers,7,1,12,2
717681,2023,2023-06-20,2023-06-20,R,118,Kansas City Royals,1,116,Detroit Tigers,0,0,1,-1
717682,2023,2023-06-20,2023-06-20,R,121,New York Mets,2,117,Houston Astros,4,1,6,2
717683,2023,2023-06-20,2023-06-20,R,111,Boston Red Sox,10,142,Minnesota Twins,4,0,14,-6
717684,2023,2023-06-20,2023-06-20,R,136,Seattle Mariners,1,147,New York Yankees,3,1,4,2
717685,2023,2023-06-20,2023-06-20,R,115,Colorado Rockies,6,113,Cincinnati Reds,8,1,14,2
717686,2023,2023-06-20,2023-06-20,R,112,Chicago Cubs,4,134,Pittsburgh Pirates,0,0,4,-4
717687,2023,2023-06-20,2023-06-20,R,110,Baltimore Orioles,8,139,Tampa Bay Rays,6,0,14,-2
717688,2023,2023-06-20,2023-06-20,R,135,San Diego Padres,3,137,San Francisco Giants,4,1,7,1
717689,2023,2023-06-20,2023-06-20,R,144,Atlanta Braves,4,143,Philadelphia Phillies,2,0,6,-2
717690,2023,2023-06-20,2023-06-20,R,141,Toronto Blue Jays,2,146,Miami Marlins,0,0,2,-2
717691,2023,2023-06-20,2023-06-20,R,138,St. Louis Cardinals,9,120,Washington Nationals,3,0,12,-6
717662,2023,2023-06-21,2023-06-21,R,119,Los Angeles Dodgers,2,108,Los Angeles Angels,0,0,2,-2
717663,2023,2023-06-21,2023-06-21,R,133,Athletics,6,114,Cleveland Guardians,7,1,13,1
717665,2023,2023-06-21,2023-06-21,R,111,Boston Red Sox,4,142,Minnesota Twins,5,1,9,1
717666,2023,2023-06-21,2023-06-21,R,136,Seattle Mariners,2,147,New York Yankees,4,1,6,2
717667,2023,2023-06-21,2023-06-21,R,140,Texas Rangers,6,145,Chicago White Sox,3,0,9,-3
717668,2023,2023-06-21,2023-06-21,R,118,Kansas City Royals,4,116,Detroit Tigers,9,1,13,5
717669,2023,2023-06-21,2023-06-21,R,115,Colorado Rockies,3,113,Cincinnati Reds,5,1,8,2
717670,2023,2023-06-21,2023-06-21,R,121,New York Mets,8,117,Houston Astros,10,1,18,2
717671,2023,2023-06-21,2023-06-21,R,112,Chicago Cubs,8,134,Pittsburgh Pirates,3,0,11,-5
717672,2023,2023-06-21,2023-06-21,R,109,Arizona Diamondbacks,5,158,Milwaukee Brewers,1,0,6,-4
717673,2023,2023-06-21,2023-06-21,R,138,St. Louis Cardinals,0,120,Washington Nationals,3,1,3,3
717674,2023,2023-06-21,2023-06-21,R,135,San Diego Padres,2,137,San Francisco Giants,4,1,6,2
717676,2023,2023-06-21,2023-06-21,R,141,Toronto Blue Jays,6,146,Miami Marlins,3,0,9,-3
717677,2023,2023-06-21,2023-06-21,R,110,Baltimore Orioles,2,139,Tampa Bay Rays,7,1,9,5
717652,2023,2023-06-22,2023-06-22,R,136,Seattle Mariners,10,147,New York Yankees,2,0,12,-8
717654,2023,2023-06-22,2023-06-22,R,134,Pittsburgh Pirates,4,146,Miami Marlins,6,1,10,2
717657,2023,2023-06-22,2023-06-22,R,144,Atlanta Braves,5,143,Philadelphia Phillies,1,0,6,-4
717658,2023,2023-06-22,2023-06-22,R,111,Boston Red Sox,0,142,Minnesota Twins,6,1,6,6
717659,2023,2023-06-22,2023-06-22,R,118,Kansas City Royals,6,139,Tampa Bay Rays,5,0,11,-1
717660,2023,2023-06-22,2023-06-22,R,133,Athletics,1,114,Cleveland Guardians,6,1,7,5
717661,2023,2023-06-22,2023-06-22,R,135,San Diego Padres,10,137,San Francisco Giants,0,0,10,-10
717847,2023,2023-06-22,2023-06-22,R,109,Arizona Diamondbacks,5,120,Washington Nationals,3,0,8,-2
717641,2023,2023-06-23,2023-06-23,R,109,Arizona Diamondbacks,5,137,San Francisco Giants,8,1,13,3
717642,2023,2023-06-23,2023-06-23,R,120,Washington Nationals,3,135,San Diego Padres,13,1,16,10
717643,2023,2023-06-23,2023-06-23,R,117,Houston Astros,2,119,Los Angeles Dodgers,3,1,5,1
717644,2023,2023-06-23,2023-06-23,R,108,Los Angeles Angels,4,115,Colorado Rockies,7,1,11,3
717645,2023,2023-06-23,2023-06-23,R,111,Boston Red Sox,3,145,Chicago White Sox,1,0,4,-2
717646,2023,2023-06-23,2023-06-23,R,133,Athletics,5,141,Toronto Blue Jays,4,0,9,-1
717647,2023,2023-06-23,2023-06-23,R,142,Minnesota Twins,4,116,Detroit Tigers,1,0,5,-3
717648,2023,2023-06-23,2023-06-23,R,158,Milwaukee Brewers,7,114,Cleveland Guardians,1,0,8,-6
717649,2023,2023-06-23,2023-06-23,R,118,Kansas City Royals,3,139,Tampa Bay Rays,11,1,14,8
717650,2023,2023-06-23,2023-06-23,R,144,Atlanta Braves,10,113,Cincinnati Reds,11,1,21,1
717651,2023,2023-06-23,2023-06-23,R,136,Seattle Mariners,13,110,Baltimore Orioles,1,0,14,-12
717653,2023,2023-06-23,2023-06-23,R,134,Pittsburgh Pirates,3,146,Miami Marlins,1,0,4,-2
717655,2023,2023-06-23,2023-06-23,R,140,Texas Rangers,4,147,New York Yankees,2,0,6,-2
717656,2023,2023-06-23,2023-06-23,R,121,New York Mets,1,143,Philadelphia Phillies,5,1,6,4
717625,2023,2023-06-24,2023-06-24,R,158,Milwaukee Brewers,2,114,Cleveland Guardians,4,1,6,2
717626,2023,2023-06-24,2023-06-24,R,117,Houston Astros,7,119,Los Angeles Dodgers,8,1,15,1
717628,2023,2023-06-24,2023-06-24,R,136,Seattle Mariners,4,110,Baltimore Orioles,6,1,10,2
717629,2023,2023-06-24,2023-06-24,R,111,Boston Red Sox,4,145,Chicago White Sox,5,1,9,1
717630,2023,2023-06-24,2023-06-24,R,134,Pittsburgh Pirates,3,146,Miami Marlins,4,1,7,1
717631,2023,2023-06-24,2023-06-24,R,144,Atlanta Braves,7,113,Cincinnati Reds,6,0,13,-1
717632,2023,2023-06-24,2023-06-24,R,118,Kansas City Royals,9,139,Tampa Bay Rays,4,0,13,-5
717633,2023,2023-06-24,2023-06-24,R,142,Minnesota Twins,2,116,Detroit Tigers,3,1,5,1
717634,2023,2023-06-24,2023-06-24,R,133,Athletics,3,141,Toronto Blue Jays,7,1,10,4
717635,2023,2023-06-24,2023-06-24,R,121,New York Mets,4,143,Philadelphia Phillies,2,0,6,-2
717636,2023,2023-06-24,2023-06-24,R,140,Texas Rangers,0,147,New York Yankees,1,1,1,1
717637,2023,2023-06-24,2023-06-24,R,112,Chicago Cubs,9,138,St. Louis Cardinals,1,0,10,-8
717638,2023,2023-06-24,2023-06-24,R,120,Washington Nationals,2,135,San Diego Padres,0,0,2,-2
717639,2023,2023-06-24,2023-06-24,R,109,Arizona Diamondbacks,6,137,San Francisco Giants,7,1,13,1
717640,2023,2023-06-24,2023-06-24,R,108,Los Angeles Angels,25,115,Colorado Rockies,1,0,26,-24
717610,2023,2023-06-25,2023-06-25,R,120,Washington Nationals,8,135,San Diego Padres,3,0,11,-5
717612,2023,2023-06-25,2023-06-25,R,109,Arizona Diamondbacks,5,137,San Francisco Giants,2,0,7,-3
717613,2023,2023-06-25,2023-06-25,R,158,Milwaukee Brewers,5,114,Cleveland Guardians,4,0,9,-1
717614,2023,2023-06-25,2023-06-25,R,111,Boston Red Sox,1,145,Chicago White Sox,4,1,5,3
717615,2023,2023-06-25,2023-06-25,R,117,Houston Astros,6,119,Los Angeles Dodgers,5,0,11,-1
717616,2023,2023-06-25,2023-06-25,R,108,Los Angeles Angels,3,115,Colorado Rockies,4,1,7,1
717617,2023,2023-06-25,2023-06-25,R,133,Athletics,1,141,Toronto Blue Jays,12,1,13,11
717618,2023,2023-06-25,2023-06-25,R,144,Atlanta Braves,7,113,Cincinnati Reds,6,0,13,-1
717619,2023,2023-06-25,2023-06-25,R,118,Kansas City Royals,1,139,Tampa Bay Rays,3,1,4,2
717620,2023,2023-06-25,2023-06-25,R,134,Pittsburgh Pirates,0,146,Miami Marlins,2,1,2,2
717621,2023,2023-06-25,2023-06-25,R,142,Minnesota Twins,6,116,Detroit Tigers,3,0,9,-3
717622,2023,2023-06-25,2023-06-25,R,140,Texas Rangers,3,147,New York Yankees,5,1,8,2
717623,2023,2023-06-25,2023-06-25,R,112,Chicago Cubs,5,138,St. Louis Cardinals,7,1,12,2
717624,2023,2023-06-25,2023-06-25,R,121,New York Mets,6,143,Philadelphia Phillies,7,1,13,1
717627,2023,2023-06-25,2023-06-25,R,136,Seattle Mariners,2,110,Baltimore Orioles,3,1,5,1
717602,2023,2023-06-26,2023-06-26,R,120,Washington Nationals,4,136,Seattle Mariners,8,1,12,4
717606,2023,2023-06-26,2023-06-26,R,116,Detroit Tigers,7,140,Texas Rangers,2,0,9,-5
717607,2023,2023-06-26,2023-06-26,R,158,Milwaukee Brewers,2,121,New York Mets,1,0,3,-1
717608,2023,2023-06-26,2023-06-26,R,145,Chicago White Sox,1,108,Los Angeles Angels,2,1,3,1
717609,2023,2023-06-26,2023-06-26,R,142,Minnesota Twins,1,144,Atlanta Braves,4,1,5,3
717611,2023,2023-06-26,2023-06-26,R,113,Cincinnati Reds,3,110,Baltimore Orioles,10,1,13,7
717590,2023,2023-06-27,2023-06-27,R,120,Washington Nationals,7,136,Seattle Mariners,4,0,11,-3
717591,2023,2023-06-27,2023-06-27,R,114,Cleveland Guardians,2,118,Kansas City Royals,1,0,3,-1
717592,2023,2023-06-27,2023-06-27,R,145,Chicago White Sox,2,108,Los Angeles Angels,4,1,6,2
717593,2023,2023-06-27,2023-06-27,R,139,Tampa Bay Rays,4,109,Arizona Diamondbacks,8,1,12,4
717594,2023,2023-06-27,2023-06-27,R,119,Los Angeles Dodgers,5,115,Colorado Rockies,0,0,5,-5
717595,2023,2023-06-27,2023-06-27,R,147,New York Yankees,1,133,Athletics,2,1,3,1
717596,2023,2023-06-27,2023-06-27,R,143,Philadelphia Phillies,5,112,Chicago Cubs,1,0,6,-4
717597,2023,2023-06-27,2023-06-27,R,158,Milwaukee Brewers,2,121,New York Mets,7,1,9,5
717598,2023,2023-06-27,2023-06-27,R,117,Houston Astros,2,138,St. Louis Cardinals,4,1,6,2
717599,2023,2023-06-27,2023-06-27,R,116,Detroit Tigers,3,140,Texas Rangers,8,1,11,5
717600,2023,2023-06-27,2023-06-27,R,142,Minnesota Twins,2,144,Atlanta Braves,6,1,8,4
717601,2023,2023-06-27,2023-06-27,R,113,Cincinnati Reds,3,110,Baltimore Orioles,1,0,4,-2
717603,2023,2023-06-27,2023-06-27,R,135,San Diego Padres,4,134,Pittsburgh Pirates,9,1,13,5
717604,2023,2023-06-27,2023-06-27,R,137,San Francisco Giants,3,141,Toronto Blue Jays,0,0,3,-3
717605,2023,2023-06-27,2023-06-27,R,146,Miami Marlins,10,111,Boston Red Sox,1,0,11,-9
717575,2023,2023-06-28,2023-06-28,R,139,Tampa Bay Rays,3,109,Arizona Diamondbacks,2,0,5,-1
717576,2023,2023-06-28,2023-06-28,R,145,Chicago White Sox,11,108,Los Angeles Angels,5,0,16,-6
717577,2023,2023-06-28,2023-06-28,R,114,Cleveland Guardians,14,118,Kansas City Royals,1,0,15,-13
717578,2023,2023-06-28,2023-06-28,R,119,Los Angeles Dodgers,8,115,Colorado Rockies,9,1,17,1
717579,2023,2023-06-28,2023-06-28,R,147,New York Yankees,11,133,Athletics,0,0,11,-11
717580,2023,2023-06-28,2023-06-28,R,116,Detroit Tigers,2,140,Texas Rangers,10,1,12,8
717581,2023,2023-06-28,2023-06-28,R,158,Milwaukee Brewers,5,121,New York Mets,2,0,7,-3
717582,2023,2023-06-28,2023-06-28,R,117,Houston Astros,10,138,St. Louis Cardinals,7,0,17,-3
717583,2023,2023-06-28,2023-06-28,R,146,Miami Marlins,6,111,Boston Red Sox,2,0,8,-4
717584,2023,2023-06-28,2023-06-28,R,143,Philadelphia Phillies,8,112,Chicago Cubs,5,0,13,-3
717585,2023,2023-06-28,2023-06-28,R,135,San Diego Padres,1,134,Pittsburgh Pirates,7,1,8,6
717586,2023,2023-06-28,2023-06-28,R,137,San Francisco Giants,1,141,Toronto Blue Jays,6,1,7,5
717587,2023,2023-06-28,2023-06-28,R,120,Washington Nationals,4,136,Seattle Mariners,1,0,5,-3
717588,2023,2023-06-28,2023-06-28,R,142,Minnesota Twins,0,144,Atlanta Braves,3,1,3,3
717589,2023,2023-06-28,2023-06-28,R,113,Cincinnati Reds,11,110,Baltimore Orioles,7,0,18,-4
717560,2023,2023-06-29,2023-06-29,R,145,Chicago White Sox,9,108,Los Angeles Angels,7,0,16,-2
717564,2023,2023-06-29,2023-06-29,R,137,San Francisco Giants,1,141,Toronto Blue Jays,2,1,3,1
717565,2023,2023-06-29,2023-06-29,R,158,Milwaukee Brewers,3,121,New York Mets,2,0,5,-1
717566,2023,2023-06-29,2023-06-29,R,117,Houston Astros,14,138,St. Louis Cardinals,0,0,14,-14
717567,2023,2023-06-29,2023-06-29,R,143,Philadelphia Phillies,3,112,Chicago Cubs,1,0,4,-2
717568,2023,2023-06-29,2023-06-29,R,139,Tampa Bay Rays,6,109,Arizona Diamondbacks,1,0,7,-5
717569,2023,2023-06-29,2023-06-29,R,146,Miami Marlins,2,111,Boston Red Sox,0,0,2,-2
717570,2023,2023-06-29,2023-06-29,R,116,Detroit Tigers,8,140,Texas Rangers,5,0,13,-3
717571,2023,2023-06-29,2023-06-29,R,135,San Diego Padres,4,134,Pittsburgh Pirates,5,1,9,1
717572,2023,2023-06-29,2023-06-29,R,119,Los Angeles Dodgers,14,115,Colorado Rockies,3,0,17,-11
717573,2023,2023-06-29,2023-06-29,R,114,Cleveland Guardians,3,118,Kansas City Royals,4,1,7,1
717574,2023,2023-06-29,2023-06-29,R,147,New York Yankees,10,133,Athletics,4,0,14,-6
717548,2023,2023-06-30,2023-06-30,R,139,Tampa Bay Rays,15,136,Seattle Mariners,4,0,19,-11
717549,2023,2023-06-30,2023-06-30,R,109,Arizona Diamondbacks,6,108,Los Angeles Angels,2,0,8,-4
717551,2023,2023-06-30,2023-06-30,R,145,Chicago White Sox,4,133,Athletics,7,1,11,3
717552,2023,2023-06-30,2023-06-30,R,116,Detroit Tigers,5,115,Colorado Rockies,8,1,13,3
717553,2023,2023-06-30,2023-06-30,R,119,Los Angeles Dodgers,9,118,Kansas City Royals,3,0,12,-6
717554,2023,2023-06-30,2023-06-30,R,117,Houston Astros,5,140,Texas Rangers,3,0,8,-2
717555,2023,2023-06-30,2023-06-30,R,111,Boston Red Sox,5,141,Toronto Blue Jays,0,0,5,-5
717556,2023,2023-06-30,2023-06-30,R,137,San Francisco Giants,5,121,New York Mets,4,0,9,-1
717557,2023,2023-06-30,2023-06-30,R,135,San Diego Padres,5,113,Cincinnati Reds,7,1,12,2
717558,2023,2023-06-30,2023-06-30,R,146,Miami Marlins,4,144,Atlanta Braves,16,1,20,12
717559,2023,2023-06-30,2023-06-30,R,114,Cleveland Guardians,1,112,Chicago Cubs,10,1,11,9
717561,2023,2023-06-30,2023-06-30,R,142,Minnesota Twins,8,110,Baltimore Orioles,1,0,9,-7
717562,2023,2023-06-30,2023-06-30,R,158,Milwaukee Brewers,7,134,Pittsburgh Pirates,8,1,15,1
717563,2023,2023-06-30,2023-06-30,R,120,Washington Nationals,2,143,Philadelphia Phillies,1,0,3,-1
717533,2023,2023-07-01,2023-07-01,R,109,Arizona Diamondbacks,3,108,Los Angeles Angels,1,0,4,-2
717534,2023,2023-07-01,2023-07-01,R,139,Tampa Bay Rays,3,136,Seattle Mariners,8,1,11,5
717535,2023,2023-07-01,2023-07-01,R,137,San Francisco Giants,1,121,New York Mets,4,1,5,3
717536,2023,2023-07-01,2023-07-01,R,146,Miami Marlins,0,144,Atlanta Braves,7,1,7,7
717537,2023,2023-07-01,2023-07-01,R,119,Los Angeles Dodgers,4,118,Kansas City Royals,6,1,10,2
717538,2023,2023-07-01,2023-07-01,R,145,Chicago White Sox,6,133,Athletics,7,1,13,1
717539,2023,2023-07-01,2023-07-01,R,135,San Diego Padres,12,113,Cincinnati Reds,5,0,17,-7
717540,2023,2023-07-01,2023-07-01,R,158,Milwaukee Brewers,11,134,Pittsburgh Pirates,8,0,19,-3
717541,2023,2023-07-01,2023-07-01,R,142,Minnesota Twins,1,110,Baltimore Orioles,0,0,1,-1
717542,2023,2023-07-01,2023-07-01,R,117,Houston Astros,2,140,Texas Rangers,5,1,7,3
717543,2023,2023-07-01,2023-07-01,R,120,Washington Nationals,4,143,Philadelphia Phillies,19,1,23,15
717544,2023,2023-07-01,2023-07-01,R,116,Detroit Tigers,4,115,Colorado Rockies,2,0,6,-2
717545,2023,2023-07-01,2023-07-01,R,147,New York Yankees,4,138,St. Louis Cardinals,11,1,15,7
717546,2023,2023-07-01,2023-07-01,R,114,Cleveland Guardians,6,112,Chicago Cubs,0,0,6,-6
717547,2023,2023-07-01,2023-07-01,R,111,Boston Red Sox,7,141,Toronto Blue Jays,6,0,13,-1
717550,2023,2023-07-01,2023-07-01,R,147,New York Yankees,6,138,St. Louis Cardinals,2,0,8,-4
717518,2023,2023-07-02,2023-07-02,R,145,Chicago White Sox,8,133,Athletics,7,0,15,-1
717519,2023,2023-07-02,2023-07-02,R,139,Tampa Bay Rays,6,136,Seattle Mariners,7,1,13,1
717520,2023,2023-07-02,2023-07-02,R,117,Houston Astros,5,140,Texas Rangers,3,0,8,-2
717521,2023,2023-07-02,2023-07-02,R,114,Cleveland Guardians,8,112,Chicago Cubs,6,0,14,-2
717522,2023,2023-07-02,2023-07-02,R,109,Arizona Diamondbacks,2,108,Los Angeles Angels,5,1,7,3
717523,2023,2023-07-02,2023-07-02,R,116,Detroit Tigers,14,115,Colorado Rockies,9,0,23,-5
717524,2023,2023-07-02,2023-07-02,R,147,New York Yankees,1,138,St. Louis Cardinals,5,1,6,4
717525,2023,2023-07-02,2023-07-02,R,137,San Francisco Giants,4,121,New York Mets,8,1,12,4
717526,2023,2023-07-02,2023-07-02,R,135,San Diego Padres,3,113,Cincinnati Reds,4,1,7,1
717527,2023,2023-07-02,2023-07-02,R,119,Los Angeles Dodgers,1,118,Kansas City Royals,9,1,10,8
717528,2023,2023-07-02,2023-07-02,R,120,Washington Nationals,5,143,Philadelphia Phillies,4,0,9,-1
717529,2023,2023-07-02,2023-07-02,R,142,Minnesota Twins,1,110,Baltimore Orioles,2,1,3,1
717530,2023,2023-07-02,2023-07-02,R,111,Boston Red Sox,5,141,Toronto Blue Jays,4,0,9,-1
717531,2023,2023-07-02,2023-07-02,R,158,Milwaukee Brewers,6,134,Pittsburgh Pirates,3,0,9,-3
717532,2023,2023-07-02,2023-07-02,R,146,Miami Marlins,3,144,Atlanta Braves,6,1,9,3
717505,2023,2023-07-03,2023-07-03,R,108,Los Angeles Angels,3,135,San Diego Padres,10,1,13,7
717506,2023,2023-07-03,2023-07-03,R,134,Pittsburgh Pirates,2,119,Los Angeles Dodgers,5,1,7,3
717510,2023,2023-07-03,2023-07-03,R,118,Kansas City Royals,4,142,Minnesota Twins,8,1,12,4
717511,2023,2023-07-03,2023-07-03,R,112,Chicago Cubs,6,158,Milwaukee Brewers,8,1,14,2
717512,2023,2023-07-03,2023-07-03,R,144,Atlanta Braves,4,114,Cleveland Guardians,2,0,6,-2
717513,2023,2023-07-03,2023-07-03,R,110,Baltimore Orioles,3,147,New York Yankees,6,1,9,3
717514,2023,2023-07-03,2023-07-03,R,117,Houston Astros,12,140,Texas Rangers,11,0,23,-1
717515,2023,2023-07-03,2023-07-03,R,138,St. Louis Cardinals,4,146,Miami Marlins,5,1,9,1
717516,2023,2023-07-03,2023-07-03,R,136,Seattle Mariners,6,137,San Francisco Giants,5,0,11,-1
717517,2023,2023-07-03,2023-07-03,R,113,Cincinnati Reds,3,120,Washington Nationals,2,0,5,-1
717492,2023,2023-07-04,2023-07-04,R,134,Pittsburgh Pirates,9,119,Los Angeles Dodgers,7,0,16,-2
717494,2023,2023-07-04,2023-07-04,R,133,Athletics,1,116,Detroit Tigers,0,0,1,-1
717495,2023,2023-07-04,2023-07-04,R,144,Atlanta Braves,5,114,Cleveland Guardians,6,1,11,1
717496,2023,2023-07-04,2023-07-04,R,141,Toronto Blue Jays,4,145,Chicago White Sox,3,0,7,-1
717497,2023,2023-07-04,2023-07-04,R,108,Los Angeles Angels,5,135,San Diego Padres,8,1,13,3
717498,2023,2023-07-04,2023-07-04,R,121,New York Mets,8,109,Arizona Diamondbacks,5,0,13,-3
717499,2023,2023-07-04,2023-07-04,R,143,Philadelphia Phillies,3,139,Tampa Bay Rays,1,0,4,-2
717500,2023,2023-07-04,2023-07-04,R,118,Kansas City Royals,3,142,Minnesota Twins,9,1,12,6
717501,2023,2023-07-04,2023-07-04,R,140,Texas Rangers,6,111,Boston Red Sox,2,0,8,-4
717502,2023,2023-07-04,2023-07-04,R,138,St. Louis Cardinals,2,146,Miami Marlins,15,1,17,13
717503,2023,2023-07-04,2023-07-04,R,112,Chicago Cubs,7,158,Milwaukee Brewers,6,0,13,-1
717504,2023,2023-07-04,2023-07-04,R,115,Colorado Rockies,1,117,Houston Astros,4,1,5,3
717507,2023,2023-07-04,2023-07-04,R,113,Cincinnati Reds,8,120,Washington Nationals,4,0,12,-4
717508,2023,2023-07-04,2023-07-04,R,110,Baltimore Orioles,4,147,New York Yankees,8,1,12,4
717509,2023,2023-07-04,2023-07-04,R,136,Seattle Mariners,6,137,San Francisco Giants,0,0,6,-6
717477,2023,2023-07-05,2023-07-05,R,121,New York Mets,2,109,Arizona Diamondbacks,1,0,3,-1
717478,2023,2023-07-05,2023-07-05,R,108,Los Angeles Angels,3,135,San Diego Padres,5,1,8,2
717479,2023,2023-07-05,2023-07-05,R,134,Pittsburgh Pirates,4,119,Los Angeles Dodgers,6,1,10,2
717482,2023,2023-07-05,2023-07-05,R,118,Kansas City Royals,0,142,Minnesota Twins,5,1,5,5
717483,2023,2023-07-05,2023-07-05,R,112,Chicago Cubs,4,158,Milwaukee Brewers,3,0,7,-1
717484,2023,2023-07-05,2023-07-05,R,140,Texas Rangers,2,111,Boston Red Sox,4,1,6,2
717485,2023,2023-07-05,2023-07-05,R,133,Athletics,12,116,Detroit Tigers,3,0,15,-9
717486,2023,2023-07-05,2023-07-05,R,144,Atlanta Braves,8,114,Cleveland Guardians,1,0,9,-7
717487,2023,2023-07-05,2023-07-05,R,110,Baltimore Orioles,6,147,New York Yankees,3,0,9,-3
717488,2023,2023-07-05,2023-07-05,R,138,St. Louis Cardinals,9,146,Miami Marlins,10,1,19,1
717489,2023,2023-07-05,2023-07-05,R,115,Colorado Rockies,4,117,Houston Astros,6,1,10,2
717490,2023,2023-07-05,2023-07-05,R,136,Seattle Mariners,0,137,San Francisco Giants,2,1,2,2
717491,2023,2023-07-05,2023-07-05,R,143,Philadelphia Phillies,8,139,Tampa Bay Rays,4,0,12,-4
717493,2023,2023-07-05,2023-07-05,R,113,Cincinnati Reds,9,120,Washington Nationals,2,0,11,-7
717462,2023,2023-07-06,2023-07-06,R,134,Pittsburgh Pirates,2,119,Los Angeles Dodgers,5,1,7,3
717467,2023,2023-07-06,2023-07-06,R,136,Seattle Mariners,5,117,Houston Astros,1,0,6,-4
717468,2023,2023-07-06,2023-07-06,R,141,Toronto Blue Jays,6,145,Chicago White Sox,2,0,8,-4
717469,2023,2023-07-06,2023-07-06,R,118,Kansas City Royals,1,114,Cleveland Guardians,6,1,7,5
717470,2023,2023-07-06,2023-07-06,R,121,New York Mets,9,109,Arizona Diamondbacks,0,0,9,-9
717471,2023,2023-07-06,2023-07-06,R,140,Texas Rangers,6,111,Boston Red Sox,10,1,16,4
717472,2023,2023-07-06,2023-07-06,R,143,Philadelphia Phillies,3,139,Tampa Bay Rays,1,0,4,-2
717473,2023,2023-07-06,2023-07-06,R,138,St. Louis Cardinals,3,146,Miami Marlins,0,0,3,-3
717474,2023,2023-07-06,2023-07-06,R,112,Chicago Cubs,5,158,Milwaukee Brewers,6,1,11,1
717475,2023,2023-07-06,2023-07-06,R,110,Baltimore Orioles,14,147,New York Yankees,1,0,15,-13
717476,2023,2023-07-06,2023-07-06,R,133,Athletics,0,116,Detroit Tigers,9,1,9,9
717480,2023,2023-07-06,2023-07-06,R,141,Toronto Blue Jays,5,145,Chicago White Sox,4,0,9,-1
717481,2023,2023-07-06,2023-07-06,R,113,Cincinnati Reds,5,120,Washington Nationals,4,0,9,-1
717448,2023,2023-07-07,2023-07-07,R,115,Colorado Rockies,5,137,San Francisco Giants,2,0,7,-3
717452,2023,2023-07-07,2023-07-07,R,134,Pittsburgh Pirates,3,109,Arizona Diamondbacks,7,1,10,4
717453,2023,2023-07-07,2023-07-07,R,136,Seattle Mariners,10,117,Houston Astros,1,0,11,-9
717454,2023,2023-07-07,2023-07-07,R,121,New York Mets,7,135,San Diego Padres,5,0,12,-2
717455,2023,2023-07-07,2023-07-07,R,138,St. Louis Cardinals,7,145,Chicago White Sox,8,1,15,1
717456,2023,2023-07-07,2023-07-07,R,108,Los Angeles Angels,4,119,Los Angeles Dodgers,11,1,15,7
717457,2023,2023-07-07,2023-07-07,R,141,Toronto Blue Jays,12,116,Detroit Tigers,2,0,14,-10
717458,2023,2023-07-07,2023-07-07,R,110,Baltimore Orioles,3,142,Minnesota Twins,1,0,4,-2
717459,2023,2023-07-07,2023-07-07,R,113,Cincinnati Reds,3,158,Milwaukee Brewers,7,1,10,4
717460,2023,2023-07-07,2023-07-07,R,144,Atlanta Braves,2,139,Tampa Bay Rays,1,0,3,-1
717461,2023,2023-07-07,2023-07-07,R,133,Athletics,3,111,Boston Red Sox,7,1,10,4
717463,2023,2023-07-07,2023-07-07,R,118,Kansas City Royals,0,114,Cleveland Guardians,3,1,3,3
717464,2023,2023-07-07,2023-07-07,R,112,Chicago Cubs,3,147,New York Yankees,0,0,3,-3
717465,2023,2023-07-07,2023-07-07,R,140,Texas Rangers,7,120,Washington Nationals,2,0,9,-5
717466,2023,2023-07-07,2023-07-07,R,143,Philadelphia Phillies,4,146,Miami Marlins,3,0,7,-1
717436,2023,2023-07-08,2023-07-08,R,121,New York Mets,1,135,San Diego Padres,3,1,4,2
717437,2023,2023-07-08,2023-07-08,R,108,Los Angeles Angels,5,119,Los Angeles Dodgers,10,1,15,5
717438,2023,2023-07-08,2023-07-08,R,143,Philadelphia Phillies,3,146,Miami Marlins,5,1,8,2
717439,2023,2023-07-08,2023-07-08,R,134,Pittsburgh Pirates,2,109,Arizona Diamondbacks,3,1,5,1
717440,2023,2023-07-08,2023-07-08,R,136,Seattle Mariners,2,117,Houston Astros,3,1,5,1
717441,2023,2023-07-08,2023-07-08,R,144,Atlanta Braves,6,139,Tampa Bay Rays,1,0,7,-5
717442,2023,2023-07-08,2023-07-08,R,141,Toronto Blue Jays,0,116,Detroit Tigers,2,1,2,2
717443,2023,2023-07-08,2023-07-08,R,118,Kansas City Royals,6,114,Cleveland Guardians,10,1,16,4
717444,2023,2023-07-08,2023-07-08,R,113,Cincinnati Reds,8,158,Milwaukee Brewers,5,0,13,-3
717445,2023,2023-07-08,2023-07-08,R,138,St. Louis Cardinals,3,145,Chicago White Sox,0,0,3,-3
717446,2023,2023-07-08,2023-07-08,R,110,Baltimore Orioles,6,142,Minnesota Twins,2,0,8,-4
717447,2023,2023-07-08,2023-07-08,R,112,Chicago Cubs,3,147,New York Yankees,6,1,9,3
717449,2023,2023-07-08,2023-07-08,R,133,Athletics,3,111,Boston Red Sox,10,1,13,7
717450,2023,2023-07-08,2023-07-08,R,140,Texas Rangers,3,120,Washington Nationals,8,1,11,5
717451,2023,2023-07-08,2023-07-08,R,115,Colorado Rockies,3,137,San Francisco Giants,5,1,8,2
717422,2023,2023-07-09,2023-07-09,R,115,Colorado Rockies,0,137,San Francisco Giants,1,1,1,1
717423,2023,2023-07-09,2023-07-09,R,121,New York Mets,2,135,San Diego Padres,6,1,8,4
717424,2023,2023-07-09,2023-07-09,R,138,St. Louis Cardinals,4,145,Chicago White Sox,3,0,7,-1
717425,2023,2023-07-09,2023-07-09,R,134,Pittsburgh Pirates,4,109,Arizona Diamondbacks,2,0,6,-2
717426,2023,2023-07-09,2023-07-09,R,143,Philadelphia Phillies,3,146,Miami Marlins,7,1,10,4
717427,2023,2023-07-09,2023-07-09,R,113,Cincinnati Reds,0,158,Milwaukee Brewers,1,1,1,1
717428,2023,2023-07-09,2023-07-09,R,110,Baltimore Orioles,15,142,Minnesota Twins,2,0,17,-13
717429,2023,2023-07-09,2023-07-09,R,144,Atlanta Braves,4,139,Tampa Bay Rays,10,1,14,6
717430,2023,2023-07-09,2023-07-09,R,136,Seattle Mariners,3,117,Houston Astros,1,0,4,-2
717431,2023,2023-07-09,2023-07-09,R,141,Toronto Blue Jays,4,116,Detroit Tigers,3,0,7,-1
717432,2023,2023-07-09,2023-07-09,R,140,Texas Rangers,2,120,Washington Nationals,7,1,9,5
717433,2023,2023-07-09,2023-07-09,R,112,Chicago Cubs,7,147,New York Yankees,4,0,11,-3
717434,2023,2023-07-09,2023-07-09,R,118,Kansas City Royals,4,114,Cleveland Guardians,1,0,5,-3
717435,2023,2023-07-09,2023-07-09,R,133,Athletics,3,111,Boston Red Sox,4,1,7,1
717405,2023,2023-07-14,2023-07-14,R,117,Houston Astros,7,108,Los Angeles Angels,5,0,12,-2
717406,2023,2023-07-14,2023-07-14,R,116,Detroit Tigers,5,136,Seattle Mariners,4,0,9,-1
717407,2023,2023-07-14,2023-07-14,R,120,Washington Nationals,7,138,St. Louis Cardinals,5,0,12,-2
717409,2023,2023-07-14,2023-07-14,R,142,Minnesota Twins,5,133,Athletics,4,0,9,-1
717410,2023,2023-07-14,2023-07-14,R,147,New York Yankees,2,115,Colorado Rockies,7,1,9,5
717412,2023,2023-07-14,2023-07-14,R,158,Milwaukee Brewers,1,113,Cincinnati Reds,0,0,1,-1
717413,2023,2023-07-14,2023-07-14,R,119,Los Angeles Dodgers,6,121,New York Mets,0,0,6,-6
717414,2023,2023-07-14,2023-07-14,R,145,Chicago White Sox,0,144,Atlanta Braves,9,1,9,9
717415,2023,2023-07-14,2023-07-14,R,114,Cleveland Guardians,4,140,Texas Rangers,12,1,16,8
717416,2023,2023-07-14,2023-07-14,R,137,San Francisco Giants,6,134,Pittsburgh Pirates,4,0,10,-2
717417,2023,2023-07-14,2023-07-14,R,146,Miami Marlins,2,110,Baltimore Orioles,5,1,7,3
717418,2023,2023-07-14,2023-07-14,R,135,San Diego Padres,8,143,Philadelphia Phillies,3,0,11,-5
717419,2023,2023-07-14,2023-07-14,R,111,Boston Red Sox,8,112,Chicago Cubs,3,0,11,-5
717420,2023,2023-07-14,2023-07-14,R,109,Arizona Diamondbacks,2,141,Toronto Blue Jays,7,1,9,5
717389,2023,2023-07-15,2023-07-15,R,117,Houston Astros,12,108,Los Angeles Angels,13,1,25,1
717390,2023,2023-07-15,2023-07-15,R,116,Detroit Tigers,6,136,Seattle Mariners,0,0,6,-6
717392,2023,2023-07-15,2023-07-15,R,158,Milwaukee Brewers,3,113,Cincinnati Reds,0,0,3,-3
717393,2023,2023-07-15,2023-07-15,R,139,Tampa Bay Rays,4,118,Kansas City Royals,2,0,6,-2
717394,2023,2023-07-15,2023-07-15,R,147,New York Yankees,6,115,Colorado Rockies,3,0,9,-3
717395,2023,2023-07-15,2023-07-15,R,145,Chicago White Sox,6,144,Atlanta Braves,5,0,11,-1
717396,2023,2023-07-15,2023-07-15,R,120,Washington Nationals,6,138,St. Louis Cardinals,9,1,15,3
717397,2023,2023-07-15,2023-07-15,R,135,San Diego Padres,4,143,Philadelphia Phillies,9,1,13,5
717398,2023,2023-07-15,2023-07-15,R,137,San Francisco Giants,3,134,Pittsburgh Pirates,1,0,4,-2
717399,2023,2023-07-15,2023-07-15,R,142,Minnesota Twins,10,133,Athletics,7,0,17,-3
717400,2023,2023-07-15,2023-07-15,R,119,Los Angeles Dodgers,5,121,New York Mets,1,0,6,-4
717401,2023,2023-07-15,2023-07-15,R,146,Miami Marlins,5,110,Baltimore Orioles,6,1,11,1
717402,2023,2023-07-15,2023-07-15,R,114,Cleveland Guardians,0,140,Texas Rangers,2,1,2,2
717403,2023,2023-07-15,2023-07-15,R,111,Boston Red Sox,4,112,Chicago Cubs,10,1,14,6
717404,2023,2023-07-15,2023-07-15,R,109,Arizona Diamondbacks,2,141,Toronto Blue Jays,5,1,7,3
717408,2023,2023-07-15,2023-07-15,R,135,San Diego Padres,4,143,Philadelphia Phillies,6,1,10,2
717411,2023,2023-07-15,2023-07-15,R,139,Tampa Bay Rays,6,118,Kansas City Royals,1,0,7,-5
717373,2023,2023-07-16,2023-07-16,R,116,Detroit Tigers,0,136,Seattle Mariners,2,1,2,2
717376,2023,2023-07-16,2023-07-16,R,111,Boston Red Sox,11,112,Chicago Cubs,5,0,16,-6
717377,2023,2023-07-16,2023-07-16,R,114,Cleveland Guardians,5,140,Texas Rangers,6,1,11,1
717378,2023,2023-07-16,2023-07-16,R,147,New York Yankees,7,115,Colorado Rockies,8,1,15,1
717379,2023,2023-07-16,2023-07-16,R,142,Minnesota Twins,5,133,Athletics,4,0,9,-1
717380,2023,2023-07-16,2023-07-16,R,120,Washington Nationals,4,138,St. Louis Cardinals,8,1,12,4
717381,2023,2023-07-16,2023-07-16,R,117,Houston Astros,9,108,Los Angeles Angels,8,0,17,-1
717382,2023,2023-07-16,2023-07-16,R,139,Tampa Bay Rays,4,118,Kansas City Royals,8,1,12,4
717383,2023,2023-07-16,2023-07-16,R,158,Milwaukee Brewers,4,113,Cincinnati Reds,3,0,7,-1
717384,2023,2023-07-16,2023-07-16,R,146,Miami Marlins,4,110,Baltimore Orioles,5,1,9,1
717385,2023,2023-07-16,2023-07-16,R,119,Los Angeles Dodgers,1,121,New York Mets,2,1,3,1
717386,2023,2023-07-16,2023-07-16,R,109,Arizona Diamondbacks,5,141,Toronto Blue Jays,7,1,12,2
717387,2023,2023-07-16,2023-07-16,R,135,San Diego Padres,6,143,Philadelphia Phillies,7,1,13,1
717388,2023,2023-07-16,2023-07-16,R,137,San Francisco Giants,8,134,Pittsburgh Pirates,4,0,12,-4
717391,2023,2023-07-16,2023-07-16,R,145,Chicago White Sox,8,144,Atlanta Braves,1,0,9,-7
717365,2023,2023-07-17,2023-07-17,R,142,Minnesota Twins,6,136,Seattle Mariners,7,1,13,1
717366,2023,2023-07-17,2023-07-17,R,111,Boston Red Sox,7,133,Athletics,0,0,7,-7
717367,2023,2023-07-17,2023-07-17,R,139,Tampa Bay Rays,2,140,Texas Rangers,3,1,5,1
717368,2023,2023-07-17,2023-07-17,R,116,Detroit Tigers,3,118,Kansas City Royals,2,0,5,-1
717369,2023,2023-07-17,2023-07-17,R,147,New York Yankees,3,108,Los Angeles Angels,4,1,7,1
717370,2023,2023-07-17,2023-07-17,R,120,Washington Nationals,7,112,Chicago Cubs,5,0,12,-2
717371,2023,2023-07-17,2023-07-17,R,114,Cleveland Guardians,11,134,Pittsburgh Pirates,0,0,11,-11
717372,2023,2023-07-17,2023-07-17,R,119,Los Angeles Dodgers,6,110,Baltimore Orioles,4,0,10,-2
717374,2023,2023-07-17,2023-07-17,R,146,Miami Marlins,4,138,St. Louis Cardinals,6,1,10,2
717375,2023,2023-07-17,2023-07-17,R,137,San Francisco Giants,4,113,Cincinnati Reds,2,0,6,-2
717349,2023,2023-07-18,2023-07-18,R,111,Boston Red Sox,0,133,Athletics,3,1,3,3
717350,2023,2023-07-18,2023-07-18,R,142,Minnesota Twins,10,136,Seattle Mariners,3,0,13,-7
717352,2023,2023-07-18,2023-07-18,R,147,New York Yankees,1,108,Los Angeles Angels,5,1,6,4
717353,2023,2023-07-18,2023-07-18,R,120,Washington Nationals,3,112,Chicago Cubs,17,1,20,14
717354,2023,2023-07-18,2023-07-18,R,139,Tampa Bay Rays,3,140,Texas Rangers,5,1,8,2
717355,2023,2023-07-18,2023-07-18,R,117,Houston Astros,3,115,Colorado Rockies,4,1,7,1
717356,2023,2023-07-18,2023-07-18,R,116,Detroit Tigers,10,118,Kansas City Royals,11,1,21,1
717357,2023,2023-07-18,2023-07-18,R,146,Miami Marlins,2,138,St. Louis Cardinals,5,1,7,3
717358,2023,2023-07-18,2023-07-18,R,109,Arizona Diamondbacks,16,144,Atlanta Braves,13,0,29,-3
717359,2023,2023-07-18,2023-07-18,R,145,Chicago White Sox,10,121,New York Mets,11,1,21,1
717360,2023,2023-07-18,2023-07-18,R,137,San Francisco Giants,11,113,Cincinnati Reds,10,0,21,-1
717361,2023,2023-07-18,2023-07-18,R,119,Los Angeles Dodgers,10,110,Baltimore Orioles,3,0,13,-7
717362,2023,2023-07-18,2023-07-18,R,135,San Diego Padres,9,141,Toronto Blue Jays,1,0,10,-8
717363,2023,2023-07-18,2023-07-18,R,158,Milwaukee Brewers,3,143,Philadelphia Phillies,4,1,7,1
717364,2023,2023-07-18,2023-07-18,R,114,Cleveland Guardians,10,134,Pittsburgh Pirates,1,0,11,-9
717333,2023,2023-07-19,2023-07-19,R,116,Detroit Tigers,3,118,Kansas City Royals,2,0,5,-1
717335,2023,2023-07-19,2023-07-19,R,142,Minnesota Twins,6,136,Seattle Mariners,3,0,9,-3
717336,2023,2023-07-19,2023-07-19,R,120,Washington Nationals,3,112,Chicago Cubs,8,1,11,5
717338,2023,2023-07-19,2023-07-19,R,135,San Diego Padres,2,141,Toronto Blue Jays,0,0,2,-2
717339,2023,2023-07-19,2023-07-19,R,147,New York Yankees,3,108,Los Angeles Angels,7,1,10,4
717340,2023,2023-07-19,2023-07-19,R,109,Arizona Diamondbacks,5,144,Atlanta Braves,3,0,8,-2
717341,2023,2023-07-19,2023-07-19,R,145,Chicago White Sox,1,121,New York Mets,5,1,6,4
717342,2023,2023-07-19,2023-07-19,R,137,San Francisco Giants,2,113,Cincinnati Reds,3,1,5,1
717343,2023,2023-07-19,2023-07-19,R,119,Los Angeles Dodgers,5,110,Baltimore Orioles,8,1,13,3
717344,2023,2023-07-19,2023-07-19,R,111,Boston Red Sox,5,133,Athletics,6,1,11,1
717345,2023,2023-07-19,2023-07-19,R,117,Houston Astros,4,115,Colorado Rockies,1,0,5,-3
717346,2023,2023-07-19,2023-07-19,R,139,Tampa Bay Rays,1,140,Texas Rangers,5,1,6,4
717347,2023,2023-07-19,2023-07-19,R,158,Milwaukee Brewers,5,143,Philadelphia Phillies,3,0,8,-2
717348,2023,2023-07-19,2023-07-19,R,114,Cleveland Guardians,5,134,Pittsburgh Pirates,7,1,12,2
717351,2023,2023-07-19,2023-07-19,R,146,Miami Marlins,4,138,St. Louis Cardinals,6,1,10,2
717322,2023,2023-07-20,2023-07-20,R,138,St. Louis Cardinals,7,112,Chicago Cubs,2,0,9,-5
717323,2023,2023-07-20,2023-07-20,R,117,Houston Astros,3,133,Athletics,1,0,4,-2
717327,2023,2023-07-20,2023-07-20,R,142,Minnesota Twins,0,136,Seattle Mariners,5,1,5,5
717328,2023,2023-07-20,2023-07-20,R,110,Baltimore Orioles,4,139,Tampa Bay Rays,3,0,7,-1
717329,2023,2023-07-20,2023-07-20,R,158,Milwaukee Brewers,4,143,Philadelphia Phillies,0,0,4,-4
717330,2023,2023-07-20,2023-07-20,R,145,Chicago White Sox,6,121,New York Mets,2,0,8,-4
717331,2023,2023-07-20,2023-07-20,R,135,San Diego Padres,0,141,Toronto Blue Jays,4,1,4,4
717332,2023,2023-07-20,2023-07-20,R,116,Detroit Tigers,3,118,Kansas City Royals,0,0,3,-3
717334,2023,2023-07-20,2023-07-20,R,137,San Francisco Giants,1,113,Cincinnati Reds,5,1,6,4
717337,2023,2023-07-20,2023-07-20,R,109,Arizona Diamondbacks,5,144,Atlanta Braves,7,1,12,2
717310,2023,2023-07-21,2023-07-21,R,117,Houston Astros,6,133,Athletics,4,0,10,-2
717311,2023,2023-07-21,2023-07-21,R,141,Toronto Blue Jays,2,136,Seattle Mariners,3,1,5,1
717312,2023,2023-07-21,2023-07-21,R,134,Pittsburgh Pirates,5,108,Los Angeles Angels,8,1,13,3
717313,2023,2023-07-21,2023-07-21,R,144,Atlanta Braves,6,158,Milwaukee Brewers,4,0,10,-2
717314,2023,2023-07-21,2023-07-21,R,145,Chicago White Sox,4,142,Minnesota Twins,9,1,13,5
717315,2023,2023-07-21,2023-07-21,R,143,Philadelphia Phillies,5,114,Cleveland Guardians,6,1,11,1
717316,2023,2023-07-21,2023-07-21,R,119,Los Angeles Dodgers,11,140,Texas Rangers,5,0,16,-6
717317,2023,2023-07-21,2023-07-21,R,135,San Diego Padres,5,116,Detroit Tigers,4,0,9,-1
717318,2023,2023-07-21,2023-07-21,R,118,Kansas City Royals,4,147,New York Yankees,5,1,9,1
717319,2023,2023-07-21,2023-07-21,R,115,Colorado Rockies,6,146,Miami Marlins,1,0,7,-5
717320,2023,2023-07-21,2023-07-21,R,110,Baltimore Orioles,0,139,Tampa Bay Rays,3,1,3,3
717321,2023,2023-07-21,2023-07-21,R,109,Arizona Diamondbacks,6,113,Cincinnati Reds,9,1,15,3
717324,2023,2023-07-21,2023-07-21,R,121,New York Mets,5,111,Boston Red Sox,4,0,9,-1
717325,2023,2023-07-21,2023-07-21,R,138,St. Louis Cardinals,3,112,Chicago Cubs,4,1,7,1
717326,2023,2023-07-21,2023-07-21,R,137,San Francisco Giants,3,120,Washington Nationals,5,1,8,2
717293,2023,2023-07-22,2023-07-22,R,145,Chicago White Sox,2,142,Minnesota Twins,3,1,5,1
717295,2023,2023-07-22,2023-07-22,R,117,Houston Astros,1,133,Athletics,4,1,5,3
717296,2023,2023-07-22,2023-07-22,R,144,Atlanta Braves,3,158,Milwaukee Brewers,4,1,7,1
717297,2023,2023-07-22,2023-07-22,R,134,Pittsburgh Pirates,3,108,Los Angeles Angels,0,0,3,-3
717299,2023,2023-07-22,2023-07-22,R,135,San Diego Padres,14,116,Detroit Tigers,3,0,17,-11
717300,2023,2023-07-22,2023-07-22,R,110,Baltimore Orioles,6,139,Tampa Bay Rays,5,0,11,-1
717301,2023,2023-07-22,2023-07-22,R,141,Toronto Blue Jays,8,136,Seattle Mariners,9,1,17,1
717302,2023,2023-07-22,2023-07-22,R,143,Philadelphia Phillies,0,114,Cleveland Guardians,1,1,1,1
717303,2023,2023-07-22,2023-07-22,R,109,Arizona Diamondbacks,2,113,Cincinnati Reds,4,1,6,2
717304,2023,2023-07-22,2023-07-22,R,118,Kansas City Royals,2,147,New York Yankees,5,1,7,3
717305,2023,2023-07-22,2023-07-22,R,119,Los Angeles Dodgers,16,140,Texas Rangers,3,0,19,-13
717306,2023,2023-07-22,2023-07-22,R,115,Colorado Rockies,4,146,Miami Marlins,3,0,7,-1
717307,2023,2023-07-22,2023-07-22,R,137,San Francisco Giants,1,120,Washington Nationals,10,1,11,9
717308,2023,2023-07-22,2023-07-22,R,138,St. Louis Cardinals,6,112,Chicago Cubs,8,1,14,2
717309,2023,2023-07-22,2023-07-22,R,121,New York Mets,6,111,Boston Red Sox,8,1,14,2
717278,2023,2023-07-23,2023-07-23,R,134,Pittsburgh Pirates,5,108,Los Angeles Angels,7,1,12,2
717279,2023,2023-07-23,2023-07-23,R,117,Houston Astros,3,133,Athletics,2,0,5,-1
717281,2023,2023-07-23,2023-07-23,R,141,Toronto Blue Jays,4,136,Seattle Mariners,3,0,7,-1
717283,2023,2023-07-23,2023-07-23,R,143,Philadelphia Phillies,8,114,Cleveland Guardians,5,0,13,-3
717284,2023,2023-07-23,2023-07-23,R,119,Los Angeles Dodgers,4,140,Texas Rangers,8,1,12,4
717285,2023,2023-07-23,2023-07-23,R,145,Chicago White Sox,4,142,Minnesota Twins,5,1,9,1
717286,2023,2023-07-23,2023-07-23,R,138,St. Louis Cardinals,2,112,Chicago Cubs,7,1,9,5
717287,2023,2023-07-23,2023-07-23,R,144,Atlanta Braves,4,158,Milwaukee Brewers,2,0,6,-2
717288,2023,2023-07-23,2023-07-23,R,135,San Diego Padres,1,116,Detroit Tigers,3,1,4,2
717289,2023,2023-07-23,2023-07-23,R,109,Arizona Diamondbacks,3,113,Cincinnati Reds,7,1,10,4
717290,2023,2023-07-23,2023-07-23,R,137,San Francisco Giants,1,120,Washington Nationals,6,1,7,5
717291,2023,2023-07-23,2023-07-23,R,110,Baltimore Orioles,5,139,Tampa Bay Rays,3,0,8,-2
717292,2023,2023-07-23,2023-07-23,R,115,Colorado Rockies,2,146,Miami Marlins,3,1,5,1
717294,2023,2023-07-23,2023-07-23,R,118,Kansas City Royals,5,147,New York Yankees,8,1,13,3
717298,2023,2023-07-23,2023-07-23,R,121,New York Mets,1,111,Boston Red Sox,6,1,7,5
717268,2023,2023-07-24,2023-07-24,R,138,St. Louis Cardinals,10,109,Arizona Diamondbacks,6,0,16,-4
717271,2023,2023-07-24,2023-07-24,R,141,Toronto Blue Jays,6,119,Los Angeles Dodgers,3,0,9,-3
717273,2023,2023-07-24,2023-07-24,R,113,Cincinnati Reds,2,158,Milwaukee Brewers,3,1,5,1
717274,2023,2023-07-24,2023-07-24,R,140,Texas Rangers,9,117,Houston Astros,10,1,19,1
717275,2023,2023-07-24,2023-07-24,R,136,Seattle Mariners,3,142,Minnesota Twins,4,1,7,1
717276,2023,2023-07-24,2023-07-24,R,134,Pittsburgh Pirates,8,135,San Diego Padres,4,0,12,-4
717277,2023,2023-07-24,2023-07-24,R,118,Kansas City Royals,5,114,Cleveland Guardians,3,0,8,-2
717280,2023,2023-07-24,2023-07-24,R,110,Baltimore Orioles,3,143,Philadelphia Phillies,2,0,5,-1
717282,2023,2023-07-24,2023-07-24,R,115,Colorado Rockies,10,120,Washington Nationals,6,0,16,-4
718558,2023,2023-07-24,2023-07-24,R,137,San Francisco Giants,1,116,Detroit Tigers,5,1,6,4
717255,2023,2023-07-25,2023-07-25,R,140,Texas Rangers,3,117,Houston Astros,4,1,7,1
717256,2023,2023-07-25,2023-07-25,R,141,Toronto Blue Jays,7,119,Los Angeles Dodgers,8,1,15,1
717258,2023,2023-07-25,2023-07-25,R,134,Pittsburgh Pirates,1,135,San Diego Padres,5,1,6,4
717259,2023,2023-07-25,2023-07-25,R,138,St. Louis Cardinals,1,109,Arizona Diamondbacks,3,1,4,2
717260,2023,2023-07-25,2023-07-25,R,118,Kansas City Royals,1,114,Cleveland Guardians,5,1,6,4
717261,2023,2023-07-25,2023-07-25,R,144,Atlanta Braves,1,111,Boston Red Sox,7,1,8,6
717262,2023,2023-07-25,2023-07-25,R,113,Cincinnati Reds,4,158,Milwaukee Brewers,3,0,7,-1
717263,2023,2023-07-25,2023-07-25,R,112,Chicago Cubs,7,145,Chicago White Sox,3,0,10,-4
717264,2023,2023-07-25,2023-07-25,R,136,Seattle Mariners,9,142,Minnesota Twins,7,0,16,-2
717265,2023,2023-07-25,2023-07-25,R,108,Los Angeles Angels,7,116,Detroit Tigers,6,0,13,-1
717266,2023,2023-07-25,2023-07-25,R,121,New York Mets,9,147,New York Yankees,3,0,12,-6
717267,2023,2023-07-25,2023-07-25,R,110,Baltimore Orioles,3,143,Philadelphia Phillies,4,1,7,1
717269,2023,2023-07-25,2023-07-25,R,115,Colorado Rockies,5,120,Washington Nationals,6,1,11,1
717270,2023,2023-07-25,2023-07-25,R,146,Miami Marlins,1,139,Tampa Bay Rays,4,1,5,3
717272,2023,2023-07-25,2023-07-25,R,133,Athletics,1,137,San Francisco Giants,2,1,3,1
717239,2023,2023-07-26,2023-07-26,R,140,Texas Rangers,13,117,Houston Astros,5,0,18,-8
717240,2023,2023-07-26,2023-07-26,R,112,Chicago Cubs,10,145,Chicago White Sox,7,0,17,-3
717242,2023,2023-07-26,2023-07-26,R,144,Atlanta Braves,3,111,Boston Red Sox,5,1,8,2
717244,2023,2023-07-26,2023-07-26,R,138,St. Louis Cardinals,11,109,Arizona Diamondbacks,7,0,18,-4
717245,2023,2023-07-26,2023-07-26,R,110,Baltimore Orioles,4,143,Philadelphia Phillies,6,1,10,2
717246,2023,2023-07-26,2023-07-26,R,134,Pittsburgh Pirates,3,135,San Diego Padres,2,0,5,-1
717248,2023,2023-07-26,2023-07-26,R,121,New York Mets,1,147,New York Yankees,3,1,4,2
717249,2023,2023-07-26,2023-07-26,R,118,Kansas City Royals,3,114,Cleveland Guardians,8,1,11,5
717250,2023,2023-07-26,2023-07-26,R,136,Seattle Mariners,8,142,Minnesota Twins,7,0,15,-1
717251,2023,2023-07-26,2023-07-26,R,133,Athletics,3,137,San Francisco Giants,8,1,11,5
717252,2023,2023-07-26,2023-07-26,R,146,Miami Marlins,7,139,Tampa Bay Rays,1,0,8,-6
717253,2023,2023-07-26,2023-07-26,R,141,Toronto Blue Jays,8,119,Los Angeles Dodgers,1,0,9,-7
717254,2023,2023-07-26,2023-07-26,R,113,Cincinnati Reds,0,158,Milwaukee Brewers,3,1,3,3
717257,2023,2023-07-26,2023-07-26,R,115,Colorado Rockies,4,120,Washington Nationals,5,1,9,1
717233,2023,2023-07-27,2023-07-27,R,114,Cleveland Guardians,6,145,Chicago White Sox,3,0,9,-3
717238,2023,2023-07-27,2023-07-27,R,112,Chicago Cubs,10,138,St. Louis Cardinals,3,0,13,-7
717241,2023,2023-07-27,2023-07-27,R,120,Washington Nationals,1,121,New York Mets,2,1,3,1
717243,2023,2023-07-27,2023-07-27,R,108,Los Angeles Angels,6,116,Detroit Tigers,0,0,6,-6
717247,2023,2023-07-27,2023-07-27,R,108,Los Angeles Angels,11,116,Detroit Tigers,4,0,15,-7
717220,2023,2023-07-28,2023-07-28,R,111,Boston Red Sox,3,137,San Francisco Giants,2,0,5,-1
717223,2023,2023-07-28,2023-07-28,R,136,Seattle Mariners,5,109,Arizona Diamondbacks,2,0,7,-3
717224,2023,2023-07-28,2023-07-28,R,140,Texas Rangers,1,135,San Diego Padres,7,1,8,6
717225,2023,2023-07-28,2023-07-28,R,113,Cincinnati Reds,6,119,Los Angeles Dodgers,5,0,11,-1
717226,2023,2023-07-28,2023-07-28,R,112,Chicago Cubs,3,138,St. Louis Cardinals,2,0,5,-1
717227,2023,2023-07-28,2023-07-28,R,133,Athletics,8,115,Colorado Rockies,5,0,13,-3
717228,2023,2023-07-28,2023-07-28,R,114,Cleveland Guardians,0,145,Chicago White Sox,3,1,3,3
717229,2023,2023-07-28,2023-07-28,R,139,Tampa Bay Rays,4,117,Houston Astros,3,0,7,-1
717230,2023,2023-07-28,2023-07-28,R,120,Washington Nationals,1,121,New York Mets,5,1,6,4
717231,2023,2023-07-28,2023-07-28,R,158,Milwaukee Brewers,7,144,Atlanta Braves,10,1,17,3
717232,2023,2023-07-28,2023-07-28,R,142,Minnesota Twins,5,118,Kansas City Royals,8,1,13,3
717234,2023,2023-07-28,2023-07-28,R,143,Philadelphia Phillies,2,134,Pittsburgh Pirates,1,0,3,-1
717235,2023,2023-07-28,2023-07-28,R,108,Los Angeles Angels,1,141,Toronto Blue Jays,4,1,5,3
717236,2023,2023-07-28,2023-07-28,R,116,Detroit Tigers,5,146,Miami Marlins,6,1,11,1
717237,2023,2023-07-28,2023-07-28,R,147,New York Yankees,0,110,Baltimore Orioles,1,1,1,1
717205,2023,2023-07-29,2023-07-29,R,113,Cincinnati Reds,2,119,Los Angeles Dodgers,3,1,5,1
717207,2023,2023-07-29,2023-07-29,R,142,Minnesota Twins,7,118,Kansas City Royals,10,1,17,3
717209,2023,2023-07-29,2023-07-29,R,140,Texas Rangers,0,135,San Diego Padres,4,1,4,4
717210,2023,2023-07-29,2023-07-29,R,136,Seattle Mariners,3,109,Arizona Diamondbacks,4,1,7,1
717211,2023,2023-07-29,2023-07-29,R,158,Milwaukee Brewers,5,144,Atlanta Braves,11,1,16,6
717212,2023,2023-07-29,2023-07-29,R,133,Athletics,11,115,Colorado Rockies,3,0,14,-8
717213,2023,2023-07-29,2023-07-29,R,112,Chicago Cubs,5,138,St. Louis Cardinals,1,0,6,-4
717214,2023,2023-07-29,2023-07-29,R,139,Tampa Bay Rays,4,117,Houston Astros,17,1,21,13
717215,2023,2023-07-29,2023-07-29,R,120,Washington Nationals,11,121,New York Mets,6,0,17,-5
717216,2023,2023-07-29,2023-07-29,R,143,Philadelphia Phillies,6,134,Pittsburgh Pirates,7,1,13,1
717217,2023,2023-07-29,2023-07-29,R,114,Cleveland Guardians,2,145,Chicago White Sox,7,1,9,5
717218,2023,2023-07-29,2023-07-29,R,116,Detroit Tigers,5,146,Miami Marlins,0,0,5,-5
717219,2023,2023-07-29,2023-07-29,R,147,New York Yankees,8,110,Baltimore Orioles,3,0,11,-5
717221,2023,2023-07-29,2023-07-29,R,111,Boston Red Sox,2,137,San Francisco Giants,3,1,5,1
717222,2023,2023-07-29,2023-07-29,R,108,Los Angeles Angels,1,141,Toronto Blue Jays,6,1,7,5
717191,2023,2023-07-30,2023-07-30,R,140,Texas Rangers,3,135,San Diego Padres,5,1,8,2
717193,2023,2023-07-30,2023-07-30,R,136,Seattle Mariners,4,109,Arizona Diamondbacks,0,0,4,-4
717194,2023,2023-07-30,2023-07-30,R,113,Cincinnati Reds,9,119,Los Angeles Dodgers,0,0,9,-9
717195,2023,2023-07-30,2023-07-30,R,112,Chicago Cubs,0,138,St. Louis Cardinals,3,1,3,3
717196,2023,2023-07-30,2023-07-30,R,139,Tampa Bay Rays,8,117,Houston Astros,2,0,10,-6
717197,2023,2023-07-30,2023-07-30,R,111,Boston Red Sox,3,137,San Francisco Giants,4,1,7,1
717198,2023,2023-07-30,2023-07-30,R,142,Minnesota Twins,1,118,Kansas City Royals,2,1,3,1
717199,2023,2023-07-30,2023-07-30,R,133,Athletics,0,115,Colorado Rockies,2,1,2,2
717200,2023,2023-07-30,2023-07-30,R,147,New York Yankees,3,110,Baltimore Orioles,9,1,12,6
717201,2023,2023-07-30,2023-07-30,R,108,Los Angeles Angels,3,141,Toronto Blue Jays,2,0,5,-1
717202,2023,2023-07-30,2023-07-30,R,116,Detroit Tigers,6,146,Miami Marlins,8,1,14,2
717203,2023,2023-07-30,2023-07-30,R,120,Washington Nationals,2,121,New York Mets,5,1,7,3
717204,2023,2023-07-30,2023-07-30,R,114,Cleveland Guardians,5,145,Chicago White Sox,0,0,5,-5
717206,2023,2023-07-30,2023-07-30,R,158,Milwaukee Brewers,6,144,Atlanta Braves,8,1,14,2
717208,2023,2023-07-30,2023-07-30,R,143,Philadelphia Phillies,4,134,Pittsburgh Pirates,6,1,10,2
717179,2023,2023-07-31,2023-07-31,R,135,San Diego Padres,3,115,Colorado Rockies,4,1,7,1
717181,2023,2023-07-31,2023-07-31,R,111,Boston Red Sox,2,136,Seattle Mariners,6,1,8,4
717184,2023,2023-07-31,2023-07-31,R,114,Cleveland Guardians,3,117,Houston Astros,7,1,10,4
717185,2023,2023-07-31,2023-07-31,R,139,Tampa Bay Rays,5,147,New York Yankees,1,0,6,-4
717186,2023,2023-07-31,2023-07-31,R,110,Baltimore Orioles,4,141,Toronto Blue Jays,2,0,6,-2
717187,2023,2023-07-31,2023-07-31,R,108,Los Angeles Angels,4,144,Atlanta Braves,1,0,5,-3
717188,2023,2023-07-31,2023-07-31,R,113,Cincinnati Reds,6,112,Chicago Cubs,5,0,11,-1
717189,2023,2023-07-31,2023-07-31,R,143,Philadelphia Phillies,4,146,Miami Marlins,2,0,6,-2
717190,2023,2023-07-31,2023-07-31,R,109,Arizona Diamondbacks,4,137,San Francisco Giants,3,0,7,-1
717192,2023,2023-07-31,2023-07-31,R,158,Milwaukee Brewers,3,120,Washington Nationals,5,1,8,2
717167,2023,2023-08-01,2023-08-01,R,111,Boston Red Sox,6,136,Seattle Mariners,4,0,10,-2
717168,2023,2023-08-01,2023-08-01,R,145,Chicago White Sox,0,140,Texas Rangers,2,1,2,2
717169,2023,2023-08-01,2023-08-01,R,135,San Diego Padres,8,115,Colorado Rockies,5,0,13,-3
717170,2023,2023-08-01,2023-08-01,R,121,New York Mets,6,118,Kansas City Royals,7,1,13,1
717171,2023,2023-08-01,2023-08-01,R,133,Athletics,3,119,Los Angeles Dodgers,7,1,10,4
717172,2023,2023-08-01,2023-08-01,R,114,Cleveland Guardians,0,117,Houston Astros,2,1,2,2
717173,2023,2023-08-01,2023-08-01,R,113,Cincinnati Reds,9,112,Chicago Cubs,20,1,29,11
717174,2023,2023-08-01,2023-08-01,R,142,Minnesota Twins,3,138,St. Louis Cardinals,2,0,5,-1
717175,2023,2023-08-01,2023-08-01,R,139,Tampa Bay Rays,5,147,New York Yankees,2,0,7,-3
717176,2023,2023-08-01,2023-08-01,R,108,Los Angeles Angels,1,144,Atlanta Braves,5,1,6,4
717177,2023,2023-08-01,2023-08-01,R,110,Baltimore Orioles,13,141,Toronto Blue Jays,3,0,16,-10
717178,2023,2023-08-01,2023-08-01,R,116,Detroit Tigers,1,134,Pittsburgh Pirates,4,1,5,3
717180,2023,2023-08-01,2023-08-01,R,109,Arizona Diamondbacks,3,137,San Francisco Giants,4,1,7,1
717182,2023,2023-08-01,2023-08-01,R,143,Philadelphia Phillies,3,146,Miami Marlins,1,0,4,-2
717183,2023,2023-08-01,2023-08-01,R,158,Milwaukee Brewers,6,120,Washington Nationals,4,0,10,-2
717152,2023,2023-08-02,2023-08-02,R,145,Chicago White Sox,1,140,Texas Rangers,11,1,12,10
717153,2023,2023-08-02,2023-08-02,R,113,Cincinnati Reds,6,112,Chicago Cubs,16,1,22,10
717154,2023,2023-08-02,2023-08-02,R,133,Athletics,1,119,Los Angeles Dodgers,10,1,11,9
717155,2023,2023-08-02,2023-08-02,R,142,Minnesota Twins,3,138,St. Louis Cardinals,7,1,10,4
717156,2023,2023-08-02,2023-08-02,R,121,New York Mets,0,118,Kansas City Royals,4,1,4,4
717157,2023,2023-08-02,2023-08-02,R,110,Baltimore Orioles,1,141,Toronto Blue Jays,4,1,5,3
717158,2023,2023-08-02,2023-08-02,R,135,San Diego Padres,11,115,Colorado Rockies,1,0,12,-10
717159,2023,2023-08-02,2023-08-02,R,143,Philadelphia Phillies,8,146,Miami Marlins,9,1,17,1
717160,2023,2023-08-02,2023-08-02,R,139,Tampa Bay Rays,2,147,New York Yankees,7,1,9,5
717161,2023,2023-08-02,2023-08-02,R,111,Boston Red Sox,3,136,Seattle Mariners,6,1,9,3
717162,2023,2023-08-02,2023-08-02,R,158,Milwaukee Brewers,2,120,Washington Nationals,3,1,5,1
717163,2023,2023-08-02,2023-08-02,R,114,Cleveland Guardians,2,117,Houston Astros,3,1,5,1
717164,2023,2023-08-02,2023-08-02,R,109,Arizona Diamondbacks,2,137,San Francisco Giants,4,1,6,2
717165,2023,2023-08-02,2023-08-02,R,108,Los Angeles Angels,5,144,Atlanta Braves,12,1,17,7
717166,2023,2023-08-02,2023-08-02,R,116,Detroit Tigers,6,134,Pittsburgh Pirates,3,0,9,-3
717137,2023,2023-08-03,2023-08-03,R,133,Athletics,2,119,Los Angeles Dodgers,8,1,10,6
717142,2023,2023-08-03,2023-08-03,R,117,Houston Astros,3,147,New York Yankees,4,1,7,1
717143,2023,2023-08-03,2023-08-03,R,134,Pittsburgh Pirates,1,158,Milwaukee Brewers,14,1,15,13
717144,2023,2023-08-03,2023-08-03,R,136,Seattle Mariners,5,108,Los Angeles Angels,3,0,8,-2
717145,2023,2023-08-03,2023-08-03,R,142,Minnesota Twins,5,138,St. Louis Cardinals,3,0,8,-2
717146,2023,2023-08-03,2023-08-03,R,113,Cincinnati Reds,3,112,Chicago Cubs,5,1,8,2
717147,2023,2023-08-03,2023-08-03,R,143,Philadelphia Phillies,4,146,Miami Marlins,2,0,6,-2
717148,2023,2023-08-03,2023-08-03,R,121,New York Mets,2,118,Kansas City Royals,9,1,11,7
717149,2023,2023-08-03,2023-08-03,R,145,Chicago White Sox,3,140,Texas Rangers,5,1,8,2
717150,2023,2023-08-03,2023-08-03,R,110,Baltimore Orioles,6,141,Toronto Blue Jays,1,0,7,-5
717151,2023,2023-08-03,2023-08-03,R,109,Arizona Diamondbacks,0,137,San Francisco Giants,1,1,1,1
717127,2023,2023-08-04,2023-08-04,R,115,Colorado Rockies,9,138,St. Louis Cardinals,4,0,13,-5
717128,2023,2023-08-04,2023-08-04,R,109,Arizona Diamondbacks,2,142,Minnesota Twins,3,1,5,1
717129,2023,2023-08-04,2023-08-04,R,119,Los Angeles Dodgers,10,135,San Diego Padres,5,0,15,-5
717130,2023,2023-08-04,2023-08-04,R,136,Seattle Mariners,9,108,Los Angeles Angels,7,0,16,-2
717131,2023,2023-08-04,2023-08-04,R,134,Pittsburgh Pirates,8,158,Milwaukee Brewers,4,0,12,-4
717132,2023,2023-08-04,2023-08-04,R,145,Chicago White Sox,2,114,Cleveland Guardians,4,1,6,2
717133,2023,2023-08-04,2023-08-04,R,146,Miami Marlins,2,140,Texas Rangers,6,1,8,4
717134,2023,2023-08-04,2023-08-04,R,121,New York Mets,3,110,Baltimore Orioles,10,1,13,7
717135,2023,2023-08-04,2023-08-04,R,139,Tampa Bay Rays,8,116,Detroit Tigers,0,0,8,-8
717136,2023,2023-08-04,2023-08-04,R,141,Toronto Blue Jays,7,111,Boston Red Sox,3,0,10,-4
717138,2023,2023-08-04,2023-08-04,R,117,Houston Astros,7,147,New York Yankees,3,0,10,-4
717139,2023,2023-08-04,2023-08-04,R,120,Washington Nationals,6,113,Cincinnati Reds,3,0,9,-3
717140,2023,2023-08-04,2023-08-04,R,118,Kansas City Royals,7,143,Philadelphia Phillies,5,0,12,-2
717141,2023,2023-08-04,2023-08-04,R,144,Atlanta Braves,8,112,Chicago Cubs,0,0,8,-8
717109,2023,2023-08-05,2023-08-05,R,136,Seattle Mariners,3,108,Los Angeles Angels,2,0,5,-1
717112,2023,2023-08-05,2023-08-05,R,119,Los Angeles Dodgers,3,135,San Diego Padres,8,1,11,5
717114,2023,2023-08-05,2023-08-05,R,121,New York Mets,3,110,Baltimore Orioles,7,1,10,4
717115,2023,2023-08-05,2023-08-05,R,145,Chicago White Sox,7,114,Cleveland Guardians,4,0,11,-3
717116,2023,2023-08-05,2023-08-05,R,134,Pittsburgh Pirates,2,158,Milwaukee Brewers,3,1,5,1
717117,2023,2023-08-05,2023-08-05,R,137,San Francisco Giants,1,133,Athletics,2,1,3,1
717118,2023,2023-08-05,2023-08-05,R,109,Arizona Diamondbacks,1,142,Minnesota Twins,12,1,13,11
717119,2023,2023-08-05,2023-08-05,R,115,Colorado Rockies,2,138,St. Louis Cardinals,6,1,8,4
717120,2023,2023-08-05,2023-08-05,R,120,Washington Nationals,7,113,Cincinnati Reds,3,0,10,-4
717121,2023,2023-08-05,2023-08-05,R,144,Atlanta Braves,6,112,Chicago Cubs,8,1,14,2
717122,2023,2023-08-05,2023-08-05,R,139,Tampa Bay Rays,2,116,Detroit Tigers,4,1,6,2
717123,2023,2023-08-05,2023-08-05,R,118,Kansas City Royals,6,143,Philadelphia Phillies,9,1,15,3
717124,2023,2023-08-05,2023-08-05,R,146,Miami Marlins,8,140,Texas Rangers,9,1,17,1
717125,2023,2023-08-05,2023-08-05,R,141,Toronto Blue Jays,5,111,Boston Red Sox,4,0,9,-1
717126,2023,2023-08-05,2023-08-05,R,117,Houston Astros,1,147,New York Yankees,3,1,4,2
717093,2023,2023-08-06,2023-08-06,R,119,Los Angeles Dodgers,8,135,San Diego Padres,2,0,10,-6
717098,2023,2023-08-06,2023-08-06,R,144,Atlanta Braves,4,112,Chicago Cubs,6,1,10,2
717099,2023,2023-08-06,2023-08-06,R,115,Colorado Rockies,1,138,St. Louis Cardinals,0,0,1,-1
717100,2023,2023-08-06,2023-08-06,R,137,San Francisco Giants,6,133,Athletics,8,1,14,2
717101,2023,2023-08-06,2023-08-06,R,136,Seattle Mariners,3,108,Los Angeles Angels,2,0,5,-1
717102,2023,2023-08-06,2023-08-06,R,146,Miami Marlins,0,140,Texas Rangers,6,1,6,6
717103,2023,2023-08-06,2023-08-06,R,139,Tampa Bay Rays,10,116,Detroit Tigers,6,0,16,-4
717104,2023,2023-08-06,2023-08-06,R,120,Washington Nationals,6,113,Cincinnati Reds,3,0,9,-3
717105,2023,2023-08-06,2023-08-06,R,134,Pittsburgh Pirates,4,158,Milwaukee Brewers,1,0,5,-3
717106,2023,2023-08-06,2023-08-06,R,109,Arizona Diamondbacks,3,142,Minnesota Twins,5,1,8,2
717107,2023,2023-08-06,2023-08-06,R,121,New York Mets,0,110,Baltimore Orioles,2,1,2,2
717108,2023,2023-08-06,2023-08-06,R,145,Chicago White Sox,5,114,Cleveland Guardians,3,0,8,-2
717110,2023,2023-08-06,2023-08-06,R,117,Houston Astros,9,147,New York Yankees,7,0,16,-2
717111,2023,2023-08-06,2023-08-06,R,141,Toronto Blue Jays,13,111,Boston Red Sox,1,0,14,-12
717113,2023,2023-08-06,2023-08-06,R,118,Kansas City Royals,4,143,Philadelphia Phillies,8,1,12,4
717081,2023,2023-08-07,2023-08-07,R,140,Texas Rangers,5,133,Athletics,3,0,8,-2
717086,2023,2023-08-07,2023-08-07,R,115,Colorado Rockies,1,158,Milwaukee Brewers,12,1,13,11
717087,2023,2023-08-07,2023-08-07,R,141,Toronto Blue Jays,3,114,Cleveland Guardians,1,0,4,-2
717088,2023,2023-08-07,2023-08-07,R,147,New York Yankees,1,145,Chicago White Sox,5,1,6,4
717089,2023,2023-08-07,2023-08-07,R,118,Kansas City Royals,2,111,Boston Red Sox,6,1,8,4
717090,2023,2023-08-07,2023-08-07,R,137,San Francisco Giants,8,108,Los Angeles Angels,3,0,11,-5
717091,2023,2023-08-07,2023-08-07,R,142,Minnesota Twins,9,116,Detroit Tigers,3,0,12,-6
717092,2023,2023-08-07,2023-08-07,R,112,Chicago Cubs,2,121,New York Mets,11,1,13,9
717094,2023,2023-08-07,2023-08-07,R,119,Los Angeles Dodgers,13,135,San Diego Padres,7,0,20,-6
717095,2023,2023-08-07,2023-08-07,R,144,Atlanta Braves,6,134,Pittsburgh Pirates,7,1,13,1
717097,2023,2023-08-07,2023-08-07,R,146,Miami Marlins,2,113,Cincinnati Reds,5,1,7,3
717068,2023,2023-08-08,2023-08-08,R,137,San Francisco Giants,5,108,Los Angeles Angels,7,1,12,2
717069,2023,2023-08-08,2023-08-08,R,140,Texas Rangers,6,133,Athletics,1,0,7,-5
717072,2023,2023-08-08,2023-08-08,R,135,San Diego Padres,0,136,Seattle Mariners,2,1,2,2
717073,2023,2023-08-08,2023-08-08,R,119,Los Angeles Dodgers,5,109,Arizona Diamondbacks,4,0,9,-1
717074,2023,2023-08-08,2023-08-08,R,141,Toronto Blue Jays,0,114,Cleveland Guardians,1,1,1,1
717075,2023,2023-08-08,2023-08-08,R,147,New York Yankees,7,145,Chicago White Sox,1,0,8,-6
717076,2023,2023-08-08,2023-08-08,R,142,Minnesota Twins,0,116,Detroit Tigers,6,1,6,6
717077,2023,2023-08-08,2023-08-08,R,118,Kansas City Royals,9,111,Boston Red Sox,3,0,12,-6
717078,2023,2023-08-08,2023-08-08,R,115,Colorado Rockies,7,158,Milwaukee Brewers,3,0,10,-4
717079,2023,2023-08-08,2023-08-08,R,144,Atlanta Braves,8,134,Pittsburgh Pirates,6,0,14,-2
717080,2023,2023-08-08,2023-08-08,R,112,Chicago Cubs,3,121,New York Mets,2,0,5,-1
717082,2023,2023-08-08,2023-08-08,R,120,Washington Nationals,4,143,Philadelphia Phillies,8,1,12,4
717083,2023,2023-08-08,2023-08-08,R,146,Miami Marlins,3,113,Cincinnati Reds,2,0,5,-1
717084,2023,2023-08-08,2023-08-08,R,117,Houston Astros,7,110,Baltimore Orioles,6,0,13,-1
717085,2023,2023-08-08,2023-08-08,R,138,St. Louis Cardinals,2,139,Tampa Bay Rays,4,1,6,2
717096,2023,2023-08-08,2023-08-08,R,120,Washington Nationals,5,143,Philadelphia Phillies,4,0,9,-1
717054,2023,2023-08-09,2023-08-09,R,147,New York Yankees,2,145,Chicago White Sox,9,1,11,7
717055,2023,2023-08-09,2023-08-09,R,135,San Diego Padres,1,136,Seattle Mariners,6,1,7,5
717057,2023,2023-08-09,2023-08-09,R,119,Los Angeles Dodgers,2,109,Arizona Diamondbacks,0,0,2,-2
717058,2023,2023-08-09,2023-08-09,R,144,Atlanta Braves,6,134,Pittsburgh Pirates,5,0,11,-1
717059,2023,2023-08-09,2023-08-09,R,118,Kansas City Royals,3,111,Boston Red Sox,4,1,7,1
717060,2023,2023-08-09,2023-08-09,R,141,Toronto Blue Jays,1,114,Cleveland Guardians,0,0,1,-1
717061,2023,2023-08-09,2023-08-09,R,142,Minnesota Twins,5,116,Detroit Tigers,9,1,14,4
717062,2023,2023-08-09,2023-08-09,R,112,Chicago Cubs,3,121,New York Mets,4,1,7,1
717063,2023,2023-08-09,2023-08-09,R,140,Texas Rangers,0,133,Athletics,2,1,2,2
717064,2023,2023-08-09,2023-08-09,R,138,St. Louis Cardinals,6,139,Tampa Bay Rays,4,0,10,-2
717065,2023,2023-08-09,2023-08-09,R,115,Colorado Rockies,6,158,Milwaukee Brewers,7,1,13,1
717066,2023,2023-08-09,2023-08-09,R,120,Washington Nationals,0,143,Philadelphia Phillies,7,1,7,7
717067,2023,2023-08-09,2023-08-09,R,117,Houston Astros,8,110,Baltimore Orioles,2,0,10,-6
717070,2023,2023-08-09,2023-08-09,R,146,Miami Marlins,5,113,Cincinnati Reds,4,0,9,-1
717071,2023,2023-08-09,2023-08-09,R,137,San Francisco Giants,1,108,Los Angeles Angels,4,1,5,3
717045,2023,2023-08-10,2023-08-10,R,115,Colorado Rockies,1,119,Los Angeles Dodgers,2,1,3,1
717048,2023,2023-08-10,2023-08-10,R,138,St. Louis Cardinals,5,139,Tampa Bay Rays,2,0,7,-3
717049,2023,2023-08-10,2023-08-10,R,120,Washington Nationals,2,143,Philadelphia Phillies,6,1,8,4
717050,2023,2023-08-10,2023-08-10,R,142,Minnesota Twins,0,116,Detroit Tigers,3,1,3,3
717051,2023,2023-08-10,2023-08-10,R,118,Kansas City Royals,0,111,Boston Red Sox,2,1,2,2
717052,2023,2023-08-10,2023-08-10,R,141,Toronto Blue Jays,3,114,Cleveland Guardians,4,1,7,1
717053,2023,2023-08-10,2023-08-10,R,117,Houston Astros,4,110,Baltimore Orioles,5,1,9,1
717056,2023,2023-08-10,2023-08-10,R,144,Atlanta Braves,5,134,Pittsburgh Pirates,7,1,12,2
717031,2023,2023-08-11,2023-08-11,R,140,Texas Rangers,2,137,San Francisco Giants,1,0,3,-1
717032,2023,2023-08-11,2023-08-11,R,115,Colorado Rockies,1,119,Los Angeles Dodgers,6,1,7,5
717034,2023,2023-08-11,2023-08-11,R,110,Baltimore Orioles,2,136,Seattle Mariners,9,1,11,7
717035,2023,2023-08-11,2023-08-11,R,135,San Diego Padres,10,109,Arizona Diamondbacks,5,0,15,-5
717036,2023,2023-08-11,2023-08-11,R,158,Milwaukee Brewers,7,145,Chicago White Sox,6,0,13,-1
717037,2023,2023-08-11,2023-08-11,R,108,Los Angeles Angels,3,117,Houston Astros,11,1,14,8
717038,2023,2023-08-11,2023-08-11,R,114,Cleveland Guardians,8,139,Tampa Bay Rays,9,1,17,1
717039,2023,2023-08-11,2023-08-11,R,138,St. Louis Cardinals,8,118,Kansas City Royals,12,1,20,4
717040,2023,2023-08-11,2023-08-11,R,144,Atlanta Braves,7,121,New York Mets,0,0,7,-7
717041,2023,2023-08-11,2023-08-11,R,112,Chicago Cubs,6,141,Toronto Blue Jays,2,0,8,-4
717042,2023,2023-08-11,2023-08-11,R,116,Detroit Tigers,2,111,Boston Red Sox,5,1,7,3
717043,2023,2023-08-11,2023-08-11,R,133,Athletics,2,120,Washington Nationals,8,1,10,6
717044,2023,2023-08-11,2023-08-11,R,142,Minnesota Twins,2,143,Philadelphia Phillies,13,1,15,11
717046,2023,2023-08-11,2023-08-11,R,113,Cincinnati Reds,9,134,Pittsburgh Pirates,2,0,11,-7
717047,2023,2023-08-11,2023-08-11,R,147,New York Yankees,9,146,Miami Marlins,4,0,13,-5
717017,2023,2023-08-12,2023-08-12,R,115,Colorado Rockies,1,119,Los Angeles Dodgers,4,1,5,3
717018,2023,2023-08-12,2023-08-12,R,110,Baltimore Orioles,1,136,Seattle Mariners,0,0,1,-1
717019,2023,2023-08-12,2023-08-12,R,138,St. Louis Cardinals,5,118,Kansas City Royals,4,0,9,-1
717020,2023,2023-08-12,2023-08-12,R,135,San Diego Padres,0,109,Arizona Diamondbacks,3,1,3,3
717021,2023,2023-08-12,2023-08-12,R,144,Atlanta Braves,6,121,New York Mets,0,0,6,-6
717022,2023,2023-08-12,2023-08-12,R,108,Los Angeles Angels,3,117,Houston Astros,11,1,14,8
717023,2023,2023-08-12,2023-08-12,R,158,Milwaukee Brewers,3,145,Chicago White Sox,2,0,5,-1
717024,2023,2023-08-12,2023-08-12,R,114,Cleveland Guardians,5,139,Tampa Bay Rays,6,1,11,1
717025,2023,2023-08-12,2023-08-12,R,147,New York Yankees,1,146,Miami Marlins,3,1,4,2
717026,2023,2023-08-12,2023-08-12,R,112,Chicago Cubs,5,141,Toronto Blue Jays,4,0,9,-1
717028,2023,2023-08-12,2023-08-12,R,142,Minnesota Twins,8,143,Philadelphia Phillies,1,0,9,-7
717029,2023,2023-08-12,2023-08-12,R,140,Texas Rangers,9,137,San Francisco Giants,3,0,12,-6
717030,2023,2023-08-12,2023-08-12,R,133,Athletics,2,120,Washington Nationals,3,1,5,1
717033,2023,2023-08-12,2023-08-12,R,116,Detroit Tigers,6,111,Boston Red Sox,2,0,8,-4
718371,2023,2023-08-12,2023-08-12,R,144,Atlanta Braves,21,121,New York Mets,3,0,24,-18
717003,2023,2023-08-13,2023-08-13,R,135,San Diego Padres,4,109,Arizona Diamondbacks,5,1,9,1
717004,2023,2023-08-13,2023-08-13,R,108,Los Angeles Angels,2,117,Houston Astros,1,0,3,-1
717005,2023,2023-08-13,2023-08-13,R,110,Baltimore Orioles,5,136,Seattle Mariners,3,0,8,-2
717006,2023,2023-08-13,2023-08-13,R,158,Milwaukee Brewers,7,145,Chicago White Sox,3,0,10,-4
717007,2023,2023-08-13,2023-08-13,R,115,Colorado Rockies,3,119,Los Angeles Dodgers,8,1,11,5
717008,2023,2023-08-13,2023-08-13,R,140,Texas Rangers,2,137,San Francisco Giants,3,1,5,1
717009,2023,2023-08-13,2023-08-13,R,142,Minnesota Twins,3,143,Philadelphia Phillies,0,0,3,-3
717010,2023,2023-08-13,2023-08-13,R,114,Cleveland Guardians,9,139,Tampa Bay Rays,2,0,11,-7
717011,2023,2023-08-13,2023-08-13,R,147,New York Yankees,7,146,Miami Marlins,8,1,15,1
717012,2023,2023-08-13,2023-08-13,R,112,Chicago Cubs,4,141,Toronto Blue Jays,11,1,15,7
717013,2023,2023-08-13,2023-08-13,R,144,Atlanta Braves,6,121,New York Mets,7,1,13,1
717014,2023,2023-08-13,2023-08-13,R,116,Detroit Tigers,3,111,Boston Red Sox,6,1,9,3
717015,2023,2023-08-13,2023-08-13,R,113,Cincinnati Reds,2,134,Pittsburgh Pirates,4,1,6,2
717016,2023,2023-08-13,2023-08-13,R,133,Athletics,7,120,Washington Nationals,8,1,15,1
717027,2023,2023-08-13,2023-08-13,R,113,Cincinnati Reds,6,134,Pittsburgh Pirates,5,0,11,-1
716994,2023,2023-08-14,2023-08-14,R,136,Seattle Mariners,6,118,Kansas City Royals,7,1,13,1
716995,2023,2023-08-14,2023-08-14,R,133,Athletics,5,138,St. Louis Cardinals,7,1,12,2
716996,2023,2023-08-14,2023-08-14,R,110,Baltimore Orioles,4,135,San Diego Padres,1,0,5,-3
716997,2023,2023-08-14,2023-08-14,R,108,Los Angeles Angels,0,140,Texas Rangers,12,1,12,12
716998,2023,2023-08-14,2023-08-14,R,109,Arizona Diamondbacks,4,115,Colorado Rockies,6,1,10,2
716999,2023,2023-08-14,2023-08-14,R,139,Tampa Bay Rays,10,137,San Francisco Giants,2,0,12,-8
717000,2023,2023-08-14,2023-08-14,R,117,Houston Astros,1,146,Miami Marlins,5,1,6,4
717001,2023,2023-08-14,2023-08-14,R,147,New York Yankees,3,144,Atlanta Braves,11,1,14,8
717002,2023,2023-08-14,2023-08-14,R,134,Pittsburgh Pirates,2,121,New York Mets,7,1,9,5
716978,2023,2023-08-15,2023-08-15,R,109,Arizona Diamondbacks,8,115,Colorado Rockies,5,0,13,-3
716979,2023,2023-08-15,2023-08-15,R,158,Milwaukee Brewers,2,119,Los Angeles Dodgers,6,1,8,4
716980,2023,2023-08-15,2023-08-15,R,110,Baltimore Orioles,3,135,San Diego Padres,10,1,13,7
716981,2023,2023-08-15,2023-08-15,R,136,Seattle Mariners,10,118,Kansas City Royals,8,0,18,-2
716983,2023,2023-08-15,2023-08-15,R,116,Detroit Tigers,3,142,Minnesota Twins,5,1,8,2
716984,2023,2023-08-15,2023-08-15,R,133,Athletics,2,138,St. Louis Cardinals,6,1,8,4
716985,2023,2023-08-15,2023-08-15,R,108,Los Angeles Angels,3,140,Texas Rangers,7,1,10,4
716986,2023,2023-08-15,2023-08-15,R,145,Chicago White Sox,5,112,Chicago Cubs,3,0,8,-2
716987,2023,2023-08-15,2023-08-15,R,147,New York Yankees,0,144,Atlanta Braves,5,1,5,5
716988,2023,2023-08-15,2023-08-15,R,134,Pittsburgh Pirates,7,121,New York Mets,4,0,11,-3
716989,2023,2023-08-15,2023-08-15,R,139,Tampa Bay Rays,0,137,San Francisco Giants,7,1,7,7
716990,2023,2023-08-15,2023-08-15,R,143,Philadelphia Phillies,1,141,Toronto Blue Jays,2,1,3,1
716991,2023,2023-08-15,2023-08-15,R,117,Houston Astros,6,146,Miami Marlins,5,0,11,-1
716992,2023,2023-08-15,2023-08-15,R,114,Cleveland Guardians,3,113,Cincinnati Reds,0,0,3,-3
716993,2023,2023-08-15,2023-08-15,R,111,Boston Red Sox,5,120,Washington Nationals,4,0,9,-1
716962,2023,2023-08-16,2023-08-16,R,158,Milwaukee Brewers,1,119,Los Angeles Dodgers,7,1,8,6
716963,2023,2023-08-16,2023-08-16,R,136,Seattle Mariners,6,118,Kansas City Royals,5,0,11,-1
716965,2023,2023-08-16,2023-08-16,R,110,Baltimore Orioles,2,135,San Diego Padres,5,1,7,3
716967,2023,2023-08-16,2023-08-16,R,143,Philadelphia Phillies,9,141,Toronto Blue Jays,4,0,13,-5
716968,2023,2023-08-16,2023-08-16,R,145,Chicago White Sox,3,112,Chicago Cubs,4,1,7,1
716969,2023,2023-08-16,2023-08-16,R,133,Athletics,8,138,St. Louis Cardinals,0,0,8,-8
716970,2023,2023-08-16,2023-08-16,R,147,New York Yankees,0,144,Atlanta Braves,2,1,2,2
716971,2023,2023-08-16,2023-08-16,R,108,Los Angeles Angels,2,140,Texas Rangers,0,0,2,-2
716972,2023,2023-08-16,2023-08-16,R,117,Houston Astros,12,146,Miami Marlins,5,0,17,-7
716973,2023,2023-08-16,2023-08-16,R,114,Cleveland Guardians,2,113,Cincinnati Reds,7,1,9,5
716974,2023,2023-08-16,2023-08-16,R,134,Pittsburgh Pirates,3,121,New York Mets,8,1,11,5
716975,2023,2023-08-16,2023-08-16,R,139,Tampa Bay Rays,6,137,San Francisco Giants,1,0,7,-5
716976,2023,2023-08-16,2023-08-16,R,116,Detroit Tigers,8,142,Minnesota Twins,7,0,15,-1
716977,2023,2023-08-16,2023-08-16,R,109,Arizona Diamondbacks,9,115,Colorado Rockies,7,0,16,-2
716982,2023,2023-08-16,2023-08-16,R,111,Boston Red Sox,2,120,Washington Nationals,6,1,8,4
716957,2023,2023-08-17,2023-08-17,R,109,Arizona Diamondbacks,3,135,San Diego Padres,1,0,4,-2
716958,2023,2023-08-17,2023-08-17,R,121,New York Mets,4,138,St. Louis Cardinals,2,0,6,-2
716961,2023,2023-08-17,2023-08-17,R,158,Milwaukee Brewers,0,119,Los Angeles Dodgers,1,1,1,1
716964,2023,2023-08-17,2023-08-17,R,136,Seattle Mariners,6,118,Kansas City Royals,4,0,10,-2
716966,2023,2023-08-17,2023-08-17,R,111,Boston Red Sox,7,120,Washington Nationals,10,1,17,3
716942,2023,2023-08-18,2023-08-18,R,109,Arizona Diamondbacks,0,135,San Diego Padres,4,1,4,4
716944,2023,2023-08-18,2023-08-18,R,110,Baltimore Orioles,9,133,Athletics,4,0,13,-5
716945,2023,2023-08-18,2023-08-18,R,139,Tampa Bay Rays,9,108,Los Angeles Angels,6,0,15,-3
716946,2023,2023-08-18,2023-08-18,R,146,Miami Marlins,11,119,Los Angeles Dodgers,3,0,14,-8
716947,2023,2023-08-18,2023-08-18,R,145,Chicago White Sox,1,115,Colorado Rockies,14,1,15,13
716948,2023,2023-08-18,2023-08-18,R,136,Seattle Mariners,2,117,Houston Astros,0,0,2,-2
716949,2023,2023-08-18,2023-08-18,R,137,San Francisco Giants,0,144,Atlanta Braves,4,1,4,4
716950,2023,2023-08-18,2023-08-18,R,158,Milwaukee Brewers,9,140,Texas Rangers,8,0,17,-1
716951,2023,2023-08-18,2023-08-18,R,134,Pittsburgh Pirates,1,142,Minnesota Twins,5,1,6,4
716952,2023,2023-08-18,2023-08-18,R,121,New York Mets,7,138,St. Louis Cardinals,1,0,8,-6
716953,2023,2023-08-18,2023-08-18,R,111,Boston Red Sox,8,147,New York Yankees,3,0,11,-5
716954,2023,2023-08-18,2023-08-18,R,141,Toronto Blue Jays,0,113,Cincinnati Reds,1,1,1,1
716955,2023,2023-08-18,2023-08-18,R,118,Kansas City Royals,4,112,Chicago Cubs,3,0,7,-1
716956,2023,2023-08-18,2023-08-18,R,116,Detroit Tigers,4,114,Cleveland Guardians,2,0,6,-2
716959,2023,2023-08-18,2023-08-18,R,116,Detroit Tigers,1,114,Cleveland Guardians,4,1,5,3
716960,2023,2023-08-18,2023-08-18,R,143,Philadelphia Phillies,7,120,Washington Nationals,8,1,15,1
716909,2023,2023-08-19,2023-08-19,R,146,Miami Marlins,1,119,Los Angeles Dodgers,3,1,4,2
716915,2023,2023-08-19,2023-08-19,R,139,Tampa Bay Rays,6,108,Los Angeles Angels,7,1,13,1
716919,2023,2023-08-19,2023-08-19,R,109,Arizona Diamondbacks,6,135,San Diego Padres,4,0,10,-2
716925,2023,2023-08-19,2023-08-19,R,139,Tampa Bay Rays,18,108,Los Angeles Angels,4,0,22,-14
716926,2023,2023-08-19,2023-08-19,R,146,Miami Marlins,1,119,Los Angeles Dodgers,3,1,4,2
716930,2023,2023-08-19,2023-08-19,R,110,Baltimore Orioles,7,133,Athletics,2,0,9,-5
716931,2023,2023-08-19,2023-08-19,R,109,Arizona Diamondbacks,8,135,San Diego Padres,1,0,9,-7
716932,2023,2023-08-19,2023-08-19,R,136,Seattle Mariners,10,117,Houston Astros,3,0,13,-7
716933,2023,2023-08-19,2023-08-19,R,145,Chicago White Sox,5,115,Colorado Rockies,11,1,16,6
716934,2023,2023-08-19,2023-08-19,R,137,San Francisco Giants,5,144,Atlanta Braves,6,1,11,1
716935,2023,2023-08-19,2023-08-19,R,141,Toronto Blue Jays,4,113,Cincinnati Reds,3,0,7,-1
716936,2023,2023-08-19,2023-08-19,R,134,Pittsburgh Pirates,7,142,Minnesota Twins,4,0,11,-3
716937,2023,2023-08-19,2023-08-19,R,118,Kansas City Royals,4,112,Chicago Cubs,6,1,10,2
716938,2023,2023-08-19,2023-08-19,R,158,Milwaukee Brewers,6,140,Texas Rangers,1,0,7,-5
716939,2023,2023-08-19,2023-08-19,R,116,Detroit Tigers,4,114,Cleveland Guardians,3,0,7,-1
716940,2023,2023-08-19,2023-08-19,R,121,New York Mets,13,138,St. Louis Cardinals,2,0,15,-11
716941,2023,2023-08-19,2023-08-19,R,143,Philadelphia Phillies,12,120,Washington Nationals,3,0,15,-9
716943,2023,2023-08-19,2023-08-19,R,111,Boston Red Sox,8,147,New York Yankees,1,0,9,-7
716914,2023,2023-08-20,2023-08-20,R,110,Baltimore Orioles,12,133,Athletics,1,0,13,-11
716916,2023,2023-08-20,2023-08-20,R,145,Chicago White Sox,10,115,Colorado Rockies,5,0,15,-5
716917,2023,2023-08-20,2023-08-20,R,118,Kansas City Royals,3,112,Chicago Cubs,4,1,7,1
716918,2023,2023-08-20,2023-08-20,R,158,Milwaukee Brewers,6,140,Texas Rangers,2,0,8,-4
716920,2023,2023-08-20,2023-08-20,R,136,Seattle Mariners,7,117,Houston Astros,6,0,13,-1
716921,2023,2023-08-20,2023-08-20,R,121,New York Mets,3,138,St. Louis Cardinals,7,1,10,4
716922,2023,2023-08-20,2023-08-20,R,116,Detroit Tigers,4,114,Cleveland Guardians,1,0,5,-3
716923,2023,2023-08-20,2023-08-20,R,134,Pittsburgh Pirates,0,142,Minnesota Twins,2,1,2,2
716924,2023,2023-08-20,2023-08-20,R,141,Toronto Blue Jays,10,113,Cincinnati Reds,3,0,13,-7
716927,2023,2023-08-20,2023-08-20,R,137,San Francisco Giants,4,144,Atlanta Braves,3,0,7,-1
716928,2023,2023-08-20,2023-08-20,R,111,Boston Red Sox,6,147,New York Yankees,5,0,11,-1
716929,2023,2023-08-20,2023-08-20,R,143,Philadelphia Phillies,3,120,Washington Nationals,4,1,7,1
716904,2023,2023-08-21,2023-08-21,R,118,Kansas City Royals,4,133,Athletics,6,1,10,2
716905,2023,2023-08-21,2023-08-21,R,136,Seattle Mariners,14,145,Chicago White Sox,2,0,16,-12
716906,2023,2023-08-21,2023-08-21,R,140,Texas Rangers,3,109,Arizona Diamondbacks,4,1,7,1
716907,2023,2023-08-21,2023-08-21,R,146,Miami Marlins,2,135,San Diego Padres,6,1,8,4
716908,2023,2023-08-21,2023-08-21,R,111,Boston Red Sox,4,117,Houston Astros,9,1,13,5
716910,2023,2023-08-21,2023-08-21,R,121,New York Mets,10,144,Atlanta Braves,4,0,14,-6
716911,2023,2023-08-21,2023-08-21,R,137,San Francisco Giants,4,143,Philadelphia Phillies,10,1,14,6
716912,2023,2023-08-21,2023-08-21,R,138,St. Louis Cardinals,1,134,Pittsburgh Pirates,11,1,12,10
716913,2023,2023-08-21,2023-08-21,R,112,Chicago Cubs,7,116,Detroit Tigers,6,0,13,-1
716887,2023,2023-08-22,2023-08-22,R,146,Miami Marlins,3,135,San Diego Padres,0,0,3,-3
716888,2023,2023-08-22,2023-08-22,R,118,Kansas City Royals,4,133,Athletics,5,1,9,1
716889,2023,2023-08-22,2023-08-22,R,140,Texas Rangers,3,109,Arizona Diamondbacks,6,1,9,3
716891,2023,2023-08-22,2023-08-22,R,121,New York Mets,2,144,Atlanta Braves,3,1,5,1
716892,2023,2023-08-22,2023-08-22,R,113,Cincinnati Reds,4,108,Los Angeles Angels,3,0,7,-1
716893,2023,2023-08-22,2023-08-22,R,136,Seattle Mariners,6,145,Chicago White Sox,3,0,9,-3
716894,2023,2023-08-22,2023-08-22,R,142,Minnesota Twins,3,158,Milwaukee Brewers,7,1,10,4
716895,2023,2023-08-22,2023-08-22,R,111,Boston Red Sox,3,117,Houston Astros,7,1,10,4
716896,2023,2023-08-22,2023-08-22,R,112,Chicago Cubs,6,116,Detroit Tigers,8,1,14,2
716897,2023,2023-08-22,2023-08-22,R,119,Los Angeles Dodgers,3,114,Cleveland Guardians,8,1,11,5
716898,2023,2023-08-22,2023-08-22,R,115,Colorado Rockies,4,139,Tampa Bay Rays,12,1,16,8
716899,2023,2023-08-22,2023-08-22,R,137,San Francisco Giants,3,143,Philadelphia Phillies,4,1,7,1
716900,2023,2023-08-22,2023-08-22,R,120,Washington Nationals,2,147,New York Yankees,1,0,3,-1
716901,2023,2023-08-22,2023-08-22,R,138,St. Louis Cardinals,3,134,Pittsburgh Pirates,6,1,9,3
716902,2023,2023-08-22,2023-08-22,R,141,Toronto Blue Jays,6,110,Baltimore Orioles,3,0,9,-3
716874,2023,2023-08-23,2023-08-23,R,141,Toronto Blue Jays,0,110,Baltimore Orioles,7,1,7,7
716875,2023,2023-08-23,2023-08-23,R,119,Los Angeles Dodgers,6,114,Cleveland Guardians,1,0,7,-5
716876,2023,2023-08-23,2023-08-23,R,121,New York Mets,0,144,Atlanta Braves,7,1,7,7
716877,2023,2023-08-23,2023-08-23,R,120,Washington Nationals,1,147,New York Yankees,9,1,10,8
716878,2023,2023-08-23,2023-08-23,R,111,Boston Red Sox,7,117,Houston Astros,5,0,12,-2
716879,2023,2023-08-23,2023-08-23,R,137,San Francisco Giants,8,143,Philadelphia Phillies,6,0,14,-2
716880,2023,2023-08-23,2023-08-23,R,115,Colorado Rockies,5,139,Tampa Bay Rays,6,1,11,1
716881,2023,2023-08-23,2023-08-23,R,136,Seattle Mariners,4,145,Chicago White Sox,5,1,9,1
716882,2023,2023-08-23,2023-08-23,R,142,Minnesota Twins,7,158,Milwaukee Brewers,8,1,15,1
716883,2023,2023-08-23,2023-08-23,R,146,Miami Marlins,0,135,San Diego Padres,4,1,4,4
716884,2023,2023-08-23,2023-08-23,R,118,Kansas City Royals,4,133,Athletics,0,0,4,-4
716885,2023,2023-08-23,2023-08-23,R,112,Chicago Cubs,6,116,Detroit Tigers,4,0,10,-2
716886,2023,2023-08-23,2023-08-23,R,138,St. Louis Cardinals,6,134,Pittsburgh Pirates,4,0,10,-2
716890,2023,2023-08-23,2023-08-23,R,113,Cincinnati Reds,9,108,Los Angeles Angels,4,0,13,-5
716903,2023,2023-08-23,2023-08-23,R,113,Cincinnati Reds,7,108,Los Angeles Angels,3,0,10,-4
716864,2023,2023-08-24,2023-08-24,R,133,Athletics,8,145,Chicago White Sox,5,0,13,-3
716865,2023,2023-08-24,2023-08-24,R,141,Toronto Blue Jays,3,110,Baltimore Orioles,5,1,8,2
716867,2023,2023-08-24,2023-08-24,R,140,Texas Rangers,5,142,Minnesota Twins,7,1,12,2
716868,2023,2023-08-24,2023-08-24,R,113,Cincinnati Reds,2,109,Arizona Diamondbacks,3,1,5,1
716869,2023,2023-08-24,2023-08-24,R,115,Colorado Rockies,3,139,Tampa Bay Rays,5,1,8,2
716870,2023,2023-08-24,2023-08-24,R,112,Chicago Cubs,5,134,Pittsburgh Pirates,4,0,9,-1
716871,2023,2023-08-24,2023-08-24,R,119,Los Angeles Dodgers,9,114,Cleveland Guardians,3,0,12,-6
716872,2023,2023-08-24,2023-08-24,R,120,Washington Nationals,6,147,New York Yankees,5,0,11,-1
716873,2023,2023-08-24,2023-08-24,R,111,Boston Red Sox,17,117,Houston Astros,1,0,18,-16
716850,2023,2023-08-25,2023-08-25,R,140,Texas Rangers,2,142,Minnesota Twins,12,1,14,10
716851,2023,2023-08-25,2023-08-25,R,113,Cincinnati Reds,8,109,Arizona Diamondbacks,10,1,18,2
716852,2023,2023-08-25,2023-08-25,R,144,Atlanta Braves,5,137,San Francisco Giants,1,0,6,-4
716853,2023,2023-08-25,2023-08-25,R,118,Kansas City Royals,5,136,Seattle Mariners,7,1,12,2
716854,2023,2023-08-25,2023-08-25,R,147,New York Yankees,6,139,Tampa Bay Rays,2,0,8,-4
716855,2023,2023-08-25,2023-08-25,R,108,Los Angeles Angels,3,121,New York Mets,1,0,4,-2
716856,2023,2023-08-25,2023-08-25,R,133,Athletics,12,145,Chicago White Sox,4,0,16,-8
716857,2023,2023-08-25,2023-08-25,R,135,San Diego Padres,3,158,Milwaukee Brewers,7,1,10,4
716858,2023,2023-08-25,2023-08-25,R,117,Houston Astros,1,116,Detroit Tigers,4,1,5,3
716859,2023,2023-08-25,2023-08-25,R,115,Colorado Rockies,4,110,Baltimore Orioles,5,1,9,1
716860,2023,2023-08-25,2023-08-25,R,114,Cleveland Guardians,5,141,Toronto Blue Jays,2,0,7,-3
716861,2023,2023-08-25,2023-08-25,R,138,St. Louis Cardinals,2,143,Philadelphia Phillies,7,1,9,5
716862,2023,2023-08-25,2023-08-25,R,112,Chicago Cubs,1,134,Pittsburgh Pirates,2,1,3,1
716863,2023,2023-08-25,2023-08-25,R,120,Washington Nationals,7,146,Miami Marlins,4,0,11,-3
716866,2023,2023-08-25,2023-08-25,R,119,Los Angeles Dodgers,7,111,Boston Red Sox,4,0,11,-3
716832,2023,2023-08-26,2023-08-26,R,118,Kansas City Royals,2,136,Seattle Mariners,15,1,17,13
716833,2023,2023-08-26,2023-08-26,R,113,Cincinnati Reds,8,109,Arizona Diamondbacks,7,0,15,-1
716837,2023,2023-08-26,2023-08-26,R,115,Colorado Rockies,4,110,Baltimore Orioles,5,1,9,1
716838,2023,2023-08-26,2023-08-26,R,135,San Diego Padres,4,158,Milwaukee Brewers,5,1,9,1
716839,2023,2023-08-26,2023-08-26,R,140,Texas Rangers,6,142,Minnesota Twins,2,0,8,-4
716840,2023,2023-08-26,2023-08-26,R,108,Los Angeles Angels,5,121,New York Mets,3,0,8,-2
716841,2023,2023-08-26,2023-08-26,R,133,Athletics,2,145,Chicago White Sox,6,1,8,4
716842,2023,2023-08-26,2023-08-26,R,112,Chicago Cubs,10,134,Pittsburgh Pirates,6,0,16,-4
716843,2023,2023-08-26,2023-08-26,R,117,Houston Astros,9,116,Detroit Tigers,2,0,11,-7
716844,2023,2023-08-26,2023-08-26,R,120,Washington Nationals,3,146,Miami Marlins,2,0,5,-1
716845,2023,2023-08-26,2023-08-26,R,147,New York Yankees,0,139,Tampa Bay Rays,3,1,3,3
716846,2023,2023-08-26,2023-08-26,R,114,Cleveland Guardians,3,141,Toronto Blue Jays,8,1,11,5
716847,2023,2023-08-26,2023-08-26,R,138,St. Louis Cardinals,1,143,Philadelphia Phillies,12,1,13,11
716848,2023,2023-08-26,2023-08-26,R,144,Atlanta Braves,7,137,San Francisco Giants,3,0,10,-4
716849,2023,2023-08-26,2023-08-26,R,119,Los Angeles Dodgers,5,111,Boston Red Sox,8,1,13,3
716819,2023,2023-08-27,2023-08-27,R,144,Atlanta Braves,5,137,San Francisco Giants,8,1,13,3
716820,2023,2023-08-27,2023-08-27,R,118,Kansas City Royals,2,136,Seattle Mariners,3,1,5,1
716821,2023,2023-08-27,2023-08-27,R,113,Cincinnati Reds,2,109,Arizona Diamondbacks,5,1,7,3
716822,2023,2023-08-27,2023-08-27,R,135,San Diego Padres,6,158,Milwaukee Brewers,10,1,16,4
716824,2023,2023-08-27,2023-08-27,R,140,Texas Rangers,6,142,Minnesota Twins,7,1,13,1
716825,2023,2023-08-27,2023-08-27,R,114,Cleveland Guardians,10,141,Toronto Blue Jays,7,0,17,-3
716826,2023,2023-08-27,2023-08-27,R,133,Athletics,1,145,Chicago White Sox,6,1,7,5
716827,2023,2023-08-27,2023-08-27,R,120,Washington Nationals,1,146,Miami Marlins,2,1,3,1
716828,2023,2023-08-27,2023-08-27,R,147,New York Yankees,4,139,Tampa Bay Rays,7,1,11,3
716829,2023,2023-08-27,2023-08-27,R,108,Los Angeles Angels,2,121,New York Mets,3,1,5,1
716830,2023,2023-08-27,2023-08-27,R,117,Houston Astros,17,116,Detroit Tigers,4,0,21,-13
716831,2023,2023-08-27,2023-08-27,R,119,Los Angeles Dodgers,7,111,Boston Red Sox,4,0,11,-3
716834,2023,2023-08-27,2023-08-27,R,112,Chicago Cubs,10,134,Pittsburgh Pirates,1,0,11,-9
716835,2023,2023-08-27,2023-08-27,R,138,St. Louis Cardinals,0,143,Philadelphia Phillies,3,1,3,3
716836,2023,2023-08-27,2023-08-27,R,115,Colorado Rockies,4,110,Baltimore Orioles,3,0,7,-1
716804,2023,2023-08-28,2023-08-28,R,133,Athletics,0,136,Seattle Mariners,7,1,7,7
716805,2023,2023-08-28,2023-08-28,R,109,Arizona Diamondbacks,4,119,Los Angeles Dodgers,7,1,11,3
716808,2023,2023-08-28,2023-08-28,R,147,New York Yankees,4,116,Detroit Tigers,1,0,5,-3
716809,2023,2023-08-28,2023-08-28,R,135,San Diego Padres,4,138,St. Louis Cardinals,1,0,5,-3
716810,2023,2023-08-28,2023-08-28,R,158,Milwaukee Brewers,6,112,Chicago Cubs,2,0,8,-4
716811,2023,2023-08-28,2023-08-28,R,134,Pittsburgh Pirates,5,118,Kansas City Royals,0,0,5,-5
716812,2023,2023-08-28,2023-08-28,R,144,Atlanta Braves,14,115,Colorado Rockies,4,0,18,-10
716813,2023,2023-08-28,2023-08-28,R,114,Cleveland Guardians,6,142,Minnesota Twins,10,1,16,4
716814,2023,2023-08-28,2023-08-28,R,117,Houston Astros,13,111,Boston Red Sox,5,0,18,-8
716815,2023,2023-08-28,2023-08-28,R,145,Chicago White Sox,0,110,Baltimore Orioles,9,1,9,9
716816,2023,2023-08-28,2023-08-28,R,120,Washington Nationals,3,141,Toronto Blue Jays,6,1,9,3
716817,2023,2023-08-28,2023-08-28,R,108,Los Angeles Angels,4,143,Philadelphia Phillies,6,1,10,2
716818,2023,2023-08-28,2023-08-28,R,140,Texas Rangers,4,121,New York Mets,3,0,7,-1
716823,2023,2023-08-28,2023-08-28,R,113,Cincinnati Reds,1,137,San Francisco Giants,4,1,5,3
716790,2023,2023-08-29,2023-08-29,R,133,Athletics,3,136,Seattle Mariners,1,0,4,-2
716791,2023,2023-08-29,2023-08-29,R,144,Atlanta Braves,3,115,Colorado Rockies,1,0,4,-2
716792,2023,2023-08-29,2023-08-29,R,109,Arizona Diamondbacks,1,119,Los Angeles Dodgers,9,1,10,8
716793,2023,2023-08-29,2023-08-29,R,134,Pittsburgh Pirates,6,118,Kansas City Royals,3,0,9,-3
716795,2023,2023-08-29,2023-08-29,R,147,New York Yankees,4,116,Detroit Tigers,2,0,6,-2
716796,2023,2023-08-29,2023-08-29,R,114,Cleveland Guardians,4,142,Minnesota Twins,2,0,6,-2
716797,2023,2023-08-29,2023-08-29,R,135,San Diego Padres,5,138,St. Louis Cardinals,6,1,11,1
716798,2023,2023-08-29,2023-08-29,R,158,Milwaukee Brewers,0,112,Chicago Cubs,1,1,1,1
716799,2023,2023-08-29,2023-08-29,R,140,Texas Rangers,2,121,New York Mets,1,0,3,-1
716800,2023,2023-08-29,2023-08-29,R,145,Chicago White Sox,3,110,Baltimore Orioles,9,1,12,6
716801,2023,2023-08-29,2023-08-29,R,120,Washington Nationals,5,141,Toronto Blue Jays,4,0,9,-1
716802,2023,2023-08-29,2023-08-29,R,117,Houston Astros,6,111,Boston Red Sox,2,0,8,-4
716803,2023,2023-08-29,2023-08-29,R,113,Cincinnati Reds,1,137,San Francisco Giants,6,1,7,5
716806,2023,2023-08-29,2023-08-29,R,108,Los Angeles Angels,7,143,Philadelphia Phillies,12,1,19,5
716807,2023,2023-08-29,2023-08-29,R,139,Tampa Bay Rays,11,146,Miami Marlins,2,0,13,-9
716773,2023,2023-08-30,2023-08-30,R,144,Atlanta Braves,7,115,Colorado Rockies,3,0,10,-4
716774,2023,2023-08-30,2023-08-30,R,109,Arizona Diamondbacks,0,119,Los Angeles Dodgers,7,1,7,7
716778,2023,2023-08-30,2023-08-30,R,139,Tampa Bay Rays,3,146,Miami Marlins,0,0,3,-3
716779,2023,2023-08-30,2023-08-30,R,158,Milwaukee Brewers,2,112,Chicago Cubs,3,1,5,1
716780,2023,2023-08-30,2023-08-30,R,134,Pittsburgh Pirates,4,118,Kansas City Royals,1,0,5,-3
716781,2023,2023-08-30,2023-08-30,R,147,New York Yankees,6,116,Detroit Tigers,2,0,8,-4
716782,2023,2023-08-30,2023-08-30,R,135,San Diego Padres,4,138,St. Louis Cardinals,5,1,9,1
716783,2023,2023-08-30,2023-08-30,R,140,Texas Rangers,5,121,New York Mets,6,1,11,1
716784,2023,2023-08-30,2023-08-30,R,114,Cleveland Guardians,5,142,Minnesota Twins,2,0,7,-3
716785,2023,2023-08-30,2023-08-30,R,120,Washington Nationals,0,141,Toronto Blue Jays,7,1,7,7
716786,2023,2023-08-30,2023-08-30,R,145,Chicago White Sox,10,110,Baltimore Orioles,5,0,15,-5
716787,2023,2023-08-30,2023-08-30,R,108,Los Angeles Angels,10,143,Philadelphia Phillies,8,0,18,-2
716788,2023,2023-08-30,2023-08-30,R,133,Athletics,4,136,Seattle Mariners,5,1,9,1
716789,2023,2023-08-30,2023-08-30,R,113,Cincinnati Reds,4,137,San Francisco Giants,1,0,5,-3
716794,2023,2023-08-30,2023-08-30,R,117,Houston Astros,7,111,Boston Red Sox,4,0,11,-3
716768,2023,2023-08-31,2023-08-31,R,144,Atlanta Braves,8,119,Los Angeles Dodgers,7,0,15,-1
716775,2023,2023-08-31,2023-08-31,R,147,New York Yankees,3,116,Detroit Tigers,4,1,7,1
716776,2023,2023-08-31,2023-08-31,R,146,Miami Marlins,6,120,Washington Nationals,1,0,7,-5
716777,2023,2023-08-31,2023-08-31,R,137,San Francisco Giants,7,135,San Diego Padres,2,0,9,-5
716756,2023,2023-09-01,2023-09-01,R,110,Baltimore Orioles,2,109,Arizona Diamondbacks,4,1,6,2
716757,2023,2023-09-01,2023-09-01,R,144,Atlanta Braves,6,119,Los Angeles Dodgers,3,0,9,-3
716758,2023,2023-09-01,2023-09-01,R,108,Los Angeles Angels,2,133,Athletics,9,1,11,7
716759,2023,2023-09-01,2023-09-01,R,141,Toronto Blue Jays,13,115,Colorado Rockies,9,0,22,-4
716761,2023,2023-09-01,2023-09-01,R,137,San Francisco Giants,3,135,San Diego Padres,7,1,10,4
716762,2023,2023-09-01,2023-09-01,R,116,Detroit Tigers,4,145,Chicago White Sox,2,0,6,-2
716763,2023,2023-09-01,2023-09-01,R,147,New York Yankees,6,117,Houston Astros,2,0,8,-4
716764,2023,2023-09-01,2023-09-01,R,111,Boston Red Sox,2,118,Kansas City Royals,13,1,15,11
716765,2023,2023-09-01,2023-09-01,R,143,Philadelphia Phillies,5,158,Milwaukee Brewers,7,1,12,2
716766,2023,2023-09-01,2023-09-01,R,134,Pittsburgh Pirates,4,138,St. Louis Cardinals,2,0,6,-2
716767,2023,2023-09-01,2023-09-01,R,139,Tampa Bay Rays,2,114,Cleveland Guardians,3,1,5,1
716769,2023,2023-09-01,2023-09-01,R,136,Seattle Mariners,1,121,New York Mets,2,1,3,1
716770,2023,2023-09-01,2023-09-01,R,112,Chicago Cubs,2,113,Cincinnati Reds,3,1,5,1
716771,2023,2023-09-01,2023-09-01,R,146,Miami Marlins,8,120,Washington Nationals,5,0,13,-3
716772,2023,2023-09-01,2023-09-01,R,142,Minnesota Twins,5,140,Texas Rangers,1,0,6,-4
718700,2023,2023-09-01,2023-09-01,R,112,Chicago Cubs,6,113,Cincinnati Reds,2,0,8,-4
716741,2023,2023-09-02,2023-09-02,R,144,Atlanta Braves,4,119,Los Angeles Dodgers,2,0,6,-2
716743,2023,2023-09-02,2023-09-02,R,137,San Francisco Giants,1,135,San Diego Padres,6,1,7,5
716744,2023,2023-09-02,2023-09-02,R,134,Pittsburgh Pirates,7,138,St. Louis Cardinals,6,0,13,-1
716745,2023,2023-09-02,2023-09-02,R,143,Philadelphia Phillies,5,158,Milwaukee Brewers,7,1,12,2
716746,2023,2023-09-02,2023-09-02,R,147,New York Yankees,5,117,Houston Astros,4,0,9,-1
716747,2023,2023-09-02,2023-09-02,R,110,Baltimore Orioles,7,109,Arizona Diamondbacks,3,0,10,-4
716748,2023,2023-09-02,2023-09-02,R,141,Toronto Blue Jays,7,115,Colorado Rockies,8,1,15,1
716749,2023,2023-09-02,2023-09-02,R,116,Detroit Tigers,10,145,Chicago White Sox,0,0,10,-10
716750,2023,2023-09-02,2023-09-02,R,111,Boston Red Sox,9,118,Kansas City Royals,5,0,14,-4
716751,2023,2023-09-02,2023-09-02,R,136,Seattle Mariners,8,121,New York Mets,7,0,15,-1
716752,2023,2023-09-02,2023-09-02,R,142,Minnesota Twins,9,140,Texas Rangers,7,0,16,-2
716753,2023,2023-09-02,2023-09-02,R,112,Chicago Cubs,1,113,Cincinnati Reds,2,1,3,1
716754,2023,2023-09-02,2023-09-02,R,139,Tampa Bay Rays,6,114,Cleveland Guardians,7,1,13,1
716755,2023,2023-09-02,2023-09-02,R,108,Los Angeles Angels,1,133,Athletics,2,1,3,1
716760,2023,2023-09-02,2023-09-02,R,146,Miami Marlins,11,120,Washington Nationals,5,0,16,-6
716725,2023,2023-09-03,2023-09-03,R,144,Atlanta Braves,1,119,Los Angeles Dodgers,3,1,4,2
716728,2023,2023-09-03,2023-09-03,R,137,San Francisco Giants,0,135,San Diego Padres,4,1,4,4
716729,2023,2023-09-03,2023-09-03,R,139,Tampa Bay Rays,6,114,Cleveland Guardians,2,0,8,-4
716730,2023,2023-09-03,2023-09-03,R,141,Toronto Blue Jays,7,115,Colorado Rockies,5,0,12,-2
716731,2023,2023-09-03,2023-09-03,R,108,Los Angeles Angels,6,133,Athletics,10,1,16,4
716732,2023,2023-09-03,2023-09-03,R,110,Baltimore Orioles,8,109,Arizona Diamondbacks,5,0,13,-3
716733,2023,2023-09-03,2023-09-03,R,134,Pittsburgh Pirates,4,138,St. Louis Cardinals,6,1,10,2
716734,2023,2023-09-03,2023-09-03,R,116,Detroit Tigers,3,145,Chicago White Sox,2,0,5,-1
716735,2023,2023-09-03,2023-09-03,R,147,New York Yankees,6,117,Houston Astros,1,0,7,-5
716736,2023,2023-09-03,2023-09-03,R,143,Philadelphia Phillies,4,158,Milwaukee Brewers,2,0,6,-2
716737,2023,2023-09-03,2023-09-03,R,142,Minnesota Twins,5,140,Texas Rangers,6,1,11,1
716738,2023,2023-09-03,2023-09-03,R,112,Chicago Cubs,15,113,Cincinnati Reds,7,0,22,-8
716739,2023,2023-09-03,2023-09-03,R,111,Boston Red Sox,7,118,Kansas City Royals,3,0,10,-4
716740,2023,2023-09-03,2023-09-03,R,146,Miami Marlins,6,120,Washington Nationals,4,0,10,-2
716742,2023,2023-09-03,2023-09-03,R,136,Seattle Mariners,3,121,New York Mets,6,1,9,3
716681,2023,2023-09-04,2023-09-04,R,145,Chicago White Sox,1,118,Kansas City Royals,12,1,13,11
716713,2023,2023-09-04,2023-09-04,R,110,Baltimore Orioles,6,108,Los Angeles Angels,3,0,9,-3
716718,2023,2023-09-04,2023-09-04,R,158,Milwaukee Brewers,2,134,Pittsburgh Pirates,4,1,6,2
716719,2023,2023-09-04,2023-09-04,R,142,Minnesota Twins,20,114,Cleveland Guardians,6,0,26,-14
716720,2023,2023-09-04,2023-09-04,R,143,Philadelphia Phillies,9,135,San Diego Padres,7,0,16,-2
716721,2023,2023-09-04,2023-09-04,R,115,Colorado Rockies,2,109,Arizona Diamondbacks,4,1,6,2
716722,2023,2023-09-04,2023-09-04,R,111,Boston Red Sox,7,139,Tampa Bay Rays,3,0,10,-4
716723,2023,2023-09-04,2023-09-04,R,137,San Francisco Giants,0,112,Chicago Cubs,5,1,5,5
716724,2023,2023-09-04,2023-09-04,R,117,Houston Astros,13,140,Texas Rangers,6,0,19,-7
716726,2023,2023-09-04,2023-09-04,R,141,Toronto Blue Jays,6,133,Athletics,5,0,11,-1
716727,2023,2023-09-04,2023-09-04,R,136,Seattle Mariners,3,113,Cincinnati Reds,6,1,9,3
716702,2023,2023-09-05,2023-09-05,R,115,Colorado Rockies,3,109,Arizona Diamondbacks,2,0,5,-1
716703,2023,2023-09-05,2023-09-05,R,143,Philadelphia Phillies,0,135,San Diego Padres,8,1,8,8
716704,2023,2023-09-05,2023-09-05,R,145,Chicago White Sox,6,118,Kansas City Royals,7,1,13,1
716705,2023,2023-09-05,2023-09-05,R,117,Houston Astros,14,140,Texas Rangers,1,0,15,-13
716706,2023,2023-09-05,2023-09-05,R,110,Baltimore Orioles,5,108,Los Angeles Angels,4,0,9,-1
716707,2023,2023-09-05,2023-09-05,R,141,Toronto Blue Jays,7,133,Athletics,1,0,8,-6
716708,2023,2023-09-05,2023-09-05,R,137,San Francisco Giants,8,112,Chicago Cubs,11,1,19,3
716709,2023,2023-09-05,2023-09-05,R,138,St. Louis Cardinals,10,144,Atlanta Braves,6,0,16,-4
716710,2023,2023-09-05,2023-09-05,R,119,Los Angeles Dodgers,3,146,Miami Marlins,6,1,9,3
716711,2023,2023-09-05,2023-09-05,R,116,Detroit Tigers,1,147,New York Yankees,5,1,6,4
716712,2023,2023-09-05,2023-09-05,R,136,Seattle Mariners,6,113,Cincinnati Reds,7,1,13,1
716714,2023,2023-09-05,2023-09-05,R,158,Milwaukee Brewers,7,134,Pittsburgh Pirates,3,0,10,-4
716715,2023,2023-09-05,2023-09-05,R,121,New York Mets,11,120,Washington Nationals,5,0,16,-6
716716,2023,2023-09-05,2023-09-05,R,111,Boston Red Sox,6,139,Tampa Bay Rays,8,1,14,2
716717,2023,2023-09-05,2023-09-05,R,142,Minnesota Twins,8,114,Cleveland Guardians,3,0,11,-5
716687,2023,2023-09-06,2023-09-06,R,117,Houston Astros,12,140,Texas Rangers,3,0,15,-9
716688,2023,2023-09-06,2023-09-06,R,145,Chicago White Sox,6,118,Kansas City Royals,4,0,10,-2
716689,2023,2023-09-06,2023-09-06,R,138,St. Louis Cardinals,11,144,Atlanta Braves,6,0,17,-5
716690,2023,2023-09-06,2023-09-06,R,110,Baltimore Orioles,10,108,Los Angeles Angels,3,0,13,-7
716691,2023,2023-09-06,2023-09-06,R,143,Philadelphia Phillies,5,135,San Diego Padres,1,0,6,-4
716692,2023,2023-09-06,2023-09-06,R,115,Colorado Rockies,5,109,Arizona Diamondbacks,12,1,17,7
716693,2023,2023-09-06,2023-09-06,R,136,Seattle Mariners,8,113,Cincinnati Reds,4,0,12,-4
716694,2023,2023-09-06,2023-09-06,R,116,Detroit Tigers,3,147,New York Yankees,4,1,7,1
716695,2023,2023-09-06,2023-09-06,R,119,Los Angeles Dodgers,4,146,Miami Marlins,11,1,15,7
716696,2023,2023-09-06,2023-09-06,R,111,Boston Red Sox,1,139,Tampa Bay Rays,3,1,4,2
716697,2023,2023-09-06,2023-09-06,R,158,Milwaukee Brewers,4,134,Pittsburgh Pirates,5,1,9,1
716698,2023,2023-09-06,2023-09-06,R,141,Toronto Blue Jays,2,133,Athletics,5,1,7,3
716699,2023,2023-09-06,2023-09-06,R,137,San Francisco Giants,2,112,Chicago Cubs,8,1,10,6
716700,2023,2023-09-06,2023-09-06,R,142,Minnesota Twins,1,114,Cleveland Guardians,2,1,3,1
716701,2023,2023-09-06,2023-09-06,R,121,New York Mets,2,120,Washington Nationals,3,1,5,1
716680,2023,2023-09-07,2023-09-07,R,138,St. Louis Cardinals,5,144,Atlanta Braves,8,1,13,3
716682,2023,2023-09-07,2023-09-07,R,119,Los Angeles Dodgers,10,146,Miami Marlins,0,0,10,-10
716683,2023,2023-09-07,2023-09-07,R,136,Seattle Mariners,1,139,Tampa Bay Rays,0,0,1,-1
716684,2023,2023-09-07,2023-09-07,R,114,Cleveland Guardians,2,108,Los Angeles Angels,3,1,5,1
716685,2023,2023-09-07,2023-09-07,R,109,Arizona Diamondbacks,6,112,Chicago Cubs,2,0,8,-4
716686,2023,2023-09-07,2023-09-07,R,116,Detroit Tigers,10,147,New York Yankees,3,0,13,-7
716665,2023,2023-09-08,2023-09-08,R,133,Athletics,6,140,Texas Rangers,3,0,9,-3
716666,2023,2023-09-08,2023-09-08,R,121,New York Mets,2,142,Minnesota Twins,5,1,7,3
716667,2023,2023-09-08,2023-09-08,R,114,Cleveland Guardians,6,108,Los Angeles Angels,3,0,9,-3
716668,2023,2023-09-08,2023-09-08,R,115,Colorado Rockies,8,137,San Francisco Giants,9,1,17,1
716669,2023,2023-09-08,2023-09-08,R,135,San Diego Padres,11,117,Houston Astros,2,0,13,-9
716670,2023,2023-09-08,2023-09-08,R,158,Milwaukee Brewers,8,147,New York Yankees,2,0,10,-6
716671,2023,2023-09-08,2023-09-08,R,136,Seattle Mariners,4,139,Tampa Bay Rays,7,1,11,3
716672,2023,2023-09-08,2023-09-08,R,110,Baltimore Orioles,11,111,Boston Red Sox,2,0,13,-9
716673,2023,2023-09-08,2023-09-08,R,118,Kansas City Royals,4,141,Toronto Blue Jays,5,1,9,1
716674,2023,2023-09-08,2023-09-08,R,134,Pittsburgh Pirates,2,144,Atlanta Braves,8,1,10,6
716675,2023,2023-09-08,2023-09-08,R,145,Chicago White Sox,6,116,Detroit Tigers,0,0,6,-6
716676,2023,2023-09-08,2023-09-08,R,119,Los Angeles Dodgers,8,120,Washington Nationals,5,0,13,-3
716677,2023,2023-09-08,2023-09-08,R,138,St. Louis Cardinals,9,113,Cincinnati Reds,4,0,13,-5
716678,2023,2023-09-08,2023-09-08,R,109,Arizona Diamondbacks,1,112,Chicago Cubs,0,0,1,-1
716679,2023,2023-09-08,2023-09-08,R,146,Miami Marlins,3,143,Philadelphia Phillies,2,0,5,-1
716649,2023,2023-09-09,2023-09-09,R,135,San Diego Padres,5,117,Houston Astros,7,1,12,2
716650,2023,2023-09-09,2023-09-09,R,114,Cleveland Guardians,2,108,Los Angeles Angels,6,1,8,4
716651,2023,2023-09-09,2023-09-09,R,134,Pittsburgh Pirates,8,144,Atlanta Braves,4,0,12,-4
716653,2023,2023-09-09,2023-09-09,R,146,Miami Marlins,4,143,Philadelphia Phillies,8,1,12,4
716654,2023,2023-09-09,2023-09-09,R,121,New York Mets,4,142,Minnesota Twins,8,1,12,4
716655,2023,2023-09-09,2023-09-09,R,138,St. Louis Cardinals,4,113,Cincinnati Reds,3,0,7,-1
716656,2023,2023-09-09,2023-09-09,R,136,Seattle Mariners,5,139,Tampa Bay Rays,7,1,12,2
716657,2023,2023-09-09,2023-09-09,R,133,Athletics,2,140,Texas Rangers,3,1,5,1
716658,2023,2023-09-09,2023-09-09,R,145,Chicago White Sox,1,116,Detroit Tigers,3,1,4,2
716659,2023,2023-09-09,2023-09-09,R,158,Milwaukee Brewers,9,147,New York Yankees,2,0,11,-7
716660,2023,2023-09-09,2023-09-09,R,109,Arizona Diamondbacks,3,112,Chicago Cubs,2,0,5,-1
716661,2023,2023-09-09,2023-09-09,R,118,Kansas City Royals,1,141,Toronto Blue Jays,5,1,6,4
716662,2023,2023-09-09,2023-09-09,R,119,Los Angeles Dodgers,6,120,Washington Nationals,7,1,13,1
716663,2023,2023-09-09,2023-09-09,R,115,Colorado Rockies,1,137,San Francisco Giants,9,1,10,8
716664,2023,2023-09-09,2023-09-09,R,110,Baltimore Orioles,13,111,Boston Red Sox,12,0,25,-1
716633,2023,2023-09-10,2023-09-10,R,114,Cleveland Guardians,1,108,Los Angeles Angels,2,1,3,1
716634,2023,2023-09-10,2023-09-10,R,115,Colorado Rockies,3,137,San Francisco Giants,6,1,9,3
716637,2023,2023-09-10,2023-09-10,R,133,Athletics,4,140,Texas Rangers,9,1,13,5
716638,2023,2023-09-10,2023-09-10,R,109,Arizona Diamondbacks,2,112,Chicago Cubs,5,1,7,3
716639,2023,2023-09-10,2023-09-10,R,121,New York Mets,2,142,Minnesota Twins,0,0,2,-2
716640,2023,2023-09-10,2023-09-10,R,135,San Diego Padres,2,117,Houston Astros,12,1,14,10
716641,2023,2023-09-10,2023-09-10,R,118,Kansas City Royals,2,141,Toronto Blue Jays,5,1,7,3
716642,2023,2023-09-10,2023-09-10,R,138,St. Louis Cardinals,1,113,Cincinnati Reds,7,1,8,6
716643,2023,2023-09-10,2023-09-10,R,146,Miami Marlins,5,143,Philadelphia Phillies,4,0,9,-1
716644,2023,2023-09-10,2023-09-10,R,134,Pittsburgh Pirates,2,144,Atlanta Braves,5,1,7,3
716645,2023,2023-09-10,2023-09-10,R,136,Seattle Mariners,3,139,Tampa Bay Rays,6,1,9,3
716646,2023,2023-09-10,2023-09-10,R,158,Milwaukee Brewers,3,147,New York Yankees,4,1,7,1
716647,2023,2023-09-10,2023-09-10,R,119,Los Angeles Dodgers,7,120,Washington Nationals,3,0,10,-4
716648,2023,2023-09-10,2023-09-10,R,145,Chicago White Sox,2,116,Detroit Tigers,3,1,5,1
716652,2023,2023-09-10,2023-09-10,R,110,Baltimore Orioles,3,111,Boston Red Sox,7,1,10,4
716590,2023,2023-09-11,2023-09-11,R,144,Atlanta Braves,5,143,Philadelphia Phillies,7,1,12,2
716622,2023,2023-09-11,2023-09-11,R,135,San Diego Padres,11,119,Los Angeles Dodgers,8,0,19,-3
716623,2023,2023-09-11,2023-09-11,R,108,Los Angeles Angels,8,136,Seattle Mariners,5,0,13,-3
716624,2023,2023-09-11,2023-09-11,R,133,Athletics,4,117,Houston Astros,0,0,4,-4
716625,2023,2023-09-11,2023-09-11,R,112,Chicago Cubs,5,115,Colorado Rockies,4,0,9,-1
716626,2023,2023-09-11,2023-09-11,R,146,Miami Marlins,0,158,Milwaukee Brewers,12,1,12,12
716627,2023,2023-09-11,2023-09-11,R,109,Arizona Diamondbacks,4,121,New York Mets,3,0,7,-1
716629,2023,2023-09-11,2023-09-11,R,139,Tampa Bay Rays,7,142,Minnesota Twins,4,0,11,-3
716630,2023,2023-09-11,2023-09-11,R,140,Texas Rangers,10,141,Toronto Blue Jays,4,0,14,-6
716632,2023,2023-09-11,2023-09-11,R,114,Cleveland Guardians,4,137,San Francisco Giants,5,1,9,1
716635,2023,2023-09-11,2023-09-11,R,120,Washington Nationals,6,134,Pittsburgh Pirates,2,0,8,-4
716636,2023,2023-09-11,2023-09-11,R,138,St. Louis Cardinals,5,110,Baltimore Orioles,11,1,16,6
717664,2023,2023-09-11,2023-09-11,R,144,Atlanta Braves,10,143,Philadelphia Phillies,8,0,18,-2
716606,2023,2023-09-12,2023-09-12,R,108,Los Angeles Angels,0,136,Seattle Mariners,8,1,8,8
716608,2023,2023-09-12,2023-09-12,R,135,San Diego Padres,2,119,Los Angeles Dodgers,11,1,13,9
716609,2023,2023-09-12,2023-09-12,R,112,Chicago Cubs,4,115,Colorado Rockies,6,1,10,2
716610,2023,2023-09-12,2023-09-12,R,146,Miami Marlins,1,158,Milwaukee Brewers,3,1,4,2
716611,2023,2023-09-12,2023-09-12,R,118,Kansas City Royals,2,145,Chicago White Sox,6,1,8,4
716612,2023,2023-09-12,2023-09-12,R,147,New York Yankees,4,111,Boston Red Sox,1,0,5,-3
716613,2023,2023-09-12,2023-09-12,R,139,Tampa Bay Rays,2,142,Minnesota Twins,3,1,5,1
716614,2023,2023-09-12,2023-09-12,R,133,Athletics,6,117,Houston Astros,2,0,8,-4
716615,2023,2023-09-12,2023-09-12,R,109,Arizona Diamondbacks,4,121,New York Mets,7,1,11,3
716616,2023,2023-09-12,2023-09-12,R,140,Texas Rangers,6,141,Toronto Blue Jays,3,0,9,-3
716617,2023,2023-09-12,2023-09-12,R,113,Cincinnati Reds,6,116,Detroit Tigers,5,0,11,-1
716618,2023,2023-09-12,2023-09-12,R,144,Atlanta Braves,7,143,Philadelphia Phillies,6,0,13,-1
716619,2023,2023-09-12,2023-09-12,R,114,Cleveland Guardians,3,137,San Francisco Giants,1,0,4,-2
716620,2023,2023-09-12,2023-09-12,R,120,Washington Nationals,1,134,Pittsburgh Pirates,5,1,6,4
716621,2023,2023-09-12,2023-09-12,R,138,St. Louis Cardinals,5,110,Baltimore Orioles,2,0,7,-3
716628,2023,2023-09-12,2023-09-12,R,147,New York Yankees,3,111,Boston Red Sox,2,0,5,-1
716631,2023,2023-09-12,2023-09-12,R,118,Kansas City Royals,11,145,Chicago White Sox,10,0,21,-1
716589,2023,2023-09-13,2023-09-13,R,135,San Diego Padres,6,119,Los Angeles Dodgers,1,0,7,-5
716592,2023,2023-09-13,2023-09-13,R,146,Miami Marlins,2,158,Milwaukee Brewers,0,0,2,-2
716594,2023,2023-09-13,2023-09-13,R,140,Texas Rangers,10,141,Toronto Blue Jays,0,0,10,-10
716595,2023,2023-09-13,2023-09-13,R,109,Arizona Diamondbacks,1,121,New York Mets,7,1,8,6
716596,2023,2023-09-13,2023-09-13,R,133,Athletics,2,117,Houston Astros,6,1,8,4
716598,2023,2023-09-13,2023-09-13,R,118,Kansas City Royals,7,145,Chicago White Sox,1,0,8,-6
716599,2023,2023-09-13,2023-09-13,R,112,Chicago Cubs,3,115,Colorado Rockies,7,1,10,4
716600,2023,2023-09-13,2023-09-13,R,120,Washington Nationals,6,134,Pittsburgh Pirates,7,1,13,1
716601,2023,2023-09-13,2023-09-13,R,113,Cincinnati Reds,4,116,Detroit Tigers,3,0,7,-1
716602,2023,2023-09-13,2023-09-13,R,108,Los Angeles Angels,2,136,Seattle Mariners,3,1,5,1
716603,2023,2023-09-13,2023-09-13,R,144,Atlanta Braves,4,143,Philadelphia Phillies,1,0,5,-3
716604,2023,2023-09-13,2023-09-13,R,138,St. Louis Cardinals,1,110,Baltimore Orioles,0,0,1,-1
716605,2023,2023-09-13,2023-09-13,R,114,Cleveland Guardians,5,137,San Francisco Giants,6,1,11,1
716607,2023,2023-09-13,2023-09-13,R,139,Tampa Bay Rays,5,142,Minnesota Twins,4,0,9,-1
716580,2023,2023-09-14,2023-09-14,R,142,Minnesota Twins,10,145,Chicago White Sox,2,0,12,-8
716584,2023,2023-09-14,2023-09-14,R,113,Cincinnati Reds,2,116,Detroit Tigers,8,1,10,6
716585,2023,2023-09-14,2023-09-14,R,146,Miami Marlins,2,158,Milwaukee Brewers,4,1,6,2
716586,2023,2023-09-14,2023-09-14,R,139,Tampa Bay Rays,4,110,Baltimore Orioles,3,0,7,-1
716587,2023,2023-09-14,2023-09-14,R,140,Texas Rangers,9,141,Toronto Blue Jays,2,0,11,-7
716588,2023,2023-09-14,2023-09-14,R,109,Arizona Diamondbacks,1,121,New York Mets,11,1,12,10
716591,2023,2023-09-14,2023-09-14,R,120,Washington Nationals,0,134,Pittsburgh Pirates,2,1,2,2
716593,2023,2023-09-14,2023-09-14,R,147,New York Yankees,8,111,Boston Red Sox,5,0,13,-3
716597,2023,2023-09-14,2023-09-14,R,147,New York Yankees,0,111,Boston Red Sox,5,1,5,5
716567,2023,2023-09-15,2023-09-15,R,112,Chicago Cubs,4,109,Arizona Diamondbacks,6,1,10,2
716568,2023,2023-09-15,2023-09-15,R,119,Los Angeles Dodgers,6,136,Seattle Mariners,3,0,9,-3
716569,2023,2023-09-15,2023-09-15,R,135,San Diego Padres,8,133,Athletics,3,0,11,-5
716570,2023,2023-09-15,2023-09-15,R,116,Detroit Tigers,11,108,Los Angeles Angels,2,0,13,-9
716571,2023,2023-09-15,2023-09-15,R,137,San Francisco Giants,2,115,Colorado Rockies,3,1,5,1
716572,2023,2023-09-15,2023-09-15,R,143,Philadelphia Phillies,5,138,St. Louis Cardinals,4,0,9,-1
716573,2023,2023-09-15,2023-09-15,R,142,Minnesota Twins,10,145,Chicago White Sox,2,0,12,-8
716574,2023,2023-09-15,2023-09-15,R,113,Cincinnati Reds,5,121,New York Mets,3,0,8,-2
716575,2023,2023-09-15,2023-09-15,R,140,Texas Rangers,3,114,Cleveland Guardians,12,1,15,9
716576,2023,2023-09-15,2023-09-15,R,111,Boston Red Sox,0,141,Toronto Blue Jays,3,1,3,3
716577,2023,2023-09-15,2023-09-15,R,117,Houston Astros,2,118,Kansas City Royals,4,1,6,2
716578,2023,2023-09-15,2023-09-15,R,120,Washington Nationals,3,158,Milwaukee Brewers,5,1,8,2
716579,2023,2023-09-15,2023-09-15,R,147,New York Yankees,7,134,Pittsburgh Pirates,5,0,12,-2
716582,2023,2023-09-15,2023-09-15,R,144,Atlanta Braves,6,146,Miami Marlins,9,1,15,3
716583,2023,2023-09-15,2023-09-15,R,139,Tampa Bay Rays,7,110,Baltimore Orioles,1,0,8,-6
716550,2023,2023-09-16,2023-09-16,R,137,San Francisco Giants,2,115,Colorado Rockies,5,1,7,3
716552,2023,2023-09-16,2023-09-16,R,119,Los Angeles Dodgers,6,136,Seattle Mariners,2,0,8,-4
716554,2023,2023-09-16,2023-09-16,R,116,Detroit Tigers,5,108,Los Angeles Angels,4,0,9,-1
716555,2023,2023-09-16,2023-09-16,R,113,Cincinnati Reds,3,121,New York Mets,2,0,5,-1
716556,2023,2023-09-16,2023-09-16,R,142,Minnesota Twins,6,145,Chicago White Sox,7,1,13,1
716557,2023,2023-09-16,2023-09-16,R,143,Philadelphia Phillies,6,138,St. Louis Cardinals,1,0,7,-5
716558,2023,2023-09-16,2023-09-16,R,112,Chicago Cubs,6,109,Arizona Diamondbacks,7,1,13,1
716559,2023,2023-09-16,2023-09-16,R,120,Washington Nationals,5,158,Milwaukee Brewers,9,1,14,4
716560,2023,2023-09-16,2023-09-16,R,117,Houston Astros,8,118,Kansas City Royals,10,1,18,2
716561,2023,2023-09-16,2023-09-16,R,139,Tampa Bay Rays,0,110,Baltimore Orioles,8,1,8,8
716562,2023,2023-09-16,2023-09-16,R,140,Texas Rangers,1,114,Cleveland Guardians,2,1,3,1
716563,2023,2023-09-16,2023-09-16,R,147,New York Yankees,6,134,Pittsburgh Pirates,3,0,9,-3
716564,2023,2023-09-16,2023-09-16,R,135,San Diego Padres,5,133,Athletics,2,0,7,-3
716565,2023,2023-09-16,2023-09-16,R,144,Atlanta Braves,5,146,Miami Marlins,11,1,16,6
716566,2023,2023-09-16,2023-09-16,R,111,Boston Red Sox,3,141,Toronto Blue Jays,4,1,7,1
716581,2023,2023-09-16,2023-09-16,R,137,San Francisco Giants,5,115,Colorado Rockies,9,1,14,4
716536,2023,2023-09-17,2023-09-17,R,112,Chicago Cubs,2,109,Arizona Diamondbacks,6,1,8,4
716537,2023,2023-09-17,2023-09-17,R,119,Los Angeles Dodgers,6,136,Seattle Mariners,1,0,7,-5
716538,2023,2023-09-17,2023-09-17,R,135,San Diego Padres,10,133,Athletics,1,0,11,-9
716540,2023,2023-09-17,2023-09-17,R,137,San Francisco Giants,11,115,Colorado Rockies,10,0,21,-1
716541,2023,2023-09-17,2023-09-17,R,143,Philadelphia Phillies,5,138,St. Louis Cardinals,6,1,11,1
716542,2023,2023-09-17,2023-09-17,R,142,Minnesota Twins,4,145,Chicago White Sox,0,0,4,-4
716543,2023,2023-09-17,2023-09-17,R,120,Washington Nationals,2,158,Milwaukee Brewers,1,0,3,-1
716544,2023,2023-09-17,2023-09-17,R,116,Detroit Tigers,5,108,Los Angeles Angels,3,0,8,-2
716545,2023,2023-09-17,2023-09-17,R,113,Cincinnati Reds,4,121,New York Mets,8,1,12,4
716546,2023,2023-09-17,2023-09-17,R,144,Atlanta Braves,2,146,Miami Marlins,16,1,18,14
716547,2023,2023-09-17,2023-09-17,R,117,Houston Astros,7,118,Kansas City Royals,1,0,8,-6
716548,2023,2023-09-17,2023-09-17,R,111,Boston Red Sox,2,141,Toronto Blue Jays,3,1,5,1
716549,2023,2023-09-17,2023-09-17,R,140,Texas Rangers,2,114,Cleveland Guardians,9,1,11,7
716551,2023,2023-09-17,2023-09-17,R,147,New York Yankees,2,134,Pittsburgh Pirates,3,1,5,1
716553,2023,2023-09-17,2023-09-17,R,139,Tampa Bay Rays,4,110,Baltimore Orioles,5,1,9,1
716526,2023,2023-09-18,2023-09-18,R,115,Colorado Rockies,9,135,San Diego Padres,11,1,20,2
716527,2023,2023-09-18,2023-09-18,R,136,Seattle Mariners,5,133,Athletics,0,0,5,-5
716528,2023,2023-09-18,2023-09-18,R,116,Detroit Tigers,3,119,Los Angeles Dodgers,8,1,11,5
716529,2023,2023-09-18,2023-09-18,R,114,Cleveland Guardians,4,118,Kansas City Royals,6,1,10,2
716530,2023,2023-09-18,2023-09-18,R,110,Baltimore Orioles,8,117,Houston Astros,7,0,15,-1
716531,2023,2023-09-18,2023-09-18,R,158,Milwaukee Brewers,0,138,St. Louis Cardinals,1,1,1,1
716532,2023,2023-09-18,2023-09-18,R,143,Philadelphia Phillies,7,144,Atlanta Braves,1,0,8,-6
716533,2023,2023-09-18,2023-09-18,R,111,Boston Red Sox,4,140,Texas Rangers,2,0,6,-2
716534,2023,2023-09-18,2023-09-18,R,142,Minnesota Twins,3,113,Cincinnati Reds,7,1,10,4
716535,2023,2023-09-18,2023-09-18,R,121,New York Mets,2,146,Miami Marlins,1,0,3,-1
716539,2023,2023-09-18,2023-09-18,R,145,Chicago White Sox,6,120,Washington Nationals,1,0,7,-5
716510,2023,2023-09-19,2023-09-19,R,116,Detroit Tigers,2,119,Los Angeles Dodgers,3,1,5,1
716511,2023,2023-09-19,2023-09-19,R,137,San Francisco Giants,4,109,Arizona Diamondbacks,8,1,12,4
716512,2023,2023-09-19,2023-09-19,R,136,Seattle Mariners,7,133,Athletics,2,0,9,-5
716514,2023,2023-09-19,2023-09-19,R,110,Baltimore Orioles,9,117,Houston Astros,5,0,14,-4
716515,2023,2023-09-19,2023-09-19,R,158,Milwaukee Brewers,7,138,St. Louis Cardinals,3,0,10,-4
716516,2023,2023-09-19,2023-09-19,R,115,Colorado Rockies,0,135,San Diego Padres,2,1,2,2
716517,2023,2023-09-19,2023-09-19,R,114,Cleveland Guardians,6,118,Kansas City Royals,7,1,13,1
716518,2023,2023-09-19,2023-09-19,R,134,Pittsburgh Pirates,1,112,Chicago Cubs,14,1,15,13
716519,2023,2023-09-19,2023-09-19,R,111,Boston Red Sox,4,140,Texas Rangers,6,1,10,2
716520,2023,2023-09-19,2023-09-19,R,141,Toronto Blue Jays,7,147,New York Yankees,1,0,8,-6
716521,2023,2023-09-19,2023-09-19,R,143,Philadelphia Phillies,3,144,Atlanta Braves,9,1,12,6
716522,2023,2023-09-19,2023-09-19,R,142,Minnesota Twins,7,113,Cincinnati Reds,0,0,7,-7
716523,2023,2023-09-19,2023-09-19,R,121,New York Mets,3,146,Miami Marlins,4,1,7,1
716524,2023,2023-09-19,2023-09-19,R,108,Los Angeles Angels,2,139,Tampa Bay Rays,6,1,8,4
716525,2023,2023-09-19,2023-09-19,R,145,Chicago White Sox,3,120,Washington Nationals,4,1,7,1
716494,2023,2023-09-20,2023-09-20,R,116,Detroit Tigers,4,119,Los Angeles Dodgers,2,0,6,-2
716495,2023,2023-09-20,2023-09-20,R,158,Milwaukee Brewers,8,138,St. Louis Cardinals,2,0,10,-6
716497,2023,2023-09-20,2023-09-20,R,134,Pittsburgh Pirates,13,112,Chicago Cubs,7,0,20,-6
716499,2023,2023-09-20,2023-09-20,R,137,San Francisco Giants,1,109,Arizona Diamondbacks,7,1,8,6
716500,2023,2023-09-20,2023-09-20,R,115,Colorado Rockies,2,135,San Diego Padres,3,1,5,1
716501,2023,2023-09-20,2023-09-20,R,108,Los Angeles Angels,8,139,Tampa Bay Rays,3,0,11,-5
716502,2023,2023-09-20,2023-09-20,R,141,Toronto Blue Jays,6,147,New York Yankees,1,0,7,-5
716503,2023,2023-09-20,2023-09-20,R,121,New York Mets,8,146,Miami Marlins,3,0,11,-5
716504,2023,2023-09-20,2023-09-20,R,136,Seattle Mariners,6,133,Athletics,3,0,9,-3
716505,2023,2023-09-20,2023-09-20,R,114,Cleveland Guardians,2,118,Kansas City Royals,6,1,8,4
716506,2023,2023-09-20,2023-09-20,R,142,Minnesota Twins,5,113,Cincinnati Reds,3,0,8,-2
716507,2023,2023-09-20,2023-09-20,R,111,Boston Red Sox,5,140,Texas Rangers,15,1,20,10
716508,2023,2023-09-20,2023-09-20,R,110,Baltimore Orioles,1,117,Houston Astros,2,1,3,1
716509,2023,2023-09-20,2023-09-20,R,143,Philadelphia Phillies,6,144,Atlanta Braves,5,0,11,-1
716513,2023,2023-09-20,2023-09-20,R,145,Chicago White Sox,3,120,Washington Nationals,13,1,16,10
716484,2023,2023-09-21,2023-09-21,R,137,San Francisco Giants,2,119,Los Angeles Dodgers,7,1,9,5
716488,2023,2023-09-21,2023-09-21,R,116,Detroit Tigers,7,133,Athletics,3,0,10,-4
716489,2023,2023-09-21,2023-09-21,R,110,Baltimore Orioles,2,114,Cleveland Guardians,5,1,7,3
716490,2023,2023-09-21,2023-09-21,R,121,New York Mets,4,143,Philadelphia Phillies,5,1,9,1
716491,2023,2023-09-21,2023-09-21,R,158,Milwaukee Brewers,6,138,St. Louis Cardinals,0,0,6,-6
716492,2023,2023-09-21,2023-09-21,R,141,Toronto Blue Jays,3,147,New York Yankees,5,1,8,2
716493,2023,2023-09-21,2023-09-21,R,134,Pittsburgh Pirates,8,112,Chicago Cubs,6,0,14,-2
716496,2023,2023-09-21,2023-09-21,R,144,Atlanta Braves,10,120,Washington Nationals,3,0,13,-7
716498,2023,2023-09-21,2023-09-21,R,108,Los Angeles Angels,4,139,Tampa Bay Rays,5,1,9,1
716472,2023,2023-09-22,2023-09-22,R,116,Detroit Tigers,2,133,Athletics,8,1,10,6
716473,2023,2023-09-22,2023-09-22,R,118,Kansas City Royals,7,117,Houston Astros,5,0,12,-2
716474,2023,2023-09-22,2023-09-22,R,137,San Francisco Giants,5,119,Los Angeles Dodgers,1,0,6,-4
716475,2023,2023-09-22,2023-09-22,R,108,Los Angeles Angels,6,142,Minnesota Twins,8,1,14,2
716476,2023,2023-09-22,2023-09-22,R,138,St. Louis Cardinals,2,135,San Diego Padres,4,1,6,2
716477,2023,2023-09-22,2023-09-22,R,136,Seattle Mariners,5,140,Texas Rangers,8,1,13,3
716478,2023,2023-09-22,2023-09-22,R,145,Chicago White Sox,2,111,Boston Red Sox,3,1,5,1
716479,2023,2023-09-22,2023-09-22,R,141,Toronto Blue Jays,6,139,Tampa Bay Rays,2,0,8,-4
716480,2023,2023-09-22,2023-09-22,R,109,Arizona Diamondbacks,1,147,New York Yankees,7,1,8,6
716481,2023,2023-09-22,2023-09-22,R,121,New York Mets,4,143,Philadelphia Phillies,5,1,9,1
716482,2023,2023-09-22,2023-09-22,R,158,Milwaukee Brewers,16,146,Miami Marlins,1,0,17,-15
716483,2023,2023-09-22,2023-09-22,R,110,Baltimore Orioles,8,114,Cleveland Guardians,9,1,17,1
716485,2023,2023-09-22,2023-09-22,R,144,Atlanta Braves,9,120,Washington Nationals,6,0,15,-3
716486,2023,2023-09-22,2023-09-22,R,115,Colorado Rockies,0,112,Chicago Cubs,6,1,6,6
716487,2023,2023-09-22,2023-09-22,R,134,Pittsburgh Pirates,7,113,Cincinnati Reds,5,0,12,-2
716455,2023,2023-09-23,2023-09-23,R,118,Kansas City Royals,3,117,Houston Astros,2,0,5,-1
716456,2023,2023-09-23,2023-09-23,R,137,San Francisco Giants,0,119,Los Angeles Dodgers,7,1,7,7
716457,2023,2023-09-23,2023-09-23,R,138,St. Louis Cardinals,5,135,San Diego Padres,2,0,7,-3
716460,2023,2023-09-23,2023-09-23,R,158,Milwaukee Brewers,4,146,Miami Marlins,5,1,9,1
716461,2023,2023-09-23,2023-09-23,R,136,Seattle Mariners,0,140,Texas Rangers,2,1,2,2
716462,2023,2023-09-23,2023-09-23,R,134,Pittsburgh Pirates,13,113,Cincinnati Reds,12,0,25,-1
716463,2023,2023-09-23,2023-09-23,R,141,Toronto Blue Jays,6,139,Tampa Bay Rays,7,1,13,1
716464,2023,2023-09-23,2023-09-23,R,110,Baltimore Orioles,2,114,Cleveland Guardians,1,0,3,-1
716465,2023,2023-09-23,2023-09-23,R,108,Los Angeles Angels,1,142,Minnesota Twins,0,0,1,-1
716466,2023,2023-09-23,2023-09-23,R,121,New York Mets,5,143,Philadelphia Phillies,7,1,12,2
716468,2023,2023-09-23,2023-09-23,R,145,Chicago White Sox,1,111,Boston Red Sox,0,0,1,-1
716469,2023,2023-09-23,2023-09-23,R,115,Colorado Rockies,3,112,Chicago Cubs,6,1,9,3
716470,2023,2023-09-23,2023-09-23,R,116,Detroit Tigers,1,133,Athletics,4,1,5,3
716439,2023,2023-09-24,2023-09-24,R,137,San Francisco Giants,2,119,Los Angeles Dodgers,3,1,5,1
716442,2023,2023-09-24,2023-09-24,R,116,Detroit Tigers,2,133,Athletics,0,0,2,-2
716444,2023,2023-09-24,2023-09-24,R,138,St. Louis Cardinals,2,135,San Diego Padres,12,1,14,10
716445,2023,2023-09-24,2023-09-24,R,108,Los Angeles Angels,3,142,Minnesota Twins,9,1,12,6
716446,2023,2023-09-24,2023-09-24,R,136,Seattle Mariners,8,140,Texas Rangers,9,1,17,1
716447,2023,2023-09-24,2023-09-24,R,158,Milwaukee Brewers,1,146,Miami Marlins,6,1,7,5
716448,2023,2023-09-24,2023-09-24,R,118,Kansas City Royals,6,117,Houston Astros,5,0,11,-1
716449,2023,2023-09-24,2023-09-24,R,115,Colorado Rockies,3,112,Chicago Cubs,4,1,7,1
716450,2023,2023-09-24,2023-09-24,R,110,Baltimore Orioles,5,114,Cleveland Guardians,1,0,6,-4
716451,2023,2023-09-24,2023-09-24,R,134,Pittsburgh Pirates,2,113,Cincinnati Reds,4,1,6,2
716452,2023,2023-09-24,2023-09-24,R,141,Toronto Blue Jays,9,139,Tampa Bay Rays,5,0,14,-4
716453,2023,2023-09-24,2023-09-24,R,145,Chicago White Sox,3,111,Boston Red Sox,2,0,5,-1
716454,2023,2023-09-24,2023-09-24,R,121,New York Mets,2,143,Philadelphia Phillies,5,1,7,3
716458,2023,2023-09-24,2023-09-24,R,109,Arizona Diamondbacks,7,147,New York Yankees,1,0,8,-6
716459,2023,2023-09-24,2023-09-24,R,144,Atlanta Braves,2,120,Washington Nationals,3,1,5,1
716467,2023,2023-09-24,2023-09-24,R,144,Atlanta Braves,8,120,Washington Nationals,5,0,13,-3
716436,2023,2023-09-25,2023-09-25,R,117,Houston Astros,5,136,Seattle Mariners,1,0,6,-4
716440,2023,2023-09-25,2023-09-25,R,140,Texas Rangers,5,108,Los Angeles Angels,1,0,6,-4
716441,2023,2023-09-25,2023-09-25,R,135,San Diego Padres,1,137,San Francisco Giants,2,1,3,1
716471,2023,2023-09-25,2023-09-25,R,109,Arizona Diamondbacks,4,147,New York Yankees,6,1,10,2
716421,2023,2023-09-26,2023-09-26,R,133,Athletics,3,142,Minnesota Twins,11,1,14,8
716422,2023,2023-09-26,2023-09-26,R,140,Texas Rangers,3,108,Los Angeles Angels,9,1,12,6
716423,2023,2023-09-26,2023-09-26,R,138,St. Louis Cardinals,4,158,Milwaukee Brewers,1,0,5,-3
716424,2023,2023-09-26,2023-09-26,R,119,Los Angeles Dodgers,11,115,Colorado Rockies,2,0,13,-9
716425,2023,2023-09-26,2023-09-26,R,117,Houston Astros,2,136,Seattle Mariners,6,1,8,4
716427,2023,2023-09-26,2023-09-26,R,109,Arizona Diamondbacks,15,145,Chicago White Sox,4,0,19,-11
716428,2023,2023-09-26,2023-09-26,R,139,Tampa Bay Rays,9,111,Boston Red Sox,7,0,16,-2
716429,2023,2023-09-26,2023-09-26,R,112,Chicago Cubs,6,144,Atlanta Braves,7,1,13,1
716431,2023,2023-09-26,2023-09-26,R,147,New York Yankees,2,141,Toronto Blue Jays,0,0,2,-2
716432,2023,2023-09-26,2023-09-26,R,134,Pittsburgh Pirates,2,143,Philadelphia Phillies,3,1,5,1
716433,2023,2023-09-26,2023-09-26,R,118,Kansas City Royals,3,116,Detroit Tigers,6,1,9,3
716434,2023,2023-09-26,2023-09-26,R,120,Washington Nationals,0,110,Baltimore Orioles,1,1,1,1
716435,2023,2023-09-26,2023-09-26,R,113,Cincinnati Reds,11,114,Cleveland Guardians,7,0,18,-4
716437,2023,2023-09-26,2023-09-26,R,135,San Diego Padres,4,137,San Francisco Giants,0,0,4,-4
716438,2023,2023-09-26,2023-09-26,R,119,Los Angeles Dodgers,1,115,Colorado Rockies,4,1,5,3
716406,2023,2023-09-27,2023-09-27,R,119,Los Angeles Dodgers,8,115,Colorado Rockies,2,0,10,-6
716407,2023,2023-09-27,2023-09-27,R,117,Houston Astros,8,136,Seattle Mariners,3,0,11,-5
716408,2023,2023-09-27,2023-09-27,R,138,St. Louis Cardinals,2,158,Milwaukee Brewers,3,1,5,1
716410,2023,2023-09-27,2023-09-27,R,133,Athletics,4,142,Minnesota Twins,6,1,10,2
716411,2023,2023-09-27,2023-09-27,R,146,Miami Marlins,2,121,New York Mets,11,1,13,9
716412,2023,2023-09-27,2023-09-27,R,112,Chicago Cubs,5,144,Atlanta Braves,6,1,11,1
716413,2023,2023-09-27,2023-09-27,R,147,New York Yankees,6,141,Toronto Blue Jays,0,0,6,-6
716414,2023,2023-09-27,2023-09-27,R,118,Kansas City Royals,0,116,Detroit Tigers,8,1,8,8
716415,2023,2023-09-27,2023-09-27,R,134,Pittsburgh Pirates,6,143,Philadelphia Phillies,7,1,13,1
716416,2023,2023-09-27,2023-09-27,R,120,Washington Nationals,1,110,Baltimore Orioles,5,1,6,4
716417,2023,2023-09-27,2023-09-27,R,109,Arizona Diamondbacks,3,145,Chicago White Sox,0,0,3,-3
716418,2023,2023-09-27,2023-09-27,R,113,Cincinnati Reds,3,114,Cleveland Guardians,4,1,7,1
716419,2023,2023-09-27,2023-09-27,R,139,Tampa Bay Rays,5,111,Boston Red Sox,0,0,5,-5
716420,2023,2023-09-27,2023-09-27,R,140,Texas Rangers,5,108,Los Angeles Angels,0,0,5,-5
716426,2023,2023-09-27,2023-09-27,R,135,San Diego Padres,5,137,San Francisco Giants,2,0,7,-3
716430,2023,2023-09-27,2023-09-27,R,146,Miami Marlins,4,121,New York Mets,2,0,6,-2
716396,2023,2023-09-28,2023-09-28,R,138,St. Louis Cardinals,0,158,Milwaukee Brewers,3,1,3,3
716397,2023,2023-09-28,2023-09-28,R,140,Texas Rangers,2,136,Seattle Mariners,3,1,5,1
716399,2023,2023-09-28,2023-09-28,R,112,Chicago Cubs,3,144,Atlanta Braves,5,1,8,2
716400,2023,2023-09-28,2023-09-28,R,133,Athletics,2,142,Minnesota Twins,1,0,3,-1
716401,2023,2023-09-28,2023-09-28,R,118,Kansas City Royals,3,116,Detroit Tigers,7,1,10,4
716402,2023,2023-09-28,2023-09-28,R,111,Boston Red Sox,0,110,Baltimore Orioles,2,1,2,2
716403,2023,2023-09-28,2023-09-28,R,147,New York Yankees,0,141,Toronto Blue Jays,6,1,6,6
716404,2023,2023-09-28,2023-09-28,R,146,Miami Marlins,0,121,New York Mets,1,1,1,1
716405,2023,2023-09-28,2023-09-28,R,119,Los Angeles Dodgers,5,115,Colorado Rockies,14,1,19,9
716409,2023,2023-09-28,2023-09-28,R,134,Pittsburgh Pirates,3,143,Philadelphia Phillies,2,0,5,-1
716443,2023,2023-09-28,2023-09-28,R,109,Arizona Diamondbacks,1,145,Chicago White Sox,3,1,4,2
716379,2023,2023-09-29,2023-09-29,R,140,Texas Rangers,0,136,Seattle Mariners,8,1,8,8
716382,2023,2023-09-29,2023-09-29,R,119,Los Angeles Dodgers,6,137,San Francisco Giants,2,0,8,-4
716384,2023,2023-09-29,2023-09-29,R,117,Houston Astros,2,109,Arizona Diamondbacks,1,0,3,-1
716385,2023,2023-09-29,2023-09-29,R,112,Chicago Cubs,3,158,Milwaukee Brewers,4,1,7,1
716386,2023,2023-09-29,2023-09-29,R,133,Athletics,1,108,Los Angeles Angels,5,1,6,4
716387,2023,2023-09-29,2023-09-29,R,142,Minnesota Twins,7,115,Colorado Rockies,6,0,13,-1
716388,2023,2023-09-29,2023-09-29,R,113,Cincinnati Reds,19,138,St. Louis Cardinals,2,0,21,-17
716389,2023,2023-09-29,2023-09-29,R,147,New York Yankees,5,118,Kansas City Royals,12,1,17,7
716390,2023,2023-09-29,2023-09-29,R,111,Boston Red Sox,3,110,Baltimore Orioles,0,0,3,-3
716391,2023,2023-09-29,2023-09-29,R,135,San Diego Padres,3,145,Chicago White Sox,2,0,5,-1
716392,2023,2023-09-29,2023-09-29,R,139,Tampa Bay Rays,4,141,Toronto Blue Jays,11,1,15,7
716394,2023,2023-09-29,2023-09-29,R,120,Washington Nationals,10,144,Atlanta Braves,6,0,16,-4
716395,2023,2023-09-29,2023-09-29,R,114,Cleveland Guardians,7,116,Detroit Tigers,5,0,12,-2
716398,2023,2023-09-29,2023-09-29,R,146,Miami Marlins,4,134,Pittsburgh Pirates,3,0,7,-1
716366,2023,2023-09-30,2023-09-30,R,140,Texas Rangers,6,136,Seattle Mariners,1,0,7,-5
716368,2023,2023-09-30,2023-09-30,R,142,Minnesota Twins,14,115,Colorado Rockies,6,0,20,-8
716369,2023,2023-09-30,2023-09-30,R,120,Washington Nationals,3,144,Atlanta Braves,5,1,8,2
716370,2023,2023-09-30,2023-09-30,R,117,Houston Astros,1,109,Arizona Diamondbacks,0,0,1,-1
716371,2023,2023-09-30,2023-09-30,R,133,Athletics,7,108,Los Angeles Angels,3,0,10,-4
716372,2023,2023-09-30,2023-09-30,R,113,Cincinnati Reds,6,138,St. Louis Cardinals,15,1,21,9
716373,2023,2023-09-30,2023-09-30,R,112,Chicago Cubs,10,158,Milwaukee Brewers,6,0,16,-4
716374,2023,2023-09-30,2023-09-30,R,135,San Diego Padres,6,145,Chicago White Sox,1,0,7,-5
716375,2023,2023-09-30,2023-09-30,R,147,New York Yankees,5,118,Kansas City Royals,2,0,7,-3
716376,2023,2023-09-30,2023-09-30,R,143,Philadelphia Phillies,3,121,New York Mets,4,1,7,1
716377,2023,2023-09-30,2023-09-30,R,111,Boston Red Sox,2,110,Baltimore Orioles,5,1,7,3
716378,2023,2023-09-30,2023-09-30,R,146,Miami Marlins,7,134,Pittsburgh Pirates,3,0,10,-4
716380,2023,2023-09-30,2023-09-30,R,114,Cleveland Guardians,0,116,Detroit Tigers,8,1,8,8
716381,2023,2023-09-30,2023-09-30,R,119,Los Angeles Dodgers,1,137,San Francisco Giants,2,1,3,1
716383,2023,2023-09-30,2023-09-30,R,139,Tampa Bay Rays,7,141,Toronto Blue Jays,5,0,12,-2
716393,2023,2023-09-30,2023-09-30,R,143,Philadelphia Phillies,4,121,New York Mets,11,1,15,7
716352,2023,2023-10-01,2023-10-01,R,147,New York Yankees,2,118,Kansas City Royals,5,1,7,3
716353,2023,2023-10-01,2023-10-01,R,113,Cincinnati Reds,3,138,St. Louis Cardinals,4,1,7,1
716354,2023,2023-10-01,2023-10-01,R,120,Washington Nationals,10,144,Atlanta Braves,9,0,19,-1
716355,2023,2023-10-01,2023-10-01,R,143,Philadelphia Phillies,9,121,New York Mets,1,0,10,-8
716356,2023,2023-10-01,2023-10-01,R,135,San Diego Padres,2,145,Chicago White Sox,1,0,3,-1
716357,2023,2023-10-01,2023-10-01,R,139,Tampa Bay Rays,12,141,Toronto Blue Jays,8,0,20,-4
716358,2023,2023-10-01,2023-10-01,R,117,Houston Astros,8,109,Arizona Diamondbacks,1,0,9,-7
716359,2023,2023-10-01,2023-10-01,R,142,Minnesota Twins,2,115,Colorado Rockies,3,1,5,1
716360,2023,2023-10-01,2023-10-01,R,140,Texas Rangers,0,136,Seattle Mariners,1,1,1,1
716361,2023,2023-10-01,2023-10-01,R,114,Cleveland Guardians,2,116,Detroit Tigers,5,1,7,3
716362,2023,2023-10-01,2023-10-01,R,146,Miami Marlins,0,134,Pittsburgh Pirates,3,1,3,3
716363,2023,2023-10-01,2023-10-01,R,119,Los Angeles Dodgers,5,137,San Francisco Giants,2,0,7,-3
716364,2023,2023-10-01,2023-10-01,R,112,Chicago Cubs,0,158,Milwaukee Brewers,4,1,4,4
716365,2023,2023-10-01,2023-10-01,R,133,Athletics,3,108,Los Angeles Angels,7,1,10,4
716367,2023,2023-10-01,2023-10-01,R,111,Boston Red Sox,6,110,Baltimore Orioles,1,0,7,-5
745444,2024,2024-03-20,2024-03-20,R,119,Los Angeles Dodgers,5,135,San Diego Padres,2,0,7,-3
746175,2024,2024-03-21,2024-03-21,R,135,San Diego Padres,15,119,Los Angeles Dodgers,11,0,26,-4
745039,2024,2024-03-28,2024-03-28,R,112,Chicago Cubs,3,140,Texas Rangers,4,1,7,1
745116,2024,2024-03-28,2024-03-28,R,141,Toronto Blue Jays,8,139,Tampa Bay Rays,2,0,10,-6
745283,2024,2024-03-28,2024-03-28,R,111,Boston Red Sox,6,136,Seattle Mariners,4,0,10,-2
745445,2024,2024-03-28,2024-03-28,R,137,San Francisco Giants,4,135,San Diego Padres,6,1,10,2
745687,2024,2024-03-28,2024-03-28,R,114,Cleveland Guardians,8,133,Athletics,0,0,8,-8
746089,2024,2024-03-28,2024-03-28,R,134,Pittsburgh Pirates,6,146,Miami Marlins,5,0,11,-1
746165,2024,2024-03-28,2024-03-28,R,138,St. Louis Cardinals,1,119,Los Angeles Dodgers,7,1,8,6
746335,2024,2024-03-28,2024-03-28,R,142,Minnesota Twins,4,118,Kansas City Royals,1,0,5,-3
746418,2024,2024-03-28,2024-03-28,R,147,New York Yankees,5,117,Houston Astros,4,0,9,-1
746737,2024,2024-03-28,2024-03-28,R,120,Washington Nationals,2,113,Cincinnati Reds,8,1,10,6
746821,2024,2024-03-28,2024-03-28,R,116,Detroit Tigers,1,145,Chicago White Sox,0,0,1,-1
747060,2024,2024-03-28,2024-03-28,R,108,Los Angeles Angels,3,110,Baltimore Orioles,11,1,14,8
747224,2024,2024-03-28,2024-03-28,R,115,Colorado Rockies,1,109,Arizona Diamondbacks,16,1,17,15
745117,2024,2024-03-29,2024-03-29,R,141,Toronto Blue Jays,2,139,Tampa Bay Rays,8,1,10,6
745276,2024,2024-03-29,2024-03-29,R,111,Boston Red Sox,0,136,Seattle Mariners,1,1,1,1
745435,2024,2024-03-29,2024-03-29,R,137,San Francisco Giants,8,135,San Diego Padres,3,0,11,-5
745604,2024,2024-03-29,2024-03-29,R,144,Atlanta Braves,9,143,Philadelphia Phillies,3,0,12,-6
745682,2024,2024-03-29,2024-03-29,R,114,Cleveland Guardians,6,133,Athletics,4,0,10,-2
745848,2024,2024-03-29,2024-03-29,R,158,Milwaukee Brewers,3,121,New York Mets,1,0,4,-2
746091,2024,2024-03-29,2024-03-29,R,134,Pittsburgh Pirates,7,146,Miami Marlins,2,0,9,-5
746167,2024,2024-03-29,2024-03-29,R,138,St. Louis Cardinals,3,119,Los Angeles Dodgers,6,1,9,3
746412,2024,2024-03-29,2024-03-29,R,147,New York Yankees,7,117,Houston Astros,1,0,8,-6
747223,2024,2024-03-29,2024-03-29,R,115,Colorado Rockies,3,109,Arizona Diamondbacks,7,1,10,4
745037,2024,2024-03-30,2024-03-30,R,112,Chicago Cubs,2,140,Texas Rangers,11,1,13,9
745119,2024,2024-03-30,2024-03-30,R,141,Toronto Blue Jays,1,139,Tampa Bay Rays,5,1,6,4
745278,2024,2024-03-30,2024-03-30,R,111,Boston Red Sox,3,136,Seattle Mariners,4,1,7,1
745436,2024,2024-03-30,2024-03-30,R,137,San Francisco Giants,9,135,San Diego Padres,6,0,15,-3
745599,2024,2024-03-30,2024-03-30,R,144,Atlanta Braves,12,143,Philadelphia Phillies,4,0,16,-8
745684,2024,2024-03-30,2024-03-30,R,114,Cleveland Guardians,12,133,Athletics,3,0,15,-9
745850,2024,2024-03-30,2024-03-30,R,158,Milwaukee Brewers,7,121,New York Mets,6,0,13,-1
746087,2024,2024-03-30,2024-03-30,R,134,Pittsburgh Pirates,9,146,Miami Marlins,3,0,12,-6
746168,2024,2024-03-30,2024-03-30,R,138,St. Louis Cardinals,6,119,Los Angeles Dodgers,5,0,11,-1
746333,2024,2024-03-30,2024-03-30,R,142,Minnesota Twins,5,118,Kansas City Royals,1,0,6,-4
746410,2024,2024-03-30,2024-03-30,R,147,New York Yankees,5,117,Houston Astros,3,0,8,-2
746736,2024,2024-03-30,2024-03-30,R,120,Washington Nationals,7,113,Cincinnati Reds,6,0,13,-1
746818,2024,2024-03-30,2024-03-30,R,116,Detroit Tigers,7,145,Chicago White Sox,6,0,13,-1
747063,2024,2024-03-30,2024-03-30,R,108,Los Angeles Angels,4,110,Baltimore Orioles,13,1,17,9
747221,2024,2024-03-30,2024-03-30,R,115,Colorado Rockies,9,109,Arizona Diamondbacks,4,0,13,-5
745035,2024,2024-03-31,2024-03-31,R,112,Chicago Cubs,9,140,Texas Rangers,5,0,14,-4
745115,2024,2024-03-31,2024-03-31,R,141,Toronto Blue Jays,9,139,Tampa Bay Rays,2,0,11,-7
745279,2024,2024-03-31,2024-03-31,R,111,Boston Red Sox,5,136,Seattle Mariners,1,0,6,-4
745438,2024,2024-03-31,2024-03-31,R,137,San Francisco Giants,4,135,San Diego Padres,13,1,17,9
745602,2024,2024-03-31,2024-03-31,R,144,Atlanta Braves,4,143,Philadelphia Phillies,5,1,9,1
745683,2024,2024-03-31,2024-03-31,R,114,Cleveland Guardians,3,133,Athletics,4,1,7,1
745845,2024,2024-03-31,2024-03-31,R,158,Milwaukee Brewers,4,121,New York Mets,1,0,5,-3
746090,2024,2024-03-31,2024-03-31,R,134,Pittsburgh Pirates,9,146,Miami Marlins,7,0,16,-2
746166,2024,2024-03-31,2024-03-31,R,138,St. Louis Cardinals,4,119,Los Angeles Dodgers,5,1,9,1
746332,2024,2024-03-31,2024-03-31,R,142,Minnesota Twins,0,118,Kansas City Royals,11,1,11,11
746413,2024,2024-03-31,2024-03-31,R,147,New York Yankees,4,117,Houston Astros,3,0,7,-1
746739,2024,2024-03-31,2024-03-31,R,120,Washington Nationals,5,113,Cincinnati Reds,6,1,11,1
746815,2024,2024-03-31,2024-03-31,R,116,Detroit Tigers,3,145,Chicago White Sox,2,0,5,-1
747062,2024,2024-03-31,2024-03-31,R,108,Los Angeles Angels,4,110,Baltimore Orioles,1,0,5,-3
747222,2024,2024-03-31,2024-03-31,R,115,Colorado Rockies,1,109,Arizona Diamondbacks,5,1,6,4
744875,2024,2024-04-01,2024-04-01,R,134,Pittsburgh Pirates,8,120,Washington Nationals,4,0,12,-4
745109,2024,2024-04-01,2024-04-01,R,140,Texas Rangers,9,139,Tampa Bay Rays,3,0,12,-6
745277,2024,2024-04-01,2024-04-01,R,114,Cleveland Guardians,4,136,Seattle Mariners,5,1,9,1
745437,2024,2024-04-01,2024-04-01,R,138,St. Louis Cardinals,6,135,San Diego Padres,2,0,8,-4
745600,2024,2024-04-01,2024-04-01,R,113,Cincinnati Reds,6,143,Philadelphia Phillies,3,0,9,-3
745675,2024,2024-04-01,2024-04-01,R,111,Boston Red Sox,9,133,Athletics,0,0,9,-9
745842,2024,2024-04-01,2024-04-01,R,116,Detroit Tigers,5,121,New York Mets,0,0,5,-5
746085,2024,2024-04-01,2024-04-01,R,108,Los Angeles Angels,7,146,Miami Marlins,4,0,11,-3
746170,2024,2024-04-01,2024-04-01,R,137,San Francisco Giants,3,119,Los Angeles Dodgers,8,1,11,5
746409,2024,2024-04-01,2024-04-01,R,141,Toronto Blue Jays,0,117,Houston Astros,10,1,10,10
746817,2024,2024-04-01,2024-04-01,R,144,Atlanta Braves,9,145,Chicago White Sox,0,0,9,-9
746899,2024,2024-04-01,2024-04-01,R,115,Colorado Rockies,0,112,Chicago Cubs,5,1,5,5
747058,2024,2024-04-01,2024-04-01,R,118,Kansas City Royals,4,110,Baltimore Orioles,6,1,10,2
747218,2024,2024-04-01,2024-04-01,R,147,New York Yankees,5,109,Arizona Diamondbacks,2,0,7,-3
745111,2024,2024-04-02,2024-04-02,R,140,Texas Rangers,2,139,Tampa Bay Rays,5,1,7,3
745273,2024,2024-04-02,2024-04-02,R,114,Cleveland Guardians,5,136,Seattle Mariners,2,0,7,-3
745439,2024,2024-04-02,2024-04-02,R,138,St. Louis Cardinals,5,135,San Diego Padres,2,0,7,-3
745598,2024,2024-04-02,2024-04-02,R,113,Cincinnati Reds,4,143,Philadelphia Phillies,9,1,13,5
745680,2024,2024-04-02,2024-04-02,R,111,Boston Red Sox,5,133,Athletics,4,0,9,-1
746009,2024,2024-04-02,2024-04-02,R,142,Minnesota Twins,2,158,Milwaukee Brewers,3,1,5,1
746086,2024,2024-04-02,2024-04-02,R,108,Los Angeles Angels,3,146,Miami Marlins,1,0,4,-2
746169,2024,2024-04-02,2024-04-02,R,137,San Francisco Giants,4,119,Los Angeles Dodgers,5,1,9,1
746411,2024,2024-04-02,2024-04-02,R,141,Toronto Blue Jays,2,117,Houston Astros,1,0,3,-1
746814,2024,2024-04-02,2024-04-02,R,144,Atlanta Braves,2,145,Chicago White Sox,3,1,5,1
746898,2024,2024-04-02,2024-04-02,R,115,Colorado Rockies,2,112,Chicago Cubs,12,1,14,10
747057,2024,2024-04-02,2024-04-02,R,118,Kansas City Royals,4,110,Baltimore Orioles,1,0,5,-3
747220,2024,2024-04-02,2024-04-02,R,147,New York Yankees,0,109,Arizona Diamondbacks,7,1,7,7
744869,2024,2024-04-03,2024-04-03,R,134,Pittsburgh Pirates,3,120,Washington Nationals,5,1,8,2
745114,2024,2024-04-03,2024-04-03,R,140,Texas Rangers,4,139,Tampa Bay Rays,1,0,5,-3
745275,2024,2024-04-03,2024-04-03,R,114,Cleveland Guardians,8,136,Seattle Mariners,0,0,8,-8
745440,2024,2024-04-03,2024-04-03,R,138,St. Louis Cardinals,2,135,San Diego Padres,3,1,5,1
745603,2024,2024-04-03,2024-04-03,R,113,Cincinnati Reds,4,143,Philadelphia Phillies,1,0,5,-3
745678,2024,2024-04-03,2024-04-03,R,111,Boston Red Sox,1,133,Athletics,0,0,1,-1
746008,2024,2024-04-03,2024-04-03,R,142,Minnesota Twins,7,158,Milwaukee Brewers,3,0,10,-4
746083,2024,2024-04-03,2024-04-03,R,108,Los Angeles Angels,10,146,Miami Marlins,2,0,12,-8
746163,2024,2024-04-03,2024-04-03,R,137,San Francisco Giants,4,119,Los Angeles Dodgers,5,1,9,1
746407,2024,2024-04-03,2024-04-03,R,141,Toronto Blue Jays,0,117,Houston Astros,8,1,8,8
746900,2024,2024-04-03,2024-04-03,R,115,Colorado Rockies,8,112,Chicago Cubs,9,1,17,1
747059,2024,2024-04-03,2024-04-03,R,118,Kansas City Royals,3,110,Baltimore Orioles,4,1,7,1
747219,2024,2024-04-03,2024-04-03,R,147,New York Yankees,6,109,Arizona Diamondbacks,5,0,11,-1
744870,2024,2024-04-04,2024-04-04,R,134,Pittsburgh Pirates,7,120,Washington Nationals,4,0,11,-3
745200,2024,2024-04-04,2024-04-04,R,146,Miami Marlins,5,138,St. Louis Cardinals,8,1,13,3
745843,2024,2024-04-04,2024-04-04,R,116,Detroit Tigers,1,121,New York Mets,2,1,3,1
745844,2024,2024-04-04,2024-04-04,R,116,Detroit Tigers,6,121,New York Mets,3,0,9,-3
745928,2024,2024-04-04,2024-04-04,R,114,Cleveland Guardians,4,142,Minnesota Twins,2,0,6,-2
746327,2024,2024-04-04,2024-04-04,R,145,Chicago White Sox,1,118,Kansas City Royals,10,1,11,9
744874,2024,2024-04-05,2024-04-05,R,143,Philadelphia Phillies,4,120,Washington Nationals,0,0,4,-4
745033,2024,2024-04-05,2024-04-05,R,117,Houston Astros,2,140,Texas Rangers,10,1,12,8
745361,2024,2024-04-05,2024-04-05,R,135,San Diego Padres,2,137,San Francisco Giants,3,1,5,1
745524,2024,2024-04-05,2024-04-05,R,110,Baltimore Orioles,5,134,Pittsburgh Pirates,2,0,7,-3
745764,2024,2024-04-05,2024-04-05,R,141,Toronto Blue Jays,3,147,New York Yankees,0,0,3,-3
746007,2024,2024-04-05,2024-04-05,R,136,Seattle Mariners,5,158,Milwaukee Brewers,6,1,11,1
746249,2024,2024-04-05,2024-04-05,R,111,Boston Red Sox,8,108,Los Angeles Angels,6,0,14,-2
746328,2024,2024-04-05,2024-04-05,R,145,Chicago White Sox,1,118,Kansas City Royals,2,1,3,1
746497,2024,2024-04-05,2024-04-05,R,133,Athletics,4,116,Detroit Tigers,5,1,9,1
746576,2024,2024-04-05,2024-04-05,R,139,Tampa Bay Rays,7,115,Colorado Rockies,10,1,17,3
746733,2024,2024-04-05,2024-04-05,R,121,New York Mets,3,113,Cincinnati Reds,2,0,5,-1
746897,2024,2024-04-05,2024-04-05,R,119,Los Angeles Dodgers,7,112,Chicago Cubs,9,1,16,2
747143,2024,2024-04-05,2024-04-05,R,109,Arizona Diamondbacks,5,144,Atlanta Braves,6,1,11,1
744873,2024,2024-04-06,2024-04-06,R,143,Philadelphia Phillies,5,120,Washington Nationals,2,0,7,-3
745031,2024,2024-04-06,2024-04-06,R,117,Houston Astros,2,140,Texas Rangers,7,1,9,5
745197,2024,2024-04-06,2024-04-06,R,146,Miami Marlins,1,138,St. Louis Cardinals,3,1,4,2
745359,2024,2024-04-06,2024-04-06,R,135,San Diego Padres,4,137,San Francisco Giants,0,0,4,-4
745522,2024,2024-04-06,2024-04-06,R,110,Baltimore Orioles,4,134,Pittsburgh Pirates,5,1,9,1
745766,2024,2024-04-06,2024-04-06,R,141,Toronto Blue Jays,8,147,New York Yankees,9,1,17,1
745926,2024,2024-04-06,2024-04-06,R,114,Cleveland Guardians,3,142,Minnesota Twins,1,0,4,-2
746006,2024,2024-04-06,2024-04-06,R,136,Seattle Mariners,5,158,Milwaukee Brewers,3,0,8,-2
746248,2024,2024-04-06,2024-04-06,R,111,Boston Red Sox,1,108,Los Angeles Angels,2,1,3,1
746329,2024,2024-04-06,2024-04-06,R,145,Chicago White Sox,0,118,Kansas City Royals,3,1,3,3
746498,2024,2024-04-06,2024-04-06,R,133,Athletics,4,116,Detroit Tigers,0,0,4,-4
746575,2024,2024-04-06,2024-04-06,R,139,Tampa Bay Rays,8,115,Colorado Rockies,6,0,14,-2
746731,2024,2024-04-06,2024-04-06,R,121,New York Mets,6,113,Cincinnati Reds,9,1,15,3
746896,2024,2024-04-06,2024-04-06,R,119,Los Angeles Dodgers,4,112,Chicago Cubs,1,0,5,-3
747140,2024,2024-04-06,2024-04-06,R,109,Arizona Diamondbacks,8,144,Atlanta Braves,9,1,17,1
744871,2024,2024-04-07,2024-04-07,R,143,Philadelphia Phillies,2,120,Washington Nationals,3,1,5,1
745032,2024,2024-04-07,2024-04-07,R,117,Houston Astros,3,140,Texas Rangers,1,0,4,-2
745198,2024,2024-04-07,2024-04-07,R,146,Miami Marlins,10,138,St. Louis Cardinals,3,0,13,-7
745362,2024,2024-04-07,2024-04-07,R,135,San Diego Padres,2,137,San Francisco Giants,3,1,5,1
745523,2024,2024-04-07,2024-04-07,R,110,Baltimore Orioles,2,134,Pittsburgh Pirates,3,1,5,1
745765,2024,2024-04-07,2024-04-07,R,141,Toronto Blue Jays,3,147,New York Yankees,8,1,11,5
746003,2024,2024-04-07,2024-04-07,R,136,Seattle Mariners,4,158,Milwaukee Brewers,12,1,16,8
746251,2024,2024-04-07,2024-04-07,R,111,Boston Red Sox,12,108,Los Angeles Angels,2,0,14,-10
746330,2024,2024-04-07,2024-04-07,R,145,Chicago White Sox,3,118,Kansas City Royals,5,1,8,2
746493,2024,2024-04-07,2024-04-07,R,133,Athletics,7,116,Detroit Tigers,1,0,8,-6
746574,2024,2024-04-07,2024-04-07,R,139,Tampa Bay Rays,3,115,Colorado Rockies,2,0,5,-1
746734,2024,2024-04-07,2024-04-07,R,121,New York Mets,3,113,Cincinnati Reds,1,0,4,-2
746895,2024,2024-04-07,2024-04-07,R,119,Los Angeles Dodgers,1,112,Chicago Cubs,8,1,9,7
747141,2024,2024-04-07,2024-04-07,R,109,Arizona Diamondbacks,2,144,Atlanta Braves,5,1,7,3
744956,2024,2024-04-08,2024-04-08,R,136,Seattle Mariners,2,141,Toronto Blue Jays,5,1,7,3
745034,2024,2024-04-08,2024-04-08,R,117,Houston Astros,10,140,Texas Rangers,5,0,15,-5
745194,2024,2024-04-08,2024-04-08,R,143,Philadelphia Phillies,5,138,St. Louis Cardinals,3,0,8,-2
745363,2024,2024-04-08,2024-04-08,R,120,Washington Nationals,8,137,San Francisco Giants,1,0,9,-7
745432,2024,2024-04-08,2024-04-08,R,112,Chicago Cubs,8,135,San Diego Padres,9,1,17,1
745520,2024,2024-04-08,2024-04-08,R,116,Detroit Tigers,4,134,Pittsburgh Pirates,7,1,11,3
745761,2024,2024-04-08,2024-04-08,R,146,Miami Marlins,0,147,New York Yankees,7,1,7,7
745925,2024,2024-04-08,2024-04-08,R,119,Los Angeles Dodgers,4,142,Minnesota Twins,2,0,6,-2
746252,2024,2024-04-08,2024-04-08,R,139,Tampa Bay Rays,1,108,Los Angeles Angels,7,1,8,6
746569,2024,2024-04-08,2024-04-08,R,109,Arizona Diamondbacks,5,115,Colorado Rockies,7,1,12,2
746654,2024,2024-04-08,2024-04-08,R,145,Chicago White Sox,0,114,Cleveland Guardians,4,1,4,4
746735,2024,2024-04-08,2024-04-08,R,158,Milwaukee Brewers,8,113,Cincinnati Reds,10,1,18,2
747142,2024,2024-04-08,2024-04-08,R,121,New York Mets,8,144,Atlanta Braves,7,0,15,-1
744957,2024,2024-04-09,2024-04-09,R,136,Seattle Mariners,3,141,Toronto Blue Jays,5,1,8,2
745030,2024,2024-04-09,2024-04-09,R,133,Athletics,4,140,Texas Rangers,3,0,7,-1
745195,2024,2024-04-09,2024-04-09,R,143,Philadelphia Phillies,0,138,St. Louis Cardinals,3,1,3,3
745357,2024,2024-04-09,2024-04-09,R,120,Washington Nationals,5,137,San Francisco Giants,3,0,8,-2
745433,2024,2024-04-09,2024-04-09,R,112,Chicago Cubs,5,135,San Diego Padres,1,0,6,-4
745517,2024,2024-04-09,2024-04-09,R,116,Detroit Tigers,5,134,Pittsburgh Pirates,3,0,8,-2
745762,2024,2024-04-09,2024-04-09,R,146,Miami Marlins,2,147,New York Yankees,3,1,5,1
745924,2024,2024-04-09,2024-04-09,R,119,Los Angeles Dodgers,6,142,Minnesota Twins,3,0,9,-3
746250,2024,2024-04-09,2024-04-09,R,139,Tampa Bay Rays,6,108,Los Angeles Angels,4,0,10,-2
746326,2024,2024-04-09,2024-04-09,R,117,Houston Astros,3,118,Kansas City Royals,4,1,7,1
746571,2024,2024-04-09,2024-04-09,R,109,Arizona Diamondbacks,3,115,Colorado Rockies,2,0,5,-1
746653,2024,2024-04-09,2024-04-09,R,145,Chicago White Sox,7,114,Cleveland Guardians,5,0,12,-2
746732,2024,2024-04-09,2024-04-09,R,158,Milwaukee Brewers,9,113,Cincinnati Reds,5,0,14,-4
746981,2024,2024-04-09,2024-04-09,R,110,Baltimore Orioles,7,111,Boston Red Sox,1,0,8,-6
747138,2024,2024-04-09,2024-04-09,R,121,New York Mets,5,144,Atlanta Braves,6,1,11,1
744950,2024,2024-04-10,2024-04-10,R,136,Seattle Mariners,6,141,Toronto Blue Jays,1,0,7,-5
745024,2024,2024-04-10,2024-04-10,R,133,Athletics,2,140,Texas Rangers,6,1,8,4
745196,2024,2024-04-10,2024-04-10,R,143,Philadelphia Phillies,4,138,St. Louis Cardinals,3,0,7,-1
745355,2024,2024-04-10,2024-04-10,R,120,Washington Nationals,1,137,San Francisco Giants,7,1,8,6
745429,2024,2024-04-10,2024-04-10,R,112,Chicago Cubs,2,135,San Diego Padres,10,1,12,8
745763,2024,2024-04-10,2024-04-10,R,146,Miami Marlins,5,147,New York Yankees,2,0,7,-3
745923,2024,2024-04-10,2024-04-10,R,119,Los Angeles Dodgers,2,142,Minnesota Twins,3,1,5,1
746247,2024,2024-04-10,2024-04-10,R,139,Tampa Bay Rays,4,108,Los Angeles Angels,2,0,6,-2
746323,2024,2024-04-10,2024-04-10,R,117,Houston Astros,2,118,Kansas City Royals,11,1,13,9
746573,2024,2024-04-10,2024-04-10,R,109,Arizona Diamondbacks,5,115,Colorado Rockies,3,0,8,-2
746655,2024,2024-04-10,2024-04-10,R,145,Chicago White Sox,6,114,Cleveland Guardians,7,1,13,1
746728,2024,2024-04-10,2024-04-10,R,158,Milwaukee Brewers,7,113,Cincinnati Reds,2,0,9,-5
746980,2024,2024-04-10,2024-04-10,R,110,Baltimore Orioles,7,111,Boston Red Sox,5,0,12,-2
745029,2024,2024-04-11,2024-04-11,R,133,Athletics,1,140,Texas Rangers,0,0,1,-1
745601,2024,2024-04-11,2024-04-11,R,134,Pittsburgh Pirates,1,143,Philadelphia Phillies,5,1,6,4
746322,2024,2024-04-11,2024-04-11,R,117,Houston Astros,3,118,Kansas City Royals,13,1,16,10
746977,2024,2024-04-11,2024-04-11,R,110,Baltimore Orioles,9,111,Boston Red Sox,4,0,13,-5
747137,2024,2024-04-11,2024-04-11,R,121,New York Mets,16,144,Atlanta Braves,4,0,20,-12
744954,2024,2024-04-12,2024-04-12,R,115,Colorado Rockies,12,141,Toronto Blue Jays,4,0,16,-8
745112,2024,2024-04-12,2024-04-12,R,137,San Francisco Giants,1,139,Tampa Bay Rays,2,1,3,1
745274,2024,2024-04-12,2024-04-12,R,112,Chicago Cubs,2,136,Seattle Mariners,4,1,6,2
745596,2024,2024-04-12,2024-04-12,R,134,Pittsburgh Pirates,5,143,Philadelphia Phillies,2,0,7,-3
745679,2024,2024-04-12,2024-04-12,R,120,Washington Nationals,1,133,Athletics,2,1,3,1
745838,2024,2024-04-12,2024-04-12,R,118,Kansas City Royals,1,121,New York Mets,6,1,7,5
746084,2024,2024-04-12,2024-04-12,R,144,Atlanta Braves,8,146,Miami Marlins,1,0,9,-7
746162,2024,2024-04-12,2024-04-12,R,135,San Diego Padres,8,119,Los Angeles Dodgers,7,0,15,-1
746408,2024,2024-04-12,2024-04-12,R,140,Texas Rangers,12,117,Houston Astros,8,0,20,-4
746491,2024,2024-04-12,2024-04-12,R,142,Minnesota Twins,2,116,Detroit Tigers,8,1,10,6
746812,2024,2024-04-12,2024-04-12,R,113,Cincinnati Reds,11,145,Chicago White Sox,1,0,12,-10
746978,2024,2024-04-12,2024-04-12,R,108,Los Angeles Angels,7,111,Boston Red Sox,0,0,7,-7
747055,2024,2024-04-12,2024-04-12,R,158,Milwaukee Brewers,11,110,Baltimore Orioles,1,0,12,-10
747217,2024,2024-04-12,2024-04-12,R,138,St. Louis Cardinals,9,109,Arizona Diamondbacks,6,0,15,-3
744953,2024,2024-04-13,2024-04-13,R,115,Colorado Rockies,3,141,Toronto Blue Jays,5,1,8,2
745110,2024,2024-04-13,2024-04-13,R,137,San Francisco Giants,11,139,Tampa Bay Rays,2,0,13,-9
745272,2024,2024-04-13,2024-04-13,R,112,Chicago Cubs,4,136,Seattle Mariners,1,0,5,-3
745594,2024,2024-04-13,2024-04-13,R,134,Pittsburgh Pirates,3,143,Philadelphia Phillies,4,1,7,1
745676,2024,2024-04-13,2024-04-13,R,120,Washington Nationals,3,133,Athletics,1,0,4,-2
745839,2024,2024-04-13,2024-04-13,R,118,Kansas City Royals,11,121,New York Mets,7,0,18,-4
746082,2024,2024-04-13,2024-04-13,R,144,Atlanta Braves,1,146,Miami Marlins,5,1,6,4
746161,2024,2024-04-13,2024-04-13,R,135,San Diego Padres,2,119,Los Angeles Dodgers,5,1,7,3
746405,2024,2024-04-13,2024-04-13,R,140,Texas Rangers,2,117,Houston Astros,9,1,11,7
746489,2024,2024-04-13,2024-04-13,R,142,Minnesota Twins,11,116,Detroit Tigers,5,0,16,-6
746490,2024,2024-04-13,2024-04-13,R,142,Minnesota Twins,4,116,Detroit Tigers,1,0,5,-3
746656,2024,2024-04-13,2024-04-13,R,147,New York Yankees,3,114,Cleveland Guardians,2,0,5,-1
746658,2024,2024-04-13,2024-04-13,R,147,New York Yankees,8,114,Cleveland Guardians,2,0,10,-6
746811,2024,2024-04-13,2024-04-13,R,113,Cincinnati Reds,5,145,Chicago White Sox,0,0,5,-5
746979,2024,2024-04-13,2024-04-13,R,108,Los Angeles Angels,2,111,Boston Red Sox,7,1,9,5
747054,2024,2024-04-13,2024-04-13,R,158,Milwaukee Brewers,11,110,Baltimore Orioles,5,0,16,-6
747215,2024,2024-04-13,2024-04-13,R,138,St. Louis Cardinals,2,109,Arizona Diamondbacks,4,1,6,2
744952,2024,2024-04-14,2024-04-14,R,115,Colorado Rockies,0,141,Toronto Blue Jays,5,1,5,5
745113,2024,2024-04-14,2024-04-14,R,137,San Francisco Giants,4,139,Tampa Bay Rays,9,1,13,5
745271,2024,2024-04-14,2024-04-14,R,112,Chicago Cubs,3,136,Seattle Mariners,2,0,5,-1
745595,2024,2024-04-14,2024-04-14,R,134,Pittsburgh Pirates,9,143,Philadelphia Phillies,2,0,11,-7
745681,2024,2024-04-14,2024-04-14,R,120,Washington Nationals,6,133,Athletics,7,1,13,1
745841,2024,2024-04-14,2024-04-14,R,118,Kansas City Royals,1,121,New York Mets,2,1,3,1
746079,2024,2024-04-14,2024-04-14,R,144,Atlanta Braves,9,146,Miami Marlins,7,0,16,-2
746164,2024,2024-04-14,2024-04-14,R,135,San Diego Padres,6,119,Los Angeles Dodgers,3,0,9,-3
746404,2024,2024-04-14,2024-04-14,R,140,Texas Rangers,5,117,Houston Astros,8,1,13,3
746492,2024,2024-04-14,2024-04-14,R,142,Minnesota Twins,3,116,Detroit Tigers,4,1,7,1
746648,2024,2024-04-14,2024-04-14,R,147,New York Yankees,7,114,Cleveland Guardians,8,1,15,1
746810,2024,2024-04-14,2024-04-14,R,113,Cincinnati Reds,11,145,Chicago White Sox,4,0,15,-7
746975,2024,2024-04-14,2024-04-14,R,108,Los Angeles Angels,4,111,Boston Red Sox,5,1,9,1
747056,2024,2024-04-14,2024-04-14,R,158,Milwaukee Brewers,4,110,Baltimore Orioles,6,1,10,2
747216,2024,2024-04-14,2024-04-14,R,138,St. Louis Cardinals,0,109,Arizona Diamondbacks,5,1,5,5
744951,2024,2024-04-15,2024-04-15,R,147,New York Yankees,1,141,Toronto Blue Jays,3,1,4,2
745106,2024,2024-04-15,2024-04-15,R,108,Los Angeles Angels,7,139,Tampa Bay Rays,3,0,10,-4
745268,2024,2024-04-15,2024-04-15,R,113,Cincinnati Reds,3,136,Seattle Mariners,9,1,12,6
745597,2024,2024-04-15,2024-04-15,R,115,Colorado Rockies,1,143,Philadelphia Phillies,2,1,3,1
745677,2024,2024-04-15,2024-04-15,R,138,St. Louis Cardinals,3,133,Athletics,1,0,4,-2
745840,2024,2024-04-15,2024-04-15,R,134,Pittsburgh Pirates,3,121,New York Mets,6,1,9,3
746002,2024,2024-04-15,2024-04-15,R,135,San Diego Padres,7,158,Milwaukee Brewers,3,0,10,-4
746080,2024,2024-04-15,2024-04-15,R,137,San Francisco Giants,4,146,Miami Marlins,3,0,7,-1
746158,2024,2024-04-15,2024-04-15,R,120,Washington Nationals,6,119,Los Angeles Dodgers,4,0,10,-2
746406,2024,2024-04-15,2024-04-15,R,144,Atlanta Braves,6,117,Houston Astros,1,0,7,-5
746488,2024,2024-04-15,2024-04-15,R,140,Texas Rangers,1,116,Detroit Tigers,0,0,1,-1
746813,2024,2024-04-15,2024-04-15,R,118,Kansas City Royals,2,145,Chicago White Sox,0,0,2,-2
746974,2024,2024-04-15,2024-04-15,R,114,Cleveland Guardians,6,111,Boston Red Sox,0,0,6,-6
747053,2024,2024-04-15,2024-04-15,R,142,Minnesota Twins,4,110,Baltimore Orioles,7,1,11,3
747213,2024,2024-04-15,2024-04-15,R,112,Chicago Cubs,3,109,Arizona Diamondbacks,2,0,5,-1
744944,2024,2024-04-16,2024-04-16,R,147,New York Yankees,4,141,Toronto Blue Jays,5,1,9,1
745108,2024,2024-04-16,2024-04-16,R,108,Los Angeles Angels,6,139,Tampa Bay Rays,7,1,13,1
745270,2024,2024-04-16,2024-04-16,R,113,Cincinnati Reds,1,136,Seattle Mariners,3,1,4,2
745593,2024,2024-04-16,2024-04-16,R,115,Colorado Rockies,0,143,Philadelphia Phillies,5,1,5,5
745674,2024,2024-04-16,2024-04-16,R,138,St. Louis Cardinals,3,133,Athletics,2,0,5,-1
745837,2024,2024-04-16,2024-04-16,R,134,Pittsburgh Pirates,1,121,New York Mets,3,1,4,2
746004,2024,2024-04-16,2024-04-16,R,135,San Diego Padres,6,158,Milwaukee Brewers,3,0,9,-3
746081,2024,2024-04-16,2024-04-16,R,137,San Francisco Giants,3,146,Miami Marlins,6,1,9,3
746157,2024,2024-04-16,2024-04-16,R,120,Washington Nationals,2,119,Los Angeles Dodgers,6,1,8,4
746400,2024,2024-04-16,2024-04-16,R,144,Atlanta Braves,6,117,Houston Astros,2,0,8,-4
746486,2024,2024-04-16,2024-04-16,R,140,Texas Rangers,2,116,Detroit Tigers,4,1,6,2
746976,2024,2024-04-16,2024-04-16,R,114,Cleveland Guardians,10,111,Boston Red Sox,7,0,17,-3
747051,2024,2024-04-16,2024-04-16,R,142,Minnesota Twins,3,110,Baltimore Orioles,11,1,14,8
747214,2024,2024-04-16,2024-04-16,R,112,Chicago Cubs,11,109,Arizona Diamondbacks,12,1,23,1
744948,2024,2024-04-17,2024-04-17,R,147,New York Yankees,6,141,Toronto Blue Jays,4,0,10,-2
745105,2024,2024-04-17,2024-04-17,R,108,Los Angeles Angels,5,139,Tampa Bay Rays,4,0,9,-1
745267,2024,2024-04-17,2024-04-17,R,113,Cincinnati Reds,1,136,Seattle Mariners,5,1,6,4
745591,2024,2024-04-17,2024-04-17,R,115,Colorado Rockies,6,143,Philadelphia Phillies,7,1,13,1
745671,2024,2024-04-17,2024-04-17,R,138,St. Louis Cardinals,3,133,Athletics,6,1,9,3
745836,2024,2024-04-17,2024-04-17,R,134,Pittsburgh Pirates,1,121,New York Mets,9,1,10,8
746005,2024,2024-04-17,2024-04-17,R,135,San Diego Padres,0,158,Milwaukee Brewers,1,1,1,1
746076,2024,2024-04-17,2024-04-17,R,137,San Francisco Giants,3,146,Miami Marlins,1,0,4,-2
746159,2024,2024-04-17,2024-04-17,R,120,Washington Nationals,2,119,Los Angeles Dodgers,0,0,2,-2
746401,2024,2024-04-17,2024-04-17,R,144,Atlanta Braves,5,117,Houston Astros,4,0,9,-1
746487,2024,2024-04-17,2024-04-17,R,140,Texas Rangers,5,116,Detroit Tigers,4,0,9,-1
746807,2024,2024-04-17,2024-04-17,R,118,Kansas City Royals,4,145,Chicago White Sox,2,0,6,-2
746809,2024,2024-04-17,2024-04-17,R,118,Kansas City Royals,1,145,Chicago White Sox,2,1,3,1
746973,2024,2024-04-17,2024-04-17,R,114,Cleveland Guardians,0,111,Boston Red Sox,2,1,2,2
747049,2024,2024-04-17,2024-04-17,R,142,Minnesota Twins,2,110,Baltimore Orioles,4,1,6,2
747212,2024,2024-04-17,2024-04-17,R,112,Chicago Cubs,5,109,Arizona Diamondbacks,3,0,8,-2
745104,2024,2024-04-18,2024-04-18,R,108,Los Angeles Angels,1,139,Tampa Bay Rays,2,1,3,1
745356,2024,2024-04-18,2024-04-18,R,109,Arizona Diamondbacks,0,137,San Francisco Giants,5,1,5,5
746485,2024,2024-04-18,2024-04-18,R,140,Texas Rangers,9,116,Detroit Tigers,7,0,16,-2
746970,2024,2024-04-18,2024-04-18,R,114,Cleveland Guardians,5,111,Boston Red Sox,4,0,9,-1
744872,2024,2024-04-19,2024-04-19,R,117,Houston Astros,5,120,Washington Nationals,3,0,8,-2
745189,2024,2024-04-19,2024-04-19,R,158,Milwaukee Brewers,2,138,St. Louis Cardinals,1,0,3,-1
745352,2024,2024-04-19,2024-04-19,R,109,Arizona Diamondbacks,17,137,San Francisco Giants,1,0,18,-16
745430,2024,2024-04-19,2024-04-19,R,141,Toronto Blue Jays,5,135,San Diego Padres,1,0,6,-4
745518,2024,2024-04-19,2024-04-19,R,111,Boston Red Sox,8,134,Pittsburgh Pirates,1,0,9,-7
745592,2024,2024-04-19,2024-04-19,R,145,Chicago White Sox,0,143,Philadelphia Phillies,7,1,7,7
745758,2024,2024-04-19,2024-04-19,R,139,Tampa Bay Rays,3,147,New York Yankees,5,1,8,2
745922,2024,2024-04-19,2024-04-19,R,116,Detroit Tigers,5,142,Minnesota Twins,4,0,9,-1
746160,2024,2024-04-19,2024-04-19,R,121,New York Mets,9,119,Los Angeles Dodgers,4,0,13,-5
746325,2024,2024-04-19,2024-04-19,R,110,Baltimore Orioles,4,118,Kansas City Royals,9,1,13,5
746650,2024,2024-04-19,2024-04-19,R,133,Athletics,2,114,Cleveland Guardians,10,1,12,8
746729,2024,2024-04-19,2024-04-19,R,108,Los Angeles Angels,1,113,Cincinnati Reds,7,1,8,6
746892,2024,2024-04-19,2024-04-19,R,146,Miami Marlins,3,112,Chicago Cubs,8,1,11,5
747136,2024,2024-04-19,2024-04-19,R,140,Texas Rangers,3,144,Atlanta Braves,8,1,11,5
744865,2024,2024-04-20,2024-04-20,R,117,Houston Astros,4,120,Washington Nationals,5,1,9,1
745190,2024,2024-04-20,2024-04-20,R,158,Milwaukee Brewers,12,138,St. Louis Cardinals,5,0,17,-7
745354,2024,2024-04-20,2024-04-20,R,109,Arizona Diamondbacks,3,137,San Francisco Giants,7,1,10,4
745431,2024,2024-04-20,2024-04-20,R,141,Toronto Blue Jays,5,135,San Diego Padres,2,0,7,-3
745515,2024,2024-04-20,2024-04-20,R,111,Boston Red Sox,4,134,Pittsburgh Pirates,2,0,6,-2
745590,2024,2024-04-20,2024-04-20,R,145,Chicago White Sox,5,143,Philadelphia Phillies,9,1,14,4
745760,2024,2024-04-20,2024-04-20,R,139,Tampa Bay Rays,2,147,New York Yankees,0,0,2,-2
745921,2024,2024-04-20,2024-04-20,R,116,Detroit Tigers,3,142,Minnesota Twins,4,1,7,1
746156,2024,2024-04-20,2024-04-20,R,121,New York Mets,6,119,Los Angeles Dodgers,4,0,10,-2
746324,2024,2024-04-20,2024-04-20,R,110,Baltimore Orioles,9,118,Kansas City Royals,7,0,16,-2
746570,2024,2024-04-20,2024-04-20,R,136,Seattle Mariners,7,115,Colorado Rockies,0,0,7,-7
746651,2024,2024-04-20,2024-04-20,R,133,Athletics,3,114,Cleveland Guardians,6,1,9,3
746726,2024,2024-04-20,2024-04-20,R,108,Los Angeles Angels,5,113,Cincinnati Reds,7,1,12,2
746891,2024,2024-04-20,2024-04-20,R,146,Miami Marlins,3,112,Chicago Cubs,5,1,8,2
746893,2024,2024-04-20,2024-04-20,R,146,Miami Marlins,3,112,Chicago Cubs,2,0,5,-1
747135,2024,2024-04-20,2024-04-20,R,140,Texas Rangers,2,144,Atlanta Braves,5,1,7,3
744866,2024,2024-04-21,2024-04-21,R,117,Houston Astros,0,120,Washington Nationals,6,1,6,6
745192,2024,2024-04-21,2024-04-21,R,158,Milwaukee Brewers,2,138,St. Louis Cardinals,0,0,2,-2
745353,2024,2024-04-21,2024-04-21,R,109,Arizona Diamondbacks,5,137,San Francisco Giants,3,0,8,-2
745434,2024,2024-04-21,2024-04-21,R,141,Toronto Blue Jays,3,135,San Diego Padres,6,1,9,3
745514,2024,2024-04-21,2024-04-21,R,111,Boston Red Sox,6,134,Pittsburgh Pirates,1,0,7,-5
745588,2024,2024-04-21,2024-04-21,R,145,Chicago White Sox,2,143,Philadelphia Phillies,8,1,10,6
745759,2024,2024-04-21,2024-04-21,R,139,Tampa Bay Rays,4,147,New York Yankees,5,1,9,1
745920,2024,2024-04-21,2024-04-21,R,116,Detroit Tigers,6,142,Minnesota Twins,1,0,7,-5
746154,2024,2024-04-21,2024-04-21,R,121,New York Mets,0,119,Los Angeles Dodgers,10,1,10,10
746316,2024,2024-04-21,2024-04-21,R,110,Baltimore Orioles,5,118,Kansas City Royals,0,0,5,-5
746568,2024,2024-04-21,2024-04-21,R,136,Seattle Mariners,1,115,Colorado Rockies,2,1,3,1
746572,2024,2024-04-21,2024-04-21,R,136,Seattle Mariners,10,115,Colorado Rockies,2,0,12,-8
746652,2024,2024-04-21,2024-04-21,R,133,Athletics,2,114,Cleveland Guardians,6,1,8,4
746727,2024,2024-04-21,2024-04-21,R,108,Los Angeles Angels,0,113,Cincinnati Reds,3,1,3,3
746894,2024,2024-04-21,2024-04-21,R,146,Miami Marlins,6,112,Chicago Cubs,3,0,9,-3
747133,2024,2024-04-21,2024-04-21,R,140,Texas Rangers,6,144,Atlanta Braves,4,0,10,-2
745107,2024,2024-04-22,2024-04-22,R,116,Detroit Tigers,7,139,Tampa Bay Rays,1,0,8,-6
745191,2024,2024-04-22,2024-04-22,R,109,Arizona Diamondbacks,3,138,St. Louis Cardinals,5,1,8,2
745351,2024,2024-04-22,2024-04-22,R,121,New York Mets,2,137,San Francisco Giants,5,1,7,3
745519,2024,2024-04-22,2024-04-22,R,158,Milwaukee Brewers,2,134,Pittsburgh Pirates,4,1,6,2
745757,2024,2024-04-22,2024-04-22,R,133,Athletics,2,147,New York Yankees,0,0,2,-2
745916,2024,2024-04-22,2024-04-22,R,145,Chicago White Sox,0,142,Minnesota Twins,7,1,7,7
746242,2024,2024-04-22,2024-04-22,R,110,Baltimore Orioles,4,108,Los Angeles Angels,2,0,6,-2
746319,2024,2024-04-22,2024-04-22,R,141,Toronto Blue Jays,5,118,Kansas City Royals,3,0,8,-2
746565,2024,2024-04-22,2024-04-22,R,135,San Diego Padres,3,115,Colorado Rockies,1,0,4,-2
746723,2024,2024-04-22,2024-04-22,R,143,Philadelphia Phillies,7,113,Cincinnati Reds,0,0,7,-7
747134,2024,2024-04-22,2024-04-22,R,146,Miami Marlins,0,144,Atlanta Braves,3,1,3,3
744863,2024,2024-04-23,2024-04-23,R,119,Los Angeles Dodgers,4,120,Washington Nationals,1,0,5,-3
745026,2024,2024-04-23,2024-04-23,R,136,Seattle Mariners,4,140,Texas Rangers,0,0,4,-4
745102,2024,2024-04-23,2024-04-23,R,116,Detroit Tigers,4,139,Tampa Bay Rays,2,0,6,-2
745193,2024,2024-04-23,2024-04-23,R,109,Arizona Diamondbacks,14,138,St. Louis Cardinals,1,0,15,-13
745348,2024,2024-04-23,2024-04-23,R,121,New York Mets,1,137,San Francisco Giants,5,1,6,4
745516,2024,2024-04-23,2024-04-23,R,158,Milwaukee Brewers,1,134,Pittsburgh Pirates,2,1,3,1
745754,2024,2024-04-23,2024-04-23,R,133,Athletics,3,147,New York Yankees,4,1,7,1
745917,2024,2024-04-23,2024-04-23,R,145,Chicago White Sox,5,142,Minnesota Twins,6,1,11,1
746246,2024,2024-04-23,2024-04-23,R,110,Baltimore Orioles,4,108,Los Angeles Angels,7,1,11,3
746321,2024,2024-04-23,2024-04-23,R,141,Toronto Blue Jays,2,118,Kansas City Royals,3,1,5,1
746566,2024,2024-04-23,2024-04-23,R,135,San Diego Padres,4,115,Colorado Rockies,7,1,11,3
746647,2024,2024-04-23,2024-04-23,R,111,Boston Red Sox,1,114,Cleveland Guardians,4,1,5,3
746722,2024,2024-04-23,2024-04-23,R,143,Philadelphia Phillies,1,113,Cincinnati Reds,8,1,9,7
746888,2024,2024-04-23,2024-04-23,R,117,Houston Astros,2,112,Chicago Cubs,7,1,9,5
747130,2024,2024-04-23,2024-04-23,R,146,Miami Marlins,0,144,Atlanta Braves,5,1,5,5
744864,2024,2024-04-24,2024-04-24,R,119,Los Angeles Dodgers,11,120,Washington Nationals,2,0,13,-9
745028,2024,2024-04-24,2024-04-24,R,136,Seattle Mariners,1,140,Texas Rangers,5,1,6,4
745099,2024,2024-04-24,2024-04-24,R,116,Detroit Tigers,5,139,Tampa Bay Rays,7,1,12,2
745188,2024,2024-04-24,2024-04-24,R,109,Arizona Diamondbacks,1,138,St. Louis Cardinals,5,1,6,4
745346,2024,2024-04-24,2024-04-24,R,121,New York Mets,8,137,San Francisco Giants,2,0,10,-6
745513,2024,2024-04-24,2024-04-24,R,158,Milwaukee Brewers,3,134,Pittsburgh Pirates,2,0,5,-1
745753,2024,2024-04-24,2024-04-24,R,133,Athletics,3,147,New York Yankees,7,1,10,4
745919,2024,2024-04-24,2024-04-24,R,145,Chicago White Sox,3,142,Minnesota Twins,6,1,9,3
746244,2024,2024-04-24,2024-04-24,R,110,Baltimore Orioles,6,108,Los Angeles Angels,5,0,11,-1
746317,2024,2024-04-24,2024-04-24,R,141,Toronto Blue Jays,2,118,Kansas City Royals,3,1,5,1
746567,2024,2024-04-24,2024-04-24,R,135,San Diego Padres,5,115,Colorado Rockies,2,0,7,-3
746649,2024,2024-04-24,2024-04-24,R,111,Boston Red Sox,8,114,Cleveland Guardians,0,0,8,-8
746725,2024,2024-04-24,2024-04-24,R,143,Philadelphia Phillies,4,113,Cincinnati Reds,7,1,11,3
746889,2024,2024-04-24,2024-04-24,R,117,Houston Astros,3,112,Chicago Cubs,4,1,7,1
747132,2024,2024-04-24,2024-04-24,R,146,Miami Marlins,3,144,Atlanta Braves,4,1,7,1
744867,2024,2024-04-25,2024-04-25,R,119,Los Angeles Dodgers,2,120,Washington Nationals,1,0,3,-1
745027,2024,2024-04-25,2024-04-25,R,136,Seattle Mariners,4,140,Texas Rangers,3,0,7,-1
745512,2024,2024-04-25,2024-04-25,R,158,Milwaukee Brewers,7,134,Pittsburgh Pirates,5,0,12,-2
745755,2024,2024-04-25,2024-04-25,R,133,Athletics,3,147,New York Yankees,1,0,4,-2
745918,2024,2024-04-25,2024-04-25,R,145,Chicago White Sox,3,142,Minnesota Twins,6,1,9,3
746320,2024,2024-04-25,2024-04-25,R,141,Toronto Blue Jays,1,118,Kansas City Royals,2,1,3,1
746564,2024,2024-04-25,2024-04-25,R,135,San Diego Padres,9,115,Colorado Rockies,10,1,19,1
746646,2024,2024-04-25,2024-04-25,R,111,Boston Red Sox,4,114,Cleveland Guardians,6,1,10,2
746724,2024,2024-04-25,2024-04-25,R,143,Philadelphia Phillies,5,113,Cincinnati Reds,0,0,5,-5
746887,2024,2024-04-25,2024-04-25,R,117,Houston Astros,1,112,Chicago Cubs,3,1,4,2
744949,2024,2024-04-26,2024-04-26,R,119,Los Angeles Dodgers,12,141,Toronto Blue Jays,2,0,14,-10
745025,2024,2024-04-26,2024-04-26,R,113,Cincinnati Reds,1,140,Texas Rangers,2,1,3,1
745269,2024,2024-04-26,2024-04-26,R,109,Arizona Diamondbacks,1,136,Seattle Mariners,6,1,7,5
745347,2024,2024-04-26,2024-04-26,R,134,Pittsburgh Pirates,0,137,San Francisco Giants,3,1,3,3
745424,2024,2024-04-26,2024-04-26,R,143,Philadelphia Phillies,9,135,San Diego Padres,3,0,12,-6
745835,2024,2024-04-26,2024-04-26,R,138,St. Louis Cardinals,4,121,New York Mets,2,0,6,-2
746000,2024,2024-04-26,2024-04-26,R,147,New York Yankees,6,158,Milwaukee Brewers,7,1,13,1
746078,2024,2024-04-26,2024-04-26,R,120,Washington Nationals,3,146,Miami Marlins,1,0,4,-2
746243,2024,2024-04-26,2024-04-26,R,142,Minnesota Twins,5,108,Los Angeles Angels,3,0,8,-2
746482,2024,2024-04-26,2024-04-26,R,118,Kansas City Royals,8,116,Detroit Tigers,0,0,8,-8
746808,2024,2024-04-26,2024-04-26,R,139,Tampa Bay Rays,4,145,Chicago White Sox,9,1,13,5
746972,2024,2024-04-26,2024-04-26,R,112,Chicago Cubs,7,111,Boston Red Sox,1,0,8,-6
747050,2024,2024-04-26,2024-04-26,R,133,Athletics,3,110,Baltimore Orioles,2,0,5,-1
747129,2024,2024-04-26,2024-04-26,R,114,Cleveland Guardians,2,144,Atlanta Braves,6,1,8,4
744946,2024,2024-04-27,2024-04-27,R,119,Los Angeles Dodgers,4,141,Toronto Blue Jays,2,0,6,-2
745020,2024,2024-04-27,2024-04-27,R,113,Cincinnati Reds,8,140,Texas Rangers,4,0,12,-4
745266,2024,2024-04-27,2024-04-27,R,109,Arizona Diamondbacks,1,136,Seattle Mariners,3,1,4,2
745350,2024,2024-04-27,2024-04-27,R,134,Pittsburgh Pirates,4,137,San Francisco Giants,3,0,7,-1
745425,2024,2024-04-27,2024-04-27,R,143,Philadelphia Phillies,5,135,San Diego Padres,1,0,6,-4
745833,2024,2024-04-27,2024-04-27,R,138,St. Louis Cardinals,7,121,New York Mets,4,0,11,-3
745998,2024,2024-04-27,2024-04-27,R,147,New York Yankees,15,158,Milwaukee Brewers,3,0,18,-12
746075,2024,2024-04-27,2024-04-27,R,120,Washington Nationals,11,146,Miami Marlins,4,0,15,-7
746245,2024,2024-04-27,2024-04-27,R,142,Minnesota Twins,16,108,Los Angeles Angels,5,0,21,-11
746484,2024,2024-04-27,2024-04-27,R,118,Kansas City Royals,5,116,Detroit Tigers,6,1,11,1
746560,2024,2024-04-27,2024-04-27,R,117,Houston Astros,12,115,Colorado Rockies,4,0,16,-8
746803,2024,2024-04-27,2024-04-27,R,139,Tampa Bay Rays,7,145,Chicago White Sox,8,1,15,1
746971,2024,2024-04-27,2024-04-27,R,112,Chicago Cubs,0,111,Boston Red Sox,17,1,17,17
747052,2024,2024-04-27,2024-04-27,R,133,Athletics,0,110,Baltimore Orioles,7,1,7,7
747131,2024,2024-04-27,2024-04-27,R,114,Cleveland Guardians,4,144,Atlanta Braves,2,0,6,-2
744947,2024,2024-04-28,2024-04-28,R,119,Los Angeles Dodgers,1,141,Toronto Blue Jays,3,1,4,2
745022,2024,2024-04-28,2024-04-28,R,113,Cincinnati Reds,3,140,Texas Rangers,4,1,7,1
745265,2024,2024-04-28,2024-04-28,R,109,Arizona Diamondbacks,3,136,Seattle Mariners,2,0,5,-1
745349,2024,2024-04-28,2024-04-28,R,134,Pittsburgh Pirates,2,137,San Francisco Giants,3,1,5,1
745428,2024,2024-04-28,2024-04-28,R,143,Philadelphia Phillies,8,135,San Diego Padres,6,0,14,-2
745834,2024,2024-04-28,2024-04-28,R,138,St. Louis Cardinals,2,121,New York Mets,4,1,6,2
746001,2024,2024-04-28,2024-04-28,R,147,New York Yankees,15,158,Milwaukee Brewers,5,0,20,-10
746077,2024,2024-04-28,2024-04-28,R,120,Washington Nationals,12,146,Miami Marlins,9,0,21,-3
746237,2024,2024-04-28,2024-04-28,R,142,Minnesota Twins,11,108,Los Angeles Angels,5,0,16,-6
746483,2024,2024-04-28,2024-04-28,R,118,Kansas City Royals,1,116,Detroit Tigers,4,1,5,3
746561,2024,2024-04-28,2024-04-28,R,117,Houston Astros,8,115,Colorado Rockies,2,0,10,-6
746805,2024,2024-04-28,2024-04-28,R,139,Tampa Bay Rays,2,145,Chicago White Sox,4,1,6,2
746967,2024,2024-04-28,2024-04-28,R,112,Chicago Cubs,4,111,Boston Red Sox,5,1,9,1
747045,2024,2024-04-28,2024-04-28,R,133,Athletics,7,110,Baltimore Orioles,6,0,13,-1
747125,2024,2024-04-28,2024-04-28,R,114,Cleveland Guardians,3,144,Atlanta Braves,4,1,7,1
744945,2024,2024-04-29,2024-04-29,R,118,Kansas City Royals,5,141,Toronto Blue Jays,6,1,11,1
745263,2024,2024-04-29,2024-04-29,R,144,Atlanta Braves,1,136,Seattle Mariners,2,1,3,1
745427,2024,2024-04-29,2024-04-29,R,113,Cincinnati Reds,5,135,San Diego Padres,2,0,7,-3
745672,2024,2024-04-29,2024-04-29,R,134,Pittsburgh Pirates,1,133,Athletics,5,1,6,4
745832,2024,2024-04-29,2024-04-29,R,112,Chicago Cubs,3,121,New York Mets,1,0,4,-2
745999,2024,2024-04-29,2024-04-29,R,139,Tampa Bay Rays,1,158,Milwaukee Brewers,0,0,1,-1
746074,2024,2024-04-29,2024-04-29,R,120,Washington Nationals,7,146,Miami Marlins,2,0,9,-5
746236,2024,2024-04-29,2024-04-29,R,143,Philadelphia Phillies,5,108,Los Angeles Angels,6,1,11,1
746804,2024,2024-04-29,2024-04-29,R,142,Minnesota Twins,3,145,Chicago White Sox,2,0,5,-1
747046,2024,2024-04-29,2024-04-29,R,147,New York Yankees,0,110,Baltimore Orioles,2,1,2,2
747211,2024,2024-04-29,2024-04-29,R,119,Los Angeles Dodgers,8,109,Arizona Diamondbacks,4,0,12,-4
744942,2024,2024-04-30,2024-04-30,R,118,Kansas City Royals,4,141,Toronto Blue Jays,1,0,5,-3
745018,2024,2024-04-30,2024-04-30,R,120,Washington Nationals,1,140,Texas Rangers,7,1,8,6
745260,2024,2024-04-30,2024-04-30,R,144,Atlanta Braves,2,136,Seattle Mariners,3,1,5,1
745426,2024,2024-04-30,2024-04-30,R,113,Cincinnati Reds,4,135,San Diego Padres,6,1,10,2
745673,2024,2024-04-30,2024-04-30,R,134,Pittsburgh Pirates,2,133,Athletics,5,1,7,3
745831,2024,2024-04-30,2024-04-30,R,112,Chicago Cubs,2,121,New York Mets,4,1,6,2
745997,2024,2024-04-30,2024-04-30,R,139,Tampa Bay Rays,2,158,Milwaukee Brewers,8,1,10,6
746073,2024,2024-04-30,2024-04-30,R,115,Colorado Rockies,6,146,Miami Marlins,7,1,13,1
746239,2024,2024-04-30,2024-04-30,R,143,Philadelphia Phillies,7,108,Los Angeles Angels,5,0,12,-2
746398,2024,2024-04-30,2024-04-30,R,114,Cleveland Guardians,9,117,Houston Astros,10,1,19,1
746477,2024,2024-04-30,2024-04-30,R,138,St. Louis Cardinals,2,116,Detroit Tigers,1,0,3,-1
746481,2024,2024-04-30,2024-04-30,R,138,St. Louis Cardinals,6,116,Detroit Tigers,11,1,17,5
746806,2024,2024-04-30,2024-04-30,R,142,Minnesota Twins,6,145,Chicago White Sox,5,0,11,-1
746968,2024,2024-04-30,2024-04-30,R,137,San Francisco Giants,0,111,Boston Red Sox,4,1,4,4
747047,2024,2024-04-30,2024-04-30,R,147,New York Yankees,2,110,Baltimore Orioles,4,1,6,2
747210,2024,2024-04-30,2024-04-30,R,119,Los Angeles Dodgers,3,109,Arizona Diamondbacks,4,1,7,1
744939,2024,2024-05-01,2024-05-01,R,118,Kansas City Royals,6,141,Toronto Blue Jays,1,0,7,-5
745023,2024,2024-05-01,2024-05-01,R,120,Washington Nationals,1,140,Texas Rangers,0,0,1,-1
745261,2024,2024-05-01,2024-05-01,R,144,Atlanta Braves,5,136,Seattle Mariners,2,0,7,-3
745423,2024,2024-05-01,2024-05-01,R,113,Cincinnati Reds,2,135,San Diego Padres,6,1,8,4
745670,2024,2024-05-01,2024-05-01,R,134,Pittsburgh Pirates,0,133,Athletics,4,1,4,4
745829,2024,2024-05-01,2024-05-01,R,112,Chicago Cubs,1,121,New York Mets,0,0,1,-1
745996,2024,2024-05-01,2024-05-01,R,139,Tampa Bay Rays,1,158,Milwaukee Brewers,7,1,8,6
746072,2024,2024-05-01,2024-05-01,R,115,Colorado Rockies,1,146,Miami Marlins,4,1,5,3
746238,2024,2024-05-01,2024-05-01,R,143,Philadelphia Phillies,2,108,Los Angeles Angels,1,0,3,-1
746399,2024,2024-05-01,2024-05-01,R,114,Cleveland Guardians,3,117,Houston Astros,2,0,5,-1
746478,2024,2024-05-01,2024-05-01,R,138,St. Louis Cardinals,1,116,Detroit Tigers,4,1,5,3
746800,2024,2024-05-01,2024-05-01,R,142,Minnesota Twins,10,145,Chicago White Sox,5,0,15,-5
746966,2024,2024-05-01,2024-05-01,R,137,San Francisco Giants,2,111,Boston Red Sox,6,1,8,4
747048,2024,2024-05-01,2024-05-01,R,147,New York Yankees,2,110,Baltimore Orioles,0,0,2,-2
747207,2024,2024-05-01,2024-05-01,R,119,Los Angeles Dodgers,8,109,Arizona Diamondbacks,0,0,8,-8
745021,2024,2024-05-02,2024-05-02,R,120,Washington Nationals,0,140,Texas Rangers,6,1,6,6
745830,2024,2024-05-02,2024-05-02,R,112,Chicago Cubs,6,121,New York Mets,7,1,13,1
746070,2024,2024-05-02,2024-05-02,R,115,Colorado Rockies,4,146,Miami Marlins,5,1,9,1
746403,2024,2024-05-02,2024-05-02,R,114,Cleveland Guardians,2,117,Houston Astros,8,1,10,6
746969,2024,2024-05-02,2024-05-02,R,137,San Francisco Giants,3,111,Boston Red Sox,1,0,4,-2
747044,2024,2024-05-02,2024-05-02,R,147,New York Yankees,2,110,Baltimore Orioles,7,1,9,5
744868,2024,2024-05-03,2024-05-03,R,141,Toronto Blue Jays,3,120,Washington Nationals,9,1,12,6
745101,2024,2024-05-03,2024-05-03,R,121,New York Mets,8,139,Tampa Bay Rays,10,1,18,2
745187,2024,2024-05-03,2024-05-03,R,145,Chicago White Sox,0,138,St. Louis Cardinals,3,1,3,3
745510,2024,2024-05-03,2024-05-03,R,115,Colorado Rockies,3,134,Pittsburgh Pirates,2,0,5,-1
745589,2024,2024-05-03,2024-05-03,R,137,San Francisco Giants,3,143,Philadelphia Phillies,4,1,7,1
745665,2024,2024-05-03,2024-05-03,R,146,Miami Marlins,1,133,Athletics,3,1,4,2
745756,2024,2024-05-03,2024-05-03,R,116,Detroit Tigers,1,147,New York Yankees,2,1,3,1
745914,2024,2024-05-03,2024-05-03,R,111,Boston Red Sox,2,142,Minnesota Twins,5,1,7,3
746152,2024,2024-05-03,2024-05-03,R,144,Atlanta Braves,3,119,Los Angeles Dodgers,4,1,7,1
746318,2024,2024-05-03,2024-05-03,R,140,Texas Rangers,1,118,Kansas City Royals,7,1,8,6
746402,2024,2024-05-03,2024-05-03,R,136,Seattle Mariners,3,117,Houston Astros,5,1,8,2
746645,2024,2024-05-03,2024-05-03,R,108,Los Angeles Angels,6,114,Cleveland Guardians,0,0,6,-6
746721,2024,2024-05-03,2024-05-03,R,110,Baltimore Orioles,3,113,Cincinnati Reds,0,0,3,-3
746890,2024,2024-05-03,2024-05-03,R,158,Milwaukee Brewers,3,112,Chicago Cubs,1,0,4,-2
747208,2024,2024-05-03,2024-05-03,R,135,San Diego Padres,7,109,Arizona Diamondbacks,1,0,8,-6
744862,2024,2024-05-04,2024-05-04,R,141,Toronto Blue Jays,6,120,Washington Nationals,3,0,9,-3
745100,2024,2024-05-04,2024-05-04,R,121,New York Mets,1,139,Tampa Bay Rays,3,1,4,2
745183,2024,2024-05-04,2024-05-04,R,145,Chicago White Sox,6,138,St. Louis Cardinals,5,0,11,-1
745511,2024,2024-05-04,2024-05-04,R,115,Colorado Rockies,0,134,Pittsburgh Pirates,1,1,1,1
745583,2024,2024-05-04,2024-05-04,R,137,San Francisco Giants,3,143,Philadelphia Phillies,14,1,17,11
745666,2024,2024-05-04,2024-05-04,R,146,Miami Marlins,4,133,Athletics,20,1,24,16
745750,2024,2024-05-04,2024-05-04,R,116,Detroit Tigers,3,147,New York Yankees,5,1,8,2
745911,2024,2024-05-04,2024-05-04,R,111,Boston Red Sox,1,142,Minnesota Twins,3,1,4,2
746155,2024,2024-05-04,2024-05-04,R,144,Atlanta Braves,2,119,Los Angeles Dodgers,11,1,13,9
746311,2024,2024-05-04,2024-05-04,R,140,Texas Rangers,15,118,Kansas City Royals,4,0,19,-11
746394,2024,2024-05-04,2024-05-04,R,136,Seattle Mariners,5,117,Houston Astros,0,0,5,-5
746644,2024,2024-05-04,2024-05-04,R,108,Los Angeles Angels,1,114,Cleveland Guardians,7,1,8,6
746720,2024,2024-05-04,2024-05-04,R,110,Baltimore Orioles,2,113,Cincinnati Reds,1,0,3,-1
746884,2024,2024-05-04,2024-05-04,R,158,Milwaukee Brewers,5,112,Chicago Cubs,6,1,11,1
747209,2024,2024-05-04,2024-05-04,R,135,San Diego Padres,13,109,Arizona Diamondbacks,1,0,14,-12
744861,2024,2024-05-05,2024-05-05,R,141,Toronto Blue Jays,8,120,Washington Nationals,11,1,19,3
745103,2024,2024-05-05,2024-05-05,R,121,New York Mets,6,139,Tampa Bay Rays,7,1,13,1
745185,2024,2024-05-05,2024-05-05,R,145,Chicago White Sox,5,138,St. Louis Cardinals,1,0,6,-4
745504,2024,2024-05-05,2024-05-05,R,115,Colorado Rockies,3,134,Pittsburgh Pirates,5,1,8,2
745587,2024,2024-05-05,2024-05-05,R,137,San Francisco Giants,4,143,Philadelphia Phillies,5,1,9,1
745667,2024,2024-05-05,2024-05-05,R,146,Miami Marlins,12,133,Athletics,3,0,15,-9
745751,2024,2024-05-05,2024-05-05,R,116,Detroit Tigers,2,147,New York Yankees,5,1,7,3
745913,2024,2024-05-05,2024-05-05,R,111,Boston Red Sox,9,142,Minnesota Twins,2,0,11,-7
746153,2024,2024-05-05,2024-05-05,R,144,Atlanta Braves,1,119,Los Angeles Dodgers,5,1,6,4
746314,2024,2024-05-05,2024-05-05,R,140,Texas Rangers,3,118,Kansas City Royals,2,0,5,-1
746395,2024,2024-05-05,2024-05-05,R,136,Seattle Mariners,5,117,Houston Astros,4,0,9,-1
746643,2024,2024-05-05,2024-05-05,R,108,Los Angeles Angels,1,114,Cleveland Guardians,4,1,5,3
746719,2024,2024-05-05,2024-05-05,R,110,Baltimore Orioles,11,113,Cincinnati Reds,1,0,12,-10
746883,2024,2024-05-05,2024-05-05,R,158,Milwaukee Brewers,0,112,Chicago Cubs,5,1,5,5
747206,2024,2024-05-05,2024-05-05,R,135,San Diego Padres,4,109,Arizona Diamondbacks,11,1,15,7
745098,2024,2024-05-06,2024-05-06,R,145,Chicago White Sox,2,139,Tampa Bay Rays,8,1,10,6
745182,2024,2024-05-06,2024-05-06,R,121,New York Mets,4,138,St. Louis Cardinals,3,0,7,-1
745509,2024,2024-05-06,2024-05-06,R,108,Los Angeles Angels,1,134,Pittsburgh Pirates,4,1,5,3
745585,2024,2024-05-06,2024-05-06,R,137,San Francisco Giants,1,143,Philadelphia Phillies,6,1,7,5
745669,2024,2024-05-06,2024-05-06,R,140,Texas Rangers,4,133,Athletics,2,0,6,-2
745912,2024,2024-05-06,2024-05-06,R,136,Seattle Mariners,1,142,Minnesota Twins,3,1,4,2
746149,2024,2024-05-06,2024-05-06,R,146,Miami Marlins,3,119,Los Angeles Dodgers,6,1,9,3
746313,2024,2024-05-06,2024-05-06,R,158,Milwaukee Brewers,2,118,Kansas City Royals,3,1,5,1
746639,2024,2024-05-06,2024-05-06,R,116,Detroit Tigers,1,114,Cleveland Guardians,2,1,3,1
746886,2024,2024-05-06,2024-05-06,R,135,San Diego Padres,6,112,Chicago Cubs,3,0,9,-3
744859,2024,2024-05-07,2024-05-07,R,110,Baltimore Orioles,0,120,Washington Nationals,3,1,3,3
745095,2024,2024-05-07,2024-05-07,R,145,Chicago White Sox,1,139,Tampa Bay Rays,5,1,6,4
745186,2024,2024-05-07,2024-05-07,R,121,New York Mets,7,138,St. Louis Cardinals,5,0,12,-2
745508,2024,2024-05-07,2024-05-07,R,108,Los Angeles Angels,9,134,Pittsburgh Pirates,0,0,9,-9
745586,2024,2024-05-07,2024-05-07,R,141,Toronto Blue Jays,1,143,Philadelphia Phillies,10,1,11,9
745668,2024,2024-05-07,2024-05-07,R,140,Texas Rangers,15,133,Athletics,8,0,23,-7
745752,2024,2024-05-07,2024-05-07,R,117,Houston Astros,3,147,New York Yankees,10,1,13,7
745915,2024,2024-05-07,2024-05-07,R,136,Seattle Mariners,10,142,Minnesota Twins,6,0,16,-4
746147,2024,2024-05-07,2024-05-07,R,146,Miami Marlins,2,119,Los Angeles Dodgers,8,1,10,6
746315,2024,2024-05-07,2024-05-07,R,158,Milwaukee Brewers,6,118,Kansas City Royals,5,0,11,-1
746559,2024,2024-05-07,2024-05-07,R,137,San Francisco Giants,5,115,Colorado Rockies,0,0,5,-5
746638,2024,2024-05-07,2024-05-07,R,116,Detroit Tigers,11,114,Cleveland Guardians,7,0,18,-4
746718,2024,2024-05-07,2024-05-07,R,109,Arizona Diamondbacks,6,113,Cincinnati Reds,2,0,8,-4
746885,2024,2024-05-07,2024-05-07,R,135,San Diego Padres,2,112,Chicago Cubs,3,1,5,1
747126,2024,2024-05-07,2024-05-07,R,111,Boston Red Sox,2,144,Atlanta Braves,4,1,6,2
744858,2024,2024-05-08,2024-05-08,R,110,Baltimore Orioles,7,120,Washington Nationals,6,0,13,-1
745097,2024,2024-05-08,2024-05-08,R,145,Chicago White Sox,4,139,Tampa Bay Rays,1,0,5,-3
745507,2024,2024-05-08,2024-05-08,R,108,Los Angeles Angels,5,134,Pittsburgh Pirates,4,0,9,-1
745584,2024,2024-05-08,2024-05-08,R,141,Toronto Blue Jays,5,143,Philadelphia Phillies,3,0,8,-2
745659,2024,2024-05-08,2024-05-08,R,140,Texas Rangers,12,133,Athletics,11,0,23,-1
745664,2024,2024-05-08,2024-05-08,R,140,Texas Rangers,4,133,Athletics,9,1,13,5
745749,2024,2024-05-08,2024-05-08,R,117,Houston Astros,4,147,New York Yankees,9,1,13,5
745906,2024,2024-05-08,2024-05-08,R,136,Seattle Mariners,3,142,Minnesota Twins,6,1,9,3
746151,2024,2024-05-08,2024-05-08,R,146,Miami Marlins,1,119,Los Angeles Dodgers,3,1,4,2
746312,2024,2024-05-08,2024-05-08,R,158,Milwaukee Brewers,4,118,Kansas City Royals,6,1,10,2
746562,2024,2024-05-08,2024-05-08,R,137,San Francisco Giants,8,115,Colorado Rockies,6,0,14,-2
746640,2024,2024-05-08,2024-05-08,R,116,Detroit Tigers,4,114,Cleveland Guardians,5,1,9,1
746717,2024,2024-05-08,2024-05-08,R,109,Arizona Diamondbacks,4,113,Cincinnati Reds,3,0,7,-1
746879,2024,2024-05-08,2024-05-08,R,135,San Diego Padres,3,112,Chicago Cubs,0,0,3,-3
747127,2024,2024-05-08,2024-05-08,R,111,Boston Red Sox,0,144,Atlanta Braves,5,1,5,5
745748,2024,2024-05-09,2024-05-09,R,117,Houston Astros,4,147,New York Yankees,3,0,7,-1
745910,2024,2024-05-09,2024-05-09,R,136,Seattle Mariners,1,142,Minnesota Twins,11,1,12,10
745995,2024,2024-05-09,2024-05-09,R,138,St. Louis Cardinals,1,158,Milwaukee Brewers,7,1,8,6
746241,2024,2024-05-09,2024-05-09,R,118,Kansas City Royals,10,108,Los Angeles Angels,4,0,14,-6
746563,2024,2024-05-09,2024-05-09,R,137,San Francisco Giants,1,115,Colorado Rockies,9,1,10,8
746715,2024,2024-05-09,2024-05-09,R,109,Arizona Diamondbacks,5,113,Cincinnati Reds,4,0,9,-1
746802,2024,2024-05-09,2024-05-09,R,114,Cleveland Guardians,2,145,Chicago White Sox,3,1,5,1
744940,2024,2024-05-10,2024-05-10,R,142,Minnesota Twins,3,141,Toronto Blue Jays,2,0,5,-1
745094,2024,2024-05-10,2024-05-10,R,147,New York Yankees,2,139,Tampa Bay Rays,0,0,2,-2
745264,2024,2024-05-10,2024-05-10,R,133,Athletics,1,136,Seattle Mariners,8,1,9,7
745340,2024,2024-05-10,2024-05-10,R,113,Cincinnati Reds,4,137,San Francisco Giants,2,0,6,-2
745421,2024,2024-05-10,2024-05-10,R,119,Los Angeles Dodgers,1,135,San Diego Padres,2,1,3,1
745506,2024,2024-05-10,2024-05-10,R,112,Chicago Cubs,7,134,Pittsburgh Pirates,2,0,9,-5
745827,2024,2024-05-10,2024-05-10,R,144,Atlanta Braves,4,121,New York Mets,2,0,6,-2
745993,2024,2024-05-10,2024-05-10,R,138,St. Louis Cardinals,2,158,Milwaukee Brewers,11,1,13,9
746071,2024,2024-05-10,2024-05-10,R,143,Philadelphia Phillies,8,146,Miami Marlins,2,0,10,-6
746240,2024,2024-05-10,2024-05-10,R,118,Kansas City Royals,2,108,Los Angeles Angels,1,0,3,-1
746479,2024,2024-05-10,2024-05-10,R,117,Houston Astros,5,116,Detroit Tigers,2,0,7,-3
746553,2024,2024-05-10,2024-05-10,R,140,Texas Rangers,2,115,Colorado Rockies,4,1,6,2
746801,2024,2024-05-10,2024-05-10,R,114,Cleveland Guardians,3,145,Chicago White Sox,6,1,9,3
746964,2024,2024-05-10,2024-05-10,R,120,Washington Nationals,5,111,Boston Red Sox,1,0,6,-4
747043,2024,2024-05-10,2024-05-10,R,109,Arizona Diamondbacks,2,110,Baltimore Orioles,4,1,6,2
744943,2024,2024-05-11,2024-05-11,R,142,Minnesota Twins,8,141,Toronto Blue Jays,10,1,18,2
745096,2024,2024-05-11,2024-05-11,R,147,New York Yankees,2,139,Tampa Bay Rays,7,1,9,5
745262,2024,2024-05-11,2024-05-11,R,133,Athletics,8,136,Seattle Mariners,1,0,9,-7
745344,2024,2024-05-11,2024-05-11,R,113,Cincinnati Reds,1,137,San Francisco Giants,5,1,6,4
745422,2024,2024-05-11,2024-05-11,R,119,Los Angeles Dodgers,5,135,San Diego Padres,0,0,5,-5
745505,2024,2024-05-11,2024-05-11,R,112,Chicago Cubs,9,134,Pittsburgh Pirates,10,1,19,1
745828,2024,2024-05-11,2024-05-11,R,144,Atlanta Braves,4,121,New York Mets,1,0,5,-3
745994,2024,2024-05-11,2024-05-11,R,138,St. Louis Cardinals,3,158,Milwaukee Brewers,5,1,8,2
746069,2024,2024-05-11,2024-05-11,R,143,Philadelphia Phillies,8,146,Miami Marlins,3,0,11,-5
746232,2024,2024-05-11,2024-05-11,R,118,Kansas City Royals,3,108,Los Angeles Angels,9,1,12,6
746480,2024,2024-05-11,2024-05-11,R,117,Houston Astros,2,116,Detroit Tigers,8,1,10,6
746554,2024,2024-05-11,2024-05-11,R,140,Texas Rangers,3,115,Colorado Rockies,8,1,11,5
746797,2024,2024-05-11,2024-05-11,R,114,Cleveland Guardians,1,145,Chicago White Sox,3,1,4,2
746963,2024,2024-05-11,2024-05-11,R,120,Washington Nationals,2,111,Boston Red Sox,4,1,6,2
747041,2024,2024-05-11,2024-05-11,R,109,Arizona Diamondbacks,4,110,Baltimore Orioles,5,1,9,1
744941,2024,2024-05-12,2024-05-12,R,142,Minnesota Twins,5,141,Toronto Blue Jays,1,0,6,-4
745092,2024,2024-05-12,2024-05-12,R,147,New York Yankees,10,139,Tampa Bay Rays,6,0,16,-4
745255,2024,2024-05-12,2024-05-12,R,133,Athletics,4,136,Seattle Mariners,8,1,12,4
745345,2024,2024-05-12,2024-05-12,R,113,Cincinnati Reds,5,137,San Francisco Giants,6,1,11,1
745419,2024,2024-05-12,2024-05-12,R,119,Los Angeles Dodgers,0,135,San Diego Padres,4,1,4,4
745499,2024,2024-05-12,2024-05-12,R,112,Chicago Cubs,5,134,Pittsburgh Pirates,4,0,9,-1
745825,2024,2024-05-12,2024-05-12,R,144,Atlanta Braves,3,121,New York Mets,4,1,7,1
745990,2024,2024-05-12,2024-05-12,R,138,St. Louis Cardinals,4,158,Milwaukee Brewers,3,0,7,-1
746068,2024,2024-05-12,2024-05-12,R,143,Philadelphia Phillies,6,146,Miami Marlins,7,1,13,1
746234,2024,2024-05-12,2024-05-12,R,118,Kansas City Royals,4,108,Los Angeles Angels,2,0,6,-2
746476,2024,2024-05-12,2024-05-12,R,117,Houston Astros,9,116,Detroit Tigers,3,0,12,-6
746555,2024,2024-05-12,2024-05-12,R,140,Texas Rangers,1,115,Colorado Rockies,3,1,4,2
746798,2024,2024-05-12,2024-05-12,R,114,Cleveland Guardians,7,145,Chicago White Sox,0,0,7,-7
746965,2024,2024-05-12,2024-05-12,R,120,Washington Nationals,2,111,Boston Red Sox,3,1,5,1
747042,2024,2024-05-12,2024-05-12,R,109,Arizona Diamondbacks,9,110,Baltimore Orioles,2,0,11,-7
745019,2024,2024-05-13,2024-05-13,R,114,Cleveland Guardians,7,140,Texas Rangers,0,0,7,-7
745256,2024,2024-05-13,2024-05-13,R,118,Kansas City Royals,2,136,Seattle Mariners,6,1,8,4
745343,2024,2024-05-13,2024-05-13,R,119,Los Angeles Dodgers,6,137,San Francisco Giants,4,0,10,-2
745420,2024,2024-05-13,2024-05-13,R,115,Colorado Rockies,5,135,San Diego Padres,4,0,9,-1
745826,2024,2024-05-13,2024-05-13,R,143,Philadelphia Phillies,5,121,New York Mets,4,0,9,-1
745991,2024,2024-05-13,2024-05-13,R,134,Pittsburgh Pirates,8,158,Milwaukee Brewers,6,0,14,-2
746233,2024,2024-05-13,2024-05-13,R,138,St. Louis Cardinals,10,108,Los Angeles Angels,5,0,15,-5
746393,2024,2024-05-13,2024-05-13,R,133,Athletics,2,117,Houston Astros,9,1,11,7
746471,2024,2024-05-13,2024-05-13,R,146,Miami Marlins,5,116,Detroit Tigers,6,1,11,1
746961,2024,2024-05-13,2024-05-13,R,139,Tampa Bay Rays,5,111,Boston Red Sox,3,0,8,-2
747040,2024,2024-05-13,2024-05-13,R,141,Toronto Blue Jays,3,110,Baltimore Orioles,2,0,5,-1
747128,2024,2024-05-13,2024-05-13,R,112,Chicago Cubs,0,144,Atlanta Braves,2,1,2,2
747204,2024,2024-05-13,2024-05-13,R,113,Cincinnati Reds,5,109,Arizona Diamondbacks,6,1,11,1
745014,2024,2024-05-14,2024-05-14,R,114,Cleveland Guardians,7,140,Texas Rangers,4,0,11,-3
745257,2024,2024-05-14,2024-05-14,R,118,Kansas City Royals,4,136,Seattle Mariners,2,0,6,-2
745342,2024,2024-05-14,2024-05-14,R,119,Los Angeles Dodgers,10,137,San Francisco Giants,2,0,12,-8
745418,2024,2024-05-14,2024-05-14,R,115,Colorado Rockies,6,135,San Diego Padres,3,0,9,-3
745821,2024,2024-05-14,2024-05-14,R,143,Philadelphia Phillies,4,121,New York Mets,0,0,4,-4
745909,2024,2024-05-14,2024-05-14,R,147,New York Yankees,5,142,Minnesota Twins,1,0,6,-4
745989,2024,2024-05-14,2024-05-14,R,134,Pittsburgh Pirates,3,158,Milwaukee Brewers,4,1,7,1
746235,2024,2024-05-14,2024-05-14,R,138,St. Louis Cardinals,7,108,Los Angeles Angels,6,0,13,-1
746396,2024,2024-05-14,2024-05-14,R,133,Athletics,1,117,Houston Astros,2,1,3,1
746473,2024,2024-05-14,2024-05-14,R,146,Miami Marlins,1,116,Detroit Tigers,0,0,1,-1
746796,2024,2024-05-14,2024-05-14,R,120,Washington Nationals,6,145,Chicago White Sox,3,0,9,-3
746799,2024,2024-05-14,2024-05-14,R,120,Washington Nationals,0,145,Chicago White Sox,4,1,4,4
746962,2024,2024-05-14,2024-05-14,R,139,Tampa Bay Rays,4,111,Boston Red Sox,5,1,9,1
747124,2024,2024-05-14,2024-05-14,R,112,Chicago Cubs,0,144,Atlanta Braves,7,1,7,7
747205,2024,2024-05-14,2024-05-14,R,113,Cincinnati Reds,6,109,Arizona Diamondbacks,2,0,8,-4
745015,2024,2024-05-15,2024-05-15,R,114,Cleveland Guardians,0,140,Texas Rangers,4,1,4,4
745259,2024,2024-05-15,2024-05-15,R,118,Kansas City Royals,2,136,Seattle Mariners,4,1,6,2
745341,2024,2024-05-15,2024-05-15,R,119,Los Angeles Dodgers,1,137,San Francisco Giants,4,1,5,3
745417,2024,2024-05-15,2024-05-15,R,115,Colorado Rockies,8,135,San Diego Padres,0,0,8,-8
745582,2024,2024-05-15,2024-05-15,R,121,New York Mets,5,143,Philadelphia Phillies,10,1,15,5
745908,2024,2024-05-15,2024-05-15,R,147,New York Yankees,4,142,Minnesota Twins,0,0,4,-4
745992,2024,2024-05-15,2024-05-15,R,134,Pittsburgh Pirates,2,158,Milwaukee Brewers,10,1,12,8
746231,2024,2024-05-15,2024-05-15,R,138,St. Louis Cardinals,2,108,Los Angeles Angels,7,1,9,5
746397,2024,2024-05-15,2024-05-15,R,133,Athletics,0,117,Houston Astros,3,1,3,3
746472,2024,2024-05-15,2024-05-15,R,146,Miami Marlins,2,116,Detroit Tigers,0,0,2,-2
746795,2024,2024-05-15,2024-05-15,R,120,Washington Nationals,0,145,Chicago White Sox,2,1,2,2
746960,2024,2024-05-15,2024-05-15,R,139,Tampa Bay Rays,4,111,Boston Red Sox,3,0,7,-1
747038,2024,2024-05-15,2024-05-15,R,141,Toronto Blue Jays,2,110,Baltimore Orioles,3,1,5,1
747123,2024,2024-05-15,2024-05-15,R,112,Chicago Cubs,7,144,Atlanta Braves,1,0,8,-6
747203,2024,2024-05-15,2024-05-15,R,113,Cincinnati Reds,1,109,Arizona Diamondbacks,2,1,3,1
745580,2024,2024-05-16,2024-05-16,R,121,New York Mets,6,143,Philadelphia Phillies,5,0,11,-1
745907,2024,2024-05-16,2024-05-16,R,147,New York Yankees,5,142,Minnesota Twins,0,0,5,-5
746150,2024,2024-05-16,2024-05-16,R,113,Cincinnati Reds,7,119,Los Angeles Dodgers,2,0,9,-5
746391,2024,2024-05-16,2024-05-16,R,133,Athletics,1,117,Houston Astros,8,1,9,7
746881,2024,2024-05-16,2024-05-16,R,134,Pittsburgh Pirates,5,112,Chicago Cubs,4,0,9,-1
746959,2024,2024-05-16,2024-05-16,R,139,Tampa Bay Rays,7,111,Boston Red Sox,5,0,12,-2
744934,2024,2024-05-17,2024-05-17,R,139,Tampa Bay Rays,4,141,Toronto Blue Jays,3,0,7,-1
745016,2024,2024-05-17,2024-05-17,R,108,Los Angeles Angels,9,140,Texas Rangers,3,0,12,-6
745178,2024,2024-05-17,2024-05-17,R,111,Boston Red Sox,6,138,St. Louis Cardinals,10,1,16,4
745335,2024,2024-05-17,2024-05-17,R,115,Colorado Rockies,5,137,San Francisco Giants,10,1,15,5
745579,2024,2024-05-17,2024-05-17,R,120,Washington Nationals,2,143,Philadelphia Phillies,4,1,6,2
745747,2024,2024-05-17,2024-05-17,R,145,Chicago White Sox,2,147,New York Yankees,4,1,6,2
746065,2024,2024-05-17,2024-05-17,R,121,New York Mets,0,146,Miami Marlins,8,1,8,8
746148,2024,2024-05-17,2024-05-17,R,113,Cincinnati Reds,3,119,Los Angeles Dodgers,7,1,10,4
746310,2024,2024-05-17,2024-05-17,R,133,Athletics,2,118,Kansas City Royals,6,1,8,4
746388,2024,2024-05-17,2024-05-17,R,158,Milwaukee Brewers,4,117,Houston Astros,5,1,9,1
746641,2024,2024-05-17,2024-05-17,R,142,Minnesota Twins,2,114,Cleveland Guardians,3,1,5,1
746878,2024,2024-05-17,2024-05-17,R,134,Pittsburgh Pirates,9,112,Chicago Cubs,3,0,12,-6
747037,2024,2024-05-17,2024-05-17,R,136,Seattle Mariners,2,110,Baltimore Orioles,9,1,11,7
747122,2024,2024-05-17,2024-05-17,R,135,San Diego Padres,3,144,Atlanta Braves,1,0,4,-2
747201,2024,2024-05-17,2024-05-17,R,116,Detroit Tigers,13,109,Arizona Diamondbacks,0,0,13,-13
744938,2024,2024-05-18,2024-05-18,R,139,Tampa Bay Rays,5,141,Toronto Blue Jays,4,0,9,-1
745013,2024,2024-05-18,2024-05-18,R,108,Los Angeles Angels,2,140,Texas Rangers,3,1,5,1
745177,2024,2024-05-18,2024-05-18,R,111,Boston Red Sox,2,138,St. Louis Cardinals,7,1,9,5
745339,2024,2024-05-18,2024-05-18,R,115,Colorado Rockies,4,137,San Francisco Giants,14,1,18,10
745581,2024,2024-05-18,2024-05-18,R,120,Washington Nationals,3,143,Philadelphia Phillies,4,1,7,1
745744,2024,2024-05-18,2024-05-18,R,145,Chicago White Sox,1,147,New York Yankees,6,1,7,5
746067,2024,2024-05-18,2024-05-18,R,121,New York Mets,9,146,Miami Marlins,10,1,19,1
746142,2024,2024-05-18,2024-05-18,R,113,Cincinnati Reds,0,119,Los Angeles Dodgers,4,1,4,4
746308,2024,2024-05-18,2024-05-18,R,133,Athletics,3,118,Kansas City Royals,5,1,8,2
746389,2024,2024-05-18,2024-05-18,R,158,Milwaukee Brewers,4,117,Houston Astros,2,0,6,-2
746642,2024,2024-05-18,2024-05-18,R,142,Minnesota Twins,4,114,Cleveland Guardians,11,1,15,7
746882,2024,2024-05-18,2024-05-18,R,134,Pittsburgh Pirates,0,112,Chicago Cubs,1,1,1,1
747036,2024,2024-05-18,2024-05-18,R,136,Seattle Mariners,4,110,Baltimore Orioles,3,0,7,-1
747202,2024,2024-05-18,2024-05-18,R,116,Detroit Tigers,8,109,Arizona Diamondbacks,3,0,11,-5
744937,2024,2024-05-19,2024-05-19,R,139,Tampa Bay Rays,2,141,Toronto Blue Jays,5,1,7,3
745012,2024,2024-05-19,2024-05-19,R,108,Los Angeles Angels,4,140,Texas Rangers,1,0,5,-3
745179,2024,2024-05-19,2024-05-19,R,111,Boston Red Sox,11,138,St. Louis Cardinals,3,0,14,-8
745336,2024,2024-05-19,2024-05-19,R,115,Colorado Rockies,1,137,San Francisco Giants,4,1,5,3
745577,2024,2024-05-19,2024-05-19,R,120,Washington Nationals,5,143,Philadelphia Phillies,11,1,16,6
745745,2024,2024-05-19,2024-05-19,R,145,Chicago White Sox,2,147,New York Yankees,7,1,9,5
746064,2024,2024-05-19,2024-05-19,R,121,New York Mets,7,146,Miami Marlins,3,0,10,-4
746144,2024,2024-05-19,2024-05-19,R,113,Cincinnati Reds,2,119,Los Angeles Dodgers,3,1,5,1
746306,2024,2024-05-19,2024-05-19,R,133,Athletics,4,118,Kansas City Royals,8,1,12,4
746392,2024,2024-05-19,2024-05-19,R,158,Milwaukee Brewers,4,117,Houston Astros,9,1,13,5
746636,2024,2024-05-19,2024-05-19,R,142,Minnesota Twins,2,114,Cleveland Guardians,5,1,7,3
746880,2024,2024-05-19,2024-05-19,R,134,Pittsburgh Pirates,3,112,Chicago Cubs,2,0,5,-1
747035,2024,2024-05-19,2024-05-19,R,136,Seattle Mariners,3,110,Baltimore Orioles,6,1,9,3
747120,2024,2024-05-19,2024-05-19,R,135,San Diego Padres,9,144,Atlanta Braves,1,0,10,-8
747198,2024,2024-05-19,2024-05-19,R,116,Detroit Tigers,4,109,Arizona Diamondbacks,6,1,10,2
744857,2024,2024-05-20,2024-05-20,R,142,Minnesota Twins,3,120,Washington Nationals,12,1,15,9
744935,2024,2024-05-20,2024-05-20,R,145,Chicago White Sox,3,141,Toronto Blue Jays,9,1,12,6
745093,2024,2024-05-20,2024-05-20,R,111,Boston Red Sox,5,139,Tampa Bay Rays,0,0,5,-5
745181,2024,2024-05-20,2024-05-20,R,110,Baltimore Orioles,3,138,St. Louis Cardinals,6,1,9,3
745746,2024,2024-05-20,2024-05-20,R,136,Seattle Mariners,5,147,New York Yankees,4,0,9,-1
746066,2024,2024-05-20,2024-05-20,R,158,Milwaukee Brewers,2,146,Miami Marlins,3,1,5,1
746146,2024,2024-05-20,2024-05-20,R,109,Arizona Diamondbacks,4,119,Los Angeles Dodgers,6,1,10,2
746307,2024,2024-05-20,2024-05-20,R,116,Detroit Tigers,3,118,Kansas City Royals,8,1,11,5
746390,2024,2024-05-20,2024-05-20,R,108,Los Angeles Angels,9,117,Houston Astros,7,0,16,-2
746637,2024,2024-05-20,2024-05-20,R,121,New York Mets,1,114,Cleveland Guardians,3,1,4,2
747119,2024,2024-05-20,2024-05-20,R,135,San Diego Padres,6,144,Atlanta Braves,5,0,11,-1
747121,2024,2024-05-20,2024-05-20,R,135,San Diego Padres,0,144,Atlanta Braves,3,1,3,3
744860,2024,2024-05-21,2024-05-21,R,142,Minnesota Twins,10,120,Washington Nationals,0,0,10,-10
744936,2024,2024-05-21,2024-05-21,R,145,Chicago White Sox,5,141,Toronto Blue Jays,0,0,5,-5
745090,2024,2024-05-21,2024-05-21,R,111,Boston Red Sox,5,139,Tampa Bay Rays,2,0,7,-3
745180,2024,2024-05-21,2024-05-21,R,110,Baltimore Orioles,1,138,St. Louis Cardinals,3,1,4,2
745503,2024,2024-05-21,2024-05-21,R,137,San Francisco Giants,6,134,Pittsburgh Pirates,7,1,13,1
745578,2024,2024-05-21,2024-05-21,R,140,Texas Rangers,2,143,Philadelphia Phillies,5,1,7,3
745662,2024,2024-05-21,2024-05-21,R,115,Colorado Rockies,4,133,Athletics,5,1,9,1
745742,2024,2024-05-21,2024-05-21,R,136,Seattle Mariners,6,147,New York Yankees,3,0,9,-3
746058,2024,2024-05-21,2024-05-21,R,158,Milwaukee Brewers,7,146,Miami Marlins,5,0,12,-2
746145,2024,2024-05-21,2024-05-21,R,109,Arizona Diamondbacks,7,119,Los Angeles Dodgers,3,0,10,-4
746309,2024,2024-05-21,2024-05-21,R,116,Detroit Tigers,3,118,Kansas City Royals,10,1,13,7
746385,2024,2024-05-21,2024-05-21,R,108,Los Angeles Angels,5,117,Houston Astros,6,1,11,1
746633,2024,2024-05-21,2024-05-21,R,121,New York Mets,6,114,Cleveland Guardians,7,1,13,1
746716,2024,2024-05-21,2024-05-21,R,135,San Diego Padres,0,113,Cincinnati Reds,2,1,2,2
746875,2024,2024-05-21,2024-05-21,R,144,Atlanta Braves,3,112,Chicago Cubs,4,1,7,1
744856,2024,2024-05-22,2024-05-22,R,142,Minnesota Twins,3,120,Washington Nationals,2,0,5,-1
744933,2024,2024-05-22,2024-05-22,R,145,Chicago White Sox,2,141,Toronto Blue Jays,9,1,11,7
745089,2024,2024-05-22,2024-05-22,R,111,Boston Red Sox,8,139,Tampa Bay Rays,5,0,13,-3
745173,2024,2024-05-22,2024-05-22,R,110,Baltimore Orioles,4,138,St. Louis Cardinals,5,1,9,1
745502,2024,2024-05-22,2024-05-22,R,137,San Francisco Giants,9,134,Pittsburgh Pirates,5,0,14,-4
745576,2024,2024-05-22,2024-05-22,R,140,Texas Rangers,4,143,Philadelphia Phillies,11,1,15,7
745661,2024,2024-05-22,2024-05-22,R,115,Colorado Rockies,4,133,Athletics,3,0,7,-1
745743,2024,2024-05-22,2024-05-22,R,136,Seattle Mariners,3,147,New York Yankees,7,1,10,4
746063,2024,2024-05-22,2024-05-22,R,158,Milwaukee Brewers,0,146,Miami Marlins,1,1,1,1
746143,2024,2024-05-22,2024-05-22,R,109,Arizona Diamondbacks,6,119,Los Angeles Dodgers,0,0,6,-6
746304,2024,2024-05-22,2024-05-22,R,116,Detroit Tigers,3,118,Kansas City Royals,8,1,11,5
746386,2024,2024-05-22,2024-05-22,R,108,Los Angeles Angels,2,117,Houston Astros,1,0,3,-1
746634,2024,2024-05-22,2024-05-22,R,121,New York Mets,3,114,Cleveland Guardians,6,1,9,3
746712,2024,2024-05-22,2024-05-22,R,135,San Diego Padres,7,113,Cincinnati Reds,3,0,10,-4
746876,2024,2024-05-22,2024-05-22,R,144,Atlanta Braves,9,112,Chicago Cubs,2,0,11,-7
745500,2024,2024-05-23,2024-05-23,R,137,San Francisco Giants,7,134,Pittsburgh Pirates,6,0,13,-1
745573,2024,2024-05-23,2024-05-23,R,140,Texas Rangers,2,143,Philadelphia Phillies,5,1,7,3
745660,2024,2024-05-23,2024-05-23,R,115,Colorado Rockies,9,133,Athletics,10,1,19,1
745741,2024,2024-05-23,2024-05-23,R,136,Seattle Mariners,0,147,New York Yankees,5,1,5,5
746474,2024,2024-05-23,2024-05-23,R,141,Toronto Blue Jays,9,116,Detroit Tigers,1,0,10,-8
746714,2024,2024-05-23,2024-05-23,R,135,San Diego Padres,6,113,Cincinnati Reds,4,0,10,-2
746792,2024,2024-05-23,2024-05-23,R,110,Baltimore Orioles,8,145,Chicago White Sox,6,0,14,-2
746874,2024,2024-05-23,2024-05-23,R,144,Atlanta Braves,3,112,Chicago Cubs,0,0,3,-3
744853,2024,2024-05-24,2024-05-24,R,136,Seattle Mariners,1,120,Washington Nationals,6,1,7,5
745087,2024,2024-05-24,2024-05-24,R,118,Kansas City Royals,8,139,Tampa Bay Rays,1,0,9,-7
745415,2024,2024-05-24,2024-05-24,R,147,New York Yankees,8,135,San Diego Padres,0,0,8,-8
745501,2024,2024-05-24,2024-05-24,R,144,Atlanta Braves,5,134,Pittsburgh Pirates,11,1,16,6
745663,2024,2024-05-24,2024-05-24,R,117,Houston Astros,6,133,Athletics,3,0,9,-3
745822,2024,2024-05-24,2024-05-24,R,137,San Francisco Giants,8,121,New York Mets,7,0,15,-1
745905,2024,2024-05-24,2024-05-24,R,140,Texas Rangers,2,142,Minnesota Twins,3,1,5,1
746227,2024,2024-05-24,2024-05-24,R,114,Cleveland Guardians,10,108,Los Angeles Angels,4,0,14,-6
746475,2024,2024-05-24,2024-05-24,R,141,Toronto Blue Jays,2,116,Detroit Tigers,6,1,8,4
746558,2024,2024-05-24,2024-05-24,R,143,Philadelphia Phillies,2,115,Colorado Rockies,3,1,5,1
746713,2024,2024-05-24,2024-05-24,R,119,Los Angeles Dodgers,6,113,Cincinnati Reds,9,1,15,3
746793,2024,2024-05-24,2024-05-24,R,110,Baltimore Orioles,6,145,Chicago White Sox,4,0,10,-2
746956,2024,2024-05-24,2024-05-24,R,158,Milwaukee Brewers,7,111,Boston Red Sox,2,0,9,-5
747200,2024,2024-05-24,2024-05-24,R,146,Miami Marlins,3,109,Arizona Diamondbacks,0,0,3,-3
744851,2024,2024-05-25,2024-05-25,R,136,Seattle Mariners,1,120,Washington Nationals,3,1,4,2
745086,2024,2024-05-25,2024-05-25,R,118,Kansas City Royals,7,139,Tampa Bay Rays,4,0,11,-3
745176,2024,2024-05-25,2024-05-25,R,112,Chicago Cubs,6,138,St. Louis Cardinals,7,1,13,1
745411,2024,2024-05-25,2024-05-25,R,147,New York Yankees,4,135,San Diego Padres,1,0,5,-3
745493,2024,2024-05-25,2024-05-25,R,144,Atlanta Braves,1,134,Pittsburgh Pirates,4,1,5,3
745658,2024,2024-05-25,2024-05-25,R,117,Houston Astros,1,133,Athletics,3,1,4,2
745823,2024,2024-05-25,2024-05-25,R,137,San Francisco Giants,7,121,New York Mets,2,0,9,-5
745901,2024,2024-05-25,2024-05-25,R,140,Texas Rangers,3,142,Minnesota Twins,5,1,8,2
746226,2024,2024-05-25,2024-05-25,R,114,Cleveland Guardians,4,108,Los Angeles Angels,3,0,7,-1
746470,2024,2024-05-25,2024-05-25,R,141,Toronto Blue Jays,1,116,Detroit Tigers,2,1,3,1
746556,2024,2024-05-25,2024-05-25,R,143,Philadelphia Phillies,8,115,Colorado Rockies,4,0,12,-4
746710,2024,2024-05-25,2024-05-25,R,119,Los Angeles Dodgers,1,113,Cincinnati Reds,3,1,4,2
746794,2024,2024-05-25,2024-05-25,R,110,Baltimore Orioles,5,145,Chicago White Sox,3,0,8,-2
746958,2024,2024-05-25,2024-05-25,R,158,Milwaukee Brewers,6,111,Boston Red Sox,3,0,9,-3
747199,2024,2024-05-25,2024-05-25,R,146,Miami Marlins,2,109,Arizona Diamondbacks,3,1,5,1
744855,2024,2024-05-26,2024-05-26,R,136,Seattle Mariners,9,120,Washington Nationals,5,0,14,-4
745088,2024,2024-05-26,2024-05-26,R,118,Kansas City Royals,1,139,Tampa Bay Rays,4,1,5,3
745172,2024,2024-05-26,2024-05-26,R,112,Chicago Cubs,3,138,St. Louis Cardinals,4,1,7,1
745413,2024,2024-05-26,2024-05-26,R,147,New York Yankees,2,135,San Diego Padres,5,1,7,3
745498,2024,2024-05-26,2024-05-26,R,144,Atlanta Braves,8,134,Pittsburgh Pirates,1,0,9,-7
745653,2024,2024-05-26,2024-05-26,R,117,Houston Astros,5,133,Athletics,2,0,7,-3
745824,2024,2024-05-26,2024-05-26,R,137,San Francisco Giants,3,121,New York Mets,4,1,7,1
745902,2024,2024-05-26,2024-05-26,R,140,Texas Rangers,6,142,Minnesota Twins,2,0,8,-4
746230,2024,2024-05-26,2024-05-26,R,114,Cleveland Guardians,5,108,Los Angeles Angels,4,0,9,-1
746469,2024,2024-05-26,2024-05-26,R,141,Toronto Blue Jays,11,116,Detroit Tigers,14,1,25,3
746557,2024,2024-05-26,2024-05-26,R,143,Philadelphia Phillies,2,115,Colorado Rockies,5,1,7,3
746711,2024,2024-05-26,2024-05-26,R,119,Los Angeles Dodgers,1,113,Cincinnati Reds,4,1,5,3
746789,2024,2024-05-26,2024-05-26,R,110,Baltimore Orioles,4,145,Chicago White Sox,1,0,5,-3
746957,2024,2024-05-26,2024-05-26,R,158,Milwaukee Brewers,1,111,Boston Red Sox,2,1,3,1
747197,2024,2024-05-26,2024-05-26,R,146,Miami Marlins,3,109,Arizona Diamondbacks,1,0,4,-2
745254,2024,2024-05-27,2024-05-27,R,117,Houston Astros,2,136,Seattle Mariners,3,1,5,1
745338,2024,2024-05-27,2024-05-27,R,143,Philadelphia Phillies,4,137,San Francisco Giants,8,1,12,4
745416,2024,2024-05-27,2024-05-27,R,146,Miami Marlins,1,135,San Diego Padres,2,1,3,1
745904,2024,2024-05-27,2024-05-27,R,118,Kansas City Royals,5,142,Minnesota Twins,6,1,11,1
745986,2024,2024-05-27,2024-05-27,R,112,Chicago Cubs,1,158,Milwaukee Brewers,5,1,6,4
746549,2024,2024-05-27,2024-05-27,R,114,Cleveland Guardians,6,115,Colorado Rockies,8,1,14,2
746708,2024,2024-05-27,2024-05-27,R,138,St. Louis Cardinals,1,113,Cincinnati Reds,3,1,4,2
746788,2024,2024-05-27,2024-05-27,R,141,Toronto Blue Jays,5,145,Chicago White Sox,1,0,6,-4
747034,2024,2024-05-27,2024-05-27,R,111,Boston Red Sox,3,110,Baltimore Orioles,11,1,14,8
747118,2024,2024-05-27,2024-05-27,R,120,Washington Nationals,8,144,Atlanta Braves,4,0,12,-4
745017,2024,2024-05-28,2024-05-28,R,109,Arizona Diamondbacks,2,140,Texas Rangers,4,1,6,2
745091,2024,2024-05-28,2024-05-28,R,133,Athletics,3,139,Tampa Bay Rays,0,0,3,-3
745258,2024,2024-05-28,2024-05-28,R,117,Houston Astros,2,136,Seattle Mariners,4,1,6,2
745337,2024,2024-05-28,2024-05-28,R,143,Philadelphia Phillies,0,137,San Francisco Giants,1,1,1,1
745412,2024,2024-05-28,2024-05-28,R,146,Miami Marlins,0,135,San Diego Padres,4,1,4,4
745816,2024,2024-05-28,2024-05-28,R,119,Los Angeles Dodgers,3,121,New York Mets,0,0,3,-3
745818,2024,2024-05-28,2024-05-28,R,119,Los Angeles Dodgers,5,121,New York Mets,2,0,7,-3
745903,2024,2024-05-28,2024-05-28,R,118,Kansas City Royals,2,142,Minnesota Twins,4,1,6,2
745987,2024,2024-05-28,2024-05-28,R,112,Chicago Cubs,6,158,Milwaukee Brewers,3,0,9,-3
746229,2024,2024-05-28,2024-05-28,R,147,New York Yankees,3,108,Los Angeles Angels,4,1,7,1
746552,2024,2024-05-28,2024-05-28,R,114,Cleveland Guardians,13,115,Colorado Rockies,7,0,20,-6
746709,2024,2024-05-28,2024-05-28,R,138,St. Louis Cardinals,7,113,Cincinnati Reds,1,0,8,-6
746791,2024,2024-05-28,2024-05-28,R,141,Toronto Blue Jays,7,145,Chicago White Sox,2,0,9,-5
747033,2024,2024-05-28,2024-05-28,R,111,Boston Red Sox,8,110,Baltimore Orioles,3,0,11,-5
747115,2024,2024-05-28,2024-05-28,R,120,Washington Nationals,0,144,Atlanta Braves,2,1,2,2
745011,2024,2024-05-29,2024-05-29,R,109,Arizona Diamondbacks,1,140,Texas Rangers,6,1,7,5
745084,2024,2024-05-29,2024-05-29,R,133,Athletics,3,139,Tampa Bay Rays,4,1,7,1
745250,2024,2024-05-29,2024-05-29,R,117,Houston Astros,1,136,Seattle Mariners,2,1,3,1
745333,2024,2024-05-29,2024-05-29,R,143,Philadelphia Phillies,6,137,San Francisco Giants,1,0,7,-5
745414,2024,2024-05-29,2024-05-29,R,146,Miami Marlins,9,135,San Diego Padres,1,0,10,-8
745817,2024,2024-05-29,2024-05-29,R,119,Los Angeles Dodgers,10,121,New York Mets,3,0,13,-7
745900,2024,2024-05-29,2024-05-29,R,118,Kansas City Royals,6,142,Minnesota Twins,1,0,7,-5
745988,2024,2024-05-29,2024-05-29,R,112,Chicago Cubs,6,158,Milwaukee Brewers,10,1,16,4
746228,2024,2024-05-29,2024-05-29,R,147,New York Yankees,2,108,Los Angeles Angels,1,0,3,-1
746467,2024,2024-05-29,2024-05-29,R,134,Pittsburgh Pirates,0,116,Detroit Tigers,8,1,8,8
746468,2024,2024-05-29,2024-05-29,R,134,Pittsburgh Pirates,10,116,Detroit Tigers,2,0,12,-8
746551,2024,2024-05-29,2024-05-29,R,114,Cleveland Guardians,4,115,Colorado Rockies,7,1,11,3
746706,2024,2024-05-29,2024-05-29,R,138,St. Louis Cardinals,5,113,Cincinnati Reds,3,0,8,-2
746790,2024,2024-05-29,2024-05-29,R,141,Toronto Blue Jays,3,145,Chicago White Sox,1,0,4,-2
747031,2024,2024-05-29,2024-05-29,R,111,Boston Red Sox,1,110,Baltimore Orioles,6,1,7,5
747117,2024,2024-05-29,2024-05-29,R,120,Washington Nationals,7,144,Atlanta Braves,2,0,9,-5
745081,2024,2024-05-30,2024-05-30,R,133,Athletics,5,139,Tampa Bay Rays,6,1,11,1
745249,2024,2024-05-30,2024-05-30,R,117,Houston Astros,4,136,Seattle Mariners,0,0,4,-4
745819,2024,2024-05-30,2024-05-30,R,109,Arizona Diamondbacks,2,121,New York Mets,3,1,5,1
745898,2024,2024-05-30,2024-05-30,R,118,Kansas City Royals,6,142,Minnesota Twins,7,1,13,1
745985,2024,2024-05-30,2024-05-30,R,112,Chicago Cubs,4,158,Milwaukee Brewers,6,1,10,2
746225,2024,2024-05-30,2024-05-30,R,147,New York Yankees,8,108,Los Angeles Angels,3,0,11,-5
746954,2024,2024-05-30,2024-05-30,R,116,Detroit Tigers,5,111,Boston Red Sox,0,0,5,-5
747114,2024,2024-05-30,2024-05-30,R,120,Washington Nationals,3,144,Atlanta Braves,1,0,4,-2
744928,2024,2024-05-31,2024-05-31,R,134,Pittsburgh Pirates,3,141,Toronto Blue Jays,5,1,8,2
745253,2024,2024-05-31,2024-05-31,R,108,Los Angeles Angels,4,136,Seattle Mariners,5,1,9,1
745331,2024,2024-05-31,2024-05-31,R,147,New York Yankees,6,137,San Francisco Giants,2,0,8,-4
745574,2024,2024-05-31,2024-05-31,R,138,St. Louis Cardinals,2,143,Philadelphia Phillies,4,1,6,2
745820,2024,2024-05-31,2024-05-31,R,109,Arizona Diamondbacks,9,121,New York Mets,10,1,19,1
745983,2024,2024-05-31,2024-05-31,R,145,Chicago White Sox,5,158,Milwaukee Brewers,12,1,17,7
746059,2024,2024-05-31,2024-05-31,R,140,Texas Rangers,2,146,Miami Marlins,8,1,10,6
746140,2024,2024-05-31,2024-05-31,R,115,Colorado Rockies,4,119,Los Angeles Dodgers,1,0,5,-3
746303,2024,2024-05-31,2024-05-31,R,135,San Diego Padres,11,118,Kansas City Royals,8,0,19,-3
746387,2024,2024-05-31,2024-05-31,R,142,Minnesota Twins,6,117,Houston Astros,1,0,7,-5
746635,2024,2024-05-31,2024-05-31,R,120,Washington Nationals,1,114,Cleveland Guardians,7,1,8,6
746877,2024,2024-05-31,2024-05-31,R,113,Cincinnati Reds,5,112,Chicago Cubs,4,0,9,-1
746955,2024,2024-05-31,2024-05-31,R,116,Detroit Tigers,3,111,Boston Red Sox,7,1,10,4
747032,2024,2024-05-31,2024-05-31,R,139,Tampa Bay Rays,1,110,Baltimore Orioles,3,1,4,2
747116,2024,2024-05-31,2024-05-31,R,133,Athletics,2,144,Atlanta Braves,4,1,6,2
744932,2024,2024-06-01,2024-06-01,R,134,Pittsburgh Pirates,8,141,Toronto Blue Jays,1,0,9,-7
745251,2024,2024-06-01,2024-06-01,R,108,Los Angeles Angels,0,136,Seattle Mariners,9,1,9,9
745332,2024,2024-06-01,2024-06-01,R,147,New York Yankees,7,137,San Francisco Giants,3,0,10,-4
745575,2024,2024-06-01,2024-06-01,R,138,St. Louis Cardinals,1,143,Philadelphia Phillies,6,1,7,5
745812,2024,2024-06-01,2024-06-01,R,109,Arizona Diamondbacks,10,121,New York Mets,5,0,15,-5
745980,2024,2024-06-01,2024-06-01,R,145,Chicago White Sox,3,158,Milwaukee Brewers,4,1,7,1
746062,2024,2024-06-01,2024-06-01,R,140,Texas Rangers,7,146,Miami Marlins,0,0,7,-7
746138,2024,2024-06-01,2024-06-01,R,115,Colorado Rockies,1,119,Los Angeles Dodgers,4,1,5,3
746305,2024,2024-06-01,2024-06-01,R,135,San Diego Padres,7,118,Kansas City Royals,3,0,10,-4
746384,2024,2024-06-01,2024-06-01,R,142,Minnesota Twins,2,117,Houston Astros,5,1,7,3
746629,2024,2024-06-01,2024-06-01,R,120,Washington Nationals,2,114,Cleveland Guardians,3,1,5,1
746870,2024,2024-06-01,2024-06-01,R,113,Cincinnati Reds,5,112,Chicago Cubs,7,1,12,2
746952,2024,2024-06-01,2024-06-01,R,116,Detroit Tigers,3,111,Boston Red Sox,6,1,9,3
747029,2024,2024-06-01,2024-06-01,R,139,Tampa Bay Rays,5,110,Baltimore Orioles,9,1,14,4
747111,2024,2024-06-01,2024-06-01,R,133,Athletics,11,144,Atlanta Braves,9,0,20,-2
744929,2024,2024-06-02,2024-06-02,R,134,Pittsburgh Pirates,4,141,Toronto Blue Jays,5,1,9,1
745252,2024,2024-06-02,2024-06-02,R,108,Los Angeles Angels,1,136,Seattle Mariners,5,1,6,4
745330,2024,2024-06-02,2024-06-02,R,147,New York Yankees,7,137,San Francisco Giants,5,0,12,-2
745572,2024,2024-06-02,2024-06-02,R,138,St. Louis Cardinals,5,143,Philadelphia Phillies,4,0,9,-1
745813,2024,2024-06-02,2024-06-02,R,109,Arizona Diamondbacks,5,121,New York Mets,4,0,9,-1
745984,2024,2024-06-02,2024-06-02,R,145,Chicago White Sox,3,158,Milwaukee Brewers,6,1,9,3
746061,2024,2024-06-02,2024-06-02,R,140,Texas Rangers,6,146,Miami Marlins,0,0,6,-6
746141,2024,2024-06-02,2024-06-02,R,115,Colorado Rockies,0,119,Los Angeles Dodgers,4,1,4,4
746301,2024,2024-06-02,2024-06-02,R,135,San Diego Padres,3,118,Kansas City Royals,4,1,7,1
746383,2024,2024-06-02,2024-06-02,R,142,Minnesota Twins,4,117,Houston Astros,3,0,7,-1
746632,2024,2024-06-02,2024-06-02,R,120,Washington Nationals,5,114,Cleveland Guardians,2,0,7,-3
746871,2024,2024-06-02,2024-06-02,R,113,Cincinnati Reds,5,112,Chicago Cubs,2,0,7,-3
746953,2024,2024-06-02,2024-06-02,R,116,Detroit Tigers,8,111,Boston Red Sox,4,0,12,-4
747030,2024,2024-06-02,2024-06-02,R,139,Tampa Bay Rays,4,110,Baltimore Orioles,3,0,7,-1
747110,2024,2024-06-02,2024-06-02,R,133,Athletics,1,144,Atlanta Braves,3,1,4,2
744854,2024,2024-06-03,2024-06-03,R,121,New York Mets,8,120,Washington Nationals,7,0,15,-1
744930,2024,2024-06-03,2024-06-03,R,110,Baltimore Orioles,7,141,Toronto Blue Jays,2,0,9,-5
745009,2024,2024-06-03,2024-06-03,R,116,Detroit Tigers,2,140,Texas Rangers,1,0,3,-1
745569,2024,2024-06-03,2024-06-03,R,158,Milwaukee Brewers,1,143,Philadelphia Phillies,3,1,4,2
746224,2024,2024-06-03,2024-06-03,R,135,San Diego Padres,1,108,Los Angeles Angels,2,1,3,1
746382,2024,2024-06-03,2024-06-03,R,138,St. Louis Cardinals,4,117,Houston Astros,7,1,11,3
746548,2024,2024-06-03,2024-06-03,R,113,Cincinnati Reds,13,115,Colorado Rockies,3,0,16,-10
747194,2024,2024-06-03,2024-06-03,R,137,San Francisco Giants,2,109,Arizona Diamondbacks,4,1,6,2
744850,2024,2024-06-04,2024-06-04,R,121,New York Mets,6,120,Washington Nationals,3,0,9,-3
744931,2024,2024-06-04,2024-06-04,R,110,Baltimore Orioles,10,141,Toronto Blue Jays,1,0,11,-9
745010,2024,2024-06-04,2024-06-04,R,116,Detroit Tigers,3,140,Texas Rangers,1,0,4,-2
745497,2024,2024-06-04,2024-06-04,R,119,Los Angeles Dodgers,0,134,Pittsburgh Pirates,1,1,1,1
745568,2024,2024-06-04,2024-06-04,R,158,Milwaukee Brewers,1,143,Philadelphia Phillies,2,1,3,1
745656,2024,2024-06-04,2024-06-04,R,136,Seattle Mariners,4,133,Athletics,3,0,7,-1
745739,2024,2024-06-04,2024-06-04,R,142,Minnesota Twins,1,147,New York Yankees,5,1,6,4
746060,2024,2024-06-04,2024-06-04,R,139,Tampa Bay Rays,9,146,Miami Marlins,5,0,14,-4
746222,2024,2024-06-04,2024-06-04,R,135,San Diego Padres,2,108,Los Angeles Angels,4,1,6,2
746380,2024,2024-06-04,2024-06-04,R,138,St. Louis Cardinals,5,117,Houston Astros,8,1,13,3
746550,2024,2024-06-04,2024-06-04,R,113,Cincinnati Reds,4,115,Colorado Rockies,1,0,5,-3
746630,2024,2024-06-04,2024-06-04,R,118,Kansas City Royals,5,114,Cleveland Guardians,8,1,13,3
746872,2024,2024-06-04,2024-06-04,R,145,Chicago White Sox,6,112,Chicago Cubs,7,1,13,1
746949,2024,2024-06-04,2024-06-04,R,144,Atlanta Braves,8,111,Boston Red Sox,3,0,11,-5
747196,2024,2024-06-04,2024-06-04,R,137,San Francisco Giants,5,109,Arizona Diamondbacks,8,1,13,3
744852,2024,2024-06-05,2024-06-05,R,121,New York Mets,9,120,Washington Nationals,1,0,10,-8
744927,2024,2024-06-05,2024-06-05,R,110,Baltimore Orioles,2,141,Toronto Blue Jays,3,1,5,1
745007,2024,2024-06-05,2024-06-05,R,116,Detroit Tigers,1,140,Texas Rangers,9,1,10,8
745494,2024,2024-06-05,2024-06-05,R,119,Los Angeles Dodgers,6,134,Pittsburgh Pirates,10,1,16,4
745570,2024,2024-06-05,2024-06-05,R,158,Milwaukee Brewers,0,143,Philadelphia Phillies,2,1,2,2
745654,2024,2024-06-05,2024-06-05,R,136,Seattle Mariners,1,133,Athletics,2,1,3,1
745740,2024,2024-06-05,2024-06-05,R,142,Minnesota Twins,5,147,New York Yankees,9,1,14,4
746056,2024,2024-06-05,2024-06-05,R,139,Tampa Bay Rays,5,146,Miami Marlins,3,0,8,-2
746221,2024,2024-06-05,2024-06-05,R,135,San Diego Padres,2,108,Los Angeles Angels,3,1,5,1
746379,2024,2024-06-05,2024-06-05,R,138,St. Louis Cardinals,4,117,Houston Astros,2,0,6,-2
746544,2024,2024-06-05,2024-06-05,R,113,Cincinnati Reds,12,115,Colorado Rockies,7,0,19,-5
746873,2024,2024-06-05,2024-06-05,R,145,Chicago White Sox,6,112,Chicago Cubs,7,1,13,1
746950,2024,2024-06-05,2024-06-05,R,144,Atlanta Braves,0,111,Boston Red Sox,9,1,9,9
747195,2024,2024-06-05,2024-06-05,R,137,San Francisco Giants,9,109,Arizona Diamondbacks,3,0,12,-6
744844,2024,2024-06-06,2024-06-06,R,144,Atlanta Braves,5,120,Washington Nationals,2,0,7,-3
744923,2024,2024-06-06,2024-06-06,R,110,Baltimore Orioles,5,141,Toronto Blue Jays,6,1,11,1
745174,2024,2024-06-06,2024-06-06,R,115,Colorado Rockies,3,138,St. Louis Cardinals,2,0,5,-1
745408,2024,2024-06-06,2024-06-06,R,109,Arizona Diamondbacks,4,135,San Diego Padres,3,0,7,-1
745495,2024,2024-06-06,2024-06-06,R,119,Los Angeles Dodgers,11,134,Pittsburgh Pirates,7,0,18,-4
745657,2024,2024-06-06,2024-06-06,R,136,Seattle Mariners,3,133,Athletics,0,0,3,-3
745738,2024,2024-06-06,2024-06-06,R,142,Minnesota Twins,5,147,New York Yankees,8,1,13,3
746631,2024,2024-06-06,2024-06-06,R,118,Kansas City Royals,4,114,Cleveland Guardians,3,0,7,-1
746707,2024,2024-06-06,2024-06-06,R,112,Chicago Cubs,4,113,Cincinnati Reds,8,1,12,4
746784,2024,2024-06-06,2024-06-06,R,111,Boston Red Sox,14,145,Chicago White Sox,2,0,16,-12
744845,2024,2024-06-07,2024-06-07,R,144,Atlanta Braves,1,120,Washington Nationals,2,1,3,1
745008,2024,2024-06-07,2024-06-07,R,137,San Francisco Giants,5,140,Texas Rangers,2,0,7,-3
745083,2024,2024-06-07,2024-06-07,R,110,Baltimore Orioles,6,139,Tampa Bay Rays,3,0,9,-3
745169,2024,2024-06-07,2024-06-07,R,115,Colorado Rockies,5,138,St. Louis Cardinals,8,1,13,3
745406,2024,2024-06-07,2024-06-07,R,109,Arizona Diamondbacks,3,135,San Diego Padres,10,1,13,7
745496,2024,2024-06-07,2024-06-07,R,142,Minnesota Twins,0,134,Pittsburgh Pirates,3,1,3,3
745655,2024,2024-06-07,2024-06-07,R,141,Toronto Blue Jays,1,133,Athletics,2,1,3,1
745737,2024,2024-06-07,2024-06-07,R,119,Los Angeles Dodgers,2,147,New York Yankees,1,0,3,-1
746053,2024,2024-06-07,2024-06-07,R,114,Cleveland Guardians,2,146,Miami Marlins,3,1,5,1
746220,2024,2024-06-07,2024-06-07,R,117,Houston Astros,7,108,Los Angeles Angels,1,0,8,-6
746302,2024,2024-06-07,2024-06-07,R,136,Seattle Mariners,9,118,Kansas City Royals,10,1,19,1
746466,2024,2024-06-07,2024-06-07,R,158,Milwaukee Brewers,10,116,Detroit Tigers,0,0,10,-10
746704,2024,2024-06-07,2024-06-07,R,112,Chicago Cubs,2,113,Cincinnati Reds,3,1,5,1
746785,2024,2024-06-07,2024-06-07,R,111,Boston Red Sox,2,145,Chicago White Sox,7,1,9,5
744848,2024,2024-06-08,2024-06-08,R,144,Atlanta Braves,3,120,Washington Nationals,7,1,10,4
745001,2024,2024-06-08,2024-06-08,R,137,San Francisco Giants,3,140,Texas Rangers,1,0,4,-2
745082,2024,2024-06-08,2024-06-08,R,110,Baltimore Orioles,5,139,Tampa Bay Rays,0,0,5,-5
745166,2024,2024-06-08,2024-06-08,R,115,Colorado Rockies,6,138,St. Louis Cardinals,5,0,11,-1
745410,2024,2024-06-08,2024-06-08,R,109,Arizona Diamondbacks,1,135,San Diego Padres,13,1,14,12
745492,2024,2024-06-08,2024-06-08,R,142,Minnesota Twins,0,134,Pittsburgh Pirates,4,1,4,4
745652,2024,2024-06-08,2024-06-08,R,141,Toronto Blue Jays,7,133,Athletics,0,0,7,-7
745735,2024,2024-06-08,2024-06-08,R,119,Los Angeles Dodgers,11,147,New York Yankees,3,0,14,-8
745814,2024,2024-06-08,2024-06-08,R,143,Philadelphia Phillies,7,121,New York Mets,2,0,9,-5
746057,2024,2024-06-08,2024-06-08,R,114,Cleveland Guardians,8,146,Miami Marlins,0,0,8,-8
746223,2024,2024-06-08,2024-06-08,R,117,Houston Astros,6,108,Los Angeles Angels,1,0,7,-5
746300,2024,2024-06-08,2024-06-08,R,136,Seattle Mariners,4,118,Kansas City Royals,8,1,12,4
746461,2024,2024-06-08,2024-06-08,R,158,Milwaukee Brewers,5,116,Detroit Tigers,4,0,9,-1
746703,2024,2024-06-08,2024-06-08,R,112,Chicago Cubs,3,113,Cincinnati Reds,4,1,7,1
746786,2024,2024-06-08,2024-06-08,R,111,Boston Red Sox,1,145,Chicago White Sox,6,1,7,5
744849,2024,2024-06-09,2024-06-09,R,144,Atlanta Braves,5,120,Washington Nationals,8,1,13,3
745003,2024,2024-06-09,2024-06-09,R,137,San Francisco Giants,2,140,Texas Rangers,7,1,9,5
745085,2024,2024-06-09,2024-06-09,R,110,Baltimore Orioles,9,139,Tampa Bay Rays,2,0,11,-7
745167,2024,2024-06-09,2024-06-09,R,115,Colorado Rockies,1,138,St. Louis Cardinals,5,1,6,4
745407,2024,2024-06-09,2024-06-09,R,109,Arizona Diamondbacks,9,135,San Diego Padres,3,0,12,-6
745491,2024,2024-06-09,2024-06-09,R,142,Minnesota Twins,11,134,Pittsburgh Pirates,5,0,16,-6
745571,2024,2024-06-09,2024-06-09,R,121,New York Mets,6,143,Philadelphia Phillies,5,0,11,-1
745651,2024,2024-06-09,2024-06-09,R,141,Toronto Blue Jays,6,133,Athletics,4,0,10,-2
745736,2024,2024-06-09,2024-06-09,R,119,Los Angeles Dodgers,4,147,New York Yankees,6,1,10,2
746054,2024,2024-06-09,2024-06-09,R,114,Cleveland Guardians,6,146,Miami Marlins,3,0,9,-3
746216,2024,2024-06-09,2024-06-09,R,117,Houston Astros,7,108,Los Angeles Angels,9,1,16,2
746297,2024,2024-06-09,2024-06-09,R,136,Seattle Mariners,6,118,Kansas City Royals,5,0,11,-1
746463,2024,2024-06-09,2024-06-09,R,158,Milwaukee Brewers,2,116,Detroit Tigers,10,1,12,8
746705,2024,2024-06-09,2024-06-09,R,112,Chicago Cubs,4,113,Cincinnati Reds,2,0,6,-2
746787,2024,2024-06-09,2024-06-09,R,111,Boston Red Sox,6,145,Chicago White Sox,4,0,10,-2
745080,2024,2024-06-10,2024-06-10,R,110,Baltimore Orioles,5,139,Tampa Bay Rays,2,0,7,-3
745248,2024,2024-06-10,2024-06-10,R,145,Chicago White Sox,4,136,Seattle Mariners,8,1,12,4
745334,2024,2024-06-10,2024-06-10,R,117,Houston Astros,3,137,San Francisco Giants,4,1,7,1
745409,2024,2024-06-10,2024-06-10,R,133,Athletics,1,135,San Diego Padres,6,1,7,5
745897,2024,2024-06-10,2024-06-10,R,115,Colorado Rockies,0,142,Minnesota Twins,5,1,5,5
745982,2024,2024-06-10,2024-06-10,R,141,Toronto Blue Jays,1,158,Milwaukee Brewers,3,1,4,2
746295,2024,2024-06-10,2024-06-10,R,147,New York Yankees,4,118,Kansas City Royals,2,0,6,-2
745077,2024,2024-06-11,2024-06-11,R,112,Chicago Cubs,2,139,Tampa Bay Rays,5,1,7,3
745170,2024,2024-06-11,2024-06-11,R,134,Pittsburgh Pirates,2,138,St. Louis Cardinals,1,0,3,-1
745244,2024,2024-06-11,2024-06-11,R,145,Chicago White Sox,3,136,Seattle Mariners,4,1,7,1
745327,2024,2024-06-11,2024-06-11,R,117,Houston Astros,3,137,San Francisco Giants,1,0,4,-2
745404,2024,2024-06-11,2024-06-11,R,133,Athletics,3,135,San Diego Padres,4,1,7,1
745815,2024,2024-06-11,2024-06-11,R,146,Miami Marlins,4,121,New York Mets,2,0,6,-2
745899,2024,2024-06-11,2024-06-11,R,115,Colorado Rockies,5,142,Minnesota Twins,4,0,9,-1
745981,2024,2024-06-11,2024-06-11,R,141,Toronto Blue Jays,3,158,Milwaukee Brewers,0,0,3,-3
746139,2024,2024-06-11,2024-06-11,R,140,Texas Rangers,2,119,Los Angeles Dodgers,15,1,17,13
746296,2024,2024-06-11,2024-06-11,R,147,New York Yankees,10,118,Kansas City Royals,1,0,11,-9
746464,2024,2024-06-11,2024-06-11,R,120,Washington Nationals,5,116,Detroit Tigers,4,0,9,-1
746702,2024,2024-06-11,2024-06-11,R,114,Cleveland Guardians,5,113,Cincinnati Reds,3,0,8,-2
746951,2024,2024-06-11,2024-06-11,R,143,Philadelphia Phillies,4,111,Boston Red Sox,1,0,5,-3
747027,2024,2024-06-11,2024-06-11,R,144,Atlanta Braves,0,110,Baltimore Orioles,4,1,4,4
747190,2024,2024-06-11,2024-06-11,R,108,Los Angeles Angels,4,109,Arizona Diamondbacks,9,1,13,5
745079,2024,2024-06-12,2024-06-12,R,112,Chicago Cubs,4,139,Tampa Bay Rays,3,0,7,-1
745171,2024,2024-06-12,2024-06-12,R,134,Pittsburgh Pirates,2,138,St. Louis Cardinals,4,1,6,2
745246,2024,2024-06-12,2024-06-12,R,145,Chicago White Sox,1,136,Seattle Mariners,2,1,3,1
745328,2024,2024-06-12,2024-06-12,R,117,Houston Astros,3,137,San Francisco Giants,5,1,8,2
745405,2024,2024-06-12,2024-06-12,R,133,Athletics,4,135,San Diego Padres,5,1,9,1
745811,2024,2024-06-12,2024-06-12,R,146,Miami Marlins,4,121,New York Mets,10,1,14,6
745896,2024,2024-06-12,2024-06-12,R,115,Colorado Rockies,9,142,Minnesota Twins,17,1,26,8
745978,2024,2024-06-12,2024-06-12,R,141,Toronto Blue Jays,4,158,Milwaukee Brewers,5,1,9,1
746137,2024,2024-06-12,2024-06-12,R,140,Texas Rangers,3,119,Los Angeles Dodgers,2,0,5,-1
746294,2024,2024-06-12,2024-06-12,R,147,New York Yankees,11,118,Kansas City Royals,5,0,16,-6
746462,2024,2024-06-12,2024-06-12,R,120,Washington Nationals,7,116,Detroit Tigers,5,0,12,-2
746701,2024,2024-06-12,2024-06-12,R,114,Cleveland Guardians,2,113,Cincinnati Reds,4,1,6,2
746948,2024,2024-06-12,2024-06-12,R,143,Philadelphia Phillies,6,111,Boston Red Sox,8,1,14,2
747028,2024,2024-06-12,2024-06-12,R,144,Atlanta Braves,2,110,Baltimore Orioles,4,1,6,2
747193,2024,2024-06-12,2024-06-12,R,108,Los Angeles Angels,8,109,Arizona Diamondbacks,3,0,11,-5
745075,2024,2024-06-13,2024-06-13,R,112,Chicago Cubs,2,139,Tampa Bay Rays,3,1,5,1
745168,2024,2024-06-13,2024-06-13,R,134,Pittsburgh Pirates,3,138,St. Louis Cardinals,4,1,7,1
745245,2024,2024-06-13,2024-06-13,R,145,Chicago White Sox,3,136,Seattle Mariners,2,0,5,-1
745809,2024,2024-06-13,2024-06-13,R,146,Miami Marlins,2,121,New York Mets,3,1,5,1
745894,2024,2024-06-13,2024-06-13,R,133,Athletics,2,142,Minnesota Twins,6,1,8,4
746136,2024,2024-06-13,2024-06-13,R,140,Texas Rangers,3,119,Los Angeles Dodgers,1,0,4,-2
746299,2024,2024-06-13,2024-06-13,R,147,New York Yankees,3,118,Kansas City Royals,4,1,7,1
746465,2024,2024-06-13,2024-06-13,R,120,Washington Nationals,2,116,Detroit Tigers,7,1,9,5
746944,2024,2024-06-13,2024-06-13,R,143,Philadelphia Phillies,3,111,Boston Red Sox,9,1,12,6
747026,2024,2024-06-13,2024-06-13,R,144,Atlanta Braves,6,110,Baltimore Orioles,3,0,9,-3
747192,2024,2024-06-13,2024-06-13,R,108,Los Angeles Angels,1,109,Arizona Diamondbacks,11,1,12,10
744847,2024,2024-06-14,2024-06-14,R,146,Miami Marlins,1,120,Washington Nationals,8,1,9,7
744924,2024,2024-06-14,2024-06-14,R,114,Cleveland Guardians,3,141,Toronto Blue Jays,1,0,4,-2
745247,2024,2024-06-14,2024-06-14,R,140,Texas Rangers,2,136,Seattle Mariners,3,1,5,1
745326,2024,2024-06-14,2024-06-14,R,108,Los Angeles Angels,8,137,San Francisco Giants,6,0,14,-2
745810,2024,2024-06-14,2024-06-14,R,135,San Diego Padres,1,121,New York Mets,2,1,3,1
745892,2024,2024-06-14,2024-06-14,R,133,Athletics,5,142,Minnesota Twins,6,1,11,1
745979,2024,2024-06-14,2024-06-14,R,113,Cincinnati Reds,6,158,Milwaukee Brewers,5,0,11,-1
746134,2024,2024-06-14,2024-06-14,R,118,Kansas City Royals,3,119,Los Angeles Dodgers,4,1,7,1
746378,2024,2024-06-14,2024-06-14,R,116,Detroit Tigers,0,117,Houston Astros,4,1,4,4
746545,2024,2024-06-14,2024-06-14,R,134,Pittsburgh Pirates,5,115,Colorado Rockies,2,0,7,-3
746869,2024,2024-06-14,2024-06-14,R,138,St. Louis Cardinals,3,112,Chicago Cubs,0,0,3,-3
746947,2024,2024-06-14,2024-06-14,R,147,New York Yankees,8,111,Boston Red Sox,1,0,9,-7
747025,2024,2024-06-14,2024-06-14,R,143,Philadelphia Phillies,5,110,Baltimore Orioles,3,0,8,-2
747112,2024,2024-06-14,2024-06-14,R,139,Tampa Bay Rays,3,144,Atlanta Braves,7,1,10,4
747191,2024,2024-06-14,2024-06-14,R,145,Chicago White Sox,1,109,Arizona Diamondbacks,7,1,8,6
744846,2024,2024-06-15,2024-06-15,R,146,Miami Marlins,0,120,Washington Nationals,4,1,4,4
744925,2024,2024-06-15,2024-06-15,R,114,Cleveland Guardians,0,141,Toronto Blue Jays,5,1,5,5
745241,2024,2024-06-15,2024-06-15,R,140,Texas Rangers,5,136,Seattle Mariners,7,1,12,2
745329,2024,2024-06-15,2024-06-15,R,108,Los Angeles Angels,4,137,San Francisco Giants,3,0,7,-1
745805,2024,2024-06-15,2024-06-15,R,135,San Diego Padres,1,121,New York Mets,5,1,6,4
745976,2024,2024-06-15,2024-06-15,R,113,Cincinnati Reds,1,158,Milwaukee Brewers,3,1,4,2
746135,2024,2024-06-15,2024-06-15,R,118,Kansas City Royals,7,119,Los Angeles Dodgers,2,0,9,-5
746381,2024,2024-06-15,2024-06-15,R,116,Detroit Tigers,13,117,Houston Astros,5,0,18,-8
746547,2024,2024-06-15,2024-06-15,R,134,Pittsburgh Pirates,4,115,Colorado Rockies,16,1,20,12
746865,2024,2024-06-15,2024-06-15,R,138,St. Louis Cardinals,1,112,Chicago Cubs,5,1,6,4
746946,2024,2024-06-15,2024-06-15,R,147,New York Yankees,4,111,Boston Red Sox,8,1,12,4
747024,2024,2024-06-15,2024-06-15,R,143,Philadelphia Phillies,2,110,Baltimore Orioles,6,1,8,4
747113,2024,2024-06-15,2024-06-15,R,139,Tampa Bay Rays,2,144,Atlanta Braves,9,1,11,7
747187,2024,2024-06-15,2024-06-15,R,145,Chicago White Sox,9,109,Arizona Diamondbacks,2,0,11,-7
744839,2024,2024-06-16,2024-06-16,R,146,Miami Marlins,1,120,Washington Nationals,3,1,4,2
744926,2024,2024-06-16,2024-06-16,R,114,Cleveland Guardians,6,141,Toronto Blue Jays,7,1,13,1
745242,2024,2024-06-16,2024-06-16,R,140,Texas Rangers,0,136,Seattle Mariners,5,1,5,5
745321,2024,2024-06-16,2024-06-16,R,108,Los Angeles Angels,6,137,San Francisco Giants,13,1,19,7
745807,2024,2024-06-16,2024-06-16,R,135,San Diego Padres,6,121,New York Mets,11,1,17,5
745891,2024,2024-06-16,2024-06-16,R,133,Athletics,7,142,Minnesota Twins,8,1,15,1
745895,2024,2024-06-16,2024-06-16,R,133,Athletics,2,142,Minnesota Twins,6,1,8,4
745977,2024,2024-06-16,2024-06-16,R,113,Cincinnati Reds,4,158,Milwaukee Brewers,5,1,9,1
746130,2024,2024-06-16,2024-06-16,R,118,Kansas City Royals,0,119,Los Angeles Dodgers,3,1,3,3
746377,2024,2024-06-16,2024-06-16,R,116,Detroit Tigers,1,117,Houston Astros,4,1,5,3
746546,2024,2024-06-16,2024-06-16,R,134,Pittsburgh Pirates,8,115,Colorado Rockies,2,0,10,-6
746866,2024,2024-06-16,2024-06-16,R,138,St. Louis Cardinals,2,112,Chicago Cubs,1,0,3,-1
746945,2024,2024-06-16,2024-06-16,R,147,New York Yankees,3,111,Boston Red Sox,9,1,12,6
747023,2024,2024-06-16,2024-06-16,R,143,Philadelphia Phillies,3,110,Baltimore Orioles,8,1,11,5
747109,2024,2024-06-16,2024-06-16,R,139,Tampa Bay Rays,8,144,Atlanta Braves,6,0,14,-2
747189,2024,2024-06-16,2024-06-16,R,145,Chicago White Sox,5,109,Arizona Diamondbacks,12,1,17,7
744918,2024,2024-06-17,2024-06-17,R,111,Boston Red Sox,7,141,Toronto Blue Jays,3,0,10,-4
745005,2024,2024-06-17,2024-06-17,R,121,New York Mets,14,140,Texas Rangers,2,0,16,-12
745490,2024,2024-06-17,2024-06-17,R,113,Cincinnati Reds,1,134,Pittsburgh Pirates,4,1,5,3
745567,2024,2024-06-17,2024-06-17,R,135,San Diego Padres,2,143,Philadelphia Phillies,9,1,11,7
746055,2024,2024-06-17,2024-06-17,R,138,St. Louis Cardinals,7,146,Miami Marlins,6,0,13,-1
746215,2024,2024-06-17,2024-06-17,R,158,Milwaukee Brewers,3,108,Los Angeles Angels,5,1,8,2
746543,2024,2024-06-17,2024-06-17,R,119,Los Angeles Dodgers,9,115,Colorado Rockies,5,0,14,-4
746868,2024,2024-06-17,2024-06-17,R,137,San Francisco Giants,7,112,Chicago Cubs,6,0,13,-1
747108,2024,2024-06-17,2024-06-17,R,116,Detroit Tigers,1,144,Atlanta Braves,2,1,3,1
744843,2024,2024-06-18,2024-06-18,R,109,Arizona Diamondbacks,5,120,Washington Nationals,0,0,5,-5
744917,2024,2024-06-18,2024-06-18,R,111,Boston Red Sox,4,141,Toronto Blue Jays,3,0,7,-1
745004,2024,2024-06-18,2024-06-18,R,121,New York Mets,7,140,Texas Rangers,6,0,13,-1
745488,2024,2024-06-18,2024-06-18,R,113,Cincinnati Reds,2,134,Pittsburgh Pirates,1,0,3,-1
745563,2024,2024-06-18,2024-06-18,R,135,San Diego Padres,3,143,Philadelphia Phillies,4,1,7,1
745650,2024,2024-06-18,2024-06-18,R,118,Kansas City Royals,5,133,Athletics,7,1,12,2
745733,2024,2024-06-18,2024-06-18,R,110,Baltimore Orioles,2,147,New York Yankees,4,1,6,2
745893,2024,2024-06-18,2024-06-18,R,139,Tampa Bay Rays,6,142,Minnesota Twins,7,1,13,1
746049,2024,2024-06-18,2024-06-18,R,138,St. Louis Cardinals,8,146,Miami Marlins,9,1,17,1
746217,2024,2024-06-18,2024-06-18,R,158,Milwaukee Brewers,6,108,Los Angeles Angels,3,0,9,-3
746542,2024,2024-06-18,2024-06-18,R,119,Los Angeles Dodgers,11,115,Colorado Rockies,9,0,20,-2
746627,2024,2024-06-18,2024-06-18,R,136,Seattle Mariners,8,114,Cleveland Guardians,5,0,13,-3
746783,2024,2024-06-18,2024-06-18,R,117,Houston Astros,0,145,Chicago White Sox,2,1,2,2
746867,2024,2024-06-18,2024-06-18,R,137,San Francisco Giants,2,112,Chicago Cubs,5,1,7,3
747107,2024,2024-06-18,2024-06-18,R,116,Detroit Tigers,1,144,Atlanta Braves,2,1,3,1
744842,2024,2024-06-19,2024-06-19,R,109,Arizona Diamondbacks,1,120,Washington Nationals,3,1,4,2
744920,2024,2024-06-19,2024-06-19,R,111,Boston Red Sox,7,141,Toronto Blue Jays,3,0,10,-4
745002,2024,2024-06-19,2024-06-19,R,121,New York Mets,3,140,Texas Rangers,5,1,8,2
745489,2024,2024-06-19,2024-06-19,R,113,Cincinnati Reds,0,134,Pittsburgh Pirates,1,1,1,1
745561,2024,2024-06-19,2024-06-19,R,135,San Diego Padres,5,143,Philadelphia Phillies,2,0,7,-3
745646,2024,2024-06-19,2024-06-19,R,118,Kansas City Royals,1,133,Athletics,5,1,6,4
745732,2024,2024-06-19,2024-06-19,R,110,Baltimore Orioles,7,147,New York Yankees,6,0,13,-1
745887,2024,2024-06-19,2024-06-19,R,139,Tampa Bay Rays,3,142,Minnesota Twins,2,0,5,-1
746050,2024,2024-06-19,2024-06-19,R,138,St. Louis Cardinals,3,146,Miami Marlins,4,1,7,1
746219,2024,2024-06-19,2024-06-19,R,158,Milwaukee Brewers,2,108,Los Angeles Angels,0,0,2,-2
746538,2024,2024-06-19,2024-06-19,R,119,Los Angeles Dodgers,6,115,Colorado Rockies,7,1,13,1
746625,2024,2024-06-19,2024-06-19,R,136,Seattle Mariners,0,114,Cleveland Guardians,8,1,8,8
746781,2024,2024-06-19,2024-06-19,R,117,Houston Astros,4,145,Chicago White Sox,1,0,5,-3
746864,2024,2024-06-19,2024-06-19,R,137,San Francisco Giants,5,112,Chicago Cubs,6,1,11,1
747106,2024,2024-06-19,2024-06-19,R,116,Detroit Tigers,0,144,Atlanta Braves,7,1,7,7
744841,2024,2024-06-20,2024-06-20,R,109,Arizona Diamondbacks,5,120,Washington Nationals,2,0,7,-3
745164,2024,2024-06-20,2024-06-20,R,137,San Francisco Giants,5,138,St. Louis Cardinals,6,1,11,1
745401,2024,2024-06-20,2024-06-20,R,158,Milwaukee Brewers,6,135,San Diego Padres,7,1,13,1
745645,2024,2024-06-20,2024-06-20,R,118,Kansas City Royals,3,133,Athletics,2,0,5,-1
745734,2024,2024-06-20,2024-06-20,R,110,Baltimore Orioles,17,147,New York Yankees,5,0,22,-12
745889,2024,2024-06-20,2024-06-20,R,139,Tampa Bay Rays,7,142,Minnesota Twins,6,0,13,-1
746539,2024,2024-06-20,2024-06-20,R,119,Los Angeles Dodgers,5,115,Colorado Rockies,3,0,8,-2
746626,2024,2024-06-20,2024-06-20,R,136,Seattle Mariners,3,114,Cleveland Guardians,6,1,9,3
746782,2024,2024-06-20,2024-06-20,R,117,Houston Astros,5,145,Chicago White Sox,3,0,8,-2
745006,2024,2024-06-21,2024-06-21,R,118,Kansas City Royals,2,140,Texas Rangers,6,1,8,4
745403,2024,2024-06-21,2024-06-21,R,158,Milwaukee Brewers,5,135,San Diego Padres,9,1,14,4
745483,2024,2024-06-21,2024-06-21,R,139,Tampa Bay Rays,10,134,Pittsburgh Pirates,3,0,13,-7
745562,2024,2024-06-21,2024-06-21,R,109,Arizona Diamondbacks,5,143,Philadelphia Phillies,4,0,9,-1
745649,2024,2024-06-21,2024-06-21,R,142,Minnesota Twins,5,133,Athletics,6,1,11,1
745729,2024,2024-06-21,2024-06-21,R,144,Atlanta Braves,8,147,New York Yankees,1,0,9,-7
746052,2024,2024-06-21,2024-06-21,R,136,Seattle Mariners,2,146,Miami Marlins,3,1,5,1
746131,2024,2024-06-21,2024-06-21,R,108,Los Angeles Angels,3,119,Los Angeles Dodgers,2,0,5,-1
746375,2024,2024-06-21,2024-06-21,R,110,Baltimore Orioles,11,117,Houston Astros,14,1,25,3
746460,2024,2024-06-21,2024-06-21,R,145,Chicago White Sox,1,116,Detroit Tigers,2,1,3,1
746540,2024,2024-06-21,2024-06-21,R,120,Washington Nationals,11,115,Colorado Rockies,5,0,16,-6
746624,2024,2024-06-21,2024-06-21,R,141,Toronto Blue Jays,1,114,Cleveland Guardians,7,1,8,6
746698,2024,2024-06-21,2024-06-21,R,111,Boston Red Sox,2,113,Cincinnati Reds,5,1,7,3
746861,2024,2024-06-21,2024-06-21,R,121,New York Mets,11,112,Chicago Cubs,1,0,12,-10
744997,2024,2024-06-22,2024-06-22,R,118,Kansas City Royals,0,140,Texas Rangers,6,1,6,6
745163,2024,2024-06-22,2024-06-22,R,137,San Francisco Giants,4,138,St. Louis Cardinals,9,1,13,5
745402,2024,2024-06-22,2024-06-22,R,158,Milwaukee Brewers,4,135,San Diego Padres,6,1,10,2
745486,2024,2024-06-22,2024-06-22,R,139,Tampa Bay Rays,3,134,Pittsburgh Pirates,4,1,7,1
745564,2024,2024-06-22,2024-06-22,R,109,Arizona Diamondbacks,1,143,Philadelphia Phillies,12,1,13,11
745644,2024,2024-06-22,2024-06-22,R,142,Minnesota Twins,10,133,Athletics,2,0,12,-8
745731,2024,2024-06-22,2024-06-22,R,144,Atlanta Braves,3,147,New York Yankees,8,1,11,5
746048,2024,2024-06-22,2024-06-22,R,136,Seattle Mariners,9,146,Miami Marlins,0,0,9,-9
746132,2024,2024-06-22,2024-06-22,R,108,Los Angeles Angels,2,119,Los Angeles Dodgers,7,1,9,5
746376,2024,2024-06-22,2024-06-22,R,110,Baltimore Orioles,1,117,Houston Astros,5,1,6,4
746459,2024,2024-06-22,2024-06-22,R,145,Chicago White Sox,5,116,Detroit Tigers,1,0,6,-4
746541,2024,2024-06-22,2024-06-22,R,120,Washington Nationals,7,115,Colorado Rockies,8,1,15,1
746622,2024,2024-06-22,2024-06-22,R,141,Toronto Blue Jays,3,114,Cleveland Guardians,6,1,9,3
746700,2024,2024-06-22,2024-06-22,R,111,Boston Red Sox,4,113,Cincinnati Reds,3,0,7,-1
746863,2024,2024-06-22,2024-06-22,R,121,New York Mets,1,112,Chicago Cubs,8,1,9,7
745000,2024,2024-06-23,2024-06-23,R,118,Kansas City Royals,0,140,Texas Rangers,4,1,4,4
745165,2024,2024-06-23,2024-06-23,R,137,San Francisco Giants,3,138,St. Louis Cardinals,5,1,8,2
745396,2024,2024-06-23,2024-06-23,R,158,Milwaukee Brewers,6,135,San Diego Padres,2,0,8,-4
745485,2024,2024-06-23,2024-06-23,R,139,Tampa Bay Rays,3,134,Pittsburgh Pirates,1,0,4,-2
745566,2024,2024-06-23,2024-06-23,R,109,Arizona Diamondbacks,1,143,Philadelphia Phillies,4,1,5,3
745648,2024,2024-06-23,2024-06-23,R,142,Minnesota Twins,3,133,Athletics,0,0,3,-3
745727,2024,2024-06-23,2024-06-23,R,144,Atlanta Braves,3,147,New York Yankees,1,0,4,-2
746051,2024,2024-06-23,2024-06-23,R,136,Seattle Mariners,4,146,Miami Marlins,6,1,10,2
746373,2024,2024-06-23,2024-06-23,R,110,Baltimore Orioles,1,117,Houston Astros,8,1,9,7
746457,2024,2024-06-23,2024-06-23,R,145,Chicago White Sox,2,116,Detroit Tigers,11,1,13,9
746536,2024,2024-06-23,2024-06-23,R,120,Washington Nationals,2,115,Colorado Rockies,1,0,3,-1
746621,2024,2024-06-23,2024-06-23,R,141,Toronto Blue Jays,5,114,Cleveland Guardians,6,1,11,1
746699,2024,2024-06-23,2024-06-23,R,111,Boston Red Sox,7,113,Cincinnati Reds,4,0,11,-3
746862,2024,2024-06-23,2024-06-23,R,121,New York Mets,5,112,Chicago Cubs,2,0,7,-3
745078,2024,2024-06-24,2024-06-24,R,136,Seattle Mariners,3,139,Tampa Bay Rays,4,1,7,1
745160,2024,2024-06-24,2024-06-24,R,144,Atlanta Braves,3,138,St. Louis Cardinals,4,1,7,1
745323,2024,2024-06-24,2024-06-24,R,112,Chicago Cubs,4,137,San Francisco Giants,5,1,9,1
745397,2024,2024-06-24,2024-06-24,R,120,Washington Nationals,6,135,San Diego Padres,7,1,13,1
745974,2024,2024-06-24,2024-06-24,R,140,Texas Rangers,3,158,Milwaukee Brewers,6,1,9,3
746218,2024,2024-06-24,2024-06-24,R,133,Athletics,1,108,Los Angeles Angels,5,1,6,4
746298,2024,2024-06-24,2024-06-24,R,146,Miami Marlins,1,118,Kansas City Royals,4,1,5,3
746458,2024,2024-06-24,2024-06-24,R,143,Philadelphia Phillies,8,116,Detroit Tigers,1,0,9,-7
746696,2024,2024-06-24,2024-06-24,R,134,Pittsburgh Pirates,5,113,Cincinnati Reds,11,1,16,6
746780,2024,2024-06-24,2024-06-24,R,119,Los Angeles Dodgers,3,145,Chicago White Sox,0,0,3,-3
746941,2024,2024-06-24,2024-06-24,R,141,Toronto Blue Jays,6,111,Boston Red Sox,7,1,13,1
747021,2024,2024-06-24,2024-06-24,R,114,Cleveland Guardians,3,110,Baltimore Orioles,2,0,5,-1
745076,2024,2024-06-25,2024-06-25,R,136,Seattle Mariners,3,139,Tampa Bay Rays,11,1,14,8
745322,2024,2024-06-25,2024-06-25,R,112,Chicago Cubs,1,137,San Francisco Giants,5,1,6,4
745399,2024,2024-06-25,2024-06-25,R,120,Washington Nationals,7,135,San Diego Padres,9,1,16,2
745806,2024,2024-06-25,2024-06-25,R,147,New York Yankees,7,121,New York Mets,9,1,16,2
745973,2024,2024-06-25,2024-06-25,R,140,Texas Rangers,1,158,Milwaukee Brewers,3,1,4,2
746213,2024,2024-06-25,2024-06-25,R,133,Athletics,5,108,Los Angeles Angels,7,1,12,2
746293,2024,2024-06-25,2024-06-25,R,146,Miami Marlins,2,118,Kansas City Royals,1,0,3,-1
746372,2024,2024-06-25,2024-06-25,R,115,Colorado Rockies,2,117,Houston Astros,5,1,7,3
746454,2024,2024-06-25,2024-06-25,R,143,Philadelphia Phillies,1,116,Detroit Tigers,4,1,5,3
746697,2024,2024-06-25,2024-06-25,R,134,Pittsburgh Pirates,9,113,Cincinnati Reds,5,0,14,-4
746775,2024,2024-06-25,2024-06-25,R,119,Los Angeles Dodgers,4,145,Chicago White Sox,3,0,7,-1
746943,2024,2024-06-25,2024-06-25,R,141,Toronto Blue Jays,9,111,Boston Red Sox,4,0,13,-5
747022,2024,2024-06-25,2024-06-25,R,114,Cleveland Guardians,10,110,Baltimore Orioles,8,0,18,-2
747188,2024,2024-06-25,2024-06-25,R,142,Minnesota Twins,4,109,Arizona Diamondbacks,5,1,9,1
745073,2024,2024-06-26,2024-06-26,R,136,Seattle Mariners,5,139,Tampa Bay Rays,2,0,7,-3
745157,2024,2024-06-26,2024-06-26,R,144,Atlanta Braves,6,138,St. Louis Cardinals,2,0,8,-4
745158,2024,2024-06-26,2024-06-26,R,144,Atlanta Braves,1,138,St. Louis Cardinals,4,1,5,3
745325,2024,2024-06-26,2024-06-26,R,112,Chicago Cubs,3,137,San Francisco Giants,4,1,7,1
745400,2024,2024-06-26,2024-06-26,R,120,Washington Nationals,5,135,San Diego Padres,8,1,13,3
745808,2024,2024-06-26,2024-06-26,R,147,New York Yankees,2,121,New York Mets,12,1,14,10
745975,2024,2024-06-26,2024-06-26,R,140,Texas Rangers,5,158,Milwaukee Brewers,6,1,11,1
746212,2024,2024-06-26,2024-06-26,R,133,Athletics,2,108,Los Angeles Angels,5,1,7,3
746291,2024,2024-06-26,2024-06-26,R,146,Miami Marlins,1,118,Kansas City Royals,5,1,6,4
746374,2024,2024-06-26,2024-06-26,R,115,Colorado Rockies,1,117,Houston Astros,7,1,8,6
746456,2024,2024-06-26,2024-06-26,R,143,Philadelphia Phillies,6,116,Detroit Tigers,2,0,8,-4
746695,2024,2024-06-26,2024-06-26,R,134,Pittsburgh Pirates,6,113,Cincinnati Reds,1,0,7,-5
746777,2024,2024-06-26,2024-06-26,R,119,Los Angeles Dodgers,4,145,Chicago White Sox,0,0,4,-4
746942,2024,2024-06-26,2024-06-26,R,141,Toronto Blue Jays,4,111,Boston Red Sox,1,0,5,-3
747019,2024,2024-06-26,2024-06-26,R,114,Cleveland Guardians,2,110,Baltimore Orioles,4,1,6,2
747184,2024,2024-06-26,2024-06-26,R,142,Minnesota Twins,8,109,Arizona Diamondbacks,3,0,11,-5
744919,2024,2024-06-27,2024-06-27,R,147,New York Yankees,2,141,Toronto Blue Jays,9,1,11,7
745162,2024,2024-06-27,2024-06-27,R,113,Cincinnati Reds,11,138,St. Louis Cardinals,4,0,15,-7
745324,2024,2024-06-27,2024-06-27,R,112,Chicago Cubs,5,137,San Francisco Giants,3,0,8,-2
745565,2024,2024-06-27,2024-06-27,R,146,Miami Marlins,7,143,Philadelphia Phillies,4,0,11,-3
746210,2024,2024-06-27,2024-06-27,R,116,Detroit Tigers,0,108,Los Angeles Angels,5,1,5,5
746288,2024,2024-06-27,2024-06-27,R,114,Cleveland Guardians,1,118,Kansas City Royals,2,1,3,1
746816,2024,2024-06-27,2024-06-27,R,144,Atlanta Braves,0,145,Chicago White Sox,1,1,1,1
747020,2024,2024-06-27,2024-06-27,R,140,Texas Rangers,2,110,Baltimore Orioles,11,1,13,9
747185,2024,2024-06-27,2024-06-27,R,142,Minnesota Twins,13,109,Arizona Diamondbacks,6,0,19,-7
744922,2024,2024-06-28,2024-06-28,R,147,New York Yankees,16,141,Toronto Blue Jays,5,0,21,-11
745070,2024,2024-06-28,2024-06-28,R,120,Washington Nationals,1,139,Tampa Bay Rays,3,1,4,2
745161,2024,2024-06-28,2024-06-28,R,113,Cincinnati Reds,0,138,St. Louis Cardinals,1,1,1,1
745238,2024,2024-06-28,2024-06-28,R,142,Minnesota Twins,2,136,Seattle Mariners,3,1,5,1
745319,2024,2024-06-28,2024-06-28,R,119,Los Angeles Dodgers,3,137,San Francisco Giants,5,1,8,2
745560,2024,2024-06-28,2024-06-28,R,146,Miami Marlins,0,143,Philadelphia Phillies,2,1,2,2
745804,2024,2024-06-28,2024-06-28,R,117,Houston Astros,2,121,New York Mets,7,1,9,5
745970,2024,2024-06-28,2024-06-28,R,112,Chicago Cubs,2,158,Milwaukee Brewers,4,1,6,2
746214,2024,2024-06-28,2024-06-28,R,116,Detroit Tigers,2,108,Los Angeles Angels,5,1,7,3
746292,2024,2024-06-28,2024-06-28,R,114,Cleveland Guardians,3,118,Kansas City Royals,10,1,13,7
746776,2024,2024-06-28,2024-06-28,R,115,Colorado Rockies,3,145,Chicago White Sox,5,1,8,2
746939,2024,2024-06-28,2024-06-28,R,135,San Diego Padres,9,111,Boston Red Sox,2,0,11,-7
747017,2024,2024-06-28,2024-06-28,R,140,Texas Rangers,1,110,Baltimore Orioles,2,1,3,1
747105,2024,2024-06-28,2024-06-28,R,134,Pittsburgh Pirates,1,144,Atlanta Braves,6,1,7,5
747183,2024,2024-06-28,2024-06-28,R,133,Athletics,9,109,Arizona Diamondbacks,4,0,13,-5
744921,2024,2024-06-29,2024-06-29,R,147,New York Yankees,3,141,Toronto Blue Jays,9,1,12,6
745071,2024,2024-06-29,2024-06-29,R,120,Washington Nationals,8,139,Tampa Bay Rays,1,0,9,-7
745159,2024,2024-06-29,2024-06-29,R,113,Cincinnati Reds,9,138,St. Louis Cardinals,4,0,13,-5
745239,2024,2024-06-29,2024-06-29,R,142,Minnesota Twins,5,136,Seattle Mariners,1,0,6,-4
745317,2024,2024-06-29,2024-06-29,R,119,Los Angeles Dodgers,14,137,San Francisco Giants,7,0,21,-7
745559,2024,2024-06-29,2024-06-29,R,146,Miami Marlins,3,143,Philadelphia Phillies,2,0,5,-1
745801,2024,2024-06-29,2024-06-29,R,117,Houston Astros,9,121,New York Mets,6,0,15,-3
745972,2024,2024-06-29,2024-06-29,R,112,Chicago Cubs,5,158,Milwaukee Brewers,3,0,8,-2
746211,2024,2024-06-29,2024-06-29,R,116,Detroit Tigers,5,108,Los Angeles Angels,6,1,11,1
746289,2024,2024-06-29,2024-06-29,R,114,Cleveland Guardians,7,118,Kansas City Royals,2,0,9,-5
746778,2024,2024-06-29,2024-06-29,R,115,Colorado Rockies,3,145,Chicago White Sox,11,1,14,8
746940,2024,2024-06-29,2024-06-29,R,135,San Diego Padres,11,111,Boston Red Sox,1,0,12,-10
747018,2024,2024-06-29,2024-06-29,R,140,Texas Rangers,5,110,Baltimore Orioles,6,1,11,1
747104,2024,2024-06-29,2024-06-29,R,134,Pittsburgh Pirates,1,144,Atlanta Braves,2,1,3,1
747186,2024,2024-06-29,2024-06-29,R,133,Athletics,0,109,Arizona Diamondbacks,3,1,3,3
744916,2024,2024-06-30,2024-06-30,R,147,New York Yankees,8,141,Toronto Blue Jays,1,0,9,-7
745072,2024,2024-06-30,2024-06-30,R,120,Washington Nationals,0,139,Tampa Bay Rays,5,1,5,5
745154,2024,2024-06-30,2024-06-30,R,113,Cincinnati Reds,0,138,St. Louis Cardinals,2,1,2,2
745243,2024,2024-06-30,2024-06-30,R,142,Minnesota Twins,5,136,Seattle Mariners,3,0,8,-2
745320,2024,2024-06-30,2024-06-30,R,119,Los Angeles Dodgers,4,137,San Francisco Giants,10,1,14,6
745555,2024,2024-06-30,2024-06-30,R,146,Miami Marlins,6,143,Philadelphia Phillies,7,1,13,1
745802,2024,2024-06-30,2024-06-30,R,117,Houston Astros,10,121,New York Mets,5,0,15,-5
745971,2024,2024-06-30,2024-06-30,R,112,Chicago Cubs,1,158,Milwaukee Brewers,7,1,8,6
746209,2024,2024-06-30,2024-06-30,R,116,Detroit Tigers,7,108,Los Angeles Angels,6,0,13,-1
746290,2024,2024-06-30,2024-06-30,R,114,Cleveland Guardians,2,118,Kansas City Royals,6,1,8,4
746779,2024,2024-06-30,2024-06-30,R,115,Colorado Rockies,5,145,Chicago White Sox,4,0,9,-1
746938,2024,2024-06-30,2024-06-30,R,135,San Diego Padres,1,111,Boston Red Sox,4,1,5,3
747016,2024,2024-06-30,2024-06-30,R,140,Texas Rangers,11,110,Baltimore Orioles,2,0,13,-9
747101,2024,2024-06-30,2024-06-30,R,134,Pittsburgh Pirates,4,144,Atlanta Braves,2,0,6,-2
747182,2024,2024-06-30,2024-06-30,R,133,Athletics,1,109,Arizona Diamondbacks,5,1,6,4
744840,2024,2024-07-01,2024-07-01,R,121,New York Mets,9,120,Washington Nationals,7,0,16,-2
744914,2024,2024-07-01,2024-07-01,R,117,Houston Astros,3,141,Toronto Blue Jays,1,0,4,-2
746535,2024,2024-07-01,2024-07-01,R,158,Milwaukee Brewers,7,115,Colorado Rockies,8,1,15,1
744838,2024,2024-07-02,2024-07-02,R,121,New York Mets,7,120,Washington Nationals,2,0,9,-5
744913,2024,2024-07-02,2024-07-02,R,117,Houston Astros,6,141,Toronto Blue Jays,7,1,13,1
744999,2024,2024-07-02,2024-07-02,R,135,San Diego Padres,0,140,Texas Rangers,7,1,7,7
745240,2024,2024-07-02,2024-07-02,R,110,Baltimore Orioles,2,136,Seattle Mariners,0,0,2,-2
745482,2024,2024-07-02,2024-07-02,R,138,St. Louis Cardinals,7,134,Pittsburgh Pirates,4,0,11,-3
745647,2024,2024-07-02,2024-07-02,R,108,Los Angeles Angels,5,133,Athletics,7,1,12,2
745730,2024,2024-07-02,2024-07-02,R,113,Cincinnati Reds,5,147,New York Yankees,4,0,9,-1
745886,2024,2024-07-02,2024-07-02,R,116,Detroit Tigers,3,142,Minnesota Twins,5,1,8,2
746047,2024,2024-07-02,2024-07-02,R,111,Boston Red Sox,8,146,Miami Marlins,3,0,11,-5
746133,2024,2024-07-02,2024-07-02,R,109,Arizona Diamondbacks,5,119,Los Angeles Dodgers,6,1,11,1
746282,2024,2024-07-02,2024-07-02,R,139,Tampa Bay Rays,5,118,Kansas City Royals,1,0,6,-4
746537,2024,2024-07-02,2024-07-02,R,158,Milwaukee Brewers,4,115,Colorado Rockies,3,0,7,-1
746623,2024,2024-07-02,2024-07-02,R,145,Chicago White Sox,6,114,Cleveland Guardians,7,1,13,1
746860,2024,2024-07-02,2024-07-02,R,143,Philadelphia Phillies,6,112,Chicago Cubs,4,0,10,-2
747102,2024,2024-07-02,2024-07-02,R,137,San Francisco Giants,5,144,Atlanta Braves,3,0,8,-2
744837,2024,2024-07-03,2024-07-03,R,121,New York Mets,5,120,Washington Nationals,7,1,12,2
744915,2024,2024-07-03,2024-07-03,R,117,Houston Astros,9,141,Toronto Blue Jays,2,0,11,-7
744998,2024,2024-07-03,2024-07-03,R,135,San Diego Padres,6,140,Texas Rangers,4,0,10,-2
745234,2024,2024-07-03,2024-07-03,R,110,Baltimore Orioles,4,136,Seattle Mariners,1,0,5,-3
745487,2024,2024-07-03,2024-07-03,R,138,St. Louis Cardinals,4,134,Pittsburgh Pirates,5,1,9,1
745643,2024,2024-07-03,2024-07-03,R,108,Los Angeles Angels,0,133,Athletics,5,1,5,5
745728,2024,2024-07-03,2024-07-03,R,113,Cincinnati Reds,3,147,New York Yankees,2,0,5,-1
745888,2024,2024-07-03,2024-07-03,R,116,Detroit Tigers,9,142,Minnesota Twins,2,0,11,-7
746045,2024,2024-07-03,2024-07-03,R,111,Boston Red Sox,7,146,Miami Marlins,2,0,9,-5
746128,2024,2024-07-03,2024-07-03,R,109,Arizona Diamondbacks,12,119,Los Angeles Dodgers,4,0,16,-8
746283,2024,2024-07-03,2024-07-03,R,139,Tampa Bay Rays,2,118,Kansas City Royals,4,1,6,2
746534,2024,2024-07-03,2024-07-03,R,158,Milwaukee Brewers,3,115,Colorado Rockies,0,0,3,-3
746617,2024,2024-07-03,2024-07-03,R,145,Chicago White Sox,8,114,Cleveland Guardians,2,0,10,-6
746858,2024,2024-07-03,2024-07-03,R,143,Philadelphia Phillies,5,112,Chicago Cubs,3,0,8,-2
747100,2024,2024-07-03,2024-07-03,R,137,San Francisco Giants,1,144,Atlanta Braves,3,1,4,2
744834,2024,2024-07-04,2024-07-04,R,121,New York Mets,0,120,Washington Nationals,1,1,1,1
744912,2024,2024-07-04,2024-07-04,R,117,Houston Astros,5,141,Toronto Blue Jays,3,0,8,-2
744996,2024,2024-07-04,2024-07-04,R,135,San Diego Padres,3,140,Texas Rangers,1,0,4,-2
745236,2024,2024-07-04,2024-07-04,R,110,Baltimore Orioles,3,136,Seattle Mariners,7,1,10,4
745484,2024,2024-07-04,2024-07-04,R,138,St. Louis Cardinals,3,134,Pittsburgh Pirates,2,0,5,-1
745641,2024,2024-07-04,2024-07-04,R,108,Los Angeles Angels,0,133,Athletics,5,1,5,5
745726,2024,2024-07-04,2024-07-04,R,113,Cincinnati Reds,8,147,New York Yankees,4,0,12,-4
745890,2024,2024-07-04,2024-07-04,R,116,Detroit Tigers,3,142,Minnesota Twins,12,1,15,9
746043,2024,2024-07-04,2024-07-04,R,111,Boston Red Sox,6,146,Miami Marlins,5,0,11,-1
746126,2024,2024-07-04,2024-07-04,R,109,Arizona Diamondbacks,9,119,Los Angeles Dodgers,3,0,12,-6
746285,2024,2024-07-04,2024-07-04,R,139,Tampa Bay Rays,10,118,Kansas City Royals,8,0,18,-2
746532,2024,2024-07-04,2024-07-04,R,158,Milwaukee Brewers,3,115,Colorado Rockies,4,1,7,1
746619,2024,2024-07-04,2024-07-04,R,145,Chicago White Sox,4,114,Cleveland Guardians,8,1,12,4
746857,2024,2024-07-04,2024-07-04,R,143,Philadelphia Phillies,2,112,Chicago Cubs,10,1,12,8
747103,2024,2024-07-04,2024-07-04,R,137,San Francisco Giants,4,144,Atlanta Braves,2,0,6,-2
744836,2024,2024-07-05,2024-07-05,R,138,St. Louis Cardinals,7,120,Washington Nationals,6,0,13,-1
744992,2024,2024-07-05,2024-07-05,R,139,Tampa Bay Rays,0,140,Texas Rangers,3,1,3,3
745237,2024,2024-07-05,2024-07-05,R,141,Toronto Blue Jays,1,136,Seattle Mariners,2,1,3,1
745398,2024,2024-07-05,2024-07-05,R,109,Arizona Diamondbacks,8,135,San Diego Padres,10,1,18,2
745479,2024,2024-07-05,2024-07-05,R,121,New York Mets,2,134,Pittsburgh Pirates,14,1,16,12
745639,2024,2024-07-05,2024-07-05,R,110,Baltimore Orioles,3,133,Athletics,2,0,5,-1
745725,2024,2024-07-05,2024-07-05,R,111,Boston Red Sox,5,147,New York Yankees,3,0,8,-2
745884,2024,2024-07-05,2024-07-05,R,117,Houston Astros,13,142,Minnesota Twins,12,0,25,-1
746046,2024,2024-07-05,2024-07-05,R,145,Chicago White Sox,3,146,Miami Marlins,2,0,5,-1
746127,2024,2024-07-05,2024-07-05,R,158,Milwaukee Brewers,5,119,Los Angeles Dodgers,8,1,13,3
746533,2024,2024-07-05,2024-07-05,R,118,Kansas City Royals,2,115,Colorado Rockies,4,1,6,2
746620,2024,2024-07-05,2024-07-05,R,137,San Francisco Giants,4,114,Cleveland Guardians,2,0,6,-2
746693,2024,2024-07-05,2024-07-05,R,116,Detroit Tigers,5,113,Cincinnati Reds,4,0,9,-1
746859,2024,2024-07-05,2024-07-05,R,108,Los Angeles Angels,1,112,Chicago Cubs,5,1,6,4
747097,2024,2024-07-05,2024-07-05,R,143,Philadelphia Phillies,8,144,Atlanta Braves,6,0,14,-2
744835,2024,2024-07-06,2024-07-06,R,138,St. Louis Cardinals,6,120,Washington Nationals,14,1,20,8
744995,2024,2024-07-06,2024-07-06,R,139,Tampa Bay Rays,3,140,Texas Rangers,4,1,7,1
745235,2024,2024-07-06,2024-07-06,R,141,Toronto Blue Jays,5,136,Seattle Mariners,4,0,9,-1
745395,2024,2024-07-06,2024-07-06,R,109,Arizona Diamondbacks,7,135,San Diego Padres,5,0,12,-2
745476,2024,2024-07-06,2024-07-06,R,121,New York Mets,5,134,Pittsburgh Pirates,2,0,7,-3
745642,2024,2024-07-06,2024-07-06,R,110,Baltimore Orioles,8,133,Athletics,19,1,27,11
745724,2024,2024-07-06,2024-07-06,R,111,Boston Red Sox,4,147,New York Yankees,14,1,18,10
745885,2024,2024-07-06,2024-07-06,R,117,Houston Astros,3,142,Minnesota Twins,9,1,12,6
746044,2024,2024-07-06,2024-07-06,R,145,Chicago White Sox,3,146,Miami Marlins,4,1,7,1
746129,2024,2024-07-06,2024-07-06,R,158,Milwaukee Brewers,3,119,Los Angeles Dodgers,5,1,8,2
746529,2024,2024-07-06,2024-07-06,R,118,Kansas City Royals,1,115,Colorado Rockies,3,1,4,2
746615,2024,2024-07-06,2024-07-06,R,137,San Francisco Giants,4,114,Cleveland Guardians,5,1,9,1
746694,2024,2024-07-06,2024-07-06,R,116,Detroit Tigers,5,113,Cincinnati Reds,3,0,8,-2
746856,2024,2024-07-06,2024-07-06,R,108,Los Angeles Angels,7,112,Chicago Cubs,0,0,7,-7
747099,2024,2024-07-06,2024-07-06,R,143,Philadelphia Phillies,1,144,Atlanta Braves,5,1,6,4
744832,2024,2024-07-07,2024-07-07,R,138,St. Louis Cardinals,8,120,Washington Nationals,3,0,11,-5
744993,2024,2024-07-07,2024-07-07,R,139,Tampa Bay Rays,2,140,Texas Rangers,13,1,15,11
745233,2024,2024-07-07,2024-07-07,R,141,Toronto Blue Jays,5,136,Seattle Mariners,4,0,9,-1
745391,2024,2024-07-07,2024-07-07,R,109,Arizona Diamondbacks,9,135,San Diego Padres,1,0,10,-8
745477,2024,2024-07-07,2024-07-07,R,121,New York Mets,3,134,Pittsburgh Pirates,2,0,5,-1
745637,2024,2024-07-07,2024-07-07,R,110,Baltimore Orioles,6,133,Athletics,3,0,9,-3
745723,2024,2024-07-07,2024-07-07,R,111,Boston Red Sox,3,147,New York Yankees,0,0,3,-3
745883,2024,2024-07-07,2024-07-07,R,117,Houston Astros,2,142,Minnesota Twins,3,1,5,1
746039,2024,2024-07-07,2024-07-07,R,145,Chicago White Sox,4,146,Miami Marlins,7,1,11,3
746122,2024,2024-07-07,2024-07-07,R,158,Milwaukee Brewers,9,119,Los Angeles Dodgers,2,0,11,-7
746530,2024,2024-07-07,2024-07-07,R,118,Kansas City Royals,10,115,Colorado Rockies,1,0,11,-9
746616,2024,2024-07-07,2024-07-07,R,137,San Francisco Giants,4,114,Cleveland Guardians,5,1,9,1
746691,2024,2024-07-07,2024-07-07,R,116,Detroit Tigers,5,113,Cincinnati Reds,1,0,6,-4
746855,2024,2024-07-07,2024-07-07,R,108,Los Angeles Angels,0,112,Chicago Cubs,5,1,5,5
747098,2024,2024-07-07,2024-07-07,R,143,Philadelphia Phillies,0,144,Atlanta Braves,6,1,6,6
744833,2024,2024-07-08,2024-07-08,R,138,St. Louis Cardinals,6,120,Washington Nationals,0,0,6,-6
745480,2024,2024-07-08,2024-07-08,R,121,New York Mets,2,134,Pittsburgh Pirates,8,1,10,6
746208,2024,2024-07-08,2024-07-08,R,140,Texas Rangers,9,108,Los Angeles Angels,4,0,13,-5
746455,2024,2024-07-08,2024-07-08,R,114,Cleveland Guardians,0,116,Detroit Tigers,1,1,1,1
746692,2024,2024-07-08,2024-07-08,R,115,Colorado Rockies,0,113,Cincinnati Reds,6,1,6,6
746771,2024,2024-07-08,2024-07-08,R,142,Minnesota Twins,8,145,Chicago White Sox,6,0,14,-2
747181,2024,2024-07-08,2024-07-08,R,144,Atlanta Braves,5,109,Arizona Diamondbacks,4,0,9,-1
745074,2024,2024-07-09,2024-07-09,R,147,New York Yankees,3,139,Tampa Bay Rays,5,1,8,2
745316,2024,2024-07-09,2024-07-09,R,141,Toronto Blue Jays,3,137,San Francisco Giants,4,1,7,1
745393,2024,2024-07-09,2024-07-09,R,136,Seattle Mariners,8,135,San Diego Padres,3,0,11,-5
745557,2024,2024-07-09,2024-07-09,R,119,Los Angeles Dodgers,1,143,Philadelphia Phillies,10,1,11,9
745803,2024,2024-07-09,2024-07-09,R,120,Washington Nationals,5,121,New York Mets,7,1,12,2
745968,2024,2024-07-09,2024-07-09,R,134,Pittsburgh Pirates,12,158,Milwaukee Brewers,2,0,14,-10
746206,2024,2024-07-09,2024-07-09,R,140,Texas Rangers,5,108,Los Angeles Angels,4,0,9,-1
746368,2024,2024-07-09,2024-07-09,R,146,Miami Marlins,3,117,Houston Astros,4,1,7,1
746451,2024,2024-07-09,2024-07-09,R,114,Cleveland Guardians,9,116,Detroit Tigers,8,0,17,-1
746690,2024,2024-07-09,2024-07-09,R,115,Colorado Rockies,6,113,Cincinnati Reds,12,1,18,6
746937,2024,2024-07-09,2024-07-09,R,133,Athletics,9,111,Boston Red Sox,12,1,21,3
747014,2024,2024-07-09,2024-07-09,R,112,Chicago Cubs,9,110,Baltimore Orioles,2,0,11,-7
747180,2024,2024-07-09,2024-07-09,R,144,Atlanta Braves,6,109,Arizona Diamondbacks,2,0,8,-4
745069,2024,2024-07-10,2024-07-10,R,147,New York Yankees,2,139,Tampa Bay Rays,1,0,3,-1
745155,2024,2024-07-10,2024-07-10,R,118,Kansas City Royals,6,138,St. Louis Cardinals,4,0,10,-2
745156,2024,2024-07-10,2024-07-10,R,118,Kansas City Royals,8,138,St. Louis Cardinals,5,0,13,-3
745318,2024,2024-07-10,2024-07-10,R,141,Toronto Blue Jays,10,137,San Francisco Giants,6,0,16,-4
745394,2024,2024-07-10,2024-07-10,R,136,Seattle Mariners,2,135,San Diego Padres,0,0,2,-2
745556,2024,2024-07-10,2024-07-10,R,119,Los Angeles Dodgers,3,143,Philadelphia Phillies,4,1,7,1
745796,2024,2024-07-10,2024-07-10,R,120,Washington Nationals,2,121,New York Mets,6,1,8,4
745969,2024,2024-07-10,2024-07-10,R,134,Pittsburgh Pirates,0,158,Milwaukee Brewers,9,1,9,9
746205,2024,2024-07-10,2024-07-10,R,140,Texas Rangers,2,108,Los Angeles Angels,7,1,9,5
746366,2024,2024-07-10,2024-07-10,R,146,Miami Marlins,1,117,Houston Astros,9,1,10,8
746453,2024,2024-07-10,2024-07-10,R,114,Cleveland Guardians,4,116,Detroit Tigers,5,1,9,1
746689,2024,2024-07-10,2024-07-10,R,115,Colorado Rockies,6,113,Cincinnati Reds,5,0,11,-1
746772,2024,2024-07-10,2024-07-10,R,142,Minnesota Twins,1,145,Chicago White Sox,3,1,4,2
746773,2024,2024-07-10,2024-07-10,R,142,Minnesota Twins,3,145,Chicago White Sox,2,0,5,-1
746934,2024,2024-07-10,2024-07-10,R,133,Athletics,5,111,Boston Red Sox,2,0,7,-3
747015,2024,2024-07-10,2024-07-10,R,112,Chicago Cubs,4,110,Baltimore Orioles,0,0,4,-4
747179,2024,2024-07-10,2024-07-10,R,144,Atlanta Braves,5,109,Arizona Diamondbacks,7,1,12,2
745065,2024,2024-07-11,2024-07-11,R,147,New York Yankees,4,139,Tampa Bay Rays,5,1,9,1
745313,2024,2024-07-11,2024-07-11,R,141,Toronto Blue Jays,5,137,San Francisco Giants,3,0,8,-2
745558,2024,2024-07-11,2024-07-11,R,119,Los Angeles Dodgers,1,143,Philadelphia Phillies,5,1,6,4
745799,2024,2024-07-11,2024-07-11,R,120,Washington Nationals,0,121,New York Mets,7,1,7,7
745967,2024,2024-07-11,2024-07-11,R,134,Pittsburgh Pirates,1,158,Milwaukee Brewers,0,0,1,-1
746204,2024,2024-07-11,2024-07-11,R,136,Seattle Mariners,11,108,Los Angeles Angels,0,0,11,-11
746367,2024,2024-07-11,2024-07-11,R,146,Miami Marlins,3,117,Houston Astros,6,1,9,3
746452,2024,2024-07-11,2024-07-11,R,114,Cleveland Guardians,1,116,Detroit Tigers,10,1,11,9
746688,2024,2024-07-11,2024-07-11,R,115,Colorado Rockies,1,113,Cincinnati Reds,8,1,9,7
746935,2024,2024-07-11,2024-07-11,R,133,Athletics,0,111,Boston Red Sox,7,1,7,7
747011,2024,2024-07-11,2024-07-11,R,112,Chicago Cubs,8,110,Baltimore Orioles,0,0,8,-8
747178,2024,2024-07-11,2024-07-11,R,144,Atlanta Braves,0,109,Arizona Diamondbacks,1,1,1,1
745064,2024,2024-07-12,2024-07-12,R,114,Cleveland Guardians,0,139,Tampa Bay Rays,2,1,2,2
745153,2024,2024-07-12,2024-07-12,R,112,Chicago Cubs,5,138,St. Louis Cardinals,1,0,6,-4
745312,2024,2024-07-12,2024-07-12,R,142,Minnesota Twins,1,137,San Francisco Giants,7,1,8,6
745390,2024,2024-07-12,2024-07-12,R,144,Atlanta Braves,6,135,San Diego Padres,1,0,7,-5
745552,2024,2024-07-12,2024-07-12,R,133,Athletics,6,143,Philadelphia Phillies,2,0,8,-4
745800,2024,2024-07-12,2024-07-12,R,115,Colorado Rockies,6,121,New York Mets,7,1,13,1
745965,2024,2024-07-12,2024-07-12,R,120,Washington Nationals,5,158,Milwaukee Brewers,2,0,7,-3
746207,2024,2024-07-12,2024-07-12,R,136,Seattle Mariners,5,108,Los Angeles Angels,6,1,11,1
746371,2024,2024-07-12,2024-07-12,R,140,Texas Rangers,3,117,Houston Astros,6,1,9,3
746450,2024,2024-07-12,2024-07-12,R,119,Los Angeles Dodgers,4,116,Detroit Tigers,3,0,7,-1
746685,2024,2024-07-12,2024-07-12,R,146,Miami Marlins,4,113,Cincinnati Reds,7,1,11,3
746774,2024,2024-07-12,2024-07-12,R,134,Pittsburgh Pirates,4,145,Chicago White Sox,1,0,5,-3
746936,2024,2024-07-12,2024-07-12,R,118,Kansas City Royals,6,111,Boston Red Sox,1,0,7,-5
747012,2024,2024-07-12,2024-07-12,R,147,New York Yankees,4,110,Baltimore Orioles,1,0,5,-3
747175,2024,2024-07-12,2024-07-12,R,141,Toronto Blue Jays,4,109,Arizona Diamondbacks,5,1,9,1
745067,2024,2024-07-13,2024-07-13,R,114,Cleveland Guardians,4,139,Tampa Bay Rays,2,0,6,-2
745152,2024,2024-07-13,2024-07-13,R,112,Chicago Cubs,3,138,St. Louis Cardinals,11,1,14,8
745175,2024,2024-07-13,2024-07-13,R,112,Chicago Cubs,4,138,St. Louis Cardinals,5,1,9,1
745311,2024,2024-07-13,2024-07-13,R,142,Minnesota Twins,4,137,San Francisco Giants,2,0,6,-2
745392,2024,2024-07-13,2024-07-13,R,144,Atlanta Braves,0,135,San Diego Padres,4,1,4,4
745549,2024,2024-07-13,2024-07-13,R,133,Athletics,5,143,Philadelphia Phillies,11,1,16,6
745798,2024,2024-07-13,2024-07-13,R,115,Colorado Rockies,3,121,New York Mets,7,1,10,4
745963,2024,2024-07-13,2024-07-13,R,120,Washington Nationals,6,158,Milwaukee Brewers,5,0,11,-1
746202,2024,2024-07-13,2024-07-13,R,136,Seattle Mariners,1,108,Los Angeles Angels,2,1,3,1
746369,2024,2024-07-13,2024-07-13,R,140,Texas Rangers,2,117,Houston Astros,1,0,3,-1
746447,2024,2024-07-13,2024-07-13,R,119,Los Angeles Dodgers,9,116,Detroit Tigers,11,1,20,2
746687,2024,2024-07-13,2024-07-13,R,146,Miami Marlins,6,113,Cincinnati Reds,10,1,16,4
746766,2024,2024-07-13,2024-07-13,R,134,Pittsburgh Pirates,6,145,Chicago White Sox,2,0,8,-4
746930,2024,2024-07-13,2024-07-13,R,118,Kansas City Royals,0,111,Boston Red Sox,5,1,5,5
747013,2024,2024-07-13,2024-07-13,R,147,New York Yankees,6,110,Baltimore Orioles,1,0,7,-5
747177,2024,2024-07-13,2024-07-13,R,141,Toronto Blue Jays,1,109,Arizona Diamondbacks,12,1,13,11
745066,2024,2024-07-14,2024-07-14,R,114,Cleveland Guardians,0,139,Tampa Bay Rays,2,1,2,2
745151,2024,2024-07-14,2024-07-14,R,112,Chicago Cubs,8,138,St. Louis Cardinals,3,0,11,-5
745314,2024,2024-07-14,2024-07-14,R,142,Minnesota Twins,2,137,San Francisco Giants,3,1,5,1
745385,2024,2024-07-14,2024-07-14,R,144,Atlanta Braves,6,135,San Diego Padres,3,0,9,-3
745551,2024,2024-07-14,2024-07-14,R,133,Athletics,18,143,Philadelphia Phillies,3,0,21,-15
745797,2024,2024-07-14,2024-07-14,R,115,Colorado Rockies,8,121,New York Mets,5,0,13,-3
745962,2024,2024-07-14,2024-07-14,R,120,Washington Nationals,3,158,Milwaukee Brewers,9,1,12,6
746201,2024,2024-07-14,2024-07-14,R,136,Seattle Mariners,2,108,Los Angeles Angels,3,1,5,1
746370,2024,2024-07-14,2024-07-14,R,140,Texas Rangers,4,117,Houston Astros,2,0,6,-2
746449,2024,2024-07-14,2024-07-14,R,119,Los Angeles Dodgers,3,116,Detroit Tigers,4,1,7,1
746686,2024,2024-07-14,2024-07-14,R,146,Miami Marlins,3,113,Cincinnati Reds,2,0,5,-1
746769,2024,2024-07-14,2024-07-14,R,134,Pittsburgh Pirates,9,145,Chicago White Sox,4,0,13,-5
746932,2024,2024-07-14,2024-07-14,R,118,Kansas City Royals,4,111,Boston Red Sox,5,1,9,1
747009,2024,2024-07-14,2024-07-14,R,147,New York Yankees,5,110,Baltimore Orioles,6,1,11,1
747176,2024,2024-07-14,2024-07-14,R,141,Toronto Blue Jays,8,109,Arizona Diamondbacks,7,0,15,-1
744829,2024,2024-07-19,2024-07-19,R,113,Cincinnati Reds,5,120,Washington Nationals,8,1,13,3
744911,2024,2024-07-19,2024-07-19,R,116,Detroit Tigers,5,141,Toronto Blue Jays,4,0,9,-1
744990,2024,2024-07-19,2024-07-19,R,110,Baltimore Orioles,9,140,Texas Rangers,1,0,10,-8
745228,2024,2024-07-19,2024-07-19,R,117,Houston Astros,3,136,Seattle Mariners,0,0,3,-3
745481,2024,2024-07-19,2024-07-19,R,143,Philadelphia Phillies,7,134,Pittsburgh Pirates,8,1,15,1
745640,2024,2024-07-19,2024-07-19,R,108,Los Angeles Angels,3,133,Athletics,13,1,16,10
745721,2024,2024-07-19,2024-07-19,R,139,Tampa Bay Rays,1,147,New York Yankees,6,1,7,5
746040,2024,2024-07-19,2024-07-19,R,121,New York Mets,4,146,Miami Marlins,6,1,10,2
746123,2024,2024-07-19,2024-07-19,R,111,Boston Red Sox,1,119,Los Angeles Dodgers,4,1,5,3
746284,2024,2024-07-19,2024-07-19,R,145,Chicago White Sox,1,118,Kansas City Royals,7,1,8,6
746531,2024,2024-07-19,2024-07-19,R,137,San Francisco Giants,3,115,Colorado Rockies,7,1,10,4
746618,2024,2024-07-19,2024-07-19,R,135,San Diego Padres,0,114,Cleveland Guardians,7,1,7,7
746854,2024,2024-07-19,2024-07-19,R,109,Arizona Diamondbacks,5,112,Chicago Cubs,2,0,7,-3
744830,2024,2024-07-20,2024-07-20,R,113,Cincinnati Reds,4,120,Washington Nationals,5,1,9,1
744910,2024,2024-07-20,2024-07-20,R,116,Detroit Tigers,7,141,Toronto Blue Jays,3,0,10,-4
744994,2024,2024-07-20,2024-07-20,R,110,Baltimore Orioles,8,140,Texas Rangers,4,0,12,-4
745229,2024,2024-07-20,2024-07-20,R,117,Houston Astros,4,136,Seattle Mariners,2,0,6,-2
745478,2024,2024-07-20,2024-07-20,R,143,Philadelphia Phillies,1,134,Pittsburgh Pirates,4,1,5,3
745638,2024,2024-07-20,2024-07-20,R,108,Los Angeles Angels,2,133,Athletics,8,1,10,6
745720,2024,2024-07-20,2024-07-20,R,139,Tampa Bay Rays,9,147,New York Yankees,1,0,10,-8
745880,2024,2024-07-20,2024-07-20,R,158,Milwaukee Brewers,8,142,Minnesota Twins,4,0,12,-4
746041,2024,2024-07-20,2024-07-20,R,121,New York Mets,1,146,Miami Marlins,0,0,1,-1
746121,2024,2024-07-20,2024-07-20,R,111,Boston Red Sox,6,119,Los Angeles Dodgers,7,1,13,1
746286,2024,2024-07-20,2024-07-20,R,145,Chicago White Sox,1,118,Kansas City Royals,6,1,7,5
746527,2024,2024-07-20,2024-07-20,R,137,San Francisco Giants,3,115,Colorado Rockies,4,1,7,1
746613,2024,2024-07-20,2024-07-20,R,135,San Diego Padres,7,114,Cleveland Guardians,0,0,7,-7
746852,2024,2024-07-20,2024-07-20,R,109,Arizona Diamondbacks,3,112,Chicago Cubs,0,0,3,-3
747093,2024,2024-07-20,2024-07-20,R,138,St. Louis Cardinals,2,144,Atlanta Braves,3,1,5,1
747096,2024,2024-07-20,2024-07-20,R,138,St. Louis Cardinals,9,144,Atlanta Braves,5,0,14,-4
744831,2024,2024-07-21,2024-07-21,R,113,Cincinnati Reds,2,120,Washington Nationals,5,1,7,3
744909,2024,2024-07-21,2024-07-21,R,116,Detroit Tigers,4,141,Toronto Blue Jays,5,1,9,1
744991,2024,2024-07-21,2024-07-21,R,110,Baltimore Orioles,2,140,Texas Rangers,3,1,5,1
745230,2024,2024-07-21,2024-07-21,R,117,Houston Astros,4,136,Seattle Mariners,6,1,10,2
745470,2024,2024-07-21,2024-07-21,R,143,Philadelphia Phillies,6,134,Pittsburgh Pirates,0,0,6,-6
745633,2024,2024-07-21,2024-07-21,R,108,Los Angeles Angels,8,133,Athletics,5,0,13,-3
745722,2024,2024-07-21,2024-07-21,R,139,Tampa Bay Rays,6,147,New York Yankees,4,0,10,-2
745882,2024,2024-07-21,2024-07-21,R,158,Milwaukee Brewers,8,142,Minnesota Twins,7,0,15,-1
746042,2024,2024-07-21,2024-07-21,R,121,New York Mets,2,146,Miami Marlins,4,1,6,2
746125,2024,2024-07-21,2024-07-21,R,111,Boston Red Sox,6,119,Los Angeles Dodgers,9,1,15,3
746287,2024,2024-07-21,2024-07-21,R,145,Chicago White Sox,1,118,Kansas City Royals,4,1,5,3
746528,2024,2024-07-21,2024-07-21,R,137,San Francisco Giants,3,115,Colorado Rockies,2,0,5,-1
746610,2024,2024-07-21,2024-07-21,R,135,San Diego Padres,2,114,Cleveland Guardians,1,0,3,-1
746853,2024,2024-07-21,2024-07-21,R,109,Arizona Diamondbacks,1,112,Chicago Cubs,2,1,3,1
747094,2024,2024-07-21,2024-07-21,R,138,St. Louis Cardinals,6,144,Atlanta Braves,2,0,8,-4
744988,2024,2024-07-22,2024-07-22,R,145,Chicago White Sox,3,140,Texas Rangers,4,1,7,1
745232,2024,2024-07-22,2024-07-22,R,108,Los Angeles Angels,3,136,Seattle Mariners,1,0,4,-2
745473,2024,2024-07-22,2024-07-22,R,138,St. Louis Cardinals,1,134,Pittsburgh Pirates,2,1,3,1
745635,2024,2024-07-22,2024-07-22,R,117,Houston Astros,0,133,Athletics,4,1,4,4
745717,2024,2024-07-22,2024-07-22,R,139,Tampa Bay Rays,1,147,New York Yankees,9,1,10,8
745881,2024,2024-07-22,2024-07-22,R,143,Philadelphia Phillies,2,142,Minnesota Twins,7,1,9,5
746034,2024,2024-07-22,2024-07-22,R,121,New York Mets,6,146,Miami Marlins,4,0,10,-2
746124,2024,2024-07-22,2024-07-22,R,137,San Francisco Giants,2,119,Los Angeles Dodgers,3,1,5,1
746280,2024,2024-07-22,2024-07-22,R,109,Arizona Diamondbacks,4,118,Kansas City Royals,10,1,14,6
746526,2024,2024-07-22,2024-07-22,R,111,Boston Red Sox,8,115,Colorado Rockies,9,1,17,1
746612,2024,2024-07-22,2024-07-22,R,116,Detroit Tigers,8,114,Cleveland Guardians,2,0,10,-6
746850,2024,2024-07-22,2024-07-22,R,158,Milwaukee Brewers,1,112,Chicago Cubs,3,1,4,2
747095,2024,2024-07-22,2024-07-22,R,113,Cincinnati Reds,4,144,Atlanta Braves,1,0,5,-3
744828,2024,2024-07-23,2024-07-23,R,135,San Diego Padres,4,120,Washington Nationals,0,0,4,-4
744904,2024,2024-07-23,2024-07-23,R,139,Tampa Bay Rays,4,141,Toronto Blue Jays,2,0,6,-2
744985,2024,2024-07-23,2024-07-23,R,145,Chicago White Sox,2,140,Texas Rangers,3,1,5,1
745227,2024,2024-07-23,2024-07-23,R,108,Los Angeles Angels,5,136,Seattle Mariners,1,0,6,-4
745475,2024,2024-07-23,2024-07-23,R,138,St. Louis Cardinals,2,134,Pittsburgh Pirates,1,0,3,-1
745632,2024,2024-07-23,2024-07-23,R,117,Houston Astros,2,133,Athletics,8,1,10,6
745715,2024,2024-07-23,2024-07-23,R,121,New York Mets,3,147,New York Yankees,2,0,5,-1
745878,2024,2024-07-23,2024-07-23,R,143,Philadelphia Phillies,3,142,Minnesota Twins,0,0,3,-3
746036,2024,2024-07-23,2024-07-23,R,110,Baltimore Orioles,3,146,Miami Marlins,6,1,9,3
746118,2024,2024-07-23,2024-07-23,R,137,San Francisco Giants,2,119,Los Angeles Dodgers,5,1,7,3
746281,2024,2024-07-23,2024-07-23,R,109,Arizona Diamondbacks,6,118,Kansas City Royals,2,0,8,-4
746524,2024,2024-07-23,2024-07-23,R,111,Boston Red Sox,6,115,Colorado Rockies,0,0,6,-6
746614,2024,2024-07-23,2024-07-23,R,116,Detroit Tigers,4,114,Cleveland Guardians,5,1,9,1
746848,2024,2024-07-23,2024-07-23,R,158,Milwaukee Brewers,1,112,Chicago Cubs,0,0,1,-1
744824,2024,2024-07-24,2024-07-24,R,135,San Diego Padres,12,120,Washington Nationals,3,0,15,-9
744905,2024,2024-07-24,2024-07-24,R,139,Tampa Bay Rays,3,141,Toronto Blue Jays,6,1,9,3
744989,2024,2024-07-24,2024-07-24,R,145,Chicago White Sox,2,140,Texas Rangers,10,1,12,8
745231,2024,2024-07-24,2024-07-24,R,108,Los Angeles Angels,2,136,Seattle Mariners,1,0,3,-1
745472,2024,2024-07-24,2024-07-24,R,138,St. Louis Cardinals,0,134,Pittsburgh Pirates,5,1,5,5
745634,2024,2024-07-24,2024-07-24,R,117,Houston Astros,8,133,Athletics,1,0,9,-7
745716,2024,2024-07-24,2024-07-24,R,121,New York Mets,12,147,New York Yankees,3,0,15,-9
745877,2024,2024-07-24,2024-07-24,R,143,Philadelphia Phillies,4,142,Minnesota Twins,5,1,9,1
746035,2024,2024-07-24,2024-07-24,R,110,Baltimore Orioles,3,146,Miami Marlins,6,1,9,3
746119,2024,2024-07-24,2024-07-24,R,137,San Francisco Giants,8,119,Los Angeles Dodgers,3,0,11,-5
746279,2024,2024-07-24,2024-07-24,R,109,Arizona Diamondbacks,8,118,Kansas City Royals,6,0,14,-2
746525,2024,2024-07-24,2024-07-24,R,111,Boston Red Sox,7,115,Colorado Rockies,20,1,27,13
746611,2024,2024-07-24,2024-07-24,R,116,Detroit Tigers,1,114,Cleveland Guardians,2,1,3,1
746851,2024,2024-07-24,2024-07-24,R,158,Milwaukee Brewers,3,112,Chicago Cubs,2,0,5,-1
747091,2024,2024-07-24,2024-07-24,R,113,Cincinnati Reds,9,144,Atlanta Braves,4,0,13,-5
744827,2024,2024-07-25,2024-07-25,R,135,San Diego Padres,3,120,Washington Nationals,0,0,3,-3
744907,2024,2024-07-25,2024-07-25,R,139,Tampa Bay Rays,13,141,Toronto Blue Jays,0,0,13,-13
744984,2024,2024-07-25,2024-07-25,R,145,Chicago White Sox,1,140,Texas Rangers,2,1,3,1
745794,2024,2024-07-25,2024-07-25,R,144,Atlanta Braves,2,121,New York Mets,3,1,5,1
746037,2024,2024-07-25,2024-07-25,R,110,Baltimore Orioles,7,146,Miami Marlins,6,0,13,-1
746117,2024,2024-07-25,2024-07-25,R,137,San Francisco Giants,4,119,Los Angeles Dodgers,6,1,10,2
746199,2024,2024-07-25,2024-07-25,R,133,Athletics,6,108,Los Angeles Angels,5,0,11,-1
746609,2024,2024-07-25,2024-07-25,R,116,Detroit Tigers,3,114,Cleveland Guardians,0,0,3,-3
744906,2024,2024-07-26,2024-07-26,R,140,Texas Rangers,5,141,Toronto Blue Jays,6,1,11,1
745068,2024,2024-07-26,2024-07-26,R,113,Cincinnati Reds,3,139,Tampa Bay Rays,2,0,5,-1
745146,2024,2024-07-26,2024-07-26,R,120,Washington Nationals,10,138,St. Louis Cardinals,8,0,18,-2
745315,2024,2024-07-26,2024-07-26,R,115,Colorado Rockies,4,137,San Francisco Giants,11,1,15,7
745554,2024,2024-07-26,2024-07-26,R,114,Cleveland Guardians,3,143,Philadelphia Phillies,1,0,4,-2
745792,2024,2024-07-26,2024-07-26,R,144,Atlanta Braves,4,121,New York Mets,8,1,12,4
745964,2024,2024-07-26,2024-07-26,R,146,Miami Marlins,6,158,Milwaukee Brewers,2,0,8,-4
746200,2024,2024-07-26,2024-07-26,R,133,Athletics,5,108,Los Angeles Angels,4,0,9,-1
746277,2024,2024-07-26,2024-07-26,R,112,Chicago Cubs,0,118,Kansas City Royals,6,1,6,6
746361,2024,2024-07-26,2024-07-26,R,119,Los Angeles Dodgers,0,117,Houston Astros,5,1,5,5
746448,2024,2024-07-26,2024-07-26,R,142,Minnesota Twins,9,116,Detroit Tigers,3,0,12,-6
746767,2024,2024-07-26,2024-07-26,R,136,Seattle Mariners,10,145,Chicago White Sox,0,0,10,-10
746933,2024,2024-07-26,2024-07-26,R,147,New York Yankees,7,111,Boston Red Sox,9,1,16,2
747010,2024,2024-07-26,2024-07-26,R,135,San Diego Padres,6,110,Baltimore Orioles,4,0,10,-2
747174,2024,2024-07-26,2024-07-26,R,134,Pittsburgh Pirates,3,109,Arizona Diamondbacks,4,1,7,1
744908,2024,2024-07-27,2024-07-27,R,140,Texas Rangers,3,141,Toronto Blue Jays,7,1,10,4
745059,2024,2024-07-27,2024-07-27,R,113,Cincinnati Reds,0,139,Tampa Bay Rays,4,1,4,4
745150,2024,2024-07-27,2024-07-27,R,120,Washington Nationals,14,138,St. Louis Cardinals,3,0,17,-11
745307,2024,2024-07-27,2024-07-27,R,115,Colorado Rockies,1,137,San Francisco Giants,4,1,5,3
745310,2024,2024-07-27,2024-07-27,R,115,Colorado Rockies,0,137,San Francisco Giants,5,1,5,5
745553,2024,2024-07-27,2024-07-27,R,114,Cleveland Guardians,0,143,Philadelphia Phillies,8,1,8,8
745793,2024,2024-07-27,2024-07-27,R,144,Atlanta Braves,4,121,New York Mets,0,0,4,-4
745966,2024,2024-07-27,2024-07-27,R,146,Miami Marlins,7,158,Milwaukee Brewers,3,0,10,-4
746203,2024,2024-07-27,2024-07-27,R,133,Athletics,3,108,Los Angeles Angels,1,0,4,-2
746278,2024,2024-07-27,2024-07-27,R,112,Chicago Cubs,9,118,Kansas City Royals,4,0,13,-5
746362,2024,2024-07-27,2024-07-27,R,119,Los Angeles Dodgers,6,117,Houston Astros,7,1,13,1
746446,2024,2024-07-27,2024-07-27,R,142,Minnesota Twins,2,116,Detroit Tigers,7,1,9,5
746768,2024,2024-07-27,2024-07-27,R,136,Seattle Mariners,6,145,Chicago White Sox,3,0,9,-3
746931,2024,2024-07-27,2024-07-27,R,147,New York Yankees,11,111,Boston Red Sox,8,0,19,-3
747006,2024,2024-07-27,2024-07-27,R,135,San Diego Padres,9,110,Baltimore Orioles,4,0,13,-5
747171,2024,2024-07-27,2024-07-27,R,134,Pittsburgh Pirates,5,109,Arizona Diamondbacks,9,1,14,4
744902,2024,2024-07-28,2024-07-28,R,140,Texas Rangers,3,141,Toronto Blue Jays,7,1,10,4
745063,2024,2024-07-28,2024-07-28,R,113,Cincinnati Reds,1,139,Tampa Bay Rays,2,1,3,1
745145,2024,2024-07-28,2024-07-28,R,120,Washington Nationals,3,138,St. Louis Cardinals,4,1,7,1
745305,2024,2024-07-28,2024-07-28,R,115,Colorado Rockies,4,137,San Francisco Giants,5,1,9,1
745550,2024,2024-07-28,2024-07-28,R,114,Cleveland Guardians,4,143,Philadelphia Phillies,3,0,7,-1
745795,2024,2024-07-28,2024-07-28,R,144,Atlanta Braves,9,121,New York Mets,2,0,11,-7
745961,2024,2024-07-28,2024-07-28,R,146,Miami Marlins,2,158,Milwaukee Brewers,6,1,8,4
746195,2024,2024-07-28,2024-07-28,R,133,Athletics,6,108,Los Angeles Angels,8,1,14,2
746274,2024,2024-07-28,2024-07-28,R,112,Chicago Cubs,7,118,Kansas City Royals,3,0,10,-4
746364,2024,2024-07-28,2024-07-28,R,119,Los Angeles Dodgers,6,117,Houston Astros,2,0,8,-4
746445,2024,2024-07-28,2024-07-28,R,142,Minnesota Twins,5,116,Detroit Tigers,0,0,5,-5
746770,2024,2024-07-28,2024-07-28,R,136,Seattle Mariners,6,145,Chicago White Sox,3,0,9,-3
746929,2024,2024-07-28,2024-07-28,R,147,New York Yankees,8,111,Boston Red Sox,2,0,10,-6
747008,2024,2024-07-28,2024-07-28,R,135,San Diego Padres,6,110,Baltimore Orioles,8,1,14,2
747173,2024,2024-07-28,2024-07-28,R,134,Pittsburgh Pirates,6,109,Arizona Diamondbacks,5,0,11,-1
745147,2024,2024-07-29,2024-07-29,R,140,Texas Rangers,6,138,St. Louis Cardinals,3,0,9,-3
745547,2024,2024-07-29,2024-07-29,R,147,New York Yankees,14,143,Philadelphia Phillies,4,0,18,-10
745791,2024,2024-07-29,2024-07-29,R,142,Minnesota Twins,2,121,New York Mets,15,1,17,13
745959,2024,2024-07-29,2024-07-29,R,144,Atlanta Braves,3,158,Milwaukee Brewers,8,1,11,5
746360,2024,2024-07-29,2024-07-29,R,134,Pittsburgh Pirates,5,117,Houston Astros,3,0,8,-2
746444,2024,2024-07-29,2024-07-29,R,114,Cleveland Guardians,8,116,Detroit Tigers,4,0,12,-4
746684,2024,2024-07-29,2024-07-29,R,112,Chicago Cubs,1,113,Cincinnati Reds,7,1,8,6
746765,2024,2024-07-29,2024-07-29,R,118,Kansas City Royals,8,145,Chicago White Sox,5,0,13,-3
746928,2024,2024-07-29,2024-07-29,R,136,Seattle Mariners,7,111,Boston Red Sox,14,1,21,7
747007,2024,2024-07-29,2024-07-29,R,141,Toronto Blue Jays,5,110,Baltimore Orioles,11,1,16,6
747039,2024,2024-07-29,2024-07-29,R,141,Toronto Blue Jays,8,110,Baltimore Orioles,4,0,12,-4
747172,2024,2024-07-29,2024-07-29,R,120,Washington Nationals,8,109,Arizona Diamondbacks,9,1,17,1
745060,2024,2024-07-30,2024-07-30,R,146,Miami Marlins,3,139,Tampa Bay Rays,9,1,12,6
745149,2024,2024-07-30,2024-07-30,R,140,Texas Rangers,1,138,St. Louis Cardinals,8,1,9,7
745309,2024,2024-07-30,2024-07-30,R,133,Athletics,5,137,San Francisco Giants,2,0,7,-3
745389,2024,2024-07-30,2024-07-30,R,119,Los Angeles Dodgers,5,135,San Diego Padres,6,1,11,1
745546,2024,2024-07-30,2024-07-30,R,147,New York Yankees,7,143,Philadelphia Phillies,6,0,13,-1
745787,2024,2024-07-30,2024-07-30,R,142,Minnesota Twins,0,121,New York Mets,2,1,2,2
745958,2024,2024-07-30,2024-07-30,R,144,Atlanta Braves,5,158,Milwaukee Brewers,1,0,6,-4
746197,2024,2024-07-30,2024-07-30,R,115,Colorado Rockies,7,108,Los Angeles Angels,10,1,17,3
746365,2024,2024-07-30,2024-07-30,R,134,Pittsburgh Pirates,6,117,Houston Astros,2,0,8,-4
746441,2024,2024-07-30,2024-07-30,R,114,Cleveland Guardians,5,116,Detroit Tigers,0,0,5,-5
746683,2024,2024-07-30,2024-07-30,R,112,Chicago Cubs,3,113,Cincinnati Reds,6,1,9,3
746763,2024,2024-07-30,2024-07-30,R,118,Kansas City Royals,4,145,Chicago White Sox,3,0,7,-1
746926,2024,2024-07-30,2024-07-30,R,136,Seattle Mariners,10,111,Boston Red Sox,6,0,16,-4
747005,2024,2024-07-30,2024-07-30,R,141,Toronto Blue Jays,2,110,Baltimore Orioles,6,1,8,4
747167,2024,2024-07-30,2024-07-30,R,120,Washington Nationals,0,109,Arizona Diamondbacks,17,1,17,17
745061,2024,2024-07-31,2024-07-31,R,146,Miami Marlins,6,139,Tampa Bay Rays,2,0,8,-4
745148,2024,2024-07-31,2024-07-31,R,140,Texas Rangers,1,138,St. Louis Cardinals,10,1,11,9
745306,2024,2024-07-31,2024-07-31,R,133,Athletics,0,137,San Francisco Giants,1,1,1,1
745386,2024,2024-07-31,2024-07-31,R,119,Los Angeles Dodgers,1,135,San Diego Padres,8,1,9,7
745543,2024,2024-07-31,2024-07-31,R,147,New York Yankees,6,143,Philadelphia Phillies,5,0,11,-1
745789,2024,2024-07-31,2024-07-31,R,142,Minnesota Twins,8,121,New York Mets,3,0,11,-5
745960,2024,2024-07-31,2024-07-31,R,144,Atlanta Braves,6,158,Milwaukee Brewers,2,0,8,-4
746198,2024,2024-07-31,2024-07-31,R,115,Colorado Rockies,2,108,Los Angeles Angels,1,0,3,-1
746363,2024,2024-07-31,2024-07-31,R,134,Pittsburgh Pirates,4,117,Houston Astros,5,1,9,1
746678,2024,2024-07-31,2024-07-31,R,112,Chicago Cubs,13,113,Cincinnati Reds,4,0,17,-9
746764,2024,2024-07-31,2024-07-31,R,118,Kansas City Royals,10,145,Chicago White Sox,3,0,13,-7
746925,2024,2024-07-31,2024-07-31,R,136,Seattle Mariners,2,111,Boston Red Sox,3,1,5,1
747003,2024,2024-07-31,2024-07-31,R,141,Toronto Blue Jays,4,110,Baltimore Orioles,10,1,14,6
747170,2024,2024-07-31,2024-07-31,R,120,Washington Nationals,4,109,Arizona Diamondbacks,5,1,9,1
746196,2024,2024-08-01,2024-08-01,R,115,Colorado Rockies,5,108,Los Angeles Angels,4,0,9,-1
746442,2024,2024-08-01,2024-08-01,R,118,Kansas City Royals,7,116,Detroit Tigers,1,0,8,-6
746607,2024,2024-08-01,2024-08-01,R,110,Baltimore Orioles,3,114,Cleveland Guardians,10,1,13,7
746849,2024,2024-08-01,2024-08-01,R,138,St. Louis Cardinals,4,112,Chicago Cubs,5,1,9,1
747092,2024,2024-08-01,2024-08-01,R,146,Miami Marlins,2,144,Atlanta Braves,4,1,6,2
744825,2024,2024-08-02,2024-08-02,R,158,Milwaukee Brewers,8,120,Washington Nationals,3,0,11,-5
744986,2024,2024-08-02,2024-08-02,R,111,Boston Red Sox,11,140,Texas Rangers,6,0,17,-5
745224,2024,2024-08-02,2024-08-02,R,143,Philadelphia Phillies,2,136,Seattle Mariners,10,1,12,8
745387,2024,2024-08-02,2024-08-02,R,115,Colorado Rockies,5,135,San Diego Padres,2,0,7,-3
745471,2024,2024-08-02,2024-08-02,R,109,Arizona Diamondbacks,9,134,Pittsburgh Pirates,8,0,17,-1
745631,2024,2024-08-02,2024-08-02,R,119,Los Angeles Dodgers,5,133,Athletics,6,1,11,1
745719,2024,2024-08-02,2024-08-02,R,141,Toronto Blue Jays,8,147,New York Yankees,5,0,13,-3
745875,2024,2024-08-02,2024-08-02,R,145,Chicago White Sox,2,142,Minnesota Twins,10,1,12,8
746193,2024,2024-08-02,2024-08-02,R,121,New York Mets,5,108,Los Angeles Angels,1,0,6,-4
746354,2024,2024-08-02,2024-08-02,R,139,Tampa Bay Rays,2,117,Houston Astros,3,1,5,1
746443,2024,2024-08-02,2024-08-02,R,118,Kansas City Royals,9,116,Detroit Tigers,2,0,11,-7
746605,2024,2024-08-02,2024-08-02,R,110,Baltimore Orioles,4,114,Cleveland Guardians,8,1,12,4
746679,2024,2024-08-02,2024-08-02,R,137,San Francisco Giants,3,113,Cincinnati Reds,0,0,3,-3
746845,2024,2024-08-02,2024-08-02,R,138,St. Louis Cardinals,3,112,Chicago Cubs,6,1,9,3
747089,2024,2024-08-02,2024-08-02,R,146,Miami Marlins,3,144,Atlanta Braves,5,1,8,2
744823,2024,2024-08-03,2024-08-03,R,158,Milwaukee Brewers,4,120,Washington Nationals,6,1,10,2
744987,2024,2024-08-03,2024-08-03,R,111,Boston Red Sox,4,140,Texas Rangers,7,1,11,3
745225,2024,2024-08-03,2024-08-03,R,143,Philadelphia Phillies,5,136,Seattle Mariners,6,1,11,1
745388,2024,2024-08-03,2024-08-03,R,115,Colorado Rockies,2,135,San Diego Padres,3,1,5,1
745474,2024,2024-08-03,2024-08-03,R,109,Arizona Diamondbacks,2,134,Pittsburgh Pirates,4,1,6,2
745636,2024,2024-08-03,2024-08-03,R,119,Los Angeles Dodgers,10,133,Athletics,0,0,10,-10
745714,2024,2024-08-03,2024-08-03,R,141,Toronto Blue Jays,3,147,New York Yankees,8,1,11,5
745876,2024,2024-08-03,2024-08-03,R,145,Chicago White Sox,2,142,Minnesota Twins,6,1,8,4
746194,2024,2024-08-03,2024-08-03,R,121,New York Mets,4,108,Los Angeles Angels,5,1,9,1
746358,2024,2024-08-03,2024-08-03,R,139,Tampa Bay Rays,6,117,Houston Astros,1,0,7,-5
746440,2024,2024-08-03,2024-08-03,R,118,Kansas City Royals,5,116,Detroit Tigers,6,1,11,1
746608,2024,2024-08-03,2024-08-03,R,110,Baltimore Orioles,7,114,Cleveland Guardians,4,0,11,-3
746681,2024,2024-08-03,2024-08-03,R,137,San Francisco Giants,4,113,Cincinnati Reds,6,1,10,2
746846,2024,2024-08-03,2024-08-03,R,138,St. Louis Cardinals,5,112,Chicago Cubs,4,0,9,-1
747087,2024,2024-08-03,2024-08-03,R,146,Miami Marlins,4,144,Atlanta Braves,3,0,7,-1
744826,2024,2024-08-04,2024-08-04,R,158,Milwaukee Brewers,3,120,Washington Nationals,4,1,7,1
744979,2024,2024-08-04,2024-08-04,R,111,Boston Red Sox,7,140,Texas Rangers,2,0,9,-5
745222,2024,2024-08-04,2024-08-04,R,143,Philadelphia Phillies,6,136,Seattle Mariners,0,0,6,-6
745384,2024,2024-08-04,2024-08-04,R,115,Colorado Rockies,2,135,San Diego Padres,10,1,12,8
745468,2024,2024-08-04,2024-08-04,R,109,Arizona Diamondbacks,6,134,Pittsburgh Pirates,5,0,11,-1
745627,2024,2024-08-04,2024-08-04,R,119,Los Angeles Dodgers,3,133,Athletics,2,0,5,-1
745718,2024,2024-08-04,2024-08-04,R,141,Toronto Blue Jays,3,147,New York Yankees,4,1,7,1
745879,2024,2024-08-04,2024-08-04,R,145,Chicago White Sox,7,142,Minnesota Twins,13,1,20,6
746191,2024,2024-08-04,2024-08-04,R,121,New York Mets,2,108,Los Angeles Angels,3,1,5,1
746356,2024,2024-08-04,2024-08-04,R,139,Tampa Bay Rays,1,117,Houston Astros,0,0,1,-1
746439,2024,2024-08-04,2024-08-04,R,118,Kansas City Royals,3,116,Detroit Tigers,2,0,5,-1
746606,2024,2024-08-04,2024-08-04,R,110,Baltimore Orioles,9,114,Cleveland Guardians,5,0,14,-4
746680,2024,2024-08-04,2024-08-04,R,137,San Francisco Giants,8,113,Cincinnati Reds,2,0,10,-6
746844,2024,2024-08-04,2024-08-04,R,138,St. Louis Cardinals,2,112,Chicago Cubs,6,1,8,4
747088,2024,2024-08-04,2024-08-04,R,146,Miami Marlins,7,144,Atlanta Braves,0,0,7,-7
744821,2024,2024-08-05,2024-08-05,R,137,San Francisco Giants,4,120,Washington Nationals,1,0,5,-3
744982,2024,2024-08-05,2024-08-05,R,117,Houston Astros,3,140,Texas Rangers,4,1,7,1
745184,2024,2024-08-05,2024-08-05,R,121,New York Mets,6,138,St. Louis Cardinals,0,0,6,-6
745628,2024,2024-08-05,2024-08-05,R,145,Chicago White Sox,1,133,Athletics,5,1,6,4
746038,2024,2024-08-05,2024-08-05,R,113,Cincinnati Reds,10,146,Miami Marlins,3,0,13,-7
746116,2024,2024-08-05,2024-08-05,R,143,Philadelphia Phillies,3,119,Los Angeles Dodgers,5,1,8,2
746276,2024,2024-08-05,2024-08-05,R,111,Boston Red Sox,9,118,Kansas City Royals,5,0,14,-4
746600,2024,2024-08-05,2024-08-05,R,109,Arizona Diamondbacks,7,114,Cleveland Guardians,6,0,13,-1
746847,2024,2024-08-05,2024-08-05,R,142,Minnesota Twins,3,112,Chicago Cubs,0,0,3,-3
744817,2024,2024-08-06,2024-08-06,R,137,San Francisco Giants,5,120,Washington Nationals,11,1,16,6
744901,2024,2024-08-06,2024-08-06,R,110,Baltimore Orioles,2,141,Toronto Blue Jays,5,1,7,3
744983,2024,2024-08-06,2024-08-06,R,117,Houston Astros,4,140,Texas Rangers,2,0,6,-2
745141,2024,2024-08-06,2024-08-06,R,139,Tampa Bay Rays,3,138,St. Louis Cardinals,4,1,7,1
745221,2024,2024-08-06,2024-08-06,R,116,Detroit Tigers,4,136,Seattle Mariners,2,0,6,-2
745467,2024,2024-08-06,2024-08-06,R,135,San Diego Padres,6,134,Pittsburgh Pirates,0,0,6,-6
745629,2024,2024-08-06,2024-08-06,R,145,Chicago White Sox,5,133,Athletics,1,0,6,-4
746033,2024,2024-08-06,2024-08-06,R,113,Cincinnati Reds,8,146,Miami Marlins,2,0,10,-6
746120,2024,2024-08-06,2024-08-06,R,143,Philadelphia Phillies,6,119,Los Angeles Dodgers,2,0,8,-4
746273,2024,2024-08-06,2024-08-06,R,111,Boston Red Sox,6,118,Kansas City Royals,5,0,11,-1
746519,2024,2024-08-06,2024-08-06,R,121,New York Mets,3,115,Colorado Rockies,6,1,9,3
746840,2024,2024-08-06,2024-08-06,R,142,Minnesota Twins,3,112,Chicago Cubs,7,1,10,4
747086,2024,2024-08-06,2024-08-06,R,158,Milwaukee Brewers,10,144,Atlanta Braves,0,0,10,-10
744822,2024,2024-08-07,2024-08-07,R,137,San Francisco Giants,7,120,Washington Nationals,4,0,11,-3
744903,2024,2024-08-07,2024-08-07,R,110,Baltimore Orioles,7,141,Toronto Blue Jays,3,0,10,-4
744981,2024,2024-08-07,2024-08-07,R,117,Houston Astros,6,140,Texas Rangers,4,0,10,-2
745142,2024,2024-08-07,2024-08-07,R,139,Tampa Bay Rays,2,138,St. Louis Cardinals,5,1,7,3
745223,2024,2024-08-07,2024-08-07,R,116,Detroit Tigers,6,136,Seattle Mariners,2,0,8,-4
745469,2024,2024-08-07,2024-08-07,R,135,San Diego Padres,9,134,Pittsburgh Pirates,8,0,17,-1
745630,2024,2024-08-07,2024-08-07,R,145,Chicago White Sox,2,133,Athletics,3,1,5,1
745709,2024,2024-08-07,2024-08-07,R,108,Los Angeles Angels,2,147,New York Yankees,5,1,7,3
745713,2024,2024-08-07,2024-08-07,R,108,Los Angeles Angels,8,147,New York Yankees,2,0,10,-6
746031,2024,2024-08-07,2024-08-07,R,113,Cincinnati Reds,4,146,Miami Marlins,6,1,10,2
746115,2024,2024-08-07,2024-08-07,R,143,Philadelphia Phillies,9,119,Los Angeles Dodgers,4,0,13,-5
746272,2024,2024-08-07,2024-08-07,R,111,Boston Red Sox,4,118,Kansas City Royals,8,1,12,4
746521,2024,2024-08-07,2024-08-07,R,121,New York Mets,5,115,Colorado Rockies,3,0,8,-2
746602,2024,2024-08-07,2024-08-07,R,109,Arizona Diamondbacks,5,114,Cleveland Guardians,3,0,8,-2
746604,2024,2024-08-07,2024-08-07,R,109,Arizona Diamondbacks,7,114,Cleveland Guardians,3,0,10,-4
746842,2024,2024-08-07,2024-08-07,R,142,Minnesota Twins,2,112,Chicago Cubs,8,1,10,6
747085,2024,2024-08-07,2024-08-07,R,158,Milwaukee Brewers,8,144,Atlanta Braves,5,0,13,-3
744819,2024,2024-08-08,2024-08-08,R,137,San Francisco Giants,9,120,Washington Nationals,5,0,14,-4
744899,2024,2024-08-08,2024-08-08,R,110,Baltimore Orioles,6,141,Toronto Blue Jays,7,1,13,1
745143,2024,2024-08-08,2024-08-08,R,139,Tampa Bay Rays,6,138,St. Louis Cardinals,4,0,10,-2
745226,2024,2024-08-08,2024-08-08,R,116,Detroit Tigers,3,136,Seattle Mariners,4,1,7,1
745466,2024,2024-08-08,2024-08-08,R,135,San Diego Padres,7,134,Pittsburgh Pirates,6,0,13,-1
745710,2024,2024-08-08,2024-08-08,R,108,Los Angeles Angels,9,147,New York Yankees,4,0,13,-5
746030,2024,2024-08-08,2024-08-08,R,113,Cincinnati Reds,10,146,Miami Marlins,4,0,14,-6
746522,2024,2024-08-08,2024-08-08,R,121,New York Mets,9,115,Colorado Rockies,1,0,10,-8
747081,2024,2024-08-08,2024-08-08,R,158,Milwaukee Brewers,16,144,Atlanta Braves,7,0,23,-9
747169,2024,2024-08-08,2024-08-08,R,143,Philadelphia Phillies,6,109,Arizona Diamondbacks,4,0,10,-2
744818,2024,2024-08-09,2024-08-09,R,108,Los Angeles Angels,2,120,Washington Nationals,3,1,5,1
744900,2024,2024-08-09,2024-08-09,R,133,Athletics,1,141,Toronto Blue Jays,3,1,4,2
745062,2024,2024-08-09,2024-08-09,R,110,Baltimore Orioles,4,139,Tampa Bay Rays,1,0,5,-3
745220,2024,2024-08-09,2024-08-09,R,121,New York Mets,0,136,Seattle Mariners,6,1,6,6
745308,2024,2024-08-09,2024-08-09,R,116,Detroit Tigers,2,137,San Francisco Giants,3,1,5,1
745871,2024,2024-08-09,2024-08-09,R,114,Cleveland Guardians,3,142,Minnesota Twins,6,1,9,3
745927,2024,2024-08-09,2024-08-09,R,114,Cleveland Guardians,2,142,Minnesota Twins,4,1,6,2
745957,2024,2024-08-09,2024-08-09,R,113,Cincinnati Reds,3,158,Milwaukee Brewers,8,1,11,5
746032,2024,2024-08-09,2024-08-09,R,135,San Diego Padres,6,146,Miami Marlins,2,0,8,-4
746113,2024,2024-08-09,2024-08-09,R,134,Pittsburgh Pirates,5,119,Los Angeles Dodgers,9,1,14,4
746275,2024,2024-08-09,2024-08-09,R,138,St. Louis Cardinals,8,118,Kansas City Royals,5,0,13,-3
746523,2024,2024-08-09,2024-08-09,R,144,Atlanta Braves,5,115,Colorado Rockies,6,1,11,1
746760,2024,2024-08-09,2024-08-09,R,112,Chicago Cubs,7,145,Chicago White Sox,6,0,13,-1
746927,2024,2024-08-09,2024-08-09,R,117,Houston Astros,8,111,Boston Red Sox,4,0,12,-4
747168,2024,2024-08-09,2024-08-09,R,143,Philadelphia Phillies,2,109,Arizona Diamondbacks,3,1,5,1
744820,2024,2024-08-10,2024-08-10,R,108,Los Angeles Angels,4,120,Washington Nationals,5,1,9,1
744897,2024,2024-08-10,2024-08-10,R,133,Athletics,1,141,Toronto Blue Jays,0,0,1,-1
745056,2024,2024-08-10,2024-08-10,R,110,Baltimore Orioles,7,139,Tampa Bay Rays,5,0,12,-2
745219,2024,2024-08-10,2024-08-10,R,121,New York Mets,0,136,Seattle Mariners,4,1,4,4
745304,2024,2024-08-10,2024-08-10,R,116,Detroit Tigers,1,137,San Francisco Giants,3,1,4,2
745708,2024,2024-08-10,2024-08-10,R,140,Texas Rangers,9,147,New York Yankees,4,0,13,-5
745712,2024,2024-08-10,2024-08-10,R,140,Texas Rangers,0,147,New York Yankees,8,1,8,8
745873,2024,2024-08-10,2024-08-10,R,114,Cleveland Guardians,2,142,Minnesota Twins,1,0,3,-1
745955,2024,2024-08-10,2024-08-10,R,113,Cincinnati Reds,0,158,Milwaukee Brewers,1,1,1,1
746026,2024,2024-08-10,2024-08-10,R,135,San Diego Padres,9,146,Miami Marlins,8,0,17,-1
746112,2024,2024-08-10,2024-08-10,R,134,Pittsburgh Pirates,1,119,Los Angeles Dodgers,4,1,5,3
746269,2024,2024-08-10,2024-08-10,R,138,St. Louis Cardinals,3,118,Kansas City Royals,8,1,11,5
746520,2024,2024-08-10,2024-08-10,R,144,Atlanta Braves,11,115,Colorado Rockies,8,0,19,-3
746761,2024,2024-08-10,2024-08-10,R,112,Chicago Cubs,3,145,Chicago White Sox,1,0,4,-2
746922,2024,2024-08-10,2024-08-10,R,117,Houston Astros,5,111,Boston Red Sox,4,0,9,-1
747164,2024,2024-08-10,2024-08-10,R,143,Philadelphia Phillies,1,109,Arizona Diamondbacks,11,1,12,10
744816,2024,2024-08-11,2024-08-11,R,108,Los Angeles Angels,6,120,Washington Nationals,4,0,10,-2
744895,2024,2024-08-11,2024-08-11,R,133,Athletics,8,141,Toronto Blue Jays,4,0,12,-4
745057,2024,2024-08-11,2024-08-11,R,110,Baltimore Orioles,1,139,Tampa Bay Rays,2,1,3,1
745216,2024,2024-08-11,2024-08-11,R,121,New York Mets,1,136,Seattle Mariners,12,1,13,11
745303,2024,2024-08-11,2024-08-11,R,116,Detroit Tigers,5,137,San Francisco Giants,4,0,9,-1
745711,2024,2024-08-11,2024-08-11,R,140,Texas Rangers,7,147,New York Yankees,8,1,15,1
745872,2024,2024-08-11,2024-08-11,R,114,Cleveland Guardians,5,142,Minnesota Twins,3,0,8,-2
745956,2024,2024-08-11,2024-08-11,R,113,Cincinnati Reds,4,158,Milwaukee Brewers,3,0,7,-1
746025,2024,2024-08-11,2024-08-11,R,135,San Diego Padres,6,146,Miami Marlins,7,1,13,1
746114,2024,2024-08-11,2024-08-11,R,134,Pittsburgh Pirates,5,119,Los Angeles Dodgers,6,1,11,1
746517,2024,2024-08-11,2024-08-11,R,144,Atlanta Braves,8,115,Colorado Rockies,9,1,17,1
746923,2024,2024-08-11,2024-08-11,R,117,Houston Astros,10,111,Boston Red Sox,2,0,12,-8
747166,2024,2024-08-11,2024-08-11,R,143,Philadelphia Phillies,5,109,Arizona Diamondbacks,12,1,17,7
745058,2024,2024-08-12,2024-08-12,R,117,Houston Astros,6,139,Tampa Bay Rays,1,0,7,-5
745300,2024,2024-08-12,2024-08-12,R,144,Atlanta Braves,1,137,San Francisco Giants,0,0,1,-1
745383,2024,2024-08-12,2024-08-12,R,134,Pittsburgh Pirates,1,135,San Diego Padres,2,1,3,1
745874,2024,2024-08-12,2024-08-12,R,118,Kansas City Royals,3,142,Minnesota Twins,8,1,11,5
745953,2024,2024-08-12,2024-08-12,R,119,Los Angeles Dodgers,5,158,Milwaukee Brewers,2,0,7,-3
746192,2024,2024-08-12,2024-08-12,R,141,Toronto Blue Jays,4,108,Los Angeles Angels,2,0,6,-2
746603,2024,2024-08-12,2024-08-12,R,112,Chicago Cubs,8,114,Cleveland Guardians,9,1,17,1
746682,2024,2024-08-12,2024-08-12,R,138,St. Louis Cardinals,1,113,Cincinnati Reds,6,1,7,5
746762,2024,2024-08-12,2024-08-12,R,147,New York Yankees,2,145,Chicago White Sox,12,1,14,10
746921,2024,2024-08-12,2024-08-12,R,140,Texas Rangers,4,111,Boston Red Sox,5,1,9,1
747165,2024,2024-08-12,2024-08-12,R,115,Colorado Rockies,4,109,Arizona Diamondbacks,5,1,9,1
745055,2024,2024-08-13,2024-08-13,R,117,Houston Astros,3,139,Tampa Bay Rays,2,0,5,-1
745302,2024,2024-08-13,2024-08-13,R,144,Atlanta Braves,4,137,San Francisco Giants,3,0,7,-1
745382,2024,2024-08-13,2024-08-13,R,134,Pittsburgh Pirates,0,135,San Diego Padres,3,1,3,3
745548,2024,2024-08-13,2024-08-13,R,146,Miami Marlins,5,143,Philadelphia Phillies,0,0,5,-5
745788,2024,2024-08-13,2024-08-13,R,133,Athletics,9,121,New York Mets,4,0,13,-5
745867,2024,2024-08-13,2024-08-13,R,118,Kansas City Royals,3,142,Minnesota Twins,13,1,16,10
745954,2024,2024-08-13,2024-08-13,R,119,Los Angeles Dodgers,7,158,Milwaukee Brewers,2,0,9,-5
746187,2024,2024-08-13,2024-08-13,R,141,Toronto Blue Jays,6,108,Los Angeles Angels,1,0,7,-5
746435,2024,2024-08-13,2024-08-13,R,136,Seattle Mariners,1,116,Detroit Tigers,15,1,16,14
746601,2024,2024-08-13,2024-08-13,R,112,Chicago Cubs,1,114,Cleveland Guardians,2,1,3,1
746673,2024,2024-08-13,2024-08-13,R,138,St. Louis Cardinals,1,113,Cincinnati Reds,4,1,5,3
746757,2024,2024-08-13,2024-08-13,R,147,New York Yankees,4,145,Chicago White Sox,1,0,5,-3
746924,2024,2024-08-13,2024-08-13,R,140,Texas Rangers,4,111,Boston Red Sox,9,1,13,5
747004,2024,2024-08-13,2024-08-13,R,120,Washington Nationals,9,110,Baltimore Orioles,3,0,12,-6
747160,2024,2024-08-13,2024-08-13,R,115,Colorado Rockies,3,109,Arizona Diamondbacks,4,1,7,1
745053,2024,2024-08-14,2024-08-14,R,117,Houston Astros,2,139,Tampa Bay Rays,1,0,3,-1
745301,2024,2024-08-14,2024-08-14,R,144,Atlanta Braves,13,137,San Francisco Giants,2,0,15,-11
745381,2024,2024-08-14,2024-08-14,R,134,Pittsburgh Pirates,2,135,San Diego Padres,8,1,10,6
745544,2024,2024-08-14,2024-08-14,R,146,Miami Marlins,5,143,Philadelphia Phillies,9,1,14,4
745790,2024,2024-08-14,2024-08-14,R,133,Athletics,1,121,New York Mets,9,1,10,8
745869,2024,2024-08-14,2024-08-14,R,118,Kansas City Royals,4,142,Minnesota Twins,1,0,5,-3
745951,2024,2024-08-14,2024-08-14,R,119,Los Angeles Dodgers,4,158,Milwaukee Brewers,5,1,9,1
746188,2024,2024-08-14,2024-08-14,R,141,Toronto Blue Jays,9,108,Los Angeles Angels,2,0,11,-7
746436,2024,2024-08-14,2024-08-14,R,136,Seattle Mariners,2,116,Detroit Tigers,3,1,5,1
746598,2024,2024-08-14,2024-08-14,R,112,Chicago Cubs,1,114,Cleveland Guardians,6,1,7,5
746677,2024,2024-08-14,2024-08-14,R,138,St. Louis Cardinals,2,113,Cincinnati Reds,9,1,11,7
746759,2024,2024-08-14,2024-08-14,R,147,New York Yankees,10,145,Chicago White Sox,2,0,12,-8
746919,2024,2024-08-14,2024-08-14,R,140,Texas Rangers,9,111,Boston Red Sox,7,0,16,-2
747000,2024,2024-08-14,2024-08-14,R,120,Washington Nationals,1,110,Baltimore Orioles,4,1,5,3
747163,2024,2024-08-14,2024-08-14,R,115,Colorado Rockies,4,109,Arizona Diamondbacks,11,1,15,7
744980,2024,2024-08-15,2024-08-15,R,142,Minnesota Twins,3,140,Texas Rangers,2,0,5,-1
745298,2024,2024-08-15,2024-08-15,R,144,Atlanta Braves,0,137,San Francisco Giants,6,1,6,6
745545,2024,2024-08-15,2024-08-15,R,120,Washington Nationals,3,143,Philadelphia Phillies,13,1,16,10
745783,2024,2024-08-15,2024-08-15,R,133,Athletics,7,121,New York Mets,6,0,13,-1
745950,2024,2024-08-15,2024-08-15,R,119,Los Angeles Dodgers,4,158,Milwaukee Brewers,6,1,10,2
746437,2024,2024-08-15,2024-08-15,R,136,Seattle Mariners,1,116,Detroit Tigers,2,1,3,1
747002,2024,2024-08-15,2024-08-15,R,111,Boston Red Sox,1,110,Baltimore Orioles,5,1,6,4
744974,2024,2024-08-16,2024-08-16,R,142,Minnesota Twins,4,140,Texas Rangers,3,0,7,-1
745054,2024,2024-08-16,2024-08-16,R,109,Arizona Diamondbacks,4,139,Tampa Bay Rays,5,1,9,1
745144,2024,2024-08-16,2024-08-16,R,119,Los Angeles Dodgers,7,138,St. Louis Cardinals,6,0,13,-1
745462,2024,2024-08-16,2024-08-16,R,136,Seattle Mariners,3,134,Pittsburgh Pirates,5,1,8,2
745542,2024,2024-08-16,2024-08-16,R,120,Washington Nationals,2,143,Philadelphia Phillies,3,1,5,1
745784,2024,2024-08-16,2024-08-16,R,146,Miami Marlins,3,121,New York Mets,7,1,10,4
745949,2024,2024-08-16,2024-08-16,R,114,Cleveland Guardians,3,158,Milwaukee Brewers,5,1,8,2
746189,2024,2024-08-16,2024-08-16,R,144,Atlanta Braves,2,108,Los Angeles Angels,3,1,5,1
746357,2024,2024-08-16,2024-08-16,R,145,Chicago White Sox,5,117,Houston Astros,4,0,9,-1
746438,2024,2024-08-16,2024-08-16,R,147,New York Yankees,3,116,Detroit Tigers,0,0,3,-3
746518,2024,2024-08-16,2024-08-16,R,135,San Diego Padres,3,115,Colorado Rockies,7,1,10,4
746674,2024,2024-08-16,2024-08-16,R,118,Kansas City Royals,7,113,Cincinnati Reds,1,0,8,-6
746843,2024,2024-08-16,2024-08-16,R,141,Toronto Blue Jays,5,112,Chicago Cubs,6,1,11,1
747001,2024,2024-08-16,2024-08-16,R,111,Boston Red Sox,12,110,Baltimore Orioles,10,0,22,-2
744977,2024,2024-08-17,2024-08-17,R,142,Minnesota Twins,5,140,Texas Rangers,2,0,7,-3
745049,2024,2024-08-17,2024-08-17,R,109,Arizona Diamondbacks,1,139,Tampa Bay Rays,6,1,7,5
745140,2024,2024-08-17,2024-08-17,R,119,Los Angeles Dodgers,2,138,St. Louis Cardinals,5,1,7,3
745463,2024,2024-08-17,2024-08-17,R,136,Seattle Mariners,2,134,Pittsburgh Pirates,7,1,9,5
745537,2024,2024-08-17,2024-08-17,R,120,Washington Nationals,1,143,Philadelphia Phillies,5,1,6,4
745626,2024,2024-08-17,2024-08-17,R,137,San Francisco Giants,0,133,Athletics,2,1,2,2
745785,2024,2024-08-17,2024-08-17,R,146,Miami Marlins,0,121,New York Mets,4,1,4,4
745952,2024,2024-08-17,2024-08-17,R,114,Cleveland Guardians,1,158,Milwaukee Brewers,2,1,3,1
746190,2024,2024-08-17,2024-08-17,R,144,Atlanta Braves,11,108,Los Angeles Angels,3,0,14,-8
746355,2024,2024-08-17,2024-08-17,R,145,Chicago White Sox,1,117,Houston Astros,6,1,7,5
746434,2024,2024-08-17,2024-08-17,R,147,New York Yankees,0,116,Detroit Tigers,4,1,4,4
746515,2024,2024-08-17,2024-08-17,R,135,San Diego Padres,8,115,Colorado Rockies,3,0,11,-5
746675,2024,2024-08-17,2024-08-17,R,118,Kansas City Royals,13,113,Cincinnati Reds,1,0,14,-12
746841,2024,2024-08-17,2024-08-17,R,141,Toronto Blue Jays,2,112,Chicago Cubs,3,1,5,1
746997,2024,2024-08-17,2024-08-17,R,111,Boston Red Sox,5,110,Baltimore Orioles,1,0,6,-4
744975,2024,2024-08-18,2024-08-18,R,142,Minnesota Twins,5,140,Texas Rangers,6,1,11,1
745051,2024,2024-08-18,2024-08-18,R,109,Arizona Diamondbacks,7,139,Tampa Bay Rays,8,1,15,1
745139,2024,2024-08-18,2024-08-18,R,119,Los Angeles Dodgers,2,138,St. Louis Cardinals,1,0,3,-1
745464,2024,2024-08-18,2024-08-18,R,136,Seattle Mariners,10,134,Pittsburgh Pirates,3,0,13,-7
745539,2024,2024-08-18,2024-08-18,R,120,Washington Nationals,6,143,Philadelphia Phillies,4,0,10,-2
745621,2024,2024-08-18,2024-08-18,R,137,San Francisco Giants,4,133,Athletics,2,0,6,-2
745786,2024,2024-08-18,2024-08-18,R,146,Miami Marlins,3,121,New York Mets,2,0,5,-1
745948,2024,2024-08-18,2024-08-18,R,114,Cleveland Guardians,0,158,Milwaukee Brewers,2,1,2,2
746186,2024,2024-08-18,2024-08-18,R,144,Atlanta Braves,3,108,Los Angeles Angels,1,0,4,-2
746359,2024,2024-08-18,2024-08-18,R,145,Chicago White Sox,0,117,Houston Astros,2,1,2,2
746431,2024,2024-08-18,2024-08-18,R,147,New York Yankees,2,116,Detroit Tigers,3,1,5,1
746516,2024,2024-08-18,2024-08-18,R,135,San Diego Padres,2,115,Colorado Rockies,3,1,5,1
746676,2024,2024-08-18,2024-08-18,R,118,Kansas City Royals,8,113,Cincinnati Reds,1,0,9,-7
746838,2024,2024-08-18,2024-08-18,R,141,Toronto Blue Jays,1,112,Chicago Cubs,0,0,1,-1
746999,2024,2024-08-18,2024-08-18,R,111,Boston Red Sox,2,110,Baltimore Orioles,4,1,6,2
744898,2024,2024-08-19,2024-08-19,R,113,Cincinnati Reds,6,141,Toronto Blue Jays,3,0,9,-3
744976,2024,2024-08-19,2024-08-19,R,134,Pittsburgh Pirates,3,140,Texas Rangers,4,1,7,1
745294,2024,2024-08-19,2024-08-19,R,145,Chicago White Sox,3,137,San Francisco Giants,5,1,8,2
745380,2024,2024-08-19,2024-08-19,R,142,Minnesota Twins,3,135,San Diego Padres,5,1,8,2
745620,2024,2024-08-19,2024-08-19,R,139,Tampa Bay Rays,0,133,Athletics,3,1,3,3
745780,2024,2024-08-19,2024-08-19,R,110,Baltimore Orioles,3,121,New York Mets,4,1,7,1
746027,2024,2024-08-19,2024-08-19,R,109,Arizona Diamondbacks,9,146,Miami Marlins,6,0,15,-3
746109,2024,2024-08-19,2024-08-19,R,136,Seattle Mariners,0,119,Los Angeles Dodgers,3,1,3,3
746270,2024,2024-08-19,2024-08-19,R,108,Los Angeles Angels,3,118,Kansas City Royals,5,1,8,2
746351,2024,2024-08-19,2024-08-19,R,111,Boston Red Sox,4,117,Houston Astros,5,1,9,1
744814,2024,2024-08-20,2024-08-20,R,115,Colorado Rockies,3,120,Washington Nationals,1,0,4,-2
744896,2024,2024-08-20,2024-08-20,R,113,Cincinnati Reds,3,141,Toronto Blue Jays,10,1,13,7
744978,2024,2024-08-20,2024-08-20,R,134,Pittsburgh Pirates,4,140,Texas Rangers,0,0,4,-4
745136,2024,2024-08-20,2024-08-20,R,158,Milwaukee Brewers,3,138,St. Louis Cardinals,2,0,5,-1
745295,2024,2024-08-20,2024-08-20,R,145,Chicago White Sox,1,137,San Francisco Giants,4,1,5,3
745374,2024,2024-08-20,2024-08-20,R,142,Minnesota Twins,5,135,San Diego Padres,7,1,12,2
745624,2024,2024-08-20,2024-08-20,R,139,Tampa Bay Rays,1,133,Athletics,0,0,1,-1
745707,2024,2024-08-20,2024-08-20,R,114,Cleveland Guardians,9,147,New York Yankees,5,0,14,-4
745782,2024,2024-08-20,2024-08-20,R,110,Baltimore Orioles,9,121,New York Mets,5,0,14,-4
746029,2024,2024-08-20,2024-08-20,R,109,Arizona Diamondbacks,3,146,Miami Marlins,1,0,4,-2
746107,2024,2024-08-20,2024-08-20,R,136,Seattle Mariners,3,119,Los Angeles Dodgers,6,1,9,3
746266,2024,2024-08-20,2024-08-20,R,108,Los Angeles Angels,9,118,Kansas City Royals,5,0,14,-4
746349,2024,2024-08-20,2024-08-20,R,111,Boston Red Sox,6,117,Houston Astros,5,0,11,-1
746839,2024,2024-08-20,2024-08-20,R,116,Detroit Tigers,1,112,Chicago Cubs,3,1,4,2
747083,2024,2024-08-20,2024-08-20,R,143,Philadelphia Phillies,1,144,Atlanta Braves,3,1,4,2
744812,2024,2024-08-21,2024-08-21,R,115,Colorado Rockies,1,120,Washington Nationals,6,1,7,5
744893,2024,2024-08-21,2024-08-21,R,113,Cincinnati Reds,11,141,Toronto Blue Jays,7,0,18,-4
744973,2024,2024-08-21,2024-08-21,R,134,Pittsburgh Pirates,0,140,Texas Rangers,1,1,1,1
745138,2024,2024-08-21,2024-08-21,R,158,Milwaukee Brewers,6,138,St. Louis Cardinals,10,1,16,4
745297,2024,2024-08-21,2024-08-21,R,145,Chicago White Sox,6,137,San Francisco Giants,2,0,8,-4
745375,2024,2024-08-21,2024-08-21,R,142,Minnesota Twins,11,135,San Diego Padres,4,0,15,-7
745622,2024,2024-08-21,2024-08-21,R,139,Tampa Bay Rays,4,133,Athletics,2,0,6,-2
745704,2024,2024-08-21,2024-08-21,R,114,Cleveland Guardians,1,147,New York Yankees,8,1,9,7
745781,2024,2024-08-21,2024-08-21,R,110,Baltimore Orioles,3,121,New York Mets,4,1,7,1
746028,2024,2024-08-21,2024-08-21,R,109,Arizona Diamondbacks,10,146,Miami Marlins,8,0,18,-2
746110,2024,2024-08-21,2024-08-21,R,136,Seattle Mariners,4,119,Los Angeles Dodgers,8,1,12,4
746267,2024,2024-08-21,2024-08-21,R,108,Los Angeles Angels,0,118,Kansas City Royals,3,1,3,3
746350,2024,2024-08-21,2024-08-21,R,111,Boston Red Sox,4,117,Houston Astros,1,0,5,-3
746837,2024,2024-08-21,2024-08-21,R,116,Detroit Tigers,8,112,Chicago Cubs,2,0,10,-6
747084,2024,2024-08-21,2024-08-21,R,143,Philadelphia Phillies,3,144,Atlanta Braves,2,0,5,-1
744815,2024,2024-08-22,2024-08-22,R,115,Colorado Rockies,3,120,Washington Nationals,8,1,11,5
744894,2024,2024-08-22,2024-08-22,R,108,Los Angeles Angels,3,141,Toronto Blue Jays,5,1,8,2
745137,2024,2024-08-22,2024-08-22,R,158,Milwaukee Brewers,0,138,St. Louis Cardinals,3,1,3,3
745379,2024,2024-08-22,2024-08-22,R,121,New York Mets,8,135,San Diego Padres,3,0,11,-5
745465,2024,2024-08-22,2024-08-22,R,113,Cincinnati Reds,0,134,Pittsburgh Pirates,7,1,7,7
745623,2024,2024-08-22,2024-08-22,R,139,Tampa Bay Rays,1,133,Athletics,3,1,4,2
745705,2024,2024-08-22,2024-08-22,R,114,Cleveland Guardians,0,147,New York Yankees,6,1,6,6
746836,2024,2024-08-22,2024-08-22,R,116,Detroit Tigers,2,112,Chicago Cubs,10,1,12,8
746998,2024,2024-08-22,2024-08-22,R,117,Houston Astros,6,110,Baltimore Orioles,0,0,6,-6
747082,2024,2024-08-22,2024-08-22,R,143,Philadelphia Phillies,2,144,Atlanta Braves,3,1,5,1
744889,2024,2024-08-23,2024-08-23,R,108,Los Angeles Angels,4,141,Toronto Blue Jays,5,1,9,1
745217,2024,2024-08-23,2024-08-23,R,137,San Francisco Giants,5,136,Seattle Mariners,6,1,11,1
745378,2024,2024-08-23,2024-08-23,R,121,New York Mets,0,135,San Diego Padres,7,1,7,7
745460,2024,2024-08-23,2024-08-23,R,113,Cincinnati Reds,5,134,Pittsburgh Pirates,6,1,11,1
745625,2024,2024-08-23,2024-08-23,R,158,Milwaukee Brewers,11,133,Athletics,3,0,14,-8
745702,2024,2024-08-23,2024-08-23,R,115,Colorado Rockies,0,147,New York Yankees,3,1,3,3
745870,2024,2024-08-23,2024-08-23,R,138,St. Louis Cardinals,6,142,Minnesota Twins,1,0,7,-5
746024,2024,2024-08-23,2024-08-23,R,112,Chicago Cubs,6,146,Miami Marlins,3,0,9,-3
746111,2024,2024-08-23,2024-08-23,R,139,Tampa Bay Rays,3,119,Los Angeles Dodgers,7,1,10,4
746268,2024,2024-08-23,2024-08-23,R,143,Philadelphia Phillies,4,118,Kansas City Royals,7,1,11,3
746597,2024,2024-08-23,2024-08-23,R,140,Texas Rangers,5,114,Cleveland Guardians,3,0,8,-2
746758,2024,2024-08-23,2024-08-23,R,116,Detroit Tigers,5,145,Chicago White Sox,2,0,7,-3
746920,2024,2024-08-23,2024-08-23,R,109,Arizona Diamondbacks,12,111,Boston Red Sox,2,0,14,-10
746995,2024,2024-08-23,2024-08-23,R,117,Houston Astros,5,110,Baltimore Orioles,7,1,12,2
747080,2024,2024-08-23,2024-08-23,R,120,Washington Nationals,2,144,Atlanta Braves,3,1,5,1
744890,2024,2024-08-24,2024-08-24,R,108,Los Angeles Angels,1,141,Toronto Blue Jays,3,1,4,2
745218,2024,2024-08-24,2024-08-24,R,137,San Francisco Giants,4,136,Seattle Mariners,3,0,7,-1
745377,2024,2024-08-24,2024-08-24,R,121,New York Mets,7,135,San Diego Padres,1,0,8,-6
745457,2024,2024-08-24,2024-08-24,R,113,Cincinnati Reds,10,134,Pittsburgh Pirates,2,0,12,-8
745617,2024,2024-08-24,2024-08-24,R,158,Milwaukee Brewers,9,133,Athletics,5,0,14,-4
745703,2024,2024-08-24,2024-08-24,R,115,Colorado Rockies,9,147,New York Yankees,2,0,11,-7
745868,2024,2024-08-24,2024-08-24,R,138,St. Louis Cardinals,0,142,Minnesota Twins,6,1,6,6
746022,2024,2024-08-24,2024-08-24,R,112,Chicago Cubs,14,146,Miami Marlins,2,0,16,-12
746108,2024,2024-08-24,2024-08-24,R,139,Tampa Bay Rays,9,119,Los Angeles Dodgers,8,0,17,-1
746271,2024,2024-08-24,2024-08-24,R,143,Philadelphia Phillies,11,118,Kansas City Royals,2,0,13,-9
746599,2024,2024-08-24,2024-08-24,R,140,Texas Rangers,5,114,Cleveland Guardians,13,1,18,8
746756,2024,2024-08-24,2024-08-24,R,116,Detroit Tigers,13,145,Chicago White Sox,4,0,17,-9
746917,2024,2024-08-24,2024-08-24,R,109,Arizona Diamondbacks,4,111,Boston Red Sox,1,0,5,-3
746996,2024,2024-08-24,2024-08-24,R,117,Houston Astros,2,110,Baltimore Orioles,3,1,5,1
747077,2024,2024-08-24,2024-08-24,R,120,Washington Nationals,2,144,Atlanta Braves,4,1,6,2
744892,2024,2024-08-25,2024-08-25,R,108,Los Angeles Angels,2,141,Toronto Blue Jays,8,1,10,6
745212,2024,2024-08-25,2024-08-25,R,137,San Francisco Giants,3,136,Seattle Mariners,4,1,7,1
745376,2024,2024-08-25,2024-08-25,R,121,New York Mets,2,135,San Diego Padres,3,1,5,1
745459,2024,2024-08-25,2024-08-25,R,113,Cincinnati Reds,3,134,Pittsburgh Pirates,4,1,7,1
745618,2024,2024-08-25,2024-08-25,R,158,Milwaukee Brewers,3,133,Athletics,4,1,7,1
745706,2024,2024-08-25,2024-08-25,R,115,Colorado Rockies,3,147,New York Yankees,10,1,13,7
745863,2024,2024-08-25,2024-08-25,R,138,St. Louis Cardinals,3,142,Minnesota Twins,2,0,5,-1
746023,2024,2024-08-25,2024-08-25,R,112,Chicago Cubs,2,146,Miami Marlins,7,1,9,5
746106,2024,2024-08-25,2024-08-25,R,139,Tampa Bay Rays,1,119,Los Angeles Dodgers,3,1,4,2
746263,2024,2024-08-25,2024-08-25,R,143,Philadelphia Phillies,11,118,Kansas City Royals,3,0,14,-8
746595,2024,2024-08-25,2024-08-25,R,140,Texas Rangers,2,114,Cleveland Guardians,4,1,6,2
746754,2024,2024-08-25,2024-08-25,R,116,Detroit Tigers,9,145,Chicago White Sox,4,0,13,-5
746918,2024,2024-08-25,2024-08-25,R,109,Arizona Diamondbacks,7,111,Boston Red Sox,5,0,12,-2
746994,2024,2024-08-25,2024-08-25,R,117,Houston Astros,6,110,Baltimore Orioles,3,0,9,-3
747078,2024,2024-08-25,2024-08-25,R,120,Washington Nationals,5,144,Atlanta Braves,1,0,6,-4
744813,2024,2024-08-26,2024-08-26,R,147,New York Yankees,5,120,Washington Nationals,2,0,7,-3
745133,2024,2024-08-26,2024-08-26,R,135,San Diego Padres,7,138,St. Louis Cardinals,4,0,11,-3
745215,2024,2024-08-26,2024-08-26,R,139,Tampa Bay Rays,1,136,Seattle Mariners,5,1,6,4
745458,2024,2024-08-26,2024-08-26,R,112,Chicago Cubs,18,134,Pittsburgh Pirates,8,0,26,-10
745538,2024,2024-08-26,2024-08-26,R,117,Houston Astros,2,143,Philadelphia Phillies,3,1,5,1
745865,2024,2024-08-26,2024-08-26,R,144,Atlanta Braves,10,142,Minnesota Twins,6,0,16,-4
746513,2024,2024-08-26,2024-08-26,R,146,Miami Marlins,2,115,Colorado Rockies,3,1,5,1
746596,2024,2024-08-26,2024-08-26,R,118,Kansas City Royals,9,114,Cleveland Guardians,4,0,13,-5
746628,2024,2024-08-26,2024-08-26,R,118,Kansas City Royals,4,114,Cleveland Guardians,3,0,7,-1
746753,2024,2024-08-26,2024-08-26,R,116,Detroit Tigers,6,145,Chicago White Sox,3,0,9,-3
746915,2024,2024-08-26,2024-08-26,R,141,Toronto Blue Jays,7,111,Boston Red Sox,3,0,10,-4
744811,2024,2024-08-27,2024-08-27,R,147,New York Yankees,2,120,Washington Nationals,4,1,6,2
745132,2024,2024-08-27,2024-08-27,R,135,San Diego Padres,7,138,St. Louis Cardinals,5,0,12,-2
745213,2024,2024-08-27,2024-08-27,R,139,Tampa Bay Rays,3,136,Seattle Mariners,2,0,5,-1
745461,2024,2024-08-27,2024-08-27,R,112,Chicago Cubs,9,134,Pittsburgh Pirates,5,0,14,-4
745540,2024,2024-08-27,2024-08-27,R,117,Houston Astros,0,143,Philadelphia Phillies,5,1,5,5
745864,2024,2024-08-27,2024-08-27,R,144,Atlanta Braves,8,142,Minnesota Twins,6,0,14,-2
745946,2024,2024-08-27,2024-08-27,R,137,San Francisco Giants,5,158,Milwaukee Brewers,4,0,9,-1
746105,2024,2024-08-27,2024-08-27,R,110,Baltimore Orioles,3,119,Los Angeles Dodgers,2,0,5,-1
746429,2024,2024-08-27,2024-08-27,R,108,Los Angeles Angels,2,116,Detroit Tigers,6,1,8,4
746510,2024,2024-08-27,2024-08-27,R,146,Miami Marlins,9,115,Colorado Rockies,8,0,17,-1
746594,2024,2024-08-27,2024-08-27,R,118,Kansas City Royals,6,114,Cleveland Guardians,1,0,7,-5
746671,2024,2024-08-27,2024-08-27,R,133,Athletics,5,113,Cincinnati Reds,4,0,9,-1
746755,2024,2024-08-27,2024-08-27,R,140,Texas Rangers,3,145,Chicago White Sox,1,0,4,-2
746916,2024,2024-08-27,2024-08-27,R,141,Toronto Blue Jays,3,111,Boston Red Sox,6,1,9,3
747162,2024,2024-08-27,2024-08-27,R,121,New York Mets,8,109,Arizona Diamondbacks,3,0,11,-5
744809,2024,2024-08-28,2024-08-28,R,147,New York Yankees,2,120,Washington Nationals,5,1,7,3
745134,2024,2024-08-28,2024-08-28,R,135,San Diego Padres,3,138,St. Louis Cardinals,4,1,7,1
745211,2024,2024-08-28,2024-08-28,R,139,Tampa Bay Rays,2,136,Seattle Mariners,6,1,8,4
745452,2024,2024-08-28,2024-08-28,R,112,Chicago Cubs,14,134,Pittsburgh Pirates,10,0,24,-4
745541,2024,2024-08-28,2024-08-28,R,117,Houston Astros,10,143,Philadelphia Phillies,0,0,10,-10
745866,2024,2024-08-28,2024-08-28,R,144,Atlanta Braves,5,142,Minnesota Twins,1,0,6,-4
745943,2024,2024-08-28,2024-08-28,R,137,San Francisco Giants,3,158,Milwaukee Brewers,5,1,8,2
746103,2024,2024-08-28,2024-08-28,R,110,Baltimore Orioles,4,119,Los Angeles Dodgers,6,1,10,2
746430,2024,2024-08-28,2024-08-28,R,108,Los Angeles Angels,2,116,Detroit Tigers,3,1,5,1
746512,2024,2024-08-28,2024-08-28,R,146,Miami Marlins,2,115,Colorado Rockies,8,1,10,6
746589,2024,2024-08-28,2024-08-28,R,118,Kansas City Royals,5,114,Cleveland Guardians,7,1,12,2
746672,2024,2024-08-28,2024-08-28,R,133,Athletics,9,113,Cincinnati Reds,6,0,15,-3
746752,2024,2024-08-28,2024-08-28,R,140,Texas Rangers,4,145,Chicago White Sox,3,0,7,-1
746913,2024,2024-08-28,2024-08-28,R,141,Toronto Blue Jays,0,111,Boston Red Sox,3,1,3,3
747161,2024,2024-08-28,2024-08-28,R,121,New York Mets,5,109,Arizona Diamondbacks,8,1,13,3
745135,2024,2024-08-29,2024-08-29,R,135,San Diego Padres,1,138,St. Louis Cardinals,4,1,5,3
745531,2024,2024-08-29,2024-08-29,R,144,Atlanta Braves,4,143,Philadelphia Phillies,5,1,9,1
745945,2024,2024-08-29,2024-08-29,R,137,San Francisco Giants,0,158,Milwaukee Brewers,6,1,6,6
746102,2024,2024-08-29,2024-08-29,R,110,Baltimore Orioles,3,119,Los Angeles Dodgers,6,1,9,3
746352,2024,2024-08-29,2024-08-29,R,118,Kansas City Royals,3,117,Houston Astros,6,1,9,3
746432,2024,2024-08-29,2024-08-29,R,108,Los Angeles Angels,3,116,Detroit Tigers,0,0,3,-3
746514,2024,2024-08-29,2024-08-29,R,146,Miami Marlins,12,115,Colorado Rockies,8,0,20,-4
746670,2024,2024-08-29,2024-08-29,R,133,Athletics,9,113,Cincinnati Reds,10,1,19,1
746748,2024,2024-08-29,2024-08-29,R,140,Texas Rangers,2,145,Chicago White Sox,1,0,3,-1
746914,2024,2024-08-29,2024-08-29,R,141,Toronto Blue Jays,2,111,Boston Red Sox,0,0,2,-2
747159,2024,2024-08-29,2024-08-29,R,121,New York Mets,3,109,Arizona Diamondbacks,2,0,5,-1
744810,2024,2024-08-30,2024-08-30,R,112,Chicago Cubs,7,120,Washington Nationals,6,0,13,-1
744969,2024,2024-08-30,2024-08-30,R,133,Athletics,9,140,Texas Rangers,2,0,11,-7
745052,2024,2024-08-30,2024-08-30,R,135,San Diego Padres,13,139,Tampa Bay Rays,5,0,18,-8
745299,2024,2024-08-30,2024-08-30,R,146,Miami Marlins,1,137,San Francisco Giants,3,1,4,2
745533,2024,2024-08-30,2024-08-30,R,144,Atlanta Braves,7,143,Philadelphia Phillies,2,0,9,-5
745700,2024,2024-08-30,2024-08-30,R,138,St. Louis Cardinals,3,147,New York Yankees,6,1,9,3
745862,2024,2024-08-30,2024-08-30,R,141,Toronto Blue Jays,0,142,Minnesota Twins,2,1,2,2
746184,2024,2024-08-30,2024-08-30,R,136,Seattle Mariners,9,108,Los Angeles Angels,5,0,14,-4
746353,2024,2024-08-30,2024-08-30,R,118,Kansas City Royals,2,117,Houston Astros,3,1,5,1
746433,2024,2024-08-30,2024-08-30,R,111,Boston Red Sox,7,116,Detroit Tigers,5,0,12,-2
746511,2024,2024-08-30,2024-08-30,R,110,Baltimore Orioles,5,115,Colorado Rockies,3,0,8,-2
746593,2024,2024-08-30,2024-08-30,R,134,Pittsburgh Pirates,8,114,Cleveland Guardians,10,1,18,2
746665,2024,2024-08-30,2024-08-30,R,158,Milwaukee Brewers,14,113,Cincinnati Reds,0,0,14,-14
746730,2024,2024-08-30,2024-08-30,R,158,Milwaukee Brewers,5,113,Cincinnati Reds,4,0,9,-1
746749,2024,2024-08-30,2024-08-30,R,121,New York Mets,5,145,Chicago White Sox,1,0,6,-4
747156,2024,2024-08-30,2024-08-30,R,119,Los Angeles Dodgers,10,109,Arizona Diamondbacks,9,0,19,-1
744808,2024,2024-08-31,2024-08-31,R,112,Chicago Cubs,5,120,Washington Nationals,3,0,8,-2
744971,2024,2024-08-31,2024-08-31,R,133,Athletics,2,140,Texas Rangers,3,1,5,1
745050,2024,2024-08-31,2024-08-31,R,135,San Diego Padres,4,139,Tampa Bay Rays,11,1,15,7
745296,2024,2024-08-31,2024-08-31,R,146,Miami Marlins,4,137,San Francisco Giants,3,0,7,-1
745532,2024,2024-08-31,2024-08-31,R,144,Atlanta Braves,0,143,Philadelphia Phillies,3,1,3,3
745699,2024,2024-08-31,2024-08-31,R,138,St. Louis Cardinals,6,147,New York Yankees,5,0,11,-1
745859,2024,2024-08-31,2024-08-31,R,141,Toronto Blue Jays,15,142,Minnesota Twins,0,0,15,-15
746182,2024,2024-08-31,2024-08-31,R,136,Seattle Mariners,4,108,Los Angeles Angels,5,1,9,1
746348,2024,2024-08-31,2024-08-31,R,118,Kansas City Royals,2,117,Houston Astros,5,1,7,3
746424,2024,2024-08-31,2024-08-31,R,111,Boston Red Sox,1,116,Detroit Tigers,2,1,3,1
746507,2024,2024-08-31,2024-08-31,R,110,Baltimore Orioles,5,115,Colorado Rockies,7,1,12,2
746590,2024,2024-08-31,2024-08-31,R,134,Pittsburgh Pirates,3,114,Cleveland Guardians,0,0,3,-3
746667,2024,2024-08-31,2024-08-31,R,158,Milwaukee Brewers,5,113,Cincinnati Reds,4,0,9,-1
746751,2024,2024-08-31,2024-08-31,R,121,New York Mets,5,145,Chicago White Sox,3,0,8,-2
747158,2024,2024-08-31,2024-08-31,R,119,Los Angeles Dodgers,8,109,Arizona Diamondbacks,6,0,14,-2
744806,2024,2024-09-01,2024-09-01,R,112,Chicago Cubs,14,120,Washington Nationals,1,0,15,-13
744970,2024,2024-09-01,2024-09-01,R,133,Athletics,4,140,Texas Rangers,6,1,10,2
745048,2024,2024-09-01,2024-09-01,R,135,San Diego Padres,4,139,Tampa Bay Rays,3,0,7,-1
745292,2024,2024-09-01,2024-09-01,R,146,Miami Marlins,7,137,San Francisco Giants,5,0,12,-2
745536,2024,2024-09-01,2024-09-01,R,144,Atlanta Braves,2,143,Philadelphia Phillies,3,1,5,1
745701,2024,2024-09-01,2024-09-01,R,138,St. Louis Cardinals,14,147,New York Yankees,7,0,21,-7
745861,2024,2024-09-01,2024-09-01,R,141,Toronto Blue Jays,3,142,Minnesota Twins,4,1,7,1
746183,2024,2024-09-01,2024-09-01,R,136,Seattle Mariners,2,108,Los Angeles Angels,3,1,5,1
746347,2024,2024-09-01,2024-09-01,R,118,Kansas City Royals,2,117,Houston Astros,7,1,9,5
746426,2024,2024-09-01,2024-09-01,R,111,Boston Red Sox,1,116,Detroit Tigers,4,1,5,3
746505,2024,2024-09-01,2024-09-01,R,110,Baltimore Orioles,6,115,Colorado Rockies,1,0,7,-5
746592,2024,2024-09-01,2024-09-01,R,134,Pittsburgh Pirates,1,114,Cleveland Guardians,6,1,7,5
746669,2024,2024-09-01,2024-09-01,R,158,Milwaukee Brewers,3,113,Cincinnati Reds,4,1,7,1
746750,2024,2024-09-01,2024-09-01,R,121,New York Mets,2,145,Chicago White Sox,0,0,2,-2
747157,2024,2024-09-01,2024-09-01,R,119,Los Angeles Dodgers,3,109,Arizona Diamondbacks,14,1,17,11
744972,2024,2024-09-02,2024-09-02,R,147,New York Yankees,8,140,Texas Rangers,4,0,12,-4
745046,2024,2024-09-02,2024-09-02,R,142,Minnesota Twins,5,139,Tampa Bay Rays,4,0,9,-1
745373,2024,2024-09-02,2024-09-02,R,116,Detroit Tigers,0,135,San Diego Padres,3,1,3,3
745619,2024,2024-09-02,2024-09-02,R,136,Seattle Mariners,4,133,Athletics,5,1,9,1
745779,2024,2024-09-02,2024-09-02,R,111,Boston Red Sox,1,121,New York Mets,4,1,5,3
745947,2024,2024-09-02,2024-09-02,R,138,St. Louis Cardinals,3,158,Milwaukee Brewers,9,1,12,6
746265,2024,2024-09-02,2024-09-02,R,114,Cleveland Guardians,4,118,Kansas City Royals,2,0,6,-2
746668,2024,2024-09-02,2024-09-02,R,117,Houston Astros,3,113,Cincinnati Reds,5,1,8,2
746833,2024,2024-09-02,2024-09-02,R,134,Pittsburgh Pirates,5,112,Chicago Cubs,3,0,8,-2
746992,2024,2024-09-02,2024-09-02,R,145,Chicago White Sox,3,110,Baltimore Orioles,13,1,16,10
747155,2024,2024-09-02,2024-09-02,R,119,Los Angeles Dodgers,11,109,Arizona Diamondbacks,6,0,17,-5
744891,2024,2024-09-03,2024-09-03,R,143,Philadelphia Phillies,10,141,Toronto Blue Jays,9,0,19,-1
744968,2024,2024-09-03,2024-09-03,R,147,New York Yankees,4,140,Texas Rangers,7,1,11,3
745047,2024,2024-09-03,2024-09-03,R,142,Minnesota Twins,1,139,Tampa Bay Rays,2,1,3,1
745293,2024,2024-09-03,2024-09-03,R,109,Arizona Diamondbacks,8,137,San Francisco Giants,7,0,15,-1
745615,2024,2024-09-03,2024-09-03,R,136,Seattle Mariners,2,133,Athletics,3,1,5,1
745778,2024,2024-09-03,2024-09-03,R,111,Boston Red Sox,2,121,New York Mets,7,1,9,5
745944,2024,2024-09-03,2024-09-03,R,138,St. Louis Cardinals,7,158,Milwaukee Brewers,4,0,11,-3
746020,2024,2024-09-03,2024-09-03,R,120,Washington Nationals,6,146,Miami Marlins,2,0,8,-4
746185,2024,2024-09-03,2024-09-03,R,119,Los Angeles Dodgers,6,108,Los Angeles Angels,2,0,8,-4
746264,2024,2024-09-03,2024-09-03,R,114,Cleveland Guardians,7,118,Kansas City Royals,1,0,8,-6
746834,2024,2024-09-03,2024-09-03,R,134,Pittsburgh Pirates,5,112,Chicago Cubs,0,0,5,-5
746991,2024,2024-09-03,2024-09-03,R,145,Chicago White Sox,0,110,Baltimore Orioles,9,1,9,9
747079,2024,2024-09-03,2024-09-03,R,115,Colorado Rockies,0,144,Atlanta Braves,3,1,3,3
744887,2024,2024-09-04,2024-09-04,R,143,Philadelphia Phillies,4,141,Toronto Blue Jays,2,0,6,-2
744964,2024,2024-09-04,2024-09-04,R,147,New York Yankees,6,140,Texas Rangers,10,1,16,4
745045,2024,2024-09-04,2024-09-04,R,142,Minnesota Twins,4,139,Tampa Bay Rays,9,1,13,5
745290,2024,2024-09-04,2024-09-04,R,109,Arizona Diamondbacks,6,137,San Francisco Giants,4,0,10,-2
745370,2024,2024-09-04,2024-09-04,R,116,Detroit Tigers,5,135,San Diego Padres,6,1,11,1
745614,2024,2024-09-04,2024-09-04,R,136,Seattle Mariners,16,133,Athletics,3,0,19,-13
745776,2024,2024-09-04,2024-09-04,R,111,Boston Red Sox,3,121,New York Mets,8,1,11,5
745938,2024,2024-09-04,2024-09-04,R,138,St. Louis Cardinals,3,158,Milwaukee Brewers,2,0,5,-1
746019,2024,2024-09-04,2024-09-04,R,120,Washington Nationals,3,146,Miami Marlins,4,1,7,1
746178,2024,2024-09-04,2024-09-04,R,119,Los Angeles Dodgers,1,108,Los Angeles Angels,10,1,11,9
746262,2024,2024-09-04,2024-09-04,R,114,Cleveland Guardians,1,118,Kansas City Royals,4,1,5,3
746666,2024,2024-09-04,2024-09-04,R,117,Houston Astros,5,113,Cincinnati Reds,12,1,17,7
746835,2024,2024-09-04,2024-09-04,R,134,Pittsburgh Pirates,0,112,Chicago Cubs,12,1,12,12
746990,2024,2024-09-04,2024-09-04,R,145,Chicago White Sox,8,110,Baltimore Orioles,1,0,9,-7
747075,2024,2024-09-04,2024-09-04,R,115,Colorado Rockies,2,144,Atlanta Braves,5,1,7,3
744966,2024,2024-09-05,2024-09-05,R,108,Los Angeles Angels,1,140,Texas Rangers,3,1,4,2
745042,2024,2024-09-05,2024-09-05,R,142,Minnesota Twins,4,139,Tampa Bay Rays,3,0,7,-1
745289,2024,2024-09-05,2024-09-05,R,109,Arizona Diamondbacks,2,137,San Francisco Giants,3,1,5,1
745369,2024,2024-09-05,2024-09-05,R,116,Detroit Tigers,4,135,San Diego Padres,3,0,7,-1
745451,2024,2024-09-05,2024-09-05,R,120,Washington Nationals,4,134,Pittsburgh Pirates,9,1,13,5
745612,2024,2024-09-05,2024-09-05,R,136,Seattle Mariners,6,133,Athletics,4,0,10,-2
746021,2024,2024-09-05,2024-09-05,R,143,Philadelphia Phillies,5,146,Miami Marlins,2,0,7,-3
746664,2024,2024-09-05,2024-09-05,R,117,Houston Astros,0,113,Cincinnati Reds,1,1,1,1
747073,2024,2024-09-05,2024-09-05,R,115,Colorado Rockies,3,144,Atlanta Braves,1,0,4,-2
744967,2024,2024-09-06,2024-09-06,R,108,Los Angeles Angels,5,140,Texas Rangers,1,0,6,-4
745131,2024,2024-09-06,2024-09-06,R,136,Seattle Mariners,6,138,St. Louis Cardinals,1,0,7,-5
745371,2024,2024-09-06,2024-09-06,R,137,San Francisco Giants,1,135,San Diego Padres,5,1,6,4
745611,2024,2024-09-06,2024-09-06,R,116,Detroit Tigers,6,133,Athletics,7,1,13,1
745777,2024,2024-09-06,2024-09-06,R,113,Cincinnati Reds,4,121,New York Mets,6,1,10,2
745941,2024,2024-09-06,2024-09-06,R,115,Colorado Rockies,3,158,Milwaukee Brewers,2,0,5,-1
746016,2024,2024-09-06,2024-09-06,R,143,Philadelphia Phillies,16,146,Miami Marlins,2,0,18,-14
746104,2024,2024-09-06,2024-09-06,R,114,Cleveland Guardians,3,119,Los Angeles Dodgers,1,0,4,-2
746257,2024,2024-09-06,2024-09-06,R,142,Minnesota Twins,0,118,Kansas City Royals,5,1,5,5
746343,2024,2024-09-06,2024-09-06,R,109,Arizona Diamondbacks,0,117,Houston Astros,8,1,8,8
746832,2024,2024-09-06,2024-09-06,R,147,New York Yankees,3,112,Chicago Cubs,0,0,3,-3
746912,2024,2024-09-06,2024-09-06,R,145,Chicago White Sox,1,111,Boston Red Sox,3,1,4,2
746993,2024,2024-09-06,2024-09-06,R,139,Tampa Bay Rays,0,110,Baltimore Orioles,2,1,2,2
747074,2024,2024-09-06,2024-09-06,R,141,Toronto Blue Jays,1,144,Atlanta Braves,3,1,4,2
744963,2024,2024-09-07,2024-09-07,R,108,Los Angeles Angels,4,140,Texas Rangers,6,1,10,2
745125,2024,2024-09-07,2024-09-07,R,136,Seattle Mariners,0,138,St. Louis Cardinals,2,1,2,2
745372,2024,2024-09-07,2024-09-07,R,137,San Francisco Giants,6,135,San Diego Padres,3,0,9,-3
745455,2024,2024-09-07,2024-09-07,R,120,Washington Nationals,5,134,Pittsburgh Pirates,3,0,8,-2
745456,2024,2024-09-07,2024-09-07,R,120,Washington Nationals,8,134,Pittsburgh Pirates,6,0,14,-2
745613,2024,2024-09-07,2024-09-07,R,116,Detroit Tigers,2,133,Athletics,1,0,3,-1
745775,2024,2024-09-07,2024-09-07,R,113,Cincinnati Reds,0,121,New York Mets,4,1,4,4
745942,2024,2024-09-07,2024-09-07,R,115,Colorado Rockies,2,158,Milwaukee Brewers,5,1,7,3
746018,2024,2024-09-07,2024-09-07,R,143,Philadelphia Phillies,5,146,Miami Marlins,9,1,14,4
746099,2024,2024-09-07,2024-09-07,R,114,Cleveland Guardians,2,119,Los Angeles Dodgers,7,1,9,5
746259,2024,2024-09-07,2024-09-07,R,142,Minnesota Twins,2,118,Kansas City Royals,4,1,6,2
746344,2024,2024-09-07,2024-09-07,R,109,Arizona Diamondbacks,5,117,Houston Astros,11,1,16,6
746829,2024,2024-09-07,2024-09-07,R,147,New York Yankees,2,112,Chicago Cubs,0,0,2,-2
746911,2024,2024-09-07,2024-09-07,R,145,Chicago White Sox,5,111,Boston Red Sox,7,1,12,2
746986,2024,2024-09-07,2024-09-07,R,139,Tampa Bay Rays,7,110,Baltimore Orioles,1,0,8,-6
747076,2024,2024-09-07,2024-09-07,R,141,Toronto Blue Jays,9,144,Atlanta Braves,5,0,14,-4
744965,2024,2024-09-08,2024-09-08,R,108,Los Angeles Angels,4,140,Texas Rangers,7,1,11,3
745128,2024,2024-09-08,2024-09-08,R,136,Seattle Mariners,10,138,St. Louis Cardinals,4,0,14,-6
745368,2024,2024-09-08,2024-09-08,R,137,San Francisco Giants,7,135,San Diego Padres,6,0,13,-1
745453,2024,2024-09-08,2024-09-08,R,120,Washington Nationals,3,134,Pittsburgh Pirates,7,1,10,4
745616,2024,2024-09-08,2024-09-08,R,116,Detroit Tigers,9,133,Athletics,1,0,10,-8
745774,2024,2024-09-08,2024-09-08,R,113,Cincinnati Reds,3,121,New York Mets,1,0,4,-2
745940,2024,2024-09-08,2024-09-08,R,115,Colorado Rockies,4,158,Milwaukee Brewers,1,0,5,-3
746017,2024,2024-09-08,2024-09-08,R,143,Philadelphia Phillies,1,146,Miami Marlins,10,1,11,9
746098,2024,2024-09-08,2024-09-08,R,114,Cleveland Guardians,0,119,Los Angeles Dodgers,4,1,4,4
746258,2024,2024-09-08,2024-09-08,R,142,Minnesota Twins,0,118,Kansas City Royals,2,1,2,2
746345,2024,2024-09-08,2024-09-08,R,109,Arizona Diamondbacks,12,117,Houston Astros,6,0,18,-6
746827,2024,2024-09-08,2024-09-08,R,147,New York Yankees,1,112,Chicago Cubs,2,1,3,1
746910,2024,2024-09-08,2024-09-08,R,145,Chicago White Sox,7,111,Boston Red Sox,2,0,9,-5
746989,2024,2024-09-08,2024-09-08,R,139,Tampa Bay Rays,2,110,Baltimore Orioles,0,0,2,-2
747072,2024,2024-09-08,2024-09-08,R,141,Toronto Blue Jays,3,144,Atlanta Braves,4,1,7,1
744888,2024,2024-09-09,2024-09-09,R,121,New York Mets,3,141,Toronto Blue Jays,2,0,5,-1
745454,2024,2024-09-09,2024-09-09,R,146,Miami Marlins,2,134,Pittsburgh Pirates,3,1,5,1
745534,2024,2024-09-09,2024-09-09,R,139,Tampa Bay Rays,1,143,Philadelphia Phillies,2,1,3,1
745698,2024,2024-09-09,2024-09-09,R,118,Kansas City Royals,4,147,New York Yankees,10,1,14,6
745860,2024,2024-09-09,2024-09-09,R,108,Los Angeles Angels,6,142,Minnesota Twins,2,0,8,-4
746101,2024,2024-09-09,2024-09-09,R,112,Chicago Cubs,10,119,Los Angeles Dodgers,4,0,14,-6
746746,2024,2024-09-09,2024-09-09,R,114,Cleveland Guardians,5,145,Chicago White Sox,3,0,8,-2
746909,2024,2024-09-09,2024-09-09,R,110,Baltimore Orioles,3,111,Boston Red Sox,12,1,15,9
747090,2024,2024-09-09,2024-09-09,R,113,Cincinnati Reds,1,144,Atlanta Braves,0,0,1,-1
744807,2024,2024-09-10,2024-09-10,R,144,Atlanta Braves,12,120,Washington Nationals,0,0,12,-12
744886,2024,2024-09-10,2024-09-10,R,121,New York Mets,2,141,Toronto Blue Jays,6,1,8,4
745126,2024,2024-09-10,2024-09-10,R,113,Cincinnati Reds,3,138,St. Louis Cardinals,0,0,3,-3
745210,2024,2024-09-10,2024-09-10,R,135,San Diego Padres,7,136,Seattle Mariners,3,0,10,-4
745291,2024,2024-09-10,2024-09-10,R,158,Milwaukee Brewers,3,137,San Francisco Giants,2,0,5,-1
745446,2024,2024-09-10,2024-09-10,R,146,Miami Marlins,4,134,Pittsburgh Pirates,6,1,10,2
745535,2024,2024-09-10,2024-09-10,R,139,Tampa Bay Rays,4,143,Philadelphia Phillies,9,1,13,5
745694,2024,2024-09-10,2024-09-10,R,118,Kansas City Royals,5,147,New York Yankees,0,0,5,-5
745856,2024,2024-09-10,2024-09-10,R,108,Los Angeles Angels,5,142,Minnesota Twins,10,1,15,5
746097,2024,2024-09-10,2024-09-10,R,112,Chicago Cubs,6,119,Los Angeles Dodgers,3,0,9,-3
746346,2024,2024-09-10,2024-09-10,R,133,Athletics,4,117,Houston Astros,3,0,7,-1
746428,2024,2024-09-10,2024-09-10,R,115,Colorado Rockies,0,116,Detroit Tigers,11,1,11,11
746747,2024,2024-09-10,2024-09-10,R,114,Cleveland Guardians,5,145,Chicago White Sox,0,0,5,-5
746907,2024,2024-09-10,2024-09-10,R,110,Baltimore Orioles,5,111,Boston Red Sox,3,0,8,-2
747152,2024,2024-09-10,2024-09-10,R,140,Texas Rangers,0,109,Arizona Diamondbacks,6,1,6,6
744804,2024,2024-09-11,2024-09-11,R,144,Atlanta Braves,1,120,Washington Nationals,5,1,6,4
744881,2024,2024-09-11,2024-09-11,R,121,New York Mets,6,141,Toronto Blue Jays,2,0,8,-4
745127,2024,2024-09-11,2024-09-11,R,113,Cincinnati Reds,1,138,St. Louis Cardinals,2,1,3,1
745214,2024,2024-09-11,2024-09-11,R,135,San Diego Padres,2,136,Seattle Mariners,5,1,7,3
745285,2024,2024-09-11,2024-09-11,R,158,Milwaukee Brewers,2,137,San Francisco Giants,13,1,15,11
745450,2024,2024-09-11,2024-09-11,R,146,Miami Marlins,1,134,Pittsburgh Pirates,3,1,4,2
745525,2024,2024-09-11,2024-09-11,R,139,Tampa Bay Rays,2,143,Philadelphia Phillies,3,1,5,1
745697,2024,2024-09-11,2024-09-11,R,118,Kansas City Royals,3,147,New York Yankees,4,1,7,1
745857,2024,2024-09-11,2024-09-11,R,108,Los Angeles Angels,4,142,Minnesota Twins,6,1,10,2
746100,2024,2024-09-11,2024-09-11,R,112,Chicago Cubs,8,119,Los Angeles Dodgers,10,1,18,2
746342,2024,2024-09-11,2024-09-11,R,133,Athletics,5,117,Houston Astros,4,0,9,-1
746425,2024,2024-09-11,2024-09-11,R,115,Colorado Rockies,4,116,Detroit Tigers,7,1,11,3
746745,2024,2024-09-11,2024-09-11,R,114,Cleveland Guardians,6,145,Chicago White Sox,4,0,10,-2
746908,2024,2024-09-11,2024-09-11,R,110,Baltimore Orioles,3,111,Boston Red Sox,5,1,8,2
747154,2024,2024-09-11,2024-09-11,R,140,Texas Rangers,4,109,Arizona Diamondbacks,14,1,18,10
744805,2024,2024-09-12,2024-09-12,R,146,Miami Marlins,6,120,Washington Nationals,3,0,9,-3
745129,2024,2024-09-12,2024-09-12,R,113,Cincinnati Reds,1,138,St. Louis Cardinals,6,1,7,5
745208,2024,2024-09-12,2024-09-12,R,140,Texas Rangers,5,136,Seattle Mariners,4,0,9,-1
745288,2024,2024-09-12,2024-09-12,R,158,Milwaukee Brewers,3,137,San Francisco Giants,0,0,3,-3
745695,2024,2024-09-12,2024-09-12,R,111,Boston Red Sox,1,147,New York Yankees,2,1,3,1
746337,2024,2024-09-12,2024-09-12,R,133,Athletics,3,117,Houston Astros,6,1,9,3
746427,2024,2024-09-12,2024-09-12,R,115,Colorado Rockies,4,116,Detroit Tigers,2,0,6,-2
746591,2024,2024-09-12,2024-09-12,R,139,Tampa Bay Rays,5,114,Cleveland Guardians,2,0,7,-3
744800,2024,2024-09-13,2024-09-13,R,146,Miami Marlins,1,120,Washington Nationals,4,1,5,3
744882,2024,2024-09-13,2024-09-13,R,138,St. Louis Cardinals,3,141,Toronto Blue Jays,4,1,7,1
745207,2024,2024-09-13,2024-09-13,R,140,Texas Rangers,4,136,Seattle Mariners,5,1,9,1
745286,2024,2024-09-13,2024-09-13,R,135,San Diego Padres,5,137,San Francisco Giants,0,0,5,-5
745447,2024,2024-09-13,2024-09-13,R,118,Kansas City Royals,8,134,Pittsburgh Pirates,3,0,11,-5
745529,2024,2024-09-13,2024-09-13,R,121,New York Mets,11,143,Philadelphia Phillies,3,0,14,-8
745696,2024,2024-09-13,2024-09-13,R,111,Boston Red Sox,4,147,New York Yankees,5,1,9,1
745855,2024,2024-09-13,2024-09-13,R,113,Cincinnati Reds,8,142,Minnesota Twins,4,0,12,-4
746181,2024,2024-09-13,2024-09-13,R,117,Houston Astros,5,108,Los Angeles Angels,3,0,8,-2
746423,2024,2024-09-13,2024-09-13,R,110,Baltimore Orioles,0,116,Detroit Tigers,1,1,1,1
746509,2024,2024-09-13,2024-09-13,R,112,Chicago Cubs,5,115,Colorado Rockies,9,1,14,4
746586,2024,2024-09-13,2024-09-13,R,139,Tampa Bay Rays,3,114,Cleveland Guardians,1,0,4,-2
746744,2024,2024-09-13,2024-09-13,R,133,Athletics,2,145,Chicago White Sox,0,0,2,-2
747069,2024,2024-09-13,2024-09-13,R,119,Los Angeles Dodgers,2,144,Atlanta Braves,6,1,8,4
747153,2024,2024-09-13,2024-09-13,R,158,Milwaukee Brewers,2,109,Arizona Diamondbacks,1,0,3,-1
744803,2024,2024-09-14,2024-09-14,R,146,Miami Marlins,1,120,Washington Nationals,4,1,5,3
744884,2024,2024-09-14,2024-09-14,R,138,St. Louis Cardinals,2,141,Toronto Blue Jays,7,1,9,5
745209,2024,2024-09-14,2024-09-14,R,140,Texas Rangers,4,136,Seattle Mariners,5,1,9,1
745284,2024,2024-09-14,2024-09-14,R,135,San Diego Padres,8,137,San Francisco Giants,0,0,8,-8
745448,2024,2024-09-14,2024-09-14,R,118,Kansas City Royals,5,134,Pittsburgh Pirates,1,0,6,-4
745528,2024,2024-09-14,2024-09-14,R,121,New York Mets,4,143,Philadelphia Phillies,6,1,10,2
745689,2024,2024-09-14,2024-09-14,R,111,Boston Red Sox,7,147,New York Yankees,1,0,8,-6
745858,2024,2024-09-14,2024-09-14,R,113,Cincinnati Reds,11,142,Minnesota Twins,1,0,12,-10
746177,2024,2024-09-14,2024-09-14,R,117,Houston Astros,5,108,Los Angeles Angels,3,0,8,-2
746422,2024,2024-09-14,2024-09-14,R,110,Baltimore Orioles,4,116,Detroit Tigers,2,0,6,-2
746508,2024,2024-09-14,2024-09-14,R,112,Chicago Cubs,5,115,Colorado Rockies,6,1,11,1
746584,2024,2024-09-14,2024-09-14,R,139,Tampa Bay Rays,1,114,Cleveland Guardians,6,1,7,5
746740,2024,2024-09-14,2024-09-14,R,133,Athletics,6,145,Chicago White Sox,7,1,13,1
747070,2024,2024-09-14,2024-09-14,R,119,Los Angeles Dodgers,1,144,Atlanta Braves,10,1,11,9
747148,2024,2024-09-14,2024-09-14,R,158,Milwaukee Brewers,15,109,Arizona Diamondbacks,8,0,23,-7
744801,2024,2024-09-15,2024-09-15,R,146,Miami Marlins,3,120,Washington Nationals,4,1,7,1
744883,2024,2024-09-15,2024-09-15,R,138,St. Louis Cardinals,2,141,Toronto Blue Jays,3,1,5,1
745206,2024,2024-09-15,2024-09-15,R,140,Texas Rangers,0,136,Seattle Mariners,7,1,7,7
745287,2024,2024-09-15,2024-09-15,R,135,San Diego Padres,4,137,San Francisco Giants,3,0,7,-1
745449,2024,2024-09-15,2024-09-15,R,118,Kansas City Royals,3,134,Pittsburgh Pirates,4,1,7,1
745530,2024,2024-09-15,2024-09-15,R,121,New York Mets,1,143,Philadelphia Phillies,2,1,3,1
745693,2024,2024-09-15,2024-09-15,R,111,Boston Red Sox,2,147,New York Yankees,5,1,7,3
745852,2024,2024-09-15,2024-09-15,R,113,Cincinnati Reds,2,142,Minnesota Twins,9,1,11,7
746180,2024,2024-09-15,2024-09-15,R,117,Houston Astros,6,108,Los Angeles Angels,4,0,10,-2
746419,2024,2024-09-15,2024-09-15,R,110,Baltimore Orioles,2,116,Detroit Tigers,4,1,6,2
746506,2024,2024-09-15,2024-09-15,R,112,Chicago Cubs,6,115,Colorado Rockies,2,0,8,-4
746585,2024,2024-09-15,2024-09-15,R,139,Tampa Bay Rays,0,114,Cleveland Guardians,2,1,2,2
746741,2024,2024-09-15,2024-09-15,R,133,Athletics,3,145,Chicago White Sox,4,1,7,1
747071,2024,2024-09-15,2024-09-15,R,119,Los Angeles Dodgers,9,144,Atlanta Braves,2,0,11,-7
747151,2024,2024-09-15,2024-09-15,R,158,Milwaukee Brewers,10,109,Arizona Diamondbacks,11,1,21,1
745130,2024,2024-09-16,2024-09-16,R,134,Pittsburgh Pirates,0,138,St. Louis Cardinals,4,1,4,4
745367,2024,2024-09-16,2024-09-16,R,117,Houston Astros,1,135,San Diego Padres,3,1,4,2
745773,2024,2024-09-16,2024-09-16,R,120,Washington Nationals,1,121,New York Mets,2,1,3,1
745939,2024,2024-09-16,2024-09-16,R,143,Philadelphia Phillies,2,158,Milwaukee Brewers,6,1,8,4
746179,2024,2024-09-16,2024-09-16,R,145,Chicago White Sox,8,108,Los Angeles Angels,4,0,12,-4
746260,2024,2024-09-16,2024-09-16,R,116,Detroit Tigers,7,118,Kansas City Royals,6,0,13,-1
746502,2024,2024-09-16,2024-09-16,R,109,Arizona Diamondbacks,2,115,Colorado Rockies,3,1,5,1
746588,2024,2024-09-16,2024-09-16,R,142,Minnesota Twins,3,114,Cleveland Guardians,4,1,7,1
746828,2024,2024-09-16,2024-09-16,R,133,Athletics,2,112,Chicago Cubs,9,1,11,7
747067,2024,2024-09-16,2024-09-16,R,119,Los Angeles Dodgers,9,144,Atlanta Braves,0,0,9,-9
744961,2024,2024-09-17,2024-09-17,R,141,Toronto Blue Jays,8,140,Texas Rangers,13,1,21,5
745044,2024,2024-09-17,2024-09-17,R,111,Boston Red Sox,3,139,Tampa Bay Rays,8,1,11,5
745122,2024,2024-09-17,2024-09-17,R,134,Pittsburgh Pirates,1,138,St. Louis Cardinals,3,1,4,2
745205,2024,2024-09-17,2024-09-17,R,147,New York Yankees,11,136,Seattle Mariners,2,0,13,-9
745366,2024,2024-09-17,2024-09-17,R,117,Houston Astros,4,135,San Diego Padres,3,0,7,-1
745772,2024,2024-09-17,2024-09-17,R,120,Washington Nationals,1,121,New York Mets,10,1,11,9
745935,2024,2024-09-17,2024-09-17,R,143,Philadelphia Phillies,5,158,Milwaukee Brewers,1,0,6,-4
746015,2024,2024-09-17,2024-09-17,R,119,Los Angeles Dodgers,9,146,Miami Marlins,11,1,20,2
746176,2024,2024-09-17,2024-09-17,R,145,Chicago White Sox,0,108,Los Angeles Angels,5,1,5,5
746261,2024,2024-09-17,2024-09-17,R,116,Detroit Tigers,3,118,Kansas City Royals,1,0,4,-2
746503,2024,2024-09-17,2024-09-17,R,109,Arizona Diamondbacks,2,115,Colorado Rockies,8,1,10,6
746587,2024,2024-09-17,2024-09-17,R,142,Minnesota Twins,4,114,Cleveland Guardians,1,0,5,-3
746659,2024,2024-09-17,2024-09-17,R,144,Atlanta Braves,5,113,Cincinnati Reds,6,1,11,1
746830,2024,2024-09-17,2024-09-17,R,133,Athletics,4,112,Chicago Cubs,3,0,7,-1
746987,2024,2024-09-17,2024-09-17,R,137,San Francisco Giants,10,110,Baltimore Orioles,0,0,10,-10
744959,2024,2024-09-18,2024-09-18,R,141,Toronto Blue Jays,0,140,Texas Rangers,2,1,2,2
745040,2024,2024-09-18,2024-09-18,R,111,Boston Red Sox,2,139,Tampa Bay Rays,1,0,3,-1
745121,2024,2024-09-18,2024-09-18,R,134,Pittsburgh Pirates,5,138,St. Louis Cardinals,10,1,15,5
745199,2024,2024-09-18,2024-09-18,R,147,New York Yankees,2,136,Seattle Mariners,1,0,3,-1
745365,2024,2024-09-18,2024-09-18,R,117,Houston Astros,0,135,San Diego Padres,4,1,4,4
745771,2024,2024-09-18,2024-09-18,R,120,Washington Nationals,0,121,New York Mets,10,1,10,10
745933,2024,2024-09-18,2024-09-18,R,143,Philadelphia Phillies,1,158,Milwaukee Brewers,2,1,3,1
746014,2024,2024-09-18,2024-09-18,R,119,Los Angeles Dodgers,8,146,Miami Marlins,4,0,12,-4
746172,2024,2024-09-18,2024-09-18,R,145,Chicago White Sox,3,108,Los Angeles Angels,4,1,7,1
746254,2024,2024-09-18,2024-09-18,R,116,Detroit Tigers,4,118,Kansas City Royals,2,0,6,-2
746500,2024,2024-09-18,2024-09-18,R,109,Arizona Diamondbacks,9,115,Colorado Rockies,4,0,13,-5
746582,2024,2024-09-18,2024-09-18,R,142,Minnesota Twins,4,114,Cleveland Guardians,5,1,9,1
746662,2024,2024-09-18,2024-09-18,R,144,Atlanta Braves,7,113,Cincinnati Reds,1,0,8,-6
746831,2024,2024-09-18,2024-09-18,R,133,Athletics,5,112,Chicago Cubs,3,0,8,-2
746988,2024,2024-09-18,2024-09-18,R,137,San Francisco Giants,5,110,Baltimore Orioles,3,0,8,-2
744962,2024,2024-09-19,2024-09-19,R,141,Toronto Blue Jays,4,140,Texas Rangers,0,0,4,-4
745041,2024,2024-09-19,2024-09-19,R,111,Boston Red Sox,0,139,Tampa Bay Rays,2,1,2,2
745120,2024,2024-09-19,2024-09-19,R,134,Pittsburgh Pirates,3,138,St. Louis Cardinals,2,0,5,-1
745204,2024,2024-09-19,2024-09-19,R,147,New York Yankees,2,136,Seattle Mariners,3,1,5,1
745769,2024,2024-09-19,2024-09-19,R,143,Philadelphia Phillies,6,121,New York Mets,10,1,16,4
745937,2024,2024-09-19,2024-09-19,R,109,Arizona Diamondbacks,5,158,Milwaukee Brewers,1,0,6,-4
746011,2024,2024-09-19,2024-09-19,R,119,Los Angeles Dodgers,20,146,Miami Marlins,4,0,24,-16
746341,2024,2024-09-19,2024-09-19,R,108,Los Angeles Angels,1,117,Houston Astros,3,1,4,2
746579,2024,2024-09-19,2024-09-19,R,142,Minnesota Twins,2,114,Cleveland Guardians,3,1,5,1
746663,2024,2024-09-19,2024-09-19,R,144,Atlanta Braves,15,113,Cincinnati Reds,3,0,18,-12
746823,2024,2024-09-19,2024-09-19,R,120,Washington Nationals,6,112,Chicago Cubs,7,1,13,1
746985,2024,2024-09-19,2024-09-19,R,137,San Francisco Giants,3,110,Baltimore Orioles,5,1,8,2
744960,2024,2024-09-20,2024-09-20,R,136,Seattle Mariners,8,140,Texas Rangers,2,0,10,-6
745043,2024,2024-09-20,2024-09-20,R,141,Toronto Blue Jays,0,139,Tampa Bay Rays,1,1,1,1
745123,2024,2024-09-20,2024-09-20,R,114,Cleveland Guardians,5,138,St. Louis Cardinals,1,0,6,-4
745364,2024,2024-09-20,2024-09-20,R,145,Chicago White Sox,2,135,San Diego Padres,3,1,5,1
745606,2024,2024-09-20,2024-09-20,R,147,New York Yankees,4,133,Athletics,2,0,6,-2
745770,2024,2024-09-20,2024-09-20,R,143,Philadelphia Phillies,12,121,New York Mets,2,0,14,-10
745934,2024,2024-09-20,2024-09-20,R,109,Arizona Diamondbacks,7,158,Milwaukee Brewers,4,0,11,-3
746013,2024,2024-09-20,2024-09-20,R,144,Atlanta Braves,3,146,Miami Marlins,4,1,7,1
746094,2024,2024-09-20,2024-09-20,R,115,Colorado Rockies,4,119,Los Angeles Dodgers,6,1,10,2
746256,2024,2024-09-20,2024-09-20,R,137,San Francisco Giants,2,118,Kansas City Royals,1,0,3,-1
746340,2024,2024-09-20,2024-09-20,R,108,Los Angeles Angels,7,117,Houston Astros,9,1,16,2
746661,2024,2024-09-20,2024-09-20,R,134,Pittsburgh Pirates,3,113,Cincinnati Reds,8,1,11,5
746824,2024,2024-09-20,2024-09-20,R,120,Washington Nationals,1,112,Chicago Cubs,3,1,4,2
746905,2024,2024-09-20,2024-09-20,R,142,Minnesota Twins,4,111,Boston Red Sox,2,0,6,-2
746984,2024,2024-09-20,2024-09-20,R,116,Detroit Tigers,1,110,Baltimore Orioles,7,1,8,6
744958,2024,2024-09-21,2024-09-21,R,136,Seattle Mariners,8,140,Texas Rangers,4,0,12,-4
745038,2024,2024-09-21,2024-09-21,R,141,Toronto Blue Jays,2,139,Tampa Bay Rays,3,1,5,1
745124,2024,2024-09-21,2024-09-21,R,114,Cleveland Guardians,5,138,St. Louis Cardinals,6,1,11,1
745360,2024,2024-09-21,2024-09-21,R,145,Chicago White Sox,2,135,San Diego Padres,6,1,8,4
745610,2024,2024-09-21,2024-09-21,R,147,New York Yankees,10,133,Athletics,0,0,10,-10
745768,2024,2024-09-21,2024-09-21,R,143,Philadelphia Phillies,3,121,New York Mets,6,1,9,3
745936,2024,2024-09-21,2024-09-21,R,109,Arizona Diamondbacks,5,158,Milwaukee Brewers,0,0,5,-5
746012,2024,2024-09-21,2024-09-21,R,144,Atlanta Braves,6,146,Miami Marlins,2,0,8,-4
746096,2024,2024-09-21,2024-09-21,R,115,Colorado Rockies,6,119,Los Angeles Dodgers,3,0,9,-3
746255,2024,2024-09-21,2024-09-21,R,137,San Francisco Giants,9,118,Kansas City Royals,0,0,9,-9
746338,2024,2024-09-21,2024-09-21,R,108,Los Angeles Angels,4,117,Houston Astros,10,1,14,6
746660,2024,2024-09-21,2024-09-21,R,134,Pittsburgh Pirates,1,113,Cincinnati Reds,7,1,8,6
746826,2024,2024-09-21,2024-09-21,R,120,Washington Nationals,5,112,Chicago Cubs,1,0,6,-4
746983,2024,2024-09-21,2024-09-21,R,116,Detroit Tigers,6,110,Baltimore Orioles,4,0,10,-2
744955,2024,2024-09-22,2024-09-22,R,136,Seattle Mariners,5,140,Texas Rangers,6,1,11,1
745036,2024,2024-09-22,2024-09-22,R,141,Toronto Blue Jays,3,139,Tampa Bay Rays,4,1,7,1
745118,2024,2024-09-22,2024-09-22,R,114,Cleveland Guardians,1,138,St. Louis Cardinals,2,1,3,1
745358,2024,2024-09-22,2024-09-22,R,145,Chicago White Sox,2,135,San Diego Padres,4,1,6,2
745608,2024,2024-09-22,2024-09-22,R,147,New York Yankees,7,133,Athletics,4,0,11,-3
745767,2024,2024-09-22,2024-09-22,R,143,Philadelphia Phillies,1,121,New York Mets,2,1,3,1
745929,2024,2024-09-22,2024-09-22,R,109,Arizona Diamondbacks,9,158,Milwaukee Brewers,10,1,19,1
746010,2024,2024-09-22,2024-09-22,R,144,Atlanta Braves,5,146,Miami Marlins,4,0,9,-1
746092,2024,2024-09-22,2024-09-22,R,115,Colorado Rockies,5,119,Los Angeles Dodgers,6,1,11,1
746253,2024,2024-09-22,2024-09-22,R,137,San Francisco Giants,2,118,Kansas City Royals,0,0,2,-2
746339,2024,2024-09-22,2024-09-22,R,108,Los Angeles Angels,9,117,Houston Astros,8,0,17,-1
746657,2024,2024-09-22,2024-09-22,R,134,Pittsburgh Pirates,2,113,Cincinnati Reds,0,0,2,-2
746825,2024,2024-09-22,2024-09-22,R,120,Washington Nationals,0,112,Chicago Cubs,5,1,5,5
746903,2024,2024-09-22,2024-09-22,R,142,Minnesota Twins,1,111,Boston Red Sox,8,1,9,7
746906,2024,2024-09-22,2024-09-22,R,142,Minnesota Twins,3,111,Boston Red Sox,9,1,12,6
746982,2024,2024-09-22,2024-09-22,R,116,Detroit Tigers,4,110,Baltimore Orioles,3,0,7,-1
744885,2024,2024-09-23,2024-09-23,R,111,Boston Red Sox,4,141,Toronto Blue Jays,1,0,5,-3
745527,2024,2024-09-23,2024-09-23,R,112,Chicago Cubs,2,143,Philadelphia Phillies,6,1,8,4
746334,2024,2024-09-23,2024-09-23,R,136,Seattle Mariners,6,117,Houston Astros,1,0,7,-5
747150,2024,2024-09-23,2024-09-23,R,137,San Francisco Giants,6,109,Arizona Diamondbacks,3,0,9,-3
744802,2024,2024-09-24,2024-09-24,R,118,Kansas City Royals,1,120,Washington Nationals,0,0,1,-1
744876,2024,2024-09-24,2024-09-24,R,111,Boston Red Sox,6,141,Toronto Blue Jays,5,0,11,-1
745441,2024,2024-09-24,2024-09-24,R,158,Milwaukee Brewers,7,134,Pittsburgh Pirates,2,0,9,-5
745526,2024,2024-09-24,2024-09-24,R,112,Chicago Cubs,10,143,Philadelphia Phillies,4,0,14,-6
745605,2024,2024-09-24,2024-09-24,R,140,Texas Rangers,4,133,Athletics,5,1,9,1
745688,2024,2024-09-24,2024-09-24,R,110,Baltimore Orioles,5,147,New York Yankees,3,0,8,-2
745851,2024,2024-09-24,2024-09-24,R,146,Miami Marlins,4,142,Minnesota Twins,1,0,5,-3
746093,2024,2024-09-24,2024-09-24,R,135,San Diego Padres,4,119,Los Angeles Dodgers,2,0,6,-2
746336,2024,2024-09-24,2024-09-24,R,136,Seattle Mariners,3,117,Houston Astros,4,1,7,1
746421,2024,2024-09-24,2024-09-24,R,139,Tampa Bay Rays,1,116,Detroit Tigers,2,1,3,1
746504,2024,2024-09-24,2024-09-24,R,138,St. Louis Cardinals,7,115,Colorado Rockies,3,0,10,-4
746581,2024,2024-09-24,2024-09-24,R,113,Cincinnati Reds,1,114,Cleveland Guardians,6,1,7,5
746743,2024,2024-09-24,2024-09-24,R,108,Los Angeles Angels,2,145,Chicago White Sox,3,1,5,1
747068,2024,2024-09-24,2024-09-24,R,121,New York Mets,1,144,Atlanta Braves,5,1,6,4
747149,2024,2024-09-24,2024-09-24,R,137,San Francisco Giants,11,109,Arizona Diamondbacks,0,0,11,-11
744795,2024,2024-09-25,2024-09-25,R,118,Kansas City Royals,3,120,Washington Nationals,0,0,3,-3
744877,2024,2024-09-25,2024-09-25,R,111,Boston Red Sox,1,141,Toronto Blue Jays,6,1,7,5
745442,2024,2024-09-25,2024-09-25,R,158,Milwaukee Brewers,1,134,Pittsburgh Pirates,2,1,3,1
745521,2024,2024-09-25,2024-09-25,R,112,Chicago Cubs,6,143,Philadelphia Phillies,9,1,15,3
745607,2024,2024-09-25,2024-09-25,R,140,Texas Rangers,5,133,Athletics,1,0,6,-4
745690,2024,2024-09-25,2024-09-25,R,110,Baltimore Orioles,9,147,New York Yankees,7,0,16,-2
745854,2024,2024-09-25,2024-09-25,R,146,Miami Marlins,3,142,Minnesota Twins,8,1,11,5
746095,2024,2024-09-25,2024-09-25,R,135,San Diego Padres,3,119,Los Angeles Dodgers,4,1,7,1
746331,2024,2024-09-25,2024-09-25,R,136,Seattle Mariners,8,117,Houston Astros,1,0,9,-7
746420,2024,2024-09-25,2024-09-25,R,139,Tampa Bay Rays,1,116,Detroit Tigers,7,1,8,6
746501,2024,2024-09-25,2024-09-25,R,138,St. Louis Cardinals,5,115,Colorado Rockies,2,0,7,-3
746583,2024,2024-09-25,2024-09-25,R,113,Cincinnati Reds,2,114,Cleveland Guardians,5,1,7,3
746742,2024,2024-09-25,2024-09-25,R,108,Los Angeles Angels,3,145,Chicago White Sox,4,1,7,1
747144,2024,2024-09-25,2024-09-25,R,137,San Francisco Giants,2,109,Arizona Diamondbacks,8,1,10,6
744796,2024,2024-09-26,2024-09-26,R,118,Kansas City Royals,7,120,Washington Nationals,4,0,11,-3
745443,2024,2024-09-26,2024-09-26,R,158,Milwaukee Brewers,5,134,Pittsburgh Pirates,2,0,7,-3
745609,2024,2024-09-26,2024-09-26,R,140,Texas Rangers,2,133,Athletics,3,1,5,1
745691,2024,2024-09-26,2024-09-26,R,110,Baltimore Orioles,1,147,New York Yankees,10,1,11,9
745853,2024,2024-09-26,2024-09-26,R,146,Miami Marlins,8,142,Minnesota Twins,6,0,14,-2
746088,2024,2024-09-26,2024-09-26,R,135,San Diego Padres,2,119,Los Angeles Dodgers,7,1,9,5
746415,2024,2024-09-26,2024-09-26,R,139,Tampa Bay Rays,3,116,Detroit Tigers,4,1,7,1
746495,2024,2024-09-26,2024-09-26,R,138,St. Louis Cardinals,8,115,Colorado Rockies,10,1,18,2
746738,2024,2024-09-26,2024-09-26,R,108,Los Angeles Angels,0,145,Chicago White Sox,7,1,7,7
744797,2024,2024-09-27,2024-09-27,R,143,Philadelphia Phillies,1,120,Washington Nationals,9,1,10,8
744879,2024,2024-09-27,2024-09-27,R,146,Miami Marlins,15,141,Toronto Blue Jays,5,0,20,-10
745202,2024,2024-09-27,2024-09-27,R,133,Athletics,0,136,Seattle Mariners,2,1,2,2
745280,2024,2024-09-27,2024-09-27,R,138,St. Louis Cardinals,6,137,San Francisco Giants,3,0,9,-3
745692,2024,2024-09-27,2024-09-27,R,134,Pittsburgh Pirates,4,147,New York Yankees,2,0,6,-2
745847,2024,2024-09-27,2024-09-27,R,110,Baltimore Orioles,7,142,Minnesota Twins,2,0,9,-5
745930,2024,2024-09-27,2024-09-27,R,121,New York Mets,4,158,Milwaukee Brewers,8,1,12,4
746173,2024,2024-09-27,2024-09-27,R,140,Texas Rangers,5,108,Los Angeles Angels,2,0,7,-3
746417,2024,2024-09-27,2024-09-27,R,145,Chicago White Sox,1,116,Detroit Tigers,4,1,5,3
746494,2024,2024-09-27,2024-09-27,R,119,Los Angeles Dodgers,11,115,Colorado Rockies,4,0,15,-7
746580,2024,2024-09-27,2024-09-27,R,117,Houston Astros,5,114,Cleveland Guardians,2,0,7,-3
746822,2024,2024-09-27,2024-09-27,R,113,Cincinnati Reds,0,112,Chicago Cubs,1,1,1,1
746904,2024,2024-09-27,2024-09-27,R,139,Tampa Bay Rays,2,111,Boston Red Sox,1,0,3,-1
747065,2024,2024-09-27,2024-09-27,R,118,Kansas City Royals,0,144,Atlanta Braves,3,1,3,3
747145,2024,2024-09-27,2024-09-27,R,135,San Diego Padres,5,109,Arizona Diamondbacks,3,0,8,-2
744799,2024,2024-09-28,2024-09-28,R,143,Philadelphia Phillies,3,120,Washington Nationals,6,1,9,3
744878,2024,2024-09-28,2024-09-28,R,146,Miami Marlins,8,141,Toronto Blue Jays,1,0,9,-7
745203,2024,2024-09-28,2024-09-28,R,133,Athletics,6,136,Seattle Mariners,7,1,13,1
745281,2024,2024-09-28,2024-09-28,R,138,St. Louis Cardinals,5,137,San Francisco Giants,6,1,11,1
745685,2024,2024-09-28,2024-09-28,R,134,Pittsburgh Pirates,9,147,New York Yankees,4,0,13,-5
745849,2024,2024-09-28,2024-09-28,R,110,Baltimore Orioles,9,142,Minnesota Twins,2,0,11,-7
745931,2024,2024-09-28,2024-09-28,R,121,New York Mets,0,158,Milwaukee Brewers,6,1,6,6
746171,2024,2024-09-28,2024-09-28,R,140,Texas Rangers,9,108,Los Angeles Angels,8,0,17,-1
746414,2024,2024-09-28,2024-09-28,R,145,Chicago White Sox,4,116,Detroit Tigers,0,0,4,-4
746499,2024,2024-09-28,2024-09-28,R,119,Los Angeles Dodgers,13,115,Colorado Rockies,2,0,15,-11
746578,2024,2024-09-28,2024-09-28,R,117,Houston Astros,4,114,Cleveland Guardians,3,0,7,-1
746819,2024,2024-09-28,2024-09-28,R,113,Cincinnati Reds,0,112,Chicago Cubs,3,1,3,3
746902,2024,2024-09-28,2024-09-28,R,139,Tampa Bay Rays,7,111,Boston Red Sox,2,0,9,-5
747066,2024,2024-09-28,2024-09-28,R,118,Kansas City Royals,1,144,Atlanta Braves,2,1,3,1
747146,2024,2024-09-28,2024-09-28,R,135,San Diego Padres,5,109,Arizona Diamondbacks,0,0,5,-5
744798,2024,2024-09-29,2024-09-29,R,143,Philadelphia Phillies,6,120,Washington Nationals,3,0,9,-3
744880,2024,2024-09-29,2024-09-29,R,146,Miami Marlins,3,141,Toronto Blue Jays,1,0,4,-2
745201,2024,2024-09-29,2024-09-29,R,133,Athletics,4,136,Seattle Mariners,6,1,10,2
745282,2024,2024-09-29,2024-09-29,R,138,St. Louis Cardinals,6,137,San Francisco Giants,1,0,7,-5
745686,2024,2024-09-29,2024-09-29,R,134,Pittsburgh Pirates,4,147,New York Yankees,6,1,10,2
745846,2024,2024-09-29,2024-09-29,R,110,Baltimore Orioles,6,142,Minnesota Twins,2,0,8,-4
745932,2024,2024-09-29,2024-09-29,R,121,New York Mets,5,158,Milwaukee Brewers,0,0,5,-5
746174,2024,2024-09-29,2024-09-29,R,140,Texas Rangers,8,108,Los Angeles Angels,0,0,8,-8
746416,2024,2024-09-29,2024-09-29,R,145,Chicago White Sox,9,116,Detroit Tigers,5,0,14,-4
746496,2024,2024-09-29,2024-09-29,R,119,Los Angeles Dodgers,2,115,Colorado Rockies,1,0,3,-1
746820,2024,2024-09-29,2024-09-29,R,113,Cincinnati Reds,3,112,Chicago Cubs,0,0,3,-3
746901,2024,2024-09-29,2024-09-29,R,139,Tampa Bay Rays,1,111,Boston Red Sox,3,1,4,2
747061,2024,2024-09-29,2024-09-29,R,118,Kansas City Royals,4,144,Atlanta Braves,2,0,6,-2
747147,2024,2024-09-29,2024-09-29,R,135,San Diego Padres,2,109,Arizona Diamondbacks,11,1,13,9
747064,2024,2024-09-30,2024-09-30,R,121,New York Mets,0,144,Atlanta Braves,3,1,3,3
747139,2024,2024-09-30,2024-09-30,R,121,New York Mets,8,144,Atlanta Braves,7,0,15,-1
778563,2025,2025-03-18,2025-03-18,R,119,Los Angeles Dodgers,4,112,Chicago Cubs,1,0,5,-3
778564,2025,2025-03-19,2025-03-19,R,119,Los Angeles Dodgers,6,112,Chicago Cubs,3,0,9,-3
778545,2025,2025-03-27,2025-03-27,R,144,Atlanta Braves,4,135,San Diego Padres,7,1,11,3
778546,2025,2025-03-27,2025-03-27,R,116,Detroit Tigers,4,119,Los Angeles Dodgers,5,1,9,1
778547,2025,2025-03-27,2025-03-27,R,133,Athletics,2,136,Seattle Mariners,4,1,6,2
778551,2025,2025-03-27,2025-03-27,R,142,Minnesota Twins,3,138,St. Louis Cardinals,5,1,8,2
778552,2025,2025-03-27,2025-03-27,R,112,Chicago Cubs,10,109,Arizona Diamondbacks,6,0,16,-4
778553,2025,2025-03-27,2025-03-27,R,111,Boston Red Sox,5,140,Texas Rangers,2,0,7,-3
778554,2025,2025-03-27,2025-03-27,R,108,Los Angeles Angels,1,145,Chicago White Sox,8,1,9,7
778555,2025,2025-03-27,2025-03-27,R,143,Philadelphia Phillies,7,120,Washington Nationals,3,0,10,-4
778556,2025,2025-03-27,2025-03-27,R,110,Baltimore Orioles,12,141,Toronto Blue Jays,2,0,14,-10
778557,2025,2025-03-27,2025-03-27,R,158,Milwaukee Brewers,2,147,New York Yankees,4,1,6,2
778558,2025,2025-03-27,2025-03-27,R,114,Cleveland Guardians,7,118,Kansas City Royals,4,0,11,-3
778559,2025,2025-03-27,2025-03-27,R,121,New York Mets,1,117,Houston Astros,3,1,4,2
778561,2025,2025-03-27,2025-03-27,R,137,San Francisco Giants,6,113,Cincinnati Reds,4,0,10,-2
778562,2025,2025-03-27,2025-03-27,R,134,Pittsburgh Pirates,4,146,Miami Marlins,5,1,9,1
778518,2025,2025-03-28,2025-03-28,R,121,New York Mets,3,117,Houston Astros,1,0,4,-2
778541,2025,2025-03-28,2025-03-28,R,133,Athletics,7,136,Seattle Mariners,0,0,7,-7
778542,2025,2025-03-28,2025-03-28,R,144,Atlanta Braves,3,135,San Diego Padres,4,1,7,1
778543,2025,2025-03-28,2025-03-28,R,112,Chicago Cubs,1,109,Arizona Diamondbacks,8,1,9,7
778544,2025,2025-03-28,2025-03-28,R,116,Detroit Tigers,5,119,Los Angeles Dodgers,8,1,13,3
778548,2025,2025-03-28,2025-03-28,R,134,Pittsburgh Pirates,4,146,Miami Marlins,3,0,7,-1
778549,2025,2025-03-28,2025-03-28,R,110,Baltimore Orioles,2,141,Toronto Blue Jays,8,1,10,6
778550,2025,2025-03-28,2025-03-28,R,111,Boston Red Sox,1,140,Texas Rangers,4,1,5,3
778560,2025,2025-03-28,2025-03-28,R,115,Colorado Rockies,2,139,Tampa Bay Rays,3,1,5,1
778520,2025,2025-03-29,2025-03-29,R,144,Atlanta Braves,0,135,San Diego Padres,1,1,1,1
778521,2025,2025-03-29,2025-03-29,R,133,Athletics,4,136,Seattle Mariners,2,0,6,-2
778528,2025,2025-03-29,2025-03-29,R,142,Minnesota Twins,1,138,St. Louis Cardinals,5,1,6,4
778529,2025,2025-03-29,2025-03-29,R,114,Cleveland Guardians,3,118,Kansas City Royals,4,1,7,1
778530,2025,2025-03-29,2025-03-29,R,121,New York Mets,1,117,Houston Astros,2,1,3,1
778531,2025,2025-03-29,2025-03-29,R,111,Boston Red Sox,3,140,Texas Rangers,4,1,7,1
778532,2025,2025-03-29,2025-03-29,R,112,Chicago Cubs,4,109,Arizona Diamondbacks,3,0,7,-1
778533,2025,2025-03-29,2025-03-29,R,116,Detroit Tigers,3,119,Los Angeles Dodgers,7,1,10,4
778534,2025,2025-03-29,2025-03-29,R,108,Los Angeles Angels,1,145,Chicago White Sox,0,0,1,-1
778535,2025,2025-03-29,2025-03-29,R,143,Philadelphia Phillies,11,120,Washington Nationals,6,0,17,-5
778536,2025,2025-03-29,2025-03-29,R,110,Baltimore Orioles,9,141,Toronto Blue Jays,5,0,14,-4
778537,2025,2025-03-29,2025-03-29,R,115,Colorado Rockies,2,139,Tampa Bay Rays,1,0,3,-1
778538,2025,2025-03-29,2025-03-29,R,158,Milwaukee Brewers,9,147,New York Yankees,20,1,29,11
778539,2025,2025-03-29,2025-03-29,R,134,Pittsburgh Pirates,4,146,Miami Marlins,5,1,9,1
778540,2025,2025-03-29,2025-03-29,R,137,San Francisco Giants,2,113,Cincinnati Reds,3,1,5,1
778510,2025,2025-03-30,2025-03-30,R,114,Cleveland Guardians,6,118,Kansas City Royals,2,0,8,-4
778513,2025,2025-03-30,2025-03-30,R,133,Athletics,1,136,Seattle Mariners,2,1,3,1
778514,2025,2025-03-30,2025-03-30,R,144,Atlanta Braves,0,135,San Diego Padres,5,1,5,5
778515,2025,2025-03-30,2025-03-30,R,112,Chicago Cubs,6,109,Arizona Diamondbacks,10,1,16,4
778516,2025,2025-03-30,2025-03-30,R,111,Boston Red Sox,2,140,Texas Rangers,3,1,5,1
778517,2025,2025-03-30,2025-03-30,R,142,Minnesota Twins,2,138,St. Louis Cardinals,9,1,11,7
778519,2025,2025-03-30,2025-03-30,R,134,Pittsburgh Pirates,2,146,Miami Marlins,3,1,5,1
778522,2025,2025-03-30,2025-03-30,R,137,San Francisco Giants,6,113,Cincinnati Reds,3,0,9,-3
778523,2025,2025-03-30,2025-03-30,R,158,Milwaukee Brewers,3,147,New York Yankees,12,1,15,9
778524,2025,2025-03-30,2025-03-30,R,115,Colorado Rockies,4,139,Tampa Bay Rays,6,1,10,2
778525,2025,2025-03-30,2025-03-30,R,110,Baltimore Orioles,1,141,Toronto Blue Jays,3,1,4,2
778526,2025,2025-03-30,2025-03-30,R,143,Philadelphia Phillies,1,120,Washington Nationals,5,1,6,4
778527,2025,2025-03-30,2025-03-30,R,108,Los Angeles Angels,3,145,Chicago White Sox,2,0,5,-1
778496,2025,2025-03-31,2025-03-31,R,116,Detroit Tigers,9,136,Seattle Mariners,6,0,15,-3
778499,2025,2025-03-31,2025-03-31,R,114,Cleveland Guardians,2,135,San Diego Padres,7,1,9,5
778500,2025,2025-03-31,2025-03-31,R,144,Atlanta Braves,1,119,Los Angeles Dodgers,6,1,7,5
778501,2025,2025-03-31,2025-03-31,R,112,Chicago Cubs,18,133,Athletics,3,0,21,-15
778502,2025,2025-03-31,2025-03-31,R,115,Colorado Rockies,1,143,Philadelphia Phillies,6,1,7,5
778503,2025,2025-03-31,2025-03-31,R,108,Los Angeles Angels,5,138,St. Louis Cardinals,4,0,9,-1
778504,2025,2025-03-31,2025-03-31,R,118,Kansas City Royals,11,158,Milwaukee Brewers,1,0,12,-10
778505,2025,2025-03-31,2025-03-31,R,137,San Francisco Giants,7,117,Houston Astros,2,0,9,-5
778506,2025,2025-03-31,2025-03-31,R,142,Minnesota Twins,0,145,Chicago White Sox,9,1,9,9
778507,2025,2025-03-31,2025-03-31,R,120,Washington Nationals,2,141,Toronto Blue Jays,5,1,7,3
778508,2025,2025-03-31,2025-03-31,R,134,Pittsburgh Pirates,1,139,Tampa Bay Rays,6,1,7,5
778509,2025,2025-03-31,2025-03-31,R,121,New York Mets,10,146,Miami Marlins,4,0,14,-6
778511,2025,2025-03-31,2025-03-31,R,140,Texas Rangers,3,113,Cincinnati Reds,14,1,17,11
778512,2025,2025-03-31,2025-03-31,R,111,Boston Red Sox,5,110,Baltimore Orioles,8,1,13,3
778485,2025,2025-04-01,2025-04-01,R,114,Cleveland Guardians,0,135,San Diego Padres,7,1,7,7
778486,2025,2025-04-01,2025-04-01,R,116,Detroit Tigers,4,136,Seattle Mariners,1,0,5,-3
778487,2025,2025-04-01,2025-04-01,R,144,Atlanta Braves,1,119,Los Angeles Dodgers,3,1,4,2
778488,2025,2025-04-01,2025-04-01,R,118,Kansas City Royals,0,158,Milwaukee Brewers,5,1,5,5
778489,2025,2025-04-01,2025-04-01,R,137,San Francisco Giants,3,117,Houston Astros,1,0,4,-2
778490,2025,2025-04-01,2025-04-01,R,142,Minnesota Twins,8,145,Chicago White Sox,3,0,11,-5
778491,2025,2025-04-01,2025-04-01,R,120,Washington Nationals,3,141,Toronto Blue Jays,5,1,8,2
778492,2025,2025-04-01,2025-04-01,R,109,Arizona Diamondbacks,7,147,New York Yankees,5,0,12,-2
778493,2025,2025-04-01,2025-04-01,R,134,Pittsburgh Pirates,0,139,Tampa Bay Rays,7,1,7,7
778494,2025,2025-04-01,2025-04-01,R,112,Chicago Cubs,7,133,Athletics,4,0,11,-3
778495,2025,2025-04-01,2025-04-01,R,108,Los Angeles Angels,9,138,St. Louis Cardinals,7,0,16,-2
778497,2025,2025-04-01,2025-04-01,R,121,New York Mets,2,146,Miami Marlins,4,1,6,2
778498,2025,2025-04-01,2025-04-01,R,140,Texas Rangers,1,113,Cincinnati Reds,0,0,1,-1
778469,2025,2025-04-02,2025-04-02,R,116,Detroit Tigers,2,136,Seattle Mariners,3,1,5,1
778471,2025,2025-04-02,2025-04-02,R,112,Chicago Cubs,10,133,Athletics,2,0,12,-8
778472,2025,2025-04-02,2025-04-02,R,144,Atlanta Braves,5,119,Los Angeles Dodgers,6,1,11,1
778473,2025,2025-04-02,2025-04-02,R,108,Los Angeles Angels,5,138,St. Louis Cardinals,12,1,17,7
778474,2025,2025-04-02,2025-04-02,R,142,Minnesota Twins,6,145,Chicago White Sox,1,0,7,-5
778475,2025,2025-04-02,2025-04-02,R,137,San Francisco Giants,6,117,Houston Astros,3,0,9,-3
778476,2025,2025-04-02,2025-04-02,R,114,Cleveland Guardians,2,135,San Diego Padres,5,1,7,3
778477,2025,2025-04-02,2025-04-02,R,118,Kansas City Royals,2,158,Milwaukee Brewers,3,1,5,1
778478,2025,2025-04-02,2025-04-02,R,120,Washington Nationals,2,141,Toronto Blue Jays,4,1,6,2
778479,2025,2025-04-02,2025-04-02,R,134,Pittsburgh Pirates,4,139,Tampa Bay Rays,2,0,6,-2
778480,2025,2025-04-02,2025-04-02,R,140,Texas Rangers,1,113,Cincinnati Reds,0,0,1,-1
778481,2025,2025-04-02,2025-04-02,R,121,New York Mets,6,146,Miami Marlins,5,0,11,-1
778482,2025,2025-04-02,2025-04-02,R,115,Colorado Rockies,1,143,Philadelphia Phillies,5,1,6,4
778483,2025,2025-04-02,2025-04-02,R,111,Boston Red Sox,3,110,Baltimore Orioles,0,0,3,-3
778484,2025,2025-04-02,2025-04-02,R,109,Arizona Diamondbacks,4,147,New York Yankees,3,0,7,-1
778462,2025,2025-04-03,2025-04-03,R,117,Houston Astros,5,142,Minnesota Twins,2,0,7,-3
778466,2025,2025-04-03,2025-04-03,R,109,Arizona Diamondbacks,7,147,New York Yankees,9,1,16,2
778467,2025,2025-04-03,2025-04-03,R,115,Colorado Rockies,1,143,Philadelphia Phillies,3,1,4,2
778468,2025,2025-04-03,2025-04-03,R,113,Cincinnati Reds,0,158,Milwaukee Brewers,1,1,1,1
778470,2025,2025-04-03,2025-04-03,R,111,Boston Red Sox,8,110,Baltimore Orioles,4,0,12,-4
778444,2025,2025-04-04,2025-04-04,R,136,Seattle Mariners,9,137,San Francisco Giants,10,1,19,1
778447,2025,2025-04-04,2025-04-04,R,114,Cleveland Guardians,8,108,Los Angeles Angels,6,0,14,-2
778453,2025,2025-04-04,2025-04-04,R,113,Cincinnati Reds,2,158,Milwaukee Brewers,3,1,5,1
778454,2025,2025-04-04,2025-04-04,R,139,Tampa Bay Rays,2,140,Texas Rangers,5,1,7,3
778455,2025,2025-04-04,2025-04-04,R,110,Baltimore Orioles,2,118,Kansas City Royals,8,1,10,6
778456,2025,2025-04-04,2025-04-04,R,133,Athletics,6,115,Colorado Rockies,3,0,9,-3
778457,2025,2025-04-04,2025-04-04,R,109,Arizona Diamondbacks,6,120,Washington Nationals,4,0,10,-2
778458,2025,2025-04-04,2025-04-04,R,145,Chicago White Sox,4,116,Detroit Tigers,7,1,11,3
778459,2025,2025-04-04,2025-04-04,R,119,Los Angeles Dodgers,2,143,Philadelphia Phillies,3,1,5,1
778460,2025,2025-04-04,2025-04-04,R,135,San Diego Padres,1,112,Chicago Cubs,3,1,4,2
778461,2025,2025-04-04,2025-04-04,R,147,New York Yankees,9,134,Pittsburgh Pirates,4,0,13,-5
778463,2025,2025-04-04,2025-04-04,R,138,St. Louis Cardinals,9,111,Boston Red Sox,13,1,22,4
778464,2025,2025-04-04,2025-04-04,R,146,Miami Marlins,0,144,Atlanta Braves,10,1,10,10
778465,2025,2025-04-04,2025-04-04,R,141,Toronto Blue Jays,0,121,New York Mets,5,1,5,5
778436,2025,2025-04-05,2025-04-05,R,136,Seattle Mariners,1,137,San Francisco Giants,4,1,5,3
778437,2025,2025-04-05,2025-04-05,R,114,Cleveland Guardians,4,108,Los Angeles Angels,10,1,14,6
778438,2025,2025-04-05,2025-04-05,R,139,Tampa Bay Rays,4,140,Texas Rangers,6,1,10,2
778439,2025,2025-04-05,2025-04-05,R,113,Cincinnati Reds,11,158,Milwaukee Brewers,7,0,18,-4
778440,2025,2025-04-05,2025-04-05,R,117,Houston Astros,1,142,Minnesota Twins,6,1,7,5
778441,2025,2025-04-05,2025-04-05,R,110,Baltimore Orioles,8,118,Kansas City Royals,1,0,9,-7
778442,2025,2025-04-05,2025-04-05,R,133,Athletics,7,115,Colorado Rockies,4,0,11,-3
778445,2025,2025-04-05,2025-04-05,R,145,Chicago White Sox,2,116,Detroit Tigers,7,1,9,5
778446,2025,2025-04-05,2025-04-05,R,141,Toronto Blue Jays,2,121,New York Mets,3,1,5,1
778448,2025,2025-04-05,2025-04-05,R,119,Los Angeles Dodgers,3,143,Philadelphia Phillies,1,0,4,-2
778449,2025,2025-04-05,2025-04-05,R,147,New York Yankees,10,134,Pittsburgh Pirates,4,0,14,-6
778450,2025,2025-04-05,2025-04-05,R,135,San Diego Padres,1,112,Chicago Cubs,7,1,8,6
778451,2025,2025-04-05,2025-04-05,R,146,Miami Marlins,4,144,Atlanta Braves,0,0,4,-4
778452,2025,2025-04-05,2025-04-05,R,109,Arizona Diamondbacks,3,120,Washington Nationals,4,1,7,1
778419,2025,2025-04-06,2025-04-06,R,117,Houston Astros,9,142,Minnesota Twins,7,0,16,-2
778420,2025,2025-04-06,2025-04-06,R,139,Tampa Bay Rays,3,140,Texas Rangers,4,1,7,1
778421,2025,2025-04-06,2025-04-06,R,113,Cincinnati Reds,2,158,Milwaukee Brewers,8,1,10,6
778422,2025,2025-04-06,2025-04-06,R,110,Baltimore Orioles,1,118,Kansas City Royals,4,1,5,3
778423,2025,2025-04-06,2025-04-06,R,133,Athletics,5,115,Colorado Rockies,12,1,17,7
778425,2025,2025-04-06,2025-04-06,R,114,Cleveland Guardians,2,108,Los Angeles Angels,6,1,8,4
778427,2025,2025-04-06,2025-04-06,R,136,Seattle Mariners,4,137,San Francisco Giants,5,1,9,1
778428,2025,2025-04-06,2025-04-06,R,147,New York Yankees,4,134,Pittsburgh Pirates,5,1,9,1
778429,2025,2025-04-06,2025-04-06,R,109,Arizona Diamondbacks,4,120,Washington Nationals,5,1,9,1
778430,2025,2025-04-06,2025-04-06,R,135,San Diego Padres,8,112,Chicago Cubs,7,0,15,-1
778432,2025,2025-04-06,2025-04-06,R,138,St. Louis Cardinals,7,111,Boston Red Sox,18,1,25,11
778433,2025,2025-04-06,2025-04-06,R,145,Chicago White Sox,3,116,Detroit Tigers,4,1,7,1
778434,2025,2025-04-06,2025-04-06,R,119,Los Angeles Dodgers,7,143,Philadelphia Phillies,8,1,15,1
778435,2025,2025-04-06,2025-04-06,R,141,Toronto Blue Jays,1,121,New York Mets,2,1,3,1
778443,2025,2025-04-06,2025-04-06,R,138,St. Louis Cardinals,4,111,Boston Red Sox,5,1,9,1
778405,2025,2025-04-07,2025-04-07,R,117,Houston Astros,3,136,Seattle Mariners,4,1,7,1
778410,2025,2025-04-07,2025-04-07,R,113,Cincinnati Reds,2,137,San Francisco Giants,0,0,2,-2
778411,2025,2025-04-07,2025-04-07,R,140,Texas Rangers,0,112,Chicago Cubs,7,1,7,7
778412,2025,2025-04-07,2025-04-07,R,142,Minnesota Twins,2,118,Kansas City Royals,4,1,6,2
778413,2025,2025-04-07,2025-04-07,R,110,Baltimore Orioles,5,109,Arizona Diamondbacks,1,0,6,-4
778414,2025,2025-04-07,2025-04-07,R,135,San Diego Padres,5,133,Athletics,4,0,9,-1
778415,2025,2025-04-07,2025-04-07,R,138,St. Louis Cardinals,4,134,Pittsburgh Pirates,8,1,12,4
778416,2025,2025-04-07,2025-04-07,R,146,Miami Marlins,0,121,New York Mets,2,1,2,2
778418,2025,2025-04-07,2025-04-07,R,119,Los Angeles Dodgers,4,120,Washington Nationals,6,1,10,2
778424,2025,2025-04-07,2025-04-07,R,147,New York Yankees,2,116,Detroit Tigers,6,1,8,4
778426,2025,2025-04-07,2025-04-07,R,141,Toronto Blue Jays,6,111,Boston Red Sox,2,0,8,-4
778394,2025,2025-04-08,2025-04-08,R,158,Milwaukee Brewers,7,115,Colorado Rockies,1,0,8,-6
778395,2025,2025-04-08,2025-04-08,R,135,San Diego Padres,4,133,Athletics,10,1,14,6
778396,2025,2025-04-08,2025-04-08,R,110,Baltimore Orioles,3,109,Arizona Diamondbacks,4,1,7,1
778397,2025,2025-04-08,2025-04-08,R,113,Cincinnati Reds,1,137,San Francisco Giants,0,0,1,-1
778398,2025,2025-04-08,2025-04-08,R,117,Houston Astros,2,136,Seattle Mariners,1,0,3,-1
778400,2025,2025-04-08,2025-04-08,R,142,Minnesota Twins,1,118,Kansas City Royals,2,1,3,1
778401,2025,2025-04-08,2025-04-08,R,140,Texas Rangers,6,112,Chicago Cubs,10,1,16,4
778402,2025,2025-04-08,2025-04-08,R,145,Chicago White Sox,0,114,Cleveland Guardians,1,1,1,1
778403,2025,2025-04-08,2025-04-08,R,147,New York Yankees,0,116,Detroit Tigers,5,1,5,5
778404,2025,2025-04-08,2025-04-08,R,141,Toronto Blue Jays,6,111,Boston Red Sox,1,0,7,-5
778406,2025,2025-04-08,2025-04-08,R,143,Philadelphia Phillies,5,144,Atlanta Braves,7,1,12,2
778407,2025,2025-04-08,2025-04-08,R,146,Miami Marlins,5,121,New York Mets,10,1,15,5
778408,2025,2025-04-08,2025-04-08,R,138,St. Louis Cardinals,5,134,Pittsburgh Pirates,3,0,8,-2
778409,2025,2025-04-08,2025-04-08,R,119,Los Angeles Dodgers,2,120,Washington Nationals,8,1,10,6
778417,2025,2025-04-08,2025-04-08,R,108,Los Angeles Angels,4,139,Tampa Bay Rays,3,0,7,-1
778376,2025,2025-04-09,2025-04-09,R,113,Cincinnati Reds,6,137,San Francisco Giants,8,1,14,2
778379,2025,2025-04-09,2025-04-09,R,158,Milwaukee Brewers,17,115,Colorado Rockies,2,0,19,-15
778380,2025,2025-04-09,2025-04-09,R,110,Baltimore Orioles,0,109,Arizona Diamondbacks,9,1,9,9
778381,2025,2025-04-09,2025-04-09,R,135,San Diego Padres,2,133,Athletics,1,0,3,-1
778383,2025,2025-04-09,2025-04-09,R,117,Houston Astros,6,136,Seattle Mariners,7,1,13,1
778385,2025,2025-04-09,2025-04-09,R,140,Texas Rangers,6,112,Chicago Cubs,2,0,8,-4
778386,2025,2025-04-09,2025-04-09,R,141,Toronto Blue Jays,2,111,Boston Red Sox,1,0,3,-1
778387,2025,2025-04-09,2025-04-09,R,147,New York Yankees,4,116,Detroit Tigers,3,0,7,-1
778388,2025,2025-04-09,2025-04-09,R,142,Minnesota Twins,4,118,Kansas City Royals,0,0,4,-4
778389,2025,2025-04-09,2025-04-09,R,138,St. Louis Cardinals,1,134,Pittsburgh Pirates,2,1,3,1
778390,2025,2025-04-09,2025-04-09,R,146,Miami Marlins,5,121,New York Mets,0,0,5,-5
778391,2025,2025-04-09,2025-04-09,R,145,Chicago White Sox,2,114,Cleveland Guardians,3,1,5,1
778392,2025,2025-04-09,2025-04-09,R,119,Los Angeles Dodgers,6,120,Washington Nationals,5,0,11,-1
778393,2025,2025-04-09,2025-04-09,R,143,Philadelphia Phillies,4,144,Atlanta Braves,3,0,7,-1
778399,2025,2025-04-09,2025-04-09,R,108,Los Angeles Angels,4,139,Tampa Bay Rays,5,1,9,1
778371,2025,2025-04-10,2025-04-10,R,158,Milwaukee Brewers,2,115,Colorado Rockies,7,1,9,5
778373,2025,2025-04-10,2025-04-10,R,142,Minnesota Twins,2,118,Kansas City Royals,3,1,5,1
778377,2025,2025-04-10,2025-04-10,R,141,Toronto Blue Jays,3,111,Boston Red Sox,4,1,7,1
778378,2025,2025-04-10,2025-04-10,R,145,Chicago White Sox,1,114,Cleveland Guardians,6,1,7,5
778382,2025,2025-04-10,2025-04-10,R,108,Los Angeles Angels,11,139,Tampa Bay Rays,1,0,12,-10
778384,2025,2025-04-10,2025-04-10,R,143,Philadelphia Phillies,2,144,Atlanta Braves,4,1,6,2
778356,2025,2025-04-11,2025-04-11,R,112,Chicago Cubs,0,119,Los Angeles Dodgers,3,1,3,3
778358,2025,2025-04-11,2025-04-11,R,121,New York Mets,7,133,Athletics,6,0,13,-1
778360,2025,2025-04-11,2025-04-11,R,140,Texas Rangers,3,136,Seattle Mariners,5,1,8,2
778361,2025,2025-04-11,2025-04-11,R,115,Colorado Rockies,0,135,San Diego Padres,8,1,8,8
778363,2025,2025-04-11,2025-04-11,R,116,Detroit Tigers,7,142,Minnesota Twins,6,0,13,-1
778364,2025,2025-04-11,2025-04-11,R,158,Milwaukee Brewers,7,109,Arizona Diamondbacks,0,0,7,-7
778365,2025,2025-04-11,2025-04-11,R,143,Philadelphia Phillies,0,138,St. Louis Cardinals,2,1,2,2
778366,2025,2025-04-11,2025-04-11,R,111,Boston Red Sox,1,145,Chicago White Sox,11,1,12,10
778367,2025,2025-04-11,2025-04-11,R,144,Atlanta Braves,3,139,Tampa Bay Rays,6,1,9,3
778368,2025,2025-04-11,2025-04-11,R,108,Los Angeles Angels,3,117,Houston Astros,14,1,17,11
778369,2025,2025-04-11,2025-04-11,R,120,Washington Nationals,7,146,Miami Marlins,4,0,11,-3
778370,2025,2025-04-11,2025-04-11,R,137,San Francisco Giants,9,147,New York Yankees,1,0,10,-8
778374,2025,2025-04-11,2025-04-11,R,134,Pittsburgh Pirates,3,113,Cincinnati Reds,5,1,8,2
778375,2025,2025-04-11,2025-04-11,R,118,Kansas City Royals,0,114,Cleveland Guardians,7,1,7,7
778341,2025,2025-04-12,2025-04-12,R,140,Texas Rangers,2,136,Seattle Mariners,9,1,11,7
778345,2025,2025-04-12,2025-04-12,R,112,Chicago Cubs,16,119,Los Angeles Dodgers,0,0,16,-16
778346,2025,2025-04-12,2025-04-12,R,121,New York Mets,1,133,Athletics,3,1,4,2
778347,2025,2025-04-12,2025-04-12,R,143,Philadelphia Phillies,4,138,St. Louis Cardinals,1,0,5,-3
778348,2025,2025-04-12,2025-04-12,R,116,Detroit Tigers,4,142,Minnesota Twins,0,0,4,-4
778349,2025,2025-04-12,2025-04-12,R,111,Boston Red Sox,2,145,Chicago White Sox,3,1,5,1
778350,2025,2025-04-12,2025-04-12,R,158,Milwaukee Brewers,4,109,Arizona Diamondbacks,5,1,9,1
778351,2025,2025-04-12,2025-04-12,R,108,Los Angeles Angels,4,117,Houston Astros,1,0,5,-3
778352,2025,2025-04-12,2025-04-12,R,115,Colorado Rockies,0,135,San Diego Padres,2,1,2,2
778353,2025,2025-04-12,2025-04-12,R,144,Atlanta Braves,5,139,Tampa Bay Rays,4,0,9,-1
778354,2025,2025-04-12,2025-04-12,R,120,Washington Nationals,6,146,Miami Marlins,7,1,13,1
778355,2025,2025-04-12,2025-04-12,R,137,San Francisco Giants,4,147,New York Yankees,8,1,12,4
778357,2025,2025-04-12,2025-04-12,R,134,Pittsburgh Pirates,2,113,Cincinnati Reds,5,1,7,3
778359,2025,2025-04-12,2025-04-12,R,118,Kansas City Royals,3,114,Cleveland Guardians,6,1,9,3
778362,2025,2025-04-12,2025-04-12,R,141,Toronto Blue Jays,4,110,Baltimore Orioles,5,1,9,1
778329,2025,2025-04-13,2025-04-13,R,108,Los Angeles Angels,3,117,Houston Astros,7,1,10,4
778330,2025,2025-04-13,2025-04-13,R,115,Colorado Rockies,0,135,San Diego Padres,6,1,6,6
778331,2025,2025-04-13,2025-04-13,R,112,Chicago Cubs,4,119,Los Angeles Dodgers,2,0,6,-2
778332,2025,2025-04-13,2025-04-13,R,158,Milwaukee Brewers,2,109,Arizona Diamondbacks,5,1,7,3
778333,2025,2025-04-13,2025-04-13,R,121,New York Mets,8,133,Athletics,0,0,8,-8
778334,2025,2025-04-13,2025-04-13,R,140,Texas Rangers,1,136,Seattle Mariners,3,1,4,2
778335,2025,2025-04-13,2025-04-13,R,116,Detroit Tigers,1,142,Minnesota Twins,5,1,6,4
778336,2025,2025-04-13,2025-04-13,R,143,Philadelphia Phillies,0,138,St. Louis Cardinals,7,1,7,7
778337,2025,2025-04-13,2025-04-13,R,120,Washington Nationals,4,146,Miami Marlins,11,1,15,7
778338,2025,2025-04-13,2025-04-13,R,111,Boston Red Sox,3,145,Chicago White Sox,1,0,4,-2
778339,2025,2025-04-13,2025-04-13,R,137,San Francisco Giants,5,147,New York Yankees,4,0,9,-1
778340,2025,2025-04-13,2025-04-13,R,144,Atlanta Braves,3,139,Tampa Bay Rays,8,1,11,5
778342,2025,2025-04-13,2025-04-13,R,118,Kansas City Royals,4,114,Cleveland Guardians,2,0,6,-2
778343,2025,2025-04-13,2025-04-13,R,134,Pittsburgh Pirates,0,113,Cincinnati Reds,4,1,4,4
778344,2025,2025-04-13,2025-04-13,R,141,Toronto Blue Jays,7,110,Baltimore Orioles,6,0,13,-1
778315,2025,2025-04-14,2025-04-14,R,112,Chicago Cubs,4,135,San Diego Padres,10,1,14,6
778320,2025,2025-04-14,2025-04-14,R,137,San Francisco Giants,10,143,Philadelphia Phillies,4,0,14,-6
778321,2025,2025-04-14,2025-04-14,R,120,Washington Nationals,3,134,Pittsburgh Pirates,10,1,13,7
778322,2025,2025-04-14,2025-04-14,R,144,Atlanta Braves,8,141,Toronto Blue Jays,4,0,12,-4
778323,2025,2025-04-14,2025-04-14,R,116,Detroit Tigers,9,158,Milwaukee Brewers,1,0,10,-8
778324,2025,2025-04-14,2025-04-14,R,121,New York Mets,5,142,Minnesota Twins,1,0,6,-4
778325,2025,2025-04-14,2025-04-14,R,117,Houston Astros,3,138,St. Louis Cardinals,8,1,11,5
778326,2025,2025-04-14,2025-04-14,R,115,Colorado Rockies,3,119,Los Angeles Dodgers,5,1,8,2
778327,2025,2025-04-14,2025-04-14,R,118,Kansas City Royals,1,147,New York Yankees,4,1,5,3
778328,2025,2025-04-14,2025-04-14,R,111,Boston Red Sox,1,139,Tampa Bay Rays,16,1,17,15
778302,2025,2025-04-15,2025-04-15,R,115,Colorado Rockies,2,119,Los Angeles Dodgers,6,1,8,4
778305,2025,2025-04-15,2025-04-15,R,112,Chicago Cubs,2,135,San Diego Padres,1,0,3,-1
778306,2025,2025-04-15,2025-04-15,R,108,Los Angeles Angels,0,140,Texas Rangers,4,1,4,4
778307,2025,2025-04-15,2025-04-15,R,121,New York Mets,3,142,Minnesota Twins,6,1,9,3
778308,2025,2025-04-15,2025-04-15,R,117,Houston Astros,2,138,St. Louis Cardinals,0,0,2,-2
778309,2025,2025-04-15,2025-04-15,R,133,Athletics,12,145,Chicago White Sox,3,0,15,-9
778310,2025,2025-04-15,2025-04-15,R,116,Detroit Tigers,0,158,Milwaukee Brewers,5,1,5,5
778311,2025,2025-04-15,2025-04-15,R,144,Atlanta Braves,3,141,Toronto Blue Jays,6,1,9,3
778312,2025,2025-04-15,2025-04-15,R,118,Kansas City Royals,2,147,New York Yankees,4,1,6,2
778313,2025,2025-04-15,2025-04-15,R,137,San Francisco Giants,4,143,Philadelphia Phillies,6,1,10,2
778314,2025,2025-04-15,2025-04-15,R,120,Washington Nationals,3,134,Pittsburgh Pirates,0,0,3,-3
778316,2025,2025-04-15,2025-04-15,R,136,Seattle Mariners,4,113,Cincinnati Reds,8,1,12,4
778317,2025,2025-04-15,2025-04-15,R,114,Cleveland Guardians,6,110,Baltimore Orioles,3,0,9,-3
778318,2025,2025-04-15,2025-04-15,R,109,Arizona Diamondbacks,10,146,Miami Marlins,4,0,14,-6
778319,2025,2025-04-15,2025-04-15,R,111,Boston Red Sox,7,139,Tampa Bay Rays,4,0,11,-3
778287,2025,2025-04-16,2025-04-16,R,115,Colorado Rockies,7,119,Los Angeles Dodgers,8,1,15,1
778288,2025,2025-04-16,2025-04-16,R,112,Chicago Cubs,2,135,San Diego Padres,4,1,6,2
778289,2025,2025-04-16,2025-04-16,R,108,Los Angeles Angels,1,140,Texas Rangers,3,1,4,2
778290,2025,2025-04-16,2025-04-16,R,117,Houston Astros,1,138,St. Louis Cardinals,4,1,5,3
778293,2025,2025-04-16,2025-04-16,R,120,Washington Nationals,1,134,Pittsburgh Pirates,6,1,7,5
778294,2025,2025-04-16,2025-04-16,R,133,Athletics,3,145,Chicago White Sox,1,0,4,-2
778295,2025,2025-04-16,2025-04-16,R,116,Detroit Tigers,1,158,Milwaukee Brewers,5,1,6,4
778296,2025,2025-04-16,2025-04-16,R,137,San Francisco Giants,11,143,Philadelphia Phillies,4,0,15,-7
778297,2025,2025-04-16,2025-04-16,R,144,Atlanta Braves,1,141,Toronto Blue Jays,3,1,4,2
778298,2025,2025-04-16,2025-04-16,R,111,Boston Red Sox,1,139,Tampa Bay Rays,0,0,1,-1
778299,2025,2025-04-16,2025-04-16,R,121,New York Mets,3,142,Minnesota Twins,4,1,7,1
778300,2025,2025-04-16,2025-04-16,R,118,Kansas City Royals,3,147,New York Yankees,4,1,7,1
778301,2025,2025-04-16,2025-04-16,R,114,Cleveland Guardians,1,110,Baltimore Orioles,9,1,10,8
778303,2025,2025-04-16,2025-04-16,R,109,Arizona Diamondbacks,6,146,Miami Marlins,2,0,8,-4
778304,2025,2025-04-16,2025-04-16,R,136,Seattle Mariners,5,113,Cincinnati Reds,3,0,8,-2
778278,2025,2025-04-17,2025-04-17,R,138,St. Louis Cardinals,1,121,New York Mets,4,1,5,3
778279,2025,2025-04-17,2025-04-17,R,137,San Francisco Giants,4,143,Philadelphia Phillies,6,1,10,2
778280,2025,2025-04-17,2025-04-17,R,120,Washington Nationals,0,134,Pittsburgh Pirates,1,1,1,1
778281,2025,2025-04-17,2025-04-17,R,108,Los Angeles Angels,3,140,Texas Rangers,5,1,8,2
778282,2025,2025-04-17,2025-04-17,R,147,New York Yankees,6,139,Tampa Bay Rays,3,0,9,-3
778283,2025,2025-04-17,2025-04-17,R,133,Athletics,8,145,Chicago White Sox,0,0,8,-8
778285,2025,2025-04-17,2025-04-17,R,136,Seattle Mariners,11,113,Cincinnati Reds,7,0,18,-4
778286,2025,2025-04-17,2025-04-17,R,118,Kansas City Royals,1,116,Detroit Tigers,6,1,7,5
778291,2025,2025-04-17,2025-04-17,R,109,Arizona Diamondbacks,6,146,Miami Marlins,4,0,10,-2
778292,2025,2025-04-17,2025-04-17,R,114,Cleveland Guardians,2,110,Baltimore Orioles,6,1,8,4
778260,2025,2025-04-18,2025-04-18,R,137,San Francisco Giants,0,108,Los Angeles Angels,2,1,2,2
778261,2025,2025-04-18,2025-04-18,R,133,Athletics,3,158,Milwaukee Brewers,5,1,8,2
778263,2025,2025-04-18,2025-04-18,R,119,Los Angeles Dodgers,3,140,Texas Rangers,0,0,3,-3
778268,2025,2025-04-18,2025-04-18,R,109,Arizona Diamondbacks,11,112,Chicago Cubs,13,1,24,2
778269,2025,2025-04-18,2025-04-18,R,135,San Diego Padres,4,117,Houston Astros,6,1,10,2
778270,2025,2025-04-18,2025-04-18,R,138,St. Louis Cardinals,4,121,New York Mets,5,1,9,1
778271,2025,2025-04-18,2025-04-18,R,114,Cleveland Guardians,10,134,Pittsburgh Pirates,7,0,17,-3
778272,2025,2025-04-18,2025-04-18,R,147,New York Yankees,1,139,Tampa Bay Rays,0,0,1,-1
778273,2025,2025-04-18,2025-04-18,R,136,Seattle Mariners,1,141,Toronto Blue Jays,3,1,4,2
778274,2025,2025-04-18,2025-04-18,R,146,Miami Marlins,2,143,Philadelphia Phillies,7,1,9,5
778275,2025,2025-04-18,2025-04-18,R,145,Chicago White Sox,3,111,Boston Red Sox,10,1,13,7
778276,2025,2025-04-18,2025-04-18,R,113,Cincinnati Reds,8,110,Baltimore Orioles,3,0,11,-5
778277,2025,2025-04-18,2025-04-18,R,118,Kansas City Royals,3,116,Detroit Tigers,7,1,10,4
778284,2025,2025-04-18,2025-04-18,R,142,Minnesota Twins,4,144,Atlanta Braves,6,1,10,2
778243,2025,2025-04-19,2025-04-19,R,137,San Francisco Giants,3,108,Los Angeles Angels,2,0,5,-1
778247,2025,2025-04-19,2025-04-19,R,120,Washington Nationals,12,115,Colorado Rockies,11,0,23,-1
778251,2025,2025-04-19,2025-04-19,R,119,Los Angeles Dodgers,3,140,Texas Rangers,4,1,7,1
778252,2025,2025-04-19,2025-04-19,R,146,Miami Marlins,10,143,Philadelphia Phillies,11,1,21,1
778253,2025,2025-04-19,2025-04-19,R,133,Athletics,3,158,Milwaukee Brewers,1,0,4,-2
778254,2025,2025-04-19,2025-04-19,R,114,Cleveland Guardians,3,134,Pittsburgh Pirates,0,0,3,-3
778255,2025,2025-04-19,2025-04-19,R,147,New York Yankees,8,139,Tampa Bay Rays,10,1,18,2
778256,2025,2025-04-19,2025-04-19,R,138,St. Louis Cardinals,0,121,New York Mets,3,1,3,3
778257,2025,2025-04-19,2025-04-19,R,109,Arizona Diamondbacks,2,112,Chicago Cubs,6,1,8,4
778258,2025,2025-04-19,2025-04-19,R,136,Seattle Mariners,8,141,Toronto Blue Jays,4,0,12,-4
778259,2025,2025-04-19,2025-04-19,R,135,San Diego Padres,2,117,Houston Astros,3,1,5,1
778262,2025,2025-04-19,2025-04-19,R,113,Cincinnati Reds,5,110,Baltimore Orioles,9,1,14,4
778264,2025,2025-04-19,2025-04-19,R,145,Chicago White Sox,3,111,Boston Red Sox,4,1,7,1
778265,2025,2025-04-19,2025-04-19,R,118,Kansas City Royals,1,116,Detroit Tigers,3,1,4,2
778267,2025,2025-04-19,2025-04-19,R,142,Minnesota Twins,3,144,Atlanta Braves,4,1,7,1
778232,2025,2025-04-20,2025-04-20,R,137,San Francisco Giants,4,108,Los Angeles Angels,5,1,9,1
778234,2025,2025-04-20,2025-04-20,R,119,Los Angeles Dodgers,1,140,Texas Rangers,0,0,1,-1
778235,2025,2025-04-20,2025-04-20,R,120,Washington Nationals,3,115,Colorado Rockies,2,0,5,-1
778236,2025,2025-04-20,2025-04-20,R,109,Arizona Diamondbacks,3,112,Chicago Cubs,2,0,5,-1
778237,2025,2025-04-20,2025-04-20,R,135,San Diego Padres,3,117,Houston Astros,2,0,5,-1
778239,2025,2025-04-20,2025-04-20,R,133,Athletics,1,158,Milwaukee Brewers,14,1,15,13
778240,2025,2025-04-20,2025-04-20,R,147,New York Yankees,4,139,Tampa Bay Rays,0,0,4,-4
778241,2025,2025-04-20,2025-04-20,R,136,Seattle Mariners,8,141,Toronto Blue Jays,3,0,11,-5
778242,2025,2025-04-20,2025-04-20,R,114,Cleveland Guardians,5,134,Pittsburgh Pirates,4,0,9,-1
778244,2025,2025-04-20,2025-04-20,R,138,St. Louis Cardinals,4,121,New York Mets,7,1,11,3
778245,2025,2025-04-20,2025-04-20,R,145,Chicago White Sox,8,111,Boston Red Sox,4,0,12,-4
778246,2025,2025-04-20,2025-04-20,R,118,Kansas City Royals,4,116,Detroit Tigers,3,0,7,-1
778248,2025,2025-04-20,2025-04-20,R,146,Miami Marlins,7,143,Philadelphia Phillies,5,0,12,-2
778249,2025,2025-04-20,2025-04-20,R,142,Minnesota Twins,2,144,Atlanta Braves,6,1,8,4
778250,2025,2025-04-20,2025-04-20,R,113,Cincinnati Reds,24,110,Baltimore Orioles,2,0,26,-22
778266,2025,2025-04-20,2025-04-20,R,120,Washington Nationals,1,115,Colorado Rockies,3,1,4,2
778225,2025,2025-04-21,2025-04-21,R,143,Philadelphia Phillies,4,121,New York Mets,5,1,9,1
778226,2025,2025-04-21,2025-04-21,R,158,Milwaukee Brewers,2,137,San Francisco Giants,5,1,7,3
778227,2025,2025-04-21,2025-04-21,R,147,New York Yankees,4,114,Cleveland Guardians,6,1,10,2
778228,2025,2025-04-21,2025-04-21,R,135,San Diego Padres,4,116,Detroit Tigers,6,1,10,2
778230,2025,2025-04-21,2025-04-21,R,113,Cincinnati Reds,3,146,Miami Marlins,6,1,9,3
778231,2025,2025-04-21,2025-04-21,R,141,Toronto Blue Jays,0,117,Houston Astros,7,1,7,7
778233,2025,2025-04-21,2025-04-21,R,138,St. Louis Cardinals,6,144,Atlanta Braves,7,1,13,1
778238,2025,2025-04-21,2025-04-21,R,145,Chicago White Sox,2,111,Boston Red Sox,4,1,6,2
778210,2025,2025-04-22,2025-04-22,R,158,Milwaukee Brewers,11,137,San Francisco Giants,3,0,14,-8
778211,2025,2025-04-22,2025-04-22,R,134,Pittsburgh Pirates,9,108,Los Angeles Angels,3,0,12,-6
778212,2025,2025-04-22,2025-04-22,R,139,Tampa Bay Rays,1,109,Arizona Diamondbacks,5,1,6,4
778213,2025,2025-04-22,2025-04-22,R,140,Texas Rangers,8,133,Athletics,5,0,13,-3
778215,2025,2025-04-22,2025-04-22,R,115,Colorado Rockies,3,118,Kansas City Royals,4,1,7,1
778216,2025,2025-04-22,2025-04-22,R,145,Chicago White Sox,2,142,Minnesota Twins,4,1,6,2
778217,2025,2025-04-22,2025-04-22,R,141,Toronto Blue Jays,1,117,Houston Astros,5,1,6,4
778218,2025,2025-04-22,2025-04-22,R,147,New York Yankees,2,114,Cleveland Guardians,3,1,5,1
778219,2025,2025-04-22,2025-04-22,R,113,Cincinnati Reds,3,146,Miami Marlins,4,1,7,1
778220,2025,2025-04-22,2025-04-22,R,119,Los Angeles Dodgers,10,112,Chicago Cubs,11,1,21,1
778221,2025,2025-04-22,2025-04-22,R,135,San Diego Padres,2,116,Detroit Tigers,0,0,2,-2
778222,2025,2025-04-22,2025-04-22,R,110,Baltimore Orioles,0,120,Washington Nationals,7,1,7,7
778223,2025,2025-04-22,2025-04-22,R,143,Philadelphia Phillies,1,121,New York Mets,5,1,6,4
778224,2025,2025-04-22,2025-04-22,R,136,Seattle Mariners,3,111,Boston Red Sox,8,1,11,5
778229,2025,2025-04-22,2025-04-22,R,138,St. Louis Cardinals,10,144,Atlanta Braves,4,0,14,-6
778197,2025,2025-04-23,2025-04-23,R,140,Texas Rangers,2,133,Athletics,5,1,7,3
778198,2025,2025-04-23,2025-04-23,R,158,Milwaukee Brewers,2,137,San Francisco Giants,4,1,6,2
778199,2025,2025-04-23,2025-04-23,R,139,Tampa Bay Rays,7,109,Arizona Diamondbacks,6,0,13,-1
778200,2025,2025-04-23,2025-04-23,R,141,Toronto Blue Jays,1,117,Houston Astros,3,1,4,2
778201,2025,2025-04-23,2025-04-23,R,145,Chicago White Sox,3,142,Minnesota Twins,6,1,9,3
778202,2025,2025-04-23,2025-04-23,R,134,Pittsburgh Pirates,3,108,Los Angeles Angels,0,0,3,-3
778203,2025,2025-04-23,2025-04-23,R,143,Philadelphia Phillies,3,121,New York Mets,4,1,7,1
778204,2025,2025-04-23,2025-04-23,R,110,Baltimore Orioles,3,120,Washington Nationals,4,1,7,1
778205,2025,2025-04-23,2025-04-23,R,119,Los Angeles Dodgers,6,112,Chicago Cubs,7,1,13,1
778206,2025,2025-04-23,2025-04-23,R,147,New York Yankees,5,114,Cleveland Guardians,1,0,6,-4
778207,2025,2025-04-23,2025-04-23,R,136,Seattle Mariners,8,111,Boston Red Sox,5,0,13,-3
778208,2025,2025-04-23,2025-04-23,R,113,Cincinnati Reds,5,146,Miami Marlins,2,0,7,-3
778209,2025,2025-04-23,2025-04-23,R,135,San Diego Padres,0,116,Detroit Tigers,6,1,6,6
778214,2025,2025-04-23,2025-04-23,R,138,St. Louis Cardinals,1,144,Atlanta Braves,4,1,5,3
778188,2025,2025-04-24,2025-04-24,R,139,Tampa Bay Rays,7,109,Arizona Diamondbacks,4,0,11,-3
778189,2025,2025-04-24,2025-04-24,R,145,Chicago White Sox,3,142,Minnesota Twins,0,0,3,-3
778190,2025,2025-04-24,2025-04-24,R,115,Colorado Rockies,4,118,Kansas City Royals,7,1,11,3
778191,2025,2025-04-24,2025-04-24,R,134,Pittsburgh Pirates,3,108,Los Angeles Angels,4,1,7,1
778192,2025,2025-04-24,2025-04-24,R,140,Texas Rangers,3,133,Athletics,4,1,7,1
778193,2025,2025-04-24,2025-04-24,R,110,Baltimore Orioles,2,120,Washington Nationals,1,0,3,-1
778194,2025,2025-04-24,2025-04-24,R,158,Milwaukee Brewers,5,137,San Francisco Giants,6,1,11,1
778195,2025,2025-04-24,2025-04-24,R,115,Colorado Rockies,2,118,Kansas City Royals,6,1,8,4
778196,2025,2025-04-24,2025-04-24,R,136,Seattle Mariners,4,111,Boston Red Sox,3,0,7,-1
778171,2025,2025-04-25,2025-04-25,R,140,Texas Rangers,2,137,San Francisco Giants,0,0,2,-2
778172,2025,2025-04-25,2025-04-25,R,139,Tampa Bay Rays,1,135,San Diego Padres,0,0,1,-1
778175,2025,2025-04-25,2025-04-25,R,146,Miami Marlins,8,136,Seattle Mariners,4,0,12,-4
778176,2025,2025-04-25,2025-04-25,R,134,Pittsburgh Pirates,3,119,Los Angeles Dodgers,0,0,3,-3
778177,2025,2025-04-25,2025-04-25,R,144,Atlanta Braves,8,109,Arizona Diamondbacks,2,0,10,-6
778178,2025,2025-04-25,2025-04-25,R,145,Chicago White Sox,5,133,Athletics,6,1,11,1
778181,2025,2025-04-25,2025-04-25,R,113,Cincinnati Reds,8,115,Colorado Rockies,7,0,15,-1
778182,2025,2025-04-25,2025-04-25,R,143,Philadelphia Phillies,0,112,Chicago Cubs,4,1,4,4
778183,2025,2025-04-25,2025-04-25,R,121,New York Mets,4,120,Washington Nationals,5,1,9,1
778184,2025,2025-04-25,2025-04-25,R,158,Milwaukee Brewers,2,138,St. Louis Cardinals,3,1,5,1
778185,2025,2025-04-25,2025-04-25,R,141,Toronto Blue Jays,4,147,New York Yankees,2,0,6,-2
778186,2025,2025-04-25,2025-04-25,R,108,Los Angeles Angels,4,142,Minnesota Twins,11,1,15,7
778187,2025,2025-04-25,2025-04-25,R,117,Houston Astros,0,118,Kansas City Royals,2,1,2,2
778154,2025,2025-04-26,2025-04-26,R,146,Miami Marlins,0,136,Seattle Mariners,14,1,14,14
778159,2025,2025-04-26,2025-04-26,R,140,Texas Rangers,2,137,San Francisco Giants,3,1,5,1
778160,2025,2025-04-26,2025-04-26,R,139,Tampa Bay Rays,4,135,San Diego Padres,1,0,5,-3
778161,2025,2025-04-26,2025-04-26,R,113,Cincinnati Reds,6,115,Colorado Rockies,4,0,10,-2
778162,2025,2025-04-26,2025-04-26,R,144,Atlanta Braves,8,109,Arizona Diamondbacks,7,0,15,-1
778163,2025,2025-04-26,2025-04-26,R,134,Pittsburgh Pirates,4,119,Los Angeles Dodgers,8,1,12,4
778164,2025,2025-04-26,2025-04-26,R,158,Milwaukee Brewers,5,138,St. Louis Cardinals,6,1,11,1
778165,2025,2025-04-26,2025-04-26,R,145,Chicago White Sox,10,133,Athletics,3,0,13,-7
778166,2025,2025-04-26,2025-04-26,R,108,Los Angeles Angels,1,142,Minnesota Twins,5,1,6,4
778167,2025,2025-04-26,2025-04-26,R,117,Houston Astros,0,118,Kansas City Royals,2,1,2,2
778168,2025,2025-04-26,2025-04-26,R,110,Baltimore Orioles,3,116,Detroit Tigers,4,1,7,1
778169,2025,2025-04-26,2025-04-26,R,111,Boston Red Sox,7,114,Cleveland Guardians,3,0,10,-4
778173,2025,2025-04-26,2025-04-26,R,121,New York Mets,2,120,Washington Nationals,0,0,2,-2
778174,2025,2025-04-26,2025-04-26,R,143,Philadelphia Phillies,10,112,Chicago Cubs,4,0,14,-6
778179,2025,2025-04-26,2025-04-26,R,111,Boston Red Sox,4,114,Cleveland Guardians,5,1,9,1
778180,2025,2025-04-26,2025-04-26,R,110,Baltimore Orioles,2,116,Detroit Tigers,6,1,8,4
778136,2025,2025-04-27,2025-04-27,R,146,Miami Marlins,6,136,Seattle Mariners,7,1,13,1
778144,2025,2025-04-27,2025-04-27,R,108,Los Angeles Angels,0,142,Minnesota Twins,5,1,5,5
778145,2025,2025-04-27,2025-04-27,R,134,Pittsburgh Pirates,2,119,Los Angeles Dodgers,9,1,11,7
778146,2025,2025-04-27,2025-04-27,R,139,Tampa Bay Rays,4,135,San Diego Padres,2,0,6,-2
778147,2025,2025-04-27,2025-04-27,R,144,Atlanta Braves,4,109,Arizona Diamondbacks,6,1,10,2
778148,2025,2025-04-27,2025-04-27,R,113,Cincinnati Reds,8,115,Colorado Rockies,1,0,9,-7
778149,2025,2025-04-27,2025-04-27,R,145,Chicago White Sox,2,133,Athletics,3,1,5,1
778150,2025,2025-04-27,2025-04-27,R,158,Milwaukee Brewers,7,138,St. Louis Cardinals,1,0,8,-6
778151,2025,2025-04-27,2025-04-27,R,140,Texas Rangers,2,137,San Francisco Giants,3,1,5,1
778152,2025,2025-04-27,2025-04-27,R,117,Houston Astros,7,118,Kansas City Royals,3,0,10,-4
778153,2025,2025-04-27,2025-04-27,R,121,New York Mets,7,120,Washington Nationals,8,1,15,1
778155,2025,2025-04-27,2025-04-27,R,110,Baltimore Orioles,0,116,Detroit Tigers,7,1,7,7
778156,2025,2025-04-27,2025-04-27,R,141,Toronto Blue Jays,2,147,New York Yankees,11,1,13,9
778157,2025,2025-04-27,2025-04-27,R,111,Boston Red Sox,13,114,Cleveland Guardians,3,0,16,-10
778158,2025,2025-04-27,2025-04-27,R,143,Philadelphia Phillies,3,112,Chicago Cubs,1,0,4,-2
778170,2025,2025-04-27,2025-04-27,R,141,Toronto Blue Jays,1,147,New York Yankees,5,1,6,4
778132,2025,2025-04-28,2025-04-28,R,146,Miami Marlins,6,119,Los Angeles Dodgers,7,1,13,1
778137,2025,2025-04-28,2025-04-28,R,144,Atlanta Braves,6,115,Colorado Rockies,3,0,9,-3
778138,2025,2025-04-28,2025-04-28,R,121,New York Mets,19,120,Washington Nationals,5,0,24,-14
778139,2025,2025-04-28,2025-04-28,R,142,Minnesota Twins,11,114,Cleveland Guardians,1,0,12,-10
778140,2025,2025-04-28,2025-04-28,R,147,New York Yankees,3,110,Baltimore Orioles,4,1,7,1
778141,2025,2025-04-28,2025-04-28,R,138,St. Louis Cardinals,1,113,Cincinnati Reds,3,1,4,2
778142,2025,2025-04-28,2025-04-28,R,116,Detroit Tigers,5,117,Houston Astros,8,1,13,3
778143,2025,2025-04-28,2025-04-28,R,133,Athletics,2,140,Texas Rangers,1,0,3,-1
778120,2025,2025-04-29,2025-04-29,R,144,Atlanta Braves,8,115,Colorado Rockies,2,0,10,-6
778121,2025,2025-04-29,2025-04-29,R,108,Los Angeles Angels,3,136,Seattle Mariners,5,1,8,2
778122,2025,2025-04-29,2025-04-29,R,133,Athletics,2,140,Texas Rangers,15,1,17,13
778123,2025,2025-04-29,2025-04-29,R,146,Miami Marlins,2,119,Los Angeles Dodgers,15,1,17,13
778124,2025,2025-04-29,2025-04-29,R,116,Detroit Tigers,4,117,Houston Astros,6,1,10,2
778125,2025,2025-04-29,2025-04-29,R,158,Milwaukee Brewers,7,145,Chicago White Sox,2,0,9,-5
778126,2025,2025-04-29,2025-04-29,R,137,San Francisco Giants,4,135,San Diego Padres,7,1,11,3
778127,2025,2025-04-29,2025-04-29,R,111,Boston Red Sox,10,141,Toronto Blue Jays,2,0,12,-8
778128,2025,2025-04-29,2025-04-29,R,118,Kansas City Royals,3,139,Tampa Bay Rays,1,0,4,-2
778129,2025,2025-04-29,2025-04-29,R,142,Minnesota Twins,1,114,Cleveland Guardians,2,1,3,1
778130,2025,2025-04-29,2025-04-29,R,109,Arizona Diamondbacks,3,121,New York Mets,8,1,11,5
778131,2025,2025-04-29,2025-04-29,R,120,Washington Nationals,6,143,Philadelphia Phillies,7,1,13,1
778133,2025,2025-04-29,2025-04-29,R,147,New York Yankees,15,110,Baltimore Orioles,3,0,18,-12
778135,2025,2025-04-29,2025-04-29,R,112,Chicago Cubs,9,134,Pittsburgh Pirates,0,0,9,-9
778102,2025,2025-04-30,2025-04-30,R,144,Atlanta Braves,1,115,Colorado Rockies,2,1,3,1
778104,2025,2025-04-30,2025-04-30,R,108,Los Angeles Angels,3,136,Seattle Mariners,9,1,12,6
778105,2025,2025-04-30,2025-04-30,R,137,San Francisco Giants,3,135,San Diego Padres,5,1,8,2
778106,2025,2025-04-30,2025-04-30,R,133,Athletics,7,140,Texas Rangers,1,0,8,-6
778109,2025,2025-04-30,2025-04-30,R,146,Miami Marlins,7,119,Los Angeles Dodgers,12,1,19,5
778110,2025,2025-04-30,2025-04-30,R,116,Detroit Tigers,7,117,Houston Astros,4,0,11,-3
778111,2025,2025-04-30,2025-04-30,R,158,Milwaukee Brewers,6,145,Chicago White Sox,4,0,10,-2
778112,2025,2025-04-30,2025-04-30,R,112,Chicago Cubs,3,134,Pittsburgh Pirates,4,1,7,1
778113,2025,2025-04-30,2025-04-30,R,118,Kansas City Royals,3,139,Tampa Bay Rays,0,0,3,-3
778114,2025,2025-04-30,2025-04-30,R,111,Boston Red Sox,6,141,Toronto Blue Jays,7,1,13,1
778115,2025,2025-04-30,2025-04-30,R,147,New York Yankees,4,110,Baltimore Orioles,5,1,9,1
778116,2025,2025-04-30,2025-04-30,R,142,Minnesota Twins,2,114,Cleveland Guardians,4,1,6,2
778117,2025,2025-04-30,2025-04-30,R,109,Arizona Diamondbacks,4,121,New York Mets,3,0,7,-1
778118,2025,2025-04-30,2025-04-30,R,120,Washington Nationals,2,143,Philadelphia Phillies,7,1,9,5
778119,2025,2025-04-30,2025-04-30,R,138,St. Louis Cardinals,9,113,Cincinnati Reds,1,0,10,-8
778134,2025,2025-04-30,2025-04-30,R,138,St. Louis Cardinals,6,113,Cincinnati Reds,0,0,6,-6
778094,2025,2025-05-01,2025-05-01,R,158,Milwaukee Brewers,0,145,Chicago White Sox,8,1,8,8
778095,2025,2025-05-01,2025-05-01,R,111,Boston Red Sox,2,141,Toronto Blue Jays,4,1,6,2
778096,2025,2025-05-01,2025-05-01,R,133,Athletics,3,140,Texas Rangers,0,0,3,-3
778097,2025,2025-05-01,2025-05-01,R,118,Kansas City Royals,8,139,Tampa Bay Rays,2,0,10,-6
778098,2025,2025-05-01,2025-05-01,R,115,Colorado Rockies,4,137,San Francisco Giants,3,0,7,-1
778099,2025,2025-05-01,2025-05-01,R,120,Washington Nationals,4,143,Philadelphia Phillies,2,0,6,-2
778100,2025,2025-05-01,2025-05-01,R,112,Chicago Cubs,8,134,Pittsburgh Pirates,3,0,11,-5
778101,2025,2025-05-01,2025-05-01,R,116,Detroit Tigers,10,108,Los Angeles Angels,4,0,14,-6
778103,2025,2025-05-01,2025-05-01,R,109,Arizona Diamondbacks,4,121,New York Mets,2,0,6,-2
778107,2025,2025-05-01,2025-05-01,R,138,St. Louis Cardinals,1,113,Cincinnati Reds,9,1,10,8
778108,2025,2025-05-01,2025-05-01,R,142,Minnesota Twins,3,114,Cleveland Guardians,4,1,7,1
778079,2025,2025-05-02,2025-05-02,R,117,Houston Astros,3,145,Chicago White Sox,7,1,10,4
778080,2025,2025-05-02,2025-05-02,R,112,Chicago Cubs,10,158,Milwaukee Brewers,0,0,10,-10
778081,2025,2025-05-02,2025-05-02,R,114,Cleveland Guardians,3,141,Toronto Blue Jays,5,1,8,2
778082,2025,2025-05-02,2025-05-02,R,115,Colorado Rockies,0,137,San Francisco Giants,4,1,4,4
778083,2025,2025-05-02,2025-05-02,R,136,Seattle Mariners,13,140,Texas Rangers,1,0,14,-12
778084,2025,2025-05-02,2025-05-02,R,121,New York Mets,9,138,St. Louis Cardinals,3,0,12,-6
778085,2025,2025-05-02,2025-05-02,R,116,Detroit Tigers,9,108,Los Angeles Angels,1,0,10,-8
778086,2025,2025-05-02,2025-05-02,R,109,Arizona Diamondbacks,2,143,Philadelphia Phillies,3,1,5,1
778087,2025,2025-05-02,2025-05-02,R,120,Washington Nationals,1,113,Cincinnati Reds,6,1,7,5
778088,2025,2025-05-02,2025-05-02,R,139,Tampa Bay Rays,0,147,New York Yankees,3,1,3,3
778089,2025,2025-05-02,2025-05-02,R,142,Minnesota Twins,1,111,Boston Red Sox,6,1,7,5
778090,2025,2025-05-02,2025-05-02,R,135,San Diego Padres,9,134,Pittsburgh Pirates,4,0,13,-5
778091,2025,2025-05-02,2025-05-02,R,133,Athletics,6,146,Miami Marlins,1,0,7,-5
778092,2025,2025-05-02,2025-05-02,R,119,Los Angeles Dodgers,2,144,Atlanta Braves,1,0,3,-1
778093,2025,2025-05-02,2025-05-02,R,118,Kansas City Royals,0,110,Baltimore Orioles,3,1,3,3
778064,2025,2025-05-03,2025-05-03,R,114,Cleveland Guardians,5,141,Toronto Blue Jays,3,0,8,-2
778065,2025,2025-05-03,2025-05-03,R,135,San Diego Padres,2,134,Pittsburgh Pirates,1,0,3,-1
778066,2025,2025-05-03,2025-05-03,R,117,Houston Astros,8,145,Chicago White Sox,3,0,11,-5
778067,2025,2025-05-03,2025-05-03,R,116,Detroit Tigers,2,108,Los Angeles Angels,5,1,7,3
778069,2025,2025-05-03,2025-05-03,R,115,Colorado Rockies,3,137,San Francisco Giants,6,1,9,3
778070,2025,2025-05-03,2025-05-03,R,136,Seattle Mariners,2,140,Texas Rangers,1,0,3,-1
778071,2025,2025-05-03,2025-05-03,R,112,Chicago Cubs,6,158,Milwaukee Brewers,2,0,8,-4
778072,2025,2025-05-03,2025-05-03,R,118,Kansas City Royals,4,110,Baltimore Orioles,0,0,4,-4
778073,2025,2025-05-03,2025-05-03,R,142,Minnesota Twins,4,111,Boston Red Sox,3,0,7,-1
778074,2025,2025-05-03,2025-05-03,R,139,Tampa Bay Rays,3,147,New York Yankees,2,0,5,-1
778075,2025,2025-05-03,2025-05-03,R,133,Athletics,6,146,Miami Marlins,9,1,15,3
778076,2025,2025-05-03,2025-05-03,R,119,Los Angeles Dodgers,10,144,Atlanta Braves,3,0,13,-7
778077,2025,2025-05-03,2025-05-03,R,120,Washington Nationals,11,113,Cincinnati Reds,6,0,17,-5
778078,2025,2025-05-03,2025-05-03,R,109,Arizona Diamondbacks,2,143,Philadelphia Phillies,7,1,9,5
778048,2025,2025-05-04,2025-05-04,R,115,Colorado Rockies,3,137,San Francisco Giants,9,1,12,6
778050,2025,2025-05-04,2025-05-04,R,116,Detroit Tigers,13,108,Los Angeles Angels,1,0,14,-12
778051,2025,2025-05-04,2025-05-04,R,135,San Diego Padres,4,134,Pittsburgh Pirates,0,0,4,-4
778052,2025,2025-05-04,2025-05-04,R,136,Seattle Mariners,1,140,Texas Rangers,8,1,9,7
778053,2025,2025-05-04,2025-05-04,R,121,New York Mets,5,138,St. Louis Cardinals,6,1,11,1
778054,2025,2025-05-04,2025-05-04,R,112,Chicago Cubs,0,158,Milwaukee Brewers,4,1,4,4
778055,2025,2025-05-04,2025-05-04,R,117,Houston Astros,4,145,Chicago White Sox,5,1,9,1
778056,2025,2025-05-04,2025-05-04,R,114,Cleveland Guardians,5,141,Toronto Blue Jays,4,0,9,-1
778057,2025,2025-05-04,2025-05-04,R,139,Tampa Bay Rays,7,147,New York Yankees,5,0,12,-2
778058,2025,2025-05-04,2025-05-04,R,120,Washington Nationals,4,113,Cincinnati Reds,1,0,5,-3
778059,2025,2025-05-04,2025-05-04,R,109,Arizona Diamondbacks,11,143,Philadelphia Phillies,9,0,20,-2
778060,2025,2025-05-04,2025-05-04,R,119,Los Angeles Dodgers,3,144,Atlanta Braves,4,1,7,1
778061,2025,2025-05-04,2025-05-04,R,133,Athletics,3,146,Miami Marlins,2,0,5,-1
778062,2025,2025-05-04,2025-05-04,R,118,Kansas City Royals,11,110,Baltimore Orioles,6,0,17,-5
778063,2025,2025-05-04,2025-05-04,R,142,Minnesota Twins,5,111,Boston Red Sox,4,0,9,-1
778068,2025,2025-05-04,2025-05-04,R,121,New York Mets,4,138,St. Louis Cardinals,5,1,9,1
778036,2025,2025-05-05,2025-05-05,R,134,Pittsburgh Pirates,3,138,St. Louis Cardinals,6,1,9,3
778038,2025,2025-05-05,2025-05-05,R,136,Seattle Mariners,6,133,Athletics,7,1,13,1
778039,2025,2025-05-05,2025-05-05,R,121,New York Mets,5,109,Arizona Diamondbacks,4,0,9,-1
778042,2025,2025-05-05,2025-05-05,R,117,Houston Astros,1,158,Milwaukee Brewers,5,1,6,4
778043,2025,2025-05-05,2025-05-05,R,145,Chicago White Sox,0,118,Kansas City Royals,3,1,3,3
778044,2025,2025-05-05,2025-05-05,R,137,San Francisco Giants,2,112,Chicago Cubs,9,1,11,7
778045,2025,2025-05-05,2025-05-05,R,135,San Diego Padres,4,147,New York Yankees,3,0,7,-1
778047,2025,2025-05-05,2025-05-05,R,119,Los Angeles Dodgers,7,146,Miami Marlins,4,0,11,-3
778049,2025,2025-05-05,2025-05-05,R,113,Cincinnati Reds,0,144,Atlanta Braves,4,1,4,4
778024,2025,2025-05-06,2025-05-06,R,136,Seattle Mariners,5,133,Athletics,3,0,8,-2
778025,2025,2025-05-06,2025-05-06,R,141,Toronto Blue Jays,3,108,Los Angeles Angels,8,1,11,5
778026,2025,2025-05-06,2025-05-06,R,114,Cleveland Guardians,9,120,Washington Nationals,10,1,19,1
778027,2025,2025-05-06,2025-05-06,R,137,San Francisco Giants,14,112,Chicago Cubs,5,0,19,-9
778028,2025,2025-05-06,2025-05-06,R,110,Baltimore Orioles,1,142,Minnesota Twins,9,1,10,8
778030,2025,2025-05-06,2025-05-06,R,134,Pittsburgh Pirates,1,138,St. Louis Cardinals,2,1,3,1
778031,2025,2025-05-06,2025-05-06,R,117,Houston Astros,3,158,Milwaukee Brewers,4,1,7,1
778032,2025,2025-05-06,2025-05-06,R,121,New York Mets,1,109,Arizona Diamondbacks,5,1,6,4
778033,2025,2025-05-06,2025-05-06,R,145,Chicago White Sox,3,118,Kansas City Royals,4,1,7,1
778034,2025,2025-05-06,2025-05-06,R,113,Cincinnati Reds,1,144,Atlanta Braves,2,1,3,1
778035,2025,2025-05-06,2025-05-06,R,119,Los Angeles Dodgers,4,146,Miami Marlins,5,1,9,1
778037,2025,2025-05-06,2025-05-06,R,140,Texas Rangers,6,111,Boston Red Sox,1,0,7,-5
778040,2025,2025-05-06,2025-05-06,R,143,Philadelphia Phillies,8,139,Tampa Bay Rays,4,0,12,-4
778041,2025,2025-05-06,2025-05-06,R,135,San Diego Padres,3,147,New York Yankees,12,1,15,9
778046,2025,2025-05-06,2025-05-06,R,114,Cleveland Guardians,9,120,Washington Nationals,1,0,10,-8
778009,2025,2025-05-07,2025-05-07,R,141,Toronto Blue Jays,4,108,Los Angeles Angels,5,1,9,1
778010,2025,2025-05-07,2025-05-07,R,136,Seattle Mariners,6,133,Athletics,5,0,11,-1
778011,2025,2025-05-07,2025-05-07,R,110,Baltimore Orioles,2,142,Minnesota Twins,5,1,7,3
778012,2025,2025-05-07,2025-05-07,R,145,Chicago White Sox,1,118,Kansas City Royals,2,1,3,1
778013,2025,2025-05-07,2025-05-07,R,116,Detroit Tigers,8,115,Colorado Rockies,6,0,14,-2
778014,2025,2025-05-07,2025-05-07,R,121,New York Mets,7,109,Arizona Diamondbacks,1,0,8,-6
778015,2025,2025-05-07,2025-05-07,R,117,Houston Astros,9,158,Milwaukee Brewers,1,0,10,-8
778016,2025,2025-05-07,2025-05-07,R,134,Pittsburgh Pirates,0,138,St. Louis Cardinals,5,1,5,5
778017,2025,2025-05-07,2025-05-07,R,119,Los Angeles Dodgers,10,146,Miami Marlins,1,0,11,-9
778018,2025,2025-05-07,2025-05-07,R,140,Texas Rangers,4,111,Boston Red Sox,6,1,10,2
778019,2025,2025-05-07,2025-05-07,R,135,San Diego Padres,3,147,New York Yankees,4,1,7,1
778020,2025,2025-05-07,2025-05-07,R,137,San Francisco Giants,3,112,Chicago Cubs,1,0,4,-2
778021,2025,2025-05-07,2025-05-07,R,143,Philadelphia Phillies,7,139,Tampa Bay Rays,0,0,7,-7
778022,2025,2025-05-07,2025-05-07,R,114,Cleveland Guardians,8,120,Washington Nationals,6,0,14,-2
778023,2025,2025-05-07,2025-05-07,R,113,Cincinnati Reds,4,144,Atlanta Braves,3,0,7,-1
777999,2025,2025-05-08,2025-05-08,R,119,Los Angeles Dodgers,3,109,Arizona Diamondbacks,5,1,8,2
778000,2025,2025-05-08,2025-05-08,R,141,Toronto Blue Jays,8,108,Los Angeles Angels,5,0,13,-3
778003,2025,2025-05-08,2025-05-08,R,113,Cincinnati Reds,4,144,Atlanta Braves,5,1,9,1
778004,2025,2025-05-08,2025-05-08,R,116,Detroit Tigers,10,115,Colorado Rockies,2,0,12,-8
778005,2025,2025-05-08,2025-05-08,R,143,Philadelphia Phillies,7,139,Tampa Bay Rays,6,0,13,-1
778006,2025,2025-05-08,2025-05-08,R,140,Texas Rangers,0,111,Boston Red Sox,5,1,5,5
778007,2025,2025-05-08,2025-05-08,R,110,Baltimore Orioles,2,142,Minnesota Twins,5,1,7,3
778008,2025,2025-05-08,2025-05-08,R,145,Chicago White Sox,0,118,Kansas City Royals,10,1,10,10
778029,2025,2025-05-08,2025-05-08,R,116,Detroit Tigers,11,115,Colorado Rockies,1,0,12,-10
777984,2025,2025-05-09,2025-05-09,R,141,Toronto Blue Jays,6,136,Seattle Mariners,3,0,9,-3
777986,2025,2025-05-09,2025-05-09,R,110,Baltimore Orioles,4,108,Los Angeles Angels,1,0,5,-3
777988,2025,2025-05-09,2025-05-09,R,119,Los Angeles Dodgers,14,109,Arizona Diamondbacks,11,0,25,-3
777989,2025,2025-05-09,2025-05-09,R,113,Cincinnati Reds,0,117,Houston Astros,3,1,3,3
777990,2025,2025-05-09,2025-05-09,R,111,Boston Red Sox,1,118,Kansas City Royals,2,1,3,1
777991,2025,2025-05-09,2025-05-09,R,146,Miami Marlins,2,145,Chicago White Sox,6,1,8,4
777992,2025,2025-05-09,2025-05-09,R,137,San Francisco Giants,1,142,Minnesota Twins,3,1,4,2
777993,2025,2025-05-09,2025-05-09,R,135,San Diego Padres,13,115,Colorado Rockies,9,0,22,-4
777994,2025,2025-05-09,2025-05-09,R,147,New York Yankees,10,133,Athletics,2,0,12,-8
777995,2025,2025-05-09,2025-05-09,R,138,St. Louis Cardinals,10,120,Washington Nationals,0,0,10,-10
777996,2025,2025-05-09,2025-05-09,R,140,Texas Rangers,1,116,Detroit Tigers,2,1,3,1
777997,2025,2025-05-09,2025-05-09,R,143,Philadelphia Phillies,0,114,Cleveland Guardians,6,1,6,6
777998,2025,2025-05-09,2025-05-09,R,144,Atlanta Braves,2,134,Pittsburgh Pirates,3,1,5,1
778001,2025,2025-05-09,2025-05-09,R,112,Chicago Cubs,2,121,New York Mets,7,1,9,5
778002,2025,2025-05-09,2025-05-09,R,158,Milwaukee Brewers,3,139,Tampa Bay Rays,4,1,7,1
777970,2025,2025-05-10,2025-05-10,R,141,Toronto Blue Jays,6,136,Seattle Mariners,3,0,9,-3
777972,2025,2025-05-10,2025-05-10,R,147,New York Yankees,7,133,Athletics,11,1,18,4
777973,2025,2025-05-10,2025-05-10,R,110,Baltimore Orioles,2,108,Los Angeles Angels,5,1,7,3
777974,2025,2025-05-10,2025-05-10,R,137,San Francisco Giants,1,142,Minnesota Twins,2,1,3,1
777975,2025,2025-05-10,2025-05-10,R,119,Los Angeles Dodgers,0,109,Arizona Diamondbacks,3,1,3,3
777976,2025,2025-05-10,2025-05-10,R,135,San Diego Padres,21,115,Colorado Rockies,0,0,21,-21
777977,2025,2025-05-10,2025-05-10,R,111,Boston Red Sox,10,118,Kansas City Royals,1,0,11,-9
777978,2025,2025-05-10,2025-05-10,R,146,Miami Marlins,3,145,Chicago White Sox,1,0,4,-2
777979,2025,2025-05-10,2025-05-10,R,113,Cincinnati Reds,13,117,Houston Astros,9,0,22,-4
777980,2025,2025-05-10,2025-05-10,R,138,St. Louis Cardinals,4,120,Washington Nationals,2,0,6,-2
777981,2025,2025-05-10,2025-05-10,R,158,Milwaukee Brewers,2,139,Tampa Bay Rays,3,1,5,1
777982,2025,2025-05-10,2025-05-10,R,112,Chicago Cubs,6,121,New York Mets,5,0,11,-1
777983,2025,2025-05-10,2025-05-10,R,143,Philadelphia Phillies,7,114,Cleveland Guardians,1,0,8,-6
777985,2025,2025-05-10,2025-05-10,R,144,Atlanta Braves,3,134,Pittsburgh Pirates,2,0,5,-1
777987,2025,2025-05-10,2025-05-10,R,140,Texas Rangers,10,116,Detroit Tigers,3,0,13,-7
777954,2025,2025-05-11,2025-05-11,R,119,Los Angeles Dodgers,8,109,Arizona Diamondbacks,1,0,9,-7
777955,2025,2025-05-11,2025-05-11,R,135,San Diego Padres,3,115,Colorado Rockies,9,1,12,6
777956,2025,2025-05-11,2025-05-11,R,137,San Francisco Giants,6,142,Minnesota Twins,7,1,13,1
777957,2025,2025-05-11,2025-05-11,R,147,New York Yankees,12,133,Athletics,2,0,14,-10
777958,2025,2025-05-11,2025-05-11,R,141,Toronto Blue Jays,9,136,Seattle Mariners,1,0,10,-8
777961,2025,2025-05-11,2025-05-11,R,110,Baltimore Orioles,7,108,Los Angeles Angels,3,0,10,-4
777962,2025,2025-05-11,2025-05-11,R,138,St. Louis Cardinals,6,120,Washington Nationals,1,0,7,-5
777963,2025,2025-05-11,2025-05-11,R,113,Cincinnati Reds,0,117,Houston Astros,6,1,6,6
777964,2025,2025-05-11,2025-05-11,R,158,Milwaukee Brewers,4,139,Tampa Bay Rays,2,0,6,-2
777965,2025,2025-05-11,2025-05-11,R,111,Boston Red Sox,3,118,Kansas City Royals,1,0,4,-2
777966,2025,2025-05-11,2025-05-11,R,146,Miami Marlins,2,145,Chicago White Sox,4,1,6,2
777967,2025,2025-05-11,2025-05-11,R,144,Atlanta Braves,3,134,Pittsburgh Pirates,4,1,7,1
777968,2025,2025-05-11,2025-05-11,R,112,Chicago Cubs,2,121,New York Mets,6,1,8,4
777969,2025,2025-05-11,2025-05-11,R,140,Texas Rangers,6,116,Detroit Tigers,1,0,7,-5
777971,2025,2025-05-11,2025-05-11,R,143,Philadelphia Phillies,3,114,Cleveland Guardians,0,0,3,-3
777939,2025,2025-05-12,2025-05-12,R,109,Arizona Diamondbacks,2,137,San Francisco Giants,1,0,3,-1
777941,2025,2025-05-12,2025-05-12,R,147,New York Yankees,11,136,Seattle Mariners,5,0,16,-6
777947,2025,2025-05-12,2025-05-12,R,108,Los Angeles Angels,9,135,San Diego Padres,5,0,14,-4
777948,2025,2025-05-12,2025-05-12,R,118,Kansas City Royals,7,117,Houston Astros,5,0,12,-2
777949,2025,2025-05-12,2025-05-12,R,115,Colorado Rockies,1,140,Texas Rangers,2,1,3,1
777950,2025,2025-05-12,2025-05-12,R,134,Pittsburgh Pirates,3,121,New York Mets,4,1,7,1
777951,2025,2025-05-12,2025-05-12,R,111,Boston Red Sox,2,116,Detroit Tigers,14,1,16,12
777952,2025,2025-05-12,2025-05-12,R,146,Miami Marlins,2,112,Chicago Cubs,5,1,7,3
777953,2025,2025-05-12,2025-05-12,R,138,St. Louis Cardinals,3,143,Philadelphia Phillies,2,0,5,-1
777959,2025,2025-05-12,2025-05-12,R,120,Washington Nationals,3,144,Atlanta Braves,4,1,7,1
777960,2025,2025-05-12,2025-05-12,R,158,Milwaukee Brewers,0,114,Cleveland Guardians,5,1,5,5
777926,2025,2025-05-13,2025-05-13,R,147,New York Yankees,1,136,Seattle Mariners,2,1,3,1
777930,2025,2025-05-13,2025-05-13,R,109,Arizona Diamondbacks,6,137,San Francisco Giants,10,1,16,4
777931,2025,2025-05-13,2025-05-13,R,118,Kansas City Royals,1,117,Houston Astros,2,1,3,1
777932,2025,2025-05-13,2025-05-13,R,108,Los Angeles Angels,4,135,San Diego Padres,6,1,10,2
777934,2025,2025-05-13,2025-05-13,R,115,Colorado Rockies,1,140,Texas Rangers,4,1,5,3
777935,2025,2025-05-13,2025-05-13,R,139,Tampa Bay Rays,11,141,Toronto Blue Jays,9,0,20,-2
777936,2025,2025-05-13,2025-05-13,R,146,Miami Marlins,4,112,Chicago Cubs,5,1,9,1
777937,2025,2025-05-13,2025-05-13,R,133,Athletics,11,119,Los Angeles Dodgers,1,0,12,-10
777940,2025,2025-05-13,2025-05-13,R,111,Boston Red Sox,9,116,Detroit Tigers,10,1,19,1
777942,2025,2025-05-13,2025-05-13,R,120,Washington Nationals,2,144,Atlanta Braves,5,1,7,3
777943,2025,2025-05-13,2025-05-13,R,134,Pittsburgh Pirates,1,121,New York Mets,2,1,3,1
777944,2025,2025-05-13,2025-05-13,R,158,Milwaukee Brewers,0,114,Cleveland Guardians,2,1,2,2
777945,2025,2025-05-13,2025-05-13,R,145,Chicago White Sox,5,113,Cincinnati Reds,1,0,6,-4
777914,2025,2025-05-14,2025-05-14,R,108,Los Angeles Angels,1,135,San Diego Padres,5,1,6,4
777915,2025,2025-05-14,2025-05-14,R,147,New York Yankees,3,136,Seattle Mariners,2,0,5,-1
777916,2025,2025-05-14,2025-05-14,R,109,Arizona Diamondbacks,8,137,San Francisco Giants,7,0,15,-1
777917,2025,2025-05-14,2025-05-14,R,133,Athletics,3,119,Los Angeles Dodgers,9,1,12,6
777918,2025,2025-05-14,2025-05-14,R,115,Colorado Rockies,3,140,Texas Rangers,8,1,11,5
777919,2025,2025-05-14,2025-05-14,R,134,Pittsburgh Pirates,4,121,New York Mets,0,0,4,-4
777920,2025,2025-05-14,2025-05-14,R,118,Kansas City Royals,3,117,Houston Astros,4,1,7,1
777921,2025,2025-05-14,2025-05-14,R,146,Miami Marlins,3,112,Chicago Cubs,1,0,4,-2
777922,2025,2025-05-14,2025-05-14,R,138,St. Louis Cardinals,1,143,Philadelphia Phillies,2,1,3,1
777923,2025,2025-05-14,2025-05-14,R,139,Tampa Bay Rays,1,141,Toronto Blue Jays,3,1,4,2
777924,2025,2025-05-14,2025-05-14,R,142,Minnesota Twins,6,110,Baltimore Orioles,3,0,9,-3
777925,2025,2025-05-14,2025-05-14,R,158,Milwaukee Brewers,9,114,Cleveland Guardians,5,0,14,-4
777927,2025,2025-05-14,2025-05-14,R,111,Boston Red Sox,5,116,Detroit Tigers,6,1,11,1
777928,2025,2025-05-14,2025-05-14,R,145,Chicago White Sox,4,113,Cincinnati Reds,2,0,6,-2
777929,2025,2025-05-14,2025-05-14,R,120,Washington Nationals,5,144,Atlanta Braves,4,0,9,-1
777933,2025,2025-05-14,2025-05-14,R,138,St. Louis Cardinals,14,143,Philadelphia Phillies,7,0,21,-7
777938,2025,2025-05-14,2025-05-14,R,142,Minnesota Twins,8,110,Baltimore Orioles,6,0,14,-2
777909,2025,2025-05-15,2025-05-15,R,120,Washington Nationals,2,144,Atlanta Braves,5,1,7,3
777910,2025,2025-05-15,2025-05-15,R,117,Houston Astros,0,140,Texas Rangers,1,1,1,1
777911,2025,2025-05-15,2025-05-15,R,142,Minnesota Twins,4,110,Baltimore Orioles,0,0,4,-4
777912,2025,2025-05-15,2025-05-15,R,145,Chicago White Sox,1,113,Cincinnati Reds,7,1,8,6
777913,2025,2025-05-15,2025-05-15,R,139,Tampa Bay Rays,8,141,Toronto Blue Jays,3,0,11,-5
777946,2025,2025-05-15,2025-05-15,R,133,Athletics,2,119,Los Angeles Dodgers,19,1,21,17
777891,2025,2025-05-16,2025-05-16,R,133,Athletics,1,137,San Francisco Giants,9,1,10,8
777895,2025,2025-05-16,2025-05-16,R,117,Houston Astros,6,140,Texas Rangers,3,0,9,-3
777896,2025,2025-05-16,2025-05-16,R,136,Seattle Mariners,5,135,San Diego Padres,1,0,6,-4
777897,2025,2025-05-16,2025-05-16,R,115,Colorado Rockies,0,109,Arizona Diamondbacks,8,1,8,8
777898,2025,2025-05-16,2025-05-16,R,142,Minnesota Twins,3,158,Milwaukee Brewers,0,0,3,-3
777899,2025,2025-05-16,2025-05-16,R,108,Los Angeles Angels,6,119,Los Angeles Dodgers,2,0,8,-4
777900,2025,2025-05-16,2025-05-16,R,145,Chicago White Sox,3,112,Chicago Cubs,13,1,16,10
777901,2025,2025-05-16,2025-05-16,R,138,St. Louis Cardinals,10,118,Kansas City Royals,3,0,13,-7
777902,2025,2025-05-16,2025-05-16,R,114,Cleveland Guardians,4,113,Cincinnati Reds,5,1,9,1
777903,2025,2025-05-16,2025-05-16,R,139,Tampa Bay Rays,4,146,Miami Marlins,9,1,13,5
777904,2025,2025-05-16,2025-05-16,R,121,New York Mets,2,147,New York Yankees,6,1,8,4
777905,2025,2025-05-16,2025-05-16,R,134,Pittsburgh Pirates,4,143,Philadelphia Phillies,8,1,12,4
777906,2025,2025-05-16,2025-05-16,R,116,Detroit Tigers,5,141,Toronto Blue Jays,4,0,9,-1
777907,2025,2025-05-16,2025-05-16,R,120,Washington Nationals,4,110,Baltimore Orioles,3,0,7,-1
777908,2025,2025-05-16,2025-05-16,R,144,Atlanta Braves,4,111,Boston Red Sox,2,0,6,-2
777875,2025,2025-05-17,2025-05-17,R,136,Seattle Mariners,4,135,San Diego Padres,1,0,5,-3
777879,2025,2025-05-17,2025-05-17,R,133,Athletics,0,137,San Francisco Giants,1,1,1,1
777881,2025,2025-05-17,2025-05-17,R,145,Chicago White Sox,3,112,Chicago Cubs,7,1,10,4
777882,2025,2025-05-17,2025-05-17,R,117,Houston Astros,1,140,Texas Rangers,5,1,6,4
777883,2025,2025-05-17,2025-05-17,R,142,Minnesota Twins,7,158,Milwaukee Brewers,0,0,7,-7
777884,2025,2025-05-17,2025-05-17,R,108,Los Angeles Angels,11,119,Los Angeles Dodgers,9,0,20,-2
777885,2025,2025-05-17,2025-05-17,R,138,St. Louis Cardinals,1,118,Kansas City Royals,0,0,1,-1
777886,2025,2025-05-17,2025-05-17,R,116,Detroit Tigers,1,141,Toronto Blue Jays,2,1,3,1
777887,2025,2025-05-17,2025-05-17,R,115,Colorado Rockies,14,109,Arizona Diamondbacks,12,0,26,-2
777888,2025,2025-05-17,2025-05-17,R,121,New York Mets,3,147,New York Yankees,2,0,5,-1
777889,2025,2025-05-17,2025-05-17,R,139,Tampa Bay Rays,4,146,Miami Marlins,0,0,4,-4
777890,2025,2025-05-17,2025-05-17,R,120,Washington Nationals,10,110,Baltimore Orioles,6,0,16,-4
777892,2025,2025-05-17,2025-05-17,R,114,Cleveland Guardians,1,113,Cincinnati Reds,4,1,5,3
777893,2025,2025-05-17,2025-05-17,R,144,Atlanta Braves,6,111,Boston Red Sox,7,1,13,1
777894,2025,2025-05-17,2025-05-17,R,134,Pittsburgh Pirates,2,143,Philadelphia Phillies,5,1,7,3
777864,2025,2025-05-18,2025-05-18,R,138,St. Louis Cardinals,1,118,Kansas City Royals,2,1,3,1
777865,2025,2025-05-18,2025-05-18,R,142,Minnesota Twins,2,158,Milwaukee Brewers,5,1,7,3
777866,2025,2025-05-18,2025-05-18,R,108,Los Angeles Angels,6,119,Los Angeles Dodgers,4,0,10,-2
777867,2025,2025-05-18,2025-05-18,R,133,Athletics,2,137,San Francisco Giants,3,1,5,1
777868,2025,2025-05-18,2025-05-18,R,136,Seattle Mariners,6,135,San Diego Padres,1,0,7,-5
777869,2025,2025-05-18,2025-05-18,R,117,Houston Astros,4,140,Texas Rangers,3,0,7,-1
777870,2025,2025-05-18,2025-05-18,R,115,Colorado Rockies,0,109,Arizona Diamondbacks,1,1,1,1
777871,2025,2025-05-18,2025-05-18,R,116,Detroit Tigers,3,141,Toronto Blue Jays,2,0,5,-1
777872,2025,2025-05-18,2025-05-18,R,145,Chicago White Sox,2,112,Chicago Cubs,6,1,8,4
777873,2025,2025-05-18,2025-05-18,R,120,Washington Nationals,10,110,Baltimore Orioles,4,0,14,-6
777874,2025,2025-05-18,2025-05-18,R,114,Cleveland Guardians,1,113,Cincinnati Reds,3,1,4,2
777876,2025,2025-05-18,2025-05-18,R,144,Atlanta Braves,10,111,Boston Red Sox,4,0,14,-6
777877,2025,2025-05-18,2025-05-18,R,139,Tampa Bay Rays,1,146,Miami Marlins,5,1,6,4
777878,2025,2025-05-18,2025-05-18,R,121,New York Mets,2,147,New York Yankees,8,1,10,6
777880,2025,2025-05-18,2025-05-18,R,134,Pittsburgh Pirates,0,143,Philadelphia Phillies,1,1,1,1
777852,2025,2025-05-19,2025-05-19,R,143,Philadelphia Phillies,9,115,Colorado Rockies,3,0,12,-6
777853,2025,2025-05-19,2025-05-19,R,108,Los Angeles Angels,4,133,Athletics,3,0,7,-1
777854,2025,2025-05-19,2025-05-19,R,109,Arizona Diamondbacks,9,119,Los Angeles Dodgers,5,0,14,-4
777855,2025,2025-05-19,2025-05-19,R,118,Kansas City Royals,3,137,San Francisco Giants,1,0,4,-2
777856,2025,2025-05-19,2025-05-19,R,121,New York Mets,1,111,Boston Red Sox,3,1,4,2
777857,2025,2025-05-19,2025-05-19,R,136,Seattle Mariners,5,145,Chicago White Sox,1,0,6,-4
777858,2025,2025-05-19,2025-05-19,R,117,Houston Astros,4,139,Tampa Bay Rays,3,0,7,-1
777859,2025,2025-05-19,2025-05-19,R,113,Cincinnati Reds,7,134,Pittsburgh Pirates,1,0,8,-6
777860,2025,2025-05-19,2025-05-19,R,110,Baltimore Orioles,4,158,Milwaukee Brewers,5,1,9,1
777861,2025,2025-05-19,2025-05-19,R,114,Cleveland Guardians,5,142,Minnesota Twins,6,1,11,1
777862,2025,2025-05-19,2025-05-19,R,116,Detroit Tigers,4,138,St. Louis Cardinals,11,1,15,7
777863,2025,2025-05-19,2025-05-19,R,112,Chicago Cubs,7,146,Miami Marlins,8,1,15,1
777836,2025,2025-05-20,2025-05-20,R,118,Kansas City Royals,2,137,San Francisco Giants,3,1,5,1
777838,2025,2025-05-20,2025-05-20,R,109,Arizona Diamondbacks,3,119,Los Angeles Dodgers,4,1,7,1
777840,2025,2025-05-20,2025-05-20,R,116,Detroit Tigers,5,138,St. Louis Cardinals,4,0,9,-1
777841,2025,2025-05-20,2025-05-20,R,144,Atlanta Braves,3,120,Washington Nationals,5,1,8,2
777842,2025,2025-05-20,2025-05-20,R,143,Philadelphia Phillies,7,115,Colorado Rockies,4,0,11,-3
777843,2025,2025-05-20,2025-05-20,R,108,Los Angeles Angels,7,133,Athletics,5,0,12,-2
777844,2025,2025-05-20,2025-05-20,R,110,Baltimore Orioles,2,158,Milwaukee Brewers,5,1,7,3
777845,2025,2025-05-20,2025-05-20,R,135,San Diego Padres,0,141,Toronto Blue Jays,3,1,3,3
777846,2025,2025-05-20,2025-05-20,R,136,Seattle Mariners,0,145,Chicago White Sox,1,1,1,1
777847,2025,2025-05-20,2025-05-20,R,113,Cincinnati Reds,0,134,Pittsburgh Pirates,1,1,1,1
777848,2025,2025-05-20,2025-05-20,R,117,Houston Astros,2,139,Tampa Bay Rays,3,1,5,1
777849,2025,2025-05-20,2025-05-20,R,140,Texas Rangers,2,147,New York Yankees,5,1,7,3
777850,2025,2025-05-20,2025-05-20,R,112,Chicago Cubs,14,146,Miami Marlins,1,0,15,-13
777851,2025,2025-05-20,2025-05-20,R,121,New York Mets,0,111,Boston Red Sox,2,1,2,2
777819,2025,2025-05-21,2025-05-21,R,118,Kansas City Royals,8,137,San Francisco Giants,4,0,12,-4
777823,2025,2025-05-21,2025-05-21,R,143,Philadelphia Phillies,9,115,Colorado Rockies,5,0,14,-4
777824,2025,2025-05-21,2025-05-21,R,109,Arizona Diamondbacks,1,119,Los Angeles Dodgers,3,1,4,2
777826,2025,2025-05-21,2025-05-21,R,110,Baltimore Orioles,8,158,Milwaukee Brewers,4,0,12,-4
777827,2025,2025-05-21,2025-05-21,R,116,Detroit Tigers,5,138,St. Louis Cardinals,1,0,6,-4
777828,2025,2025-05-21,2025-05-21,R,108,Los Angeles Angels,10,133,Athletics,5,0,15,-5
777829,2025,2025-05-21,2025-05-21,R,114,Cleveland Guardians,5,142,Minnesota Twins,1,0,6,-4
777830,2025,2025-05-21,2025-05-21,R,136,Seattle Mariners,6,145,Chicago White Sox,5,0,11,-1
777831,2025,2025-05-21,2025-05-21,R,121,New York Mets,5,111,Boston Red Sox,1,0,6,-4
777832,2025,2025-05-21,2025-05-21,R,117,Houston Astros,4,139,Tampa Bay Rays,8,1,12,4
777833,2025,2025-05-21,2025-05-21,R,112,Chicago Cubs,2,146,Miami Marlins,1,0,3,-1
777834,2025,2025-05-21,2025-05-21,R,113,Cincinnati Reds,1,134,Pittsburgh Pirates,3,1,4,2
777835,2025,2025-05-21,2025-05-21,R,140,Texas Rangers,3,147,New York Yankees,4,1,7,1
777837,2025,2025-05-21,2025-05-21,R,135,San Diego Padres,0,141,Toronto Blue Jays,14,1,14,14
777812,2025,2025-05-22,2025-05-22,R,108,Los Angeles Angels,10,133,Athletics,5,0,15,-5
777814,2025,2025-05-22,2025-05-22,R,158,Milwaukee Brewers,8,134,Pittsburgh Pirates,5,0,13,-3
777816,2025,2025-05-22,2025-05-22,R,135,San Diego Padres,6,141,Toronto Blue Jays,7,1,13,1
777817,2025,2025-05-22,2025-05-22,R,143,Philadelphia Phillies,2,115,Colorado Rockies,0,0,2,-2
777818,2025,2025-05-22,2025-05-22,R,140,Texas Rangers,0,147,New York Yankees,1,1,1,1
777820,2025,2025-05-22,2025-05-22,R,144,Atlanta Braves,7,120,Washington Nationals,8,1,15,1
777821,2025,2025-05-22,2025-05-22,R,114,Cleveland Guardians,7,116,Detroit Tigers,0,0,7,-7
777822,2025,2025-05-22,2025-05-22,R,136,Seattle Mariners,2,117,Houston Astros,9,1,11,7
777797,2025,2025-05-23,2025-05-23,R,109,Arizona Diamondbacks,3,138,St. Louis Cardinals,4,1,7,1
777798,2025,2025-05-23,2025-05-23,R,146,Miami Marlins,4,108,Los Angeles Angels,7,1,11,3
777799,2025,2025-05-23,2025-05-23,R,118,Kansas City Royals,1,142,Minnesota Twins,3,1,4,2
777800,2025,2025-05-23,2025-05-23,R,136,Seattle Mariners,5,117,Houston Astros,3,0,8,-2
777801,2025,2025-05-23,2025-05-23,R,137,San Francisco Giants,4,120,Washington Nationals,0,0,4,-4
777802,2025,2025-05-23,2025-05-23,R,147,New York Yankees,2,115,Colorado Rockies,3,1,5,1
777804,2025,2025-05-23,2025-05-23,R,143,Philadelphia Phillies,4,133,Athletics,3,0,7,-1
777805,2025,2025-05-23,2025-05-23,R,140,Texas Rangers,1,145,Chicago White Sox,4,1,5,3
777806,2025,2025-05-23,2025-05-23,R,158,Milwaukee Brewers,5,134,Pittsburgh Pirates,6,1,11,1
777807,2025,2025-05-23,2025-05-23,R,114,Cleveland Guardians,3,116,Detroit Tigers,1,0,4,-2
777808,2025,2025-05-23,2025-05-23,R,119,Los Angeles Dodgers,7,121,New York Mets,5,0,12,-2
777810,2025,2025-05-23,2025-05-23,R,141,Toronto Blue Jays,1,139,Tampa Bay Rays,3,1,4,2
777811,2025,2025-05-23,2025-05-23,R,112,Chicago Cubs,13,113,Cincinnati Reds,6,0,19,-7
777813,2025,2025-05-23,2025-05-23,R,135,San Diego Padres,2,144,Atlanta Braves,1,0,3,-1
777815,2025,2025-05-23,2025-05-23,R,110,Baltimore Orioles,5,111,Boston Red Sox,19,1,24,14
777781,2025,2025-05-24,2025-05-24,R,146,Miami Marlins,6,108,Los Angeles Angels,2,0,8,-4
777782,2025,2025-05-24,2025-05-24,R,147,New York Yankees,13,115,Colorado Rockies,1,0,14,-12
777784,2025,2025-05-24,2025-05-24,R,143,Philadelphia Phillies,9,133,Athletics,6,0,15,-3
777786,2025,2025-05-24,2025-05-24,R,109,Arizona Diamondbacks,5,138,St. Louis Cardinals,6,1,11,1
777787,2025,2025-05-24,2025-05-24,R,136,Seattle Mariners,1,117,Houston Astros,2,1,3,1
777788,2025,2025-05-24,2025-05-24,R,118,Kansas City Royals,4,142,Minnesota Twins,5,1,9,1
777789,2025,2025-05-24,2025-05-24,R,119,Los Angeles Dodgers,2,121,New York Mets,5,1,7,3
777790,2025,2025-05-24,2025-05-24,R,110,Baltimore Orioles,2,111,Boston Red Sox,1,0,3,-1
777791,2025,2025-05-24,2025-05-24,R,112,Chicago Cubs,4,113,Cincinnati Reds,6,1,10,2
777792,2025,2025-05-24,2025-05-24,R,140,Texas Rangers,5,145,Chicago White Sox,10,1,15,5
777793,2025,2025-05-24,2025-05-24,R,137,San Francisco Giants,0,120,Washington Nationals,3,1,3,3
777794,2025,2025-05-24,2025-05-24,R,158,Milwaukee Brewers,1,134,Pittsburgh Pirates,2,1,3,1
777795,2025,2025-05-24,2025-05-24,R,141,Toronto Blue Jays,1,139,Tampa Bay Rays,3,1,4,2
777796,2025,2025-05-24,2025-05-24,R,114,Cleveland Guardians,7,116,Detroit Tigers,5,0,12,-2
777803,2025,2025-05-24,2025-05-24,R,135,San Diego Padres,1,144,Atlanta Braves,7,1,8,6
777809,2025,2025-05-24,2025-05-24,R,110,Baltimore Orioles,5,111,Boston Red Sox,6,1,11,1
777765,2025,2025-05-25,2025-05-25,R,143,Philadelphia Phillies,4,133,Athletics,5,1,9,1
777766,2025,2025-05-25,2025-05-25,R,109,Arizona Diamondbacks,3,138,St. Louis Cardinals,4,1,7,1
777767,2025,2025-05-25,2025-05-25,R,146,Miami Marlins,3,108,Los Angeles Angels,0,0,3,-3
777768,2025,2025-05-25,2025-05-25,R,147,New York Yankees,5,115,Colorado Rockies,4,0,9,-1
777772,2025,2025-05-25,2025-05-25,R,118,Kansas City Royals,2,142,Minnesota Twins,1,0,3,-1
777773,2025,2025-05-25,2025-05-25,R,119,Los Angeles Dodgers,1,121,New York Mets,3,1,4,2
777774,2025,2025-05-25,2025-05-25,R,136,Seattle Mariners,3,117,Houston Astros,5,1,8,2
777775,2025,2025-05-25,2025-05-25,R,141,Toronto Blue Jays,0,139,Tampa Bay Rays,13,1,13,13
777776,2025,2025-05-25,2025-05-25,R,158,Milwaukee Brewers,6,134,Pittsburgh Pirates,5,0,11,-1
777777,2025,2025-05-25,2025-05-25,R,140,Texas Rangers,5,145,Chicago White Sox,4,0,9,-1
777778,2025,2025-05-25,2025-05-25,R,137,San Francisco Giants,3,120,Washington Nationals,2,0,5,-1
777779,2025,2025-05-25,2025-05-25,R,112,Chicago Cubs,11,113,Cincinnati Reds,8,0,19,-3
777780,2025,2025-05-25,2025-05-25,R,114,Cleveland Guardians,0,116,Detroit Tigers,5,1,5,5
777783,2025,2025-05-25,2025-05-25,R,135,San Diego Padres,5,144,Atlanta Braves,3,0,8,-2
777785,2025,2025-05-25,2025-05-25,R,110,Baltimore Orioles,5,111,Boston Red Sox,1,0,6,-4
777756,2025,2025-05-26,2025-05-26,R,146,Miami Marlins,3,135,San Diego Padres,4,1,7,1
777757,2025,2025-05-26,2025-05-26,R,115,Colorado Rockies,1,112,Chicago Cubs,3,1,4,2
777758,2025,2025-05-26,2025-05-26,R,145,Chicago White Sox,1,121,New York Mets,2,1,3,1
777759,2025,2025-05-26,2025-05-26,R,141,Toronto Blue Jays,2,140,Texas Rangers,1,0,3,-1
777760,2025,2025-05-26,2025-05-26,R,113,Cincinnati Reds,7,118,Kansas City Royals,4,0,11,-3
777761,2025,2025-05-26,2025-05-26,R,134,Pittsburgh Pirates,0,109,Arizona Diamondbacks,5,1,5,5
777762,2025,2025-05-26,2025-05-26,R,142,Minnesota Twins,2,139,Tampa Bay Rays,7,1,9,5
777763,2025,2025-05-26,2025-05-26,R,147,New York Yankees,5,108,Los Angeles Angels,1,0,6,-4
777764,2025,2025-05-26,2025-05-26,R,111,Boston Red Sox,2,158,Milwaukee Brewers,3,1,5,1
777769,2025,2025-05-26,2025-05-26,R,119,Los Angeles Dodgers,7,114,Cleveland Guardians,2,0,9,-5
777770,2025,2025-05-26,2025-05-26,R,137,San Francisco Giants,1,116,Detroit Tigers,3,1,4,2
777771,2025,2025-05-26,2025-05-26,R,138,St. Louis Cardinals,2,110,Baltimore Orioles,5,1,7,3
777741,2025,2025-05-27,2025-05-27,R,141,Toronto Blue Jays,0,140,Texas Rangers,2,1,2,2
777742,2025,2025-05-27,2025-05-27,R,146,Miami Marlins,6,135,San Diego Padres,8,1,14,2
777743,2025,2025-05-27,2025-05-27,R,120,Washington Nationals,1,136,Seattle Mariners,9,1,10,8
777744,2025,2025-05-27,2025-05-27,R,134,Pittsburgh Pirates,9,109,Arizona Diamondbacks,6,0,15,-3
777745,2025,2025-05-27,2025-05-27,R,147,New York Yankees,3,108,Los Angeles Angels,2,0,5,-1
777746,2025,2025-05-27,2025-05-27,R,142,Minnesota Twins,4,139,Tampa Bay Rays,2,0,6,-2
777747,2025,2025-05-27,2025-05-27,R,111,Boston Red Sox,1,158,Milwaukee Brewers,5,1,6,4
777748,2025,2025-05-27,2025-05-27,R,144,Atlanta Braves,0,143,Philadelphia Phillies,2,1,2,2
777749,2025,2025-05-27,2025-05-27,R,145,Chicago White Sox,4,121,New York Mets,6,1,10,2
777750,2025,2025-05-27,2025-05-27,R,113,Cincinnati Reds,7,118,Kansas City Royals,2,0,9,-5
777751,2025,2025-05-27,2025-05-27,R,115,Colorado Rockies,3,112,Chicago Cubs,4,1,7,1
777752,2025,2025-05-27,2025-05-27,R,133,Athletics,1,117,Houston Astros,11,1,12,10
777753,2025,2025-05-27,2025-05-27,R,119,Los Angeles Dodgers,9,114,Cleveland Guardians,5,0,14,-4
777754,2025,2025-05-27,2025-05-27,R,138,St. Louis Cardinals,7,110,Baltimore Orioles,4,0,11,-3
777755,2025,2025-05-27,2025-05-27,R,137,San Francisco Giants,1,116,Detroit Tigers,3,1,4,2
777724,2025,2025-05-28,2025-05-28,R,141,Toronto Blue Jays,2,140,Texas Rangers,0,0,2,-2
777726,2025,2025-05-28,2025-05-28,R,146,Miami Marlins,10,135,San Diego Padres,8,0,18,-2
777728,2025,2025-05-28,2025-05-28,R,147,New York Yankees,1,108,Los Angeles Angels,0,0,1,-1
777729,2025,2025-05-28,2025-05-28,R,134,Pittsburgh Pirates,10,109,Arizona Diamondbacks,1,0,11,-9
777730,2025,2025-05-28,2025-05-28,R,120,Washington Nationals,9,136,Seattle Mariners,0,0,9,-9
777731,2025,2025-05-28,2025-05-28,R,115,Colorado Rockies,1,112,Chicago Cubs,2,1,3,1
777732,2025,2025-05-28,2025-05-28,R,142,Minnesota Twins,0,139,Tampa Bay Rays,5,1,5,5
777733,2025,2025-05-28,2025-05-28,R,113,Cincinnati Reds,2,118,Kansas City Royals,3,1,5,1
777734,2025,2025-05-28,2025-05-28,R,133,Athletics,3,117,Houston Astros,5,1,8,2
777736,2025,2025-05-28,2025-05-28,R,111,Boston Red Sox,5,158,Milwaukee Brewers,6,1,11,1
777737,2025,2025-05-28,2025-05-28,R,145,Chicago White Sox,9,121,New York Mets,4,0,13,-5
777738,2025,2025-05-28,2025-05-28,R,137,San Francisco Giants,3,116,Detroit Tigers,4,1,7,1
777739,2025,2025-05-28,2025-05-28,R,119,Los Angeles Dodgers,4,114,Cleveland Guardians,7,1,11,3
777740,2025,2025-05-28,2025-05-28,R,138,St. Louis Cardinals,6,110,Baltimore Orioles,4,0,10,-2
777722,2025,2025-05-29,2025-05-29,R,120,Washington Nationals,9,136,Seattle Mariners,3,0,12,-6
777723,2025,2025-05-29,2025-05-29,R,144,Atlanta Braves,9,143,Philadelphia Phillies,3,0,12,-6
777725,2025,2025-05-29,2025-05-29,R,139,Tampa Bay Rays,13,117,Houston Astros,3,0,16,-10
777727,2025,2025-05-29,2025-05-29,R,133,Athletics,0,141,Toronto Blue Jays,12,1,12,12
777735,2025,2025-05-29,2025-05-29,R,144,Atlanta Braves,4,143,Philadelphia Phillies,5,1,9,1
777707,2025,2025-05-30,2025-05-30,R,134,Pittsburgh Pirates,2,135,San Diego Padres,3,1,5,1
777708,2025,2025-05-30,2025-05-30,R,147,New York Yankees,5,119,Los Angeles Dodgers,8,1,13,3
777709,2025,2025-05-30,2025-05-30,R,138,St. Louis Cardinals,1,140,Texas Rangers,11,1,12,10
777710,2025,2025-05-30,2025-05-30,R,120,Washington Nationals,9,109,Arizona Diamondbacks,7,0,16,-2
777711,2025,2025-05-30,2025-05-30,R,116,Detroit Tigers,7,118,Kansas City Royals,5,0,12,-2
777712,2025,2025-05-30,2025-05-30,R,113,Cincinnati Reds,6,112,Chicago Cubs,2,0,8,-4
777713,2025,2025-05-30,2025-05-30,R,142,Minnesota Twins,12,136,Seattle Mariners,6,0,18,-6
777714,2025,2025-05-30,2025-05-30,R,139,Tampa Bay Rays,1,117,Houston Astros,2,1,3,1
777715,2025,2025-05-30,2025-05-30,R,158,Milwaukee Brewers,6,143,Philadelphia Phillies,2,0,8,-4
777716,2025,2025-05-30,2025-05-30,R,133,Athletics,7,141,Toronto Blue Jays,11,1,18,4
777717,2025,2025-05-30,2025-05-30,R,137,San Francisco Giants,2,146,Miami Marlins,0,0,2,-2
777718,2025,2025-05-30,2025-05-30,R,115,Colorado Rockies,2,121,New York Mets,4,1,6,2
777719,2025,2025-05-30,2025-05-30,R,111,Boston Red Sox,5,144,Atlanta Braves,1,0,6,-4
777720,2025,2025-05-30,2025-05-30,R,145,Chicago White Sox,1,110,Baltimore Orioles,2,1,3,1
777721,2025,2025-05-30,2025-05-30,R,108,Los Angeles Angels,4,114,Cleveland Guardians,1,0,5,-3
777691,2025,2025-05-31,2025-05-31,R,134,Pittsburgh Pirates,5,135,San Diego Padres,0,0,5,-5
777693,2025,2025-05-31,2025-05-31,R,139,Tampa Bay Rays,16,117,Houston Astros,3,0,19,-13
777694,2025,2025-05-31,2025-05-31,R,116,Detroit Tigers,0,118,Kansas City Royals,1,1,1,1
777695,2025,2025-05-31,2025-05-31,R,142,Minnesota Twins,4,136,Seattle Mariners,5,1,9,1
777696,2025,2025-05-31,2025-05-31,R,120,Washington Nationals,11,109,Arizona Diamondbacks,7,0,18,-4
777697,2025,2025-05-31,2025-05-31,R,138,St. Louis Cardinals,2,140,Texas Rangers,0,0,2,-2
777698,2025,2025-05-31,2025-05-31,R,147,New York Yankees,2,119,Los Angeles Dodgers,18,1,20,16
777699,2025,2025-05-31,2025-05-31,R,145,Chicago White Sox,2,110,Baltimore Orioles,4,1,6,2
777700,2025,2025-05-31,2025-05-31,R,115,Colorado Rockies,2,121,New York Mets,8,1,10,6
777701,2025,2025-05-31,2025-05-31,R,133,Athletics,7,141,Toronto Blue Jays,8,1,15,1
777702,2025,2025-05-31,2025-05-31,R,158,Milwaukee Brewers,17,143,Philadelphia Phillies,7,0,24,-10
777703,2025,2025-05-31,2025-05-31,R,108,Los Angeles Angels,5,114,Cleveland Guardians,7,1,12,2
777704,2025,2025-05-31,2025-05-31,R,113,Cincinnati Reds,0,112,Chicago Cubs,2,1,2,2
777705,2025,2025-05-31,2025-05-31,R,137,San Francisco Giants,0,146,Miami Marlins,1,1,1,1
777706,2025,2025-05-31,2025-05-31,R,111,Boston Red Sox,0,144,Atlanta Braves,5,1,5,5
777677,2025,2025-06-01,2025-06-01,R,116,Detroit Tigers,1,118,Kansas City Royals,0,0,1,-1
777678,2025,2025-06-01,2025-06-01,R,138,St. Louis Cardinals,1,140,Texas Rangers,8,1,9,7
777679,2025,2025-06-01,2025-06-01,R,120,Washington Nationals,1,109,Arizona Diamondbacks,3,1,4,2
777680,2025,2025-06-01,2025-06-01,R,142,Minnesota Twins,1,136,Seattle Mariners,2,1,3,1
777681,2025,2025-06-01,2025-06-01,R,134,Pittsburgh Pirates,4,135,San Diego Padres,6,1,10,2
777682,2025,2025-06-01,2025-06-01,R,147,New York Yankees,7,119,Los Angeles Dodgers,3,0,10,-4
777683,2025,2025-06-01,2025-06-01,R,108,Los Angeles Angels,2,114,Cleveland Guardians,4,1,6,2
777684,2025,2025-06-01,2025-06-01,R,145,Chicago White Sox,2,110,Baltimore Orioles,3,1,5,1
777685,2025,2025-06-01,2025-06-01,R,133,Athletics,4,141,Toronto Blue Jays,8,1,12,4
777686,2025,2025-06-01,2025-06-01,R,115,Colorado Rockies,3,121,New York Mets,5,1,8,2
777687,2025,2025-06-01,2025-06-01,R,113,Cincinnati Reds,3,112,Chicago Cubs,7,1,10,4
777688,2025,2025-06-01,2025-06-01,R,158,Milwaukee Brewers,5,143,Philadelphia Phillies,2,0,7,-3
777689,2025,2025-06-01,2025-06-01,R,137,San Francisco Giants,4,146,Miami Marlins,2,0,6,-2
777690,2025,2025-06-01,2025-06-01,R,139,Tampa Bay Rays,0,117,Houston Astros,1,1,1,1
777692,2025,2025-06-01,2025-06-01,R,111,Boston Red Sox,3,144,Atlanta Braves,1,0,4,-2
777669,2025,2025-06-02,2025-06-02,R,142,Minnesota Twins,10,133,Athletics,4,0,14,-6
777670,2025,2025-06-02,2025-06-02,R,108,Los Angeles Angels,7,111,Boston Red Sox,6,0,13,-1
777671,2025,2025-06-02,2025-06-02,R,158,Milwaukee Brewers,3,113,Cincinnati Reds,2,0,5,-1
777673,2025,2025-06-02,2025-06-02,R,115,Colorado Rockies,6,146,Miami Marlins,4,0,10,-2
777674,2025,2025-06-02,2025-06-02,R,116,Detroit Tigers,13,145,Chicago White Sox,1,0,14,-12
777675,2025,2025-06-02,2025-06-02,R,121,New York Mets,4,119,Los Angeles Dodgers,3,0,7,-1
777676,2025,2025-06-02,2025-06-02,R,135,San Diego Padres,1,137,San Francisco Giants,0,0,1,-1
777655,2025,2025-06-03,2025-06-03,R,110,Baltimore Orioles,5,136,Seattle Mariners,1,0,6,-4
777656,2025,2025-06-03,2025-06-03,R,135,San Diego Padres,3,137,San Francisco Giants,2,0,5,-1
777657,2025,2025-06-03,2025-06-03,R,121,New York Mets,5,119,Los Angeles Dodgers,6,1,11,1
777658,2025,2025-06-03,2025-06-03,R,142,Minnesota Twins,10,133,Athletics,3,0,13,-7
777659,2025,2025-06-03,2025-06-03,R,112,Chicago Cubs,8,120,Washington Nationals,3,0,11,-5
777660,2025,2025-06-03,2025-06-03,R,118,Kansas City Royals,10,138,St. Louis Cardinals,7,0,17,-3
777661,2025,2025-06-03,2025-06-03,R,116,Detroit Tigers,1,145,Chicago White Sox,8,1,9,7
777662,2025,2025-06-03,2025-06-03,R,140,Texas Rangers,1,139,Tampa Bay Rays,5,1,6,4
777663,2025,2025-06-03,2025-06-03,R,117,Houston Astros,3,134,Pittsburgh Pirates,0,0,3,-3
777664,2025,2025-06-03,2025-06-03,R,114,Cleveland Guardians,2,147,New York Yankees,3,1,5,1
777665,2025,2025-06-03,2025-06-03,R,143,Philadelphia Phillies,8,141,Toronto Blue Jays,3,0,11,-5
777666,2025,2025-06-03,2025-06-03,R,115,Colorado Rockies,3,146,Miami Marlins,2,0,5,-1
777667,2025,2025-06-03,2025-06-03,R,108,Los Angeles Angels,4,111,Boston Red Sox,3,0,7,-1
777668,2025,2025-06-03,2025-06-03,R,158,Milwaukee Brewers,2,113,Cincinnati Reds,4,1,6,2
777672,2025,2025-06-03,2025-06-03,R,109,Arizona Diamondbacks,8,144,Atlanta Braves,3,0,11,-5
777638,2025,2025-06-04,2025-06-04,R,121,New York Mets,6,119,Los Angeles Dodgers,1,0,7,-5
777639,2025,2025-06-04,2025-06-04,R,116,Detroit Tigers,5,145,Chicago White Sox,4,0,9,-1
777641,2025,2025-06-04,2025-06-04,R,135,San Diego Padres,5,137,San Francisco Giants,6,1,11,1
777643,2025,2025-06-04,2025-06-04,R,142,Minnesota Twins,6,133,Athletics,1,0,7,-5
777645,2025,2025-06-04,2025-06-04,R,110,Baltimore Orioles,3,136,Seattle Mariners,2,0,5,-1
777646,2025,2025-06-04,2025-06-04,R,140,Texas Rangers,4,139,Tampa Bay Rays,5,1,9,1
777647,2025,2025-06-04,2025-06-04,R,158,Milwaukee Brewers,9,113,Cincinnati Reds,1,0,10,-8
777648,2025,2025-06-04,2025-06-04,R,117,Houston Astros,0,134,Pittsburgh Pirates,3,1,3,3
777649,2025,2025-06-04,2025-06-04,R,108,Los Angeles Angels,9,111,Boston Red Sox,11,1,20,2
777650,2025,2025-06-04,2025-06-04,R,112,Chicago Cubs,0,120,Washington Nationals,2,1,2,2
777651,2025,2025-06-04,2025-06-04,R,143,Philadelphia Phillies,1,141,Toronto Blue Jays,2,1,3,1
777652,2025,2025-06-04,2025-06-04,R,115,Colorado Rockies,3,146,Miami Marlins,2,0,5,-1
777653,2025,2025-06-04,2025-06-04,R,114,Cleveland Guardians,4,147,New York Yankees,0,0,4,-4
777654,2025,2025-06-04,2025-06-04,R,109,Arizona Diamondbacks,2,144,Atlanta Braves,1,0,3,-1
777628,2025,2025-06-05,2025-06-05,R,110,Baltimore Orioles,4,136,Seattle Mariners,3,0,7,-1
777629,2025,2025-06-05,2025-06-05,R,140,Texas Rangers,3,139,Tampa Bay Rays,4,1,7,1
777630,2025,2025-06-05,2025-06-05,R,117,Houston Astros,8,134,Pittsburgh Pirates,2,0,10,-6
777631,2025,2025-06-05,2025-06-05,R,121,New York Mets,5,119,Los Angeles Dodgers,6,1,11,1
777632,2025,2025-06-05,2025-06-05,R,112,Chicago Cubs,7,120,Washington Nationals,1,0,8,-6
777633,2025,2025-06-05,2025-06-05,R,135,San Diego Padres,2,137,San Francisco Giants,3,1,5,1
777634,2025,2025-06-05,2025-06-05,R,116,Detroit Tigers,2,145,Chicago White Sox,3,1,5,1
777635,2025,2025-06-05,2025-06-05,R,118,Kansas City Royals,7,138,St. Louis Cardinals,5,0,12,-2
777636,2025,2025-06-05,2025-06-05,R,142,Minnesota Twins,3,133,Athletics,14,1,17,11
777637,2025,2025-06-05,2025-06-05,R,143,Philadelphia Phillies,1,141,Toronto Blue Jays,9,1,10,8
777640,2025,2025-06-05,2025-06-05,R,109,Arizona Diamondbacks,11,144,Atlanta Braves,10,0,21,-1
777642,2025,2025-06-05,2025-06-05,R,118,Kansas City Royals,5,138,St. Louis Cardinals,6,1,11,1
777644,2025,2025-06-05,2025-06-05,R,114,Cleveland Guardians,0,147,New York Yankees,4,1,4,4
777613,2025,2025-06-06,2025-06-06,R,110,Baltimore Orioles,4,133,Athletics,5,1,9,1
777614,2025,2025-06-06,2025-06-06,R,136,Seattle Mariners,4,108,Los Angeles Angels,5,1,9,1
777615,2025,2025-06-06,2025-06-06,R,141,Toronto Blue Jays,6,142,Minnesota Twins,4,0,10,-2
777616,2025,2025-06-06,2025-06-06,R,121,New York Mets,4,115,Colorado Rockies,2,0,6,-2
777617,2025,2025-06-06,2025-06-06,R,135,San Diego Padres,2,158,Milwaukee Brewers,0,0,2,-2
777618,2025,2025-06-06,2025-06-06,R,118,Kansas City Royals,2,145,Chicago White Sox,7,1,9,5
777619,2025,2025-06-06,2025-06-06,R,144,Atlanta Braves,4,137,San Francisco Giants,5,1,9,1
777620,2025,2025-06-06,2025-06-06,R,119,Los Angeles Dodgers,0,138,St. Louis Cardinals,5,1,5,5
777621,2025,2025-06-06,2025-06-06,R,143,Philadelphia Phillies,4,134,Pittsburgh Pirates,5,1,9,1
777622,2025,2025-06-06,2025-06-06,R,117,Houston Astros,4,114,Cleveland Guardians,2,0,6,-2
777623,2025,2025-06-06,2025-06-06,R,109,Arizona Diamondbacks,3,113,Cincinnati Reds,4,1,7,1
777624,2025,2025-06-06,2025-06-06,R,140,Texas Rangers,0,120,Washington Nationals,2,1,2,2
777625,2025,2025-06-06,2025-06-06,R,146,Miami Marlins,3,139,Tampa Bay Rays,4,1,7,1
777626,2025,2025-06-06,2025-06-06,R,112,Chicago Cubs,1,116,Detroit Tigers,3,1,4,2
777627,2025,2025-06-06,2025-06-06,R,111,Boston Red Sox,6,147,New York Yankees,9,1,15,3
777597,2025,2025-06-07,2025-06-07,R,135,San Diego Padres,3,158,Milwaukee Brewers,4,1,7,1
777598,2025,2025-06-07,2025-06-07,R,144,Atlanta Braves,2,137,San Francisco Giants,3,1,5,1
777599,2025,2025-06-07,2025-06-07,R,110,Baltimore Orioles,7,133,Athletics,4,0,11,-3
777600,2025,2025-06-07,2025-06-07,R,141,Toronto Blue Jays,5,142,Minnesota Twins,4,0,9,-1
777601,2025,2025-06-07,2025-06-07,R,119,Los Angeles Dodgers,1,138,St. Louis Cardinals,2,1,3,1
777603,2025,2025-06-07,2025-06-07,R,136,Seattle Mariners,6,108,Los Angeles Angels,8,1,14,2
777604,2025,2025-06-07,2025-06-07,R,121,New York Mets,8,115,Colorado Rockies,1,0,9,-7
777605,2025,2025-06-07,2025-06-07,R,111,Boston Red Sox,10,147,New York Yankees,7,0,17,-3
777606,2025,2025-06-07,2025-06-07,R,118,Kansas City Royals,1,145,Chicago White Sox,4,1,5,3
777607,2025,2025-06-07,2025-06-07,R,143,Philadelphia Phillies,1,134,Pittsburgh Pirates,2,1,3,1
777608,2025,2025-06-07,2025-06-07,R,117,Houston Astros,5,114,Cleveland Guardians,3,0,8,-2
777609,2025,2025-06-07,2025-06-07,R,112,Chicago Cubs,6,116,Detroit Tigers,1,0,7,-5
777610,2025,2025-06-07,2025-06-07,R,140,Texas Rangers,5,120,Washington Nationals,0,0,5,-5
777611,2025,2025-06-07,2025-06-07,R,146,Miami Marlins,11,139,Tampa Bay Rays,10,0,21,-1
777612,2025,2025-06-07,2025-06-07,R,109,Arizona Diamondbacks,1,113,Cincinnati Reds,13,1,14,12
777582,2025,2025-06-08,2025-06-08,R,119,Los Angeles Dodgers,7,138,St. Louis Cardinals,3,0,10,-4
777583,2025,2025-06-08,2025-06-08,R,121,New York Mets,13,115,Colorado Rockies,5,0,18,-8
777585,2025,2025-06-08,2025-06-08,R,141,Toronto Blue Jays,3,142,Minnesota Twins,6,1,9,3
777586,2025,2025-06-08,2025-06-08,R,135,San Diego Padres,1,158,Milwaukee Brewers,0,0,1,-1
777587,2025,2025-06-08,2025-06-08,R,144,Atlanta Braves,3,137,San Francisco Giants,4,1,7,1
777588,2025,2025-06-08,2025-06-08,R,110,Baltimore Orioles,1,133,Athletics,5,1,6,4
777589,2025,2025-06-08,2025-06-08,R,136,Seattle Mariners,3,108,Los Angeles Angels,2,0,5,-1
777590,2025,2025-06-08,2025-06-08,R,118,Kansas City Royals,7,145,Chicago White Sox,5,0,12,-2
777591,2025,2025-06-08,2025-06-08,R,117,Houston Astros,2,114,Cleveland Guardians,4,1,6,2
777592,2025,2025-06-08,2025-06-08,R,146,Miami Marlins,2,139,Tampa Bay Rays,3,1,5,1
777593,2025,2025-06-08,2025-06-08,R,111,Boston Red Sox,11,147,New York Yankees,7,0,18,-4
777594,2025,2025-06-08,2025-06-08,R,112,Chicago Cubs,0,116,Detroit Tigers,4,1,4,4
777595,2025,2025-06-08,2025-06-08,R,143,Philadelphia Phillies,1,134,Pittsburgh Pirates,2,1,3,1
777596,2025,2025-06-08,2025-06-08,R,140,Texas Rangers,4,120,Washington Nationals,2,0,6,-2
777602,2025,2025-06-08,2025-06-08,R,109,Arizona Diamondbacks,2,113,Cincinnati Reds,4,1,6,2
777574,2025,2025-06-09,2025-06-09,R,146,Miami Marlins,3,134,Pittsburgh Pirates,10,1,13,7
777575,2025,2025-06-09,2025-06-09,R,144,Atlanta Braves,7,158,Milwaukee Brewers,1,0,8,-6
777576,2025,2025-06-09,2025-06-09,R,133,Athletics,4,108,Los Angeles Angels,7,1,11,3
777577,2025,2025-06-09,2025-06-09,R,136,Seattle Mariners,4,109,Arizona Diamondbacks,8,1,12,4
777578,2025,2025-06-09,2025-06-09,R,112,Chicago Cubs,3,143,Philadelphia Phillies,4,1,7,1
777579,2025,2025-06-09,2025-06-09,R,119,Los Angeles Dodgers,8,135,San Diego Padres,7,0,15,-1
777580,2025,2025-06-09,2025-06-09,R,113,Cincinnati Reds,7,114,Cleveland Guardians,4,0,11,-3
777581,2025,2025-06-09,2025-06-09,R,141,Toronto Blue Jays,5,138,St. Louis Cardinals,4,0,9,-1
777584,2025,2025-06-09,2025-06-09,R,139,Tampa Bay Rays,10,111,Boston Red Sox,8,0,18,-2
777557,2025,2025-06-10,2025-06-10,R,140,Texas Rangers,16,142,Minnesota Twins,4,0,20,-12
777558,2025,2025-06-10,2025-06-10,R,141,Toronto Blue Jays,10,138,St. Louis Cardinals,9,0,19,-1
777559,2025,2025-06-10,2025-06-10,R,136,Seattle Mariners,3,109,Arizona Diamondbacks,10,1,13,7
777560,2025,2025-06-10,2025-06-10,R,119,Los Angeles Dodgers,1,135,San Diego Padres,11,1,12,10
777563,2025,2025-06-10,2025-06-10,R,137,San Francisco Giants,6,115,Colorado Rockies,5,0,11,-1
777564,2025,2025-06-10,2025-06-10,R,133,Athletics,1,108,Los Angeles Angels,2,1,3,1
777565,2025,2025-06-10,2025-06-10,R,139,Tampa Bay Rays,1,111,Boston Red Sox,3,1,4,2
777566,2025,2025-06-10,2025-06-10,R,146,Miami Marlins,3,134,Pittsburgh Pirates,2,0,5,-1
777567,2025,2025-06-10,2025-06-10,R,145,Chicago White Sox,4,117,Houston Astros,2,0,6,-2
777568,2025,2025-06-10,2025-06-10,R,144,Atlanta Braves,1,158,Milwaukee Brewers,4,1,5,3
777569,2025,2025-06-10,2025-06-10,R,113,Cincinnati Reds,1,114,Cleveland Guardians,0,0,1,-1
777570,2025,2025-06-10,2025-06-10,R,120,Washington Nationals,4,121,New York Mets,5,1,9,1
777571,2025,2025-06-10,2025-06-10,R,112,Chicago Cubs,8,143,Philadelphia Phillies,4,0,12,-4
777572,2025,2025-06-10,2025-06-10,R,147,New York Yankees,10,118,Kansas City Royals,2,0,12,-8
777573,2025,2025-06-10,2025-06-10,R,116,Detroit Tigers,5,110,Baltimore Orioles,3,0,8,-2
777542,2025,2025-06-11,2025-06-11,R,133,Athletics,5,108,Los Angeles Angels,6,1,11,1
777543,2025,2025-06-11,2025-06-11,R,119,Los Angeles Dodgers,5,135,San Diego Padres,2,0,7,-3
777545,2025,2025-06-11,2025-06-11,R,141,Toronto Blue Jays,5,138,St. Louis Cardinals,2,0,7,-3
777547,2025,2025-06-11,2025-06-11,R,137,San Francisco Giants,10,115,Colorado Rockies,7,0,17,-3
777548,2025,2025-06-11,2025-06-11,R,136,Seattle Mariners,2,109,Arizona Diamondbacks,5,1,7,3
777549,2025,2025-06-11,2025-06-11,R,113,Cincinnati Reds,2,114,Cleveland Guardians,11,1,13,9
777550,2025,2025-06-11,2025-06-11,R,145,Chicago White Sox,2,117,Houston Astros,10,1,12,8
777551,2025,2025-06-11,2025-06-11,R,147,New York Yankees,6,118,Kansas City Royals,3,0,9,-3
777552,2025,2025-06-11,2025-06-11,R,146,Miami Marlins,2,134,Pittsburgh Pirates,5,1,7,3
777553,2025,2025-06-11,2025-06-11,R,112,Chicago Cubs,2,143,Philadelphia Phillies,7,1,9,5
777554,2025,2025-06-11,2025-06-11,R,144,Atlanta Braves,6,158,Milwaukee Brewers,2,0,8,-4
777555,2025,2025-06-11,2025-06-11,R,120,Washington Nationals,0,121,New York Mets,5,1,5,5
777556,2025,2025-06-11,2025-06-11,R,140,Texas Rangers,2,142,Minnesota Twins,6,1,8,4
777561,2025,2025-06-11,2025-06-11,R,139,Tampa Bay Rays,3,111,Boston Red Sox,4,1,7,1
777562,2025,2025-06-11,2025-06-11,R,116,Detroit Tigers,1,110,Baltimore Orioles,10,1,11,9
777532,2025,2025-06-12,2025-06-12,R,138,St. Louis Cardinals,0,158,Milwaukee Brewers,6,1,6,6
777533,2025,2025-06-12,2025-06-12,R,140,Texas Rangers,16,142,Minnesota Twins,3,0,19,-13
777534,2025,2025-06-12,2025-06-12,R,137,San Francisco Giants,7,115,Colorado Rockies,8,1,15,1
777536,2025,2025-06-12,2025-06-12,R,147,New York Yankees,1,118,Kansas City Royals,0,0,1,-1
777540,2025,2025-06-12,2025-06-12,R,116,Detroit Tigers,4,110,Baltimore Orioles,1,0,5,-3
777541,2025,2025-06-12,2025-06-12,R,134,Pittsburgh Pirates,2,112,Chicago Cubs,3,1,5,1
777544,2025,2025-06-12,2025-06-12,R,120,Washington Nationals,3,121,New York Mets,4,1,7,1
777546,2025,2025-06-12,2025-06-12,R,145,Chicago White Sox,3,117,Houston Astros,4,1,7,1
777520,2025,2025-06-13,2025-06-13,R,114,Cleveland Guardians,2,136,Seattle Mariners,7,1,9,5
777521,2025,2025-06-13,2025-06-13,R,135,San Diego Padres,1,109,Arizona Diamondbacks,5,1,6,4
777522,2025,2025-06-13,2025-06-13,R,137,San Francisco Giants,6,119,Los Angeles Dodgers,2,0,8,-4
777524,2025,2025-06-13,2025-06-13,R,145,Chicago White Sox,1,140,Texas Rangers,3,1,4,2
777525,2025,2025-06-13,2025-06-13,R,138,St. Louis Cardinals,2,158,Milwaukee Brewers,3,1,5,1
777526,2025,2025-06-13,2025-06-13,R,134,Pittsburgh Pirates,2,112,Chicago Cubs,1,0,3,-1
777527,2025,2025-06-13,2025-06-13,R,142,Minnesota Twins,3,117,Houston Astros,10,1,13,7
777528,2025,2025-06-13,2025-06-13,R,139,Tampa Bay Rays,7,121,New York Mets,5,0,12,-2
777529,2025,2025-06-13,2025-06-13,R,133,Athletics,6,118,Kansas City Royals,4,0,10,-2
777530,2025,2025-06-13,2025-06-13,R,146,Miami Marlins,11,120,Washington Nationals,9,0,20,-2
777531,2025,2025-06-13,2025-06-13,R,141,Toronto Blue Jays,0,143,Philadelphia Phillies,8,1,8,8
777535,2025,2025-06-13,2025-06-13,R,115,Colorado Rockies,4,144,Atlanta Braves,12,1,16,8
777537,2025,2025-06-13,2025-06-13,R,147,New York Yankees,1,111,Boston Red Sox,2,1,3,1
777538,2025,2025-06-13,2025-06-13,R,113,Cincinnati Reds,5,116,Detroit Tigers,11,1,16,6
777539,2025,2025-06-13,2025-06-13,R,108,Los Angeles Angels,0,110,Baltimore Orioles,2,1,2,2
777506,2025,2025-06-14,2025-06-14,R,137,San Francisco Giants,5,119,Los Angeles Dodgers,11,1,16,6
777507,2025,2025-06-14,2025-06-14,R,114,Cleveland Guardians,3,136,Seattle Mariners,4,1,7,1
777508,2025,2025-06-14,2025-06-14,R,145,Chicago White Sox,4,140,Texas Rangers,5,1,9,1
777509,2025,2025-06-14,2025-06-14,R,141,Toronto Blue Jays,2,143,Philadelphia Phillies,3,1,5,1
777510,2025,2025-06-14,2025-06-14,R,142,Minnesota Twins,2,117,Houston Astros,3,1,5,1
777511,2025,2025-06-14,2025-06-14,R,133,Athletics,4,118,Kansas City Royals,0,0,4,-4
777512,2025,2025-06-14,2025-06-14,R,138,St. Louis Cardinals,8,158,Milwaukee Brewers,5,0,13,-3
777513,2025,2025-06-14,2025-06-14,R,134,Pittsburgh Pirates,1,112,Chicago Cubs,2,1,3,1
777514,2025,2025-06-14,2025-06-14,R,146,Miami Marlins,4,120,Washington Nationals,3,0,7,-1
777515,2025,2025-06-14,2025-06-14,R,135,San Diego Padres,7,109,Arizona Diamondbacks,8,1,15,1
777516,2025,2025-06-14,2025-06-14,R,147,New York Yankees,3,111,Boston Red Sox,4,1,7,1
777517,2025,2025-06-14,2025-06-14,R,113,Cincinnati Reds,11,116,Detroit Tigers,1,0,12,-10
777518,2025,2025-06-14,2025-06-14,R,139,Tampa Bay Rays,8,121,New York Mets,4,0,12,-4
777519,2025,2025-06-14,2025-06-14,R,108,Los Angeles Angels,5,110,Baltimore Orioles,6,1,11,1
777523,2025,2025-06-14,2025-06-14,R,115,Colorado Rockies,1,144,Atlanta Braves,4,1,5,3
777491,2025,2025-06-15,2025-06-15,R,135,San Diego Padres,8,109,Arizona Diamondbacks,2,0,10,-6
777492,2025,2025-06-15,2025-06-15,R,138,St. Louis Cardinals,2,158,Milwaukee Brewers,3,1,5,1
777493,2025,2025-06-15,2025-06-15,R,145,Chicago White Sox,1,140,Texas Rangers,2,1,3,1
777494,2025,2025-06-15,2025-06-15,R,142,Minnesota Twins,1,117,Houston Astros,2,1,3,1
777495,2025,2025-06-15,2025-06-15,R,114,Cleveland Guardians,0,136,Seattle Mariners,6,1,6,6
777496,2025,2025-06-15,2025-06-15,R,133,Athletics,3,118,Kansas City Royals,2,0,5,-1
777497,2025,2025-06-15,2025-06-15,R,134,Pittsburgh Pirates,2,112,Chicago Cubs,3,1,5,1
777498,2025,2025-06-15,2025-06-15,R,137,San Francisco Giants,4,119,Los Angeles Dodgers,5,1,9,1
777499,2025,2025-06-15,2025-06-15,R,141,Toronto Blue Jays,4,143,Philadelphia Phillies,11,1,15,7
777500,2025,2025-06-15,2025-06-15,R,147,New York Yankees,0,111,Boston Red Sox,2,1,2,2
777501,2025,2025-06-15,2025-06-15,R,108,Los Angeles Angels,2,110,Baltimore Orioles,11,1,13,9
777502,2025,2025-06-15,2025-06-15,R,139,Tampa Bay Rays,9,121,New York Mets,0,0,9,-9
777503,2025,2025-06-15,2025-06-15,R,146,Miami Marlins,3,120,Washington Nationals,1,0,4,-2
777504,2025,2025-06-15,2025-06-15,R,115,Colorado Rockies,10,144,Atlanta Braves,1,0,11,-9
777505,2025,2025-06-15,2025-06-15,R,113,Cincinnati Reds,8,116,Detroit Tigers,4,0,12,-4
777483,2025,2025-06-16,2025-06-16,R,143,Philadelphia Phillies,5,146,Miami Marlins,2,0,7,-3
777484,2025,2025-06-16,2025-06-16,R,110,Baltimore Orioles,1,139,Tampa Bay Rays,7,1,8,6
777485,2025,2025-06-16,2025-06-16,R,117,Houston Astros,1,133,Athletics,3,1,4,2
777486,2025,2025-06-16,2025-06-16,R,111,Boston Red Sox,2,136,Seattle Mariners,0,0,2,-2
777487,2025,2025-06-16,2025-06-16,R,108,Los Angeles Angels,1,147,New York Yankees,0,0,1,-1
777488,2025,2025-06-16,2025-06-16,R,115,Colorado Rockies,6,120,Washington Nationals,4,0,10,-2
777490,2025,2025-06-16,2025-06-16,R,135,San Diego Padres,3,119,Los Angeles Dodgers,6,1,9,3
777467,2025,2025-06-17,2025-06-17,R,138,St. Louis Cardinals,12,145,Chicago White Sox,2,0,14,-10
777468,2025,2025-06-17,2025-06-17,R,118,Kansas City Royals,6,140,Texas Rangers,1,0,7,-5
777469,2025,2025-06-17,2025-06-17,R,117,Houston Astros,13,133,Athletics,3,0,16,-10
777471,2025,2025-06-17,2025-06-17,R,135,San Diego Padres,6,119,Los Angeles Dodgers,8,1,14,2
777472,2025,2025-06-17,2025-06-17,R,114,Cleveland Guardians,3,137,San Francisco Giants,2,0,5,-1
777473,2025,2025-06-17,2025-06-17,R,111,Boston Red Sox,0,136,Seattle Mariners,8,1,8,8
777475,2025,2025-06-17,2025-06-17,R,134,Pittsburgh Pirates,3,116,Detroit Tigers,7,1,10,4
777476,2025,2025-06-17,2025-06-17,R,108,Los Angeles Angels,4,147,New York Yankees,0,0,4,-4
777477,2025,2025-06-17,2025-06-17,R,110,Baltimore Orioles,5,139,Tampa Bay Rays,1,0,6,-4
777478,2025,2025-06-17,2025-06-17,R,142,Minnesota Twins,5,113,Cincinnati Reds,6,1,11,1
777479,2025,2025-06-17,2025-06-17,R,109,Arizona Diamondbacks,4,141,Toronto Blue Jays,5,1,9,1
777480,2025,2025-06-17,2025-06-17,R,115,Colorado Rockies,10,120,Washington Nationals,6,0,16,-4
777481,2025,2025-06-17,2025-06-17,R,143,Philadelphia Phillies,3,146,Miami Marlins,8,1,11,5
777482,2025,2025-06-17,2025-06-17,R,158,Milwaukee Brewers,3,112,Chicago Cubs,5,1,8,2
777489,2025,2025-06-17,2025-06-17,R,121,New York Mets,4,144,Atlanta Braves,5,1,9,1
777453,2025,2025-06-18,2025-06-18,R,111,Boston Red Sox,3,136,Seattle Mariners,1,0,4,-2
777454,2025,2025-06-18,2025-06-18,R,114,Cleveland Guardians,4,137,San Francisco Giants,2,0,6,-2
777456,2025,2025-06-18,2025-06-18,R,117,Houston Astros,11,133,Athletics,4,0,15,-7
777457,2025,2025-06-18,2025-06-18,R,135,San Diego Padres,3,119,Los Angeles Dodgers,4,1,7,1
777460,2025,2025-06-18,2025-06-18,R,118,Kansas City Royals,6,140,Texas Rangers,3,0,9,-3
777461,2025,2025-06-18,2025-06-18,R,115,Colorado Rockies,3,120,Washington Nationals,1,0,4,-2
777462,2025,2025-06-18,2025-06-18,R,109,Arizona Diamondbacks,1,141,Toronto Blue Jays,8,1,9,7
777463,2025,2025-06-18,2025-06-18,R,110,Baltimore Orioles,8,139,Tampa Bay Rays,12,1,20,4
777465,2025,2025-06-18,2025-06-18,R,143,Philadelphia Phillies,4,146,Miami Marlins,2,0,6,-2
777466,2025,2025-06-18,2025-06-18,R,108,Los Angeles Angels,3,147,New York Yankees,2,0,5,-1
777470,2025,2025-06-18,2025-06-18,R,121,New York Mets,0,144,Atlanta Braves,5,1,5,5
777474,2025,2025-06-18,2025-06-18,R,142,Minnesota Twins,2,113,Cincinnati Reds,4,1,6,2
777440,2025,2025-06-19,2025-06-19,R,114,Cleveland Guardians,1,137,San Francisco Giants,2,1,3,1
777441,2025,2025-06-19,2025-06-19,R,117,Houston Astros,4,133,Athletics,6,1,10,2
777442,2025,2025-06-19,2025-06-19,R,135,San Diego Padres,5,119,Los Angeles Dodgers,3,0,8,-2
777443,2025,2025-06-19,2025-06-19,R,118,Kansas City Royals,4,140,Texas Rangers,1,0,5,-3
777444,2025,2025-06-19,2025-06-19,R,143,Philadelphia Phillies,2,146,Miami Marlins,1,0,3,-1
777445,2025,2025-06-19,2025-06-19,R,115,Colorado Rockies,3,120,Washington Nationals,4,1,7,1
777446,2025,2025-06-19,2025-06-19,R,110,Baltimore Orioles,4,139,Tampa Bay Rays,1,0,5,-3
777447,2025,2025-06-19,2025-06-19,R,138,St. Louis Cardinals,5,145,Chicago White Sox,4,0,9,-1
777448,2025,2025-06-19,2025-06-19,R,109,Arizona Diamondbacks,9,141,Toronto Blue Jays,5,0,14,-4
777449,2025,2025-06-19,2025-06-19,R,108,Los Angeles Angels,3,147,New York Yankees,7,1,10,4
777450,2025,2025-06-19,2025-06-19,R,158,Milwaukee Brewers,8,112,Chicago Cubs,7,0,15,-1
777451,2025,2025-06-19,2025-06-19,R,134,Pittsburgh Pirates,2,116,Detroit Tigers,9,1,11,7
777452,2025,2025-06-19,2025-06-19,R,142,Minnesota Twins,12,113,Cincinnati Reds,5,0,17,-7
777455,2025,2025-06-19,2025-06-19,R,121,New York Mets,1,144,Atlanta Braves,7,1,8,6
777458,2025,2025-06-19,2025-06-19,R,138,St. Louis Cardinals,8,145,Chicago White Sox,6,0,14,-2
777464,2025,2025-06-19,2025-06-19,R,134,Pittsburgh Pirates,8,116,Detroit Tigers,4,0,12,-4
777425,2025,2025-06-20,2025-06-20,R,111,Boston Red Sox,7,137,San Francisco Giants,5,0,12,-2
777426,2025,2025-06-20,2025-06-20,R,118,Kansas City Royals,6,135,San Diego Padres,5,0,11,-1
777427,2025,2025-06-20,2025-06-20,R,120,Washington Nationals,5,119,Los Angeles Dodgers,6,1,11,1
777428,2025,2025-06-20,2025-06-20,R,117,Houston Astros,3,108,Los Angeles Angels,2,0,5,-1
777429,2025,2025-06-20,2025-06-20,R,114,Cleveland Guardians,1,133,Athletics,5,1,6,4
777430,2025,2025-06-20,2025-06-20,R,109,Arizona Diamondbacks,14,115,Colorado Rockies,8,0,22,-6
777431,2025,2025-06-20,2025-06-20,R,116,Detroit Tigers,8,139,Tampa Bay Rays,14,1,22,6
777432,2025,2025-06-20,2025-06-20,R,140,Texas Rangers,6,134,Pittsburgh Pirates,2,0,8,-4
777433,2025,2025-06-20,2025-06-20,R,113,Cincinnati Reds,1,138,St. Louis Cardinals,6,1,7,5
777434,2025,2025-06-20,2025-06-20,R,158,Milwaukee Brewers,17,142,Minnesota Twins,6,0,23,-11
777435,2025,2025-06-20,2025-06-20,R,145,Chicago White Sox,7,141,Toronto Blue Jays,1,0,8,-6
777436,2025,2025-06-20,2025-06-20,R,136,Seattle Mariners,9,112,Chicago Cubs,4,0,13,-5
777437,2025,2025-06-20,2025-06-20,R,121,New York Mets,2,143,Philadelphia Phillies,10,1,12,8
777438,2025,2025-06-20,2025-06-20,R,110,Baltimore Orioles,5,147,New York Yankees,3,0,8,-2
777439,2025,2025-06-20,2025-06-20,R,144,Atlanta Braves,2,146,Miami Marlins,6,1,8,4
777410,2025,2025-06-21,2025-06-21,R,109,Arizona Diamondbacks,5,115,Colorado Rockies,3,0,8,-2
777411,2025,2025-06-21,2025-06-21,R,114,Cleveland Guardians,4,133,Athletics,2,0,6,-2
777412,2025,2025-06-21,2025-06-21,R,158,Milwaukee Brewers,9,142,Minnesota Twins,0,0,9,-9
777413,2025,2025-06-21,2025-06-21,R,118,Kansas City Royals,1,135,San Diego Padres,5,1,6,4
777414,2025,2025-06-21,2025-06-21,R,117,Houston Astros,1,108,Los Angeles Angels,9,1,10,8
777415,2025,2025-06-21,2025-06-21,R,113,Cincinnati Reds,5,138,St. Louis Cardinals,6,1,11,1
777416,2025,2025-06-21,2025-06-21,R,120,Washington Nationals,7,119,Los Angeles Dodgers,3,0,10,-4
777417,2025,2025-06-21,2025-06-21,R,111,Boston Red Sox,2,137,San Francisco Giants,3,1,5,1
777418,2025,2025-06-21,2025-06-21,R,145,Chicago White Sox,1,141,Toronto Blue Jays,7,1,8,6
777419,2025,2025-06-21,2025-06-21,R,136,Seattle Mariners,7,112,Chicago Cubs,10,1,17,3
777420,2025,2025-06-21,2025-06-21,R,116,Detroit Tigers,3,139,Tampa Bay Rays,8,1,11,5
777421,2025,2025-06-21,2025-06-21,R,140,Texas Rangers,3,134,Pittsburgh Pirates,2,0,5,-1
777422,2025,2025-06-21,2025-06-21,R,110,Baltimore Orioles,0,147,New York Yankees,9,1,9,9
777423,2025,2025-06-21,2025-06-21,R,121,New York Mets,11,143,Philadelphia Phillies,4,0,15,-7
777424,2025,2025-06-21,2025-06-21,R,144,Atlanta Braves,7,146,Miami Marlins,0,0,7,-7
777395,2025,2025-06-22,2025-06-22,R,111,Boston Red Sox,5,137,San Francisco Giants,9,1,14,4
777396,2025,2025-06-22,2025-06-22,R,118,Kansas City Royals,2,135,San Diego Padres,3,1,5,1
777397,2025,2025-06-22,2025-06-22,R,117,Houston Astros,8,108,Los Angeles Angels,7,0,15,-1
777398,2025,2025-06-22,2025-06-22,R,120,Washington Nationals,7,119,Los Angeles Dodgers,13,1,20,6
777399,2025,2025-06-22,2025-06-22,R,109,Arizona Diamondbacks,2,115,Colorado Rockies,4,1,6,2
777400,2025,2025-06-22,2025-06-22,R,114,Cleveland Guardians,3,133,Athletics,0,0,3,-3
777401,2025,2025-06-22,2025-06-22,R,158,Milwaukee Brewers,9,142,Minnesota Twins,8,0,17,-1
777402,2025,2025-06-22,2025-06-22,R,144,Atlanta Braves,3,146,Miami Marlins,5,1,8,2
777403,2025,2025-06-22,2025-06-22,R,136,Seattle Mariners,14,112,Chicago Cubs,6,0,20,-8
777404,2025,2025-06-22,2025-06-22,R,140,Texas Rangers,3,134,Pittsburgh Pirates,8,1,11,5
777405,2025,2025-06-22,2025-06-22,R,121,New York Mets,1,143,Philadelphia Phillies,7,1,8,6
777406,2025,2025-06-22,2025-06-22,R,110,Baltimore Orioles,2,147,New York Yankees,4,1,6,2
777407,2025,2025-06-22,2025-06-22,R,113,Cincinnati Reds,4,138,St. Louis Cardinals,1,0,5,-3
777408,2025,2025-06-22,2025-06-22,R,145,Chicago White Sox,4,141,Toronto Blue Jays,2,0,6,-2
777409,2025,2025-06-22,2025-06-22,R,116,Detroit Tigers,9,139,Tampa Bay Rays,3,0,12,-6
777381,2025,2025-06-23,2025-06-23,R,111,Boston Red Sox,5,108,Los Angeles Angels,9,1,14,4
777382,2025,2025-06-23,2025-06-23,R,120,Washington Nationals,10,135,San Diego Padres,6,0,16,-4
777388,2025,2025-06-23,2025-06-23,R,136,Seattle Mariners,11,142,Minnesota Twins,2,0,13,-9
777389,2025,2025-06-23,2025-06-23,R,144,Atlanta Braves,3,121,New York Mets,2,0,5,-1
777390,2025,2025-06-23,2025-06-23,R,147,New York Yankees,1,113,Cincinnati Reds,6,1,7,5
777391,2025,2025-06-23,2025-06-23,R,134,Pittsburgh Pirates,5,158,Milwaukee Brewers,4,0,9,-1
777392,2025,2025-06-23,2025-06-23,R,112,Chicago Cubs,2,138,St. Louis Cardinals,8,1,10,6
777393,2025,2025-06-23,2025-06-23,R,109,Arizona Diamondbacks,10,145,Chicago White Sox,0,0,10,-10
777394,2025,2025-06-23,2025-06-23,R,140,Texas Rangers,0,110,Baltimore Orioles,6,1,6,6
777364,2025,2025-06-24,2025-06-24,R,146,Miami Marlins,4,137,San Francisco Giants,2,0,6,-2
777372,2025,2025-06-24,2025-06-24,R,120,Washington Nationals,3,135,San Diego Padres,4,1,7,1
777373,2025,2025-06-24,2025-06-24,R,112,Chicago Cubs,7,138,St. Louis Cardinals,8,1,15,1
777374,2025,2025-06-24,2025-06-24,R,134,Pittsburgh Pirates,3,158,Milwaukee Brewers,9,1,12,6
777375,2025,2025-06-24,2025-06-24,R,136,Seattle Mariners,6,142,Minnesota Twins,5,0,11,-1
777376,2025,2025-06-24,2025-06-24,R,111,Boston Red Sox,2,108,Los Angeles Angels,3,1,5,1
777377,2025,2025-06-24,2025-06-24,R,143,Philadelphia Phillies,0,117,Houston Astros,1,1,1,1
777378,2025,2025-06-24,2025-06-24,R,139,Tampa Bay Rays,5,118,Kansas City Royals,1,0,6,-4
777379,2025,2025-06-24,2025-06-24,R,119,Los Angeles Dodgers,9,115,Colorado Rockies,7,0,16,-2
777380,2025,2025-06-24,2025-06-24,R,140,Texas Rangers,6,110,Baltimore Orioles,5,0,11,-1
777383,2025,2025-06-24,2025-06-24,R,109,Arizona Diamondbacks,4,145,Chicago White Sox,1,0,5,-3
777384,2025,2025-06-24,2025-06-24,R,141,Toronto Blue Jays,10,114,Cleveland Guardians,6,0,16,-4
777385,2025,2025-06-24,2025-06-24,R,147,New York Yankees,4,113,Cincinnati Reds,5,1,9,1
777386,2025,2025-06-24,2025-06-24,R,133,Athletics,4,116,Detroit Tigers,11,1,15,7
777387,2025,2025-06-24,2025-06-24,R,144,Atlanta Braves,7,121,New York Mets,4,0,11,-3
777355,2025,2025-06-25,2025-06-25,R,146,Miami Marlins,8,137,San Francisco Giants,5,0,13,-3
777357,2025,2025-06-25,2025-06-25,R,112,Chicago Cubs,8,138,St. Louis Cardinals,0,0,8,-8
777358,2025,2025-06-25,2025-06-25,R,119,Los Angeles Dodgers,8,115,Colorado Rockies,1,0,9,-7
777359,2025,2025-06-25,2025-06-25,R,139,Tampa Bay Rays,3,118,Kansas City Royals,0,0,3,-3
777360,2025,2025-06-25,2025-06-25,R,120,Washington Nationals,0,135,San Diego Padres,1,1,1,1
777361,2025,2025-06-25,2025-06-25,R,134,Pittsburgh Pirates,2,158,Milwaukee Brewers,4,1,6,2
777362,2025,2025-06-25,2025-06-25,R,111,Boston Red Sox,2,108,Los Angeles Angels,5,1,7,3
777363,2025,2025-06-25,2025-06-25,R,136,Seattle Mariners,0,142,Minnesota Twins,2,1,2,2
777365,2025,2025-06-25,2025-06-25,R,140,Texas Rangers,7,110,Baltimore Orioles,0,0,7,-7
777366,2025,2025-06-25,2025-06-25,R,143,Philadelphia Phillies,0,117,Houston Astros,2,1,2,2
777367,2025,2025-06-25,2025-06-25,R,147,New York Yankees,7,113,Cincinnati Reds,1,0,8,-6
777368,2025,2025-06-25,2025-06-25,R,141,Toronto Blue Jays,4,114,Cleveland Guardians,5,1,9,1
777369,2025,2025-06-25,2025-06-25,R,144,Atlanta Braves,3,121,New York Mets,7,1,10,4
777370,2025,2025-06-25,2025-06-25,R,109,Arizona Diamondbacks,3,145,Chicago White Sox,7,1,10,4
777371,2025,2025-06-25,2025-06-25,R,133,Athletics,3,116,Detroit Tigers,0,0,3,-3
777344,2025,2025-06-26,2025-06-26,R,119,Los Angeles Dodgers,3,115,Colorado Rockies,1,0,4,-2
777347,2025,2025-06-26,2025-06-26,R,146,Miami Marlins,12,137,San Francisco Giants,5,0,17,-7
777348,2025,2025-06-26,2025-06-26,R,112,Chicago Cubs,3,138,St. Louis Cardinals,0,0,3,-3
777350,2025,2025-06-26,2025-06-26,R,143,Philadelphia Phillies,1,117,Houston Astros,2,1,3,1
777351,2025,2025-06-26,2025-06-26,R,133,Athletics,0,116,Detroit Tigers,8,1,8,8
777352,2025,2025-06-26,2025-06-26,R,144,Atlanta Braves,0,121,New York Mets,4,1,4,4
777353,2025,2025-06-26,2025-06-26,R,139,Tampa Bay Rays,4,118,Kansas City Royals,0,0,4,-4
777354,2025,2025-06-26,2025-06-26,R,141,Toronto Blue Jays,6,114,Cleveland Guardians,0,0,6,-6
777356,2025,2025-06-26,2025-06-26,R,136,Seattle Mariners,1,142,Minnesota Twins,10,1,11,9
777331,2025,2025-06-27,2025-06-27,R,120,Washington Nationals,15,108,Los Angeles Angels,9,0,24,-6
777332,2025,2025-06-27,2025-06-27,R,146,Miami Marlins,9,109,Arizona Diamondbacks,8,0,17,-1
777334,2025,2025-06-27,2025-06-27,R,142,Minnesota Twins,4,116,Detroit Tigers,1,0,5,-3
777335,2025,2025-06-27,2025-06-27,R,119,Los Angeles Dodgers,5,118,Kansas City Royals,4,0,9,-1
777336,2025,2025-06-27,2025-06-27,R,112,Chicago Cubs,4,117,Houston Astros,7,1,11,3
777337,2025,2025-06-27,2025-06-27,R,133,Athletics,0,147,New York Yankees,3,1,3,3
777338,2025,2025-06-27,2025-06-27,R,137,San Francisco Giants,3,145,Chicago White Sox,1,0,4,-2
777339,2025,2025-06-27,2025-06-27,R,115,Colorado Rockies,6,158,Milwaukee Brewers,10,1,16,4
777340,2025,2025-06-27,2025-06-27,R,136,Seattle Mariners,7,140,Texas Rangers,6,0,13,-1
777341,2025,2025-06-27,2025-06-27,R,121,New York Mets,1,134,Pittsburgh Pirates,9,1,10,8
777342,2025,2025-06-27,2025-06-27,R,143,Philadelphia Phillies,13,144,Atlanta Braves,0,0,13,-13
777343,2025,2025-06-27,2025-06-27,R,139,Tampa Bay Rays,8,110,Baltimore Orioles,22,1,30,14
777345,2025,2025-06-27,2025-06-27,R,141,Toronto Blue Jays,9,111,Boston Red Sox,0,0,9,-9
777346,2025,2025-06-27,2025-06-27,R,135,San Diego Padres,1,113,Cincinnati Reds,8,1,9,7
777349,2025,2025-06-27,2025-06-27,R,138,St. Louis Cardinals,5,114,Cleveland Guardians,0,0,5,-5
777315,2025,2025-06-28,2025-06-28,R,120,Washington Nationals,2,108,Los Angeles Angels,8,1,10,6
777318,2025,2025-06-28,2025-06-28,R,146,Miami Marlins,8,109,Arizona Diamondbacks,7,0,15,-1
777319,2025,2025-06-28,2025-06-28,R,119,Los Angeles Dodgers,5,118,Kansas City Royals,9,1,14,4
777320,2025,2025-06-28,2025-06-28,R,112,Chicago Cubs,12,117,Houston Astros,3,0,15,-9
777321,2025,2025-06-28,2025-06-28,R,115,Colorado Rockies,0,158,Milwaukee Brewers,5,1,5,5
777322,2025,2025-06-28,2025-06-28,R,136,Seattle Mariners,2,140,Texas Rangers,3,1,5,1
777323,2025,2025-06-28,2025-06-28,R,141,Toronto Blue Jays,1,111,Boston Red Sox,15,1,16,14
777324,2025,2025-06-28,2025-06-28,R,142,Minnesota Twins,5,116,Detroit Tigers,10,1,15,5
777325,2025,2025-06-28,2025-06-28,R,121,New York Mets,2,134,Pittsburgh Pirates,9,1,11,7
777326,2025,2025-06-28,2025-06-28,R,133,Athletics,7,147,New York Yankees,0,0,7,-7
777327,2025,2025-06-28,2025-06-28,R,137,San Francisco Giants,0,145,Chicago White Sox,1,1,1,1
777328,2025,2025-06-28,2025-06-28,R,135,San Diego Padres,6,113,Cincinnati Reds,4,0,10,-2
777329,2025,2025-06-28,2025-06-28,R,138,St. Louis Cardinals,9,114,Cleveland Guardians,6,0,15,-3
777330,2025,2025-06-28,2025-06-28,R,139,Tampa Bay Rays,11,110,Baltimore Orioles,3,0,14,-8
777333,2025,2025-06-28,2025-06-28,R,143,Philadelphia Phillies,1,144,Atlanta Braves,6,1,7,5
777301,2025,2025-06-29,2025-06-29,R,115,Colorado Rockies,4,158,Milwaukee Brewers,3,0,7,-1
777302,2025,2025-06-29,2025-06-29,R,136,Seattle Mariners,6,140,Texas Rangers,4,0,10,-2
777303,2025,2025-06-29,2025-06-29,R,146,Miami Marlins,6,109,Arizona Diamondbacks,4,0,10,-2
777304,2025,2025-06-29,2025-06-29,R,119,Los Angeles Dodgers,5,118,Kansas City Royals,1,0,6,-4
777305,2025,2025-06-29,2025-06-29,R,120,Washington Nationals,7,108,Los Angeles Angels,4,0,11,-3
777307,2025,2025-06-29,2025-06-29,R,133,Athletics,5,147,New York Yankees,12,1,17,7
777308,2025,2025-06-29,2025-06-29,R,112,Chicago Cubs,0,117,Houston Astros,2,1,2,2
777309,2025,2025-06-29,2025-06-29,R,138,St. Louis Cardinals,7,114,Cleveland Guardians,0,0,7,-7
777310,2025,2025-06-29,2025-06-29,R,141,Toronto Blue Jays,5,111,Boston Red Sox,3,0,8,-2
777311,2025,2025-06-29,2025-06-29,R,137,San Francisco Giants,2,145,Chicago White Sox,5,1,7,3
777312,2025,2025-06-29,2025-06-29,R,135,San Diego Padres,2,113,Cincinnati Reds,3,1,5,1
777313,2025,2025-06-29,2025-06-29,R,121,New York Mets,1,134,Pittsburgh Pirates,12,1,13,11
777314,2025,2025-06-29,2025-06-29,R,142,Minnesota Twins,0,116,Detroit Tigers,3,1,3,3
777316,2025,2025-06-29,2025-06-29,R,143,Philadelphia Phillies,2,144,Atlanta Braves,1,0,3,-1
777317,2025,2025-06-29,2025-06-29,R,139,Tampa Bay Rays,1,110,Baltimore Orioles,5,1,6,4
777291,2025,2025-06-30,2025-06-30,R,137,San Francisco Giants,2,109,Arizona Diamondbacks,4,1,6,2
777292,2025,2025-06-30,2025-06-30,R,110,Baltimore Orioles,10,140,Texas Rangers,6,0,16,-4
777295,2025,2025-06-30,2025-06-30,R,147,New York Yankees,4,141,Toronto Blue Jays,5,1,9,1
777296,2025,2025-06-30,2025-06-30,R,133,Athletics,6,139,Tampa Bay Rays,4,0,10,-2
777297,2025,2025-06-30,2025-06-30,R,118,Kansas City Royals,2,136,Seattle Mariners,6,1,8,4
777299,2025,2025-06-30,2025-06-30,R,138,St. Louis Cardinals,0,134,Pittsburgh Pirates,7,1,7,7
777300,2025,2025-06-30,2025-06-30,R,113,Cincinnati Reds,6,111,Boston Red Sox,13,1,19,7
777306,2025,2025-06-30,2025-06-30,R,135,San Diego Padres,0,143,Philadelphia Phillies,4,1,4,4
777278,2025,2025-07-01,2025-07-01,R,137,San Francisco Giants,2,109,Arizona Diamondbacks,8,1,10,6
777280,2025,2025-07-01,2025-07-01,R,145,Chicago White Sox,1,119,Los Angeles Dodgers,6,1,7,5
777281,2025,2025-07-01,2025-07-01,R,118,Kansas City Royals,6,136,Seattle Mariners,3,0,9,-3
777282,2025,2025-07-01,2025-07-01,R,110,Baltimore Orioles,2,140,Texas Rangers,10,1,12,8
777283,2025,2025-07-01,2025-07-01,R,147,New York Yankees,5,141,Toronto Blue Jays,12,1,17,7
777285,2025,2025-07-01,2025-07-01,R,117,Houston Astros,6,115,Colorado Rockies,5,0,11,-1
777286,2025,2025-07-01,2025-07-01,R,133,Athletics,4,139,Tampa Bay Rays,3,0,7,-1
777287,2025,2025-07-01,2025-07-01,R,114,Cleveland Guardians,2,112,Chicago Cubs,5,1,7,3
777288,2025,2025-07-01,2025-07-01,R,138,St. Louis Cardinals,0,134,Pittsburgh Pirates,1,1,1,1
777293,2025,2025-07-01,2025-07-01,R,142,Minnesota Twins,0,146,Miami Marlins,2,1,2,2
777294,2025,2025-07-01,2025-07-01,R,113,Cincinnati Reds,3,111,Boston Red Sox,5,1,8,2
777298,2025,2025-07-01,2025-07-01,R,108,Los Angeles Angels,4,144,Atlanta Braves,0,0,4,-4
777262,2025,2025-07-02,2025-07-02,R,118,Kansas City Royals,2,136,Seattle Mariners,3,1,5,1
777265,2025,2025-07-02,2025-07-02,R,116,Detroit Tigers,4,120,Washington Nationals,9,1,13,5
777266,2025,2025-07-02,2025-07-02,R,114,Cleveland Guardians,4,112,Chicago Cubs,5,1,9,1
777267,2025,2025-07-02,2025-07-02,R,145,Chicago White Sox,4,119,Los Angeles Dodgers,5,1,9,1
777268,2025,2025-07-02,2025-07-02,R,110,Baltimore Orioles,0,140,Texas Rangers,6,1,6,6
777269,2025,2025-07-02,2025-07-02,R,117,Houston Astros,5,115,Colorado Rockies,3,0,8,-2
777270,2025,2025-07-02,2025-07-02,R,137,San Francisco Giants,6,109,Arizona Diamondbacks,5,0,11,-1
777271,2025,2025-07-02,2025-07-02,R,133,Athletics,5,139,Tampa Bay Rays,6,1,11,1
777272,2025,2025-07-02,2025-07-02,R,138,St. Louis Cardinals,0,134,Pittsburgh Pirates,5,1,5,5
777273,2025,2025-07-02,2025-07-02,R,135,San Diego Padres,6,143,Philadelphia Phillies,4,0,10,-2
777274,2025,2025-07-02,2025-07-02,R,147,New York Yankees,9,141,Toronto Blue Jays,11,1,20,2
777275,2025,2025-07-02,2025-07-02,R,142,Minnesota Twins,2,146,Miami Marlins,1,0,3,-1
777276,2025,2025-07-02,2025-07-02,R,158,Milwaukee Brewers,3,121,New York Mets,7,1,10,4
777277,2025,2025-07-02,2025-07-02,R,113,Cincinnati Reds,8,111,Boston Red Sox,4,0,12,-4
777279,2025,2025-07-02,2025-07-02,R,108,Los Angeles Angels,3,144,Atlanta Braves,8,1,11,5
777284,2025,2025-07-02,2025-07-02,R,116,Detroit Tigers,11,120,Washington Nationals,2,0,13,-9
777289,2025,2025-07-02,2025-07-02,R,158,Milwaukee Brewers,7,121,New York Mets,2,0,9,-5
777290,2025,2025-07-02,2025-07-02,R,135,San Diego Padres,1,143,Philadelphia Phillies,5,1,6,4
777251,2025,2025-07-03,2025-07-03,R,118,Kansas City Royals,3,136,Seattle Mariners,2,0,5,-1
777253,2025,2025-07-03,2025-07-03,R,145,Chicago White Sox,2,119,Los Angeles Dodgers,6,1,8,4
777256,2025,2025-07-03,2025-07-03,R,137,San Francisco Giants,7,109,Arizona Diamondbacks,2,0,9,-5
777257,2025,2025-07-03,2025-07-03,R,158,Milwaukee Brewers,2,121,New York Mets,3,1,5,1
777258,2025,2025-07-03,2025-07-03,R,116,Detroit Tigers,7,120,Washington Nationals,11,1,18,4
777259,2025,2025-07-03,2025-07-03,R,114,Cleveland Guardians,0,112,Chicago Cubs,1,1,1,1
777260,2025,2025-07-03,2025-07-03,R,147,New York Yankees,5,141,Toronto Blue Jays,8,1,13,3
777261,2025,2025-07-03,2025-07-03,R,108,Los Angeles Angels,5,144,Atlanta Braves,1,0,6,-4
777263,2025,2025-07-03,2025-07-03,R,142,Minnesota Twins,1,146,Miami Marlins,4,1,5,3
777264,2025,2025-07-03,2025-07-03,R,117,Houston Astros,6,115,Colorado Rockies,7,1,13,1
777235,2025,2025-07-04,2025-07-04,R,117,Houston Astros,18,119,Los Angeles Dodgers,1,0,19,-17
777236,2025,2025-07-04,2025-07-04,R,134,Pittsburgh Pirates,0,136,Seattle Mariners,6,1,6,6
777239,2025,2025-07-04,2025-07-04,R,140,Texas Rangers,2,135,San Diego Padres,3,1,5,1
777242,2025,2025-07-04,2025-07-04,R,108,Los Angeles Angels,3,141,Toronto Blue Jays,4,1,7,1
777243,2025,2025-07-04,2025-07-04,R,145,Chicago White Sox,3,115,Colorado Rockies,2,0,5,-1
777244,2025,2025-07-04,2025-07-04,R,137,San Francisco Giants,2,133,Athletics,11,1,13,9
777245,2025,2025-07-04,2025-07-04,R,111,Boston Red Sox,11,120,Washington Nationals,2,0,13,-9
777246,2025,2025-07-04,2025-07-04,R,138,St. Louis Cardinals,3,112,Chicago Cubs,11,1,14,8
777247,2025,2025-07-04,2025-07-04,R,139,Tampa Bay Rays,3,142,Minnesota Twins,4,1,7,1
777248,2025,2025-07-04,2025-07-04,R,118,Kansas City Royals,9,109,Arizona Diamondbacks,3,0,12,-6
777249,2025,2025-07-04,2025-07-04,R,116,Detroit Tigers,2,114,Cleveland Guardians,1,0,3,-1
777250,2025,2025-07-04,2025-07-04,R,147,New York Yankees,5,121,New York Mets,6,1,11,1
777252,2025,2025-07-04,2025-07-04,R,110,Baltimore Orioles,3,144,Atlanta Braves,2,0,5,-1
777254,2025,2025-07-04,2025-07-04,R,158,Milwaukee Brewers,6,146,Miami Marlins,5,0,11,-1
777255,2025,2025-07-04,2025-07-04,R,113,Cincinnati Reds,9,143,Philadelphia Phillies,6,0,15,-3
777221,2025,2025-07-05,2025-07-05,R,117,Houston Astros,6,119,Los Angeles Dodgers,4,0,10,-2
777223,2025,2025-07-05,2025-07-05,R,140,Texas Rangers,7,135,San Diego Padres,4,0,11,-3
777225,2025,2025-07-05,2025-07-05,R,134,Pittsburgh Pirates,0,136,Seattle Mariners,1,1,1,1
777227,2025,2025-07-05,2025-07-05,R,137,San Francisco Giants,7,133,Athletics,2,0,9,-5
777228,2025,2025-07-05,2025-07-05,R,111,Boston Red Sox,10,120,Washington Nationals,3,0,13,-7
777229,2025,2025-07-05,2025-07-05,R,138,St. Louis Cardinals,8,112,Chicago Cubs,6,0,14,-2
777230,2025,2025-07-05,2025-07-05,R,139,Tampa Bay Rays,5,142,Minnesota Twins,6,1,11,1
777231,2025,2025-07-05,2025-07-05,R,108,Los Angeles Angels,3,141,Toronto Blue Jays,4,1,7,1
777232,2025,2025-07-05,2025-07-05,R,145,Chicago White Sox,10,115,Colorado Rockies,3,0,13,-7
777233,2025,2025-07-05,2025-07-05,R,113,Cincinnati Reds,1,143,Philadelphia Phillies,5,1,6,4
777234,2025,2025-07-05,2025-07-05,R,118,Kansas City Royals,1,109,Arizona Diamondbacks,7,1,8,6
777237,2025,2025-07-05,2025-07-05,R,110,Baltimore Orioles,9,144,Atlanta Braves,6,0,15,-3
777238,2025,2025-07-05,2025-07-05,R,158,Milwaukee Brewers,2,146,Miami Marlins,4,1,6,2
777240,2025,2025-07-05,2025-07-05,R,116,Detroit Tigers,1,114,Cleveland Guardians,0,0,1,-1
777241,2025,2025-07-05,2025-07-05,R,147,New York Yankees,6,121,New York Mets,12,1,18,6
777205,2025,2025-07-06,2025-07-06,R,134,Pittsburgh Pirates,0,136,Seattle Mariners,1,1,1,1
777206,2025,2025-07-06,2025-07-06,R,117,Houston Astros,5,119,Los Angeles Dodgers,1,0,6,-4
777207,2025,2025-07-06,2025-07-06,R,140,Texas Rangers,1,135,San Diego Padres,4,1,5,3
777210,2025,2025-07-06,2025-07-06,R,137,San Francisco Giants,6,133,Athletics,2,0,8,-4
777213,2025,2025-07-06,2025-07-06,R,111,Boston Red Sox,6,120,Washington Nationals,4,0,10,-2
777214,2025,2025-07-06,2025-07-06,R,108,Los Angeles Angels,2,141,Toronto Blue Jays,3,1,5,1
777215,2025,2025-07-06,2025-07-06,R,145,Chicago White Sox,4,115,Colorado Rockies,6,1,10,2
777216,2025,2025-07-06,2025-07-06,R,147,New York Yankees,6,121,New York Mets,4,0,10,-2
777217,2025,2025-07-06,2025-07-06,R,113,Cincinnati Reds,1,143,Philadelphia Phillies,3,1,4,2
777218,2025,2025-07-06,2025-07-06,R,118,Kansas City Royals,4,109,Arizona Diamondbacks,0,0,4,-4
777219,2025,2025-07-06,2025-07-06,R,138,St. Louis Cardinals,0,112,Chicago Cubs,11,1,11,11
777220,2025,2025-07-06,2025-07-06,R,139,Tampa Bay Rays,7,142,Minnesota Twins,5,0,12,-2
777222,2025,2025-07-06,2025-07-06,R,110,Baltimore Orioles,2,144,Atlanta Braves,1,0,3,-1
777224,2025,2025-07-06,2025-07-06,R,158,Milwaukee Brewers,3,146,Miami Marlins,1,0,4,-2
777226,2025,2025-07-06,2025-07-06,R,116,Detroit Tigers,7,114,Cleveland Guardians,2,0,9,-5
777199,2025,2025-07-07,2025-07-07,R,143,Philadelphia Phillies,1,137,San Francisco Giants,3,1,4,2
777200,2025,2025-07-07,2025-07-07,R,140,Texas Rangers,5,108,Los Angeles Angels,6,1,11,1
777201,2025,2025-07-07,2025-07-07,R,119,Los Angeles Dodgers,1,158,Milwaukee Brewers,9,1,10,8
777202,2025,2025-07-07,2025-07-07,R,114,Cleveland Guardians,7,117,Houston Astros,5,0,12,-2
777203,2025,2025-07-07,2025-07-07,R,109,Arizona Diamondbacks,6,135,San Diego Padres,3,0,9,-3
777204,2025,2025-07-07,2025-07-07,R,134,Pittsburgh Pirates,3,118,Kansas City Royals,9,1,12,6
777208,2025,2025-07-07,2025-07-07,R,146,Miami Marlins,5,113,Cincinnati Reds,1,0,6,-4
777209,2025,2025-07-07,2025-07-07,R,115,Colorado Rockies,3,111,Boston Red Sox,9,1,12,6
777211,2025,2025-07-07,2025-07-07,R,139,Tampa Bay Rays,1,116,Detroit Tigers,5,1,6,4
777212,2025,2025-07-07,2025-07-07,R,141,Toronto Blue Jays,8,145,Chicago White Sox,4,0,12,-4
777180,2025,2025-07-08,2025-07-08,R,140,Texas Rangers,13,108,Los Angeles Angels,1,0,14,-12
777185,2025,2025-07-08,2025-07-08,R,109,Arizona Diamondbacks,0,135,San Diego Padres,1,1,1,1
777186,2025,2025-07-08,2025-07-08,R,143,Philadelphia Phillies,3,137,San Francisco Giants,4,1,7,1
777187,2025,2025-07-08,2025-07-08,R,136,Seattle Mariners,3,147,New York Yankees,10,1,13,7
777188,2025,2025-07-08,2025-07-08,R,141,Toronto Blue Jays,6,145,Chicago White Sox,1,0,7,-5
777189,2025,2025-07-08,2025-07-08,R,144,Atlanta Braves,1,133,Athletics,10,1,11,9
777190,2025,2025-07-08,2025-07-08,R,112,Chicago Cubs,1,142,Minnesota Twins,8,1,9,7
777191,2025,2025-07-08,2025-07-08,R,120,Washington Nationals,2,138,St. Louis Cardinals,4,1,6,2
777192,2025,2025-07-08,2025-07-08,R,114,Cleveland Guardians,10,117,Houston Astros,6,0,16,-4
777193,2025,2025-07-08,2025-07-08,R,119,Los Angeles Dodgers,1,158,Milwaukee Brewers,3,1,4,2
777194,2025,2025-07-08,2025-07-08,R,134,Pittsburgh Pirates,3,118,Kansas City Royals,4,1,7,1
777195,2025,2025-07-08,2025-07-08,R,139,Tampa Bay Rays,2,116,Detroit Tigers,4,1,6,2
777196,2025,2025-07-08,2025-07-08,R,115,Colorado Rockies,2,111,Boston Red Sox,10,1,12,8
777197,2025,2025-07-08,2025-07-08,R,146,Miami Marlins,12,113,Cincinnati Reds,2,0,14,-10
777198,2025,2025-07-08,2025-07-08,R,121,New York Mets,7,110,Baltimore Orioles,6,0,13,-1
777162,2025,2025-07-09,2025-07-09,R,109,Arizona Diamondbacks,8,135,San Diego Padres,2,0,10,-6
777163,2025,2025-07-09,2025-07-09,R,143,Philadelphia Phillies,13,137,San Francisco Giants,0,0,13,-13
777171,2025,2025-07-09,2025-07-09,R,140,Texas Rangers,8,108,Los Angeles Angels,11,1,19,3
777172,2025,2025-07-09,2025-07-09,R,141,Toronto Blue Jays,1,145,Chicago White Sox,2,1,3,1
777173,2025,2025-07-09,2025-07-09,R,112,Chicago Cubs,2,142,Minnesota Twins,4,1,6,2
777174,2025,2025-07-09,2025-07-09,R,114,Cleveland Guardians,4,117,Houston Astros,2,0,6,-2
777175,2025,2025-07-09,2025-07-09,R,119,Los Angeles Dodgers,2,158,Milwaukee Brewers,3,1,5,1
777176,2025,2025-07-09,2025-07-09,R,144,Atlanta Braves,9,133,Athletics,2,0,11,-7
777177,2025,2025-07-09,2025-07-09,R,134,Pittsburgh Pirates,3,118,Kansas City Royals,4,1,7,1
777178,2025,2025-07-09,2025-07-09,R,120,Washington Nationals,8,138,St. Louis Cardinals,2,0,10,-6
777179,2025,2025-07-09,2025-07-09,R,115,Colorado Rockies,2,111,Boston Red Sox,10,1,12,8
777182,2025,2025-07-09,2025-07-09,R,139,Tampa Bay Rays,7,116,Detroit Tigers,3,0,10,-4
777183,2025,2025-07-09,2025-07-09,R,146,Miami Marlins,2,113,Cincinnati Reds,7,1,9,5
777184,2025,2025-07-09,2025-07-09,R,136,Seattle Mariners,6,147,New York Yankees,9,1,15,3
777156,2025,2025-07-10,2025-07-10,R,144,Atlanta Braves,4,133,Athletics,5,1,9,1
777158,2025,2025-07-10,2025-07-10,R,109,Arizona Diamondbacks,3,135,San Diego Padres,4,1,7,1
777159,2025,2025-07-10,2025-07-10,R,140,Texas Rangers,11,108,Los Angeles Angels,4,0,15,-7
777165,2025,2025-07-10,2025-07-10,R,121,New York Mets,1,110,Baltimore Orioles,3,1,4,2
777166,2025,2025-07-10,2025-07-10,R,112,Chicago Cubs,8,142,Minnesota Twins,1,0,9,-7
777167,2025,2025-07-10,2025-07-10,R,120,Washington Nationals,1,138,St. Louis Cardinals,8,1,9,7
777168,2025,2025-07-10,2025-07-10,R,146,Miami Marlins,0,113,Cincinnati Reds,6,1,6,6
777169,2025,2025-07-10,2025-07-10,R,136,Seattle Mariners,5,147,New York Yankees,6,1,11,1
777170,2025,2025-07-10,2025-07-10,R,139,Tampa Bay Rays,3,111,Boston Red Sox,4,1,7,1
777181,2025,2025-07-10,2025-07-10,R,121,New York Mets,3,110,Baltimore Orioles,7,1,10,4
777139,2025,2025-07-11,2025-07-11,R,143,Philadelphia Phillies,2,135,San Diego Padres,4,1,6,2
777143,2025,2025-07-11,2025-07-11,R,119,Los Angeles Dodgers,7,137,San Francisco Giants,8,1,15,1
777146,2025,2025-07-11,2025-07-11,R,114,Cleveland Guardians,4,145,Chicago White Sox,5,1,9,1
777147,2025,2025-07-11,2025-07-11,R,144,Atlanta Braves,6,138,St. Louis Cardinals,5,0,11,-1
777148,2025,2025-07-11,2025-07-11,R,134,Pittsburgh Pirates,1,142,Minnesota Twins,2,1,3,1
777149,2025,2025-07-11,2025-07-11,R,120,Washington Nationals,3,158,Milwaukee Brewers,8,1,11,5
777150,2025,2025-07-11,2025-07-11,R,109,Arizona Diamondbacks,5,108,Los Angeles Angels,6,1,11,1
777151,2025,2025-07-11,2025-07-11,R,121,New York Mets,8,118,Kansas City Royals,3,0,11,-5
777152,2025,2025-07-11,2025-07-11,R,141,Toronto Blue Jays,7,133,Athletics,6,0,13,-1
777153,2025,2025-07-11,2025-07-11,R,112,Chicago Cubs,0,147,New York Yankees,11,1,11,11
777154,2025,2025-07-11,2025-07-11,R,140,Texas Rangers,7,117,Houston Astros,3,0,10,-4
777155,2025,2025-07-11,2025-07-11,R,139,Tampa Bay Rays,4,111,Boston Red Sox,5,1,9,1
777157,2025,2025-07-11,2025-07-11,R,146,Miami Marlins,2,110,Baltimore Orioles,5,1,7,3
777160,2025,2025-07-11,2025-07-11,R,115,Colorado Rockies,3,113,Cincinnati Reds,2,0,5,-1
777161,2025,2025-07-11,2025-07-11,R,136,Seattle Mariners,12,116,Detroit Tigers,3,0,15,-9
777164,2025,2025-07-11,2025-07-11,R,114,Cleveland Guardians,4,145,Chicago White Sox,2,0,6,-2
777126,2025,2025-07-12,2025-07-12,R,143,Philadelphia Phillies,4,135,San Diego Padres,5,1,9,1
777127,2025,2025-07-12,2025-07-12,R,119,Los Angeles Dodgers,2,137,San Francisco Giants,1,0,3,-1
777131,2025,2025-07-12,2025-07-12,R,109,Arizona Diamondbacks,5,108,Los Angeles Angels,10,1,15,5
777132,2025,2025-07-12,2025-07-12,R,141,Toronto Blue Jays,3,133,Athletics,4,1,7,1
777133,2025,2025-07-12,2025-07-12,R,144,Atlanta Braves,7,138,St. Louis Cardinals,6,0,13,-1
777134,2025,2025-07-12,2025-07-12,R,134,Pittsburgh Pirates,4,142,Minnesota Twins,12,1,16,8
777135,2025,2025-07-12,2025-07-12,R,120,Washington Nationals,5,158,Milwaukee Brewers,6,1,11,1
777136,2025,2025-07-12,2025-07-12,R,121,New York Mets,3,118,Kansas City Royals,1,0,4,-2
777137,2025,2025-07-12,2025-07-12,R,140,Texas Rangers,4,117,Houston Astros,5,1,9,1
777138,2025,2025-07-12,2025-07-12,R,114,Cleveland Guardians,6,145,Chicago White Sox,2,0,8,-4
777140,2025,2025-07-12,2025-07-12,R,115,Colorado Rockies,3,113,Cincinnati Reds,4,1,7,1
777141,2025,2025-07-12,2025-07-12,R,146,Miami Marlins,6,110,Baltimore Orioles,0,0,6,-6
777142,2025,2025-07-12,2025-07-12,R,112,Chicago Cubs,5,147,New York Yankees,2,0,7,-3
777144,2025,2025-07-12,2025-07-12,R,139,Tampa Bay Rays,0,111,Boston Red Sox,1,1,1,1
777145,2025,2025-07-12,2025-07-12,R,136,Seattle Mariners,15,116,Detroit Tigers,7,0,22,-8
777113,2025,2025-07-13,2025-07-13,R,134,Pittsburgh Pirates,2,142,Minnesota Twins,1,0,3,-1
777115,2025,2025-07-13,2025-07-13,R,109,Arizona Diamondbacks,5,108,Los Angeles Angels,1,0,6,-4
777116,2025,2025-07-13,2025-07-13,R,141,Toronto Blue Jays,3,133,Athletics,6,1,9,3
777117,2025,2025-07-13,2025-07-13,R,143,Philadelphia Phillies,2,135,San Diego Padres,1,0,3,-1
777118,2025,2025-07-13,2025-07-13,R,144,Atlanta Braves,4,138,St. Louis Cardinals,5,1,9,1
777119,2025,2025-07-13,2025-07-13,R,119,Los Angeles Dodgers,5,137,San Francisco Giants,2,0,7,-3
777120,2025,2025-07-13,2025-07-13,R,114,Cleveland Guardians,6,145,Chicago White Sox,5,0,11,-1
777121,2025,2025-07-13,2025-07-13,R,136,Seattle Mariners,8,116,Detroit Tigers,4,0,12,-4
777122,2025,2025-07-13,2025-07-13,R,112,Chicago Cubs,4,147,New York Yankees,1,0,5,-3
777123,2025,2025-07-13,2025-07-13,R,120,Washington Nationals,1,158,Milwaukee Brewers,8,1,9,7
777124,2025,2025-07-13,2025-07-13,R,121,New York Mets,2,118,Kansas City Royals,3,1,5,1
777125,2025,2025-07-13,2025-07-13,R,140,Texas Rangers,5,117,Houston Astros,1,0,6,-4
777128,2025,2025-07-13,2025-07-13,R,115,Colorado Rockies,2,113,Cincinnati Reds,4,1,6,2
777129,2025,2025-07-13,2025-07-13,R,146,Miami Marlins,11,110,Baltimore Orioles,1,0,12,-10
777130,2025,2025-07-13,2025-07-13,R,139,Tampa Bay Rays,1,111,Boston Red Sox,4,1,5,3
777098,2025,2025-07-18,2025-07-18,R,116,Detroit Tigers,0,140,Texas Rangers,2,1,2,2
777099,2025,2025-07-18,2025-07-18,R,117,Houston Astros,1,136,Seattle Mariners,6,1,7,5
777100,2025,2025-07-18,2025-07-18,R,138,St. Louis Cardinals,3,109,Arizona Diamondbacks,7,1,10,4
777101,2025,2025-07-18,2025-07-18,R,111,Boston Red Sox,1,112,Chicago Cubs,4,1,5,3
777102,2025,2025-07-18,2025-07-18,R,142,Minnesota Twins,4,115,Colorado Rockies,6,1,10,2
777103,2025,2025-07-18,2025-07-18,R,158,Milwaukee Brewers,2,119,Los Angeles Dodgers,0,0,2,-2
777105,2025,2025-07-18,2025-07-18,R,133,Athletics,6,114,Cleveland Guardians,8,1,14,2
777106,2025,2025-07-18,2025-07-18,R,108,Los Angeles Angels,6,143,Philadelphia Phillies,5,0,11,-1
777107,2025,2025-07-18,2025-07-18,R,145,Chicago White Sox,10,134,Pittsburgh Pirates,1,0,11,-9
777108,2025,2025-07-18,2025-07-18,R,137,San Francisco Giants,0,141,Toronto Blue Jays,4,1,4,4
777109,2025,2025-07-18,2025-07-18,R,118,Kansas City Royals,7,146,Miami Marlins,8,1,15,1
777110,2025,2025-07-18,2025-07-18,R,110,Baltimore Orioles,1,139,Tampa Bay Rays,11,1,12,10
777111,2025,2025-07-18,2025-07-18,R,113,Cincinnati Reds,8,121,New York Mets,4,0,12,-4
777112,2025,2025-07-18,2025-07-18,R,135,San Diego Padres,7,120,Washington Nationals,2,0,9,-5
777114,2025,2025-07-18,2025-07-18,R,147,New York Yankees,3,144,Atlanta Braves,7,1,10,4
777080,2025,2025-07-19,2025-07-19,R,142,Minnesota Twins,6,115,Colorado Rockies,10,1,16,4
777081,2025,2025-07-19,2025-07-19,R,138,St. Louis Cardinals,1,109,Arizona Diamondbacks,10,1,11,9
777085,2025,2025-07-19,2025-07-19,R,158,Milwaukee Brewers,8,119,Los Angeles Dodgers,7,0,15,-1
777086,2025,2025-07-19,2025-07-19,R,117,Houston Astros,6,136,Seattle Mariners,7,1,13,1
777088,2025,2025-07-19,2025-07-19,R,116,Detroit Tigers,1,140,Texas Rangers,4,1,5,3
777089,2025,2025-07-19,2025-07-19,R,108,Los Angeles Angels,5,143,Philadelphia Phillies,9,1,14,4
777090,2025,2025-07-19,2025-07-19,R,145,Chicago White Sox,10,134,Pittsburgh Pirates,4,0,14,-6
777091,2025,2025-07-19,2025-07-19,R,135,San Diego Padres,2,120,Washington Nationals,4,1,6,2
777092,2025,2025-07-19,2025-07-19,R,113,Cincinnati Reds,5,121,New York Mets,2,0,7,-3
777093,2025,2025-07-19,2025-07-19,R,118,Kansas City Royals,1,146,Miami Marlins,3,1,4,2
777094,2025,2025-07-19,2025-07-19,R,137,San Francisco Giants,3,141,Toronto Blue Jays,6,1,9,3
777095,2025,2025-07-19,2025-07-19,R,110,Baltimore Orioles,3,139,Tampa Bay Rays,4,1,7,1
777096,2025,2025-07-19,2025-07-19,R,111,Boston Red Sox,0,112,Chicago Cubs,6,1,6,6
777097,2025,2025-07-19,2025-07-19,R,147,New York Yankees,12,144,Atlanta Braves,9,0,21,-3
777104,2025,2025-07-19,2025-07-19,R,133,Athletics,8,114,Cleveland Guardians,2,0,10,-6
777067,2025,2025-07-20,2025-07-20,R,117,Houston Astros,11,136,Seattle Mariners,3,0,14,-8
777070,2025,2025-07-20,2025-07-20,R,158,Milwaukee Brewers,6,119,Los Angeles Dodgers,5,0,11,-1
777071,2025,2025-07-20,2025-07-20,R,138,St. Louis Cardinals,3,109,Arizona Diamondbacks,5,1,8,2
777072,2025,2025-07-20,2025-07-20,R,142,Minnesota Twins,7,115,Colorado Rockies,1,0,8,-6
777073,2025,2025-07-20,2025-07-20,R,116,Detroit Tigers,2,140,Texas Rangers,1,0,3,-1
777074,2025,2025-07-20,2025-07-20,R,145,Chicago White Sox,7,134,Pittsburgh Pirates,2,0,9,-5
777075,2025,2025-07-20,2025-07-20,R,111,Boston Red Sox,6,112,Chicago Cubs,1,0,7,-5
777076,2025,2025-07-20,2025-07-20,R,110,Baltimore Orioles,5,139,Tampa Bay Rays,3,0,8,-2
777077,2025,2025-07-20,2025-07-20,R,135,San Diego Padres,8,120,Washington Nationals,1,0,9,-7
777078,2025,2025-07-20,2025-07-20,R,108,Los Angeles Angels,8,143,Philadelphia Phillies,2,0,10,-6
777079,2025,2025-07-20,2025-07-20,R,137,San Francisco Giants,6,141,Toronto Blue Jays,8,1,14,2
777082,2025,2025-07-20,2025-07-20,R,118,Kansas City Royals,7,146,Miami Marlins,4,0,11,-3
777083,2025,2025-07-20,2025-07-20,R,147,New York Yankees,4,144,Atlanta Braves,2,0,6,-2
777084,2025,2025-07-20,2025-07-20,R,133,Athletics,2,114,Cleveland Guardians,8,1,10,6
777087,2025,2025-07-20,2025-07-20,R,113,Cincinnati Reds,2,121,New York Mets,3,1,5,1
777050,2025,2025-07-21,2025-07-21,R,158,Milwaukee Brewers,6,136,Seattle Mariners,0,0,6,-6
777051,2025,2025-07-21,2025-07-21,R,142,Minnesota Twins,2,119,Los Angeles Dodgers,5,1,7,3
777053,2025,2025-07-21,2025-07-21,R,138,St. Louis Cardinals,6,115,Colorado Rockies,2,0,8,-4
777055,2025,2025-07-21,2025-07-21,R,117,Houston Astros,6,109,Arizona Diamondbacks,3,0,9,-3
777057,2025,2025-07-21,2025-07-21,R,133,Athletics,2,140,Texas Rangers,7,1,9,5
777059,2025,2025-07-21,2025-07-21,R,145,Chicago White Sox,8,139,Tampa Bay Rays,3,0,11,-5
777060,2025,2025-07-21,2025-07-21,R,116,Detroit Tigers,0,134,Pittsburgh Pirates,3,1,3,3
777061,2025,2025-07-21,2025-07-21,R,108,Los Angeles Angels,5,121,New York Mets,7,1,12,2
777062,2025,2025-07-21,2025-07-21,R,135,San Diego Padres,2,146,Miami Marlins,1,0,3,-1
777063,2025,2025-07-21,2025-07-21,R,111,Boston Red Sox,2,143,Philadelphia Phillies,3,1,5,1
777064,2025,2025-07-21,2025-07-21,R,113,Cincinnati Reds,8,120,Washington Nationals,10,1,18,2
777065,2025,2025-07-21,2025-07-21,R,118,Kansas City Royals,12,112,Chicago Cubs,4,0,16,-8
777066,2025,2025-07-21,2025-07-21,R,147,New York Yankees,1,141,Toronto Blue Jays,4,1,5,3
777068,2025,2025-07-21,2025-07-21,R,110,Baltimore Orioles,5,114,Cleveland Guardians,10,1,15,5
777069,2025,2025-07-21,2025-07-21,R,137,San Francisco Giants,5,144,Atlanta Braves,9,1,14,4
777035,2025,2025-07-22,2025-07-22,R,158,Milwaukee Brewers,0,136,Seattle Mariners,1,1,1,1
777039,2025,2025-07-22,2025-07-22,R,142,Minnesota Twins,10,119,Los Angeles Dodgers,7,0,17,-3
777040,2025,2025-07-22,2025-07-22,R,117,Houston Astros,3,109,Arizona Diamondbacks,1,0,4,-2
777042,2025,2025-07-22,2025-07-22,R,113,Cincinnati Reds,1,120,Washington Nationals,6,1,7,5
777043,2025,2025-07-22,2025-07-22,R,133,Athletics,2,140,Texas Rangers,6,1,8,4
777044,2025,2025-07-22,2025-07-22,R,116,Detroit Tigers,5,134,Pittsburgh Pirates,8,1,13,3
777045,2025,2025-07-22,2025-07-22,R,111,Boston Red Sox,1,143,Philadelphia Phillies,4,1,5,3
777046,2025,2025-07-22,2025-07-22,R,147,New York Yankees,5,141,Toronto Blue Jays,4,0,9,-1
777047,2025,2025-07-22,2025-07-22,R,118,Kansas City Royals,0,112,Chicago Cubs,6,1,6,6
777048,2025,2025-07-22,2025-07-22,R,145,Chicago White Sox,3,139,Tampa Bay Rays,4,1,7,1
777049,2025,2025-07-22,2025-07-22,R,138,St. Louis Cardinals,4,115,Colorado Rockies,8,1,12,4
777052,2025,2025-07-22,2025-07-22,R,135,San Diego Padres,3,146,Miami Marlins,4,1,7,1
777054,2025,2025-07-22,2025-07-22,R,108,Los Angeles Angels,2,121,New York Mets,3,1,5,1
777056,2025,2025-07-22,2025-07-22,R,110,Baltimore Orioles,3,114,Cleveland Guardians,6,1,9,3
777058,2025,2025-07-22,2025-07-22,R,137,San Francisco Giants,9,144,Atlanta Braves,0,0,9,-9
777022,2025,2025-07-23,2025-07-23,R,142,Minnesota Twins,3,119,Los Angeles Dodgers,4,1,7,1
777024,2025,2025-07-23,2025-07-23,R,158,Milwaukee Brewers,10,136,Seattle Mariners,2,0,12,-8
777026,2025,2025-07-23,2025-07-23,R,113,Cincinnati Reds,5,120,Washington Nationals,0,0,5,-5
777027,2025,2025-07-23,2025-07-23,R,147,New York Yankees,4,141,Toronto Blue Jays,8,1,12,4
777028,2025,2025-07-23,2025-07-23,R,138,St. Louis Cardinals,0,115,Colorado Rockies,6,1,6,6
777029,2025,2025-07-23,2025-07-23,R,116,Detroit Tigers,1,134,Pittsburgh Pirates,6,1,7,5
777030,2025,2025-07-23,2025-07-23,R,145,Chicago White Sox,11,139,Tampa Bay Rays,9,0,20,-2
777031,2025,2025-07-23,2025-07-23,R,118,Kansas City Royals,8,112,Chicago Cubs,4,0,12,-4
777032,2025,2025-07-23,2025-07-23,R,117,Houston Astros,4,109,Arizona Diamondbacks,3,0,7,-1
777033,2025,2025-07-23,2025-07-23,R,133,Athletics,1,140,Texas Rangers,2,1,3,1
777034,2025,2025-07-23,2025-07-23,R,108,Los Angeles Angels,3,121,New York Mets,6,1,9,3
777036,2025,2025-07-23,2025-07-23,R,110,Baltimore Orioles,2,114,Cleveland Guardians,3,1,5,1
777037,2025,2025-07-23,2025-07-23,R,135,San Diego Padres,2,146,Miami Marlins,3,1,5,1
777038,2025,2025-07-23,2025-07-23,R,111,Boston Red Sox,9,143,Philadelphia Phillies,8,0,17,-1
777041,2025,2025-07-23,2025-07-23,R,137,San Francisco Giants,9,144,Atlanta Braves,3,0,12,-6
777018,2025,2025-07-24,2025-07-24,R,136,Seattle Mariners,4,108,Los Angeles Angels,2,0,6,-2
777019,2025,2025-07-24,2025-07-24,R,110,Baltimore Orioles,4,114,Cleveland Guardians,3,0,7,-1
777021,2025,2025-07-24,2025-07-24,R,141,Toronto Blue Jays,11,116,Detroit Tigers,4,0,15,-7
777023,2025,2025-07-24,2025-07-24,R,135,San Diego Padres,7,138,St. Louis Cardinals,9,1,16,2
777025,2025,2025-07-24,2025-07-24,R,133,Athletics,5,117,Houston Astros,2,0,7,-3
777004,2025,2025-07-25,2025-07-25,R,121,New York Mets,8,137,San Francisco Giants,1,0,9,-7
777005,2025,2025-07-25,2025-07-25,R,135,San Diego Padres,0,138,St. Louis Cardinals,3,1,3,3
777006,2025,2025-07-25,2025-07-25,R,136,Seattle Mariners,2,108,Los Angeles Angels,3,1,5,1
777007,2025,2025-07-25,2025-07-25,R,133,Athletics,15,117,Houston Astros,3,0,18,-12
777008,2025,2025-07-25,2025-07-25,R,146,Miami Marlins,5,158,Milwaukee Brewers,1,0,6,-4
777009,2025,2025-07-25,2025-07-25,R,144,Atlanta Braves,3,140,Texas Rangers,8,1,11,5
777011,2025,2025-07-25,2025-07-25,R,120,Washington Nationals,0,142,Minnesota Twins,1,1,1,1
777012,2025,2025-07-25,2025-07-25,R,119,Los Angeles Dodgers,5,111,Boston Red Sox,2,0,7,-3
777013,2025,2025-07-25,2025-07-25,R,139,Tampa Bay Rays,2,113,Cincinnati Reds,7,1,9,5
777014,2025,2025-07-25,2025-07-25,R,109,Arizona Diamondbacks,1,134,Pittsburgh Pirates,0,0,1,-1
777015,2025,2025-07-25,2025-07-25,R,143,Philadelphia Phillies,12,147,New York Yankees,5,0,17,-7
777016,2025,2025-07-25,2025-07-25,R,141,Toronto Blue Jays,6,116,Detroit Tigers,2,0,8,-4
777017,2025,2025-07-25,2025-07-25,R,112,Chicago Cubs,5,145,Chicago White Sox,12,1,17,7
777020,2025,2025-07-25,2025-07-25,R,115,Colorado Rockies,6,110,Baltimore Orioles,5,0,11,-1
776985,2025,2025-07-26,2025-07-26,R,121,New York Mets,2,137,San Francisco Giants,1,0,3,-1
776990,2025,2025-07-26,2025-07-26,R,114,Cleveland Guardians,6,118,Kansas City Royals,4,0,10,-2
776991,2025,2025-07-26,2025-07-26,R,133,Athletics,5,117,Houston Astros,1,0,6,-4
776992,2025,2025-07-26,2025-07-26,R,135,San Diego Padres,3,138,St. Louis Cardinals,1,0,4,-2
776993,2025,2025-07-26,2025-07-26,R,144,Atlanta Braves,5,140,Texas Rangers,6,1,11,1
776994,2025,2025-07-26,2025-07-26,R,112,Chicago Cubs,6,145,Chicago White Sox,1,0,7,-5
776995,2025,2025-07-26,2025-07-26,R,136,Seattle Mariners,7,108,Los Angeles Angels,2,0,9,-5
776996,2025,2025-07-26,2025-07-26,R,146,Miami Marlins,7,158,Milwaukee Brewers,4,0,11,-3
776997,2025,2025-07-26,2025-07-26,R,120,Washington Nationals,9,142,Minnesota Twins,3,0,12,-6
776998,2025,2025-07-26,2025-07-26,R,119,Los Angeles Dodgers,2,111,Boston Red Sox,4,1,6,2
776999,2025,2025-07-26,2025-07-26,R,115,Colorado Rockies,0,110,Baltimore Orioles,18,1,18,18
777000,2025,2025-07-26,2025-07-26,R,139,Tampa Bay Rays,2,113,Cincinnati Reds,6,1,8,4
777001,2025,2025-07-26,2025-07-26,R,143,Philadelphia Phillies,9,147,New York Yankees,4,0,13,-5
777002,2025,2025-07-26,2025-07-26,R,109,Arizona Diamondbacks,0,134,Pittsburgh Pirates,2,1,2,2
777003,2025,2025-07-26,2025-07-26,R,141,Toronto Blue Jays,6,116,Detroit Tigers,1,0,7,-5
777010,2025,2025-07-26,2025-07-26,R,114,Cleveland Guardians,3,118,Kansas City Royals,5,1,8,2
776974,2025,2025-07-27,2025-07-27,R,121,New York Mets,5,137,San Francisco Giants,3,0,8,-2
776975,2025,2025-07-27,2025-07-27,R,114,Cleveland Guardians,1,118,Kansas City Royals,4,1,5,3
776976,2025,2025-07-27,2025-07-27,R,133,Athletics,7,117,Houston Astros,1,0,8,-6
776977,2025,2025-07-27,2025-07-27,R,136,Seattle Mariners,1,108,Los Angeles Angels,4,1,5,3
776978,2025,2025-07-27,2025-07-27,R,146,Miami Marlins,2,158,Milwaukee Brewers,3,1,5,1
776979,2025,2025-07-27,2025-07-27,R,120,Washington Nationals,7,142,Minnesota Twins,2,0,9,-5
776980,2025,2025-07-27,2025-07-27,R,135,San Diego Padres,9,138,St. Louis Cardinals,2,0,11,-7
776981,2025,2025-07-27,2025-07-27,R,144,Atlanta Braves,1,140,Texas Rangers,8,1,9,7
776982,2025,2025-07-27,2025-07-27,R,139,Tampa Bay Rays,1,113,Cincinnati Reds,2,1,3,1
776983,2025,2025-07-27,2025-07-27,R,119,Los Angeles Dodgers,3,111,Boston Red Sox,4,1,7,1
776984,2025,2025-07-27,2025-07-27,R,109,Arizona Diamondbacks,0,134,Pittsburgh Pirates,6,1,6,6
776986,2025,2025-07-27,2025-07-27,R,115,Colorado Rockies,1,110,Baltimore Orioles,5,1,6,4
776987,2025,2025-07-27,2025-07-27,R,141,Toronto Blue Jays,4,116,Detroit Tigers,10,1,14,6
776988,2025,2025-07-27,2025-07-27,R,143,Philadelphia Phillies,3,147,New York Yankees,4,1,7,1
776989,2025,2025-07-27,2025-07-27,R,112,Chicago Cubs,5,145,Chicago White Sox,4,0,9,-1
776957,2025,2025-07-28,2025-07-28,R,136,Seattle Mariners,3,133,Athletics,1,0,4,-2
776958,2025,2025-07-28,2025-07-28,R,140,Texas Rangers,4,108,Los Angeles Angels,6,1,10,2
776959,2025,2025-07-28,2025-07-28,R,121,New York Mets,6,135,San Diego Padres,7,1,13,1
776960,2025,2025-07-28,2025-07-28,R,146,Miami Marlins,1,138,St. Louis Cardinals,7,1,8,6
776961,2025,2025-07-28,2025-07-28,R,111,Boston Red Sox,4,142,Minnesota Twins,5,1,9,1
776964,2025,2025-07-28,2025-07-28,R,134,Pittsburgh Pirates,6,137,San Francisco Giants,5,0,11,-1
776965,2025,2025-07-28,2025-07-28,R,112,Chicago Cubs,4,158,Milwaukee Brewers,8,1,12,4
776966,2025,2025-07-28,2025-07-28,R,141,Toronto Blue Jays,4,110,Baltimore Orioles,11,1,15,7
776967,2025,2025-07-28,2025-07-28,R,119,Los Angeles Dodgers,5,113,Cincinnati Reds,2,0,7,-3
776968,2025,2025-07-28,2025-07-28,R,115,Colorado Rockies,8,114,Cleveland Guardians,6,0,14,-2
776969,2025,2025-07-28,2025-07-28,R,120,Washington Nationals,2,117,Houston Astros,1,0,3,-1
776970,2025,2025-07-28,2025-07-28,R,139,Tampa Bay Rays,4,147,New York Yankees,2,0,6,-2
776971,2025,2025-07-28,2025-07-28,R,144,Atlanta Braves,10,118,Kansas City Royals,7,0,17,-3
776972,2025,2025-07-28,2025-07-28,R,143,Philadelphia Phillies,2,145,Chicago White Sox,6,1,8,4
776973,2025,2025-07-28,2025-07-28,R,109,Arizona Diamondbacks,1,116,Detroit Tigers,5,1,6,4
776943,2025,2025-07-29,2025-07-29,R,134,Pittsburgh Pirates,3,137,San Francisco Giants,1,0,4,-2
776944,2025,2025-07-29,2025-07-29,R,136,Seattle Mariners,1,133,Athletics,6,1,7,5
776945,2025,2025-07-29,2025-07-29,R,140,Texas Rangers,5,108,Los Angeles Angels,8,1,13,3
776946,2025,2025-07-29,2025-07-29,R,146,Miami Marlins,5,138,St. Louis Cardinals,0,0,5,-5
776947,2025,2025-07-29,2025-07-29,R,121,New York Mets,1,135,San Diego Padres,7,1,8,6
776949,2025,2025-07-29,2025-07-29,R,139,Tampa Bay Rays,5,147,New York Yankees,7,1,12,2
776950,2025,2025-07-29,2025-07-29,R,120,Washington Nationals,4,117,Houston Astros,7,1,11,3
776951,2025,2025-07-29,2025-07-29,R,115,Colorado Rockies,4,114,Cleveland Guardians,10,1,14,6
776952,2025,2025-07-29,2025-07-29,R,143,Philadelphia Phillies,6,145,Chicago White Sox,3,0,9,-3
776953,2025,2025-07-29,2025-07-29,R,109,Arizona Diamondbacks,2,116,Detroit Tigers,12,1,14,10
776954,2025,2025-07-29,2025-07-29,R,111,Boston Red Sox,8,142,Minnesota Twins,5,0,13,-3
776955,2025,2025-07-29,2025-07-29,R,144,Atlanta Braves,6,118,Kansas City Royals,9,1,15,3
776956,2025,2025-07-29,2025-07-29,R,112,Chicago Cubs,3,158,Milwaukee Brewers,9,1,12,6
776962,2025,2025-07-29,2025-07-29,R,141,Toronto Blue Jays,2,110,Baltimore Orioles,3,1,5,1
776963,2025,2025-07-29,2025-07-29,R,119,Los Angeles Dodgers,5,113,Cincinnati Reds,4,0,9,-1
778372,2025,2025-07-29,2025-07-29,R,141,Toronto Blue Jays,4,110,Baltimore Orioles,16,1,20,12
776929,2025,2025-07-30,2025-07-30,R,112,Chicago Cubs,10,158,Milwaukee Brewers,3,0,13,-7
776930,2025,2025-07-30,2025-07-30,R,136,Seattle Mariners,4,133,Athletics,5,1,9,1
776931,2025,2025-07-30,2025-07-30,R,121,New York Mets,0,135,San Diego Padres,5,1,5,5
776932,2025,2025-07-30,2025-07-30,R,140,Texas Rangers,6,108,Los Angeles Angels,3,0,9,-3
776933,2025,2025-07-30,2025-07-30,R,134,Pittsburgh Pirates,2,137,San Francisco Giants,1,0,3,-1
776934,2025,2025-07-30,2025-07-30,R,146,Miami Marlins,2,138,St. Louis Cardinals,0,0,2,-2
776935,2025,2025-07-30,2025-07-30,R,111,Boston Red Sox,13,142,Minnesota Twins,1,0,14,-12
776936,2025,2025-07-30,2025-07-30,R,144,Atlanta Braves,0,118,Kansas City Royals,1,1,1,1
776937,2025,2025-07-30,2025-07-30,R,120,Washington Nationals,1,117,Houston Astros,9,1,10,8
776938,2025,2025-07-30,2025-07-30,R,139,Tampa Bay Rays,4,147,New York Yankees,5,1,9,1
776939,2025,2025-07-30,2025-07-30,R,143,Philadelphia Phillies,3,145,Chicago White Sox,9,1,12,6
776940,2025,2025-07-30,2025-07-30,R,109,Arizona Diamondbacks,2,116,Detroit Tigers,7,1,9,5
776941,2025,2025-07-30,2025-07-30,R,119,Los Angeles Dodgers,2,113,Cincinnati Reds,5,1,7,3
776942,2025,2025-07-30,2025-07-30,R,115,Colorado Rockies,0,114,Cleveland Guardians,5,1,5,5
776948,2025,2025-07-30,2025-07-30,R,141,Toronto Blue Jays,9,110,Baltimore Orioles,8,0,17,-1
776923,2025,2025-07-31,2025-07-31,R,140,Texas Rangers,0,136,Seattle Mariners,6,1,6,6
776927,2025,2025-07-31,2025-07-31,R,139,Tampa Bay Rays,4,147,New York Yankees,7,1,11,3
776928,2025,2025-07-31,2025-07-31,R,144,Atlanta Braves,12,113,Cincinnati Reds,11,0,23,-1
776906,2025,2025-08-01,2025-08-01,R,138,St. Louis Cardinals,1,135,San Diego Padres,4,1,5,3
776908,2025,2025-08-01,2025-08-01,R,140,Texas Rangers,3,136,Seattle Mariners,4,1,7,1
776913,2025,2025-08-01,2025-08-01,R,116,Detroit Tigers,4,143,Philadelphia Phillies,5,1,9,1
776914,2025,2025-08-01,2025-08-01,R,109,Arizona Diamondbacks,1,133,Athletics,5,1,6,4
776915,2025,2025-08-01,2025-08-01,R,110,Baltimore Orioles,0,112,Chicago Cubs,1,1,1,1
776916,2025,2025-08-01,2025-08-01,R,145,Chicago White Sox,6,108,Los Angeles Angels,3,0,9,-3
776917,2025,2025-08-01,2025-08-01,R,158,Milwaukee Brewers,16,120,Washington Nationals,9,0,25,-7
776918,2025,2025-08-01,2025-08-01,R,119,Los Angeles Dodgers,5,139,Tampa Bay Rays,0,0,5,-5
776919,2025,2025-08-01,2025-08-01,R,134,Pittsburgh Pirates,16,115,Colorado Rockies,17,1,33,1
776920,2025,2025-08-01,2025-08-01,R,118,Kansas City Royals,9,141,Toronto Blue Jays,3,0,12,-6
776921,2025,2025-08-01,2025-08-01,R,144,Atlanta Braves,2,113,Cincinnati Reds,3,1,5,1
776922,2025,2025-08-01,2025-08-01,R,117,Houston Astros,1,111,Boston Red Sox,2,1,3,1
776924,2025,2025-08-01,2025-08-01,R,142,Minnesota Twins,2,114,Cleveland Guardians,3,1,5,1
776925,2025,2025-08-01,2025-08-01,R,147,New York Yankees,12,146,Miami Marlins,13,1,25,1
776926,2025,2025-08-01,2025-08-01,R,137,San Francisco Giants,4,121,New York Mets,3,0,7,-1
776896,2025,2025-08-02,2025-08-02,R,138,St. Louis Cardinals,8,135,San Diego Padres,5,0,13,-3
776897,2025,2025-08-02,2025-08-02,R,140,Texas Rangers,6,136,Seattle Mariners,4,0,10,-2
776898,2025,2025-08-02,2025-08-02,R,145,Chicago White Sox,1,108,Los Angeles Angels,0,0,1,-1
776899,2025,2025-08-02,2025-08-02,R,109,Arizona Diamondbacks,7,133,Athletics,2,0,9,-5
776900,2025,2025-08-02,2025-08-02,R,118,Kansas City Royals,2,141,Toronto Blue Jays,4,1,6,2
776901,2025,2025-08-02,2025-08-02,R,119,Los Angeles Dodgers,0,139,Tampa Bay Rays,4,1,4,4
776902,2025,2025-08-02,2025-08-02,R,110,Baltimore Orioles,4,112,Chicago Cubs,3,0,7,-1
776903,2025,2025-08-02,2025-08-02,R,158,Milwaukee Brewers,8,120,Washington Nationals,2,0,10,-6
776904,2025,2025-08-02,2025-08-02,R,134,Pittsburgh Pirates,5,115,Colorado Rockies,8,1,13,3
776905,2025,2025-08-02,2025-08-02,R,142,Minnesota Twins,4,114,Cleveland Guardians,5,1,9,1
776907,2025,2025-08-02,2025-08-02,R,144,Atlanta Braves,4,113,Cincinnati Reds,2,0,6,-2
776909,2025,2025-08-02,2025-08-02,R,117,Houston Astros,3,111,Boston Red Sox,7,1,10,4
776910,2025,2025-08-02,2025-08-02,R,147,New York Yankees,0,146,Miami Marlins,2,1,2,2
776911,2025,2025-08-02,2025-08-02,R,137,San Francisco Giants,6,121,New York Mets,12,1,18,6
776912,2025,2025-08-02,2025-08-02,R,116,Detroit Tigers,7,143,Philadelphia Phillies,5,0,12,-2
776881,2025,2025-08-03,2025-08-03,R,109,Arizona Diamondbacks,6,133,Athletics,4,0,10,-2
776883,2025,2025-08-03,2025-08-03,R,140,Texas Rangers,4,136,Seattle Mariners,5,1,9,1
776884,2025,2025-08-03,2025-08-03,R,138,St. Louis Cardinals,3,135,San Diego Padres,7,1,10,4
776885,2025,2025-08-03,2025-08-03,R,145,Chicago White Sox,5,108,Los Angeles Angels,8,1,13,3
776886,2025,2025-08-03,2025-08-03,R,134,Pittsburgh Pirates,9,115,Colorado Rockies,5,0,14,-4
776887,2025,2025-08-03,2025-08-03,R,137,San Francisco Giants,12,121,New York Mets,4,0,16,-8
776888,2025,2025-08-03,2025-08-03,R,110,Baltimore Orioles,3,112,Chicago Cubs,5,1,8,2
776889,2025,2025-08-03,2025-08-03,R,119,Los Angeles Dodgers,3,139,Tampa Bay Rays,0,0,3,-3
776890,2025,2025-08-03,2025-08-03,R,116,Detroit Tigers,0,143,Philadelphia Phillies,2,1,2,2
776891,2025,2025-08-03,2025-08-03,R,147,New York Yankees,3,146,Miami Marlins,7,1,10,4
776892,2025,2025-08-03,2025-08-03,R,142,Minnesota Twins,5,114,Cleveland Guardians,4,0,9,-1
776893,2025,2025-08-03,2025-08-03,R,118,Kansas City Royals,7,141,Toronto Blue Jays,4,0,11,-3
776894,2025,2025-08-03,2025-08-03,R,158,Milwaukee Brewers,14,120,Washington Nationals,3,0,17,-11
776895,2025,2025-08-03,2025-08-03,R,117,Houston Astros,1,111,Boston Red Sox,6,1,7,5
776867,2025,2025-08-04,2025-08-04,R,139,Tampa Bay Rays,1,108,Los Angeles Angels,5,1,6,4
776870,2025,2025-08-04,2025-08-04,R,138,St. Louis Cardinals,3,119,Los Angeles Dodgers,2,0,5,-1
776871,2025,2025-08-04,2025-08-04,R,147,New York Yankees,5,140,Texas Rangers,8,1,13,3
776872,2025,2025-08-04,2025-08-04,R,141,Toronto Blue Jays,15,115,Colorado Rockies,1,0,16,-14
776873,2025,2025-08-04,2025-08-04,R,135,San Diego Padres,2,109,Arizona Diamondbacks,6,1,8,4
776874,2025,2025-08-04,2025-08-04,R,142,Minnesota Twins,3,116,Detroit Tigers,6,1,9,3
776875,2025,2025-08-04,2025-08-04,R,117,Houston Astros,8,146,Miami Marlins,2,0,10,-6
776876,2025,2025-08-04,2025-08-04,R,114,Cleveland Guardians,7,121,New York Mets,6,0,13,-1
776877,2025,2025-08-04,2025-08-04,R,110,Baltimore Orioles,3,143,Philadelphia Phillies,13,1,16,10
776878,2025,2025-08-04,2025-08-04,R,113,Cincinnati Reds,3,112,Chicago Cubs,2,0,5,-1
776879,2025,2025-08-04,2025-08-04,R,137,San Francisco Giants,4,134,Pittsburgh Pirates,5,1,9,1
776880,2025,2025-08-04,2025-08-04,R,118,Kansas City Royals,5,111,Boston Red Sox,8,1,13,3
776882,2025,2025-08-04,2025-08-04,R,158,Milwaukee Brewers,3,144,Atlanta Braves,1,0,4,-2
776848,2025,2025-08-05,2025-08-05,R,139,Tampa Bay Rays,7,108,Los Angeles Angels,3,0,10,-4
776852,2025,2025-08-05,2025-08-05,R,135,San Diego Padres,10,109,Arizona Diamondbacks,5,0,15,-5
776854,2025,2025-08-05,2025-08-05,R,141,Toronto Blue Jays,10,115,Colorado Rockies,4,0,14,-6
776855,2025,2025-08-05,2025-08-05,R,147,New York Yankees,0,140,Texas Rangers,2,1,2,2
776857,2025,2025-08-05,2025-08-05,R,145,Chicago White Sox,3,136,Seattle Mariners,8,1,11,5
776858,2025,2025-08-05,2025-08-05,R,138,St. Louis Cardinals,6,119,Los Angeles Dodgers,12,1,18,6
776860,2025,2025-08-05,2025-08-05,R,113,Cincinnati Reds,5,112,Chicago Cubs,1,0,6,-4
776861,2025,2025-08-05,2025-08-05,R,142,Minnesota Twins,6,116,Detroit Tigers,3,0,9,-3
776862,2025,2025-08-05,2025-08-05,R,117,Houston Astros,7,146,Miami Marlins,3,0,10,-4
776863,2025,2025-08-05,2025-08-05,R,114,Cleveland Guardians,3,121,New York Mets,2,0,5,-1
776864,2025,2025-08-05,2025-08-05,R,118,Kansas City Royals,2,111,Boston Red Sox,6,1,8,4
776865,2025,2025-08-05,2025-08-05,R,133,Athletics,16,120,Washington Nationals,7,0,23,-9
776866,2025,2025-08-05,2025-08-05,R,137,San Francisco Giants,8,134,Pittsburgh Pirates,1,0,9,-7
776868,2025,2025-08-05,2025-08-05,R,110,Baltimore Orioles,0,143,Philadelphia Phillies,5,1,5,5
776869,2025,2025-08-05,2025-08-05,R,158,Milwaukee Brewers,7,144,Atlanta Braves,2,0,9,-5
776836,2025,2025-08-06,2025-08-06,R,141,Toronto Blue Jays,20,115,Colorado Rockies,1,0,21,-19
776838,2025,2025-08-06,2025-08-06,R,135,San Diego Padres,3,109,Arizona Diamondbacks,2,0,5,-1
776839,2025,2025-08-06,2025-08-06,R,138,St. Louis Cardinals,5,119,Los Angeles Dodgers,3,0,8,-2
776841,2025,2025-08-06,2025-08-06,R,145,Chicago White Sox,6,136,Seattle Mariners,8,1,14,2
776843,2025,2025-08-06,2025-08-06,R,139,Tampa Bay Rays,5,108,Los Angeles Angels,4,0,9,-1
776844,2025,2025-08-06,2025-08-06,R,137,San Francisco Giants,4,134,Pittsburgh Pirates,2,0,6,-2
776845,2025,2025-08-06,2025-08-06,R,147,New York Yankees,3,140,Texas Rangers,2,0,5,-1
776846,2025,2025-08-06,2025-08-06,R,114,Cleveland Guardians,4,121,New York Mets,1,0,5,-3
776847,2025,2025-08-06,2025-08-06,R,113,Cincinnati Reds,1,112,Chicago Cubs,6,1,7,5
776849,2025,2025-08-06,2025-08-06,R,117,Houston Astros,4,146,Miami Marlins,6,1,10,2
776850,2025,2025-08-06,2025-08-06,R,133,Athletics,1,120,Washington Nationals,2,1,3,1
776851,2025,2025-08-06,2025-08-06,R,110,Baltimore Orioles,5,143,Philadelphia Phillies,1,0,6,-4
776853,2025,2025-08-06,2025-08-06,R,158,Milwaukee Brewers,5,144,Atlanta Braves,4,0,9,-1
776856,2025,2025-08-06,2025-08-06,R,118,Kansas City Royals,7,111,Boston Red Sox,3,0,10,-4
776859,2025,2025-08-06,2025-08-06,R,142,Minnesota Twins,9,116,Detroit Tigers,4,0,13,-5
776830,2025,2025-08-07,2025-08-07,R,145,Chicago White Sox,3,136,Seattle Mariners,4,1,7,1
776837,2025,2025-08-07,2025-08-07,R,133,Athletics,6,120,Washington Nationals,0,0,6,-6
776840,2025,2025-08-07,2025-08-07,R,113,Cincinnati Reds,0,134,Pittsburgh Pirates,7,1,7,7
776842,2025,2025-08-07,2025-08-07,R,146,Miami Marlins,6,144,Atlanta Braves,8,1,14,2
776820,2025,2025-08-08,2025-08-08,R,111,Boston Red Sox,10,135,San Diego Padres,2,0,12,-8
776821,2025,2025-08-08,2025-08-08,R,143,Philadelphia Phillies,9,140,Texas Rangers,1,0,10,-8
776822,2025,2025-08-08,2025-08-08,R,120,Washington Nationals,0,137,San Francisco Giants,5,1,5,5
776823,2025,2025-08-08,2025-08-08,R,141,Toronto Blue Jays,1,119,Los Angeles Dodgers,5,1,6,4
776824,2025,2025-08-08,2025-08-08,R,139,Tampa Bay Rays,2,136,Seattle Mariners,3,1,5,1
776825,2025,2025-08-08,2025-08-08,R,115,Colorado Rockies,1,109,Arizona Diamondbacks,6,1,7,5
776826,2025,2025-08-08,2025-08-08,R,112,Chicago Cubs,0,138,St. Louis Cardinals,5,1,5,5
776827,2025,2025-08-08,2025-08-08,R,118,Kansas City Royals,4,142,Minnesota Twins,9,1,13,5
776828,2025,2025-08-08,2025-08-08,R,121,New York Mets,2,158,Milwaukee Brewers,3,1,5,1
776829,2025,2025-08-08,2025-08-08,R,113,Cincinnati Reds,2,134,Pittsburgh Pirates,3,1,5,1
776831,2025,2025-08-08,2025-08-08,R,133,Athletics,2,110,Baltimore Orioles,3,1,5,1
776832,2025,2025-08-08,2025-08-08,R,108,Los Angeles Angels,5,116,Detroit Tigers,6,1,11,1
776833,2025,2025-08-08,2025-08-08,R,114,Cleveland Guardians,9,145,Chicago White Sox,5,0,14,-4
776834,2025,2025-08-08,2025-08-08,R,146,Miami Marlins,5,144,Atlanta Braves,1,0,6,-4
776835,2025,2025-08-08,2025-08-08,R,117,Houston Astros,5,147,New York Yankees,3,0,8,-2
776802,2025,2025-08-09,2025-08-09,R,120,Washington Nationals,4,137,San Francisco Giants,2,0,6,-2
776805,2025,2025-08-09,2025-08-09,R,139,Tampa Bay Rays,4,136,Seattle Mariners,7,1,11,3
776807,2025,2025-08-09,2025-08-09,R,111,Boston Red Sox,4,135,San Diego Padres,5,1,9,1
776808,2025,2025-08-09,2025-08-09,R,141,Toronto Blue Jays,1,119,Los Angeles Dodgers,9,1,10,8
776809,2025,2025-08-09,2025-08-09,R,115,Colorado Rockies,5,109,Arizona Diamondbacks,6,1,11,1
776810,2025,2025-08-09,2025-08-09,R,143,Philadelphia Phillies,3,140,Texas Rangers,2,0,5,-1
776811,2025,2025-08-09,2025-08-09,R,133,Athletics,11,110,Baltimore Orioles,3,0,14,-8
776812,2025,2025-08-09,2025-08-09,R,113,Cincinnati Reds,2,134,Pittsburgh Pirates,1,0,3,-1
776813,2025,2025-08-09,2025-08-09,R,108,Los Angeles Angels,7,116,Detroit Tigers,4,0,11,-3
776814,2025,2025-08-09,2025-08-09,R,114,Cleveland Guardians,3,145,Chicago White Sox,1,0,4,-2
776815,2025,2025-08-09,2025-08-09,R,117,Houston Astros,4,147,New York Yankees,5,1,9,1
776816,2025,2025-08-09,2025-08-09,R,118,Kansas City Royals,2,142,Minnesota Twins,0,0,2,-2
776817,2025,2025-08-09,2025-08-09,R,121,New York Mets,4,158,Milwaukee Brewers,7,1,11,3
776818,2025,2025-08-09,2025-08-09,R,112,Chicago Cubs,9,138,St. Louis Cardinals,1,0,10,-8
776819,2025,2025-08-09,2025-08-09,R,146,Miami Marlins,6,144,Atlanta Braves,8,1,14,2
778431,2025,2025-08-09,2025-08-09,R,146,Miami Marlins,1,144,Atlanta Braves,7,1,8,6
776788,2025,2025-08-10,2025-08-10,R,141,Toronto Blue Jays,5,119,Los Angeles Dodgers,4,0,9,-1
776789,2025,2025-08-10,2025-08-10,R,111,Boston Red Sox,2,135,San Diego Padres,6,1,8,4
776791,2025,2025-08-10,2025-08-10,R,139,Tampa Bay Rays,3,136,Seattle Mariners,6,1,9,3
776793,2025,2025-08-10,2025-08-10,R,120,Washington Nationals,8,137,San Francisco Giants,0,0,8,-8
776794,2025,2025-08-10,2025-08-10,R,115,Colorado Rockies,6,109,Arizona Diamondbacks,13,1,19,7
776795,2025,2025-08-10,2025-08-10,R,112,Chicago Cubs,2,138,St. Louis Cardinals,3,1,5,1
776796,2025,2025-08-10,2025-08-10,R,118,Kansas City Royals,3,142,Minnesota Twins,5,1,8,2
776797,2025,2025-08-10,2025-08-10,R,117,Houston Astros,7,147,New York Yankees,1,0,8,-6
776798,2025,2025-08-10,2025-08-10,R,114,Cleveland Guardians,4,145,Chicago White Sox,6,1,10,2
776799,2025,2025-08-10,2025-08-10,R,121,New York Mets,6,158,Milwaukee Brewers,7,1,13,1
776800,2025,2025-08-10,2025-08-10,R,143,Philadelphia Phillies,4,140,Texas Rangers,2,0,6,-2
776801,2025,2025-08-10,2025-08-10,R,113,Cincinnati Reds,14,134,Pittsburgh Pirates,8,0,22,-6
776803,2025,2025-08-10,2025-08-10,R,146,Miami Marlins,1,144,Atlanta Braves,7,1,8,6
776804,2025,2025-08-10,2025-08-10,R,133,Athletics,3,110,Baltimore Orioles,2,0,5,-1
776806,2025,2025-08-10,2025-08-10,R,108,Los Angeles Angels,5,116,Detroit Tigers,9,1,14,4
776779,2025,2025-08-11,2025-08-11,R,119,Los Angeles Dodgers,4,108,Los Angeles Angels,7,1,11,3
776780,2025,2025-08-11,2025-08-11,R,135,San Diego Padres,4,137,San Francisco Giants,1,0,5,-3
776781,2025,2025-08-11,2025-08-11,R,116,Detroit Tigers,2,145,Chicago White Sox,1,0,3,-1
776782,2025,2025-08-11,2025-08-11,R,111,Boston Red Sox,6,117,Houston Astros,7,1,13,1
776783,2025,2025-08-11,2025-08-11,R,115,Colorado Rockies,2,138,St. Louis Cardinals,3,1,5,1
776784,2025,2025-08-11,2025-08-11,R,120,Washington Nationals,4,118,Kansas City Royals,7,1,11,3
776785,2025,2025-08-11,2025-08-11,R,109,Arizona Diamondbacks,6,140,Texas Rangers,7,1,13,1
776786,2025,2025-08-11,2025-08-11,R,134,Pittsburgh Pirates,1,158,Milwaukee Brewers,7,1,8,6
776787,2025,2025-08-11,2025-08-11,R,139,Tampa Bay Rays,7,133,Athletics,4,0,11,-3
776790,2025,2025-08-11,2025-08-11,R,142,Minnesota Twins,2,147,New York Yankees,6,1,8,4
776792,2025,2025-08-11,2025-08-11,R,143,Philadelphia Phillies,4,113,Cincinnati Reds,1,0,5,-3
776762,2025,2025-08-12,2025-08-12,R,139,Tampa Bay Rays,0,133,Athletics,6,1,6,6
776763,2025,2025-08-12,2025-08-12,R,119,Los Angeles Dodgers,6,108,Los Angeles Angels,7,1,13,1
776764,2025,2025-08-12,2025-08-12,R,109,Arizona Diamondbacks,3,140,Texas Rangers,2,0,5,-1
776767,2025,2025-08-12,2025-08-12,R,135,San Diego Padres,5,137,San Francisco Giants,1,0,6,-4
776768,2025,2025-08-12,2025-08-12,R,112,Chicago Cubs,1,141,Toronto Blue Jays,5,1,6,4
776769,2025,2025-08-12,2025-08-12,R,111,Boston Red Sox,14,117,Houston Astros,1,0,15,-13
776770,2025,2025-08-12,2025-08-12,R,120,Washington Nationals,5,118,Kansas City Royals,8,1,13,3
776771,2025,2025-08-12,2025-08-12,R,134,Pittsburgh Pirates,0,158,Milwaukee Brewers,14,1,14,14
776772,2025,2025-08-12,2025-08-12,R,144,Atlanta Braves,5,121,New York Mets,13,1,18,8
776773,2025,2025-08-12,2025-08-12,R,116,Detroit Tigers,6,145,Chicago White Sox,9,1,15,3
776774,2025,2025-08-12,2025-08-12,R,142,Minnesota Twins,1,147,New York Yankees,9,1,10,8
776775,2025,2025-08-12,2025-08-12,R,115,Colorado Rockies,3,138,St. Louis Cardinals,0,0,3,-3
776776,2025,2025-08-12,2025-08-12,R,136,Seattle Mariners,1,110,Baltimore Orioles,0,0,1,-1
776777,2025,2025-08-12,2025-08-12,R,143,Philadelphia Phillies,1,113,Cincinnati Reds,6,1,7,5
776778,2025,2025-08-12,2025-08-12,R,146,Miami Marlins,3,114,Cleveland Guardians,4,1,7,1
776746,2025,2025-08-13,2025-08-13,R,109,Arizona Diamondbacks,6,140,Texas Rangers,4,0,10,-2
776749,2025,2025-08-13,2025-08-13,R,135,San Diego Padres,11,137,San Francisco Giants,1,0,12,-10
776751,2025,2025-08-13,2025-08-13,R,139,Tampa Bay Rays,8,133,Athletics,2,0,10,-6
776752,2025,2025-08-13,2025-08-13,R,119,Los Angeles Dodgers,5,108,Los Angeles Angels,6,1,11,1
776753,2025,2025-08-13,2025-08-13,R,111,Boston Red Sox,1,117,Houston Astros,4,1,5,3
776754,2025,2025-08-13,2025-08-13,R,116,Detroit Tigers,1,145,Chicago White Sox,0,0,1,-1
776755,2025,2025-08-13,2025-08-13,R,134,Pittsburgh Pirates,5,158,Milwaukee Brewers,12,1,17,7
776756,2025,2025-08-13,2025-08-13,R,144,Atlanta Braves,11,121,New York Mets,6,0,17,-5
776757,2025,2025-08-13,2025-08-13,R,112,Chicago Cubs,4,141,Toronto Blue Jays,1,0,5,-3
776758,2025,2025-08-13,2025-08-13,R,115,Colorado Rockies,6,138,St. Louis Cardinals,5,0,11,-1
776759,2025,2025-08-13,2025-08-13,R,120,Washington Nationals,8,118,Kansas City Royals,7,0,15,-1
776760,2025,2025-08-13,2025-08-13,R,142,Minnesota Twins,4,147,New York Yankees,1,0,5,-3
776761,2025,2025-08-13,2025-08-13,R,136,Seattle Mariners,3,110,Baltimore Orioles,4,1,7,1
776765,2025,2025-08-13,2025-08-13,R,143,Philadelphia Phillies,0,113,Cincinnati Reds,8,1,8,8
776766,2025,2025-08-13,2025-08-13,R,146,Miami Marlins,13,114,Cleveland Guardians,4,0,17,-9
776742,2025,2025-08-14,2025-08-14,R,109,Arizona Diamondbacks,8,115,Colorado Rockies,2,0,10,-6
776743,2025,2025-08-14,2025-08-14,R,143,Philadelphia Phillies,2,120,Washington Nationals,3,1,5,1
776744,2025,2025-08-14,2025-08-14,R,116,Detroit Tigers,4,142,Minnesota Twins,3,0,7,-1
776745,2025,2025-08-14,2025-08-14,R,146,Miami Marlins,4,114,Cleveland Guardians,9,1,13,5
776747,2025,2025-08-14,2025-08-14,R,112,Chicago Cubs,1,141,Toronto Blue Jays,2,1,3,1
776748,2025,2025-08-14,2025-08-14,R,144,Atlanta Braves,4,121,New York Mets,3,0,7,-1
776750,2025,2025-08-14,2025-08-14,R,136,Seattle Mariners,3,110,Baltimore Orioles,5,1,8,2
776727,2025,2025-08-15,2025-08-15,R,135,San Diego Padres,2,119,Los Angeles Dodgers,3,1,5,1
776728,2025,2025-08-15,2025-08-15,R,145,Chicago White Sox,1,118,Kansas City Royals,3,1,4,2
776729,2025,2025-08-15,2025-08-15,R,139,Tampa Bay Rays,7,137,San Francisco Giants,6,0,13,-1
776730,2025,2025-08-15,2025-08-15,R,109,Arizona Diamondbacks,3,115,Colorado Rockies,4,1,7,1
776731,2025,2025-08-15,2025-08-15,R,147,New York Yankees,4,138,St. Louis Cardinals,3,0,7,-1
776732,2025,2025-08-15,2025-08-15,R,116,Detroit Tigers,7,142,Minnesota Twins,0,0,7,-7
776733,2025,2025-08-15,2025-08-15,R,110,Baltimore Orioles,7,117,Houston Astros,0,0,7,-7
776734,2025,2025-08-15,2025-08-15,R,108,Los Angeles Angels,3,133,Athletics,10,1,13,7
776735,2025,2025-08-15,2025-08-15,R,140,Texas Rangers,5,141,Toronto Blue Jays,6,1,11,1
776736,2025,2025-08-15,2025-08-15,R,136,Seattle Mariners,11,121,New York Mets,9,0,20,-2
776737,2025,2025-08-15,2025-08-15,R,134,Pittsburgh Pirates,3,112,Chicago Cubs,2,0,5,-1
776738,2025,2025-08-15,2025-08-15,R,144,Atlanta Braves,2,114,Cleveland Guardians,0,0,2,-2
776739,2025,2025-08-15,2025-08-15,R,143,Philadelphia Phillies,6,120,Washington Nationals,2,0,8,-4
776740,2025,2025-08-15,2025-08-15,R,158,Milwaukee Brewers,10,113,Cincinnati Reds,8,0,18,-2
776741,2025,2025-08-15,2025-08-15,R,146,Miami Marlins,1,111,Boston Red Sox,2,1,3,1
776711,2025,2025-08-16,2025-08-16,R,139,Tampa Bay Rays,2,137,San Francisco Giants,1,0,3,-1
776712,2025,2025-08-16,2025-08-16,R,145,Chicago White Sox,2,118,Kansas City Royals,6,1,8,4
776713,2025,2025-08-16,2025-08-16,R,147,New York Yankees,12,138,St. Louis Cardinals,8,0,20,-4
776715,2025,2025-08-16,2025-08-16,R,109,Arizona Diamondbacks,7,115,Colorado Rockies,10,1,17,3
776716,2025,2025-08-16,2025-08-16,R,116,Detroit Tigers,8,142,Minnesota Twins,5,0,13,-3
776717,2025,2025-08-16,2025-08-16,R,135,San Diego Padres,0,119,Los Angeles Dodgers,6,1,6,6
776718,2025,2025-08-16,2025-08-16,R,108,Los Angeles Angels,2,133,Athletics,7,1,9,5
776719,2025,2025-08-16,2025-08-16,R,134,Pittsburgh Pirates,1,112,Chicago Cubs,3,1,4,2
776720,2025,2025-08-16,2025-08-16,R,144,Atlanta Braves,10,114,Cleveland Guardians,1,0,11,-9
776721,2025,2025-08-16,2025-08-16,R,158,Milwaukee Brewers,6,113,Cincinnati Reds,5,0,11,-1
776722,2025,2025-08-16,2025-08-16,R,110,Baltimore Orioles,4,117,Houston Astros,5,1,9,1
776723,2025,2025-08-16,2025-08-16,R,140,Texas Rangers,2,141,Toronto Blue Jays,14,1,16,12
776724,2025,2025-08-16,2025-08-16,R,146,Miami Marlins,5,111,Boston Red Sox,7,1,12,2
776725,2025,2025-08-16,2025-08-16,R,143,Philadelphia Phillies,0,120,Washington Nationals,2,1,2,2
776726,2025,2025-08-16,2025-08-16,R,136,Seattle Mariners,1,121,New York Mets,3,1,4,2
776697,2025,2025-08-17,2025-08-17,R,135,San Diego Padres,4,119,Los Angeles Dodgers,5,1,9,1
776698,2025,2025-08-17,2025-08-17,R,147,New York Yankees,8,138,St. Louis Cardinals,4,0,12,-4
776699,2025,2025-08-17,2025-08-17,R,108,Los Angeles Angels,11,133,Athletics,5,0,16,-6
776700,2025,2025-08-17,2025-08-17,R,116,Detroit Tigers,1,142,Minnesota Twins,8,1,9,7
776701,2025,2025-08-17,2025-08-17,R,109,Arizona Diamondbacks,5,115,Colorado Rockies,6,1,11,1
776702,2025,2025-08-17,2025-08-17,R,145,Chicago White Sox,2,118,Kansas City Royals,6,1,8,4
776703,2025,2025-08-17,2025-08-17,R,139,Tampa Bay Rays,1,137,San Francisco Giants,7,1,8,6
776704,2025,2025-08-17,2025-08-17,R,134,Pittsburgh Pirates,3,112,Chicago Cubs,4,1,7,1
776705,2025,2025-08-17,2025-08-17,R,110,Baltimore Orioles,12,117,Houston Astros,0,0,12,-12
776706,2025,2025-08-17,2025-08-17,R,144,Atlanta Braves,5,114,Cleveland Guardians,4,0,9,-1
776707,2025,2025-08-17,2025-08-17,R,136,Seattle Mariners,3,121,New York Mets,7,1,10,4
776708,2025,2025-08-17,2025-08-17,R,143,Philadelphia Phillies,11,120,Washington Nationals,9,0,20,-2
776709,2025,2025-08-17,2025-08-17,R,158,Milwaukee Brewers,2,113,Cincinnati Reds,3,1,5,1
776710,2025,2025-08-17,2025-08-17,R,140,Texas Rangers,10,141,Toronto Blue Jays,4,0,14,-6
776714,2025,2025-08-17,2025-08-17,R,146,Miami Marlins,5,111,Boston Red Sox,3,0,8,-2
776681,2025,2025-08-18,2025-08-18,R,113,Cincinnati Reds,4,108,Los Angeles Angels,1,0,5,-3
776682,2025,2025-08-18,2025-08-18,R,114,Cleveland Guardians,3,109,Arizona Diamondbacks,1,0,4,-2
776683,2025,2025-08-18,2025-08-18,R,137,San Francisco Giants,4,135,San Diego Padres,3,0,7,-1
776688,2025,2025-08-18,2025-08-18,R,138,St. Louis Cardinals,8,146,Miami Marlins,3,0,11,-5
776689,2025,2025-08-18,2025-08-18,R,136,Seattle Mariners,7,143,Philadelphia Phillies,12,1,19,5
776690,2025,2025-08-18,2025-08-18,R,140,Texas Rangers,3,118,Kansas City Royals,4,1,7,1
776692,2025,2025-08-18,2025-08-18,R,117,Houston Astros,0,116,Detroit Tigers,10,1,10,10
776693,2025,2025-08-18,2025-08-18,R,119,Los Angeles Dodgers,3,115,Colorado Rockies,4,1,7,1
776694,2025,2025-08-18,2025-08-18,R,141,Toronto Blue Jays,2,134,Pittsburgh Pirates,5,1,7,3
776695,2025,2025-08-18,2025-08-18,R,110,Baltimore Orioles,6,111,Boston Red Sox,3,0,9,-3
776696,2025,2025-08-18,2025-08-18,R,145,Chicago White Sox,13,144,Atlanta Braves,9,0,22,-4
777459,2025,2025-08-18,2025-08-18,R,158,Milwaukee Brewers,7,112,Chicago Cubs,0,0,7,-7
776667,2025,2025-08-19,2025-08-19,R,137,San Francisco Giants,1,135,San Diego Padres,5,1,6,4
776668,2025,2025-08-19,2025-08-19,R,113,Cincinnati Reds,6,108,Los Angeles Angels,4,0,10,-2
776671,2025,2025-08-19,2025-08-19,R,119,Los Angeles Dodgers,11,115,Colorado Rockies,4,0,15,-7
776672,2025,2025-08-19,2025-08-19,R,114,Cleveland Guardians,5,109,Arizona Diamondbacks,6,1,11,1
776674,2025,2025-08-19,2025-08-19,R,133,Athletics,6,142,Minnesota Twins,3,0,9,-3
776675,2025,2025-08-19,2025-08-19,R,140,Texas Rangers,2,118,Kansas City Royals,5,1,7,3
776676,2025,2025-08-19,2025-08-19,R,158,Milwaukee Brewers,1,112,Chicago Cubs,4,1,5,3
776677,2025,2025-08-19,2025-08-19,R,147,New York Yankees,13,139,Tampa Bay Rays,3,0,16,-10
776678,2025,2025-08-19,2025-08-19,R,121,New York Mets,8,120,Washington Nationals,1,0,9,-7
776679,2025,2025-08-19,2025-08-19,R,141,Toronto Blue Jays,7,134,Pittsburgh Pirates,3,0,10,-4
776680,2025,2025-08-19,2025-08-19,R,136,Seattle Mariners,4,143,Philadelphia Phillies,6,1,10,2
776684,2025,2025-08-19,2025-08-19,R,110,Baltimore Orioles,4,111,Boston Red Sox,3,0,7,-1
776685,2025,2025-08-19,2025-08-19,R,117,Houston Astros,0,116,Detroit Tigers,1,1,1,1
776686,2025,2025-08-19,2025-08-19,R,138,St. Louis Cardinals,7,146,Miami Marlins,4,0,11,-3
776687,2025,2025-08-19,2025-08-19,R,145,Chicago White Sox,10,144,Atlanta Braves,11,1,21,1
776691,2025,2025-08-19,2025-08-19,R,158,Milwaukee Brewers,4,112,Chicago Cubs,6,1,10,2
776652,2025,2025-08-20,2025-08-20,R,113,Cincinnati Reds,1,108,Los Angeles Angels,2,1,3,1
776656,2025,2025-08-20,2025-08-20,R,137,San Francisco Giants,1,135,San Diego Padres,8,1,9,7
776658,2025,2025-08-20,2025-08-20,R,114,Cleveland Guardians,2,109,Arizona Diamondbacks,3,1,5,1
776659,2025,2025-08-20,2025-08-20,R,121,New York Mets,4,120,Washington Nationals,5,1,9,1
776660,2025,2025-08-20,2025-08-20,R,119,Los Angeles Dodgers,3,115,Colorado Rockies,8,1,11,5
776661,2025,2025-08-20,2025-08-20,R,141,Toronto Blue Jays,1,134,Pittsburgh Pirates,2,1,3,1
776662,2025,2025-08-20,2025-08-20,R,136,Seattle Mariners,2,143,Philadelphia Phillies,11,1,13,9
776663,2025,2025-08-20,2025-08-20,R,158,Milwaukee Brewers,3,112,Chicago Cubs,4,1,7,1
776664,2025,2025-08-20,2025-08-20,R,147,New York Yankees,6,139,Tampa Bay Rays,4,0,10,-2
776665,2025,2025-08-20,2025-08-20,R,133,Athletics,4,142,Minnesota Twins,2,0,6,-2
776666,2025,2025-08-20,2025-08-20,R,140,Texas Rangers,6,118,Kansas City Royals,3,0,9,-3
776669,2025,2025-08-20,2025-08-20,R,145,Chicago White Sox,0,144,Atlanta Braves,1,1,1,1
776670,2025,2025-08-20,2025-08-20,R,138,St. Louis Cardinals,2,146,Miami Marlins,6,1,8,4
776673,2025,2025-08-20,2025-08-20,R,117,Houston Astros,2,116,Detroit Tigers,7,1,9,5
776631,2025,2025-08-21,2025-08-21,R,138,St. Louis Cardinals,7,139,Tampa Bay Rays,4,0,11,-3
776642,2025,2025-08-21,2025-08-21,R,137,San Francisco Giants,4,135,San Diego Padres,8,1,12,4
776644,2025,2025-08-21,2025-08-21,R,119,Los Angeles Dodgers,9,115,Colorado Rockies,5,0,14,-4
776650,2025,2025-08-21,2025-08-21,R,121,New York Mets,3,120,Washington Nationals,9,1,12,6
776651,2025,2025-08-21,2025-08-21,R,158,Milwaukee Brewers,4,112,Chicago Cubs,1,0,5,-3
776653,2025,2025-08-21,2025-08-21,R,133,Athletics,8,142,Minnesota Twins,3,0,11,-5
776654,2025,2025-08-21,2025-08-21,R,111,Boston Red Sox,6,147,New York Yankees,3,0,9,-3
776655,2025,2025-08-21,2025-08-21,R,117,Houston Astros,7,110,Baltimore Orioles,2,0,9,-5
776657,2025,2025-08-21,2025-08-21,R,140,Texas Rangers,4,118,Kansas City Royals,6,1,10,2
776633,2025,2025-08-22,2025-08-22,R,138,St. Louis Cardinals,6,139,Tampa Bay Rays,10,1,16,4
776634,2025,2025-08-22,2025-08-22,R,137,San Francisco Giants,4,158,Milwaukee Brewers,5,1,9,1
776635,2025,2025-08-22,2025-08-22,R,113,Cincinnati Reds,5,109,Arizona Diamondbacks,6,1,11,1
776636,2025,2025-08-22,2025-08-22,R,119,Los Angeles Dodgers,1,135,San Diego Padres,2,1,3,1
776637,2025,2025-08-22,2025-08-22,R,115,Colorado Rockies,0,134,Pittsburgh Pirates,9,1,9,9
776638,2025,2025-08-22,2025-08-22,R,133,Athletics,2,136,Seattle Mariners,3,1,5,1
776639,2025,2025-08-22,2025-08-22,R,142,Minnesota Twins,9,145,Chicago White Sox,7,0,16,-2
776640,2025,2025-08-22,2025-08-22,R,112,Chicago Cubs,3,108,Los Angeles Angels,2,0,5,-1
776641,2025,2025-08-22,2025-08-22,R,114,Cleveland Guardians,3,140,Texas Rangers,4,1,7,1
776643,2025,2025-08-22,2025-08-22,R,117,Houston Astros,10,110,Baltimore Orioles,7,0,17,-3
776645,2025,2025-08-22,2025-08-22,R,121,New York Mets,12,144,Atlanta Braves,7,0,19,-5
776646,2025,2025-08-22,2025-08-22,R,141,Toronto Blue Jays,5,146,Miami Marlins,2,0,7,-3
776647,2025,2025-08-22,2025-08-22,R,111,Boston Red Sox,1,147,New York Yankees,0,0,1,-1
776648,2025,2025-08-22,2025-08-22,R,120,Washington Nationals,5,143,Philadelphia Phillies,4,0,9,-1
776649,2025,2025-08-22,2025-08-22,R,118,Kansas City Royals,5,116,Detroit Tigers,7,1,12,2
776617,2025,2025-08-23,2025-08-23,R,119,Los Angeles Dodgers,1,135,San Diego Padres,5,1,6,4
776618,2025,2025-08-23,2025-08-23,R,112,Chicago Cubs,12,108,Los Angeles Angels,1,0,13,-11
776619,2025,2025-08-23,2025-08-23,R,142,Minnesota Twins,3,145,Chicago White Sox,7,1,10,4
776620,2025,2025-08-23,2025-08-23,R,133,Athletics,2,136,Seattle Mariners,1,0,3,-1
776621,2025,2025-08-23,2025-08-23,R,137,San Francisco Giants,7,158,Milwaukee Brewers,1,0,8,-6
776622,2025,2025-08-23,2025-08-23,R,113,Cincinnati Reds,1,109,Arizona Diamondbacks,10,1,11,9
776623,2025,2025-08-23,2025-08-23,R,114,Cleveland Guardians,0,140,Texas Rangers,10,1,10,10
776625,2025,2025-08-23,2025-08-23,R,118,Kansas City Royals,2,116,Detroit Tigers,4,1,6,2
776626,2025,2025-08-23,2025-08-23,R,121,New York Mets,9,144,Atlanta Braves,2,0,11,-7
776627,2025,2025-08-23,2025-08-23,R,111,Boston Red Sox,12,147,New York Yankees,1,0,13,-11
776628,2025,2025-08-23,2025-08-23,R,120,Washington Nationals,4,143,Philadelphia Phillies,6,1,10,2
776629,2025,2025-08-23,2025-08-23,R,117,Houston Astros,9,110,Baltimore Orioles,8,0,17,-1
776630,2025,2025-08-23,2025-08-23,R,141,Toronto Blue Jays,7,146,Miami Marlins,6,0,13,-1
776632,2025,2025-08-23,2025-08-23,R,115,Colorado Rockies,1,134,Pittsburgh Pirates,5,1,6,4
776602,2025,2025-08-24,2025-08-24,R,133,Athletics,4,136,Seattle Mariners,11,1,15,7
776603,2025,2025-08-24,2025-08-24,R,119,Los Angeles Dodgers,8,135,San Diego Padres,2,0,10,-6
776605,2025,2025-08-24,2025-08-24,R,112,Chicago Cubs,4,108,Los Angeles Angels,3,0,7,-1
776606,2025,2025-08-24,2025-08-24,R,138,St. Louis Cardinals,2,139,Tampa Bay Rays,7,1,9,5
776607,2025,2025-08-24,2025-08-24,R,142,Minnesota Twins,0,145,Chicago White Sox,8,1,8,8
776608,2025,2025-08-24,2025-08-24,R,137,San Francisco Giants,4,158,Milwaukee Brewers,3,0,7,-1
776609,2025,2025-08-24,2025-08-24,R,113,Cincinnati Reds,6,109,Arizona Diamondbacks,1,0,7,-5
776610,2025,2025-08-24,2025-08-24,R,115,Colorado Rockies,0,134,Pittsburgh Pirates,4,1,4,4
776611,2025,2025-08-24,2025-08-24,R,114,Cleveland Guardians,0,140,Texas Rangers,5,1,5,5
776612,2025,2025-08-24,2025-08-24,R,117,Houston Astros,2,110,Baltimore Orioles,3,1,5,1
776613,2025,2025-08-24,2025-08-24,R,120,Washington Nationals,2,143,Philadelphia Phillies,3,1,5,1
776614,2025,2025-08-24,2025-08-24,R,141,Toronto Blue Jays,3,146,Miami Marlins,5,1,8,2
776615,2025,2025-08-24,2025-08-24,R,118,Kansas City Royals,10,116,Detroit Tigers,8,0,18,-2
776616,2025,2025-08-24,2025-08-24,R,111,Boston Red Sox,2,147,New York Yankees,7,1,9,5
776624,2025,2025-08-24,2025-08-24,R,121,New York Mets,3,144,Atlanta Braves,4,1,7,1
776589,2025,2025-08-25,2025-08-25,R,134,Pittsburgh Pirates,6,138,St. Louis Cardinals,7,1,13,1
776590,2025,2025-08-25,2025-08-25,R,116,Detroit Tigers,3,133,Athletics,8,1,11,5
776592,2025,2025-08-25,2025-08-25,R,108,Los Angeles Angels,4,140,Texas Rangers,0,0,4,-4
776593,2025,2025-08-25,2025-08-25,R,109,Arizona Diamondbacks,5,158,Milwaukee Brewers,7,1,12,2
776594,2025,2025-08-25,2025-08-25,R,113,Cincinnati Reds,0,119,Los Angeles Dodgers,7,1,7,7
776595,2025,2025-08-25,2025-08-25,R,135,San Diego Padres,6,136,Seattle Mariners,9,1,15,3
776596,2025,2025-08-25,2025-08-25,R,142,Minnesota Twins,4,141,Toronto Blue Jays,10,1,14,6
776597,2025,2025-08-25,2025-08-25,R,120,Washington Nationals,5,147,New York Yankees,10,1,15,5
776598,2025,2025-08-25,2025-08-25,R,143,Philadelphia Phillies,3,121,New York Mets,13,1,16,10
776599,2025,2025-08-25,2025-08-25,R,118,Kansas City Royals,0,145,Chicago White Sox,7,1,7,7
776600,2025,2025-08-25,2025-08-25,R,144,Atlanta Braves,1,146,Miami Marlins,2,1,3,1
776601,2025,2025-08-25,2025-08-25,R,139,Tampa Bay Rays,9,114,Cleveland Guardians,0,0,9,-9
776604,2025,2025-08-25,2025-08-25,R,111,Boston Red Sox,4,110,Baltimore Orioles,3,0,7,-1
776573,2025,2025-08-26,2025-08-26,R,116,Detroit Tigers,6,133,Athletics,7,1,13,1
776574,2025,2025-08-26,2025-08-26,R,113,Cincinnati Reds,3,119,Los Angeles Dodgers,6,1,9,3
776575,2025,2025-08-26,2025-08-26,R,108,Los Angeles Angels,3,140,Texas Rangers,7,1,10,4
776576,2025,2025-08-26,2025-08-26,R,112,Chicago Cubs,2,137,San Francisco Giants,5,1,7,3
776577,2025,2025-08-26,2025-08-26,R,135,San Diego Padres,7,136,Seattle Mariners,6,0,13,-1
776578,2025,2025-08-26,2025-08-26,R,134,Pittsburgh Pirates,8,138,St. Louis Cardinals,3,0,11,-5
776581,2025,2025-08-26,2025-08-26,R,144,Atlanta Braves,11,146,Miami Marlins,2,0,13,-9
776582,2025,2025-08-26,2025-08-26,R,142,Minnesota Twins,7,141,Toronto Blue Jays,5,0,12,-2
776583,2025,2025-08-26,2025-08-26,R,118,Kansas City Royals,5,145,Chicago White Sox,4,0,9,-1
776584,2025,2025-08-26,2025-08-26,R,139,Tampa Bay Rays,0,114,Cleveland Guardians,3,1,3,3
776585,2025,2025-08-26,2025-08-26,R,143,Philadelphia Phillies,5,121,New York Mets,6,1,11,1
776586,2025,2025-08-26,2025-08-26,R,109,Arizona Diamondbacks,8,158,Milwaukee Brewers,9,1,17,1
776587,2025,2025-08-26,2025-08-26,R,115,Colorado Rockies,6,117,Houston Astros,1,0,7,-5
776588,2025,2025-08-26,2025-08-26,R,120,Washington Nationals,1,147,New York Yankees,5,1,6,4
776591,2025,2025-08-26,2025-08-26,R,111,Boston Red Sox,5,110,Baltimore Orioles,0,0,5,-5
776557,2025,2025-08-27,2025-08-27,R,112,Chicago Cubs,3,137,San Francisco Giants,12,1,15,9
776559,2025,2025-08-27,2025-08-27,R,116,Detroit Tigers,0,133,Athletics,7,1,7,7
776561,2025,2025-08-27,2025-08-27,R,135,San Diego Padres,3,136,Seattle Mariners,4,1,7,1
776562,2025,2025-08-27,2025-08-27,R,113,Cincinnati Reds,1,119,Los Angeles Dodgers,5,1,6,4
776563,2025,2025-08-27,2025-08-27,R,108,Los Angeles Angels,3,140,Texas Rangers,20,1,23,17
776565,2025,2025-08-27,2025-08-27,R,144,Atlanta Braves,12,146,Miami Marlins,1,0,13,-11
776566,2025,2025-08-27,2025-08-27,R,143,Philadelphia Phillies,0,121,New York Mets,6,1,6,6
776567,2025,2025-08-27,2025-08-27,R,142,Minnesota Twins,8,141,Toronto Blue Jays,9,1,17,1
776568,2025,2025-08-27,2025-08-27,R,134,Pittsburgh Pirates,2,138,St. Louis Cardinals,1,0,3,-1
776569,2025,2025-08-27,2025-08-27,R,118,Kansas City Royals,12,145,Chicago White Sox,1,0,13,-11
776570,2025,2025-08-27,2025-08-27,R,120,Washington Nationals,2,147,New York Yankees,11,1,13,9
776571,2025,2025-08-27,2025-08-27,R,115,Colorado Rockies,0,117,Houston Astros,4,1,4,4
776572,2025,2025-08-27,2025-08-27,R,109,Arizona Diamondbacks,3,158,Milwaukee Brewers,2,0,5,-1
776579,2025,2025-08-27,2025-08-27,R,111,Boston Red Sox,3,110,Baltimore Orioles,2,0,5,-1
776580,2025,2025-08-27,2025-08-27,R,139,Tampa Bay Rays,3,114,Cleveland Guardians,4,1,7,1
776550,2025,2025-08-28,2025-08-28,R,112,Chicago Cubs,3,137,San Francisco Giants,4,1,7,1
776553,2025,2025-08-28,2025-08-28,R,109,Arizona Diamondbacks,6,158,Milwaukee Brewers,4,0,10,-2
776554,2025,2025-08-28,2025-08-28,R,134,Pittsburgh Pirates,1,138,St. Louis Cardinals,4,1,5,3
776555,2025,2025-08-28,2025-08-28,R,115,Colorado Rockies,3,117,Houston Astros,4,1,7,1
776556,2025,2025-08-28,2025-08-28,R,147,New York Yankees,10,145,Chicago White Sox,4,0,14,-6
776558,2025,2025-08-28,2025-08-28,R,146,Miami Marlins,7,121,New York Mets,4,0,11,-3
776560,2025,2025-08-28,2025-08-28,R,144,Atlanta Braves,4,143,Philadelphia Phillies,19,1,23,15
776564,2025,2025-08-28,2025-08-28,R,111,Boston Red Sox,3,110,Baltimore Orioles,2,0,5,-1
776533,2025,2025-08-29,2025-08-29,R,110,Baltimore Orioles,8,137,San Francisco Giants,15,1,23,7
776534,2025,2025-08-29,2025-08-29,R,109,Arizona Diamondbacks,3,119,Los Angeles Dodgers,0,0,3,-3
776538,2025,2025-08-29,2025-08-29,R,140,Texas Rangers,5,133,Athletics,2,0,7,-3
776540,2025,2025-08-29,2025-08-29,R,116,Detroit Tigers,5,118,Kansas City Royals,3,0,8,-2
776541,2025,2025-08-29,2025-08-29,R,135,San Diego Padres,4,142,Minnesota Twins,7,1,11,3
776542,2025,2025-08-29,2025-08-29,R,112,Chicago Cubs,11,115,Colorado Rockies,7,0,18,-4
776543,2025,2025-08-29,2025-08-29,R,108,Los Angeles Angels,0,117,Houston Astros,2,1,2,2
776544,2025,2025-08-29,2025-08-29,R,147,New York Yankees,10,145,Chicago White Sox,2,0,12,-8
776545,2025,2025-08-29,2025-08-29,R,139,Tampa Bay Rays,4,120,Washington Nationals,1,0,5,-3
776546,2025,2025-08-29,2025-08-29,R,158,Milwaukee Brewers,7,141,Toronto Blue Jays,2,0,9,-5
776547,2025,2025-08-29,2025-08-29,R,136,Seattle Mariners,4,114,Cleveland Guardians,5,1,9,1
776548,2025,2025-08-29,2025-08-29,R,146,Miami Marlins,9,121,New York Mets,19,1,28,10
776549,2025,2025-08-29,2025-08-29,R,134,Pittsburgh Pirates,4,111,Boston Red Sox,2,0,6,-2
776551,2025,2025-08-29,2025-08-29,R,138,St. Louis Cardinals,7,113,Cincinnati Reds,5,0,12,-2
776552,2025,2025-08-29,2025-08-29,R,144,Atlanta Braves,1,143,Philadelphia Phillies,2,1,3,1
776516,2025,2025-08-30,2025-08-30,R,110,Baltimore Orioles,11,137,San Francisco Giants,1,0,12,-10
776523,2025,2025-08-30,2025-08-30,R,109,Arizona Diamondbacks,6,119,Los Angeles Dodgers,1,0,7,-5
776524,2025,2025-08-30,2025-08-30,R,140,Texas Rangers,9,133,Athletics,3,0,12,-6
776525,2025,2025-08-30,2025-08-30,R,139,Tampa Bay Rays,4,120,Washington Nationals,1,0,5,-3
776526,2025,2025-08-30,2025-08-30,R,112,Chicago Cubs,4,115,Colorado Rockies,3,0,7,-1
776527,2025,2025-08-30,2025-08-30,R,158,Milwaukee Brewers,4,141,Toronto Blue Jays,1,0,5,-3
776528,2025,2025-08-30,2025-08-30,R,116,Detroit Tigers,1,118,Kansas City Royals,3,1,4,2
776529,2025,2025-08-30,2025-08-30,R,147,New York Yankees,5,145,Chicago White Sox,3,0,8,-2
776530,2025,2025-08-30,2025-08-30,R,135,San Diego Padres,12,142,Minnesota Twins,3,0,15,-9
776531,2025,2025-08-30,2025-08-30,R,108,Los Angeles Angels,4,117,Houston Astros,1,0,5,-3
776532,2025,2025-08-30,2025-08-30,R,144,Atlanta Braves,2,143,Philadelphia Phillies,3,1,5,1
776535,2025,2025-08-30,2025-08-30,R,146,Miami Marlins,11,121,New York Mets,8,0,19,-3
776536,2025,2025-08-30,2025-08-30,R,138,St. Louis Cardinals,4,113,Cincinnati Reds,2,0,6,-2
776537,2025,2025-08-30,2025-08-30,R,136,Seattle Mariners,3,114,Cleveland Guardians,4,1,7,1
776539,2025,2025-08-30,2025-08-30,R,134,Pittsburgh Pirates,10,111,Boston Red Sox,3,0,13,-7
776507,2025,2025-08-31,2025-08-31,R,110,Baltimore Orioles,2,137,San Francisco Giants,13,1,15,11
776508,2025,2025-08-31,2025-08-31,R,140,Texas Rangers,9,133,Athletics,6,0,15,-3
776509,2025,2025-08-31,2025-08-31,R,109,Arizona Diamondbacks,4,119,Los Angeles Dodgers,5,1,9,1
776510,2025,2025-08-31,2025-08-31,R,108,Los Angeles Angels,3,117,Houston Astros,0,0,3,-3
776511,2025,2025-08-31,2025-08-31,R,112,Chicago Cubs,5,115,Colorado Rockies,6,1,11,1
776512,2025,2025-08-31,2025-08-31,R,116,Detroit Tigers,5,118,Kansas City Royals,0,0,5,-5
776513,2025,2025-08-31,2025-08-31,R,135,San Diego Padres,2,142,Minnesota Twins,7,1,9,5
776514,2025,2025-08-31,2025-08-31,R,147,New York Yankees,2,145,Chicago White Sox,3,1,5,1
776515,2025,2025-08-31,2025-08-31,R,158,Milwaukee Brewers,4,141,Toronto Blue Jays,8,1,12,4
776517,2025,2025-08-31,2025-08-31,R,134,Pittsburgh Pirates,2,111,Boston Red Sox,5,1,7,3
776518,2025,2025-08-31,2025-08-31,R,138,St. Louis Cardinals,4,113,Cincinnati Reds,7,1,11,3
776519,2025,2025-08-31,2025-08-31,R,146,Miami Marlins,5,121,New York Mets,1,0,6,-4
776520,2025,2025-08-31,2025-08-31,R,139,Tampa Bay Rays,7,120,Washington Nationals,4,0,11,-3
776521,2025,2025-08-31,2025-08-31,R,136,Seattle Mariners,4,114,Cleveland Guardians,2,0,6,-2
776522,2025,2025-08-31,2025-08-31,R,144,Atlanta Braves,3,143,Philadelphia Phillies,1,0,4,-2
776492,2025,2025-09-01,2025-09-01,R,137,San Francisco Giants,8,115,Colorado Rockies,2,0,10,-6
776494,2025,2025-09-01,2025-09-01,R,110,Baltimore Orioles,4,135,San Diego Padres,3,0,7,-1
776495,2025,2025-09-01,2025-09-01,R,140,Texas Rangers,7,109,Arizona Diamondbacks,5,0,12,-2
776497,2025,2025-09-01,2025-09-01,R,133,Athletics,11,138,St. Louis Cardinals,3,0,14,-8
776498,2025,2025-09-01,2025-09-01,R,146,Miami Marlins,0,120,Washington Nationals,2,1,2,2
776499,2025,2025-09-01,2025-09-01,R,108,Los Angeles Angels,3,117,Houston Astros,8,1,11,5
776500,2025,2025-09-01,2025-09-01,R,143,Philadelphia Phillies,10,158,Milwaukee Brewers,8,0,18,-2
776501,2025,2025-09-01,2025-09-01,R,121,New York Mets,10,116,Detroit Tigers,8,0,18,-2
776502,2025,2025-09-01,2025-09-01,R,145,Chicago White Sox,6,142,Minnesota Twins,5,0,11,-1
776503,2025,2025-09-01,2025-09-01,R,141,Toronto Blue Jays,4,113,Cincinnati Reds,5,1,9,1
776504,2025,2025-09-01,2025-09-01,R,136,Seattle Mariners,2,139,Tampa Bay Rays,10,1,12,8
776505,2025,2025-09-01,2025-09-01,R,114,Cleveland Guardians,4,111,Boston Red Sox,6,1,10,2
776506,2025,2025-09-01,2025-09-01,R,144,Atlanta Braves,6,112,Chicago Cubs,7,1,13,1
776480,2025,2025-09-02,2025-09-02,R,110,Baltimore Orioles,6,135,San Diego Padres,2,0,8,-4
776481,2025,2025-09-02,2025-09-02,R,140,Texas Rangers,3,109,Arizona Diamondbacks,5,1,8,2
776482,2025,2025-09-02,2025-09-02,R,146,Miami Marlins,2,120,Washington Nationals,5,1,7,3
776483,2025,2025-09-02,2025-09-02,R,133,Athletics,1,138,St. Louis Cardinals,2,1,3,1
776484,2025,2025-09-02,2025-09-02,R,145,Chicago White Sox,12,142,Minnesota Twins,3,0,15,-9
776485,2025,2025-09-02,2025-09-02,R,136,Seattle Mariners,5,139,Tampa Bay Rays,6,1,11,1
776486,2025,2025-09-02,2025-09-02,R,137,San Francisco Giants,7,115,Colorado Rockies,4,0,11,-3
776487,2025,2025-09-02,2025-09-02,R,144,Atlanta Braves,3,112,Chicago Cubs,4,1,7,1
776488,2025,2025-09-02,2025-09-02,R,108,Los Angeles Angels,5,118,Kansas City Royals,1,0,6,-4
776489,2025,2025-09-02,2025-09-02,R,147,New York Yankees,7,117,Houston Astros,1,0,8,-6
776490,2025,2025-09-02,2025-09-02,R,121,New York Mets,12,116,Detroit Tigers,5,0,17,-7
776491,2025,2025-09-02,2025-09-02,R,141,Toronto Blue Jays,12,113,Cincinnati Reds,9,0,21,-3
776493,2025,2025-09-02,2025-09-02,R,114,Cleveland Guardians,7,111,Boston Red Sox,11,1,18,4
776496,2025,2025-09-02,2025-09-02,R,119,Los Angeles Dodgers,7,134,Pittsburgh Pirates,9,1,16,2
776465,2025,2025-09-03,2025-09-03,R,110,Baltimore Orioles,7,135,San Diego Padres,5,0,12,-2
776466,2025,2025-09-03,2025-09-03,R,108,Los Angeles Angels,4,118,Kansas City Royals,3,0,7,-1
776467,2025,2025-09-03,2025-09-03,R,137,San Francisco Giants,10,115,Colorado Rockies,8,0,18,-2
776468,2025,2025-09-03,2025-09-03,R,140,Texas Rangers,0,109,Arizona Diamondbacks,2,1,2,2
776469,2025,2025-09-03,2025-09-03,R,145,Chicago White Sox,4,142,Minnesota Twins,3,0,7,-1
776470,2025,2025-09-03,2025-09-03,R,133,Athletics,1,138,St. Louis Cardinals,5,1,6,4
776471,2025,2025-09-03,2025-09-03,R,143,Philadelphia Phillies,3,158,Milwaukee Brewers,6,1,9,3
776472,2025,2025-09-03,2025-09-03,R,147,New York Yankees,7,117,Houston Astros,8,1,15,1
776473,2025,2025-09-03,2025-09-03,R,144,Atlanta Braves,5,112,Chicago Cubs,1,0,6,-4
776474,2025,2025-09-03,2025-09-03,R,114,Cleveland Guardians,8,111,Boston Red Sox,1,0,9,-7
776475,2025,2025-09-03,2025-09-03,R,141,Toronto Blue Jays,13,113,Cincinnati Reds,9,0,22,-4
776476,2025,2025-09-03,2025-09-03,R,136,Seattle Mariners,4,139,Tampa Bay Rays,9,1,13,5
776477,2025,2025-09-03,2025-09-03,R,146,Miami Marlins,5,120,Washington Nationals,10,1,15,5
776478,2025,2025-09-03,2025-09-03,R,121,New York Mets,2,116,Detroit Tigers,6,1,8,4
776479,2025,2025-09-03,2025-09-03,R,119,Los Angeles Dodgers,0,134,Pittsburgh Pirates,3,1,3,3
776458,2025,2025-09-04,2025-09-04,R,114,Cleveland Guardians,2,139,Tampa Bay Rays,4,1,6,2
776459,2025,2025-09-04,2025-09-04,R,143,Philadelphia Phillies,2,158,Milwaukee Brewers,0,0,2,-2
776461,2025,2025-09-04,2025-09-04,R,119,Los Angeles Dodgers,3,134,Pittsburgh Pirates,5,1,8,2
776462,2025,2025-09-04,2025-09-04,R,145,Chicago White Sox,11,142,Minnesota Twins,8,0,19,-3
776463,2025,2025-09-04,2025-09-04,R,108,Los Angeles Angels,3,118,Kansas City Royals,4,1,7,1
776464,2025,2025-09-04,2025-09-04,R,147,New York Yankees,8,117,Houston Astros,4,0,12,-4
776442,2025,2025-09-05,2025-09-05,R,135,San Diego Padres,0,115,Colorado Rockies,3,1,3,3
776444,2025,2025-09-05,2025-09-05,R,133,Athletics,10,108,Los Angeles Angels,4,0,14,-6
776445,2025,2025-09-05,2025-09-05,R,137,San Francisco Giants,8,138,St. Louis Cardinals,2,0,10,-6
776446,2025,2025-09-05,2025-09-05,R,142,Minnesota Twins,1,118,Kansas City Royals,2,1,3,1
776448,2025,2025-09-05,2025-09-05,R,111,Boston Red Sox,5,109,Arizona Diamondbacks,10,1,15,5
776449,2025,2025-09-05,2025-09-05,R,117,Houston Astros,3,140,Texas Rangers,4,1,7,1
776450,2025,2025-09-05,2025-09-05,R,121,New York Mets,5,113,Cincinnati Reds,4,0,9,-1
776451,2025,2025-09-05,2025-09-05,R,114,Cleveland Guardians,7,139,Tampa Bay Rays,1,0,8,-6
776452,2025,2025-09-05,2025-09-05,R,145,Chicago White Sox,7,116,Detroit Tigers,5,0,12,-2
776453,2025,2025-09-05,2025-09-05,R,158,Milwaukee Brewers,5,134,Pittsburgh Pirates,2,0,7,-3
776454,2025,2025-09-05,2025-09-05,R,119,Los Angeles Dodgers,1,110,Baltimore Orioles,2,1,3,1
776455,2025,2025-09-05,2025-09-05,R,120,Washington Nationals,5,112,Chicago Cubs,11,1,16,6
776456,2025,2025-09-05,2025-09-05,R,143,Philadelphia Phillies,9,146,Miami Marlins,3,0,12,-6
776457,2025,2025-09-05,2025-09-05,R,141,Toronto Blue Jays,7,147,New York Yankees,1,0,8,-6
776460,2025,2025-09-05,2025-09-05,R,136,Seattle Mariners,1,144,Atlanta Braves,4,1,5,3
776424,2025,2025-09-06,2025-09-06,R,111,Boston Red Sox,1,109,Arizona Diamondbacks,5,1,6,4
776430,2025,2025-09-06,2025-09-06,R,133,Athletics,17,108,Los Angeles Angels,4,0,21,-13
776431,2025,2025-09-06,2025-09-06,R,135,San Diego Padres,10,115,Colorado Rockies,8,0,18,-2
776432,2025,2025-09-06,2025-09-06,R,117,Houston Astros,11,140,Texas Rangers,0,0,11,-11
776433,2025,2025-09-06,2025-09-06,R,143,Philadelphia Phillies,4,146,Miami Marlins,2,0,6,-2
776434,2025,2025-09-06,2025-09-06,R,142,Minnesota Twins,2,118,Kansas City Royals,11,1,13,9
776435,2025,2025-09-06,2025-09-06,R,145,Chicago White Sox,0,116,Detroit Tigers,6,1,6,6
776436,2025,2025-09-06,2025-09-06,R,141,Toronto Blue Jays,1,147,New York Yankees,3,1,4,2
776437,2025,2025-09-06,2025-09-06,R,137,San Francisco Giants,2,138,St. Louis Cardinals,3,1,5,1
776438,2025,2025-09-06,2025-09-06,R,114,Cleveland Guardians,3,139,Tampa Bay Rays,2,0,5,-1
776439,2025,2025-09-06,2025-09-06,R,121,New York Mets,3,113,Cincinnati Reds,6,1,9,3
776440,2025,2025-09-06,2025-09-06,R,120,Washington Nationals,2,112,Chicago Cubs,1,0,3,-1
776441,2025,2025-09-06,2025-09-06,R,158,Milwaukee Brewers,4,134,Pittsburgh Pirates,1,0,5,-3
776443,2025,2025-09-06,2025-09-06,R,119,Los Angeles Dodgers,3,110,Baltimore Orioles,4,1,7,1
776447,2025,2025-09-06,2025-09-06,R,136,Seattle Mariners,10,144,Atlanta Braves,2,0,12,-8
776414,2025,2025-09-07,2025-09-07,R,133,Athletics,3,108,Los Angeles Angels,4,1,7,1
776415,2025,2025-09-07,2025-09-07,R,111,Boston Red Sox,7,109,Arizona Diamondbacks,4,0,11,-3
776416,2025,2025-09-07,2025-09-07,R,137,San Francisco Giants,3,138,St. Louis Cardinals,4,1,7,1
776417,2025,2025-09-07,2025-09-07,R,135,San Diego Padres,8,115,Colorado Rockies,1,0,9,-7
776418,2025,2025-09-07,2025-09-07,R,117,Houston Astros,2,140,Texas Rangers,4,1,6,2
776419,2025,2025-09-07,2025-09-07,R,158,Milwaukee Brewers,10,134,Pittsburgh Pirates,2,0,12,-8
776420,2025,2025-09-07,2025-09-07,R,120,Washington Nationals,6,112,Chicago Cubs,3,0,9,-3
776421,2025,2025-09-07,2025-09-07,R,114,Cleveland Guardians,2,139,Tampa Bay Rays,1,0,3,-1
776422,2025,2025-09-07,2025-09-07,R,142,Minnesota Twins,5,118,Kansas City Royals,1,0,6,-4
776423,2025,2025-09-07,2025-09-07,R,141,Toronto Blue Jays,3,147,New York Yankees,4,1,7,1
776425,2025,2025-09-07,2025-09-07,R,145,Chicago White Sox,6,116,Detroit Tigers,4,0,10,-2
776426,2025,2025-09-07,2025-09-07,R,143,Philadelphia Phillies,4,146,Miami Marlins,5,1,9,1
776427,2025,2025-09-07,2025-09-07,R,119,Los Angeles Dodgers,5,110,Baltimore Orioles,2,0,7,-3
776428,2025,2025-09-07,2025-09-07,R,136,Seattle Mariners,18,144,Atlanta Braves,2,0,20,-16
776429,2025,2025-09-07,2025-09-07,R,121,New York Mets,2,113,Cincinnati Reds,3,1,5,1
776399,2025,2025-09-08,2025-09-08,R,109,Arizona Diamondbacks,5,137,San Francisco Giants,11,1,16,6
776400,2025,2025-09-08,2025-09-08,R,138,St. Louis Cardinals,2,136,Seattle Mariners,4,1,6,2
776405,2025,2025-09-08,2025-09-08,R,121,New York Mets,0,143,Philadelphia Phillies,1,1,1,1
776406,2025,2025-09-08,2025-09-08,R,158,Milwaukee Brewers,0,140,Texas Rangers,5,1,5,5
776407,2025,2025-09-08,2025-09-08,R,113,Cincinnati Reds,3,135,San Diego Padres,4,1,7,1
776408,2025,2025-09-08,2025-09-08,R,115,Colorado Rockies,1,119,Los Angeles Dodgers,3,1,4,2
776409,2025,2025-09-08,2025-09-08,R,120,Washington Nationals,15,146,Miami Marlins,7,0,22,-8
776410,2025,2025-09-08,2025-09-08,R,111,Boston Red Sox,7,133,Athletics,0,0,7,-7
776411,2025,2025-09-08,2025-09-08,R,142,Minnesota Twins,12,108,Los Angeles Angels,3,0,15,-9
776412,2025,2025-09-08,2025-09-08,R,112,Chicago Cubs,1,144,Atlanta Braves,4,1,5,3
776413,2025,2025-09-08,2025-09-08,R,118,Kansas City Royals,2,114,Cleveland Guardians,10,1,12,8
776388,2025,2025-09-09,2025-09-09,R,139,Tampa Bay Rays,5,145,Chicago White Sox,4,0,9,-1
776389,2025,2025-09-09,2025-09-09,R,115,Colorado Rockies,2,119,Los Angeles Dodgers,7,1,9,5
776390,2025,2025-09-09,2025-09-09,R,142,Minnesota Twins,2,108,Los Angeles Angels,12,1,14,10
776391,2025,2025-09-09,2025-09-09,R,138,St. Louis Cardinals,3,136,Seattle Mariners,5,1,8,2
776392,2025,2025-09-09,2025-09-09,R,113,Cincinnati Reds,4,135,San Diego Padres,2,0,6,-2
776393,2025,2025-09-09,2025-09-09,R,117,Houston Astros,3,141,Toronto Blue Jays,4,1,7,1
776394,2025,2025-09-09,2025-09-09,R,109,Arizona Diamondbacks,3,137,San Francisco Giants,5,1,8,2
776395,2025,2025-09-09,2025-09-09,R,158,Milwaukee Brewers,4,140,Texas Rangers,5,1,9,1
776396,2025,2025-09-09,2025-09-09,R,111,Boston Red Sox,6,133,Athletics,0,0,6,-6
776397,2025,2025-09-09,2025-09-09,R,120,Washington Nationals,7,146,Miami Marlins,5,0,12,-2
776398,2025,2025-09-09,2025-09-09,R,116,Detroit Tigers,12,147,New York Yankees,2,0,14,-10
776401,2025,2025-09-09,2025-09-09,R,134,Pittsburgh Pirates,2,110,Baltimore Orioles,3,1,5,1
776402,2025,2025-09-09,2025-09-09,R,112,Chicago Cubs,6,144,Atlanta Braves,1,0,7,-5
776403,2025,2025-09-09,2025-09-09,R,118,Kansas City Royals,0,114,Cleveland Guardians,2,1,2,2
776404,2025,2025-09-09,2025-09-09,R,121,New York Mets,3,143,Philadelphia Phillies,9,1,12,6
776373,2025,2025-09-10,2025-09-10,R,138,St. Louis Cardinals,2,136,Seattle Mariners,4,1,6,2
776374,2025,2025-09-10,2025-09-10,R,109,Arizona Diamondbacks,5,137,San Francisco Giants,3,0,8,-2
776375,2025,2025-09-10,2025-09-10,R,158,Milwaukee Brewers,3,140,Texas Rangers,6,1,9,3
776376,2025,2025-09-10,2025-09-10,R,142,Minnesota Twins,3,108,Los Angeles Angels,4,1,7,1
776377,2025,2025-09-10,2025-09-10,R,113,Cincinnati Reds,2,135,San Diego Padres,1,0,3,-1
776378,2025,2025-09-10,2025-09-10,R,139,Tampa Bay Rays,5,145,Chicago White Sox,6,1,11,1
776379,2025,2025-09-10,2025-09-10,R,111,Boston Red Sox,4,133,Athletics,5,1,9,1
776380,2025,2025-09-10,2025-09-10,R,115,Colorado Rockies,0,119,Los Angeles Dodgers,9,1,9,9
776381,2025,2025-09-10,2025-09-10,R,112,Chicago Cubs,3,144,Atlanta Braves,2,0,5,-1
776382,2025,2025-09-10,2025-09-10,R,118,Kansas City Royals,4,114,Cleveland Guardians,3,0,7,-1
776383,2025,2025-09-10,2025-09-10,R,116,Detroit Tigers,11,147,New York Yankees,1,0,12,-10
776384,2025,2025-09-10,2025-09-10,R,121,New York Mets,3,143,Philadelphia Phillies,11,1,14,8
776385,2025,2025-09-10,2025-09-10,R,117,Houston Astros,3,141,Toronto Blue Jays,2,0,5,-1
776386,2025,2025-09-10,2025-09-10,R,120,Washington Nationals,3,146,Miami Marlins,8,1,11,5
776387,2025,2025-09-10,2025-09-10,R,134,Pittsburgh Pirates,1,110,Baltimore Orioles,2,1,3,1
776362,2025,2025-09-11,2025-09-11,R,108,Los Angeles Angels,6,136,Seattle Mariners,7,1,13,1
776364,2025,2025-09-11,2025-09-11,R,139,Tampa Bay Rays,1,145,Chicago White Sox,5,1,6,4
776365,2025,2025-09-11,2025-09-11,R,115,Colorado Rockies,0,135,San Diego Padres,2,1,2,2
776367,2025,2025-09-11,2025-09-11,R,120,Washington Nationals,0,146,Miami Marlins,5,1,5,5
776368,2025,2025-09-11,2025-09-11,R,116,Detroit Tigers,3,147,New York Yankees,9,1,12,6
776369,2025,2025-09-11,2025-09-11,R,117,Houston Astros,0,141,Toronto Blue Jays,6,1,6,6
776370,2025,2025-09-11,2025-09-11,R,118,Kansas City Royals,2,114,Cleveland Guardians,3,1,5,1
776371,2025,2025-09-11,2025-09-11,R,121,New York Mets,4,143,Philadelphia Phillies,6,1,10,2
776372,2025,2025-09-11,2025-09-11,R,134,Pittsburgh Pirates,2,110,Baltimore Orioles,3,1,5,1
776345,2025,2025-09-12,2025-09-12,R,108,Los Angeles Angels,1,136,Seattle Mariners,2,1,3,1
776350,2025,2025-09-12,2025-09-12,R,119,Los Angeles Dodgers,1,137,San Francisco Giants,5,1,6,4
776351,2025,2025-09-12,2025-09-12,R,134,Pittsburgh Pirates,5,120,Washington Nationals,6,1,11,1
776352,2025,2025-09-12,2025-09-12,R,139,Tampa Bay Rays,4,112,Chicago Cubs,6,1,10,2
776353,2025,2025-09-12,2025-09-12,R,110,Baltimore Orioles,1,141,Toronto Blue Jays,6,1,7,5
776354,2025,2025-09-12,2025-09-12,R,118,Kansas City Royals,2,143,Philadelphia Phillies,8,1,10,6
776355,2025,2025-09-12,2025-09-12,R,109,Arizona Diamondbacks,8,142,Minnesota Twins,9,1,17,1
776356,2025,2025-09-12,2025-09-12,R,138,St. Louis Cardinals,2,158,Milwaukee Brewers,8,1,10,6
776357,2025,2025-09-12,2025-09-12,R,115,Colorado Rockies,4,135,San Diego Padres,2,0,6,-2
776358,2025,2025-09-12,2025-09-12,R,113,Cincinnati Reds,0,133,Athletics,3,1,3,3
776359,2025,2025-09-12,2025-09-12,R,140,Texas Rangers,8,121,New York Mets,3,0,11,-5
776360,2025,2025-09-12,2025-09-12,R,117,Houston Astros,11,144,Atlanta Braves,3,0,14,-8
776361,2025,2025-09-12,2025-09-12,R,145,Chicago White Sox,0,114,Cleveland Guardians,4,1,4,4
776363,2025,2025-09-12,2025-09-12,R,147,New York Yankees,4,111,Boston Red Sox,1,0,5,-3
776366,2025,2025-09-12,2025-09-12,R,116,Detroit Tigers,2,146,Miami Marlins,8,1,10,6
776328,2025,2025-09-13,2025-09-13,R,119,Los Angeles Dodgers,13,137,San Francisco Giants,7,0,20,-6
776333,2025,2025-09-13,2025-09-13,R,108,Los Angeles Angels,3,136,Seattle Mariners,5,1,8,2
776336,2025,2025-09-13,2025-09-13,R,134,Pittsburgh Pirates,5,120,Washington Nationals,1,0,6,-4
776337,2025,2025-09-13,2025-09-13,R,109,Arizona Diamondbacks,5,142,Minnesota Twins,2,0,7,-3
776338,2025,2025-09-13,2025-09-13,R,139,Tampa Bay Rays,5,112,Chicago Cubs,4,0,9,-1
776339,2025,2025-09-13,2025-09-13,R,138,St. Louis Cardinals,8,158,Milwaukee Brewers,9,1,17,1
776340,2025,2025-09-13,2025-09-13,R,113,Cincinnati Reds,5,133,Athletics,11,1,16,6
776341,2025,2025-09-13,2025-09-13,R,115,Colorado Rockies,3,135,San Diego Padres,11,1,14,8
776342,2025,2025-09-13,2025-09-13,R,118,Kansas City Royals,6,143,Philadelphia Phillies,8,1,14,2
776343,2025,2025-09-13,2025-09-13,R,110,Baltimore Orioles,4,141,Toronto Blue Jays,5,1,9,1
776344,2025,2025-09-13,2025-09-13,R,147,New York Yankees,5,111,Boston Red Sox,3,0,8,-2
776346,2025,2025-09-13,2025-09-13,R,117,Houston Astros,6,144,Atlanta Braves,2,0,8,-4
776347,2025,2025-09-13,2025-09-13,R,116,Detroit Tigers,4,146,Miami Marlins,6,1,10,2
776348,2025,2025-09-13,2025-09-13,R,145,Chicago White Sox,1,114,Cleveland Guardians,3,1,4,2
776349,2025,2025-09-13,2025-09-13,R,140,Texas Rangers,3,121,New York Mets,2,0,5,-1
776317,2025,2025-09-14,2025-09-14,R,108,Los Angeles Angels,2,136,Seattle Mariners,11,1,13,9
776320,2025,2025-09-14,2025-09-14,R,134,Pittsburgh Pirates,3,120,Washington Nationals,4,1,7,1
776321,2025,2025-09-14,2025-09-14,R,139,Tampa Bay Rays,3,112,Chicago Cubs,4,1,7,1
776322,2025,2025-09-14,2025-09-14,R,110,Baltimore Orioles,2,141,Toronto Blue Jays,11,1,13,9
776323,2025,2025-09-14,2025-09-14,R,115,Colorado Rockies,6,135,San Diego Padres,9,1,15,3
776324,2025,2025-09-14,2025-09-14,R,109,Arizona Diamondbacks,6,142,Minnesota Twins,4,0,10,-2
776325,2025,2025-09-14,2025-09-14,R,119,Los Angeles Dodgers,10,137,San Francisco Giants,2,0,12,-8
776326,2025,2025-09-14,2025-09-14,R,138,St. Louis Cardinals,3,158,Milwaukee Brewers,2,0,5,-1
776327,2025,2025-09-14,2025-09-14,R,113,Cincinnati Reds,4,133,Athletics,7,1,11,3
776329,2025,2025-09-14,2025-09-14,R,117,Houston Astros,3,144,Atlanta Braves,8,1,11,5
776330,2025,2025-09-14,2025-09-14,R,147,New York Yankees,4,111,Boston Red Sox,6,1,10,2
776331,2025,2025-09-14,2025-09-14,R,145,Chicago White Sox,2,114,Cleveland Guardians,3,1,5,1
776332,2025,2025-09-14,2025-09-14,R,116,Detroit Tigers,2,146,Miami Marlins,0,0,2,-2
776334,2025,2025-09-14,2025-09-14,R,118,Kansas City Royals,10,143,Philadelphia Phillies,3,0,13,-7
776335,2025,2025-09-14,2025-09-14,R,140,Texas Rangers,2,121,New York Mets,5,1,7,3
776309,2025,2025-09-15,2025-09-15,R,137,San Francisco Giants,1,109,Arizona Diamondbacks,8,1,9,7
776311,2025,2025-09-15,2025-09-15,R,143,Philadelphia Phillies,6,119,Los Angeles Dodgers,5,0,11,-1
776312,2025,2025-09-15,2025-09-15,R,113,Cincinnati Reds,11,138,St. Louis Cardinals,6,0,17,-5
776313,2025,2025-09-15,2025-09-15,R,147,New York Yankees,0,142,Minnesota Twins,7,1,7,7
776314,2025,2025-09-15,2025-09-15,R,110,Baltimore Orioles,4,145,Chicago White Sox,1,0,5,-3
776315,2025,2025-09-15,2025-09-15,R,144,Atlanta Braves,11,120,Washington Nationals,3,0,14,-8
776316,2025,2025-09-15,2025-09-15,R,141,Toronto Blue Jays,2,139,Tampa Bay Rays,1,0,3,-1
776318,2025,2025-09-15,2025-09-15,R,112,Chicago Cubs,4,134,Pittsburgh Pirates,0,0,4,-4
776319,2025,2025-09-15,2025-09-15,R,140,Texas Rangers,3,117,Houston Astros,6,1,9,3
776293,2025,2025-09-16,2025-09-16,R,146,Miami Marlins,6,115,Colorado Rockies,5,0,11,-1
776294,2025,2025-09-16,2025-09-16,R,137,San Francisco Giants,5,109,Arizona Diamondbacks,6,1,11,1
776295,2025,2025-09-16,2025-09-16,R,108,Los Angeles Angels,2,158,Milwaukee Brewers,9,1,11,7
776297,2025,2025-09-16,2025-09-16,R,143,Philadelphia Phillies,9,119,Los Angeles Dodgers,6,0,15,-3
776298,2025,2025-09-16,2025-09-16,R,147,New York Yankees,10,142,Minnesota Twins,9,0,19,-1
776300,2025,2025-09-16,2025-09-16,R,113,Cincinnati Reds,0,138,St. Louis Cardinals,3,1,3,3
776301,2025,2025-09-16,2025-09-16,R,140,Texas Rangers,5,117,Houston Astros,6,1,11,1
776302,2025,2025-09-16,2025-09-16,R,136,Seattle Mariners,12,118,Kansas City Royals,5,0,17,-7
776303,2025,2025-09-16,2025-09-16,R,114,Cleveland Guardians,7,116,Detroit Tigers,5,0,12,-2
776304,2025,2025-09-16,2025-09-16,R,135,San Diego Padres,3,121,New York Mets,8,1,11,5
776305,2025,2025-09-16,2025-09-16,R,141,Toronto Blue Jays,6,139,Tampa Bay Rays,5,0,11,-1
776306,2025,2025-09-16,2025-09-16,R,110,Baltimore Orioles,8,145,Chicago White Sox,7,0,15,-1
776307,2025,2025-09-16,2025-09-16,R,144,Atlanta Braves,5,120,Washington Nationals,0,0,5,-5
776308,2025,2025-09-16,2025-09-16,R,112,Chicago Cubs,4,134,Pittsburgh Pirates,1,0,5,-3
776310,2025,2025-09-16,2025-09-16,R,133,Athletics,2,111,Boston Red Sox,1,0,3,-1
777825,2025,2025-09-16,2025-09-16,R,144,Atlanta Braves,6,120,Washington Nationals,3,0,9,-3
776277,2025,2025-09-17,2025-09-17,R,146,Miami Marlins,8,115,Colorado Rockies,4,0,12,-4
776279,2025,2025-09-17,2025-09-17,R,137,San Francisco Giants,5,109,Arizona Diamondbacks,1,0,6,-4
776280,2025,2025-09-17,2025-09-17,R,143,Philadelphia Phillies,0,119,Los Angeles Dodgers,5,1,5,5
776283,2025,2025-09-17,2025-09-17,R,113,Cincinnati Reds,6,138,St. Louis Cardinals,2,0,8,-4
776284,2025,2025-09-17,2025-09-17,R,147,New York Yankees,10,142,Minnesota Twins,5,0,15,-5
776285,2025,2025-09-17,2025-09-17,R,110,Baltimore Orioles,3,145,Chicago White Sox,1,0,4,-2
776286,2025,2025-09-17,2025-09-17,R,144,Atlanta Braves,9,120,Washington Nationals,4,0,13,-5
776287,2025,2025-09-17,2025-09-17,R,112,Chicago Cubs,8,134,Pittsburgh Pirates,4,0,12,-4
776288,2025,2025-09-17,2025-09-17,R,135,San Diego Padres,7,121,New York Mets,4,0,11,-3
776289,2025,2025-09-17,2025-09-17,R,136,Seattle Mariners,5,118,Kansas City Royals,7,1,12,2
776290,2025,2025-09-17,2025-09-17,R,141,Toronto Blue Jays,1,139,Tampa Bay Rays,2,1,3,1
776291,2025,2025-09-17,2025-09-17,R,108,Los Angeles Angels,2,158,Milwaukee Brewers,9,1,11,7
776292,2025,2025-09-17,2025-09-17,R,140,Texas Rangers,2,117,Houston Astros,5,1,7,3
776296,2025,2025-09-17,2025-09-17,R,114,Cleveland Guardians,4,116,Detroit Tigers,0,0,4,-4
776299,2025,2025-09-17,2025-09-17,R,133,Athletics,4,111,Boston Red Sox,5,1,9,1
776269,2025,2025-09-18,2025-09-18,R,141,Toronto Blue Jays,0,139,Tampa Bay Rays,4,1,4,4
776270,2025,2025-09-18,2025-09-18,R,146,Miami Marlins,9,115,Colorado Rockies,7,0,16,-2
776271,2025,2025-09-18,2025-09-18,R,137,San Francisco Giants,1,119,Los Angeles Dodgers,2,1,3,1
776272,2025,2025-09-18,2025-09-18,R,136,Seattle Mariners,2,118,Kansas City Royals,0,0,2,-2
776274,2025,2025-09-18,2025-09-18,R,108,Los Angeles Angels,2,158,Milwaukee Brewers,5,1,7,3
776275,2025,2025-09-18,2025-09-18,R,114,Cleveland Guardians,3,116,Detroit Tigers,1,0,4,-2
776276,2025,2025-09-18,2025-09-18,R,135,San Diego Padres,1,121,New York Mets,6,1,7,5
776278,2025,2025-09-18,2025-09-18,R,147,New York Yankees,7,110,Baltimore Orioles,0,0,7,-7
776281,2025,2025-09-18,2025-09-18,R,133,Athletics,5,111,Boston Red Sox,3,0,8,-2
776282,2025,2025-09-18,2025-09-18,R,112,Chicago Cubs,0,113,Cincinnati Reds,1,1,1,1
776251,2025,2025-09-19,2025-09-19,R,146,Miami Marlins,6,140,Texas Rangers,4,0,10,-2
776253,2025,2025-09-19,2025-09-19,R,108,Los Angeles Angels,6,115,Colorado Rockies,7,1,13,1
776255,2025,2025-09-19,2025-09-19,R,143,Philadelphia Phillies,8,109,Arizona Diamondbacks,2,0,10,-6
776256,2025,2025-09-19,2025-09-19,R,137,San Francisco Giants,3,119,Los Angeles Dodgers,6,1,9,3
776259,2025,2025-09-19,2025-09-19,R,120,Washington Nationals,6,121,New York Mets,12,1,18,6
776260,2025,2025-09-19,2025-09-19,R,141,Toronto Blue Jays,1,118,Kansas City Royals,20,1,21,19
776261,2025,2025-09-19,2025-09-19,R,111,Boston Red Sox,11,139,Tampa Bay Rays,7,0,18,-4
776262,2025,2025-09-19,2025-09-19,R,136,Seattle Mariners,4,117,Houston Astros,0,0,4,-4
776263,2025,2025-09-19,2025-09-19,R,114,Cleveland Guardians,6,142,Minnesota Twins,2,0,8,-4
776264,2025,2025-09-19,2025-09-19,R,135,San Diego Padres,3,145,Chicago White Sox,4,1,7,1
776265,2025,2025-09-19,2025-09-19,R,158,Milwaukee Brewers,1,138,St. Louis Cardinals,7,1,8,6
776266,2025,2025-09-19,2025-09-19,R,133,Athletics,4,134,Pittsburgh Pirates,3,0,7,-1
776267,2025,2025-09-19,2025-09-19,R,112,Chicago Cubs,4,113,Cincinnati Reds,7,1,11,3
776268,2025,2025-09-19,2025-09-19,R,144,Atlanta Braves,10,116,Detroit Tigers,1,0,11,-9
776273,2025,2025-09-19,2025-09-19,R,147,New York Yankees,2,110,Baltimore Orioles,4,1,6,2
776233,2025,2025-09-20,2025-09-20,R,137,San Francisco Giants,5,119,Los Angeles Dodgers,7,1,12,2
776241,2025,2025-09-20,2025-09-20,R,108,Los Angeles Angels,3,115,Colorado Rockies,0,0,3,-3
776242,2025,2025-09-20,2025-09-20,R,146,Miami Marlins,4,140,Texas Rangers,3,0,7,-1
776243,2025,2025-09-20,2025-09-20,R,114,Cleveland Guardians,8,142,Minnesota Twins,0,0,8,-8
776244,2025,2025-09-20,2025-09-20,R,158,Milwaukee Brewers,3,138,St. Louis Cardinals,2,0,5,-1
776245,2025,2025-09-20,2025-09-20,R,141,Toronto Blue Jays,1,118,Kansas City Royals,2,1,3,1
776246,2025,2025-09-20,2025-09-20,R,143,Philadelphia Phillies,3,109,Arizona Diamondbacks,4,1,7,1
776247,2025,2025-09-20,2025-09-20,R,111,Boston Red Sox,6,139,Tampa Bay Rays,3,0,9,-3
776248,2025,2025-09-20,2025-09-20,R,136,Seattle Mariners,6,117,Houston Astros,4,0,10,-2
776249,2025,2025-09-20,2025-09-20,R,133,Athletics,0,134,Pittsburgh Pirates,2,1,2,2
776250,2025,2025-09-20,2025-09-20,R,135,San Diego Padres,7,145,Chicago White Sox,3,0,10,-4
776252,2025,2025-09-20,2025-09-20,R,120,Washington Nationals,5,121,New York Mets,3,0,8,-2
776254,2025,2025-09-20,2025-09-20,R,112,Chicago Cubs,3,113,Cincinnati Reds,6,1,9,3
776257,2025,2025-09-20,2025-09-20,R,147,New York Yankees,6,110,Baltimore Orioles,1,0,7,-5
776258,2025,2025-09-20,2025-09-20,R,144,Atlanta Braves,6,116,Detroit Tigers,5,0,11,-1
777839,2025,2025-09-20,2025-09-20,R,114,Cleveland Guardians,6,142,Minnesota Twins,0,0,6,-6
776225,2025,2025-09-21,2025-09-21,R,114,Cleveland Guardians,2,142,Minnesota Twins,6,1,8,4
776226,2025,2025-09-21,2025-09-21,R,146,Miami Marlins,4,140,Texas Rangers,2,0,6,-2
776227,2025,2025-09-21,2025-09-21,R,137,San Francisco Giants,3,119,Los Angeles Dodgers,1,0,4,-2
776228,2025,2025-09-21,2025-09-21,R,136,Seattle Mariners,7,117,Houston Astros,3,0,10,-4
776229,2025,2025-09-21,2025-09-21,R,141,Toronto Blue Jays,8,118,Kansas City Royals,5,0,13,-3
776230,2025,2025-09-21,2025-09-21,R,143,Philadelphia Phillies,2,109,Arizona Diamondbacks,9,1,11,7
776231,2025,2025-09-21,2025-09-21,R,158,Milwaukee Brewers,1,138,St. Louis Cardinals,5,1,6,4
776232,2025,2025-09-21,2025-09-21,R,108,Los Angeles Angels,1,115,Colorado Rockies,3,1,4,2
776234,2025,2025-09-21,2025-09-21,R,133,Athletics,0,134,Pittsburgh Pirates,11,1,11,11
776235,2025,2025-09-21,2025-09-21,R,135,San Diego Padres,3,145,Chicago White Sox,2,0,5,-1
776236,2025,2025-09-21,2025-09-21,R,111,Boston Red Sox,3,139,Tampa Bay Rays,7,1,10,4
776237,2025,2025-09-21,2025-09-21,R,120,Washington Nationals,3,121,New York Mets,2,0,5,-1
776238,2025,2025-09-21,2025-09-21,R,144,Atlanta Braves,6,116,Detroit Tigers,2,0,8,-4
776239,2025,2025-09-21,2025-09-21,R,112,Chicago Cubs,0,113,Cincinnati Reds,1,1,1,1
776240,2025,2025-09-21,2025-09-21,R,147,New York Yankees,7,110,Baltimore Orioles,1,0,8,-6
776220,2025,2025-09-22,2025-09-22,R,138,St. Louis Cardinals,6,137,San Francisco Giants,5,0,11,-1
776221,2025,2025-09-22,2025-09-22,R,120,Washington Nationals,5,144,Atlanta Braves,11,1,16,6
776222,2025,2025-09-22,2025-09-22,R,158,Milwaukee Brewers,4,135,San Diego Padres,5,1,9,1
776207,2025,2025-09-23,2025-09-23,R,118,Kansas City Royals,8,108,Los Angeles Angels,4,0,12,-4
776208,2025,2025-09-23,2025-09-23,R,117,Houston Astros,1,133,Athletics,5,1,6,4
776209,2025,2025-09-23,2025-09-23,R,121,New York Mets,9,112,Chicago Cubs,7,0,16,-2
776210,2025,2025-09-23,2025-09-23,R,142,Minnesota Twins,4,140,Texas Rangers,1,0,5,-3
776211,2025,2025-09-23,2025-09-23,R,138,St. Louis Cardinals,9,137,San Francisco Giants,8,0,17,-1
776212,2025,2025-09-23,2025-09-23,R,115,Colorado Rockies,3,136,Seattle Mariners,4,1,7,1
776213,2025,2025-09-23,2025-09-23,R,119,Los Angeles Dodgers,4,109,Arizona Diamondbacks,5,1,9,1
776214,2025,2025-09-23,2025-09-23,R,158,Milwaukee Brewers,0,135,San Diego Padres,7,1,7,7
776215,2025,2025-09-23,2025-09-23,R,146,Miami Marlins,6,143,Philadelphia Phillies,5,0,11,-1
776216,2025,2025-09-23,2025-09-23,R,145,Chicago White Sox,2,147,New York Yankees,3,1,5,1
776217,2025,2025-09-23,2025-09-23,R,111,Boston Red Sox,4,141,Toronto Blue Jays,1,0,5,-3
776218,2025,2025-09-23,2025-09-23,R,116,Detroit Tigers,2,114,Cleveland Guardians,5,1,7,3
776219,2025,2025-09-23,2025-09-23,R,120,Washington Nationals,2,144,Atlanta Braves,3,1,5,1
776223,2025,2025-09-23,2025-09-23,R,139,Tampa Bay Rays,0,110,Baltimore Orioles,6,1,6,6
776224,2025,2025-09-23,2025-09-23,R,134,Pittsburgh Pirates,4,113,Cincinnati Reds,2,0,6,-2
776192,2025,2025-09-24,2025-09-24,R,142,Minnesota Twins,2,140,Texas Rangers,4,1,6,2
776193,2025,2025-09-24,2025-09-24,R,119,Los Angeles Dodgers,5,109,Arizona Diamondbacks,4,0,9,-1
776194,2025,2025-09-24,2025-09-24,R,115,Colorado Rockies,2,136,Seattle Mariners,9,1,11,7
776195,2025,2025-09-24,2025-09-24,R,117,Houston Astros,0,133,Athletics,6,1,6,6
776196,2025,2025-09-24,2025-09-24,R,138,St. Louis Cardinals,3,137,San Francisco Giants,4,1,7,1
776197,2025,2025-09-24,2025-09-24,R,118,Kansas City Royals,2,108,Los Angeles Angels,3,1,5,1
776198,2025,2025-09-24,2025-09-24,R,158,Milwaukee Brewers,3,135,San Diego Padres,1,0,4,-2
776199,2025,2025-09-24,2025-09-24,R,145,Chicago White Sox,1,147,New York Yankees,8,1,9,7
776200,2025,2025-09-24,2025-09-24,R,120,Washington Nationals,4,144,Atlanta Braves,3,0,7,-1
776201,2025,2025-09-24,2025-09-24,R,146,Miami Marlins,1,143,Philadelphia Phillies,11,1,12,10
776202,2025,2025-09-24,2025-09-24,R,134,Pittsburgh Pirates,4,113,Cincinnati Reds,3,0,7,-1
776203,2025,2025-09-24,2025-09-24,R,139,Tampa Bay Rays,6,110,Baltimore Orioles,2,0,8,-4
776204,2025,2025-09-24,2025-09-24,R,116,Detroit Tigers,1,114,Cleveland Guardians,5,1,6,4
776205,2025,2025-09-24,2025-09-24,R,121,New York Mets,3,112,Chicago Cubs,10,1,13,7
776206,2025,2025-09-24,2025-09-24,R,111,Boston Red Sox,7,141,Toronto Blue Jays,1,0,8,-6
776178,2025,2025-09-25,2025-09-25,R,118,Kansas City Royals,9,108,Los Angeles Angels,4,0,13,-5
776179,2025,2025-09-25,2025-09-25,R,115,Colorado Rockies,2,136,Seattle Mariners,6,1,8,4
776182,2025,2025-09-25,2025-09-25,R,117,Houston Astros,11,133,Athletics,5,0,16,-6
776183,2025,2025-09-25,2025-09-25,R,142,Minnesota Twins,4,140,Texas Rangers,0,0,4,-4
776184,2025,2025-09-25,2025-09-25,R,145,Chicago White Sox,3,147,New York Yankees,5,1,8,2
776185,2025,2025-09-25,2025-09-25,R,119,Los Angeles Dodgers,8,109,Arizona Diamondbacks,0,0,8,-8
776186,2025,2025-09-25,2025-09-25,R,111,Boston Red Sox,1,141,Toronto Blue Jays,6,1,7,5
776187,2025,2025-09-25,2025-09-25,R,121,New York Mets,8,112,Chicago Cubs,5,0,13,-3
776188,2025,2025-09-25,2025-09-25,R,146,Miami Marlins,0,143,Philadelphia Phillies,1,1,1,1
776189,2025,2025-09-25,2025-09-25,R,116,Detroit Tigers,4,114,Cleveland Guardians,2,0,6,-2
776190,2025,2025-09-25,2025-09-25,R,134,Pittsburgh Pirates,1,113,Cincinnati Reds,2,1,3,1
776191,2025,2025-09-25,2025-09-25,R,139,Tampa Bay Rays,5,110,Baltimore Orioles,6,1,11,1
776165,2025,2025-09-26,2025-09-26,R,145,Chicago White Sox,10,120,Washington Nationals,9,0,19,-1
776166,2025,2025-09-26,2025-09-26,R,115,Colorado Rockies,3,137,San Francisco Giants,6,1,9,3
776167,2025,2025-09-26,2025-09-26,R,138,St. Louis Cardinals,1,112,Chicago Cubs,12,1,13,11
776168,2025,2025-09-26,2025-09-26,R,119,Los Angeles Dodgers,3,136,Seattle Mariners,2,0,5,-1
776169,2025,2025-09-26,2025-09-26,R,117,Houston Astros,3,108,Los Angeles Angels,4,1,7,1
776170,2025,2025-09-26,2025-09-26,R,109,Arizona Diamondbacks,4,135,San Diego Padres,7,1,11,3
776171,2025,2025-09-26,2025-09-26,R,113,Cincinnati Reds,3,158,Milwaukee Brewers,1,0,4,-2
776172,2025,2025-09-26,2025-09-26,R,118,Kansas City Royals,3,133,Athletics,4,1,7,1
776173,2025,2025-09-26,2025-09-26,R,121,New York Mets,2,146,Miami Marlins,6,1,8,4
776174,2025,2025-09-26,2025-09-26,R,110,Baltimore Orioles,4,147,New York Yankees,8,1,12,4
776175,2025,2025-09-26,2025-09-26,R,140,Texas Rangers,7,114,Cleveland Guardians,3,0,10,-4
776176,2025,2025-09-26,2025-09-26,R,142,Minnesota Twins,1,143,Philadelphia Phillies,3,1,4,2
776177,2025,2025-09-26,2025-09-26,R,139,Tampa Bay Rays,2,141,Toronto Blue Jays,4,1,6,2
776180,2025,2025-09-26,2025-09-26,R,134,Pittsburgh Pirates,9,144,Atlanta Braves,3,0,12,-6
776181,2025,2025-09-26,2025-09-26,R,116,Detroit Tigers,3,111,Boston Red Sox,4,1,7,1
776146,2025,2025-09-27,2025-09-27,R,115,Colorado Rockies,3,137,San Francisco Giants,4,1,7,1
776150,2025,2025-09-27,2025-09-27,R,119,Los Angeles Dodgers,5,136,Seattle Mariners,3,0,8,-2
776152,2025,2025-09-27,2025-09-27,R,109,Arizona Diamondbacks,1,135,San Diego Padres,5,1,6,4
776153,2025,2025-09-27,2025-09-27,R,113,Cincinnati Reds,7,158,Milwaukee Brewers,4,0,11,-3
776154,2025,2025-09-27,2025-09-27,R,118,Kansas City Royals,4,133,Athletics,2,0,6,-2
776155,2025,2025-09-27,2025-09-27,R,117,Houston Astros,6,108,Los Angeles Angels,1,0,7,-5
776156,2025,2025-09-27,2025-09-27,R,134,Pittsburgh Pirates,3,144,Atlanta Braves,1,0,4,-2
776157,2025,2025-09-27,2025-09-27,R,116,Detroit Tigers,2,111,Boston Red Sox,1,0,3,-1
776158,2025,2025-09-27,2025-09-27,R,140,Texas Rangers,2,114,Cleveland Guardians,3,1,5,1
776159,2025,2025-09-27,2025-09-27,R,139,Tampa Bay Rays,1,141,Toronto Blue Jays,5,1,6,4
776160,2025,2025-09-27,2025-09-27,R,145,Chicago White Sox,5,120,Washington Nationals,6,1,11,1
776161,2025,2025-09-27,2025-09-27,R,121,New York Mets,5,146,Miami Marlins,0,0,5,-5
776162,2025,2025-09-27,2025-09-27,R,110,Baltimore Orioles,1,147,New York Yankees,6,1,7,5
776163,2025,2025-09-27,2025-09-27,R,142,Minnesota Twins,5,143,Philadelphia Phillies,0,0,5,-5
776164,2025,2025-09-27,2025-09-27,R,138,St. Louis Cardinals,3,112,Chicago Cubs,7,1,10,4
776135,2025,2025-09-28,2025-09-28,R,117,Houston Astros,6,108,Los Angeles Angels,2,0,8,-4
776136,2025,2025-09-28,2025-09-28,R,109,Arizona Diamondbacks,4,135,San Diego Padres,12,1,16,8
776137,2025,2025-09-28,2025-09-28,R,115,Colorado Rockies,0,137,San Francisco Giants,4,1,4,4
776138,2025,2025-09-28,2025-09-28,R,118,Kansas City Royals,9,133,Athletics,2,0,11,-7
776139,2025,2025-09-28,2025-09-28,R,119,Los Angeles Dodgers,6,136,Seattle Mariners,1,0,7,-5
776140,2025,2025-09-28,2025-09-28,R,110,Baltimore Orioles,2,147,New York Yankees,3,1,5,1
776141,2025,2025-09-28,2025-09-28,R,142,Minnesota Twins,1,143,Philadelphia Phillies,2,1,3,1
776142,2025,2025-09-28,2025-09-28,R,138,St. Louis Cardinals,0,112,Chicago Cubs,2,1,2,2
776143,2025,2025-09-28,2025-09-28,R,145,Chicago White Sox,8,120,Washington Nationals,0,0,8,-8
776144,2025,2025-09-28,2025-09-28,R,113,Cincinnati Reds,2,158,Milwaukee Brewers,4,1,6,2
776145,2025,2025-09-28,2025-09-28,R,139,Tampa Bay Rays,4,141,Toronto Blue Jays,13,1,17,9
776147,2025,2025-09-28,2025-09-28,R,140,Texas Rangers,8,114,Cleveland Guardians,9,1,17,1
776148,2025,2025-09-28,2025-09-28,R,121,New York Mets,0,146,Miami Marlins,4,1,4,4
776149,2025,2025-09-28,2025-09-28,R,134,Pittsburgh Pirates,1,144,Atlanta Braves,4,1,5,3
776151,2025,2025-09-28,2025-09-28,R,116,Detroit Tigers,3,111,Boston Red Sox,4,1,7,1
