game_id,season,game_date_et,tipoff_utc,away_team,home_team,away_score,home_score,status,source
espn:401591869,2023-24,2023-10-05,2023-10-05T16:00Z,DAL,MIN,99,111,final,espn
espn:401591870,2023-24,2023-10-07,2023-10-07T16:00Z,MIN,DAL,104,96,final,espn
espn:401591871,2023-24,2023-10-07,2023-10-08T00:30Z,LAL,GSW,108,125,final,espn
espn:401591872,2023-24,2023-10-08,2023-10-08T17:00Z,CHI,MIL,102,105,final,espn
espn:401591873,2023-24,2023-10-08,2023-10-08T19:00Z,PHX,DET,130,126,final,espn
espn:401591874,2023-24,2023-10-08,2023-10-08T22:00Z,PHI,BOS,106,114,final,espn
espn:401591875,2023-24,2023-10-08,2023-10-09T00:00Z,IND,MEM,122,127,final,espn
espn:401591876,2023-24,2023-10-08,2023-10-09T00:00Z,SAC,TOR,99,112,final,espn
espn:401591877,2023-24,2023-10-08,2023-10-09T01:00Z,UTA,LAC,101,96,final,espn
espn:401591878,2023-24,2023-10-09,2023-10-09T23:30Z,BOS,NYK,107,114,final,espn
espn:401591879,2023-24,2023-10-09,2023-10-10T00:00Z,SAS,OKC,121,122,final,espn
espn:401591880,2023-24,2023-10-09,2023-10-10T01:00Z,BKN,LAL,126,129,final,espn
espn:401591883,2023-24,2023-10-10,2023-10-10T23:30Z,CLE,ATL,107,108,final,espn
espn:401591884,2023-24,2023-10-10,2023-10-10T23:30Z,CHA,MIA,109,113,final,espn
espn:401591885,2023-24,2023-10-10,2023-10-11T00:00Z,IND,HOU,103,122,final,espn
espn:401591886,2023-24,2023-10-10,2023-10-11T00:00Z,MIL,MEM,102,108,final,espn
espn:401591887,2023-24,2023-10-10,2023-10-11T00:00Z,ORL,NOP,122,105,final,espn
espn:401591888,2023-24,2023-10-10,2023-10-11T02:00Z,UTA,LAC,98,103,final,espn
espn:401591889,2023-24,2023-10-10,2023-10-11T02:00Z,DEN,PHX,115,107,final,espn
espn:401591891,2023-24,2023-10-11,2023-10-11T23:00Z,BOS,PHI,112,101,final,espn
espn:401591892,2023-24,2023-10-11,2023-10-12T02:00Z,SAC,LAL,101,109,final,espn
espn:401591893,2023-24,2023-10-12,2023-10-12T23:00Z,ORL,CLE,108,105,final,espn
espn:401591894,2023-24,2023-10-12,2023-10-12T23:00Z,DET,OKC,128,125,final,espn
espn:401591895,2023-24,2023-10-12,2023-10-12T23:00Z,CHA,WAS,92,98,final,espn
espn:401591896,2023-24,2023-10-12,2023-10-12T23:30Z,MEM,ATL,102,103,final,espn
espn:401591898,2023-24,2023-10-12,2023-10-13T00:00Z,DEN,CHI,124,133,final,espn
espn:401591899,2023-24,2023-10-12,2023-10-13T00:00Z,HOU,NOP,120,87,final,espn
espn:401591900,2023-24,2023-10-12,2023-10-13T02:00Z,PHX,POR,122,111,final,espn
espn:401591901,2023-24,2023-10-13,2023-10-13T23:30Z,MIA,SAS,104,120,final,espn
espn:401591902,2023-24,2023-10-13,2023-10-14T02:00Z,GSW,LAL,129,125,final,espn
espn:401591903,2023-24,2023-10-14,2023-10-14T19:30Z,NOP,ATL,105,110,final,espn
espn:401591904,2023-24,2023-10-14,2023-10-14T23:30Z,MIN,NYK,121,112,final,espn
espn:401591905,2023-24,2023-10-14,2023-10-15T01:00Z,POR,UTA,133,138,final,espn
espn:401591906,2023-24,2023-10-15,2023-10-15T21:00Z,OKC,CHA,115,117,final,espn
espn:401591907,2023-24,2023-10-15,2023-10-15T22:00Z,MEM,MIA,124,132,final,espn
espn:401591909,2023-24,2023-10-15,2023-10-15T23:00Z,MIL,LAL,108,97,final,espn
espn:401591910,2023-24,2023-10-15,2023-10-16T01:00Z,CHI,DEN,102,116,final,espn
espn:401591911,2023-24,2023-10-15,2023-10-16T01:30Z,GSW,SAC,121,115,final,espn
espn:401591913,2023-24,2023-10-16,2023-10-16T23:00Z,ATL,IND,112,116,final,espn
espn:401591914,2023-24,2023-10-16,2023-10-16T23:30Z,PHI,BKN,127,119,final,espn
espn:401591915,2023-24,2023-10-16,2023-10-17T00:00Z,HOU,SAS,99,89,final,espn
espn:401591917,2023-24,2023-10-16,2023-10-17T02:00Z,POR,PHX,106,117,final,espn
espn:401591918,2023-24,2023-10-17,2023-10-17T23:00Z,NOP,ORL,104,92,final,espn
espn:401591919,2023-24,2023-10-17,2023-10-17T23:30Z,NYK,BOS,110,123,final,espn
espn:401591920,2023-24,2023-10-17,2023-10-18T00:00Z,TOR,CHI,106,102,final,espn
espn:401591922,2023-24,2023-10-17,2023-10-18T00:00Z,MIL,OKC,101,124,final,espn
espn:401591923,2023-24,2023-10-17,2023-10-18T02:30Z,DEN,LAC,103,116,final,espn
espn:401591924,2023-24,2023-10-18,2023-10-18T23:30Z,BKN,MIA,107,104,final,espn
espn:401591925,2023-24,2023-10-18,2023-10-18T23:30Z,WAS,NYK,131,106,final,espn
espn:401591926,2023-24,2023-10-18,2023-10-19T00:00Z,HOU,SAS,103,117,final,espn
espn:401591927,2023-24,2023-10-18,2023-10-19T02:00Z,SAC,GSW,115,116,final,espn
espn:401591928,2023-24,2023-10-19,2023-10-19T23:00Z,BOS,CHA,127,99,final,espn
espn:401591929,2023-24,2023-10-19,2023-10-20T00:00Z,MIN,CHI,114,105,final,espn
espn:401591930,2023-24,2023-10-19,2023-10-20T00:00Z,DET,OKC,118,116,final,espn
espn:401591931,2023-24,2023-10-19,2023-10-20T02:00Z,PHX,LAL,123,100,final,espn
espn:401591932,2023-24,2023-10-19,2023-10-20T02:00Z,DEN,LAC,103,90,final,espn
espn:401591933,2023-24,2023-10-19,2023-10-20T02:00Z,UTA,SAC,113,116,final,espn
espn:401591934,2023-24,2023-10-20,2023-10-20T23:00Z,CLE,IND,104,109,final,espn
espn:401591936,2023-24,2023-10-20,2023-10-20T23:00Z,ATL,PHI,106,120,final,espn
espn:401591937,2023-24,2023-10-20,2023-10-20T23:30Z,WAS,TOR,98,134,final,espn
espn:401591938,2023-24,2023-10-20,2023-10-21T00:00Z,DET,DAL,104,114,final,espn
espn:401591939,2023-24,2023-10-20,2023-10-21T00:00Z,MIA,HOU,104,110,final,espn
espn:401591940,2023-24,2023-10-20,2023-10-21T00:00Z,MEM,MIL,116,124,final,espn
espn:401591941,2023-24,2023-10-20,2023-10-21T02:00Z,SAS,GSW,122,117,final,espn
espn:401584689,2023-24,2023-10-24,2023-10-24T23:30Z,LAL,DEN,107,119,final,espn
espn:401584690,2023-24,2023-10-24,2023-10-25T02:00Z,PHX,GSW,108,104,final,espn
espn:401584691,2023-24,2023-10-25,2023-10-25T23:00Z,ATL,CHA,110,116,final,espn
espn:401584692,2023-24,2023-10-25,2023-10-25T23:00Z,WAS,IND,120,143,final,espn
espn:401584693,2023-24,2023-10-25,2023-10-25T23:00Z,BOS,NYK,108,104,final,espn
espn:401584694,2023-24,2023-10-25,2023-10-25T23:00Z,HOU,ORL,86,116,final,espn
espn:401584695,2023-24,2023-10-25,2023-10-25T23:30Z,CLE,BKN,114,113,final,espn
espn:401584696,2023-24,2023-10-25,2023-10-25T23:30Z,DET,MIA,102,103,final,espn
espn:401584697,2023-24,2023-10-25,2023-10-25T23:30Z,MIN,TOR,94,97,final,espn
espn:401584698,2023-24,2023-10-25,2023-10-26T00:00Z,OKC,CHI,124,104,final,espn
espn:401584699,2023-24,2023-10-25,2023-10-26T00:00Z,NOP,MEM,111,104,final,espn
espn:401584700,2023-24,2023-10-25,2023-10-26T01:00Z,SAC,UTA,130,114,final,espn
espn:401584701,2023-24,2023-10-25,2023-10-26T01:30Z,DAL,SAS,126,119,final,espn
espn:401584702,2023-24,2023-10-25,2023-10-26T02:30Z,POR,LAC,111,123,final,espn
espn:401584703,2023-24,2023-10-26,2023-10-26T23:30Z,PHI,MIL,117,118,final,espn
espn:401584704,2023-24,2023-10-26,2023-10-27T02:00Z,PHX,LAL,95,100,final,espn
espn:401584705,2023-24,2023-10-27,2023-10-27T23:00Z,DET,CHA,111,99,final,espn
espn:401584706,2023-24,2023-10-27,2023-10-27T23:00Z,DEN,MEM,108,104,final,espn
espn:401584707,2023-24,2023-10-27,2023-10-27T23:30Z,NYK,ATL,126,120,final,espn
espn:401584708,2023-24,2023-10-27,2023-10-27T23:30Z,MIA,BOS,111,119,final,espn
espn:401584709,2023-24,2023-10-27,2023-10-27T23:30Z,OKC,CLE,108,105,final,espn
espn:401584710,2023-24,2023-10-27,2023-10-28T00:00Z,TOR,CHI,103,104,final,espn
espn:401584711,2023-24,2023-10-27,2023-10-28T00:00Z,HOU,SAS,122,126,final,espn
espn:401584712,2023-24,2023-10-27,2023-10-28T00:30Z,BKN,DAL,120,125,final,espn
espn:401584713,2023-24,2023-10-27,2023-10-28T01:30Z,LAC,UTA,118,120,final,espn
espn:401584714,2023-24,2023-10-27,2023-10-28T02:00Z,ORL,POR,102,97,final,espn
espn:401584715,2023-24,2023-10-27,2023-10-28T02:00Z,GSW,SAC,122,114,final,espn
espn:401584716,2023-24,2023-10-28,2023-10-28T23:00Z,CHI,DET,102,118,final,espn
espn:401584717,2023-24,2023-10-28,2023-10-28T23:00Z,MEM,WAS,106,113,final,espn
espn:401584718,2023-24,2023-10-28,2023-10-28T23:00Z,NYK,NOP,87,96,final,espn
espn:401584719,2023-24,2023-10-28,2023-10-28T23:30Z,IND,CLE,125,113,final,espn
espn:401584720,2023-24,2023-10-28,2023-10-28T23:30Z,PHI,TOR,114,107,final,espn
espn:401584721,2023-24,2023-10-28,2023-10-29T00:00Z,MIA,MIN,90,106,final,espn
espn:401584722,2023-24,2023-10-28,2023-10-29T02:00Z,UTA,PHX,104,126,final,espn
espn:401584723,2023-24,2023-10-29,2023-10-29T19:30Z,DEN,OKC,128,95,final,espn
espn:401584724,2023-24,2023-10-29,2023-10-29T23:00Z,GSW,HOU,106,95,final,espn
espn:401584725,2023-24,2023-10-29,2023-10-29T23:00Z,ATL,MIL,127,110,final,espn
espn:401584726,2023-24,2023-10-29,2023-10-29T23:30Z,POR,PHI,98,126,final,espn
espn:401584727,2023-24,2023-10-29,2023-10-30T01:00Z,SAS,LAC,83,123,final,espn
espn:401584728,2023-24,2023-10-29,2023-10-30T01:00Z,LAL,SAC,127,132,final,espn
espn:401584729,2023-24,2023-10-30,2023-10-30T23:00Z,BKN,CHA,133,121,final,espn
espn:401584730,2023-24,2023-10-30,2023-10-30T23:00Z,CHI,IND,112,105,final,espn
espn:401584731,2023-24,2023-10-30,2023-10-30T23:00Z,BOS,WAS,126,107,final,espn
espn:401584732,2023-24,2023-10-30,2023-10-30T23:30Z,MIN,ATL,113,127,final,espn
espn:401584733,2023-24,2023-10-30,2023-10-30T23:30Z,POR,TOR,99,91,final,espn
espn:401584734,2023-24,2023-10-30,2023-10-31T00:00Z,DAL,MEM,125,110,final,espn
espn:401584735,2023-24,2023-10-30,2023-10-31T00:00Z,MIA,MIL,114,122,final,espn
espn:401584736,2023-24,2023-10-30,2023-10-31T00:00Z,GSW,NOP,130,102,final,espn
espn:401584737,2023-24,2023-10-30,2023-10-31T00:00Z,DET,OKC,112,124,final,espn
espn:401584738,2023-24,2023-10-30,2023-10-31T01:00Z,UTA,DEN,102,110,final,espn
espn:401584739,2023-24,2023-10-30,2023-10-31T02:30Z,ORL,LAL,103,106,final,espn
espn:401584740,2023-24,2023-10-31,2023-10-31T23:30Z,NYK,CLE,109,91,final,espn
espn:401584741,2023-24,2023-10-31,2023-11-01T02:00Z,SAS,PHX,115,114,final,espn
espn:401584742,2023-24,2023-10-31,2023-11-01T02:30Z,ORL,LAC,102,118,final,espn
espn:401584743,2023-24,2023-11-01,2023-11-01T23:00Z,POR,DET,110,101,final,espn
espn:401584744,2023-24,2023-11-01,2023-11-01T23:00Z,MIL,TOR,111,130,final,espn
espn:401584745,2023-24,2023-11-01,2023-11-01T23:30Z,WAS,ATL,121,130,final,espn
espn:401584746,2023-24,2023-11-01,2023-11-01T23:30Z,IND,BOS,104,155,final,espn
espn:401584747,2023-24,2023-11-01,2023-11-01T23:30Z,BKN,MIA,109,105,final,espn
espn:401584748,2023-24,2023-11-01,2023-11-01T23:30Z,CLE,NYK,95,89,final,espn
espn:401584749,2023-24,2023-11-01,2023-11-01T23:30Z,NOP,OKC,110,106,final,espn
espn:401584750,2023-24,2023-11-01,2023-11-02T00:00Z,CHA,HOU,119,128,final,espn
espn:401584751,2023-24,2023-11-01,2023-11-02T00:00Z,DEN,MIN,89,110,final,espn
espn:401584752,2023-24,2023-11-01,2023-11-02T00:30Z,CHI,DAL,105,114,final,espn
espn:401584753,2023-24,2023-11-01,2023-11-02T01:00Z,MEM,UTA,109,133,final,espn
espn:401584754,2023-24,2023-11-01,2023-11-02T02:00Z,SAC,GSW,101,102,final,espn
espn:401584755,2023-24,2023-11-01,2023-11-02T02:00Z,LAC,LAL,125,130,final,espn
espn:401584756,2023-24,2023-11-02,2023-11-02T23:00Z,TOR,PHI,99,114,final,espn
espn:401584757,2023-24,2023-11-02,2023-11-03T00:00Z,DET,NOP,116,125,final,espn
espn:401584758,2023-24,2023-11-02,2023-11-03T01:00Z,ORL,UTA,115,113,final,espn
espn:401584759,2023-24,2023-11-02,2023-11-03T02:00Z,SAS,PHX,132,121,final,espn
espn:401584089,2023-24,2023-11-03,2023-11-03T23:00Z,CLE,IND,116,121,final,espn
espn:401584090,2023-24,2023-11-03,2023-11-03T23:30Z,NYK,MIL,105,110,final,espn
espn:401584091,2023-24,2023-11-03,2023-11-04T00:00Z,WAS,MIA,114,121,final,espn
espn:401584092,2023-24,2023-11-03,2023-11-04T00:00Z,BKN,CHI,109,107,final,espn
espn:401584093,2023-24,2023-11-03,2023-11-04T00:00Z,GSW,OKC,141,139,final,espn
espn:401584094,2023-24,2023-11-03,2023-11-04T02:00Z,DAL,DEN,114,125,final,espn
espn:401584095,2023-24,2023-11-03,2023-11-04T02:00Z,MEM,POR,113,115,final,espn
espn:401584760,2023-24,2023-11-04,2023-11-04T17:00Z,PHX,PHI,100,112,final,espn
espn:401584761,2023-24,2023-11-04,2023-11-04T23:00Z,CHA,IND,125,124,final,espn
espn:401584762,2023-24,2023-11-04,2023-11-04T23:00Z,LAL,ORL,101,120,final,espn
espn:401584763,2023-24,2023-11-04,2023-11-04T23:00Z,ATL,NOP,123,105,final,espn
espn:401584764,2023-24,2023-11-04,2023-11-05T00:00Z,BOS,BKN,124,114,final,espn
espn:401584765,2023-24,2023-11-04,2023-11-05T00:00Z,SAC,HOU,89,107,final,espn
espn:401584766,2023-24,2023-11-04,2023-11-05T00:00Z,UTA,MIN,95,123,final,espn
espn:401584767,2023-24,2023-11-04,2023-11-05T01:00Z,CHI,DEN,101,123,final,espn
espn:401584768,2023-24,2023-11-05,2023-11-05T20:00Z,PHX,DET,120,106,final,espn
espn:401584769,2023-24,2023-11-05,2023-11-05T20:30Z,TOR,SAS,123,116,final,espn
espn:401584770,2023-24,2023-11-05,2023-11-05T23:00Z,GSW,CLE,104,115,final,espn
espn:401584771,2023-24,2023-11-05,2023-11-06T00:30Z,CHA,DAL,118,124,final,espn
espn:401584772,2023-24,2023-11-05,2023-11-06T02:00Z,MEM,POR,112,100,final,espn
espn:401584773,2023-24,2023-11-06,2023-11-07T00:00Z,GSW,DET,120,109,final,espn
espn:401584774,2023-24,2023-11-06,2023-11-07T00:00Z,SAS,IND,111,152,final,espn
espn:401584775,2023-24,2023-11-06,2023-11-07T00:00Z,DAL,ORL,117,102,final,espn
espn:401584776,2023-24,2023-11-06,2023-11-07T00:00Z,WAS,PHI,128,146,final,espn
espn:401584777,2023-24,2023-11-06,2023-11-07T00:30Z,MIL,BKN,129,125,final,espn
espn:401584778,2023-24,2023-11-06,2023-11-07T00:30Z,LAL,MIA,107,108,final,espn
espn:401584779,2023-24,2023-11-06,2023-11-07T00:30Z,LAC,NYK,97,111,final,espn
espn:401584780,2023-24,2023-11-06,2023-11-07T01:00Z,UTA,CHI,113,130,final,espn
espn:401584781,2023-24,2023-11-06,2023-11-07T01:00Z,SAC,HOU,97,122,final,espn
espn:401584782,2023-24,2023-11-06,2023-11-07T01:00Z,BOS,MIN,109,114,final,espn
espn:401584783,2023-24,2023-11-06,2023-11-07T01:00Z,ATL,OKC,117,126,final,espn
espn:401584784,2023-24,2023-11-06,2023-11-07T02:00Z,NOP,DEN,116,134,final,espn
espn:401584785,2023-24,2023-11-08,2023-11-09T00:00Z,WAS,CHA,132,116,final,espn
espn:401584786,2023-24,2023-11-08,2023-11-09T00:00Z,UTA,IND,118,134,final,espn
espn:401584787,2023-24,2023-11-08,2023-11-09T00:00Z,BOS,PHI,103,106,final,espn
espn:401584788,2023-24,2023-11-08,2023-11-09T00:30Z,LAC,BKN,93,100,final,espn
espn:401584789,2023-24,2023-11-08,2023-11-09T00:30Z,SAS,NYK,105,126,final,espn
espn:401584790,2023-24,2023-11-08,2023-11-09T01:00Z,PHX,CHI,116,115,final,espn
espn:401584791,2023-24,2023-11-08,2023-11-09T01:00Z,LAL,HOU,94,128,final,espn
espn:401584792,2023-24,2023-11-08,2023-11-09T01:00Z,MIA,MEM,108,102,final,espn
espn:401584793,2023-24,2023-11-08,2023-11-09T01:00Z,DET,MIL,118,120,final,espn
espn:401584794,2023-24,2023-11-08,2023-11-09T01:00Z,NOP,MIN,101,122,final,espn
espn:401584795,2023-24,2023-11-08,2023-11-09T01:00Z,CLE,OKC,120,128,final,espn
espn:401584796,2023-24,2023-11-08,2023-11-09T01:30Z,TOR,DAL,127,116,final,espn
espn:401584797,2023-24,2023-11-08,2023-11-09T03:00Z,GSW,DEN,105,108,final,espn
espn:401584798,2023-24,2023-11-08,2023-11-09T03:00Z,POR,SAC,118,121,final,espn
espn:401584799,2023-24,2023-11-09,2023-11-10T00:00Z,MIL,IND,124,126,final,espn
espn:401584800,2023-24,2023-11-09,2023-11-10T02:30Z,ATL,ORL,120,119,final,espn
espn:401584096,2023-24,2023-11-10,2023-11-11T00:00Z,PHI,DET,114,106,final,espn
espn:401584097,2023-24,2023-11-10,2023-11-11T00:00Z,CHA,WAS,124,117,final,espn
espn:401584098,2023-24,2023-11-10,2023-11-11T00:30Z,BKN,BOS,107,121,final,espn
espn:401584099,2023-24,2023-11-10,2023-11-11T01:00Z,NOP,HOU,101,104,final,espn
espn:401584100,2023-24,2023-11-10,2023-11-11T01:00Z,UTA,MEM,127,121,final,espn
espn:401584101,2023-24,2023-11-10,2023-11-11T01:00Z,MIN,SAS,117,110,final,espn
espn:401584102,2023-24,2023-11-10,2023-11-11T01:30Z,LAC,DAL,126,144,final,espn
espn:401584103,2023-24,2023-11-10,2023-11-11T03:00Z,LAL,PHX,122,119,final,espn
espn:401584104,2023-24,2023-11-10,2023-11-11T03:00Z,OKC,SAC,98,105,final,espn
espn:401584801,2023-24,2023-11-11,2023-11-11T23:00Z,MIL,ORL,97,112,final,espn
espn:401584802,2023-24,2023-11-11,2023-11-12T00:00Z,TOR,BOS,94,117,final,espn
espn:401584803,2023-24,2023-11-11,2023-11-12T00:30Z,MIA,ATL,117,109,final,espn
espn:401584804,2023-24,2023-11-11,2023-11-12T01:30Z,CLE,GSW,118,110,final,espn
espn:401584805,2023-24,2023-11-12,2023-11-12T17:00Z,CHA,NYK,107,129,final,espn
espn:401584806,2023-24,2023-11-12,2023-11-12T20:00Z,WAS,BKN,94,102,final,espn
espn:401584807,2023-24,2023-11-12,2023-11-12T20:30Z,MEM,LAC,105,101,final,espn
espn:401584808,2023-24,2023-11-12,2023-11-12T23:00Z,IND,PHI,126,137,final,espn
espn:401584809,2023-24,2023-11-12,2023-11-13T00:00Z,DET,CHI,108,119,final,espn
espn:401584810,2023-24,2023-11-12,2023-11-13T00:00Z,DEN,HOU,104,107,final,espn
espn:401584811,2023-24,2023-11-12,2023-11-13T00:00Z,DAL,NOP,136,124,final,espn
espn:401584812,2023-24,2023-11-12,2023-11-13T00:00Z,MIA,SAS,118,113,final,espn
espn:401584813,2023-24,2023-11-12,2023-11-13T01:00Z,OKC,PHX,111,99,final,espn
espn:401584814,2023-24,2023-11-12,2023-11-13T01:30Z,MIN,GSW,116,110,final,espn
espn:401584815,2023-24,2023-11-12,2023-11-13T03:00Z,POR,LAL,110,116,final,espn
espn:401584816,2023-24,2023-11-13,2023-11-14T00:30Z,NYK,BOS,98,114,final,espn
espn:401584817,2023-24,2023-11-13,2023-11-14T00:30Z,WAS,TOR,107,111,final,espn
espn:401584818,2023-24,2023-11-13,2023-11-14T01:00Z,CHI,MIL,109,118,final,espn
espn:401584819,2023-24,2023-11-13,2023-11-14T03:00Z,CLE,SAC,120,132,final,espn
espn:401584105,2023-24,2023-11-14,2023-11-15T00:00Z,MIA,CHA,111,105,final,espn
espn:401584106,2023-24,2023-11-14,2023-11-15T00:00Z,ATL,DET,126,120,final,espn
espn:401584107,2023-24,2023-11-14,2023-11-15T00:00Z,IND,PHI,132,126,final,espn
espn:401584108,2023-24,2023-11-14,2023-11-15T00:30Z,ORL,BKN,104,124,final,espn
espn:401584109,2023-24,2023-11-14,2023-11-15T00:30Z,SAS,OKC,87,123,final,espn
espn:401584110,2023-24,2023-11-14,2023-11-15T01:00Z,DAL,NOP,110,131,final,espn
espn:401584111,2023-24,2023-11-14,2023-11-15T02:00Z,POR,UTA,99,115,final,espn
espn:401584112,2023-24,2023-11-14,2023-11-15T03:00Z,LAC,DEN,108,111,final,espn
espn:401584113,2023-24,2023-11-14,2023-11-15T03:00Z,MIN,GSW,104,101,final,espn
espn:401584114,2023-24,2023-11-14,2023-11-15T03:30Z,MEM,LAL,107,134,final,espn
espn:401584820,2023-24,2023-11-15,2023-11-16T00:00Z,DAL,WAS,130,117,final,espn
espn:401584821,2023-24,2023-11-15,2023-11-16T00:30Z,NYK,ATL,116,114,final,espn
espn:401584822,2023-24,2023-11-15,2023-11-16T00:30Z,BOS,PHI,117,107,final,espn
espn:401584823,2023-24,2023-11-15,2023-11-16T00:30Z,MIL,TOR,128,112,final,espn
espn:401584824,2023-24,2023-11-15,2023-11-16T01:00Z,ORL,CHI,96,94,final,espn
espn:401584825,2023-24,2023-11-15,2023-11-16T02:00Z,MIN,PHX,115,133,final,espn
espn:401584826,2023-24,2023-11-15,2023-11-16T03:00Z,SAC,LAL,125,110,final,espn
espn:401584827,2023-24,2023-11-15,2023-11-16T03:00Z,CLE,POR,109,95,final,espn
espn:401584828,2023-24,2023-11-16,2023-11-17T00:30Z,BKN,MIA,115,122,final,espn
espn:401584829,2023-24,2023-11-16,2023-11-17T03:00Z,OKC,GSW,128,109,final,espn
espn:401584115,2023-24,2023-11-17,2023-11-18T00:00Z,MIL,CHA,130,99,final,espn
espn:401584116,2023-24,2023-11-17,2023-11-18T00:00Z,NYK,WAS,120,99,final,espn
espn:401584117,2023-24,2023-11-17,2023-11-18T00:30Z,PHI,ATL,126,116,final,espn
espn:401584118,2023-24,2023-11-17,2023-11-18T00:30Z,DET,CLE,100,108,final,espn
espn:401584119,2023-24,2023-11-17,2023-11-18T00:30Z,BOS,TOR,108,105,final,espn
espn:401584120,2023-24,2023-11-17,2023-11-18T00:30Z,SAC,SAS,129,120,final,espn
espn:401584121,2023-24,2023-11-17,2023-11-18T01:00Z,ORL,CHI,103,97,final,espn
espn:401584122,2023-24,2023-11-17,2023-11-18T01:00Z,DEN,NOP,110,115,final,espn
espn:401584123,2023-24,2023-11-17,2023-11-18T03:00Z,PHX,UTA,131,128,final,espn
espn:401584124,2023-24,2023-11-17,2023-11-18T03:00Z,LAL,POR,107,95,final,espn
espn:401584125,2023-24,2023-11-17,2023-11-18T03:30Z,HOU,LAC,100,106,final,espn
espn:401584830,2023-24,2023-11-18,2023-11-18T23:00Z,NYK,CHA,122,108,final,espn
espn:401584831,2023-24,2023-11-18,2023-11-19T00:00Z,MIN,NOP,121,120,final,espn
espn:401584832,2023-24,2023-11-18,2023-11-19T01:00Z,MIA,CHI,97,102,final,espn
espn:401584833,2023-24,2023-11-18,2023-11-19T01:00Z,DAL,MIL,125,132,final,espn
espn:401584834,2023-24,2023-11-18,2023-11-19T01:00Z,MEM,SAS,120,108,final,espn
espn:401584835,2023-24,2023-11-18,2023-11-19T01:30Z,OKC,GSW,130,123,final,espn
espn:401584836,2023-24,2023-11-19,2023-11-19T20:00Z,PHI,BKN,121,99,final,espn
espn:401584837,2023-24,2023-11-19,2023-11-19T22:00Z,ORL,IND,128,116,final,espn
espn:401584838,2023-24,2023-11-19,2023-11-19T23:00Z,DEN,CLE,109,121,final,espn
espn:401584839,2023-24,2023-11-19,2023-11-19T21:00Z,DET,TOR,113,142,final,espn
espn:401584840,2023-24,2023-11-19,2023-11-20T00:30Z,SAC,DAL,129,113,final,espn
espn:401584841,2023-24,2023-11-19,2023-11-20T01:00Z,BOS,MEM,102,100,final,espn
espn:401584842,2023-24,2023-11-19,2023-11-20T01:00Z,PHX,UTA,140,137,final,espn
espn:401584843,2023-24,2023-11-19,2023-11-20T02:00Z,OKC,POR,134,91,final,espn
espn:401584844,2023-24,2023-11-19,2023-11-20T02:30Z,HOU,LAL,104,105,final,espn
espn:401584845,2023-24,2023-11-20,2023-11-21T00:00Z,BOS,CHA,118,121,final,espn
espn:401584846,2023-24,2023-11-20,2023-11-21T00:00Z,DEN,DET,107,103,final,espn
espn:401584847,2023-24,2023-11-20,2023-11-21T00:00Z,MIL,WAS,142,129,final,espn
espn:401584848,2023-24,2023-11-20,2023-11-21T01:00Z,MIA,CHI,118,100,final,espn
espn:401584849,2023-24,2023-11-20,2023-11-21T01:00Z,NYK,MIN,100,117,final,espn
espn:401584850,2023-24,2023-11-20,2023-11-21T01:00Z,SAC,NOP,93,129,final,espn
espn:401584851,2023-24,2023-11-20,2023-11-21T01:00Z,LAC,SAS,124,99,final,espn
espn:401584852,2023-24,2023-11-20,2023-11-21T03:00Z,HOU,GSW,116,121,final,espn
espn:401584126,2023-24,2023-11-21,2023-11-22T00:00Z,TOR,ORL,107,126,final,espn
espn:401584127,2023-24,2023-11-21,2023-11-22T00:30Z,IND,ATL,157,152,final,espn
espn:401584128,2023-24,2023-11-21,2023-11-22T00:30Z,CLE,PHI,122,119,final,espn
espn:401584129,2023-24,2023-11-21,2023-11-22T02:00Z,POR,PHX,107,120,final,espn
espn:401584130,2023-24,2023-11-21,2023-11-22T03:00Z,UTA,LAL,99,131,final,espn
espn:401584853,2023-24,2023-11-22,2023-11-23T00:00Z,WAS,CHA,114,117,final,espn
espn:401584854,2023-24,2023-11-22,2023-11-23T00:00Z,DEN,ORL,119,124,final,espn
espn:401584855,2023-24,2023-11-22,2023-11-23T00:30Z,BKN,ATL,145,147,final,espn
espn:401584856,2023-24,2023-11-22,2023-11-23T00:30Z,MIL,BOS,116,119,final,espn
espn:401584857,2023-24,2023-11-22,2023-11-23T00:30Z,MIA,CLE,129,96,final,espn
espn:401584858,2023-24,2023-11-22,2023-11-23T00:30Z,TOR,IND,132,131,final,espn
espn:401584859,2023-24,2023-11-22,2023-11-23T01:00Z,MEM,HOU,91,111,final,espn
espn:401584860,2023-24,2023-11-22,2023-11-23T01:00Z,PHI,MIN,99,112,final,espn
espn:401584861,2023-24,2023-11-22,2023-11-23T01:00Z,SAC,NOP,112,117,final,espn
espn:401584862,2023-24,2023-11-22,2023-11-23T01:00Z,CHI,OKC,102,116,final,espn
espn:401584863,2023-24,2023-11-22,2023-11-23T01:00Z,LAC,SAS,109,102,final,espn
espn:401584864,2023-24,2023-11-22,2023-11-23T03:00Z,GSW,PHX,115,123,final,espn
espn:401584865,2023-24,2023-11-22,2023-11-23T03:00Z,UTA,POR,105,121,final,espn
espn:401584866,2023-24,2023-11-22,2023-11-23T03:30Z,DAL,LAL,104,101,final,espn
espn:401584131,2023-24,2023-11-24,2023-11-24T19:30Z,BOS,ORL,96,113,final,espn
espn:401584132,2023-24,2023-11-24,2023-11-24T22:00Z,PHX,MEM,110,89,final,espn
espn:401584133,2023-24,2023-11-24,2023-11-25T00:30Z,MIA,NYK,98,100,final,espn
espn:401584134,2023-24,2023-11-24,2023-11-25T00:30Z,CHI,TOR,108,121,final,espn
espn:401584135,2023-24,2023-11-24,2023-11-25T01:00Z,DET,IND,113,136,final,espn
espn:401584136,2023-24,2023-11-24,2023-11-25T01:00Z,DEN,HOU,86,105,final,espn
espn:401584137,2023-24,2023-11-24,2023-11-25T01:00Z,WAS,MIL,128,131,final,espn
espn:401584138,2023-24,2023-11-24,2023-11-25T01:00Z,SAC,MIN,124,111,final,espn
espn:401584139,2023-24,2023-11-24,2023-11-25T03:00Z,SAS,GSW,112,118,final,espn
espn:401584140,2023-24,2023-11-24,2023-11-25T03:30Z,NOP,LAC,116,106,final,espn
espn:401584867,2023-24,2023-11-25,2023-11-25T22:00Z,PHI,OKC,127,123,final,espn
espn:401584868,2023-24,2023-11-25,2023-11-25T23:00Z,MIA,BKN,97,112,final,espn
espn:401584869,2023-24,2023-11-25,2023-11-26T00:00Z,ATL,WAS,136,108,final,espn
espn:401584870,2023-24,2023-11-25,2023-11-26T00:30Z,LAL,CLE,121,115,final,espn
espn:401584871,2023-24,2023-11-25,2023-11-26T02:30Z,NOP,UTA,100,105,final,espn
espn:401584872,2023-24,2023-11-25,2023-11-26T03:30Z,DAL,LAC,88,107,final,espn
espn:401584873,2023-24,2023-11-26,2023-11-26T20:30Z,POR,MIL,102,108,final,espn
espn:401584874,2023-24,2023-11-26,2023-11-26T23:00Z,ATL,BOS,103,113,final,espn
espn:401584875,2023-24,2023-11-26,2023-11-26T23:00Z,PHX,NYK,116,113,final,espn
espn:401584876,2023-24,2023-11-26,2023-11-26T23:00Z,CHA,ORL,117,130,final,espn
espn:401584877,2023-24,2023-11-26,2023-11-26T23:00Z,MIN,MEM,119,97,final,espn
espn:401584878,2023-24,2023-11-26,2023-11-27T00:30Z,CHI,BKN,109,118,final,espn
espn:401584879,2023-24,2023-11-26,2023-11-27T00:30Z,TOR,CLE,102,105,final,espn
espn:401584880,2023-24,2023-11-26,2023-11-27T01:00Z,SAS,DEN,120,132,final,espn
espn:401584881,2023-24,2023-11-27,2023-11-28T00:00Z,WAS,DET,126,107,final,espn
espn:401584882,2023-24,2023-11-27,2023-11-28T00:00Z,POR,IND,114,110,final,espn
espn:401584883,2023-24,2023-11-27,2023-11-28T00:00Z,LAL,PHI,94,138,final,espn
espn:401584884,2023-24,2023-11-27,2023-11-28T02:00Z,NOP,UTA,112,114,final,espn
espn:401584885,2023-24,2023-11-27,2023-11-28T03:30Z,DEN,LAC,113,104,final,espn
espn:401584141,2023-24,2023-11-28,2023-11-29T00:30Z,CHI,BOS,97,124,final,espn
espn:401584142,2023-24,2023-11-28,2023-11-29T00:30Z,TOR,BKN,103,115,final,espn
espn:401584143,2023-24,2023-11-28,2023-11-29T00:30Z,ATL,CLE,105,128,final,espn
espn:401584144,2023-24,2023-11-28,2023-11-29T00:30Z,MIL,MIA,131,124,final,espn
espn:401584145,2023-24,2023-11-28,2023-11-29T00:30Z,CHA,NYK,91,115,final,espn
espn:401584146,2023-24,2023-11-28,2023-11-29T01:00Z,OKC,MIN,103,106,final,espn
espn:401584147,2023-24,2023-11-28,2023-11-29T01:30Z,HOU,DAL,115,121,final,espn
espn:401584148,2023-24,2023-11-28,2023-11-29T03:00Z,GSW,SAC,123,124,final,espn
espn:401584886,2023-24,2023-11-29,2023-11-30T00:00Z,LAL,DET,133,107,final,espn
espn:401584887,2023-24,2023-11-29,2023-11-30T00:00Z,WAS,ORL,120,139,final,espn
espn:401584888,2023-24,2023-11-29,2023-11-30T00:30Z,PHX,TOR,105,112,final,espn
espn:401584889,2023-24,2023-11-29,2023-11-30T01:00Z,UTA,MEM,91,105,final,espn
espn:401584890,2023-24,2023-11-29,2023-11-30T01:00Z,PHI,NOP,114,124,final,espn
espn:401584891,2023-24,2023-11-29,2023-11-30T02:00Z,HOU,DEN,124,134,final,espn
espn:401584892,2023-24,2023-11-29,2023-11-30T03:00Z,LAC,SAC,131,117,final,espn
espn:401584893,2023-24,2023-11-30,2023-12-01T00:00Z,POR,CLE,103,95,final,espn
espn:401584894,2023-24,2023-11-30,2023-12-01T00:30Z,CHA,BKN,129,128,final,espn
espn:401584895,2023-24,2023-11-30,2023-12-01T00:30Z,IND,MIA,132,142,final,espn
espn:401584896,2023-24,2023-11-30,2023-12-01T00:30Z,DET,NYK,112,118,final,espn
espn:401584897,2023-24,2023-11-30,2023-12-01T01:00Z,MIL,CHI,113,120,final,espn
espn:401584898,2023-24,2023-11-30,2023-12-01T01:00Z,UTA,MIN,90,101,final,espn
espn:401584899,2023-24,2023-11-30,2023-12-01T01:00Z,LAL,OKC,110,133,final,espn
espn:401584900,2023-24,2023-11-30,2023-12-01T01:00Z,ATL,SAS,137,135,final,espn
espn:401584901,2023-24,2023-11-30,2023-12-01T03:00Z,LAC,GSW,114,120,final,espn
espn:401584902,2023-24,2023-12-01,2023-12-02T00:00Z,WAS,ORL,125,130,final,espn
espn:401584903,2023-24,2023-12-01,2023-12-02T00:30Z,PHI,BOS,119,125,final,espn
espn:401584904,2023-24,2023-12-01,2023-12-02T00:30Z,NYK,TOR,119,106,final,espn
espn:401584905,2023-24,2023-12-01,2023-12-02T00:30Z,MEM,DAL,108,94,final,espn
espn:401584906,2023-24,2023-12-01,2023-12-02T01:00Z,SAS,NOP,106,121,final,espn
espn:401584907,2023-24,2023-12-01,2023-12-02T03:00Z,DEN,PHX,119,111,final,espn
espn:401584908,2023-24,2023-12-02,2023-12-02T21:00Z,GSW,LAC,112,113,final,espn
espn:401584909,2023-24,2023-12-02,2023-12-02T22:00Z,MIN,CHA,123,117,final,espn
espn:401584910,2023-24,2023-12-02,2023-12-03T00:00Z,ORL,BKN,101,129,final,espn
espn:401584911,2023-24,2023-12-02,2023-12-03T00:00Z,CLE,DET,110,101,final,espn
espn:401584912,2023-24,2023-12-02,2023-12-03T01:00Z,IND,MIA,144,129,final,espn
espn:401584913,2023-24,2023-12-02,2023-12-03T01:00Z,NOP,CHI,118,124,final,espn
espn:401584914,2023-24,2023-12-02,2023-12-03T01:00Z,ATL,MIL,121,132,final,espn
espn:401584915,2023-24,2023-12-02,2023-12-03T02:00Z,OKC,DAL,126,120,final,espn
espn:401584916,2023-24,2023-12-02,2023-12-03T02:00Z,MEM,PHX,109,116,final,espn
espn:401584917,2023-24,2023-12-02,2023-12-03T02:30Z,POR,UTA,113,118,final,espn
espn:401584918,2023-24,2023-12-02,2023-12-03T03:00Z,DEN,SAC,117,123,final,espn
espn:401584919,2023-24,2023-12-02,2023-12-03T03:30Z,HOU,LAL,97,107,final,espn
espn:401607491,2023-24,2023-12-04,2023-12-05T00:30Z,BOS,IND,112,122,final,espn
espn:401607492,2023-24,2023-12-04,2023-12-05T03:00Z,NOP,SAC,127,117,final,espn
espn:401607489,2023-24,2023-12-05,2023-12-06T00:30Z,NYK,MIL,122,146,final,espn
espn:401607490,2023-24,2023-12-05,2023-12-06T03:00Z,PHX,LAL,103,106,final,espn
espn:401616459,2023-24,2023-12-06,2023-12-07T00:00Z,ORL,CLE,111,121,final,espn
espn:401616460,2023-24,2023-12-06,2023-12-07T00:00Z,MEM,DET,116,102,final,espn
espn:401616461,2023-24,2023-12-06,2023-12-07T00:30Z,MIA,TOR,112,103,final,espn
espn:401616462,2023-24,2023-12-06,2023-12-07T00:00Z,PHI,WAS,131,126,final,espn
espn:401616463,2023-24,2023-12-06,2023-12-07T00:30Z,BKN,ATL,114,113,final,espn
espn:401616464,2023-24,2023-12-06,2023-12-07T00:30Z,SAS,MIN,94,102,final,espn
espn:401616465,2023-24,2023-12-06,2023-12-07T01:00Z,CHA,CHI,100,111,final,espn
espn:401616466,2023-24,2023-12-06,2023-12-07T01:00Z,OKC,HOU,101,110,final,espn
espn:401616467,2023-24,2023-12-06,2023-12-07T01:30Z,UTA,DAL,97,147,final,espn
espn:401616468,2023-24,2023-12-06,2023-12-07T03:00Z,POR,GSW,106,110,final,espn
espn:401616469,2023-24,2023-12-06,2023-12-07T03:00Z,DEN,LAC,102,111,final,espn
espn:401607493,2023-24,2023-12-07,2023-12-08T02:00Z,NOP,LAL,89,133,final,espn
espn:401607494,2023-24,2023-12-07,2023-12-07T22:00Z,IND,MIL,128,119,final,espn
espn:401616470,2023-24,2023-12-08,2023-12-09T00:00Z,TOR,CHA,116,119,final,espn
espn:401616471,2023-24,2023-12-08,2023-12-09T00:00Z,DET,ORL,91,123,final,espn
espn:401616472,2023-24,2023-12-08,2023-12-09T00:00Z,ATL,PHI,114,125,final,espn
espn:401616473,2023-24,2023-12-08,2023-12-09T00:30Z,WAS,BKN,97,124,final,espn
espn:401616474,2023-24,2023-12-08,2023-12-09T01:00Z,CLE,MIA,111,99,final,espn
espn:401616475,2023-24,2023-12-08,2023-12-09T01:00Z,MIN,MEM,127,103,final,espn
espn:401616476,2023-24,2023-12-08,2023-12-09T01:00Z,GSW,OKC,136,138,final,espn
espn:401616477,2023-24,2023-12-08,2023-12-09T01:30Z,CHI,SAS,121,112,final,espn
espn:401616478,2023-24,2023-12-08,2023-12-09T02:00Z,HOU,DEN,114,106,final,espn
espn:401616479,2023-24,2023-12-08,2023-12-09T03:00Z,LAC,UTA,117,103,final,espn
espn:401616480,2023-24,2023-12-08,2023-12-09T03:00Z,DAL,POR,125,112,final,espn
espn:401617579,2023-24,2023-12-08,2023-12-09T00:30Z,NYK,BOS,123,133,final,espn
espn:401617581,2023-24,2023-12-08,2023-12-09T02:00Z,SAC,PHX,114,106,final,espn
espn:401607495,2023-24,2023-12-09,2023-12-10T01:30Z,IND,LAL,109,123,final,espn
espn:401584920,2023-24,2023-12-11,2023-12-12T00:00Z,MIA,CHA,116,114,final,espn
espn:401584921,2023-24,2023-12-11,2023-12-12T00:00Z,IND,DET,131,123,final,espn
espn:401584922,2023-24,2023-12-11,2023-12-12T00:00Z,CLE,ORL,94,104,final,espn
espn:401584923,2023-24,2023-12-11,2023-12-12T00:00Z,WAS,PHI,101,146,final,espn
espn:401584924,2023-24,2023-12-11,2023-12-12T00:30Z,DEN,ATL,129,122,final,espn
espn:401584925,2023-24,2023-12-11,2023-12-12T00:30Z,TOR,NYK,130,136,final,espn
espn:401584926,2023-24,2023-12-11,2023-12-12T01:00Z,SAS,HOU,82,93,final,espn
espn:401584927,2023-24,2023-12-11,2023-12-12T01:00Z,DAL,MEM,120,113,final,espn
espn:401584928,2023-24,2023-12-11,2023-12-12T01:00Z,CHI,MIL,129,133,final,espn
espn:401584929,2023-24,2023-12-11,2023-12-12T01:00Z,MIN,NOP,107,121,final,espn
espn:401584930,2023-24,2023-12-11,2023-12-12T01:00Z,UTA,OKC,120,134,final,espn
espn:401584931,2023-24,2023-12-11,2023-12-12T03:00Z,BKN,SAC,118,131,final,espn
espn:401584932,2023-24,2023-12-11,2023-12-12T03:30Z,POR,LAC,127,132,final,espn
espn:401584933,2023-24,2023-12-12,2023-12-13T00:30Z,CLE,BOS,113,120,final,espn
espn:401584934,2023-24,2023-12-12,2023-12-13T00:30Z,LAL,DAL,125,127,final,espn
espn:401584935,2023-24,2023-12-12,2023-12-13T01:00Z,DEN,CHI,114,106,final,espn
espn:401584936,2023-24,2023-12-12,2023-12-13T03:00Z,GSW,PHX,116,119,final,espn
espn:401584937,2023-24,2023-12-12,2023-12-13T03:30Z,SAC,LAC,99,119,final,espn
espn:401584938,2023-24,2023-12-13,2023-12-14T00:00Z,PHI,DET,129,111,final,espn
espn:401584939,2023-24,2023-12-13,2023-12-14T00:00Z,NOP,WAS,142,122,final,espn
espn:401584940,2023-24,2023-12-13,2023-12-14T00:30Z,CHA,MIA,104,115,final,espn
espn:401584941,2023-24,2023-12-13,2023-12-14T00:30Z,ATL,TOR,128,135,final,espn
espn:401584942,2023-24,2023-12-13,2023-12-14T01:00Z,MEM,HOU,104,117,final,espn
espn:401584943,2023-24,2023-12-13,2023-12-14T01:00Z,IND,MIL,126,140,final,espn
espn:401584944,2023-24,2023-12-13,2023-12-14T01:00Z,LAL,SAS,122,119,final,espn
espn:401584945,2023-24,2023-12-13,2023-12-14T02:00Z,BKN,PHX,116,112,final,espn
espn:401584946,2023-24,2023-12-13,2023-12-14T02:00Z,NYK,UTA,113,117,final,espn
espn:401584947,2023-24,2023-12-14,2023-12-15T00:30Z,CLE,BOS,107,116,final,espn
espn:401584948,2023-24,2023-12-14,2023-12-15T00:30Z,CHI,MIA,124,116,final,espn
espn:401584949,2023-24,2023-12-14,2023-12-15T01:30Z,MIN,DAL,119,101,final,espn
espn:401584950,2023-24,2023-12-14,2023-12-15T02:00Z,BKN,DEN,101,124,final,espn
espn:401584951,2023-24,2023-12-14,2023-12-15T03:00Z,UTA,POR,122,114,final,espn
espn:401584952,2023-24,2023-12-14,2023-12-15T03:00Z,OKC,SAC,123,128,final,espn
espn:401584953,2023-24,2023-12-14,2023-12-15T03:30Z,GSW,LAC,113,121,final,espn
espn:401584954,2023-24,2023-12-15,2023-12-16T00:00Z,NOP,CHA,112,107,final,espn
espn:401584955,2023-24,2023-12-15,2023-12-16T00:00Z,DET,PHI,92,124,final,espn
espn:401584956,2023-24,2023-12-15,2023-12-16T00:00Z,IND,WAS,123,137,final,espn
espn:401584957,2023-24,2023-12-15,2023-12-16T00:30Z,ORL,BOS,111,128,final,espn
espn:401584958,2023-24,2023-12-15,2023-12-16T00:30Z,ATL,TOR,125,104,final,espn
espn:401584959,2023-24,2023-12-15,2023-12-16T00:30Z,LAL,SAS,115,129,final,espn
espn:401584960,2023-24,2023-12-15,2023-12-16T01:00Z,HOU,MEM,103,96,final,espn
espn:401584961,2023-24,2023-12-15,2023-12-16T03:00Z,NYK,PHX,139,122,final,espn
espn:401584962,2023-24,2023-12-16,2023-12-16T23:00Z,DET,MIL,114,146,final,espn
espn:401584963,2023-24,2023-12-16,2023-12-17T00:00Z,PHI,CHA,135,82,final,espn
espn:401584964,2023-24,2023-12-16,2023-12-17T00:30Z,ATL,CLE,119,127,final,espn
espn:401584965,2023-24,2023-12-16,2023-12-17T01:00Z,CHI,MIA,116,118,final,espn
espn:401584966,2023-24,2023-12-16,2023-12-17T01:00Z,IND,MIN,109,127,final,espn
espn:401584967,2023-24,2023-12-16,2023-12-17T01:30Z,BKN,GSW,120,124,final,espn
espn:401584968,2023-24,2023-12-16,2023-12-17T02:00Z,OKC,DEN,118,117,final,espn
espn:401584969,2023-24,2023-12-16,2023-12-17T02:00Z,DAL,POR,131,120,final,espn
espn:401584970,2023-24,2023-12-16,2023-12-17T03:00Z,UTA,SAC,104,125,final,espn
espn:401584971,2023-24,2023-12-16,2023-12-17T03:30Z,NYK,LAC,122,144,final,espn
espn:401584972,2023-24,2023-12-17,2023-12-17T20:00Z,ORL,BOS,97,114,final,espn
espn:401584973,2023-24,2023-12-17,2023-12-17T20:30Z,NOP,SAS,146,110,final,espn
espn:401584974,2023-24,2023-12-17,2023-12-18T00:00Z,HOU,MIL,119,128,final,espn
espn:401584975,2023-24,2023-12-17,2023-12-18T01:00Z,WAS,PHX,108,112,final,espn
espn:401584976,2023-24,2023-12-17,2023-12-18T02:00Z,GSW,POR,118,114,final,espn
espn:401584977,2023-24,2023-12-18,2023-12-19T00:00Z,HOU,CLE,130,135,final,espn
espn:401584978,2023-24,2023-12-18,2023-12-19T00:00Z,LAC,IND,151,127,final,espn
espn:401584979,2023-24,2023-12-18,2023-12-19T00:00Z,CHI,PHI,108,104,final,espn
espn:401584980,2023-24,2023-12-18,2023-12-19T00:30Z,DET,ATL,124,130,final,espn
espn:401584981,2023-24,2023-12-18,2023-12-19T00:30Z,MIN,MIA,112,108,final,espn
espn:401584982,2023-24,2023-12-18,2023-12-19T00:30Z,CHA,TOR,99,114,final,espn
espn:401584983,2023-24,2023-12-18,2023-12-19T01:00Z,MEM,OKC,97,116,final,espn
espn:401584984,2023-24,2023-12-18,2023-12-19T02:00Z,DAL,DEN,104,130,final,espn
espn:401584985,2023-24,2023-12-18,2023-12-19T02:00Z,BKN,UTA,108,125,final,espn
espn:401584986,2023-24,2023-12-18,2023-12-19T03:00Z,WAS,SAC,131,143,final,espn
espn:401584987,2023-24,2023-12-18,2023-12-19T03:30Z,NYK,LAL,114,109,final,espn
espn:401584988,2023-24,2023-12-19,2023-12-20T00:30Z,MEM,NOP,115,113,final,espn
espn:401584989,2023-24,2023-12-19,2023-12-20T01:00Z,SAS,MIL,119,132,final,espn
espn:401584990,2023-24,2023-12-19,2023-12-20T03:00Z,BOS,GSW,126,132,final,espn
espn:401584991,2023-24,2023-12-19,2023-12-20T03:00Z,PHX,POR,104,109,final,espn
espn:401584992,2023-24,2023-12-20,2023-12-21T00:00Z,UTA,CLE,116,124,final,espn
espn:401584993,2023-24,2023-12-20,2023-12-21T00:00Z,CHA,IND,113,144,final,espn
espn:401584994,2023-24,2023-12-20,2023-12-21T00:00Z,MIA,ORL,115,106,final,espn
espn:401584995,2023-24,2023-12-20,2023-12-21T00:00Z,MIN,PHI,113,127,final,espn
espn:401584996,2023-24,2023-12-20,2023-12-21T00:30Z,NYK,BKN,121,102,final,espn
espn:401584997,2023-24,2023-12-20,2023-12-21T00:30Z,DEN,TOR,113,104,final,espn
espn:401584998,2023-24,2023-12-20,2023-12-21T01:00Z,LAL,CHI,108,124,final,espn
espn:401584999,2023-24,2023-12-20,2023-12-21T01:00Z,ATL,HOU,134,127,final,espn
espn:401585000,2023-24,2023-12-20,2023-12-21T01:30Z,LAC,DAL,120,111,final,espn
espn:401585001,2023-24,2023-12-20,2023-12-21T03:00Z,BOS,SAC,144,119,final,espn
espn:401585002,2023-24,2023-12-21,2023-12-22T00:00Z,UTA,DET,119,111,final,espn
espn:401585003,2023-24,2023-12-21,2023-12-22T00:30Z,NOP,CLE,123,104,final,espn
espn:401585004,2023-24,2023-12-21,2023-12-22T01:00Z,SAS,CHI,95,114,final,espn
espn:401585005,2023-24,2023-12-21,2023-12-22T01:00Z,IND,MEM,103,116,final,espn
espn:401585006,2023-24,2023-12-21,2023-12-22T01:00Z,ORL,MIL,114,118,final,espn
espn:401585007,2023-24,2023-12-21,2023-12-22T01:00Z,LAC,OKC,115,134,final,espn
espn:401585008,2023-24,2023-12-21,2023-12-22T02:00Z,LAL,MIN,111,118,final,espn
espn:401585009,2023-24,2023-12-21,2023-12-22T03:00Z,WAS,POR,118,117,final,espn
espn:401585010,2023-24,2023-12-22,2023-12-23T00:00Z,TOR,PHI,111,121,final,espn
espn:401585011,2023-24,2023-12-22,2023-12-23T00:30Z,DEN,BKN,122,117,final,espn
espn:401585012,2023-24,2023-12-22,2023-12-23T01:00Z,ATL,MIA,113,122,final,espn
espn:401585013,2023-24,2023-12-22,2023-12-23T01:00Z,DAL,HOU,96,122,final,espn
espn:401585014,2023-24,2023-12-22,2023-12-23T03:18Z,WAS,GSW,118,129,final,espn
espn:401585015,2023-24,2023-12-22,2023-12-23T03:00Z,PHX,SAC,105,120,final,espn
espn:401585016,2023-24,2023-12-23,2023-12-23T17:30Z,MIL,NYK,130,111,final,espn
espn:401585017,2023-24,2023-12-23,2023-12-23T20:30Z,BOS,LAC,145,108,final,espn
espn:401585018,2023-24,2023-12-23,2023-12-24T00:00Z,DEN,CHA,102,95,final,espn
espn:401585019,2023-24,2023-12-23,2023-12-24T00:00Z,ORL,IND,117,110,final,espn
espn:401585020,2023-24,2023-12-23,2023-12-24T00:00Z,HOU,NOP,106,104,final,espn
espn:401585021,2023-24,2023-12-23,2023-12-24T00:30Z,MEM,ATL,125,119,final,espn
espn:401585022,2023-24,2023-12-23,2023-12-24T00:30Z,DET,BKN,115,126,final,espn
espn:401585023,2023-24,2023-12-23,2023-12-24T00:30Z,UTA,TOR,126,119,final,espn
espn:401585024,2023-24,2023-12-23,2023-12-24T01:00Z,CLE,CHI,109,95,final,espn
espn:401585025,2023-24,2023-12-23,2023-12-24T01:00Z,LAL,OKC,129,120,final,espn
espn:401585026,2023-24,2023-12-23,2023-12-24T01:30Z,SAS,DAL,119,144,final,espn
espn:401585027,2023-24,2023-12-23,2023-12-24T01:30Z,POR,GSW,106,126,final,espn
espn:401585028,2023-24,2023-12-23,2023-12-24T03:00Z,MIN,SAC,110,98,final,espn
espn:401585029,2023-24,2023-12-25,2023-12-25T17:00Z,MIL,NYK,122,129,final,espn
espn:401585030,2023-24,2023-12-25,2023-12-25T19:30Z,GSW,DEN,114,120,final,espn
espn:401585031,2023-24,2023-12-25,2023-12-25T22:00Z,BOS,LAL,126,115,final,espn
espn:401585032,2023-24,2023-12-25,2023-12-26T01:00Z,PHI,MIA,113,119,final,espn
espn:401585033,2023-24,2023-12-25,2023-12-26T03:43Z,DAL,PHX,128,114,final,espn
espn:401585034,2023-24,2023-12-26,2023-12-27T00:00Z,BKN,DET,118,112,final,espn
espn:401585035,2023-24,2023-12-26,2023-12-27T00:00Z,ORL,WAS,127,119,final,espn
espn:401585036,2023-24,2023-12-26,2023-12-27T01:00Z,ATL,CHI,113,118,final,espn
espn:401585037,2023-24,2023-12-26,2023-12-27T01:00Z,IND,HOU,123,117,final,espn
espn:401585038,2023-24,2023-12-26,2023-12-27T01:00Z,MEM,NOP,116,115,final,espn
espn:401585039,2023-24,2023-12-26,2023-12-27T01:00Z,MIN,OKC,106,129,final,espn
espn:401585040,2023-24,2023-12-26,2023-12-27T01:00Z,UTA,SAS,130,118,final,espn
espn:401585041,2023-24,2023-12-26,2023-12-27T03:00Z,SAC,POR,113,130,final,espn
espn:401585042,2023-24,2023-12-26,2023-12-27T03:30Z,CHA,LAC,104,113,final,espn
espn:401585043,2023-24,2023-12-27,2023-12-28T00:00Z,PHI,ORL,112,92,final,espn
espn:401585044,2023-24,2023-12-27,2023-12-28T00:00Z,TOR,WAS,132,102,final,espn
espn:401585045,2023-24,2023-12-27,2023-12-28T00:30Z,MIL,BKN,144,122,final,espn
espn:401585046,2023-24,2023-12-27,2023-12-28T01:00Z,PHX,HOU,129,113,final,espn
espn:401585047,2023-24,2023-12-27,2023-12-28T01:00Z,NYK,OKC,120,129,final,espn
espn:401585048,2023-24,2023-12-27,2023-12-28T01:30Z,CLE,DAL,113,110,final,espn
espn:401585049,2023-24,2023-12-28,2023-12-29T00:30Z,DET,BOS,122,128,final,espn
espn:401585050,2023-24,2023-12-28,2023-12-29T01:00Z,IND,CHI,120,104,final,espn
espn:401585051,2023-24,2023-12-28,2023-12-29T01:00Z,DAL,MIN,110,118,final,espn
espn:401585052,2023-24,2023-12-28,2023-12-29T01:00Z,UTA,NOP,105,112,final,espn
espn:401585053,2023-24,2023-12-28,2023-12-29T02:00Z,MEM,DEN,105,142,final,espn
espn:401585054,2023-24,2023-12-28,2023-12-29T03:00Z,MIA,GSW,114,102,final,espn
espn:401585055,2023-24,2023-12-28,2023-12-29T03:00Z,SAS,POR,118,105,final,espn
espn:401585056,2023-24,2023-12-28,2023-12-29T03:30Z,CHA,LAL,112,133,final,espn
espn:401585057,2023-24,2023-12-29,2023-12-30T00:00Z,NYK,ORL,108,117,final,espn
espn:401585058,2023-24,2023-12-29,2023-12-30T00:00Z,BKN,WAS,104,110,final,espn
espn:401585059,2023-24,2023-12-29,2023-12-30T00:30Z,SAC,ATL,117,110,final,espn
espn:401585060,2023-24,2023-12-29,2023-12-30T00:30Z,TOR,BOS,118,120,final,espn
espn:401585061,2023-24,2023-12-29,2023-12-30T00:30Z,MIL,CLE,119,111,final,espn
espn:401585062,2023-24,2023-12-29,2023-12-30T01:00Z,PHI,HOU,131,127,final,espn
espn:401585063,2023-24,2023-12-29,2023-12-30T02:00Z,OKC,DEN,119,93,final,espn
espn:401585064,2023-24,2023-12-29,2023-12-30T02:00Z,CHA,PHX,119,133,final,espn
espn:401585065,2023-24,2023-12-29,2023-12-30T03:00Z,SAS,POR,128,134,final,espn
espn:401585066,2023-24,2023-12-29,2023-12-30T03:30Z,MEM,LAC,106,117,final,espn
espn:401585067,2023-24,2023-12-30,2023-12-30T22:00Z,MIA,UTA,109,117,final,espn
espn:401585068,2023-24,2023-12-30,2023-12-30T23:00Z,TOR,DET,127,129,final,espn
espn:401585069,2023-24,2023-12-30,2023-12-31T00:00Z,NYK,IND,126,140,final,espn
espn:401585070,2023-24,2023-12-30,2023-12-31T01:00Z,PHI,CHI,92,105,final,espn
espn:401585071,2023-24,2023-12-30,2023-12-31T01:00Z,LAL,MIN,106,108,final,espn
espn:401585072,2023-24,2023-12-30,2023-12-31T01:30Z,DAL,GSW,132,122,final,espn
espn:401585073,2023-24,2023-12-31,2023-12-31T20:00Z,ATL,WAS,130,126,final,espn
espn:401585074,2023-24,2023-12-31,2024-01-01T00:00Z,LAL,NOP,109,129,final,espn
espn:401585075,2023-24,2023-12-31,2024-01-01T00:00Z,BKN,OKC,108,124,final,espn
espn:401585076,2023-24,2023-12-31,2024-01-01T00:00Z,BOS,SAS,134,101,final,espn
espn:401585077,2023-24,2023-12-31,2024-01-01T01:00Z,SAC,MEM,123,92,final,espn
espn:401585078,2023-24,2023-12-31,2024-01-01T01:00Z,ORL,PHX,107,112,final,espn
espn:401585079,2023-24,2024-01-01,2024-01-01T20:00Z,MIN,NYK,106,112,final,espn
espn:401585080,2023-24,2024-01-01,2024-01-02T00:30Z,CLE,TOR,121,124,final,espn
espn:401585081,2023-24,2024-01-01,2024-01-02T01:00Z,DET,HOU,113,136,final,espn
espn:401585082,2023-24,2024-01-01,2024-01-02T01:00Z,IND,MIL,122,113,final,espn
espn:401585083,2023-24,2024-01-01,2024-01-02T02:00Z,CHA,DEN,93,111,final,espn
espn:401585084,2023-24,2024-01-01,2024-01-02T02:00Z,POR,PHX,88,109,final,espn
espn:401585085,2023-24,2024-01-01,2024-01-02T02:00Z,DAL,UTA,90,127,final,espn
espn:401585086,2023-24,2024-01-01,2024-01-02T03:30Z,MIA,LAC,104,121,final,espn
espn:401585087,2023-24,2024-01-02,2024-01-03T00:00Z,CHI,PHI,97,110,final,espn
espn:401585088,2023-24,2024-01-02,2024-01-03T01:00Z,SAS,MEM,98,106,final,espn
espn:401585089,2023-24,2024-01-02,2024-01-03T01:00Z,BKN,NOP,85,112,final,espn
espn:401585090,2023-24,2024-01-02,2024-01-03T01:00Z,BOS,OKC,123,127,final,espn
espn:401585091,2023-24,2024-01-02,2024-01-03T03:00Z,ORL,GSW,115,121,final,espn
espn:401585092,2023-24,2024-01-02,2024-01-03T03:00Z,CHA,SAC,111,104,final,espn
espn:401585093,2023-24,2024-01-03,2024-01-04T00:00Z,WAS,CLE,101,140,final,espn
espn:401585094,2023-24,2024-01-03,2024-01-04T00:00Z,MIL,IND,130,142,final,espn
espn:401585095,2023-24,2024-01-03,2024-01-04T00:30Z,OKC,ATL,138,141,final,espn
espn:401585096,2023-24,2024-01-03,2024-01-04T01:30Z,CHI,NYK,100,116,final,espn
espn:401585097,2023-24,2024-01-03,2024-01-04T01:00Z,BKN,HOU,101,112,final,espn
espn:401585098,2023-24,2024-01-03,2024-01-04T01:00Z,TOR,MEM,116,111,final,espn
espn:401585099,2023-24,2024-01-03,2024-01-04T01:00Z,NOP,MIN,117,106,final,espn
espn:401585100,2023-24,2024-01-03,2024-01-04T01:30Z,POR,DAL,97,126,final,espn
espn:401585101,2023-24,2024-01-03,2024-01-04T02:00Z,LAC,PHX,131,122,final,espn
espn:401585102,2023-24,2024-01-03,2024-01-04T02:00Z,DET,UTA,148,154,final,espn
espn:401585103,2023-24,2024-01-03,2024-01-04T03:00Z,MIA,LAL,110,96,final,espn
espn:401585104,2023-24,2024-01-03,2024-01-04T03:00Z,ORL,SAC,135,138,final,espn
espn:401585105,2023-24,2024-01-04,2024-01-05T00:30Z,MIL,SAS,125,121,final,espn
espn:401585106,2023-24,2024-01-04,2024-01-05T03:00Z,DEN,GSW,130,127,final,espn
espn:401585107,2023-24,2024-01-05,2024-01-06T00:00Z,UTA,BOS,97,126,final,espn
espn:401585108,2023-24,2024-01-05,2024-01-06T00:00Z,ATL,IND,116,150,final,espn
espn:401585109,2023-24,2024-01-05,2024-01-06T00:30Z,OKC,BKN,115,124,final,espn
espn:401585110,2023-24,2024-01-05,2024-01-06T00:30Z,WAS,CLE,90,114,final,espn
espn:401585111,2023-24,2024-01-05,2024-01-06T00:30Z,NYK,PHI,128,92,final,espn
espn:401585112,2023-24,2024-01-05,2024-01-06T01:00Z,CHA,CHI,91,104,final,espn
espn:401585113,2023-24,2024-01-05,2024-01-06T01:00Z,MIN,HOU,122,95,final,espn
espn:401585114,2023-24,2024-01-05,2024-01-06T01:00Z,LAC,NOP,111,95,final,espn
espn:401585115,2023-24,2024-01-05,2024-01-06T01:30Z,POR,DAL,103,139,final,espn
espn:401585116,2023-24,2024-01-05,2024-01-06T02:00Z,ORL,DEN,122,120,final,espn
espn:401585117,2023-24,2024-01-05,2024-01-06T02:00Z,MIA,PHX,97,113,final,espn
espn:401585118,2023-24,2024-01-05,2024-01-06T03:00Z,DET,GSW,109,113,final,espn
espn:401585119,2023-24,2024-01-05,2024-01-06T03:00Z,MEM,LAL,127,113,final,espn
espn:401585120,2023-24,2024-01-05,2024-01-06T03:00Z,TOR,SAC,130,135,final,espn
espn:401585121,2023-24,2024-01-06,2024-01-07T00:00Z,BOS,IND,118,101,final,espn
espn:401585122,2023-24,2024-01-06,2024-01-07T00:00Z,NYK,WAS,121,105,final,espn
espn:401585123,2023-24,2024-01-06,2024-01-07T00:30Z,UTA,PHI,120,109,final,espn
espn:401585124,2023-24,2024-01-06,2024-01-07T01:00Z,MIL,HOU,108,112,final,espn
espn:401585125,2023-24,2024-01-07,2024-01-07T18:00Z,SAS,CLE,115,117,final,espn
espn:401585126,2023-24,2024-01-07,2024-01-07T20:00Z,POR,BKN,134,127,final,espn
espn:401585127,2023-24,2024-01-07,2024-01-07T23:00Z,ATL,ORL,110,117,final,espn
espn:401585128,2023-24,2024-01-07,2024-01-07T23:00Z,NOP,SAC,133,100,final,espn
espn:401585129,2023-24,2024-01-07,2024-01-08T00:30Z,MIN,DAL,108,115,final,espn
espn:401585130,2023-24,2024-01-07,2024-01-08T01:00Z,DET,DEN,114,131,final,espn
espn:401585131,2023-24,2024-01-07,2024-01-08T01:00Z,MEM,PHX,121,115,final,espn
espn:401585132,2023-24,2024-01-07,2024-01-08T01:30Z,TOR,GSW,133,118,final,espn
espn:401585133,2023-24,2024-01-07,2024-01-08T02:30Z,LAC,LAL,103,106,final,espn
espn:401585134,2023-24,2024-01-08,2024-01-09T00:00Z,CHI,CHA,119,112,final,espn
espn:401585135,2023-24,2024-01-08,2024-01-09T00:00Z,BOS,IND,131,133,final,espn
espn:401585136,2023-24,2024-01-08,2024-01-09T00:00Z,OKC,WAS,136,128,final,espn
espn:401585137,2023-24,2024-01-08,2024-01-09T00:30Z,HOU,MIA,113,120,final,espn
espn:401585138,2023-24,2024-01-08,2024-01-09T01:00Z,UTA,MIL,132,116,final,espn
espn:401585139,2023-24,2024-01-08,2024-01-09T03:30Z,PHX,LAC,111,138,final,espn
espn:401585140,2023-24,2024-01-09,2024-01-10T00:00Z,SAC,DET,131,110,final,espn
espn:401585141,2023-24,2024-01-09,2024-01-10T00:00Z,MIN,ORL,113,92,final,espn
espn:401585142,2023-24,2024-01-09,2024-01-10T00:30Z,POR,NYK,84,112,final,espn
espn:401585143,2023-24,2024-01-09,2024-01-10T01:30Z,MEM,DAL,120,103,final,espn
espn:401585144,2023-24,2024-01-09,2024-01-10T03:30Z,TOR,LAL,131,132,final,espn
espn:401585145,2023-24,2024-01-10,2024-01-11T00:00Z,MIN,BOS,120,127,final,espn
espn:401585146,2023-24,2024-01-10,2024-01-11T00:00Z,SAC,CHA,123,98,final,espn
espn:401585147,2023-24,2024-01-10,2024-01-11T00:00Z,SAS,DET,130,108,final,espn
espn:401585148,2023-24,2024-01-10,2024-01-11T00:00Z,WAS,IND,104,112,final,espn
espn:401585149,2023-24,2024-01-10,2024-01-11T00:30Z,PHI,ATL,132,139,final,espn
espn:401585150,2023-24,2024-01-10,2024-01-11T00:30Z,OKC,MIA,128,120,final,espn
espn:401585151,2023-24,2024-01-10,2024-01-11T01:00Z,HOU,CHI,119,124,final,espn
espn:401585152,2023-24,2024-01-10,2024-01-11T03:00Z,DEN,UTA,111,124,final,espn
espn:401585153,2023-24,2024-01-10,2024-01-11T01:30Z,NOP,GSW,141,105,final,espn
espn:401585154,2023-24,2024-01-10,2024-01-11T03:30Z,TOR,LAC,120,126,final,espn
espn:401585155,2023-24,2024-01-11,2024-01-11T19:00Z,BKN,CLE,102,111,final,espn
espn:401585156,2023-24,2024-01-11,2024-01-12T00:30Z,BOS,MIL,102,135,final,espn
espn:401585157,2023-24,2024-01-11,2024-01-12T01:00Z,POR,OKC,77,139,final,espn
espn:401585158,2023-24,2024-01-11,2024-01-12T01:30Z,NYK,DAL,124,128,final,espn
espn:401585159,2023-24,2024-01-11,2024-01-12T03:00Z,PHX,LAL,127,109,final,espn
espn:401585160,2023-24,2024-01-12,2024-01-13T00:30Z,SAC,PHI,93,112,final,espn
espn:401585161,2023-24,2024-01-12,2024-01-13T00:30Z,IND,ATL,126,108,final,espn
espn:401585162,2023-24,2024-01-12,2024-01-13T00:30Z,HOU,DET,112,110,final,espn
espn:401585163,2023-24,2024-01-12,2024-01-13T01:00Z,ORL,MIA,96,99,final,espn
espn:401585164,2023-24,2024-01-12,2024-01-13T01:00Z,GSW,CHI,140,131,final,espn
espn:401585165,2023-24,2024-01-12,2024-01-13T01:00Z,LAC,MEM,128,119,final,espn
espn:401585166,2023-24,2024-01-12,2024-01-13T01:00Z,POR,MIN,93,116,final,espn
espn:401585167,2023-24,2024-01-12,2024-01-13T03:00Z,NOP,DEN,113,125,final,espn
espn:401585168,2023-24,2024-01-12,2024-01-13T02:30Z,TOR,UTA,113,145,final,espn
espn:401585169,2023-24,2024-01-12,2024-01-13T01:00Z,CHA,SAS,99,135,final,espn
espn:401585170,2023-24,2024-01-13,2024-01-14T00:00Z,HOU,BOS,113,145,final,espn
espn:401585171,2023-24,2024-01-13,2024-01-14T00:30Z,WAS,ATL,127,99,final,espn
espn:401585172,2023-24,2024-01-13,2024-01-14T01:00Z,NYK,MEM,106,94,final,espn
espn:401585173,2023-24,2024-01-13,2024-01-14T01:00Z,GSW,MIL,118,129,final,espn
espn:401585174,2023-24,2024-01-13,2024-01-14T01:00Z,ORL,OKC,100,112,final,espn
espn:401585175,2023-24,2024-01-13,2024-01-14T01:30Z,NOP,DAL,118,108,final,espn
espn:401585176,2023-24,2024-01-13,2024-01-14T01:30Z,CHI,SAS,122,116,final,espn
espn:401585177,2023-24,2024-01-13,2024-01-14T02:30Z,LAL,UTA,125,132,final,espn
espn:401585178,2023-24,2024-01-14,2024-01-14T20:30Z,IND,DEN,109,117,final,espn
espn:401585179,2023-24,2024-01-14,2024-01-14T23:00Z,CHA,MIA,87,104,final,espn
espn:401585180,2023-24,2024-01-14,2024-01-15T00:00Z,SAC,MIL,142,143,final,espn
espn:401585181,2023-24,2024-01-14,2024-01-15T00:00Z,LAC,MIN,105,109,final,espn
espn:401585182,2023-24,2024-01-14,2024-01-15T02:00Z,PHX,POR,127,116,final,espn
espn:401585183,2023-24,2024-01-15,2024-01-15T18:00Z,HOU,PHI,115,124,final,espn
espn:401585184,2023-24,2024-01-15,2024-01-15T19:30Z,NOP,DAL,120,125,final,espn
espn:401585185,2023-24,2024-01-15,2024-01-15T20:00Z,ORL,NYK,98,94,final,espn
espn:401585186,2023-24,2024-01-15,2024-01-15T20:00Z,DET,WAS,129,117,final,espn
espn:401585187,2023-24,2024-01-15,2024-01-15T20:30Z,SAS,ATL,99,109,final,espn
espn:401585188,2023-24,2024-01-15,2024-01-15T23:00Z,GSW,MEM,107,116,final,espn
espn:401585189,2023-24,2024-01-15,2024-01-16T00:00Z,CHI,CLE,91,109,final,espn
espn:401585190,2023-24,2024-01-15,2024-01-16T00:30Z,MIA,BKN,96,95,final,espn
espn:401585191,2023-24,2024-01-15,2024-01-16T00:30Z,BOS,TOR,105,96,final,espn
espn:401585192,2023-24,2024-01-15,2024-01-16T02:00Z,IND,UTA,105,132,final,espn
espn:401585193,2023-24,2024-01-15,2024-01-16T03:30Z,OKC,LAL,105,112,final,espn
espn:401585194,2023-24,2024-01-16,2024-01-17T00:30Z,DEN,PHI,121,126,final,espn
espn:401585195,2023-24,2024-01-16,2024-01-17T02:00Z,SAC,PHX,117,119,final,espn
espn:401585196,2023-24,2024-01-16,2024-01-17T03:00Z,OKC,LAC,117,128,final,espn
espn:401585197,2023-24,2024-01-17,2024-01-18T00:00Z,MIN,DET,124,117,final,espn
espn:401585198,2023-24,2024-01-17,2024-01-18T00:30Z,ORL,ATL,104,106,final,espn
espn:401585199,2023-24,2024-01-17,2024-01-18T00:30Z,SAS,BOS,98,117,final,espn
espn:401585200,2023-24,2024-01-17,2024-01-18T00:30Z,MIL,CLE,95,135,final,espn
espn:401585201,2023-24,2024-01-17,2024-01-18T00:30Z,HOU,NYK,94,109,final,espn
espn:401585202,2023-24,2024-01-17,2024-01-18T00:30Z,MIA,TOR,97,121,final,espn
espn:401585203,2023-24,2024-01-17,2024-01-18T01:00Z,CHA,NOP,112,132,final,espn
espn:401585204,2023-24,2024-01-17,2024-01-18T02:00Z,GSW,UTA,0,0,final,espn
espn:401585205,2023-24,2024-01-17,2024-01-18T01:30Z,DAL,LAL,110,127,final,espn
espn:401585206,2023-24,2024-01-17,2024-01-18T03:00Z,BKN,POR,103,105,final,espn
espn:401585207,2023-24,2024-01-18,2024-01-19T00:30Z,WAS,NYK,109,113,final,espn
espn:401585208,2023-24,2024-01-18,2024-01-19T00:30Z,CHI,TOR,116,110,final,espn
espn:401585209,2023-24,2024-01-18,2024-01-19T02:00Z,OKC,UTA,134,129,final,espn
espn:401585210,2023-24,2024-01-18,2024-01-19T03:00Z,MEM,MIN,103,118,final,espn
espn:401585211,2023-24,2024-01-18,2024-01-19T03:00Z,IND,SAC,126,121,final,espn
espn:401585212,2023-24,2024-01-19,2024-01-20T00:00Z,SAS,CHA,120,124,final,espn
espn:401585213,2023-24,2024-01-19,2024-01-20T00:00Z,PHI,ORL,124,109,final,espn
espn:401585214,2023-24,2024-01-19,2024-01-20T00:30Z,DEN,BOS,102,100,final,espn
espn:401585215,2023-24,2024-01-19,2024-01-20T01:00Z,ATL,MIA,109,108,final,espn
espn:401585216,2023-24,2024-01-19,2024-01-20T01:00Z,PHX,NOP,123,109,final,espn
espn:401585217,2023-24,2024-01-19,2024-01-20T03:00Z,DAL,GSW,0,0,final,espn
espn:401585218,2023-24,2024-01-19,2024-01-20T03:00Z,IND,POR,115,118,final,espn
espn:401585219,2023-24,2024-01-19,2024-01-20T03:30Z,BKN,LAL,130,112,final,espn
espn:401585220,2023-24,2024-01-20,2024-01-20T20:00Z,MIL,DET,141,135,final,espn
espn:401585221,2023-24,2024-01-20,2024-01-21T00:00Z,PHI,CHA,97,89,final,espn
espn:401585222,2023-24,2024-01-20,2024-01-21T00:00Z,SAS,WAS,131,127,final,espn
espn:401585223,2023-24,2024-01-20,2024-01-21T00:30Z,CLE,ATL,116,95,final,espn
espn:401585224,2023-24,2024-01-20,2024-01-21T00:30Z,TOR,NYK,100,126,final,espn
espn:401585225,2023-24,2024-01-20,2024-01-21T01:00Z,MEM,CHI,96,125,final,espn
espn:401585226,2023-24,2024-01-20,2024-01-21T01:00Z,UTA,HOU,126,127,final,espn
espn:401585227,2023-24,2024-01-20,2024-01-21T01:00Z,OKC,MIN,102,97,final,espn
espn:401585228,2023-24,2024-01-21,2024-01-21T20:30Z,BKN,LAC,114,125,final,espn
espn:401585229,2023-24,2024-01-21,2024-01-21T23:00Z,MIA,ORL,87,105,final,espn
espn:401585230,2023-24,2024-01-21,2024-01-21T23:00Z,DEN,WAS,113,104,final,espn
espn:401585231,2023-24,2024-01-21,2024-01-22T00:00Z,BOS,HOU,116,107,final,espn
espn:401585232,2023-24,2024-01-21,2024-01-22T01:00Z,IND,PHX,110,117,final,espn
espn:401585233,2023-24,2024-01-21,2024-01-22T03:00Z,POR,LAL,110,134,final,espn
espn:401585234,2023-24,2024-01-22,2024-01-23T00:00Z,MIL,DET,122,113,final,espn
espn:401585235,2023-24,2024-01-22,2024-01-23T00:00Z,CLE,ORL,126,99,final,espn
espn:401585236,2023-24,2024-01-22,2024-01-23T00:00Z,SAS,PHI,123,133,final,espn
espn:401585237,2023-24,2024-01-22,2024-01-23T00:30Z,MEM,TOR,108,100,final,espn
espn:401585238,2023-24,2024-01-22,2024-01-23T01:00Z,CHA,MIN,128,125,final,espn
espn:401585239,2023-24,2024-01-22,2024-01-23T01:30Z,BOS,DAL,119,110,final,espn
espn:401585240,2023-24,2024-01-22,2024-01-23T02:00Z,CHI,PHX,113,115,final,espn
espn:401585241,2023-24,2024-01-22,2024-01-23T03:00Z,ATL,SAC,107,122,final,espn
espn:401585242,2023-24,2024-01-23,2024-01-24T00:00Z,DEN,IND,114,109,final,espn
espn:401585243,2023-24,2024-01-23,2024-01-24T00:30Z,NYK,BKN,108,103,final,espn
espn:401585244,2023-24,2024-01-23,2024-01-24T01:00Z,UTA,NOP,124,153,final,espn
espn:401585245,2023-24,2024-01-23,2024-01-24T01:00Z,POR,OKC,109,111,final,espn
espn:401585246,2023-24,2024-01-23,2024-01-24T03:00Z,LAL,LAC,116,127,final,espn
espn:401585247,2023-24,2024-01-24,2024-01-25T00:00Z,CHA,DET,106,113,final,espn
espn:401585248,2023-24,2024-01-24,2024-01-25T00:00Z,MIN,WAS,118,107,final,espn
espn:401585249,2023-24,2024-01-24,2024-01-25T00:30Z,MEM,MIA,105,96,final,espn
espn:401585250,2023-24,2024-01-24,2024-01-25T02:30Z,OKC,SAS,140,114,final,espn
espn:401585251,2023-24,2024-01-24,2024-01-25T01:00Z,POR,HOU,137,131,final,espn
espn:401585252,2023-24,2024-01-24,2024-01-25T01:00Z,CLE,MIL,116,126,final,espn
espn:401585253,2023-24,2024-01-24,2024-01-25T01:30Z,PHX,DAL,132,109,final,espn
espn:401585254,2023-24,2024-01-24,2024-01-25T03:00Z,ATL,GSW,112,134,final,espn
espn:401585255,2023-24,2024-01-25,2024-01-26T00:00Z,PHI,IND,122,134,final,espn
espn:401585256,2023-24,2024-01-25,2024-01-26T00:00Z,UTA,WAS,123,108,final,espn
espn:401585257,2023-24,2024-01-25,2024-01-26T00:30Z,MIN,BKN,96,94,final,espn
espn:401585258,2023-24,2024-01-25,2024-01-26T00:30Z,BOS,MIA,143,110,final,espn
espn:401585259,2023-24,2024-01-25,2024-01-26T00:30Z,DEN,NYK,84,122,final,espn
espn:401585260,2023-24,2024-01-25,2024-01-26T03:00Z,SAC,GSW,134,133,final,espn
espn:401585261,2023-24,2024-01-25,2024-01-26T03:30Z,CHI,LAL,132,141,final,espn
espn:401585262,2023-24,2024-01-26,2024-01-27T00:00Z,DAL,ATL,148,143,final,espn
espn:401585263,2023-24,2024-01-26,2024-01-27T00:00Z,HOU,CHA,138,104,final,espn
espn:401585264,2023-24,2024-01-26,2024-01-27T00:00Z,PHX,IND,131,133,final,espn
espn:401585265,2023-24,2024-01-26,2024-01-27T00:30Z,LAC,TOR,127,107,final,espn
espn:401585266,2023-24,2024-01-26,2024-01-27T01:00Z,ORL,MEM,106,107,final,espn
espn:401585267,2023-24,2024-01-26,2024-01-27T01:00Z,CLE,MIL,112,100,final,espn
espn:401585268,2023-24,2024-01-26,2024-01-27T01:00Z,OKC,NOP,107,83,final,espn
espn:401585269,2023-24,2024-01-26,2024-01-27T02:30Z,POR,SAS,100,116,final,espn
espn:401585270,2023-24,2024-01-27,2024-01-27T17:00Z,WAS,DET,118,104,final,espn
espn:401585271,2023-24,2024-01-27,2024-01-27T20:00Z,MIA,NYK,109,125,final,espn
espn:401585272,2023-24,2024-01-27,2024-01-27T22:30Z,PHI,DEN,105,111,final,espn
espn:401585273,2023-24,2024-01-27,2024-01-27T23:00Z,HOU,BKN,104,106,final,espn
espn:401585274,2023-24,2024-01-27,2024-01-28T00:00Z,LAC,BOS,115,96,final,espn
espn:401585275,2023-24,2024-01-27,2024-01-28T00:00Z,UTA,CHA,134,122,final,espn
espn:401585276,2023-24,2024-01-27,2024-01-28T01:00Z,NOP,MIL,117,141,final,espn
espn:401585277,2023-24,2024-01-27,2024-01-28T01:30Z,MIN,SAS,112,113,final,espn
espn:401585278,2023-24,2024-01-27,2024-01-28T01:30Z,LAL,GSW,145,144,final,espn
espn:401585279,2023-24,2024-01-27,2024-01-28T02:00Z,SAC,DAL,120,115,final,espn
espn:401585280,2023-24,2024-01-28,2024-01-28T20:30Z,MEM,IND,110,116,final,espn
espn:401585281,2023-24,2024-01-28,2024-01-28T23:00Z,TOR,ATL,125,126,final,espn
espn:401585282,2023-24,2024-01-28,2024-01-28T19:00Z,OKC,DET,104,120,final,espn
espn:401585283,2023-24,2024-01-28,2024-01-28T23:00Z,PHX,ORL,98,113,final,espn
espn:401585284,2023-24,2024-01-28,2024-01-29T02:00Z,CHI,POR,104,96,final,espn
espn:401585285,2023-24,2024-01-29,2024-01-30T00:00Z,NYK,CHA,113,92,final,espn
espn:401585286,2023-24,2024-01-29,2024-01-30T00:00Z,LAC,CLE,108,118,final,espn
espn:401585287,2023-24,2024-01-29,2024-01-30T00:30Z,NOP,BOS,112,118,final,espn
espn:401585288,2023-24,2024-01-29,2024-01-30T00:30Z,UTA,BKN,114,147,final,espn
espn:401585289,2023-24,2024-01-29,2024-01-30T00:30Z,PHX,MIA,118,105,final,espn
espn:401585290,2023-24,2024-01-29,2024-01-30T01:00Z,LAL,HOU,119,135,final,espn
espn:401585291,2023-24,2024-01-29,2024-01-30T01:00Z,SAC,MEM,103,94,final,espn
espn:401585292,2023-24,2024-01-29,2024-01-30T01:00Z,MIN,OKC,107,101,final,espn
espn:401585293,2023-24,2024-01-29,2024-01-30T01:00Z,WAS,SAS,118,113,final,espn
espn:401585294,2023-24,2024-01-29,2024-01-30T01:30Z,ORL,DAL,129,131,final,espn
espn:401585295,2023-24,2024-01-29,2024-01-30T02:00Z,MIL,DEN,107,113,final,espn
espn:401585296,2023-24,2024-01-29,2024-01-30T03:00Z,PHI,POR,104,130,final,espn
espn:401585297,2023-24,2024-01-30,2024-01-31T00:30Z,LAL,ATL,122,138,final,espn
espn:401585298,2023-24,2024-01-30,2024-01-31T00:30Z,IND,BOS,124,129,final,espn
espn:401585299,2023-24,2024-01-30,2024-01-31T00:30Z,UTA,NYK,103,118,final,espn
espn:401585300,2023-24,2024-01-30,2024-01-31T01:00Z,TOR,CHI,118,107,final,espn
espn:401585301,2023-24,2024-01-30,2024-01-31T03:00Z,PHI,GSW,107,119,final,espn
espn:401585302,2023-24,2024-01-31,2024-02-01T00:00Z,CHI,CHA,117,110,final,espn
espn:401585303,2023-24,2024-01-31,2024-02-01T00:00Z,DET,CLE,121,128,final,espn
espn:401585304,2023-24,2024-01-31,2024-02-01T00:00Z,LAC,WAS,125,109,final,espn
espn:401585305,2023-24,2024-01-31,2024-02-01T01:30Z,PHX,BKN,136,120,final,espn
espn:401585306,2023-24,2024-01-31,2024-02-01T00:30Z,SAC,MIA,106,115,final,espn
espn:401585307,2023-24,2024-01-31,2024-02-01T01:00Z,NOP,HOU,110,99,final,espn
espn:401585308,2023-24,2024-01-31,2024-02-01T01:00Z,DAL,MIN,87,121,final,espn
espn:401585309,2023-24,2024-01-31,2024-02-01T01:00Z,ORL,SAS,108,98,final,espn
espn:401585310,2023-24,2024-01-31,2024-02-01T01:00Z,DEN,OKC,100,105,final,espn
espn:401585311,2023-24,2024-01-31,2024-02-01T03:00Z,MIL,POR,116,119,final,espn
espn:401585312,2023-24,2024-02-01,2024-02-02T00:30Z,LAL,BOS,114,105,final,espn
espn:401585313,2023-24,2024-02-01,2024-02-02T00:30Z,IND,NYK,105,109,final,espn
espn:401585314,2023-24,2024-02-01,2024-02-02T03:00Z,PHI,UTA,127,124,final,espn
espn:401585315,2023-24,2024-02-01,2024-02-02T01:00Z,CLE,MEM,108,101,final,espn
espn:401585316,2023-24,2024-02-02,2024-02-03T00:00Z,LAC,DET,136,125,final,espn
espn:401585317,2023-24,2024-02-02,2024-02-03T00:00Z,MIA,WAS,110,102,final,espn
espn:401585318,2023-24,2024-02-02,2024-02-03T00:30Z,PHX,ATL,120,129,final,espn
espn:401585319,2023-24,2024-02-02,2024-02-03T00:30Z,SAC,IND,133,122,final,espn
espn:401585320,2023-24,2024-02-02,2024-02-03T01:00Z,TOR,HOU,106,135,final,espn
espn:401585321,2023-24,2024-02-02,2024-02-03T01:00Z,GSW,MEM,121,101,final,espn
espn:401585322,2023-24,2024-02-02,2024-02-03T01:00Z,ORL,MIN,108,106,final,espn
espn:401585323,2023-24,2024-02-02,2024-02-03T01:00Z,CHA,OKC,106,126,final,espn
espn:401585324,2023-24,2024-02-02,2024-02-03T01:00Z,NOP,SAS,114,113,final,espn
espn:401585325,2023-24,2024-02-02,2024-02-03T02:00Z,POR,DEN,108,120,final,espn
espn:401585326,2023-24,2024-02-03,2024-02-03T23:00Z,BKN,PHI,136,121,final,espn
espn:401585327,2023-24,2024-02-03,2024-02-04T00:30Z,GSW,ATL,134,141,final,espn
espn:401585328,2023-24,2024-02-03,2024-02-04T01:00Z,SAC,CHI,123,115,final,espn
espn:401585329,2023-24,2024-02-03,2024-02-04T01:30Z,LAL,NYK,113,105,final,espn
espn:401585330,2023-24,2024-02-03,2024-02-04T01:30Z,MIL,DAL,129,117,final,espn
espn:401585331,2023-24,2024-02-03,2024-02-04T01:30Z,CLE,SAS,117,101,final,espn
espn:401585332,2023-24,2024-02-04,2024-02-04T20:00Z,ORL,DET,111,99,final,espn
espn:401585333,2023-24,2024-02-04,2024-02-04T20:30Z,PHX,WAS,140,112,final,espn
espn:401585334,2023-24,2024-02-04,2024-02-04T23:00Z,MEM,BOS,91,131,final,espn
espn:401585335,2023-24,2024-02-04,2024-02-04T23:00Z,IND,CHA,115,99,final,espn
espn:401585336,2023-24,2024-02-04,2024-02-04T23:17Z,LAC,MIA,103,95,final,espn
espn:401585337,2023-24,2024-02-04,2024-02-05T00:00Z,HOU,MIN,90,111,final,espn
espn:401585338,2023-24,2024-02-04,2024-02-05T00:00Z,TOR,OKC,127,135,final,espn
espn:401585339,2023-24,2024-02-04,2024-02-05T01:00Z,MIL,UTA,108,123,final,espn
espn:401585340,2023-24,2024-02-04,2024-02-05T01:30Z,POR,DEN,103,112,final,espn
espn:401585341,2023-24,2024-02-05,2024-02-06T00:00Z,LAL,CHA,124,118,final,espn
espn:401585342,2023-24,2024-02-05,2024-02-06T00:00Z,SAC,CLE,110,136,final,espn
espn:401585343,2023-24,2024-02-05,2024-02-06T00:00Z,DAL,PHI,118,102,final,espn
espn:401585344,2023-24,2024-02-05,2024-02-06T00:30Z,LAC,ATL,149,144,final,espn
espn:401585345,2023-24,2024-02-05,2024-02-06T00:30Z,GSW,BKN,109,98,final,espn
espn:401585346,2023-24,2024-02-05,2024-02-06T01:00Z,TOR,NOP,100,138,final,espn
espn:401585347,2023-24,2024-02-06,2024-02-07T00:00Z,HOU,IND,129,132,final,espn
espn:401585348,2023-24,2024-02-06,2024-02-07T00:30Z,DAL,BKN,119,107,final,espn
espn:401585349,2023-24,2024-02-06,2024-02-07T00:30Z,ORL,MIA,95,121,final,espn
espn:401585350,2023-24,2024-02-06,2024-02-07T00:30Z,MEM,NYK,113,123,final,espn
espn:401585351,2023-24,2024-02-06,2024-02-07T01:00Z,MIN,CHI,123,129,final,espn
espn:401585352,2023-24,2024-02-06,2024-02-07T02:00Z,OKC,UTA,117,124,final,espn
espn:401585353,2023-24,2024-02-06,2024-02-07T03:00Z,MIL,PHX,106,114,final,espn
espn:401585354,2023-24,2024-02-07,2024-02-08T00:00Z,TOR,CHA,123,117,final,espn
espn:401585355,2023-24,2024-02-07,2024-02-08T00:30Z,GSW,PHI,127,104,final,espn
espn:401585356,2023-24,2024-02-07,2024-02-08T00:00Z,CLE,WAS,114,106,final,espn
espn:401585357,2023-24,2024-02-07,2024-02-08T00:30Z,ATL,BOS,117,125,final,espn
espn:401585358,2023-24,2024-02-07,2024-02-08T00:30Z,SAS,MIA,104,116,final,espn
espn:401585359,2023-24,2024-02-07,2024-02-08T03:00Z,NOP,LAC,117,106,final,espn
espn:401585360,2023-24,2024-02-07,2024-02-08T03:00Z,DET,SAC,133,120,final,espn
espn:401585361,2023-24,2024-02-08,2024-02-09T00:00Z,GSW,IND,131,109,final,espn
espn:401585362,2023-24,2024-02-08,2024-02-09T00:00Z,SAS,ORL,111,127,final,espn
espn:401585363,2023-24,2024-02-08,2024-02-09T00:30Z,CLE,BKN,118,95,final,espn
espn:401585364,2023-24,2024-02-08,2024-02-09T00:30Z,DAL,NYK,122,108,final,espn
espn:401585365,2023-24,2024-02-08,2024-02-09T01:00Z,CHI,MEM,118,110,final,espn
espn:401585366,2023-24,2024-02-08,2024-02-09T01:00Z,MIN,MIL,129,105,final,espn
espn:401585367,2023-24,2024-02-08,2024-02-09T02:00Z,UTA,PHX,115,129,final,espn
espn:401585368,2023-24,2024-02-08,2024-02-09T03:00Z,DEN,LAL,114,106,final,espn
espn:401585369,2023-24,2024-02-08,2024-02-09T03:00Z,DET,POR,128,122,final,espn
espn:401585370,2023-24,2024-02-09,2024-02-10T00:00Z,ATL,PHI,127,121,final,espn
espn:401585371,2023-24,2024-02-09,2024-02-10T00:30Z,WAS,BOS,129,133,final,espn
espn:401585372,2023-24,2024-02-09,2024-02-10T00:30Z,HOU,TOR,104,107,final,espn
espn:401585373,2023-24,2024-02-09,2024-02-10T01:00Z,CHA,MIL,84,120,final,espn
espn:401585374,2023-24,2024-02-09,2024-02-10T03:00Z,DEN,SAC,106,135,final,espn
espn:401585375,2023-24,2024-02-09,2024-02-10T03:30Z,NOP,LAL,122,139,final,espn
espn:401585376,2023-24,2024-02-10,2024-02-10T20:00Z,OKC,DAL,111,146,final,espn
espn:401585377,2023-24,2024-02-10,2024-02-10T20:30Z,DET,LAC,106,112,final,espn
espn:401585378,2023-24,2024-02-10,2024-02-10T23:00Z,SAS,BKN,103,123,final,espn
espn:401585379,2023-24,2024-02-10,2024-02-11T00:00Z,MEM,CHA,106,115,final,espn
espn:401585380,2023-24,2024-02-10,2024-02-11T00:00Z,CHI,ORL,108,114,final,espn
espn:401585381,2023-24,2024-02-10,2024-02-11T00:00Z,PHI,WAS,119,113,final,espn
espn:401585382,2023-24,2024-02-10,2024-02-11T00:30Z,HOU,ATL,113,122,final,espn
espn:401585383,2023-24,2024-02-10,2024-02-11T00:30Z,IND,NYK,125,111,final,espn
espn:401585384,2023-24,2024-02-10,2024-02-11T00:30Z,CLE,TOR,119,95,final,espn
espn:401585385,2023-24,2024-02-10,2024-02-11T01:30Z,PHX,GSW,112,113,final,espn
espn:401585386,2023-24,2024-02-10,2024-02-11T03:00Z,NOP,POR,93,84,final,espn
espn:401585387,2023-24,2024-02-11,2024-02-11T19:00Z,BOS,MIA,110,106,final,espn
espn:401585388,2023-24,2024-02-11,2024-02-11T20:00Z,SAC,OKC,113,127,final,espn
espn:401585389,2023-24,2024-02-12,2024-02-13T00:00Z,IND,CHA,102,111,final,espn
espn:401585390,2023-24,2024-02-12,2024-02-13T00:00Z,PHI,CLE,123,121,final,espn
espn:401585391,2023-24,2024-02-12,2024-02-13T00:30Z,CHI,ATL,136,126,final,espn
espn:401585392,2023-24,2024-02-12,2024-02-13T00:30Z,SAS,TOR,122,99,final,espn
espn:401585393,2023-24,2024-02-12,2024-02-13T01:00Z,NYK,HOU,103,105,final,espn
espn:401585394,2023-24,2024-02-12,2024-02-13T01:00Z,NOP,MEM,96,87,final,espn
espn:401585395,2023-24,2024-02-12,2024-02-13T01:00Z,DEN,MIL,95,112,final,espn
espn:401585396,2023-24,2024-02-12,2024-02-13T01:30Z,WAS,DAL,104,112,final,espn
espn:401585397,2023-24,2024-02-12,2024-02-13T02:00Z,GSW,UTA,129,107,final,espn
espn:401585398,2023-24,2024-02-12,2024-02-13T03:30Z,MIN,LAC,121,100,final,espn
espn:401585399,2023-24,2024-02-13,2024-02-14T00:30Z,BOS,BKN,118,110,final,espn
espn:401585400,2023-24,2024-02-13,2024-02-14T00:30Z,OKC,ORL,127,113,final,espn
espn:401585401,2023-24,2024-02-13,2024-02-14T01:00Z,MIA,MIL,123,97,final,espn
espn:401585402,2023-24,2024-02-13,2024-02-14T03:00Z,SAC,PHX,125,130,final,espn
espn:401585403,2023-24,2024-02-13,2024-02-14T03:00Z,MIN,POR,121,109,final,espn
espn:401585404,2023-24,2024-02-13,2024-02-14T03:30Z,DET,LAL,111,125,final,espn
espn:401585405,2023-24,2024-02-14,2024-02-15T00:00Z,ATL,CHA,99,122,final,espn
espn:401585406,2023-24,2024-02-14,2024-02-15T00:00Z,NYK,ORL,100,118,final,espn
espn:401585407,2023-24,2024-02-14,2024-02-15T00:00Z,MIA,PHI,109,104,final,espn
espn:401585408,2023-24,2024-02-14,2024-02-15T00:30Z,BKN,BOS,86,136,final,espn
espn:401585409,2023-24,2024-02-14,2024-02-15T00:30Z,CHI,CLE,105,108,final,espn
espn:401585410,2023-24,2024-02-14,2024-02-15T00:30Z,IND,TOR,127,125,final,espn
espn:401585411,2023-24,2024-02-14,2024-02-15T01:00Z,HOU,MEM,113,121,final,espn
espn:401585412,2023-24,2024-02-14,2024-02-15T01:00Z,WAS,NOP,126,133,final,espn
espn:401585413,2023-24,2024-02-14,2024-02-15T01:30Z,SAS,DAL,93,116,final,espn
espn:401585414,2023-24,2024-02-14,2024-02-15T02:00Z,SAC,DEN,102,98,final,espn
espn:401585415,2023-24,2024-02-14,2024-02-15T02:00Z,DET,PHX,100,116,final,espn
espn:401585416,2023-24,2024-02-14,2024-02-15T02:00Z,LAL,UTA,138,122,final,espn
espn:401585417,2023-24,2024-02-14,2024-02-15T03:00Z,LAC,GSW,130,125,final,espn
espn:401585418,2023-24,2024-02-15,2024-02-16T01:30Z,MIL,MEM,110,113,final,espn
espn:401585419,2023-24,2024-02-15,2024-02-16T03:00Z,MIN,POR,128,91,final,espn
espn:401636113,2023-24,2024-02-15,2024-02-16T02:00Z,GSW,UTA,140,137,final,espn
espn:401585420,2023-24,2024-02-22,2024-02-23T00:00Z,ORL,CLE,116,109,final,espn
espn:401585421,2023-24,2024-02-22,2024-02-23T00:00Z,DET,IND,115,129,final,espn
espn:401585422,2023-24,2024-02-22,2024-02-23T00:00Z,NYK,PHI,110,96,final,espn
espn:401585423,2023-24,2024-02-22,2024-02-23T00:00Z,BKN,TOR,93,121,final,espn
espn:401585424,2023-24,2024-02-22,2024-02-23T00:30Z,PHX,DAL,113,123,final,espn
espn:401585425,2023-24,2024-02-22,2024-02-23T01:00Z,BOS,CHI,129,112,final,espn
espn:401585426,2023-24,2024-02-22,2024-02-23T01:00Z,HOU,NOP,105,127,final,espn
espn:401585427,2023-24,2024-02-22,2024-02-23T01:00Z,LAC,OKC,107,129,final,espn
espn:401585428,2023-24,2024-02-22,2024-02-23T02:00Z,WAS,DEN,110,130,final,espn
espn:401585429,2023-24,2024-02-22,2024-02-23T02:00Z,CHA,UTA,115,107,final,espn
espn:401585430,2023-24,2024-02-22,2024-02-23T03:00Z,LAL,GSW,110,128,final,espn
espn:401585431,2023-24,2024-02-22,2024-02-23T03:00Z,SAS,SAC,122,127,final,espn
espn:401585432,2023-24,2024-02-23,2024-02-24T00:30Z,TOR,ATL,123,121,final,espn
espn:401585433,2023-24,2024-02-23,2024-02-24T00:30Z,CLE,PHI,97,104,final,espn
espn:401585434,2023-24,2024-02-23,2024-02-24T01:00Z,PHX,HOU,110,114,final,espn
espn:401585435,2023-24,2024-02-23,2024-02-24T01:00Z,LAC,MEM,101,95,final,espn
espn:401585436,2023-24,2024-02-23,2024-02-24T03:00Z,MIL,MIN,112,107,final,espn
espn:401585437,2023-24,2024-02-23,2024-02-24T01:00Z,WAS,OKC,106,147,final,espn
espn:401585438,2023-24,2024-02-23,2024-02-24T01:00Z,MIA,NOP,106,95,final,espn
espn:401585439,2023-24,2024-02-23,2024-02-24T03:00Z,CHA,GSW,84,97,final,espn
espn:401585440,2023-24,2024-02-23,2024-02-24T03:00Z,DEN,POR,127,112,final,espn
espn:401585441,2023-24,2024-02-23,2024-02-24T03:30Z,SAS,LAL,118,123,final,espn
espn:401585442,2023-24,2024-02-24,2024-02-25T01:00Z,ORL,DET,112,109,final,espn
espn:401585443,2023-24,2024-02-24,2024-02-25T02:00Z,BKN,MIN,86,101,final,espn
espn:401585444,2023-24,2024-02-24,2024-02-25T01:30Z,BOS,NYK,116,102,final,espn
espn:401585445,2023-24,2024-02-25,2024-02-25T18:00Z,MIL,PHI,119,98,final,espn
espn:401585446,2023-24,2024-02-25,2024-02-25T20:30Z,LAL,PHX,113,123,final,espn
espn:401585447,2023-24,2024-02-25,2024-02-25T22:00Z,DAL,IND,111,133,final,espn
espn:401585448,2023-24,2024-02-25,2024-02-25T23:00Z,CLE,WAS,114,105,final,espn
espn:401585449,2023-24,2024-02-25,2024-02-26T00:00Z,ORL,ATL,92,109,final,espn
espn:401585450,2023-24,2024-02-25,2024-02-26T00:00Z,OKC,HOU,123,110,final,espn
espn:401585451,2023-24,2024-02-25,2024-02-26T00:00Z,CHI,NOP,114,106,final,espn
espn:401585452,2023-24,2024-02-25,2024-02-26T00:00Z,DEN,GSW,119,103,final,espn
espn:401585453,2023-24,2024-02-25,2024-02-26T01:00Z,SAS,UTA,109,128,final,espn
espn:401585454,2023-24,2024-02-25,2024-02-26T02:00Z,CHA,POR,93,80,final,espn
espn:401585455,2023-24,2024-02-25,2024-02-26T02:30Z,SAC,LAC,123,107,final,espn
espn:401585456,2023-24,2024-02-26,2024-02-27T00:30Z,DET,NYK,111,113,final,espn
espn:401585457,2023-24,2024-02-26,2024-02-27T00:00Z,TOR,IND,130,122,final,espn
espn:401585458,2023-24,2024-02-26,2024-02-27T01:00Z,BKN,MEM,111,86,final,espn
espn:401585459,2023-24,2024-02-26,2024-02-27T03:00Z,MIA,SAC,121,110,final,espn
espn:401585460,2023-24,2024-02-27,2024-02-28T00:00Z,DAL,CLE,119,121,final,espn
espn:401585461,2023-24,2024-02-27,2024-02-28T00:00Z,BKN,ORL,81,108,final,espn
espn:401585462,2023-24,2024-02-27,2024-02-28T00:00Z,GSW,WAS,123,112,final,espn
espn:401585463,2023-24,2024-02-27,2024-02-28T00:30Z,UTA,ATL,97,124,final,espn
espn:401585464,2023-24,2024-02-27,2024-02-28T00:30Z,PHI,BOS,99,117,final,espn
espn:401585465,2023-24,2024-02-27,2024-02-28T00:30Z,NOP,NYK,115,92,final,espn
espn:401585466,2023-24,2024-02-27,2024-02-28T01:00Z,SAS,MIN,105,114,final,espn
espn:401585467,2023-24,2024-02-27,2024-02-28T01:00Z,DET,CHI,105,95,final,espn
espn:401585468,2023-24,2024-02-27,2024-02-28T01:00Z,CHA,MIL,85,123,final,espn
espn:401585469,2023-24,2024-02-27,2024-02-28T03:00Z,HOU,OKC,95,112,final,espn
espn:401585470,2023-24,2024-02-27,2024-02-28T03:00Z,MIA,POR,106,96,final,espn
espn:401585471,2023-24,2024-02-28,2024-02-29T00:30Z,NOP,IND,114,123,final,espn
espn:401585472,2023-24,2024-02-28,2024-02-29T00:30Z,DAL,TOR,136,125,final,espn
espn:401585473,2023-24,2024-02-28,2024-02-29T01:00Z,MEM,MIN,101,110,final,espn
espn:401585474,2023-24,2024-02-28,2024-02-29T01:00Z,CLE,CHI,123,132,final,espn
espn:401585475,2023-24,2024-02-28,2024-02-29T02:00Z,SAC,DEN,96,117,final,espn
espn:401585476,2023-24,2024-02-28,2024-02-29T03:00Z,LAL,LAC,116,112,final,espn
espn:401585477,2023-24,2024-02-29,2024-03-01T00:00Z,MIL,CHA,111,99,final,espn
espn:401585478,2023-24,2024-02-29,2024-03-01T00:00Z,UTA,ORL,107,115,final,espn
espn:401585479,2023-24,2024-02-29,2024-03-01T00:30Z,ATL,BKN,97,124,final,espn
espn:401585480,2023-24,2024-02-29,2024-03-01T00:30Z,GSW,NYK,110,99,final,espn
espn:401585481,2023-24,2024-02-29,2024-03-01T01:30Z,OKC,SAS,118,132,final,espn
espn:401585482,2023-24,2024-02-29,2024-03-01T02:00Z,HOU,PHX,105,110,final,espn
espn:401585483,2023-24,2024-02-29,2024-03-01T03:00Z,MIA,DEN,97,103,final,espn
espn:401585484,2023-24,2024-02-29,2024-03-01T03:30Z,WAS,LAL,131,134,final,espn
espn:401585485,2023-24,2024-03-01,2024-03-02T00:00Z,CLE,DET,110,100,final,espn
espn:401585486,2023-24,2024-03-01,2024-03-02T00:00Z,CHA,PHI,114,121,final,espn
espn:401585487,2023-24,2024-03-01,2024-03-02T00:30Z,DAL,BOS,110,138,final,espn
espn:401585488,2023-24,2024-03-01,2024-03-02T00:30Z,GSW,TOR,120,105,final,espn
espn:401585489,2023-24,2024-03-01,2024-03-02T01:00Z,POR,MEM,122,92,final,espn
espn:401585490,2023-24,2024-03-01,2024-03-02T01:00Z,SAC,MIN,124,120,final,espn
espn:401585491,2023-24,2024-03-01,2024-03-02T01:00Z,IND,NOP,102,129,final,espn
espn:401585492,2023-24,2024-03-01,2024-03-02T03:00Z,MIL,CHI,113,97,final,espn
espn:401585493,2023-24,2024-03-01,2024-03-02T03:30Z,WAS,LAC,115,140,final,espn
espn:401585494,2023-24,2024-03-02,2024-03-02T20:00Z,ATL,BKN,102,114,final,espn
espn:401585495,2023-24,2024-03-02,2024-03-02T22:00Z,UTA,MIA,120,126,final,espn
espn:401585496,2023-24,2024-03-02,2024-03-03T01:00Z,POR,MEM,107,100,final,espn
espn:401585497,2023-24,2024-03-02,2024-03-03T01:30Z,DEN,LAL,124,114,final,espn
espn:401585498,2023-24,2024-03-02,2024-03-03T02:00Z,HOU,PHX,118,109,final,espn
espn:401585499,2023-24,2024-03-03,2024-03-03T18:00Z,PHI,DAL,120,116,final,espn
espn:401585500,2023-24,2024-03-03,2024-03-03T20:30Z,GSW,BOS,88,140,final,espn
espn:401585501,2023-24,2024-03-03,2024-03-03T20:30Z,LAC,MIN,89,88,final,espn
espn:401585502,2023-24,2024-03-03,2024-03-03T23:00Z,DET,ORL,91,113,final,espn
espn:401585503,2023-24,2024-03-03,2024-03-03T23:00Z,CHA,TOR,106,111,final,espn
espn:401585504,2023-24,2024-03-03,2024-03-04T00:00Z,NYK,CLE,107,98,final,espn
espn:401585505,2023-24,2024-03-03,2024-03-04T00:00Z,IND,SAS,105,117,final,espn
espn:401585506,2023-24,2024-03-03,2024-03-04T02:30Z,OKC,PHX,118,110,final,espn
espn:401585507,2023-24,2024-03-04,2024-03-05T00:30Z,MEM,BKN,106,102,final,espn
espn:401585508,2023-24,2024-03-04,2024-03-05T01:00Z,LAC,MIL,106,113,final,espn
espn:401585509,2023-24,2024-03-04,2024-03-05T01:00Z,POR,MIN,114,119,final,espn
espn:401585510,2023-24,2024-03-04,2024-03-05T02:00Z,WAS,UTA,115,127,final,espn
espn:401585511,2023-24,2024-03-04,2024-03-05T03:00Z,CHI,SAC,113,109,final,espn
espn:401585512,2023-24,2024-03-04,2024-03-05T03:30Z,OKC,LAL,104,116,final,espn
espn:401585513,2023-24,2024-03-05,2024-03-06T00:00Z,ORL,CHA,101,89,final,espn
espn:401585514,2023-24,2024-03-05,2024-03-06T00:30Z,BOS,CLE,104,105,final,espn
espn:401585515,2023-24,2024-03-05,2024-03-06T00:30Z,PHI,BKN,107,112,final,espn
espn:401585516,2023-24,2024-03-05,2024-03-06T00:30Z,DET,MIA,110,118,final,espn
espn:401585517,2023-24,2024-03-05,2024-03-06T00:30Z,ATL,NYK,116,100,final,espn
espn:401585518,2023-24,2024-03-05,2024-03-06T00:30Z,NOP,TOR,139,98,final,espn
espn:401585519,2023-24,2024-03-05,2024-03-06T01:00Z,SAS,HOU,101,114,final,espn
espn:401585520,2023-24,2024-03-05,2024-03-06T01:30Z,IND,DAL,137,120,final,espn
espn:401585521,2023-24,2024-03-05,2024-03-06T03:00Z,PHX,DEN,117,107,final,espn
espn:401585522,2023-24,2024-03-06,2024-03-07T00:00Z,ORL,WAS,119,109,final,espn
espn:401585523,2023-24,2024-03-06,2024-03-07T00:30Z,CLE,ATL,101,112,final,espn
espn:401585524,2023-24,2024-03-06,2024-03-07T00:30Z,MEM,PHI,115,109,final,espn
espn:401585525,2023-24,2024-03-06,2024-03-07T00:30Z,LAC,HOU,122,116,final,espn
espn:401585526,2023-24,2024-03-06,2024-03-07T02:00Z,CHI,UTA,119,117,final,espn
espn:401585527,2023-24,2024-03-06,2024-03-07T03:00Z,MIL,GSW,90,125,final,espn
espn:401585528,2023-24,2024-03-06,2024-03-07T03:00Z,OKC,POR,128,120,final,espn
espn:401585529,2023-24,2024-03-06,2024-03-07T03:30Z,SAC,LAL,130,120,final,espn
espn:401585530,2023-24,2024-03-07,2024-03-08T00:00Z,BKN,DET,112,118,final,espn
espn:401585531,2023-24,2024-03-07,2024-03-08T00:00Z,MIN,IND,113,111,final,espn
espn:401585532,2023-24,2024-03-07,2024-03-08T00:30Z,MIA,DAL,108,114,final,espn
espn:401585533,2023-24,2024-03-07,2024-03-08T02:00Z,TOR,PHX,113,120,final,espn
espn:401585534,2023-24,2024-03-07,2024-03-08T03:00Z,BOS,DEN,109,115,final,espn
espn:401585535,2023-24,2024-03-07,2024-03-08T03:00Z,CHI,GSW,125,122,final,espn
espn:401585536,2023-24,2024-03-07,2024-03-08T03:00Z,SAS,SAC,129,131,final,espn
espn:401585537,2023-24,2024-03-08,2024-03-09T00:00Z,NOP,PHI,103,95,final,espn
espn:401585538,2023-24,2024-03-08,2024-03-09T00:00Z,CHA,WAS,100,112,final,espn
espn:401585539,2023-24,2024-03-08,2024-03-09T00:30Z,MIN,CLE,104,113,final,espn
espn:401585540,2023-24,2024-03-08,2024-03-09T00:30Z,ORL,NYK,74,98,final,espn
espn:401585541,2023-24,2024-03-08,2024-03-09T01:00Z,ATL,MEM,99,92,final,espn
espn:401585542,2023-24,2024-03-08,2024-03-09T01:00Z,MIA,OKC,100,107,final,espn
espn:401585543,2023-24,2024-03-08,2024-03-09T03:00Z,MIL,LAL,122,123,final,espn
espn:401585544,2023-24,2024-03-08,2024-03-09T03:00Z,HOU,POR,123,107,final,espn
espn:401585545,2023-24,2024-03-09,2024-03-09T21:00Z,CHI,LAC,102,112,final,espn
espn:401585546,2023-24,2024-03-09,2024-03-10T00:00Z,BKN,CHA,99,110,final,espn
espn:401585547,2023-24,2024-03-09,2024-03-10T00:00Z,DAL,DET,142,124,final,espn
espn:401585548,2023-24,2024-03-09,2024-03-10T01:30Z,BOS,PHX,117,107,final,espn
espn:401585549,2023-24,2024-03-09,2024-03-10T01:30Z,SAS,GSW,126,113,final,espn
espn:401585550,2023-24,2024-03-09,2024-03-10T02:00Z,UTA,DEN,121,142,final,espn
espn:401585551,2023-24,2024-03-09,2024-03-10T03:00Z,TOR,POR,118,128,final,espn
espn:401585552,2023-24,2024-03-10,2024-03-10T19:00Z,MIL,LAC,124,117,final,espn
espn:401585553,2023-24,2024-03-10,2024-03-10T22:00Z,NOP,ATL,116,103,final,espn
espn:401585554,2023-24,2024-03-10,2024-03-10T22:00Z,WAS,MIA,110,108,final,espn
espn:401585555,2023-24,2024-03-10,2024-03-10T23:00Z,PHI,NYK,79,73,final,espn
espn:401585556,2023-24,2024-03-10,2024-03-10T22:00Z,IND,ORL,111,97,final,espn
espn:401585557,2023-24,2024-03-10,2024-03-10T22:00Z,HOU,SAC,112,104,final,espn
espn:401585558,2023-24,2024-03-10,2024-03-10T23:00Z,BKN,CLE,120,101,final,espn
espn:401585559,2023-24,2024-03-10,2024-03-10T23:00Z,MEM,OKC,93,124,final,espn
espn:401585560,2023-24,2024-03-10,2024-03-11T01:30Z,MIN,LAL,109,120,final,espn
espn:401585561,2023-24,2024-03-11,2024-03-11T23:00Z,CHA,DET,97,114,final,espn
espn:401585562,2023-24,2024-03-11,2024-03-11T23:30Z,PHX,CLE,117,111,final,espn
espn:401585563,2023-24,2024-03-11,2024-03-12T00:00Z,DAL,CHI,127,92,final,espn
espn:401585564,2023-24,2024-03-11,2024-03-12T00:00Z,GSW,SAS,112,102,final,espn
espn:401585565,2023-24,2024-03-11,2024-03-12T01:00Z,TOR,DEN,119,125,final,espn
espn:401585566,2023-24,2024-03-11,2024-03-12T02:30Z,BOS,POR,121,99,final,espn
espn:401585567,2023-24,2024-03-12,2024-03-12T23:30Z,PHI,NYK,79,106,final,espn
espn:401585568,2023-24,2024-03-12,2024-03-13T00:00Z,WAS,MEM,97,109,final,espn
espn:401585569,2023-24,2024-03-12,2024-03-13T00:00Z,IND,OKC,121,111,final,espn
espn:401585570,2023-24,2024-03-12,2024-03-13T00:30Z,HOU,SAS,103,101,final,espn
espn:401585571,2023-24,2024-03-12,2024-03-13T01:00Z,BOS,UTA,123,107,final,espn
espn:401585572,2023-24,2024-03-12,2024-03-13T02:00Z,MIN,LAC,118,100,final,espn
espn:401585573,2023-24,2024-03-12,2024-03-13T02:00Z,MIL,SAC,94,129,final,espn
espn:401585574,2023-24,2024-03-13,2024-03-13T23:00Z,TOR,DET,104,113,final,espn
espn:401585575,2023-24,2024-03-13,2024-03-13T23:00Z,BKN,ORL,106,114,final,espn
espn:401585576,2023-24,2024-03-13,2024-03-13T23:30Z,CHI,IND,132,129,final,espn
espn:401585577,2023-24,2024-03-13,2024-03-13T23:30Z,DEN,MIA,100,88,final,espn
espn:401585578,2023-24,2024-03-13,2024-03-14T00:00Z,CHA,MEM,110,98,final,espn
espn:401585579,2023-24,2024-03-13,2024-03-14T00:00Z,CLE,NOP,116,95,final,espn
espn:401585580,2023-24,2024-03-13,2024-03-14T00:30Z,GSW,DAL,99,109,final,espn
espn:401585581,2023-24,2024-03-13,2024-03-14T02:00Z,ATL,POR,102,106,final,espn
espn:401585582,2023-24,2024-03-13,2024-03-14T02:00Z,LAL,SAC,107,120,final,espn
espn:401585583,2023-24,2024-03-14,2024-03-14T23:30Z,PHX,BOS,112,127,final,espn
espn:401585584,2023-24,2024-03-14,2024-03-15T00:00Z,LAC,CHI,126,111,final,espn
espn:401585585,2023-24,2024-03-14,2024-03-15T00:00Z,WAS,HOU,119,135,final,espn
espn:401585586,2023-24,2024-03-14,2024-03-15T00:00Z,PHI,MIL,105,114,final,espn
espn:401585587,2023-24,2024-03-14,2024-03-15T02:00Z,DAL,OKC,119,126,final,espn
espn:401585588,2023-24,2024-03-14,2024-03-15T02:00Z,NYK,POR,105,93,final,espn
espn:401585589,2023-24,2024-03-15,2024-03-15T23:00Z,PHX,CHA,107,96,final,espn
espn:401585590,2023-24,2024-03-15,2024-03-15T23:00Z,MIA,DET,108,95,final,espn
espn:401585591,2023-24,2024-03-15,2024-03-15T23:30Z,ORL,TOR,113,103,final,espn
espn:401585592,2023-24,2024-03-15,2024-03-16T00:00Z,LAC,NOP,104,112,final,espn
espn:401585593,2023-24,2024-03-15,2024-03-16T00:30Z,DEN,SAS,117,106,final,espn
espn:401585594,2023-24,2024-03-15,2024-03-16T01:30Z,ATL,UTA,122,124,final,espn
espn:401585595,2023-24,2024-03-16,2024-03-16T21:00Z,CLE,HOU,103,117,final,espn
espn:401585596,2023-24,2024-03-16,2024-03-16T23:00Z,BKN,IND,100,121,final,espn
espn:401585597,2023-24,2024-03-16,2024-03-16T23:00Z,CHA,PHI,98,109,final,espn
espn:401585598,2023-24,2024-03-16,2024-03-16T23:00Z,POR,NOP,107,126,final,espn
espn:401585599,2023-24,2024-03-16,2024-03-17T00:00Z,WAS,CHI,98,127,final,espn
espn:401585600,2023-24,2024-03-16,2024-03-17T00:00Z,OKC,MEM,118,112,final,espn
espn:401585601,2023-24,2024-03-16,2024-03-17T00:30Z,GSW,LAL,128,121,final,espn
espn:401585602,2023-24,2024-03-16,2024-03-17T01:30Z,MIN,UTA,119,100,final,espn
espn:401585603,2023-24,2024-03-16,2024-03-17T02:00Z,NYK,SAC,98,91,final,espn
espn:401585604,2023-24,2024-03-17,2024-03-17T17:00Z,PHX,MIL,129,140,final,espn
espn:401585605,2023-24,2024-03-17,2024-03-17T19:00Z,MIA,DET,104,101,final,espn
espn:401585606,2023-24,2024-03-17,2024-03-17T19:30Z,DEN,DAL,105,107,final,espn
espn:401585607,2023-24,2024-03-17,2024-03-17T22:00Z,TOR,ORL,96,111,final,espn
espn:401585608,2023-24,2024-03-17,2024-03-17T22:00Z,BOS,WAS,130,104,final,espn
espn:401585609,2023-24,2024-03-17,2024-03-17T23:00Z,BKN,SAS,115,122,final,espn
espn:401585610,2023-24,2024-03-17,2024-03-18T01:30Z,ATL,LAC,110,93,final,espn
espn:401585611,2023-24,2024-03-18,2024-03-18T23:00Z,CLE,IND,108,103,final,espn
espn:401585612,2023-24,2024-03-18,2024-03-18T23:30Z,DET,BOS,94,119,final,espn
espn:401585613,2023-24,2024-03-18,2024-03-18T23:30Z,MIA,PHI,91,98,final,espn
espn:401585614,2023-24,2024-03-18,2024-03-19T00:00Z,POR,CHI,107,110,final,espn
espn:401585615,2023-24,2024-03-18,2024-03-19T01:00Z,MIN,UTA,114,104,final,espn
espn:401585616,2023-24,2024-03-18,2024-03-19T02:00Z,NYK,GSW,119,112,final,espn
espn:401585617,2023-24,2024-03-18,2024-03-19T02:00Z,MEM,SAC,111,121,final,espn
espn:401585618,2023-24,2024-03-18,2024-03-19T02:30Z,ATL,LAL,105,136,final,espn
espn:401585619,2023-24,2024-03-19,2024-03-19T23:00Z,CHA,ORL,92,112,final,espn
espn:401585620,2023-24,2024-03-19,2024-03-19T23:00Z,HOU,WAS,137,114,final,espn
espn:401585621,2023-24,2024-03-19,2024-03-19T23:30Z,NOP,BKN,104,91,final,espn
espn:401585622,2023-24,2024-03-19,2024-03-20T00:00Z,DAL,SAS,113,107,final,espn
espn:401585623,2023-24,2024-03-19,2024-03-20T01:00Z,DEN,MIN,115,112,final,espn
espn:401585624,2023-24,2024-03-20,2024-03-20T23:00Z,MIA,CLE,107,104,final,espn
espn:401585625,2023-24,2024-03-20,2024-03-20T23:00Z,IND,DET,122,103,final,espn
espn:401585626,2023-24,2024-03-20,2024-03-20T23:30Z,MIL,BOS,119,122,final,espn
espn:401585627,2023-24,2024-03-20,2024-03-20T23:30Z,SAC,TOR,123,89,final,espn
espn:401585628,2023-24,2024-03-20,2024-03-21T00:00Z,UTA,OKC,107,119,final,espn
espn:401585629,2023-24,2024-03-20,2024-03-21T02:00Z,MEM,GSW,116,137,final,espn
espn:401585630,2023-24,2024-03-20,2024-03-21T02:00Z,PHI,PHX,102,115,final,espn
espn:401585631,2023-24,2024-03-20,2024-03-21T02:00Z,LAC,POR,116,103,final,espn
espn:401585632,2023-24,2024-03-21,2024-03-21T23:00Z,NOP,ORL,106,121,final,espn
espn:401585633,2023-24,2024-03-21,2024-03-21T23:00Z,SAC,WAS,102,109,final,espn
espn:401585634,2023-24,2024-03-21,2024-03-22T00:00Z,CHI,HOU,117,127,final,espn
espn:401585635,2023-24,2024-03-21,2024-03-22T00:00Z,BKN,MIL,108,115,final,espn
espn:401585636,2023-24,2024-03-21,2024-03-22T00:30Z,UTA,DAL,97,113,final,espn
espn:401585637,2023-24,2024-03-21,2024-03-22T01:00Z,NYK,DEN,100,113,final,espn
espn:401585638,2023-24,2024-03-21,2024-03-22T02:30Z,ATL,PHX,115,128,final,espn
espn:401585639,2023-24,2024-03-22,2024-03-22T23:00Z,BOS,DET,129,102,final,espn
espn:401585640,2023-24,2024-03-22,2024-03-22T23:00Z,OKC,TOR,123,103,final,espn
espn:401585641,2023-24,2024-03-22,2024-03-23T00:00Z,NOP,MIA,111,88,final,espn
espn:401585642,2023-24,2024-03-22,2024-03-23T00:00Z,CLE,MIN,91,104,final,espn
espn:401585643,2023-24,2024-03-22,2024-03-23T00:00Z,MEM,SAS,99,97,final,espn
espn:401585644,2023-24,2024-03-22,2024-03-23T02:00Z,IND,GSW,123,111,final,espn
espn:401585645,2023-24,2024-03-22,2024-03-23T02:00Z,LAC,POR,125,117,final,espn
espn:401585646,2023-24,2024-03-22,2024-03-23T02:30Z,PHI,LAL,94,101,final,espn
espn:401585647,2023-24,2024-03-23,2024-03-23T17:00Z,BKN,NYK,93,105,final,espn
espn:401585648,2023-24,2024-03-23,2024-03-23T23:00Z,SAC,ORL,109,107,final,espn
espn:401585649,2023-24,2024-03-23,2024-03-23T23:30Z,CHA,ATL,91,132,final,espn
espn:401585650,2023-24,2024-03-23,2024-03-24T00:00Z,TOR,WAS,109,112,final,espn
espn:401585651,2023-24,2024-03-23,2024-03-24T00:00Z,BOS,CHI,124,113,final,espn
espn:401585652,2023-24,2024-03-23,2024-03-24T00:00Z,UTA,HOU,119,147,final,espn
espn:401585653,2023-24,2024-03-23,2024-03-24T00:00Z,PHX,SAS,131,106,final,espn
espn:401585654,2023-24,2024-03-23,2024-03-24T02:00Z,DEN,POR,114,111,final,espn
espn:401585655,2023-24,2024-03-24,2024-03-24T19:00Z,NOP,DET,114,101,final,espn
espn:401585656,2023-24,2024-03-24,2024-03-24T19:30Z,PHI,LAC,121,107,final,espn
espn:401585657,2023-24,2024-03-24,2024-03-24T22:00Z,CLE,MIA,84,121,final,espn
espn:401585658,2023-24,2024-03-24,2024-03-24T23:00Z,OKC,MIL,93,118,final,espn
espn:401585659,2023-24,2024-03-24,2024-03-24T23:00Z,GSW,MIN,110,114,final,espn
espn:401585660,2023-24,2024-03-24,2024-03-25T02:00Z,IND,LAL,145,150,final,espn
espn:401585661,2023-24,2024-03-25,2024-03-25T23:00Z,CHA,CLE,92,115,final,espn
espn:401585662,2023-24,2024-03-25,2024-03-25T23:30Z,BOS,ATL,118,120,final,espn
espn:401585663,2023-24,2024-03-25,2024-03-25T23:30Z,DET,NYK,99,124,final,espn
espn:401585664,2023-24,2024-03-25,2024-03-25T23:30Z,BKN,TOR,96,88,final,espn
espn:401585665,2023-24,2024-03-25,2024-03-26T00:00Z,WAS,CHI,107,105,final,espn
espn:401585666,2023-24,2024-03-25,2024-03-26T00:00Z,POR,HOU,92,110,final,espn
espn:401585667,2023-24,2024-03-25,2024-03-26T00:00Z,PHX,SAS,102,104,final,espn
espn:401585668,2023-24,2024-03-25,2024-03-26T01:00Z,MEM,DEN,103,128,final,espn
espn:401585669,2023-24,2024-03-25,2024-03-26T01:00Z,DAL,UTA,115,105,final,espn
espn:401585670,2023-24,2024-03-25,2024-03-26T02:00Z,PHI,SAC,96,108,final,espn
espn:401585671,2023-24,2024-03-25,2024-03-26T02:30Z,IND,LAC,133,116,final,espn
espn:401585672,2023-24,2024-03-26,2024-03-26T23:30Z,GSW,MIA,113,92,final,espn
espn:401585673,2023-24,2024-03-26,2024-03-26T23:30Z,LAL,MIL,128,124,final,espn
espn:401585674,2023-24,2024-03-26,2024-03-27T00:00Z,OKC,NOP,119,112,final,espn
espn:401585675,2023-24,2024-03-26,2024-03-27T02:00Z,DAL,SAC,132,96,final,espn
espn:401585676,2023-24,2024-03-27,2024-03-27T23:00Z,CLE,CHA,111,118,final,espn
espn:401585677,2023-24,2024-03-27,2024-03-27T23:00Z,GSW,ORL,101,93,final,espn
espn:401585678,2023-24,2024-03-27,2024-03-27T23:00Z,BKN,WAS,122,119,final,espn
espn:401585679,2023-24,2024-03-27,2024-03-27T23:30Z,POR,ATL,106,120,final,espn
espn:401585680,2023-24,2024-03-27,2024-03-27T23:30Z,LAC,PHI,108,107,final,espn
espn:401585681,2023-24,2024-03-27,2024-03-27T23:30Z,NYK,TOR,145,101,final,espn
espn:401585682,2023-24,2024-03-27,2024-03-28T00:00Z,IND,CHI,99,125,final,espn
espn:401585683,2023-24,2024-03-27,2024-03-28T00:00Z,LAL,MEM,136,124,final,espn
espn:401585684,2023-24,2024-03-27,2024-03-28T00:00Z,DET,MIN,91,106,final,espn
espn:401585685,2023-24,2024-03-27,2024-03-28T00:00Z,HOU,OKC,132,126,final,espn
espn:401585686,2023-24,2024-03-27,2024-03-28T01:00Z,SAS,UTA,118,111,final,espn
espn:401585687,2023-24,2024-03-27,2024-03-28T02:00Z,PHX,DEN,104,97,final,espn
espn:401585688,2023-24,2024-03-28,2024-03-28T23:30Z,BOS,ATL,122,123,final,espn
espn:401585689,2023-24,2024-03-28,2024-03-29T00:00Z,MIL,NOP,100,107,final,espn
espn:401585690,2023-24,2024-03-29,2024-03-29T23:00Z,GSW,CHA,115,97,final,espn
espn:401585691,2023-24,2024-03-29,2024-03-29T23:00Z,LAL,IND,90,109,final,espn
espn:401585692,2023-24,2024-03-29,2024-03-29T23:00Z,LAC,ORL,100,97,final,espn
espn:401585693,2023-24,2024-03-29,2024-03-29T23:00Z,DET,WAS,96,87,final,espn
espn:401585694,2023-24,2024-03-29,2024-03-29T23:30Z,CHI,BKN,108,125,final,espn
espn:401585695,2023-24,2024-03-29,2024-03-29T23:30Z,PHI,CLE,114,117,final,espn
espn:401585696,2023-24,2024-03-29,2024-03-30T00:00Z,POR,MIA,82,142,final,espn
espn:401585697,2023-24,2024-03-29,2024-03-30T00:00Z,PHX,OKC,103,128,final,espn
espn:401585698,2023-24,2024-03-29,2024-03-30T00:00Z,NYK,SAS,126,130,final,espn
espn:401585699,2023-24,2024-03-29,2024-03-30T01:00Z,MIN,DEN,111,98,final,espn
espn:401585700,2023-24,2024-03-29,2024-03-30T01:30Z,HOU,UTA,101,100,final,espn
espn:401585701,2023-24,2024-03-29,2024-03-30T02:00Z,DAL,SAC,107,103,final,espn
espn:401585702,2023-24,2024-03-30,2024-03-30T21:00Z,BOS,NOP,104,92,final,espn
espn:401585703,2023-24,2024-03-30,2024-03-30T23:00Z,MEM,ORL,88,118,final,espn
espn:401585704,2023-24,2024-03-30,2024-03-30T23:30Z,MIL,ATL,122,113,final,espn
espn:401585705,2023-24,2024-03-31,2024-03-31T19:30Z,CLE,DEN,101,130,final,espn
espn:401585706,2023-24,2024-03-31,2024-03-31T22:00Z,LAL,BKN,116,104,final,espn
espn:401585707,2023-24,2024-03-31,2024-03-31T22:00Z,LAC,CHA,130,118,final,espn
espn:401585708,2023-24,2024-03-31,2024-03-31T22:00Z,PHI,TOR,135,120,final,espn
espn:401585709,2023-24,2024-03-31,2024-03-31T22:00Z,MIA,WAS,119,107,final,espn
espn:401585710,2023-24,2024-03-31,2024-03-31T23:00Z,OKC,NYK,113,112,final,espn
espn:401585711,2023-24,2024-03-31,2024-03-31T23:00Z,DAL,HOU,125,107,final,espn
espn:401585712,2023-24,2024-03-31,2024-03-31T23:00Z,CHI,MIN,109,101,final,espn
espn:401585713,2023-24,2024-03-31,2024-03-31T23:00Z,GSW,SAS,117,113,final,espn
espn:401585714,2023-24,2024-03-31,2024-04-01T01:00Z,UTA,SAC,106,127,final,espn
espn:401585715,2023-24,2024-04-01,2024-04-01T23:00Z,BOS,CHA,118,104,final,espn
espn:401585716,2023-24,2024-04-01,2024-04-01T23:00Z,MEM,DET,110,108,final,espn
espn:401585717,2023-24,2024-04-01,2024-04-01T23:00Z,BKN,IND,111,133,final,espn
espn:401585718,2023-24,2024-04-01,2024-04-01T23:00Z,POR,ORL,103,104,final,espn
espn:401585719,2023-24,2024-04-01,2024-04-02T00:00Z,ATL,CHI,113,101,final,espn
espn:401585720,2023-24,2024-04-01,2024-04-02T00:00Z,PHX,NOP,124,111,final,espn
espn:401585721,2023-24,2024-04-02,2024-04-02T23:30Z,OKC,PHI,105,109,final,espn
espn:401585722,2023-24,2024-04-02,2024-04-02T23:00Z,LAL,TOR,128,111,final,espn
espn:401585723,2023-24,2024-04-02,2024-04-02T23:00Z,MIL,WAS,113,117,final,espn
espn:401585724,2023-24,2024-04-02,2024-04-02T23:30Z,NYK,MIA,99,109,final,espn
espn:401585726,2023-24,2024-04-02,2024-04-03T00:00Z,HOU,MIN,106,113,final,espn
espn:401585727,2023-24,2024-04-02,2024-04-03T01:00Z,SAS,DEN,105,110,final,espn
espn:401585728,2023-24,2024-04-02,2024-04-03T01:00Z,CLE,UTA,129,113,final,espn
espn:401585729,2023-24,2024-04-02,2024-04-03T02:00Z,LAC,SAC,95,109,final,espn
espn:401636114,2023-24,2024-04-02,2024-04-03T02:00Z,DAL,GSW,100,104,final,espn
espn:401585730,2023-24,2024-04-03,2024-04-03T23:00Z,POR,CHA,89,86,final,espn
espn:401585731,2023-24,2024-04-03,2024-04-03T23:00Z,LAL,WAS,125,120,final,espn
espn:401585732,2023-24,2024-04-03,2024-04-03T23:30Z,DET,ATL,113,121,final,espn
espn:401585733,2023-24,2024-04-03,2024-04-03T23:30Z,OKC,BOS,100,135,final,espn
espn:401585734,2023-24,2024-04-03,2024-04-03T23:30Z,IND,BKN,111,115,final,espn
espn:401585735,2023-24,2024-04-03,2024-04-04T00:00Z,MEM,MIL,111,101,final,espn
espn:401585736,2023-24,2024-04-03,2024-04-04T00:00Z,TOR,MIN,85,133,final,espn
espn:401585737,2023-24,2024-04-03,2024-04-04T00:00Z,ORL,NOP,117,108,final,espn
espn:401585738,2023-24,2024-04-03,2024-04-04T02:00Z,CLE,PHX,101,122,final,espn
espn:401585739,2023-24,2024-04-04,2024-04-04T23:30Z,PHI,MIA,109,105,final,espn
espn:401585740,2023-24,2024-04-04,2024-04-04T23:30Z,SAC,NYK,109,120,final,espn
espn:401585741,2023-24,2024-04-04,2024-04-05T00:00Z,GSW,HOU,133,110,final,espn
espn:401585742,2023-24,2024-04-04,2024-04-05T02:00Z,DEN,LAC,100,102,final,espn
espn:401585752,2023-24,2024-04-04,2024-04-04T23:30Z,ATL,DAL,95,109,final,espn
espn:401585725,2023-24,2024-04-05,2024-04-06T00:30Z,GSW,DAL,106,108,final,espn
espn:401585743,2023-24,2024-04-05,2024-04-05T23:00Z,ORL,CHA,115,124,final,espn
espn:401585744,2023-24,2024-04-05,2024-04-05T23:00Z,OKC,IND,112,126,final,espn
espn:401585745,2023-24,2024-04-05,2024-04-05T23:00Z,POR,WAS,108,102,final,espn
espn:401585746,2023-24,2024-04-05,2024-04-05T23:30Z,SAC,BOS,100,101,final,espn
espn:401585747,2023-24,2024-04-05,2024-04-06T00:00Z,NYK,CHI,100,108,final,espn
espn:401585748,2023-24,2024-04-05,2024-04-06T00:00Z,MIA,HOU,119,104,final,espn
espn:401585749,2023-24,2024-04-05,2024-04-06T00:00Z,DET,MEM,90,108,final,espn
espn:401585750,2023-24,2024-04-05,2024-04-06T00:00Z,TOR,MIL,117,111,final,espn
espn:401585751,2023-24,2024-04-05,2024-04-06T00:00Z,SAS,NOP,111,109,final,espn
espn:401585753,2023-24,2024-04-05,2024-04-06T02:00Z,MIN,PHX,87,97,final,espn
espn:401585754,2023-24,2024-04-05,2024-04-06T02:30Z,UTA,LAC,102,131,final,espn
espn:401585755,2023-24,2024-04-06,2024-04-06T19:30Z,CLE,LAL,97,116,final,espn
espn:401585756,2023-24,2024-04-06,2024-04-06T23:00Z,DET,BKN,103,113,final,espn
espn:401585757,2023-24,2024-04-06,2024-04-07T00:00Z,PHI,MEM,116,96,final,espn
espn:401585758,2023-24,2024-04-06,2024-04-07T01:00Z,ATL,DEN,110,142,final,espn
espn:401585759,2023-24,2024-04-07,2024-04-07T19:30Z,HOU,DAL,136,147,final,espn
espn:401585760,2023-24,2024-04-07,2024-04-07T19:30Z,CLE,LAC,118,120,final,espn
espn:401585761,2023-24,2024-04-07,2024-04-07T21:00Z,MIA,IND,115,117,final,espn
espn:401585762,2023-24,2024-04-07,2024-04-07T22:00Z,POR,BOS,107,124,final,espn
espn:401585763,2023-24,2024-04-07,2024-04-07T22:00Z,OKC,CHA,121,118,final,espn
espn:401585764,2023-24,2024-04-07,2024-04-07T22:00Z,CHI,ORL,98,113,final,espn
espn:401585765,2023-24,2024-04-07,2024-04-07T22:00Z,WAS,TOR,122,130,final,espn
espn:401585766,2023-24,2024-04-07,2024-04-07T22:00Z,NOP,PHX,113,105,final,espn
espn:401585767,2023-24,2024-04-07,2024-04-07T23:00Z,NYK,MIL,122,109,final,espn
espn:401585768,2023-24,2024-04-07,2024-04-07T23:00Z,PHI,SAS,133,126,final,espn
espn:401585769,2023-24,2024-04-07,2024-04-07T23:30Z,SAC,BKN,107,77,final,espn
espn:401585770,2023-24,2024-04-07,2024-04-08T00:30Z,UTA,GSW,110,118,final,espn
espn:401585771,2023-24,2024-04-07,2024-04-08T02:00Z,MIN,LAL,127,117,final,espn
espn:401585772,2023-24,2024-04-09,2024-04-09T23:00Z,DAL,CHA,130,104,final,espn
espn:401585773,2023-24,2024-04-09,2024-04-09T23:00Z,DET,PHI,102,120,final,espn
espn:401585774,2023-24,2024-04-09,2024-04-09T23:00Z,IND,TOR,140,123,final,espn
espn:401585775,2023-24,2024-04-09,2024-04-09T23:30Z,MIA,ATL,117,111,final,espn
espn:401585776,2023-24,2024-04-09,2024-04-09T23:30Z,BOS,MIL,91,104,final,espn
espn:401585777,2023-24,2024-04-09,2024-04-10T00:00Z,NYK,CHI,128,117,final,espn
espn:401585778,2023-24,2024-04-09,2024-04-10T00:00Z,ORL,HOU,106,118,final,espn
espn:401585779,2023-24,2024-04-09,2024-04-10T00:00Z,SAS,MEM,102,87,final,espn
espn:401585780,2023-24,2024-04-09,2024-04-10T00:00Z,WAS,MIN,121,130,final,espn
espn:401585781,2023-24,2024-04-09,2024-04-10T00:00Z,SAC,OKC,105,112,final,espn
espn:401585782,2023-24,2024-04-09,2024-04-10T01:00Z,DEN,UTA,111,95,final,espn
espn:401585783,2023-24,2024-04-09,2024-04-10T02:00Z,GSW,LAL,134,120,final,espn
espn:401585784,2023-24,2024-04-09,2024-04-10T02:00Z,LAC,PHX,105,92,final,espn
espn:401585785,2023-24,2024-04-09,2024-04-10T02:00Z,NOP,POR,110,100,final,espn
espn:401585786,2023-24,2024-04-10,2024-04-10T23:00Z,MEM,CLE,98,110,final,espn
espn:401585787,2023-24,2024-04-10,2024-04-10T23:30Z,CHA,ATL,115,114,final,espn
espn:401585788,2023-24,2024-04-10,2024-04-10T23:30Z,TOR,BKN,102,106,final,espn
espn:401585789,2023-24,2024-04-10,2024-04-10T23:30Z,DAL,MIA,111,92,final,espn
espn:401585790,2023-24,2024-04-10,2024-04-11T00:00Z,ORL,MIL,99,117,final,espn
espn:401585791,2023-24,2024-04-10,2024-04-11T00:00Z,SAS,OKC,89,127,final,espn
espn:401585792,2023-24,2024-04-10,2024-04-11T02:00Z,MIN,DEN,107,116,final,espn
espn:401585793,2023-24,2024-04-10,2024-04-11T02:30Z,PHX,LAC,124,108,final,espn
espn:401585794,2023-24,2024-04-11,2024-04-11T23:00Z,CHI,DET,127,105,final,espn
espn:401585795,2023-24,2024-04-11,2024-04-11T23:30Z,NYK,BOS,118,109,final,espn
espn:401585796,2023-24,2024-04-11,2024-04-12T01:00Z,HOU,UTA,121,124,final,espn
espn:401585797,2023-24,2024-04-11,2024-04-12T02:00Z,GSW,POR,100,92,final,espn
espn:401585798,2023-24,2024-04-11,2024-04-12T02:00Z,NOP,SAC,135,123,final,espn
espn:401585799,2023-24,2024-04-12,2024-04-12T23:00Z,ORL,PHI,113,125,final,espn
espn:401585800,2023-24,2024-04-12,2024-04-12T23:00Z,CHI,WAS,129,127,final,espn
espn:401585801,2023-24,2024-04-12,2024-04-12T23:30Z,CHA,BOS,98,131,final,espn
espn:401585802,2023-24,2024-04-12,2024-04-12T23:30Z,IND,CLE,120,129,final,espn
espn:401585803,2023-24,2024-04-12,2024-04-12T23:30Z,BKN,NYK,107,111,final,espn
espn:401585804,2023-24,2024-04-12,2024-04-13T00:00Z,TOR,MIA,103,125,final,espn
espn:401585805,2023-24,2024-04-12,2024-04-13T00:00Z,LAL,MEM,123,120,final,espn
espn:401585806,2023-24,2024-04-12,2024-04-13T00:00Z,ATL,MIN,106,109,final,espn
espn:401585807,2023-24,2024-04-12,2024-04-13T00:00Z,MIL,OKC,107,125,final,espn
espn:401585808,2023-24,2024-04-12,2024-04-13T00:00Z,DEN,SAS,120,121,final,espn
espn:401585809,2023-24,2024-04-12,2024-04-13T00:30Z,DET,DAL,107,89,final,espn
espn:401585810,2023-24,2024-04-12,2024-04-13T02:00Z,NOP,GSW,114,109,final,espn
espn:401585811,2023-24,2024-04-12,2024-04-13T02:00Z,HOU,POR,116,107,final,espn
espn:401585812,2023-24,2024-04-12,2024-04-13T02:30Z,UTA,LAC,110,109,final,espn
espn:401585813,2023-24,2024-04-12,2024-04-13T02:30Z,PHX,SAC,108,107,final,espn
espn:401585814,2023-24,2024-04-14,2024-04-14T17:00Z,WAS,BOS,122,132,final,espn
espn:401585815,2023-24,2024-04-14,2024-04-14T17:00Z,CHA,CLE,120,110,final,espn
espn:401585816,2023-24,2024-04-14,2024-04-14T17:00Z,ATL,IND,115,157,final,espn
espn:401585817,2023-24,2024-04-14,2024-04-14T17:00Z,TOR,MIA,103,118,final,espn
espn:401585818,2023-24,2024-04-14,2024-04-14T17:00Z,CHI,NYK,119,120,final,espn
espn:401585819,2023-24,2024-04-14,2024-04-14T17:00Z,MIL,ORL,88,113,final,espn
espn:401585820,2023-24,2024-04-14,2024-04-14T17:00Z,BKN,PHI,86,107,final,espn
espn:401585821,2023-24,2024-04-14,2024-04-14T19:30Z,DEN,MEM,126,111,final,espn
espn:401585822,2023-24,2024-04-14,2024-04-14T19:30Z,PHX,MIN,125,106,final,espn
espn:401585823,2023-24,2024-04-14,2024-04-14T19:30Z,LAL,NOP,124,108,final,espn
espn:401585824,2023-24,2024-04-14,2024-04-14T19:30Z,DAL,OKC,86,135,final,espn
espn:401585825,2023-24,2024-04-14,2024-04-14T19:30Z,DET,SAS,95,123,final,espn
espn:401585826,2023-24,2024-04-14,2024-04-14T19:30Z,UTA,GSW,116,123,final,espn
espn:401585827,2023-24,2024-04-14,2024-04-14T19:30Z,HOU,LAC,116,105,final,espn
espn:401585828,2023-24,2024-04-14,2024-04-14T19:30Z,POR,SAC,82,121,final,espn
espn:401654655,2023-24,2024-04-16,2024-04-16T23:30Z,LAL,NOP,110,106,final,espn
espn:401654656,2023-24,2024-04-16,2024-04-17T02:00Z,GSW,SAC,94,118,final,espn
espn:401654658,2023-24,2024-04-17,2024-04-18T01:48Z,ATL,CHI,116,131,final,espn
espn:401654659,2023-24,2024-04-17,2024-04-17T23:00Z,MIA,PHI,104,105,final,espn
espn:401654660,2023-24,2024-04-19,2024-04-19T23:00Z,CHI,MIA,91,112,final,espn
espn:401654661,2023-24,2024-04-19,2024-04-20T01:30Z,SAC,NOP,98,105,final,espn
espn:401654756,2023-24,2024-04-20,2024-04-20T22:00Z,PHI,NYK,104,111,final,espn
espn:401654757,2023-24,2024-04-20,2024-04-20T17:00Z,ORL,CLE,83,97,final,espn
espn:401654758,2023-24,2024-04-20,2024-04-21T00:30Z,LAL,DEN,103,114,final,espn
espn:401654759,2023-24,2024-04-20,2024-04-20T19:30Z,PHX,MIN,95,120,final,espn
espn:401654760,2023-24,2024-04-21,2024-04-21T17:00Z,MIA,BOS,94,114,final,espn
espn:401654761,2023-24,2024-04-21,2024-04-21T23:00Z,IND,MIL,94,109,final,espn
espn:401654762,2023-24,2024-04-21,2024-04-22T01:30Z,NOP,OKC,92,94,final,espn
espn:401654763,2023-24,2024-04-21,2024-04-21T19:30Z,DAL,LAC,97,109,final,espn
espn:401655082,2023-24,2024-04-22,2024-04-23T02:00Z,LAL,DEN,99,101,final,espn
espn:401655106,2023-24,2024-04-22,2024-04-22T23:30Z,PHI,NYK,101,104,final,espn
espn:401655118,2023-24,2024-04-22,2024-04-22T23:00Z,ORL,CLE,86,96,final,espn
espn:401655088,2023-24,2024-04-23,2024-04-23T23:30Z,PHX,MIN,93,105,final,espn
espn:401655094,2023-24,2024-04-23,2024-04-24T02:00Z,DAL,LAC,96,93,final,espn
espn:401655112,2023-24,2024-04-23,2024-04-24T00:30Z,IND,MIL,125,108,final,espn
espn:401655076,2023-24,2024-04-24,2024-04-25T01:30Z,NOP,OKC,92,124,final,espn
espn:401655100,2023-24,2024-04-24,2024-04-24T23:00Z,MIA,BOS,111,101,final,espn
espn:401655083,2023-24,2024-04-25,2024-04-26T02:00Z,DEN,LAL,112,105,final,espn
espn:401655107,2023-24,2024-04-25,2024-04-25T23:30Z,NYK,PHI,114,125,final,espn
espn:401655119,2023-24,2024-04-25,2024-04-25T23:00Z,CLE,ORL,83,121,final,espn
espn:401655089,2023-24,2024-04-26,2024-04-27T02:30Z,MIN,PHX,126,109,final,espn
espn:401655095,2023-24,2024-04-26,2024-04-27T00:00Z,LAC,DAL,90,101,final,espn
espn:401655113,2023-24,2024-04-26,2024-04-26T21:30Z,MIL,IND,118,121,final,espn
espn:401655077,2023-24,2024-04-27,2024-04-27T19:30Z,OKC,NOP,106,85,final,espn
espn:401655084,2023-24,2024-04-27,2024-04-28T00:30Z,DEN,LAL,108,119,final,espn
espn:401655101,2023-24,2024-04-27,2024-04-27T22:00Z,BOS,MIA,104,84,final,espn
espn:401655120,2023-24,2024-04-27,2024-04-27T17:00Z,CLE,ORL,89,112,final,espn
espn:401655090,2023-24,2024-04-28,2024-04-29T01:30Z,MIN,PHX,122,116,final,espn
espn:401655096,2023-24,2024-04-28,2024-04-28T19:30Z,LAC,DAL,116,111,final,espn
espn:401655108,2023-24,2024-04-28,2024-04-28T17:00Z,NYK,PHI,97,92,final,espn
espn:401655114,2023-24,2024-04-28,2024-04-28T23:00Z,MIL,IND,113,126,final,espn
espn:401655078,2023-24,2024-04-29,2024-04-30T00:30Z,OKC,NOP,97,89,final,espn
espn:401655085,2023-24,2024-04-29,2024-04-30T02:00Z,LAL,DEN,106,108,final,espn
espn:401655102,2023-24,2024-04-29,2024-04-29T23:30Z,BOS,MIA,102,88,final,espn
espn:401655109,2023-24,2024-04-30,2024-04-30T23:00Z,PHI,NYK,112,106,final,espn
espn:401655115,2023-24,2024-04-30,2024-05-01T01:30Z,IND,MIL,92,115,final,espn
espn:401655121,2023-24,2024-04-30,2024-05-01T00:00Z,ORL,CLE,103,104,final,espn
espn:401655097,2023-24,2024-05-01,2024-05-02T02:00Z,DAL,LAC,123,93,final,espn
espn:401655103,2023-24,2024-05-01,2024-05-01T23:30Z,MIA,BOS,84,118,final,espn
espn:401655110,2023-24,2024-05-02,2024-05-03T01:00Z,NYK,PHI,118,115,final,espn
espn:401655116,2023-24,2024-05-02,2024-05-02T22:30Z,MIL,IND,98,120,final,espn
espn:401655098,2023-24,2024-05-03,2024-05-04T01:30Z,LAC,DAL,101,114,final,espn
espn:401655122,2023-24,2024-05-03,2024-05-03T23:00Z,CLE,ORL,96,103,final,espn
espn:401657182,2023-24,2024-05-04,2024-05-04T23:00Z,MIN,DEN,106,99,final,espn
espn:401655123,2023-24,2024-05-05,2024-05-05T17:00Z,ORL,CLE,94,106,final,espn
espn:401657183,2023-24,2024-05-06,2024-05-07T02:00Z,MIN,DEN,106,80,final,espn
espn:401657420,2023-24,2024-05-06,2024-05-06T23:30Z,IND,NYK,117,121,final,espn
espn:401657231,2023-24,2024-05-07,2024-05-08T01:30Z,DAL,OKC,95,117,final,espn
espn:401658224,2023-24,2024-05-07,2024-05-07T23:00Z,CLE,BOS,95,120,final,espn
espn:401657421,2023-24,2024-05-08,2024-05-09T00:00Z,IND,NYK,121,130,final,espn
espn:401658188,2023-24,2024-05-09,2024-05-10T01:30Z,DAL,OKC,119,110,final,espn
espn:401658225,2023-24,2024-05-09,2024-05-09T23:00Z,CLE,BOS,118,94,final,espn
espn:401657184,2023-24,2024-05-10,2024-05-11T01:30Z,DEN,MIN,117,90,final,espn
espn:401657422,2023-24,2024-05-10,2024-05-10T23:00Z,NYK,IND,106,111,final,espn
espn:401658190,2023-24,2024-05-11,2024-05-11T19:30Z,OKC,DAL,101,105,final,espn
espn:401658226,2023-24,2024-05-11,2024-05-12T00:30Z,BOS,CLE,106,93,final,espn
espn:401657185,2023-24,2024-05-12,2024-05-13T00:00Z,DEN,MIN,115,107,final,espn
espn:401657423,2023-24,2024-05-12,2024-05-12T19:30Z,NYK,IND,89,121,final,espn
espn:401658191,2023-24,2024-05-13,2024-05-14T01:30Z,OKC,DAL,100,96,final,espn
espn:401658227,2023-24,2024-05-13,2024-05-13T23:00Z,BOS,CLE,109,102,final,espn
espn:401657186,2023-24,2024-05-14,2024-05-15T02:30Z,MIN,DEN,97,112,final,espn
espn:401658196,2023-24,2024-05-14,2024-05-15T00:00Z,IND,NYK,91,121,final,espn
espn:401658192,2023-24,2024-05-15,2024-05-16T01:30Z,DAL,OKC,104,92,final,espn
espn:401658228,2023-24,2024-05-15,2024-05-15T23:00Z,CLE,BOS,98,113,final,espn
espn:401657187,2023-24,2024-05-16,2024-05-17T00:30Z,DEN,MIN,70,115,final,espn
espn:401658197,2023-24,2024-05-17,2024-05-18T00:30Z,NYK,IND,103,116,final,espn
espn:401658194,2023-24,2024-05-18,2024-05-19T00:00Z,OKC,DAL,116,117,final,espn
espn:401657188,2023-24,2024-05-19,2024-05-20T00:00Z,MIN,DEN,98,90,final,espn
espn:401658198,2023-24,2024-05-19,2024-05-19T19:30Z,IND,NYK,130,109,final,espn
espn:401671998,2023-24,2024-05-21,2024-05-22T00:00Z,IND,BOS,128,133,final,espn
espn:401672976,2023-24,2024-05-22,2024-05-23T00:30Z,DAL,MIN,108,105,final,espn
espn:401671999,2023-24,2024-05-23,2024-05-24T00:00Z,IND,BOS,110,126,final,espn
espn:401672977,2023-24,2024-05-24,2024-05-25T00:30Z,DAL,MIN,109,108,final,espn
espn:401672000,2023-24,2024-05-25,2024-05-26T00:30Z,BOS,IND,114,111,final,espn
espn:401672978,2023-24,2024-05-26,2024-05-27T00:00Z,MIN,DAL,107,116,final,espn
espn:401672001,2023-24,2024-05-27,2024-05-28T00:00Z,BOS,IND,105,102,final,espn
espn:401672979,2023-24,2024-05-28,2024-05-29T00:30Z,MIN,DAL,105,100,final,espn
espn:401672980,2023-24,2024-05-30,2024-05-31T00:30Z,DAL,MIN,124,103,final,espn
espn:401656359,2023-24,2024-06-06,2024-06-07T00:30Z,DAL,BOS,89,107,final,espn
espn:401656360,2023-24,2024-06-09,2024-06-10T00:00Z,DAL,BOS,98,105,final,espn
espn:401656361,2023-24,2024-06-12,2024-06-13T00:30Z,BOS,DAL,106,99,final,espn
espn:401656362,2023-24,2024-06-14,2024-06-15T00:30Z,BOS,DAL,84,122,final,espn
espn:401656363,2023-24,2024-06-17,2024-06-18T00:30Z,DAL,BOS,88,106,final,espn
espn:401716947,2024-25,2024-10-04,2024-10-04T16:00Z,BOS,DEN,107,103,final,espn
espn:401716949,2024-25,2024-10-04,2024-10-05T02:30Z,MIN,LAL,124,107,final,espn
espn:401716950,2024-25,2024-10-05,2024-10-05T23:00Z,GSW,LAC,91,90,final,espn
espn:401716951,2024-25,2024-10-06,2024-10-06T14:00Z,DEN,BOS,104,130,final,espn
espn:401716952,2024-25,2024-10-06,2024-10-06T21:00Z,NYK,CHA,111,109,final,espn
espn:401716953,2024-25,2024-10-06,2024-10-06T23:30Z,WAS,TOR,98,125,final,espn
espn:401716954,2024-25,2024-10-06,2024-10-07T00:00Z,MIL,DET,87,120,final,espn
espn:401716955,2024-25,2024-10-06,2024-10-07T01:30Z,PHX,LAL,118,114,final,espn
espn:401716956,2024-25,2024-10-07,2024-10-07T17:30Z,ORL,NOP,104,106,final,espn
espn:401716957,2024-25,2024-10-07,2024-10-08T00:00Z,MEM,DAL,121,116,final,espn
espn:401716958,2024-25,2024-10-07,2024-10-08T00:00Z,OKC,SAS,112,107,final,espn
espn:401716959,2024-25,2024-10-07,2024-10-08T01:00Z,HOU,UTA,113,122,final,espn
espn:401716960,2024-25,2024-10-08,2024-10-08T23:00Z,MIA,CHA,108,111,final,espn
espn:401716962,2024-25,2024-10-08,2024-10-08T23:00Z,CHI,CLE,116,112,final,espn
espn:401716964,2024-25,2024-10-08,2024-10-08T23:00Z,PHX,DET,105,97,final,espn
espn:401716965,2024-25,2024-10-08,2024-10-08T23:30Z,IND,ATL,130,131,final,espn
espn:401716967,2024-25,2024-10-08,2024-10-09T02:30Z,BKN,LAC,106,115,final,espn
espn:401716969,2024-25,2024-10-09,2024-10-09T23:30Z,WAS,NYK,94,117,final,espn
espn:401716971,2024-25,2024-10-09,2024-10-10T00:00Z,HOU,OKC,122,113,final,espn
espn:401716973,2024-25,2024-10-09,2024-10-10T00:00Z,ORL,SAS,97,107,final,espn
espn:401716975,2024-25,2024-10-09,2024-10-10T02:30Z,GSW,SAC,122,112,final,espn
espn:401716976,2024-25,2024-10-10,2024-10-10T23:00Z,IND,CLE,129,117,final,espn
espn:401716978,2024-25,2024-10-10,2024-10-11T00:00Z,UTA,DAL,107,102,final,espn
espn:401716979,2024-25,2024-10-10,2024-10-11T00:00Z,CHA,MEM,119,94,final,espn
espn:401716980,2024-25,2024-10-10,2024-10-11T00:00Z,LAL,MIL,107,102,final,espn
espn:401716982,2024-25,2024-10-11,2024-10-11T23:00Z,NOP,ORL,0,0,final,espn
espn:401716983,2024-25,2024-10-11,2024-10-11T23:00Z,TOR,WAS,95,113,final,espn
espn:401716984,2024-25,2024-10-11,2024-10-11T23:00Z,PHI,MIN,111,121,final,espn
espn:401716985,2024-25,2024-10-11,2024-10-12T02:00Z,SAC,GSW,106,109,final,espn
espn:401716986,2024-25,2024-10-11,2024-10-12T02:00Z,DET,PHX,109,91,final,espn
espn:401716987,2024-25,2024-10-11,2024-10-12T02:30Z,POR,LAC,99,101,final,espn
espn:401716988,2024-25,2024-10-12,2024-10-13T00:00Z,PHI,BOS,89,139,final,espn
espn:401716989,2024-25,2024-10-12,2024-10-13T00:00Z,MEM,CHI,124,121,final,espn
espn:401716990,2024-25,2024-10-12,2024-10-13T00:00Z,UTA,SAS,120,126,final,espn
espn:401716991,2024-25,2024-10-13,2024-10-13T19:30Z,NOP,MIA,99,101,final,espn
espn:401716992,2024-25,2024-10-13,2024-10-13T22:00Z,MIN,NYK,110,115,final,espn
espn:401716993,2024-25,2024-10-13,2024-10-13T22:00Z,POR,SAC,105,85,final,espn
espn:401716994,2024-25,2024-10-13,2024-10-13T23:00Z,TOR,BOS,111,115,final,espn
espn:401716995,2024-25,2024-10-13,2024-10-14T00:30Z,PHX,DEN,118,114,final,espn
espn:401716996,2024-25,2024-10-13,2024-10-14T00:30Z,DET,GSW,93,111,final,espn
espn:401716997,2024-25,2024-10-14,2024-10-14T23:00Z,MEM,IND,120,116,final,espn
espn:401716998,2024-25,2024-10-14,2024-10-14T23:30Z,PHI,ATL,104,89,final,espn
espn:401716999,2024-25,2024-10-14,2024-10-14T23:30Z,WAS,BKN,92,131,final,espn
espn:401717000,2024-25,2024-10-14,2024-10-15T00:00Z,CHI,MIL,107,111,final,espn
espn:401717001,2024-25,2024-10-14,2024-10-15T02:30Z,DAL,LAC,96,110,final,espn
espn:401717002,2024-25,2024-10-15,2024-10-15T23:00Z,BOS,TOR,118,119,final,espn
espn:401717003,2024-25,2024-10-15,2024-10-15T23:30Z,SAS,MIA,117,120,final,espn
espn:401717004,2024-25,2024-10-15,2024-10-15T23:30Z,CHA,NYK,105,111,final,espn
espn:401717005,2024-25,2024-10-15,2024-10-16T00:00Z,NOP,HOU,98,118,final,espn
espn:401717006,2024-25,2024-10-15,2024-10-16T01:00Z,OKC,DEN,124,94,final,espn
espn:401717007,2024-25,2024-10-15,2024-10-16T01:00Z,SAC,UTA,114,117,final,espn
espn:401717008,2024-25,2024-10-15,2024-10-16T02:00Z,GSW,LAL,111,97,final,espn
espn:401716977,2024-25,2024-10-16,2024-10-16T23:30Z,ATL,MIA,111,120,final,espn
espn:401717009,2024-25,2024-10-16,2024-10-16T23:00Z,CLE,DET,92,108,final,espn
espn:401717010,2024-25,2024-10-16,2024-10-16T23:00Z,BKN,PHI,95,117,final,espn
espn:401717011,2024-25,2024-10-16,2024-10-17T00:00Z,MIN,CHI,123,125,final,espn
espn:401717013,2024-25,2024-10-17,2024-10-17T23:00Z,CHA,IND,116,121,final,espn
espn:401717014,2024-25,2024-10-17,2024-10-17T23:30Z,MIL,DAL,84,109,final,espn
espn:401717015,2024-25,2024-10-17,2024-10-18T00:00Z,SAS,HOU,107,129,final,espn
espn:401717016,2024-25,2024-10-17,2024-10-18T00:00Z,ATL,OKC,99,104,final,espn
espn:401717017,2024-25,2024-10-17,2024-10-18T02:00Z,LAL,PHX,128,122,final,espn
espn:401717018,2024-25,2024-10-17,2024-10-18T02:30Z,SAC,LAC,91,113,final,espn
espn:401717024,2024-25,2024-10-17,2024-10-18T00:00Z,DEN,MIN,132,126,final,espn
espn:401717019,2024-25,2024-10-18,2024-10-18T23:00Z,PHI,ORL,99,114,final,espn
espn:401717020,2024-25,2024-10-18,2024-10-18T23:00Z,NYK,WAS,117,118,final,espn
espn:401717021,2024-25,2024-10-18,2024-10-18T23:30Z,TOR,BKN,116,112,final,espn
espn:401717022,2024-25,2024-10-18,2024-10-19T00:00Z,CLE,CHI,137,139,final,espn
espn:401717023,2024-25,2024-10-18,2024-10-19T00:00Z,MIA,MEM,114,109,final,espn
espn:401717025,2024-25,2024-10-18,2024-10-19T02:00Z,UTA,POR,86,124,final,espn
espn:401717026,2024-25,2024-10-18,2024-10-19T02:30Z,LAL,GSW,74,132,final,espn
espn:401704627,2024-25,2024-10-22,2024-10-22T23:30Z,NYK,BOS,109,132,final,espn
espn:401704628,2024-25,2024-10-22,2024-10-23T02:00Z,MIN,LAL,103,110,final,espn
espn:401704629,2024-25,2024-10-23,2024-10-23T23:00Z,IND,DET,115,109,final,espn
espn:401704630,2024-25,2024-10-23,2024-10-23T23:30Z,BKN,ATL,116,120,final,espn
espn:401704631,2024-25,2024-10-23,2024-10-23T23:30Z,ORL,MIA,116,97,final,espn
espn:401704632,2024-25,2024-10-23,2024-10-23T23:30Z,MIL,PHI,124,109,final,espn
espn:401704633,2024-25,2024-10-23,2024-10-23T23:30Z,CLE,TOR,136,106,final,espn
espn:401704634,2024-25,2024-10-23,2024-10-24T00:00Z,CHA,HOU,110,105,final,espn
espn:401704635,2024-25,2024-10-23,2024-10-24T00:00Z,CHI,NOP,111,123,final,espn
espn:401704636,2024-25,2024-10-23,2024-10-24T01:00Z,MEM,UTA,126,124,final,espn
espn:401704637,2024-25,2024-10-23,2024-10-24T02:00Z,PHX,LAC,116,113,final,espn
espn:401704638,2024-25,2024-10-23,2024-10-24T02:00Z,GSW,POR,140,104,final,espn
espn:401704639,2024-25,2024-10-24,2024-10-24T23:00Z,BOS,WAS,122,102,final,espn
espn:401704640,2024-25,2024-10-24,2024-10-24T23:30Z,SAS,DAL,109,120,final,espn
espn:401704641,2024-25,2024-10-24,2024-10-25T02:00Z,OKC,DEN,102,87,final,espn
espn:401704642,2024-25,2024-10-24,2024-10-25T02:00Z,MIN,SAC,117,115,final,espn
espn:401704643,2024-25,2024-10-25,2024-10-25T23:00Z,BKN,ORL,101,116,final,espn
espn:401704644,2024-25,2024-10-25,2024-10-25T23:00Z,PHI,TOR,107,115,final,espn
espn:401704645,2024-25,2024-10-25,2024-10-25T23:30Z,CHA,ATL,120,125,final,espn
espn:401704646,2024-25,2024-10-25,2024-10-25T23:30Z,DET,CLE,101,113,final,espn
espn:401704647,2024-25,2024-10-25,2024-10-25T23:30Z,IND,NYK,98,123,final,espn
espn:401704648,2024-25,2024-10-25,2024-10-26T00:00Z,MEM,HOU,108,128,final,espn
espn:401704649,2024-25,2024-10-25,2024-10-26T00:00Z,CHI,MIL,133,122,final,espn
espn:401704650,2024-25,2024-10-25,2024-10-26T01:30Z,GSW,UTA,127,86,final,espn
espn:401704651,2024-25,2024-10-25,2024-10-26T02:00Z,PHX,LAL,116,123,final,espn
espn:401704652,2024-25,2024-10-25,2024-10-26T02:00Z,NOP,POR,105,103,final,espn
espn:401704653,2024-25,2024-10-26,2024-10-26T21:00Z,LAC,DEN,109,104,final,espn
espn:401704654,2024-25,2024-10-26,2024-10-26T23:00Z,MIA,CHA,114,106,final,espn
espn:401704655,2024-25,2024-10-26,2024-10-26T23:00Z,BOS,DET,124,118,final,espn
espn:401704656,2024-25,2024-10-26,2024-10-26T23:00Z,CLE,WAS,135,116,final,espn
espn:401704657,2024-25,2024-10-26,2024-10-27T00:00Z,OKC,CHI,114,95,final,espn
espn:401704658,2024-25,2024-10-26,2024-10-27T00:00Z,ORL,MEM,111,124,final,espn
espn:401704659,2024-25,2024-10-26,2024-10-27T00:00Z,TOR,MIN,101,112,final,espn
espn:401704660,2024-25,2024-10-26,2024-10-27T00:30Z,HOU,SAS,106,109,final,espn
espn:401704661,2024-25,2024-10-26,2024-10-27T02:00Z,DAL,PHX,102,114,final,espn
espn:401704662,2024-25,2024-10-26,2024-10-27T02:30Z,SAC,LAL,127,131,final,espn
espn:401704663,2024-25,2024-10-27,2024-10-27T19:30Z,PHI,IND,118,114,final,espn
espn:401704664,2024-25,2024-10-27,2024-10-27T22:00Z,MIL,BKN,102,115,final,espn
espn:401704665,2024-25,2024-10-27,2024-10-27T22:00Z,NOP,POR,103,125,final,espn
espn:401704666,2024-25,2024-10-27,2024-10-27T23:00Z,ATL,OKC,104,128,final,espn
espn:401704667,2024-25,2024-10-27,2024-10-28T00:30Z,LAC,GSW,112,104,final,espn
espn:401704668,2024-25,2024-10-28,2024-10-28T23:00Z,IND,ORL,115,119,final,espn
espn:401704669,2024-25,2024-10-28,2024-10-28T23:30Z,WAS,ATL,121,119,final,espn
espn:401704670,2024-25,2024-10-28,2024-10-28T23:30Z,MIL,BOS,108,119,final,espn
espn:401704671,2024-25,2024-10-28,2024-10-28T23:30Z,DET,MIA,98,106,final,espn
espn:401704672,2024-25,2024-10-28,2024-10-28T23:30Z,CLE,NYK,110,104,final,espn
espn:401704673,2024-25,2024-10-28,2024-10-28T23:30Z,DEN,TOR,127,125,final,espn
espn:401704674,2024-25,2024-10-28,2024-10-29T00:00Z,CHI,MEM,126,123,final,espn
espn:401704675,2024-25,2024-10-28,2024-10-29T00:00Z,HOU,SAS,106,101,final,espn
espn:401704676,2024-25,2024-10-28,2024-10-29T00:30Z,UTA,DAL,102,110,final,espn
espn:401704677,2024-25,2024-10-28,2024-10-29T02:00Z,LAL,PHX,105,109,final,espn
espn:401704678,2024-25,2024-10-28,2024-10-29T02:00Z,POR,SAC,98,111,final,espn
espn:401704679,2024-25,2024-10-29,2024-10-29T23:30Z,DEN,BKN,144,139,final,espn
espn:401704680,2024-25,2024-10-29,2024-10-29T23:30Z,DAL,MIN,120,114,final,espn
espn:401704681,2024-25,2024-10-29,2024-10-30T01:00Z,SAC,UTA,113,96,final,espn
espn:401704682,2024-25,2024-10-29,2024-10-30T02:00Z,NOP,GSW,106,124,final,espn
espn:401704683,2024-25,2024-10-30,2024-10-30T23:00Z,TOR,CHA,133,138,final,espn
espn:401704684,2024-25,2024-10-30,2024-10-30T23:00Z,LAL,CLE,110,134,final,espn
espn:401704685,2024-25,2024-10-30,2024-10-30T23:00Z,BOS,IND,132,135,final,espn
espn:401704686,2024-25,2024-10-30,2024-10-30T23:00Z,DET,PHI,105,95,final,espn
espn:401704687,2024-25,2024-10-30,2024-10-30T23:00Z,ATL,WAS,120,133,final,espn
espn:401704688,2024-25,2024-10-30,2024-10-30T23:30Z,NYK,MIA,116,107,final,espn
espn:401704689,2024-25,2024-10-30,2024-10-31T00:00Z,ORL,CHI,99,102,final,espn
espn:401704690,2024-25,2024-10-30,2024-10-31T00:00Z,BKN,MEM,119,106,final,espn
espn:401704691,2024-25,2024-10-30,2024-10-31T01:30Z,SAS,OKC,93,105,final,espn
espn:401704692,2024-25,2024-10-30,2024-10-31T02:00Z,NOP,GSW,89,104,final,espn
espn:401704693,2024-25,2024-10-30,2024-10-31T02:30Z,POR,LAC,106,105,final,espn
espn:401704694,2024-25,2024-10-31,2024-11-01T00:00Z,MIL,MEM,99,122,final,espn
espn:401704695,2024-25,2024-10-31,2024-11-01T00:30Z,HOU,DAL,108,102,final,espn
espn:401704696,2024-25,2024-10-31,2024-11-01T01:00Z,SAS,UTA,106,88,final,espn
espn:401704697,2024-25,2024-10-31,2024-11-01T02:30Z,PHX,LAC,125,119,final,espn
espn:401704698,2024-25,2024-11-01,2024-11-01T23:00Z,BOS,CHA,124,109,final,espn
espn:401704699,2024-25,2024-11-01,2024-11-01T23:00Z,ORL,CLE,109,120,final,espn
espn:401704700,2024-25,2024-11-01,2024-11-01T23:00Z,NYK,DET,128,98,final,espn
espn:401704701,2024-25,2024-11-01,2024-11-01T23:30Z,SAC,ATL,123,115,final,espn
espn:401704702,2024-25,2024-11-01,2024-11-01T23:30Z,CHI,BKN,112,120,final,espn
espn:401704703,2024-25,2024-11-01,2024-11-01T23:30Z,LAL,TOR,131,125,final,espn
espn:401704704,2024-25,2024-11-01,2024-11-02T00:00Z,IND,NOP,118,125,final,espn
espn:401704705,2024-25,2024-11-01,2024-11-02T01:30Z,DEN,MIN,116,119,final,espn
espn:401704706,2024-25,2024-11-01,2024-11-02T02:00Z,OKC,POR,137,114,final,espn
espn:401704707,2024-25,2024-11-02,2024-11-02T22:00Z,BOS,CHA,113,103,final,espn
espn:401704708,2024-25,2024-11-02,2024-11-02T23:30Z,MEM,PHI,124,107,final,espn
espn:401704709,2024-25,2024-11-02,2024-11-02T23:30Z,SAC,TOR,128,131,final,espn
espn:401704710,2024-25,2024-11-02,2024-11-03T00:00Z,GSW,HOU,127,121,final,espn
espn:401704711,2024-25,2024-11-02,2024-11-03T00:00Z,CLE,MIL,114,113,final,espn
espn:401704712,2024-25,2024-11-02,2024-11-03T00:00Z,MIN,SAS,103,113,final,espn
espn:401704713,2024-25,2024-11-02,2024-11-03T01:30Z,MIA,WAS,118,98,final,espn
espn:401704714,2024-25,2024-11-02,2024-11-03T02:00Z,UTA,DEN,103,129,final,espn
espn:401704715,2024-25,2024-11-02,2024-11-03T02:00Z,POR,PHX,97,103,final,espn
espn:401704716,2024-25,2024-11-02,2024-11-03T02:30Z,OKC,LAC,105,92,final,espn
espn:401704717,2024-25,2024-11-03,2024-11-03T20:30Z,DET,BKN,106,92,final,espn
espn:401704718,2024-25,2024-11-03,2024-11-04T00:00Z,ATL,NOP,126,111,final,espn
espn:401704719,2024-25,2024-11-03,2024-11-04T00:30Z,ORL,DAL,85,108,final,espn
espn:401704720,2024-25,2024-11-04,2024-11-05T00:00Z,MIL,CLE,114,116,final,espn
espn:401704721,2024-25,2024-11-04,2024-11-05T00:15Z,GSW,WAS,125,112,final,espn
espn:401704722,2024-25,2024-11-04,2024-11-05T00:30Z,LAL,DET,103,115,final,espn
espn:401704723,2024-25,2024-11-04,2024-11-05T00:45Z,BOS,ATL,123,93,final,espn
espn:401704724,2024-25,2024-11-04,2024-11-05T01:00Z,MEM,BKN,104,106,final,espn
espn:401704725,2024-25,2024-11-04,2024-11-05T01:15Z,SAC,MIA,111,110,final,espn
espn:401704726,2024-25,2024-11-04,2024-11-05T01:30Z,UTA,CHI,135,126,final,espn
espn:401704727,2024-25,2024-11-04,2024-11-05T01:45Z,NYK,HOU,97,109,final,espn
espn:401704728,2024-25,2024-11-04,2024-11-05T02:00Z,CHA,MIN,93,114,final,espn
espn:401704729,2024-25,2024-11-04,2024-11-05T02:15Z,ORL,OKC,86,102,final,espn
espn:401704730,2024-25,2024-11-04,2024-11-05T02:30Z,POR,NOP,118,100,final,espn
espn:401704731,2024-25,2024-11-04,2024-11-05T02:45Z,IND,DAL,134,127,final,espn
espn:401704732,2024-25,2024-11-04,2024-11-05T03:00Z,TOR,DEN,119,121,final,espn
espn:401704733,2024-25,2024-11-04,2024-11-05T03:15Z,PHI,PHX,116,118,final,espn
espn:401704734,2024-25,2024-11-04,2024-11-05T03:30Z,SAS,LAC,104,113,final,espn
espn:401704735,2024-25,2024-11-06,2024-11-07T00:00Z,DET,CHA,107,108,final,espn
espn:401704736,2024-25,2024-11-06,2024-11-07T00:00Z,ORL,IND,111,118,final,espn
espn:401704737,2024-25,2024-11-06,2024-11-07T00:30Z,NYK,ATL,116,121,final,espn
espn:401704738,2024-25,2024-11-06,2024-11-07T00:30Z,GSW,BOS,118,112,final,espn
espn:401704739,2024-25,2024-11-06,2024-11-07T01:00Z,SAS,HOU,100,127,final,espn
espn:401704740,2024-25,2024-11-06,2024-11-07T01:00Z,LAL,MEM,114,131,final,espn
espn:401704741,2024-25,2024-11-06,2024-11-07T01:00Z,CLE,NOP,131,122,final,espn
espn:401704742,2024-25,2024-11-06,2024-11-07T01:30Z,CHI,DAL,99,119,final,espn
espn:401704743,2024-25,2024-11-06,2024-11-07T02:00Z,OKC,DEN,122,124,final,espn
espn:401704744,2024-25,2024-11-06,2024-11-07T02:00Z,MIA,PHX,112,115,final,espn
espn:401704745,2024-25,2024-11-06,2024-11-07T03:00Z,PHI,LAC,98,110,final,espn
espn:401704746,2024-25,2024-11-06,2024-11-07T03:00Z,TOR,SAC,107,122,final,espn
espn:401704747,2024-25,2024-11-07,2024-11-08T01:00Z,MIN,CHI,135,119,final,espn
espn:401704748,2024-25,2024-11-07,2024-11-08T01:00Z,UTA,MIL,100,123,final,espn
espn:401704749,2024-25,2024-11-07,2024-11-08T01:00Z,POR,SAS,105,118,final,espn
espn:401704750,2024-25,2024-11-08,2024-11-09T00:00Z,IND,CHA,83,103,final,espn
espn:401704751,2024-25,2024-11-08,2024-11-09T00:00Z,ATL,DET,121,122,final,espn
espn:401704752,2024-25,2024-11-08,2024-11-09T00:00Z,NOP,ORL,88,115,final,espn
espn:401704753,2024-25,2024-11-08,2024-11-09T00:30Z,BKN,BOS,104,108,final,espn
espn:401704754,2024-25,2024-11-08,2024-11-09T00:30Z,GSW,CLE,117,136,final,espn
espn:401704755,2024-25,2024-11-08,2024-11-09T00:30Z,MIL,NYK,94,116,final,espn
espn:401704756,2024-25,2024-11-08,2024-11-09T00:30Z,PHX,DAL,114,113,final,espn
espn:401704757,2024-25,2024-11-08,2024-11-09T01:00Z,WAS,MEM,104,128,final,espn
espn:401704758,2024-25,2024-11-08,2024-11-09T01:00Z,HOU,OKC,107,126,final,espn
espn:401704759,2024-25,2024-11-08,2024-11-09T02:00Z,POR,MIN,102,127,final,espn
espn:401704760,2024-25,2024-11-08,2024-11-09T02:00Z,MIA,DEN,122,135,final,espn
espn:401704761,2024-25,2024-11-08,2024-11-09T03:00Z,PHI,LAL,106,116,final,espn
espn:401704762,2024-25,2024-11-08,2024-11-09T03:00Z,LAC,SAC,107,98,final,espn
espn:401704763,2024-25,2024-11-09,2024-11-09T22:00Z,UTA,SAS,111,110,final,espn
espn:401704764,2024-25,2024-11-09,2024-11-10T00:30Z,CHI,ATL,125,113,final,espn
espn:401704765,2024-25,2024-11-09,2024-11-10T00:30Z,BKN,CLE,100,105,final,espn
espn:401704766,2024-25,2024-11-09,2024-11-10T03:30Z,TOR,LAC,103,105,final,espn
espn:401704767,2024-25,2024-11-10,2024-11-10T20:00Z,HOU,DET,101,99,final,espn
espn:401704768,2024-25,2024-11-10,2024-11-10T20:30Z,BOS,MIL,113,107,final,espn
espn:401704769,2024-25,2024-11-10,2024-11-10T22:00Z,NYK,IND,121,132,final,espn
espn:401704770,2024-25,2024-11-10,2024-11-10T23:00Z,WAS,ORL,94,121,final,espn
espn:401704771,2024-25,2024-11-10,2024-11-11T00:00Z,CHA,PHI,105,107,final,espn
espn:401704772,2024-25,2024-11-10,2024-11-11T00:00Z,MIA,MIN,95,94,final,espn
espn:401704773,2024-25,2024-11-10,2024-11-11T00:00Z,GSW,OKC,127,116,final,espn
espn:401704774,2024-25,2024-11-10,2024-11-11T01:00Z,DAL,DEN,120,122,final,espn
espn:401704775,2024-25,2024-11-10,2024-11-11T01:00Z,SAC,PHX,127,118,final,espn
espn:401704776,2024-25,2024-11-10,2024-11-11T02:00Z,MEM,POR,134,89,final,espn
espn:401704777,2024-25,2024-11-10,2024-11-11T02:30Z,TOR,LAL,103,123,final,espn
espn:401704778,2024-25,2024-11-11,2024-11-12T01:00Z,CLE,CHI,119,113,final,espn
espn:401704779,2024-25,2024-11-11,2024-11-12T01:00Z,WAS,HOU,92,107,final,espn
espn:401704780,2024-25,2024-11-11,2024-11-12T01:00Z,BKN,NOP,107,105,final,espn
espn:401704781,2024-25,2024-11-11,2024-11-12T01:00Z,LAC,OKC,128,134,final,espn
espn:401704782,2024-25,2024-11-11,2024-11-12T01:00Z,SAC,SAS,96,116,final,espn
espn:401703370,2024-25,2024-11-12,2024-11-13T00:00Z,ATL,BOS,117,116,final,espn
espn:401703371,2024-25,2024-11-12,2024-11-13T00:00Z,MIA,DET,121,123,final,espn
espn:401703372,2024-25,2024-11-12,2024-11-13T00:00Z,CHA,ORL,89,114,final,espn
espn:401703373,2024-25,2024-11-12,2024-11-13T00:30Z,NYK,PHI,111,99,final,espn
espn:401703374,2024-25,2024-11-12,2024-11-13T01:00Z,TOR,MIL,85,99,final,espn
espn:401703375,2024-25,2024-11-12,2024-11-13T02:00Z,PHX,UTA,120,112,final,espn
espn:401703376,2024-25,2024-11-12,2024-11-13T03:00Z,DAL,GSW,117,120,final,espn
espn:401703377,2024-25,2024-11-12,2024-11-13T03:00Z,MIN,POR,108,122,final,espn
espn:401704783,2024-25,2024-11-13,2024-11-14T00:00Z,IND,ORL,90,94,final,espn
espn:401704784,2024-25,2024-11-13,2024-11-14T00:30Z,BOS,BKN,139,114,final,espn
espn:401704785,2024-25,2024-11-13,2024-11-14T00:30Z,CHI,NYK,124,123,final,espn
espn:401704786,2024-25,2024-11-13,2024-11-14T00:30Z,CLE,PHI,114,106,final,espn
espn:401704787,2024-25,2024-11-13,2024-11-14T00:30Z,NOP,OKC,88,106,final,espn
espn:401704788,2024-25,2024-11-13,2024-11-14T01:00Z,LAC,HOU,103,111,final,espn
espn:401704789,2024-25,2024-11-13,2024-11-14T01:00Z,DET,MIL,120,127,final,espn
espn:401704790,2024-25,2024-11-13,2024-11-14T01:00Z,WAS,SAS,130,139,final,espn
espn:401704791,2024-25,2024-11-13,2024-11-14T03:00Z,MEM,LAL,123,128,final,espn
espn:401704792,2024-25,2024-11-13,2024-11-14T03:00Z,MIN,POR,98,106,final,espn
espn:401704793,2024-25,2024-11-13,2024-11-14T03:00Z,PHX,SAC,104,127,final,espn
espn:401704794,2024-25,2024-11-14,2024-11-15T02:00Z,DAL,UTA,113,115,final,espn
espn:401703378,2024-25,2024-11-15,2024-11-16T00:00Z,MIA,IND,124,111,final,espn
espn:401703379,2024-25,2024-11-15,2024-11-16T00:00Z,PHI,ORL,86,98,final,espn
espn:401703380,2024-25,2024-11-15,2024-11-16T00:00Z,DET,TOR,99,95,final,espn
espn:401703381,2024-25,2024-11-15,2024-11-16T00:30Z,WAS,ATL,117,129,final,espn
espn:401703382,2024-25,2024-11-15,2024-11-16T00:30Z,CHI,CLE,126,144,final,espn
espn:401703383,2024-25,2024-11-15,2024-11-16T00:30Z,BKN,NYK,122,124,final,espn
espn:401703384,2024-25,2024-11-15,2024-11-16T00:30Z,LAL,SAS,120,115,final,espn
espn:401703385,2024-25,2024-11-15,2024-11-16T01:00Z,LAC,HOU,104,125,final,espn
espn:401703386,2024-25,2024-11-15,2024-11-16T01:00Z,DEN,NOP,94,101,final,espn
espn:401703387,2024-25,2024-11-15,2024-11-16T01:00Z,PHX,OKC,83,99,final,espn
espn:401703388,2024-25,2024-11-15,2024-11-16T03:00Z,MEM,GSW,118,123,final,espn
espn:401703389,2024-25,2024-11-15,2024-11-16T03:00Z,MIN,SAC,130,126,final,espn
espn:401704795,2024-25,2024-11-16,2024-11-16T20:00Z,MIL,CHA,114,115,final,espn
espn:401704796,2024-25,2024-11-16,2024-11-17T01:00Z,TOR,BOS,123,126,final,espn
espn:401704797,2024-25,2024-11-16,2024-11-17T01:00Z,LAL,NOP,104,99,final,espn
espn:401704798,2024-25,2024-11-16,2024-11-17T01:30Z,SAS,DAL,93,110,final,espn
espn:401704799,2024-25,2024-11-16,2024-11-17T03:00Z,UTA,SAC,117,121,final,espn
espn:401704800,2024-25,2024-11-17,2024-11-17T20:30Z,PHX,MIN,117,120,final,espn
espn:401704801,2024-25,2024-11-17,2024-11-17T22:00Z,MIA,IND,110,119,final,espn
espn:401704802,2024-25,2024-11-17,2024-11-17T23:00Z,CHA,CLE,114,128,final,espn
espn:401704803,2024-25,2024-11-17,2024-11-17T23:00Z,DET,WAS,124,104,final,espn
espn:401704804,2024-25,2024-11-17,2024-11-17T23:00Z,DEN,MEM,90,105,final,espn
espn:401704805,2024-25,2024-11-17,2024-11-17T23:00Z,ATL,POR,110,114,final,espn
espn:401704806,2024-25,2024-11-17,2024-11-18T00:00Z,BKN,NYK,104,114,final,espn
espn:401704807,2024-25,2024-11-17,2024-11-18T00:00Z,HOU,CHI,143,107,final,espn
espn:401704808,2024-25,2024-11-17,2024-11-18T00:00Z,DAL,OKC,121,119,final,espn
espn:401704809,2024-25,2024-11-17,2024-11-18T02:00Z,UTA,LAC,105,116,final,espn
espn:401704810,2024-25,2024-11-18,2024-11-19T00:00Z,CHI,DET,122,112,final,espn
espn:401704811,2024-25,2024-11-18,2024-11-19T00:30Z,PHI,MIA,89,106,final,espn
espn:401704812,2024-25,2024-11-18,2024-11-19T00:30Z,WAS,NYK,106,134,final,espn
espn:401704813,2024-25,2024-11-18,2024-11-19T00:30Z,IND,TOR,119,130,final,espn
espn:401704814,2024-25,2024-11-18,2024-11-19T01:00Z,HOU,MIL,100,101,final,espn
espn:401704815,2024-25,2024-11-18,2024-11-19T02:00Z,ORL,PHX,109,99,final,espn
espn:401704816,2024-25,2024-11-18,2024-11-19T03:00Z,ATL,SAC,109,108,final,espn
espn:401704817,2024-25,2024-11-18,2024-11-19T03:30Z,GSW,LAC,99,102,final,espn
espn:401703390,2024-25,2024-11-19,2024-11-20T00:00Z,CLE,BOS,117,120,final,espn
espn:401703391,2024-25,2024-11-19,2024-11-20T00:30Z,CHA,BKN,115,116,final,espn
espn:401703392,2024-25,2024-11-19,2024-11-20T01:00Z,DEN,MEM,122,110,final,espn
espn:401703393,2024-25,2024-11-19,2024-11-20T01:30Z,NOP,DAL,91,132,final,espn
espn:401703394,2024-25,2024-11-19,2024-11-20T02:30Z,OKC,SAS,104,110,final,espn
espn:401703395,2024-25,2024-11-19,2024-11-20T03:30Z,UTA,LAL,118,124,final,espn
espn:401704818,2024-25,2024-11-20,2024-11-21T00:30Z,NOP,CLE,100,128,final,espn
espn:401704819,2024-25,2024-11-20,2024-11-21T00:30Z,CHI,MIL,106,122,final,espn
espn:401704820,2024-25,2024-11-20,2024-11-21T01:00Z,IND,HOU,113,130,final,espn
espn:401704821,2024-25,2024-11-20,2024-11-21T01:00Z,PHI,MEM,111,117,final,espn
espn:401704822,2024-25,2024-11-20,2024-11-21T01:00Z,POR,OKC,99,109,final,espn
espn:401704823,2024-25,2024-11-20,2024-11-21T03:00Z,NYK,PHX,138,122,final,espn
espn:401704824,2024-25,2024-11-20,2024-11-21T03:00Z,ATL,GSW,97,120,final,espn
espn:401704825,2024-25,2024-11-20,2024-11-21T03:30Z,ORL,LAC,93,104,final,espn
espn:401704826,2024-25,2024-11-21,2024-11-22T00:00Z,DET,CHA,121,123,final,espn
espn:401704827,2024-25,2024-11-21,2024-11-22T00:30Z,MIN,TOR,105,110,final,espn
espn:401704828,2024-25,2024-11-21,2024-11-22T01:00Z,UTA,SAS,118,126,final,espn
espn:401704829,2024-25,2024-11-21,2024-11-22T03:30Z,ORL,LAL,119,118,final,espn
espn:401703396,2024-25,2024-11-22,2024-11-23T00:00Z,BKN,PHI,98,113,final,espn
espn:401703397,2024-25,2024-11-22,2024-11-23T00:00Z,BOS,WAS,108,96,final,espn
espn:401703398,2024-25,2024-11-22,2024-11-23T01:00Z,IND,MIL,117,129,final,espn
espn:401703399,2024-25,2024-11-22,2024-11-23T01:00Z,ATL,CHI,122,136,final,espn
espn:401703400,2024-25,2024-11-22,2024-11-23T01:00Z,POR,HOU,88,116,final,espn
espn:401703401,2024-25,2024-11-22,2024-11-23T00:30Z,GSW,NOP,112,108,final,espn
espn:401703402,2024-25,2024-11-22,2024-11-23T03:00Z,DAL,DEN,123,120,final,espn
espn:401703403,2024-25,2024-11-22,2024-11-23T03:30Z,SAC,LAC,88,104,final,espn
espn:401704830,2024-25,2024-11-23,2024-11-23T22:00Z,NYK,UTA,106,121,final,espn
espn:401704831,2024-25,2024-11-23,2024-11-24T00:00Z,DET,ORL,100,111,final,espn
espn:401704832,2024-25,2024-11-23,2024-11-24T01:00Z,MEM,CHI,142,131,final,espn
espn:401704833,2024-25,2024-11-23,2024-11-24T01:00Z,POR,HOU,104,98,final,espn
espn:401704834,2024-25,2024-11-23,2024-11-24T01:00Z,CHA,MIL,119,125,final,espn
espn:401704835,2024-25,2024-11-23,2024-11-24T01:30Z,GSW,SAS,94,104,final,espn
espn:401704836,2024-25,2024-11-23,2024-11-24T03:30Z,DEN,LAL,127,102,final,espn
espn:401704837,2024-25,2024-11-24,2024-11-24T20:30Z,MIN,BOS,105,107,final,espn
espn:401704838,2024-25,2024-11-24,2024-11-24T22:00Z,WAS,IND,103,115,final,espn
espn:401704839,2024-25,2024-11-24,2024-11-24T23:00Z,DAL,MIA,118,123,final,espn
espn:401704840,2024-25,2024-11-24,2024-11-24T23:00Z,LAC,PHI,125,99,final,espn
espn:401704841,2024-25,2024-11-24,2024-11-25T00:30Z,TOR,CLE,108,122,final,espn
espn:401704842,2024-25,2024-11-24,2024-11-25T02:00Z,BKN,SAC,108,103,final,espn
espn:401704843,2024-25,2024-11-25,2024-11-26T00:00Z,ORL,CHA,95,84,final,espn
espn:401704844,2024-25,2024-11-25,2024-11-26T00:00Z,TOR,DET,100,102,final,espn
espn:401704845,2024-25,2024-11-25,2024-11-26T00:00Z,NOP,IND,110,114,final,espn
espn:401704846,2024-25,2024-11-25,2024-11-26T00:30Z,DAL,ATL,129,119,final,espn
espn:401704847,2024-25,2024-11-25,2024-11-26T00:30Z,LAC,BOS,94,126,final,espn
espn:401704848,2024-25,2024-11-25,2024-11-26T01:00Z,POR,MEM,98,123,final,espn
espn:401704849,2024-25,2024-11-25,2024-11-26T02:00Z,NYK,DEN,145,118,final,espn
espn:401704850,2024-25,2024-11-25,2024-11-26T03:00Z,BKN,GSW,128,120,final,espn
espn:401704851,2024-25,2024-11-25,2024-11-26T03:00Z,OKC,SAC,130,109,final,espn
espn:401703404,2024-25,2024-11-26,2024-11-27T00:00Z,CHI,WAS,127,108,final,espn
espn:401703405,2024-25,2024-11-26,2024-11-27T00:30Z,MIL,MIA,106,103,final,espn
espn:401703406,2024-25,2024-11-26,2024-11-27T01:00Z,HOU,MIN,117,111,final,espn
espn:401703407,2024-25,2024-11-26,2024-11-27T02:00Z,SAS,UTA,128,115,final,espn
espn:401703408,2024-25,2024-11-26,2024-11-27T03:00Z,LAL,PHX,100,127,final,espn
espn:401704852,2024-25,2024-11-27,2024-11-28T00:00Z,MIA,CHA,98,94,final,espn
espn:401704853,2024-25,2024-11-27,2024-11-28T00:00Z,ATL,CLE,135,124,final,espn
espn:401704854,2024-25,2024-11-27,2024-11-28T00:00Z,POR,IND,114,121,final,espn
espn:401704855,2024-25,2024-11-27,2024-11-28T00:00Z,CHI,ORL,119,133,final,espn
espn:401704856,2024-25,2024-11-27,2024-11-28T00:00Z,HOU,PHI,122,115,final,espn
espn:401704857,2024-25,2024-11-27,2024-11-28T00:00Z,LAC,WAS,121,96,final,espn
espn:401704858,2024-25,2024-11-27,2024-11-28T00:30Z,NYK,DAL,114,129,final,espn
espn:401704859,2024-25,2024-11-27,2024-11-28T01:00Z,DET,MEM,111,131,final,espn
espn:401704860,2024-25,2024-11-27,2024-11-28T01:00Z,SAC,MIN,115,104,final,espn
espn:401704861,2024-25,2024-11-27,2024-11-28T01:00Z,TOR,NOP,119,93,final,espn
espn:401704862,2024-25,2024-11-27,2024-11-28T01:30Z,LAL,SAS,119,101,final,espn
espn:401704863,2024-25,2024-11-27,2024-11-28T02:00Z,BKN,PHX,127,117,final,espn
espn:401704864,2024-25,2024-11-27,2024-11-28T02:00Z,DEN,UTA,122,103,final,espn
espn:401704865,2024-25,2024-11-27,2024-11-28T03:00Z,OKC,GSW,105,101,final,espn
espn:401703409,2024-25,2024-11-29,2024-11-29T17:00Z,NYK,CHA,99,98,final,espn
espn:401703410,2024-25,2024-11-29,2024-11-29T19:30Z,CLE,ATL,101,117,final,espn
espn:401703411,2024-25,2024-11-29,2024-11-29T22:00Z,NOP,MEM,109,120,final,espn
espn:401703412,2024-25,2024-11-29,2024-11-30T00:30Z,ORL,BKN,123,100,final,espn
espn:401703413,2024-25,2024-11-29,2024-11-30T00:30Z,LAC,MIN,92,93,final,espn
espn:401703414,2024-25,2024-11-29,2024-11-30T01:00Z,DET,IND,130,106,final,espn
espn:401703415,2024-25,2024-11-29,2024-11-30T01:00Z,TOR,MIA,111,121,final,espn
espn:401703416,2024-25,2024-11-29,2024-11-30T01:00Z,BOS,CHI,138,129,final,espn
espn:401703417,2024-25,2024-11-29,2024-11-30T03:00Z,OKC,LAL,101,93,final,espn
espn:401703418,2024-25,2024-11-29,2024-11-30T03:00Z,SAC,POR,106,115,final,espn
espn:401704866,2024-25,2024-11-30,2024-11-30T23:00Z,ATL,CHA,107,104,final,espn
espn:401704867,2024-25,2024-11-30,2024-12-01T00:00Z,PHI,DET,111,96,final,espn
espn:401704868,2024-25,2024-11-30,2024-12-01T01:00Z,WAS,MIL,114,124,final,espn
espn:401704869,2024-25,2024-11-30,2024-12-01T02:00Z,GSW,PHX,105,113,final,espn
espn:401704870,2024-25,2024-11-30,2024-12-01T02:30Z,DAL,UTA,106,94,final,espn
espn:401704871,2024-25,2024-12-01,2024-12-01T20:30Z,ORL,BKN,100,92,final,espn
espn:401704872,2024-25,2024-12-01,2024-12-01T20:30Z,IND,MEM,121,136,final,espn
espn:401704873,2024-25,2024-12-01,2024-12-01T23:00Z,BOS,CLE,111,115,final,espn
espn:401704874,2024-25,2024-12-01,2024-12-01T23:00Z,NOP,NYK,85,118,final,espn
espn:401704875,2024-25,2024-12-01,2024-12-01T23:00Z,MIA,TOR,116,119,final,espn
espn:401704876,2024-25,2024-12-01,2024-12-02T00:00Z,OKC,HOU,116,119,final,espn
espn:401704877,2024-25,2024-12-01,2024-12-02T01:00Z,LAL,UTA,105,104,final,espn
espn:401704878,2024-25,2024-12-01,2024-12-02T02:00Z,DAL,POR,137,131,final,espn
espn:401704879,2024-25,2024-12-01,2024-12-02T02:00Z,SAS,SAC,127,125,final,espn
espn:401704880,2024-25,2024-12-01,2024-12-02T03:00Z,DEN,LAC,122,126,final,espn
espn:401704881,2024-25,2024-12-02,2024-12-03T00:30Z,NOP,ATL,112,124,final,espn
espn:401704882,2024-25,2024-12-02,2024-12-03T00:30Z,MIA,BOS,89,108,final,espn
espn:401704883,2024-25,2024-12-02,2024-12-03T01:00Z,BKN,CHI,102,128,final,espn
espn:401704884,2024-25,2024-12-02,2024-12-03T01:00Z,LAL,MIN,80,109,final,espn
espn:401703419,2024-25,2024-12-03,2024-12-04T00:00Z,PHI,CHA,110,104,final,espn
espn:401703420,2024-25,2024-12-03,2024-12-04T00:00Z,WAS,CLE,87,118,final,espn
espn:401703421,2024-25,2024-12-03,2024-12-04T00:00Z,MIL,DET,128,107,final,espn
espn:401703422,2024-25,2024-12-03,2024-12-04T00:30Z,ORL,NYK,106,121,final,espn
espn:401703423,2024-25,2024-12-03,2024-12-04T00:30Z,IND,TOR,111,122,final,espn
espn:401703424,2024-25,2024-12-03,2024-12-04T01:00Z,UTA,OKC,106,133,final,espn
espn:401703425,2024-25,2024-12-03,2024-12-04T01:30Z,MEM,DAL,116,121,final,espn
espn:401703426,2024-25,2024-12-03,2024-12-04T02:00Z,SAS,PHX,93,104,final,espn
espn:401703427,2024-25,2024-12-03,2024-12-04T03:00Z,GSW,DEN,115,119,final,espn
espn:401703428,2024-25,2024-12-03,2024-12-04T03:00Z,HOU,SAC,111,120,final,espn
espn:401703429,2024-25,2024-12-03,2024-12-04T03:30Z,POR,LAC,105,127,final,espn
espn:401704885,2024-25,2024-12-04,2024-12-05T00:30Z,DET,BOS,120,130,final,espn
espn:401704886,2024-25,2024-12-04,2024-12-05T00:30Z,IND,BKN,90,99,final,espn
espn:401704887,2024-25,2024-12-04,2024-12-05T00:30Z,LAL,MIA,93,134,final,espn
espn:401704888,2024-25,2024-12-04,2024-12-05T00:30Z,ORL,PHI,106,102,final,espn
espn:401704889,2024-25,2024-12-04,2024-12-05T01:00Z,ATL,MIL,119,104,final,espn
espn:401704890,2024-25,2024-12-04,2024-12-05T03:30Z,MIN,LAC,108,80,final,espn
espn:401704891,2024-25,2024-12-05,2024-12-06T00:00Z,DEN,CLE,114,126,final,espn
espn:401704892,2024-25,2024-12-05,2024-12-06T00:00Z,DAL,WAS,137,101,final,espn
espn:401704893,2024-25,2024-12-05,2024-12-06T00:30Z,CHA,NYK,101,125,final,espn
espn:401704894,2024-25,2024-12-05,2024-12-06T00:30Z,OKC,TOR,129,92,final,espn
espn:401704895,2024-25,2024-12-05,2024-12-06T01:00Z,SAC,MEM,110,115,final,espn
espn:401704896,2024-25,2024-12-05,2024-12-06T01:00Z,PHX,NOP,124,126,final,espn
espn:401704897,2024-25,2024-12-05,2024-12-06T01:00Z,CHI,SAS,139,124,final,espn
espn:401704898,2024-25,2024-12-05,2024-12-06T03:00Z,HOU,GSW,93,99,final,espn
espn:401704899,2024-25,2024-12-06,2024-12-07T00:00Z,ORL,PHI,94,102,final,espn
espn:401704900,2024-25,2024-12-06,2024-12-07T00:30Z,LAL,ATL,132,134,final,espn
espn:401704901,2024-25,2024-12-06,2024-12-07T00:30Z,MIL,BOS,105,111,final,espn
espn:401704902,2024-25,2024-12-06,2024-12-07T01:00Z,IND,CHI,132,123,final,espn
espn:401704903,2024-25,2024-12-06,2024-12-07T01:00Z,SAC,SAS,140,113,final,espn
espn:401704904,2024-25,2024-12-06,2024-12-07T03:00Z,MIN,GSW,107,90,final,espn
espn:401704905,2024-25,2024-12-06,2024-12-07T03:00Z,UTA,POR,141,99,final,espn
espn:401704906,2024-25,2024-12-07,2024-12-07T18:00Z,CLE,CHA,116,102,final,espn
espn:401704907,2024-25,2024-12-07,2024-12-08T00:00Z,DEN,WAS,113,122,final,espn
espn:401704908,2024-25,2024-12-07,2024-12-08T00:00Z,OKC,NOP,119,109,final,espn
espn:401704909,2024-25,2024-12-07,2024-12-08T00:30Z,DET,NYK,120,111,final,espn
espn:401704910,2024-25,2024-12-07,2024-12-08T00:30Z,DAL,TOR,125,118,final,espn
espn:401704911,2024-25,2024-12-07,2024-12-08T01:00Z,MEM,BOS,127,121,final,espn
espn:401704912,2024-25,2024-12-07,2024-12-08T01:00Z,PHX,MIA,111,121,final,espn
espn:401704913,2024-25,2024-12-08,2024-12-08T18:00Z,PHI,CHI,108,100,final,espn
espn:401704914,2024-25,2024-12-08,2024-12-08T20:30Z,MIL,BKN,118,113,final,espn
espn:401704915,2024-25,2024-12-08,2024-12-08T22:00Z,CHA,IND,113,109,final,espn
espn:401704916,2024-25,2024-12-08,2024-12-08T23:00Z,DEN,ATL,141,111,final,espn
espn:401704917,2024-25,2024-12-08,2024-12-08T23:00Z,CLE,MIA,113,122,final,espn
espn:401704918,2024-25,2024-12-08,2024-12-08T23:30Z,PHX,ORL,110,115,final,espn
espn:401704919,2024-25,2024-12-08,2024-12-09T00:00Z,MEM,WAS,140,112,final,espn
espn:401704920,2024-25,2024-12-08,2024-12-09T00:00Z,NOP,SAS,116,121,final,espn
espn:401704921,2024-25,2024-12-08,2024-12-09T01:30Z,MIN,GSW,106,114,final,espn
espn:401704922,2024-25,2024-12-08,2024-12-09T02:00Z,HOU,LAC,117,106,final,espn
espn:401704923,2024-25,2024-12-08,2024-12-09T02:00Z,UTA,SAC,97,141,final,espn
espn:401704924,2024-25,2024-12-08,2024-12-09T02:30Z,POR,LAL,98,107,final,espn
espn:401704925,2024-25,2024-12-09,2024-12-10T00:30Z,NYK,TOR,113,108,final,espn
espn:401734902,2024-25,2024-12-10,2024-12-11T00:00Z,ORL,MIL,109,114,final,espn
espn:401734903,2024-25,2024-12-10,2024-12-11T02:30Z,DAL,OKC,104,118,final,espn
espn:401734904,2024-25,2024-12-11,2024-12-12T00:00Z,ATL,NYK,108,100,final,espn
espn:401734905,2024-25,2024-12-11,2024-12-12T02:30Z,GSW,HOU,90,91,final,espn
espn:401736799,2024-25,2024-12-12,2024-12-13T00:30Z,DET,BOS,99,123,final,espn
espn:401736800,2024-25,2024-12-12,2024-12-13T00:30Z,TOR,MIA,104,114,final,espn
espn:401736801,2024-25,2024-12-12,2024-12-13T01:00Z,SAC,NOP,111,109,final,espn
espn:401736802,2024-25,2024-12-13,2024-12-14T00:00Z,WAS,CLE,105,115,final,espn
espn:401736803,2024-25,2024-12-13,2024-12-14T00:00Z,IND,PHI,121,107,final,espn
espn:401736804,2024-25,2024-12-13,2024-12-14T01:00Z,LAL,MIN,87,97,final,espn
espn:401736805,2024-25,2024-12-13,2024-12-14T01:00Z,BKN,MEM,119,135,final,espn
espn:401736806,2024-25,2024-12-13,2024-12-14T01:00Z,CHA,CHI,95,109,final,espn
espn:401736807,2024-25,2024-12-13,2024-12-14T02:00Z,LAC,DEN,98,120,final,espn
espn:401736808,2024-25,2024-12-13,2024-12-14T02:30Z,PHX,UTA,134,126,final,espn
espn:401736809,2024-25,2024-12-13,2024-12-14T03:00Z,SAS,POR,118,116,final,espn
espn:401734906,2024-25,2024-12-14,2024-12-14T21:30Z,ATL,MIL,102,110,final,espn
espn:401734907,2024-25,2024-12-14,2024-12-15T01:30Z,HOU,OKC,96,111,final,espn
espn:401736810,2024-25,2024-12-15,2024-12-15T22:00Z,NOP,IND,104,119,final,espn
espn:401736811,2024-25,2024-12-15,2024-12-15T23:00Z,BOS,WAS,112,98,final,espn
espn:401736812,2024-25,2024-12-15,2024-12-16T00:00Z,MIN,SAS,106,92,final,espn
espn:401736813,2024-25,2024-12-15,2024-12-16T01:00Z,POR,PHX,109,116,final,espn
espn:401736814,2024-25,2024-12-15,2024-12-16T02:30Z,MEM,LAL,110,116,final,espn
espn:401737902,2024-25,2024-12-15,2024-12-15T23:00Z,NYK,ORL,100,91,final,espn
espn:401737912,2024-25,2024-12-15,2024-12-16T01:30Z,DAL,GSW,143,133,final,espn
espn:401736815,2024-25,2024-12-16,2024-12-17T00:00Z,PHI,CHA,121,108,final,espn
espn:401736816,2024-25,2024-12-16,2024-12-17T00:00Z,MIA,DET,124,125,final,espn
espn:401736817,2024-25,2024-12-16,2024-12-17T00:30Z,CHI,TOR,122,121,final,espn
espn:401736818,2024-25,2024-12-16,2024-12-17T00:30Z,CLE,BKN,130,101,final,espn
espn:401736819,2024-25,2024-12-16,2024-12-17T03:00Z,DEN,SAC,130,129,final,espn
espn:401736820,2024-25,2024-12-16,2024-12-17T03:30Z,UTA,LAC,107,144,final,espn
espn:401734908,2024-25,2024-12-17,2024-12-18T01:30Z,MIL,OKC,97,81,final,espn
espn:401704926,2024-25,2024-12-19,2024-12-20T00:00Z,UTA,DET,126,119,final,espn
espn:401704927,2024-25,2024-12-19,2024-12-20T00:00Z,OKC,ORL,105,99,final,espn
espn:401704928,2024-25,2024-12-19,2024-12-20T00:00Z,CHA,WAS,114,123,final,espn
espn:401704929,2024-25,2024-12-19,2024-12-20T00:30Z,CHI,BOS,117,108,final,espn
espn:401704930,2024-25,2024-12-19,2024-12-20T00:30Z,BKN,TOR,101,94,final,espn
espn:401704931,2024-25,2024-12-19,2024-12-20T01:00Z,NOP,HOU,113,133,final,espn
espn:401704932,2024-25,2024-12-19,2024-12-20T01:00Z,GSW,MEM,93,144,final,espn
espn:401704933,2024-25,2024-12-19,2024-12-20T02:30Z,NYK,MIN,133,107,final,espn
espn:401704934,2024-25,2024-12-19,2024-12-20T01:30Z,LAC,DAL,118,95,final,espn
espn:401704935,2024-25,2024-12-19,2024-12-20T02:00Z,IND,PHX,120,111,final,espn
espn:401704936,2024-25,2024-12-19,2024-12-20T01:00Z,ATL,SAS,126,133,final,espn
espn:401704937,2024-25,2024-12-19,2024-12-20T03:00Z,DEN,POR,124,126,final,espn
espn:401704938,2024-25,2024-12-19,2024-12-20T03:00Z,LAL,SAC,113,100,final,espn
espn:401704939,2024-25,2024-12-20,2024-12-21T00:00Z,CHA,PHI,98,108,final,espn
espn:401704940,2024-25,2024-12-20,2024-12-21T00:30Z,MIL,CLE,101,124,final,espn
espn:401704941,2024-25,2024-12-20,2024-12-21T01:00Z,OKC,MIA,104,97,final,espn
espn:401704942,2024-25,2024-12-21,2024-12-21T23:00Z,LAL,SAC,103,99,final,espn
espn:401704943,2024-25,2024-12-21,2024-12-22T00:00Z,MIA,ORL,114,121,final,espn
espn:401704944,2024-25,2024-12-21,2024-12-22T00:30Z,MEM,ATL,128,112,final,espn
espn:401704945,2024-25,2024-12-21,2024-12-22T00:30Z,UTA,BKN,105,94,final,espn
espn:401704946,2024-25,2024-12-21,2024-12-22T01:00Z,PHI,CLE,99,126,final,espn
espn:401704947,2024-25,2024-12-21,2024-12-22T01:00Z,BOS,CHI,123,98,final,espn
espn:401704948,2024-25,2024-12-21,2024-12-22T01:00Z,WAS,MIL,101,112,final,espn
espn:401704949,2024-25,2024-12-21,2024-12-22T01:00Z,GSW,MIN,113,103,final,espn
espn:401704950,2024-25,2024-12-21,2024-12-22T01:00Z,NYK,NOP,104,93,final,espn
espn:401704951,2024-25,2024-12-21,2024-12-22T01:30Z,LAC,DAL,97,113,final,espn
espn:401704952,2024-25,2024-12-21,2024-12-22T01:30Z,POR,SAS,94,114,final,espn
espn:401704953,2024-25,2024-12-21,2024-12-22T02:00Z,DET,PHX,133,125,final,espn
espn:401704954,2024-25,2024-12-22,2024-12-22T23:00Z,HOU,TOR,114,110,final,espn
espn:401704955,2024-25,2024-12-22,2024-12-22T23:00Z,IND,SAC,122,95,final,espn
espn:401704956,2024-25,2024-12-22,2024-12-23T00:00Z,DEN,NOP,132,129,final,espn
espn:401704957,2024-25,2024-12-23,2024-12-24T00:00Z,HOU,CHA,114,101,final,espn
espn:401704958,2024-25,2024-12-23,2024-12-24T00:00Z,UTA,CLE,113,124,final,espn
espn:401704959,2024-25,2024-12-23,2024-12-24T00:00Z,BOS,ORL,104,108,final,espn
espn:401704960,2024-25,2024-12-23,2024-12-24T00:00Z,SAS,PHI,106,111,final,espn
espn:401704961,2024-25,2024-12-23,2024-12-24T00:30Z,MIN,ATL,104,117,final,espn
espn:401704962,2024-25,2024-12-23,2024-12-24T00:30Z,BKN,MIA,95,110,final,espn
espn:401704963,2024-25,2024-12-23,2024-12-24T00:30Z,TOR,NYK,125,139,final,espn
espn:401704964,2024-25,2024-12-23,2024-12-24T01:00Z,MIL,CHI,112,91,final,espn
espn:401704965,2024-25,2024-12-23,2024-12-24T01:00Z,LAC,MEM,114,110,final,espn
espn:401704966,2024-25,2024-12-23,2024-12-24T01:00Z,WAS,OKC,105,123,final,espn
espn:401704967,2024-25,2024-12-23,2024-12-24T01:30Z,POR,DAL,108,132,final,espn
espn:401704968,2024-25,2024-12-23,2024-12-24T03:00Z,PHX,DEN,90,117,final,espn
espn:401704969,2024-25,2024-12-23,2024-12-24T03:00Z,IND,GSW,111,105,final,espn
espn:401704970,2024-25,2024-12-23,2024-12-24T03:30Z,DET,LAL,117,114,final,espn
espn:401704971,2024-25,2024-12-25,2024-12-25T17:00Z,SAS,NYK,114,117,final,espn
espn:401704972,2024-25,2024-12-25,2024-12-25T19:30Z,MIN,DAL,105,99,final,espn
espn:401704973,2024-25,2024-12-25,2024-12-25T22:00Z,PHI,BOS,118,114,final,espn
espn:401704974,2024-25,2024-12-25,2024-12-26T01:00Z,LAL,GSW,115,113,final,espn
espn:401704975,2024-25,2024-12-25,2024-12-26T03:30Z,DEN,PHX,100,110,final,espn
espn:401704976,2024-25,2024-12-26,2024-12-27T00:00Z,OKC,IND,120,114,final,espn
espn:401704977,2024-25,2024-12-26,2024-12-27T00:00Z,MIA,ORL,89,88,final,espn
espn:401704978,2024-25,2024-12-26,2024-12-27T00:00Z,CHA,WAS,110,113,final,espn
espn:401704979,2024-25,2024-12-26,2024-12-27T00:30Z,CHI,ATL,133,141,final,espn
espn:401704980,2024-25,2024-12-26,2024-12-27T01:00Z,TOR,MEM,126,155,final,espn
espn:401704981,2024-25,2024-12-26,2024-12-27T01:00Z,BKN,MIL,111,105,final,espn
espn:401704982,2024-25,2024-12-26,2024-12-27T01:00Z,HOU,NOP,128,111,final,espn
espn:401704983,2024-25,2024-12-26,2024-12-27T03:00Z,UTA,POR,120,122,final,espn
espn:401704984,2024-25,2024-12-26,2024-12-27T03:00Z,DET,SAC,114,113,final,espn
espn:401704985,2024-25,2024-12-27,2024-12-28T00:00Z,NYK,ORL,108,85,final,espn
espn:401704986,2024-25,2024-12-27,2024-12-28T00:30Z,IND,BOS,105,142,final,espn
espn:401704987,2024-25,2024-12-27,2024-12-28T00:30Z,SAS,BKN,96,87,final,espn
espn:401704988,2024-25,2024-12-27,2024-12-28T01:00Z,MIN,HOU,113,112,final,espn
espn:401704989,2024-25,2024-12-27,2024-12-28T01:00Z,MEM,NOP,132,124,final,espn
espn:401704990,2024-25,2024-12-27,2024-12-28T02:00Z,CLE,DEN,149,135,final,espn
espn:401704991,2024-25,2024-12-27,2024-12-28T02:00Z,DAL,PHX,98,89,final,espn
espn:401704992,2024-25,2024-12-27,2024-12-28T03:00Z,GSW,LAC,92,102,final,espn
espn:401704993,2024-25,2024-12-28,2024-12-28T20:00Z,MIA,ATL,110,120,final,espn
espn:401704994,2024-25,2024-12-28,2024-12-28T23:00Z,OKC,CHA,106,94,final,espn
espn:401704995,2024-25,2024-12-28,2024-12-29T00:00Z,NYK,WAS,136,132,final,espn
espn:401704996,2024-25,2024-12-28,2024-12-29T01:00Z,MIL,CHI,111,116,final,espn
espn:401704997,2024-25,2024-12-28,2024-12-29T01:30Z,PHX,GSW,105,109,final,espn
espn:401704998,2024-25,2024-12-28,2024-12-29T02:00Z,DET,DEN,121,134,final,espn
espn:401704999,2024-25,2024-12-28,2024-12-29T02:30Z,PHI,UTA,114,111,final,espn
espn:401705000,2024-25,2024-12-28,2024-12-29T03:00Z,DAL,POR,122,126,final,espn
espn:401705001,2024-25,2024-12-28,2024-12-29T03:30Z,SAC,LAL,122,132,final,espn
espn:401705002,2024-25,2024-12-29,2024-12-29T20:30Z,BKN,ORL,101,102,final,espn
espn:401705003,2024-25,2024-12-29,2024-12-29T23:00Z,IND,BOS,123,114,final,espn
espn:401705004,2024-25,2024-12-29,2024-12-29T23:00Z,ATL,TOR,136,107,final,espn
espn:401705005,2024-25,2024-12-29,2024-12-30T00:00Z,MIA,HOU,104,100,final,espn
espn:401705006,2024-25,2024-12-29,2024-12-30T00:00Z,MEM,OKC,106,130,final,espn
espn:401705007,2024-25,2024-12-29,2024-12-30T02:00Z,SAS,MIN,110,112,final,espn
espn:401705008,2024-25,2024-12-30,2024-12-31T00:00Z,CHI,CHA,115,108,final,espn
espn:401705009,2024-25,2024-12-30,2024-12-31T00:00Z,NYK,WAS,126,106,final,espn
espn:401705010,2024-25,2024-12-30,2024-12-31T01:00Z,LAC,NOP,116,113,final,espn
espn:401705011,2024-25,2024-12-30,2024-12-31T02:00Z,DEN,UTA,132,121,final,espn
espn:401705012,2024-25,2024-12-30,2024-12-31T03:00Z,CLE,GSW,113,95,final,espn
espn:401705013,2024-25,2024-12-30,2024-12-31T03:00Z,PHI,POR,125,103,final,espn
espn:401705014,2024-25,2024-12-30,2024-12-31T03:00Z,DAL,SAC,100,110,final,espn
espn:401705015,2024-25,2024-12-31,2024-12-31T20:00Z,TOR,BOS,71,125,final,espn
espn:401705016,2024-25,2024-12-31,2024-12-31T20:00Z,MIL,IND,120,112,final,espn
espn:401705017,2024-25,2024-12-31,2025-01-01T00:00Z,LAC,SAS,86,122,final,espn
espn:401705018,2024-25,2024-12-31,2025-01-01T01:00Z,MIN,OKC,105,113,final,espn
espn:401705019,2024-25,2024-12-31,2025-01-01T02:00Z,MEM,PHX,117,112,final,espn
espn:401705020,2024-25,2024-12-31,2025-01-01T02:00Z,CLE,LAL,122,110,final,espn
espn:401705021,2024-25,2025-01-01,2025-01-02T00:00Z,ORL,DET,96,105,final,espn
espn:401705022,2024-25,2025-01-01,2025-01-02T00:00Z,CHI,WAS,107,125,final,espn
espn:401705023,2024-25,2025-01-01,2025-01-02T00:30Z,NOP,MIA,108,119,final,espn
espn:401705024,2024-25,2025-01-01,2025-01-02T00:30Z,UTA,NYK,103,119,final,espn
espn:401705025,2024-25,2025-01-01,2025-01-02T00:30Z,BKN,TOR,113,130,final,espn
espn:401705026,2024-25,2025-01-01,2025-01-02T01:00Z,DAL,HOU,99,110,final,espn
espn:401705027,2024-25,2025-01-01,2025-01-02T02:00Z,ATL,DEN,120,139,final,espn
espn:401705028,2024-25,2025-01-01,2025-01-02T03:00Z,PHI,SAC,107,113,final,espn
espn:401705029,2024-25,2025-01-02,2025-01-03T00:30Z,IND,MIA,128,115,final,espn
espn:401705030,2024-25,2025-01-02,2025-01-03T00:30Z,BOS,MIN,118,115,final,espn
espn:401705031,2024-25,2025-01-02,2025-01-03T01:00Z,BKN,MIL,113,110,final,espn
espn:401705032,2024-25,2025-01-02,2025-01-03T01:00Z,LAC,OKC,98,116,final,espn
espn:401705033,2024-25,2025-01-02,2025-01-03T03:00Z,PHI,GSW,105,139,final,espn
espn:401705034,2024-25,2025-01-02,2025-01-03T03:30Z,POR,LAL,106,114,final,espn
espn:401705035,2024-25,2025-01-03,2025-01-04T00:00Z,CHA,DET,94,98,final,espn
espn:401705036,2024-25,2025-01-03,2025-01-04T00:30Z,ORL,TOR,106,97,final,espn
espn:401705037,2024-25,2025-01-03,2025-01-04T01:00Z,BOS,HOU,109,86,final,espn
espn:401705038,2024-25,2025-01-03,2025-01-04T01:00Z,WAS,NOP,120,132,final,espn
espn:401705039,2024-25,2025-01-03,2025-01-04T01:00Z,NYK,OKC,107,117,final,espn
espn:401705040,2024-25,2025-01-03,2025-01-04T01:30Z,CLE,DAL,134,122,final,espn
espn:401705041,2024-25,2025-01-03,2025-01-04T02:00Z,SAS,DEN,113,110,final,espn
espn:401705042,2024-25,2025-01-03,2025-01-04T03:00Z,MEM,SAC,133,138,final,espn
espn:401705043,2024-25,2025-01-03,2025-01-04T03:30Z,ATL,LAL,102,119,final,espn
espn:401705044,2024-25,2025-01-04,2025-01-04T23:00Z,PHI,BKN,123,94,final,espn
espn:401705045,2024-25,2025-01-04,2025-01-05T00:00Z,MIN,DET,105,119,final,espn
espn:401705046,2024-25,2025-01-04,2025-01-05T00:00Z,PHX,IND,108,126,final,espn
espn:401705047,2024-25,2025-01-04,2025-01-05T01:00Z,UTA,MIA,136,100,final,espn
espn:401705048,2024-25,2025-01-04,2025-01-05T01:00Z,NYK,CHI,126,139,final,espn
espn:401705049,2024-25,2025-01-04,2025-01-05T01:00Z,POR,MIL,105,102,final,espn
espn:401705050,2024-25,2025-01-04,2025-01-05T01:00Z,DEN,SAS,122,111,final,espn
espn:401705051,2024-25,2025-01-04,2025-01-05T01:30Z,MEM,GSW,113,121,final,espn
espn:401705052,2024-25,2025-01-04,2025-01-05T03:30Z,ATL,LAC,105,131,final,espn
espn:401705053,2024-25,2025-01-05,2025-01-05T20:30Z,BOS,OKC,92,105,final,espn
espn:401705054,2024-25,2025-01-05,2025-01-05T23:00Z,CHA,CLE,105,115,final,espn
espn:401705055,2024-25,2025-01-05,2025-01-05T23:00Z,NOP,WAS,110,98,final,espn
espn:401705056,2024-25,2025-01-05,2025-01-05T23:30Z,UTA,ORL,105,92,final,espn
espn:401705057,2024-25,2025-01-05,2025-01-06T00:00Z,LAL,HOU,115,119,final,espn
espn:401705058,2024-25,2025-01-05,2025-01-06T01:30Z,SAC,GSW,129,99,final,espn
espn:401705059,2024-25,2025-01-06,2025-01-07T00:00Z,POR,DET,115,118,final,espn
espn:401705060,2024-25,2025-01-06,2025-01-07T00:00Z,PHX,PHI,109,99,final,espn
espn:401705061,2024-25,2025-01-06,2025-01-07T00:30Z,IND,BKN,113,99,final,espn
espn:401705062,2024-25,2025-01-06,2025-01-07T00:30Z,ORL,NYK,103,94,final,espn
espn:401705063,2024-25,2025-01-06,2025-01-07T00:30Z,MIL,TOR,128,104,final,espn
espn:401705064,2024-25,2025-01-06,2025-01-07T01:00Z,SAS,CHI,110,114,final,espn
espn:401705065,2024-25,2025-01-06,2025-01-07T01:00Z,DAL,MEM,104,119,final,espn
espn:401705066,2024-25,2025-01-06,2025-01-07T01:00Z,LAC,MIN,106,108,final,espn
espn:401705067,2024-25,2025-01-06,2025-01-07T03:00Z,MIA,SAC,118,123,final,espn
espn:401705068,2024-25,2025-01-07,2025-01-08T00:00Z,PHX,CHA,104,115,final,espn
espn:401705069,2024-25,2025-01-07,2025-01-08T00:00Z,HOU,WAS,135,112,final,espn
espn:401705070,2024-25,2025-01-07,2025-01-08T00:30Z,LAL,DAL,97,118,final,espn
espn:401705071,2024-25,2025-01-07,2025-01-08T01:00Z,MIN,NOP,104,97,final,espn
espn:401705072,2024-25,2025-01-07,2025-01-08T02:00Z,ATL,UTA,124,121,final,espn
espn:401705073,2024-25,2025-01-07,2025-01-08T03:00Z,BOS,DEN,118,106,final,espn
espn:401705074,2024-25,2025-01-07,2025-01-08T03:00Z,MIA,GSW,114,98,final,espn
espn:401705075,2024-25,2025-01-08,2025-01-09T00:00Z,OKC,CLE,122,129,final,espn
espn:401705076,2024-25,2025-01-08,2025-01-09T00:00Z,CHI,IND,113,129,final,espn
espn:401705077,2024-25,2025-01-08,2025-01-09T00:30Z,TOR,NYK,98,112,final,espn
espn:401705078,2024-25,2025-01-08,2025-01-09T00:00Z,WAS,PHI,103,109,final,espn
espn:401705079,2024-25,2025-01-08,2025-01-09T00:30Z,DET,BKN,113,98,final,espn
espn:401705080,2024-25,2025-01-08,2025-01-09T01:00Z,POR,NOP,119,100,final,espn
espn:401705081,2024-25,2025-01-08,2025-01-09T02:00Z,LAC,DEN,103,126,final,espn
espn:401705082,2024-25,2025-01-08,2025-01-09T02:30Z,SAS,MIL,105,121,final,espn
espn:401705083,2024-25,2025-01-09,2025-01-10T00:00Z,TOR,CLE,126,132,final,espn
espn:401705084,2024-25,2025-01-09,2025-01-10T00:00Z,GSW,DET,107,104,final,espn
espn:401705085,2024-25,2025-01-09,2025-01-10T00:00Z,MIN,ORL,104,89,final,espn
espn:401705086,2024-25,2025-01-09,2025-01-10T01:00Z,HOU,MEM,119,115,final,espn
espn:401705087,2024-25,2025-01-09,2025-01-10T00:30Z,POR,DAL,111,117,final,espn
espn:401705088,2024-25,2025-01-09,2025-01-10T02:00Z,ATL,PHX,115,123,final,espn
espn:401705089,2024-25,2025-01-09,2025-01-10T02:00Z,MIA,UTA,97,92,final,espn
espn:401705090,2024-25,2025-01-09,2025-01-10T03:30Z,CHA,LAL,0,0,final,espn
espn:401705091,2024-25,2025-01-10,2025-01-11T00:00Z,GSW,IND,96,108,final,espn
espn:401705092,2024-25,2025-01-10,2025-01-11T00:00Z,MIL,ORL,109,106,final,espn
espn:401705093,2024-25,2025-01-10,2025-01-11T00:00Z,NOP,PHI,123,115,final,espn
espn:401705094,2024-25,2025-01-10,2025-01-11T00:30Z,SAC,BOS,114,97,final,espn
espn:401705095,2024-25,2025-01-10,2025-01-11T00:30Z,OKC,NYK,126,101,final,espn
espn:401705096,2024-25,2025-01-10,2025-01-11T01:00Z,WAS,CHI,105,138,final,espn
espn:401705097,2024-25,2025-01-10,2025-01-11T02:00Z,BKN,DEN,105,124,final,espn
espn:401705098,2024-25,2025-01-11,2025-01-11T20:00Z,HOU,ATL,0,0,final,espn
espn:401705099,2024-25,2025-01-11,2025-01-11T22:00Z,UTA,PHX,106,114,final,espn
espn:401705100,2024-25,2025-01-11,2025-01-12T00:00Z,TOR,DET,114,123,final,espn
espn:401705101,2024-25,2025-01-11,2025-01-12T01:00Z,MEM,MIN,127,125,final,espn
espn:401705102,2024-25,2025-01-11,2025-01-12T03:00Z,MIA,POR,119,98,final,espn
espn:401705103,2024-25,2025-01-11,2025-01-12T03:30Z,SAS,LAL,0,0,final,espn
espn:401705104,2024-25,2025-01-11,2025-01-12T03:30Z,CHA,LAC,0,0,final,espn
espn:401705105,2024-25,2025-01-12,2025-01-12T20:00Z,MIL,NYK,106,140,final,espn
espn:401705106,2024-25,2025-01-12,2025-01-12T20:00Z,DEN,DAL,112,101,final,espn
espn:401705107,2024-25,2025-01-12,2025-01-12T20:30Z,SAC,CHI,124,119,final,espn
espn:401705108,2024-25,2025-01-12,2025-01-12T23:00Z,NOP,BOS,119,120,final,espn
espn:401705109,2024-25,2025-01-12,2025-01-12T23:00Z,IND,CLE,108,93,final,espn
espn:401705110,2024-25,2025-01-12,2025-01-12T23:00Z,PHI,ORL,99,104,final,espn
espn:401705111,2024-25,2025-01-12,2025-01-12T23:00Z,OKC,WAS,136,95,final,espn
espn:401705112,2024-25,2025-01-12,2025-01-13T01:00Z,BKN,UTA,111,112,final,espn
espn:401705113,2024-25,2025-01-12,2025-01-13T02:00Z,CHA,PHX,113,120,final,espn
espn:401705114,2024-25,2025-01-13,2025-01-14T00:00Z,MIN,WAS,120,106,final,espn
espn:401705115,2024-25,2025-01-13,2025-01-14T00:30Z,DET,NYK,124,119,final,espn
espn:401705116,2024-25,2025-01-13,2025-01-14T00:30Z,GSW,TOR,101,104,final,espn
espn:401705117,2024-25,2025-01-13,2025-01-14T01:00Z,MEM,HOU,118,120,final,espn
espn:401705118,2024-25,2025-01-13,2025-01-14T03:30Z,SAS,LAL,126,102,final,espn
espn:401705119,2024-25,2025-01-13,2025-01-14T03:30Z,MIA,LAC,98,109,final,espn
espn:401705120,2024-25,2025-01-14,2025-01-15T00:00Z,CLE,IND,127,117,final,espn
espn:401705121,2024-25,2025-01-14,2025-01-15T00:00Z,OKC,PHI,118,102,final,espn
espn:401705122,2024-25,2025-01-14,2025-01-15T00:30Z,PHX,ATL,117,122,final,espn
espn:401705123,2024-25,2025-01-14,2025-01-15T01:00Z,NOP,CHI,119,113,final,espn
espn:401705124,2024-25,2025-01-14,2025-01-15T01:00Z,SAC,MIL,115,130,final,espn
espn:401705125,2024-25,2025-01-14,2025-01-15T02:30Z,DEN,DAL,118,99,final,espn
espn:401705126,2024-25,2025-01-14,2025-01-15T03:00Z,BKN,POR,132,114,final,espn
espn:401705127,2024-25,2025-01-15,2025-01-16T00:00Z,NYK,PHI,125,119,final,espn
espn:401705128,2024-25,2025-01-15,2025-01-16T00:30Z,BOS,TOR,97,110,final,espn
espn:401705129,2024-25,2025-01-15,2025-01-16T01:00Z,ATL,CHI,110,94,final,espn
espn:401705130,2024-25,2025-01-15,2025-01-16T01:00Z,ORL,MIL,93,122,final,espn
espn:401705131,2024-25,2025-01-15,2025-01-16T02:30Z,GSW,MIN,116,115,final,espn
espn:401705132,2024-25,2025-01-15,2025-01-16T01:00Z,DAL,NOP,116,119,final,espn
espn:401705133,2024-25,2025-01-15,2025-01-16T01:00Z,MEM,SAS,129,115,final,espn
espn:401705134,2024-25,2025-01-15,2025-01-16T02:00Z,HOU,DEN,128,108,final,espn
espn:401705135,2024-25,2025-01-15,2025-01-16T02:00Z,CHA,UTA,117,112,final,espn
espn:401705136,2024-25,2025-01-15,2025-01-16T03:00Z,MIA,LAL,108,117,final,espn
espn:401705137,2024-25,2025-01-15,2025-01-16T03:30Z,BKN,LAC,67,126,final,espn
espn:401705138,2024-25,2025-01-16,2025-01-17T00:00Z,IND,DET,111,100,final,espn
espn:401705139,2024-25,2025-01-16,2025-01-17T00:00Z,PHX,WAS,130,123,final,espn
espn:401705140,2024-25,2025-01-16,2025-01-17T00:30Z,CLE,OKC,114,134,final,espn
espn:401705141,2024-25,2025-01-16,2025-01-17T03:00Z,LAC,POR,118,89,final,espn
espn:401705142,2024-25,2025-01-16,2025-01-17T03:00Z,HOU,SAC,127,132,final,espn
espn:401705143,2024-25,2025-01-17,2025-01-18T00:00Z,ORL,BOS,94,121,final,espn
espn:401705144,2024-25,2025-01-17,2025-01-18T00:30Z,MIN,NYK,116,99,final,espn
espn:401705145,2024-25,2025-01-17,2025-01-18T01:00Z,DEN,MIA,133,113,final,espn
espn:401705146,2024-25,2025-01-17,2025-01-18T01:00Z,TOR,MIL,112,130,final,espn
espn:401705147,2024-25,2025-01-17,2025-01-18T01:00Z,UTA,NOP,123,136,final,espn
espn:401705148,2024-25,2025-01-17,2025-01-18T02:30Z,MEM,SAS,140,112,final,espn
espn:401705149,2024-25,2025-01-17,2025-01-18T01:30Z,OKC,DAL,98,106,final,espn
espn:401705150,2024-25,2025-01-17,2025-01-18T01:00Z,CHA,CHI,125,123,final,espn
espn:401705151,2024-25,2025-01-17,2025-01-18T03:30Z,BKN,LAL,101,102,final,espn
espn:401705152,2024-25,2025-01-18,2025-01-18T21:00Z,PHX,DET,125,121,final,espn
espn:401705153,2024-25,2025-01-18,2025-01-19T00:00Z,ATL,BOS,119,115,final,espn
espn:401705154,2024-25,2025-01-18,2025-01-19T00:00Z,PHI,IND,102,115,final,espn
espn:401705155,2024-25,2025-01-18,2025-01-19T01:30Z,WAS,GSW,114,122,final,espn
espn:401705156,2024-25,2025-01-18,2025-01-19T02:00Z,CLE,MIN,124,117,final,espn
espn:401705157,2024-25,2025-01-18,2025-01-19T03:00Z,HOU,POR,125,103,final,espn
espn:401705158,2024-25,2025-01-19,2025-01-19T20:00Z,SAS,MIA,107,128,final,espn
espn:401705159,2024-25,2025-01-19,2025-01-19T23:00Z,DEN,ORL,113,100,final,espn
espn:401705160,2024-25,2025-01-19,2025-01-20T00:00Z,PHI,MIL,109,123,final,espn
espn:401705161,2024-25,2025-01-19,2025-01-20T00:00Z,BKN,OKC,101,127,final,espn
espn:401705162,2024-25,2025-01-19,2025-01-20T02:00Z,LAL,LAC,102,116,final,espn
espn:401705163,2024-25,2025-01-19,2025-01-20T02:00Z,CHI,POR,102,113,final,espn
espn:401705164,2024-25,2025-01-19,2025-01-20T02:00Z,WAS,SAC,100,123,final,espn
espn:401705165,2024-25,2025-01-20,2025-01-20T17:00Z,DAL,CHA,105,110,final,espn
espn:401705166,2024-25,2025-01-20,2025-01-20T19:00Z,DET,HOU,107,96,final,espn
espn:401705167,2024-25,2025-01-20,2025-01-20T19:30Z,MIN,MEM,106,108,final,espn
espn:401705168,2024-25,2025-01-20,2025-01-20T20:00Z,ATL,NYK,110,119,final,espn
espn:401705169,2024-25,2025-01-20,2025-01-20T20:30Z,PHX,CLE,92,118,final,espn
espn:401705170,2024-25,2025-01-20,2025-01-20T22:00Z,BOS,GSW,125,85,final,espn
espn:401705171,2024-25,2025-01-20,2025-01-21T01:00Z,UTA,NOP,119,123,final,espn
espn:401705177,2024-25,2025-01-20,2025-01-21T03:30Z,CHI,LAC,112,99,final,espn
espn:401705172,2024-25,2025-01-21,2025-01-22T00:30Z,NYK,BKN,99,95,final,espn
espn:401705173,2024-25,2025-01-21,2025-01-22T00:30Z,POR,MIA,116,107,final,espn
espn:401705174,2024-25,2025-01-21,2025-01-22T00:30Z,ORL,TOR,93,109,final,espn
espn:401705175,2024-25,2025-01-21,2025-01-22T03:00Z,PHI,DEN,109,144,final,espn
espn:401705176,2024-25,2025-01-21,2025-01-22T03:30Z,WAS,LAL,88,111,final,espn
espn:401705178,2024-25,2025-01-22,2025-01-23T00:30Z,DET,ATL,114,104,final,espn
espn:401705179,2024-25,2025-01-22,2025-01-23T00:30Z,PHX,BKN,108,84,final,espn
espn:401705180,2024-25,2025-01-22,2025-01-23T00:30Z,MIN,DAL,115,114,final,espn
espn:401705181,2024-25,2025-01-22,2025-01-23T01:00Z,CLE,HOU,108,109,final,espn
espn:401705182,2024-25,2025-01-22,2025-01-23T01:00Z,CHA,MEM,120,132,final,espn
espn:401705183,2024-25,2025-01-22,2025-01-23T01:00Z,MIL,NOP,0,0,final,espn
espn:401705184,2024-25,2025-01-22,2025-01-23T01:00Z,UTA,OKC,114,123,final,espn
espn:401705185,2024-25,2025-01-22,2025-01-23T03:00Z,GSW,SAC,117,123,final,espn
espn:401705186,2024-25,2025-01-22,2025-01-23T03:30Z,BOS,LAC,117,113,final,espn
espn:401705187,2024-25,2025-01-23,2025-01-23T19:00Z,SAS,IND,140,110,final,espn
espn:401705188,2024-25,2025-01-23,2025-01-24T00:00Z,POR,ORL,101,79,final,espn
espn:401705189,2024-25,2025-01-23,2025-01-24T00:30Z,TOR,ATL,122,119,final,espn
espn:401705190,2024-25,2025-01-23,2025-01-24T01:30Z,MIA,MIL,96,125,final,espn
espn:401705191,2024-25,2025-01-23,2025-01-24T01:00Z,DAL,OKC,121,115,final,espn
espn:401705192,2024-25,2025-01-23,2025-01-24T02:00Z,SAC,DEN,123,132,final,espn
espn:401705194,2024-25,2025-01-23,2025-01-24T03:00Z,CHI,GSW,106,131,final,espn
espn:401705195,2024-25,2025-01-23,2025-01-24T03:00Z,BOS,LAL,96,117,final,espn
espn:401705549,2024-25,2025-01-23,2025-01-24T03:30Z,WAS,LAC,93,110,final,espn
espn:401705196,2024-25,2025-01-24,2025-01-25T00:00Z,POR,CHA,102,97,final,espn
espn:401705197,2024-25,2025-01-24,2025-01-25T00:00Z,CLE,PHI,129,132,final,espn
espn:401705198,2024-25,2025-01-24,2025-01-25T01:00Z,NOP,MEM,126,139,final,espn
espn:401705199,2024-25,2025-01-25,2025-01-25T17:00Z,IND,SAS,136,98,final,espn
espn:401705200,2024-25,2025-01-25,2025-01-25T20:00Z,DEN,MIN,104,133,final,espn
espn:401705201,2024-25,2025-01-25,2025-01-25T22:30Z,BOS,DAL,122,107,final,espn
espn:401705202,2024-25,2025-01-25,2025-01-25T23:00Z,MIA,BKN,106,97,final,espn
espn:401705203,2024-25,2025-01-25,2025-01-26T00:00Z,NOP,CHA,92,123,final,espn
espn:401705204,2024-25,2025-01-25,2025-01-26T00:00Z,DET,ORL,113,121,final,espn
espn:401705205,2024-25,2025-01-25,2025-01-26T00:30Z,TOR,ATL,117,94,final,espn
espn:401705206,2024-25,2025-01-25,2025-01-26T00:30Z,HOU,CLE,135,131,final,espn
espn:401705207,2024-25,2025-01-25,2025-01-26T00:30Z,SAC,NYK,120,143,final,espn
espn:401705208,2024-25,2025-01-25,2025-01-26T01:00Z,PHI,CHI,109,97,final,espn
espn:401705209,2024-25,2025-01-25,2025-01-26T01:00Z,UTA,MEM,103,125,final,espn
espn:401705210,2024-25,2025-01-25,2025-01-26T01:30Z,LAL,GSW,118,108,final,espn
espn:401705211,2024-25,2025-01-25,2025-01-26T02:00Z,WAS,PHX,109,119,final,espn
espn:401705212,2024-25,2025-01-25,2025-01-26T03:30Z,MIL,LAC,117,127,final,espn
espn:401705213,2024-25,2025-01-26,2025-01-26T23:00Z,OKC,POR,118,108,final,espn
espn:401705214,2024-25,2025-01-27,2025-01-28T00:00Z,LAL,CHA,112,107,final,espn
espn:401705215,2024-25,2025-01-27,2025-01-28T00:00Z,DET,CLE,91,110,final,espn
espn:401705216,2024-25,2025-01-27,2025-01-28T00:30Z,HOU,BOS,114,112,final,espn
espn:401705217,2024-25,2025-01-27,2025-01-28T00:30Z,SAC,BKN,110,96,final,espn
espn:401705218,2024-25,2025-01-27,2025-01-28T00:30Z,ORL,MIA,119,125,final,espn
espn:401705219,2024-25,2025-01-27,2025-01-28T00:30Z,MEM,NYK,106,143,final,espn
espn:401705220,2024-25,2025-01-27,2025-01-28T00:30Z,NOP,TOR,104,113,final,espn
espn:401705221,2024-25,2025-01-27,2025-01-28T01:00Z,DEN,CHI,121,129,final,espn
espn:401705222,2024-25,2025-01-27,2025-01-28T01:00Z,ATL,MIN,92,100,final,espn
espn:401705223,2024-25,2025-01-27,2025-01-28T01:30Z,WAS,DAL,108,130,final,espn
espn:401705224,2024-25,2025-01-27,2025-01-28T02:00Z,MIL,UTA,125,110,final,espn
espn:401705225,2024-25,2025-01-27,2025-01-28T02:30Z,LAC,PHX,109,111,final,espn
espn:401705226,2024-25,2025-01-28,2025-01-29T00:30Z,LAL,PHI,104,118,final,espn
espn:401705227,2024-25,2025-01-28,2025-01-29T03:00Z,UTA,GSW,103,114,final,espn
espn:401705228,2024-25,2025-01-28,2025-01-29T03:00Z,MIL,POR,112,125,final,espn
espn:401748705,2024-25,2025-01-28,2025-01-29T00:30Z,HOU,ATL,100,96,final,espn
espn:401705229,2024-25,2025-01-29,2025-01-30T00:00Z,BKN,CHA,104,83,final,espn
espn:401705230,2024-25,2025-01-29,2025-01-30T00:00Z,DET,IND,119,133,final,espn
espn:401705231,2024-25,2025-01-29,2025-01-30T00:00Z,TOR,WAS,106,82,final,espn
espn:401705232,2024-25,2025-01-29,2025-01-30T00:30Z,CHI,BOS,100,122,final,espn
espn:401705233,2024-25,2025-01-29,2025-01-30T00:30Z,CLE,MIA,126,106,final,espn
espn:401705234,2024-25,2025-01-29,2025-01-30T00:30Z,DEN,NYK,112,122,final,espn
espn:401705235,2024-25,2025-01-29,2025-01-30T00:30Z,SAC,PHI,104,117,final,espn
espn:401705236,2024-25,2025-01-29,2025-01-30T01:00Z,DAL,NOP,137,136,final,espn
espn:401705237,2024-25,2025-01-29,2025-01-30T01:00Z,LAC,SAS,128,116,final,espn
espn:401705238,2024-25,2025-01-29,2025-01-30T02:00Z,MIN,PHX,121,113,final,espn
espn:401705239,2024-25,2025-01-29,2025-01-30T03:00Z,OKC,GSW,109,116,final,espn
espn:401705240,2024-25,2025-01-30,2025-01-31T00:00Z,LAL,WAS,134,96,final,espn
espn:401705241,2024-25,2025-01-30,2025-01-31T00:00Z,ATL,CLE,115,137,final,espn
espn:401705242,2024-25,2025-01-30,2025-01-31T02:30Z,HOU,MEM,119,120,final,espn
espn:401705243,2024-25,2025-01-30,2025-01-31T02:00Z,MIN,UTA,138,113,final,espn
espn:401705244,2024-25,2025-01-30,2025-01-31T03:00Z,ORL,POR,90,119,final,espn
espn:401705245,2024-25,2025-01-31,2025-02-01T00:00Z,LAC,CHA,112,104,final,espn
espn:401705246,2024-25,2025-01-31,2025-02-01T00:00Z,DAL,DET,102,117,final,espn
espn:401705247,2024-25,2025-01-31,2025-02-01T00:30Z,DEN,PHI,137,134,final,espn
espn:401705248,2024-25,2025-01-31,2025-02-01T00:30Z,CHI,TOR,122,106,final,espn
espn:401705249,2024-25,2025-01-31,2025-02-01T01:00Z,BOS,NOP,118,116,final,espn
espn:401705250,2024-25,2025-01-31,2025-02-01T01:00Z,MIL,SAS,118,144,final,espn
espn:401705251,2024-25,2025-01-31,2025-02-01T03:00Z,PHX,GSW,130,105,final,espn
espn:401705252,2024-25,2025-02-01,2025-02-01T22:00Z,ATL,IND,127,132,final,espn
espn:401705253,2024-25,2025-02-01,2025-02-01T22:00Z,ORL,UTA,99,113,final,espn
espn:401705254,2024-25,2025-02-01,2025-02-02T00:00Z,DEN,CHA,107,104,final,espn
espn:401705255,2024-25,2025-02-01,2025-02-02T01:00Z,BKN,HOU,110,98,final,espn
espn:401705256,2024-25,2025-02-01,2025-02-02T01:00Z,WAS,MIN,105,103,final,espn
espn:401705257,2024-25,2025-02-01,2025-02-02T01:00Z,SAC,OKC,110,144,final,espn
espn:401705258,2024-25,2025-02-01,2025-02-02T01:30Z,LAL,NYK,128,112,final,espn
espn:401705259,2024-25,2025-02-01,2025-02-02T01:30Z,MIA,SAS,105,103,final,espn
espn:401705260,2024-25,2025-02-01,2025-02-02T03:00Z,PHX,POR,108,127,final,espn
espn:401705261,2024-25,2025-02-02,2025-02-02T20:00Z,CHI,DET,119,127,final,espn
espn:401705262,2024-25,2025-02-02,2025-02-02T20:30Z,DAL,CLE,101,144,final,espn
espn:401705263,2024-25,2025-02-02,2025-02-02T20:30Z,LAC,TOR,108,115,final,espn
espn:401705264,2024-25,2025-02-02,2025-02-02T23:00Z,BOS,PHI,118,110,final,espn
espn:401705265,2024-25,2025-02-02,2025-02-03T01:30Z,MEM,MIL,132,119,final,espn
espn:401705266,2024-25,2025-02-03,2025-02-04T00:00Z,WAS,CHA,124,114,final,espn
espn:401705267,2024-25,2025-02-03,2025-02-04T00:00Z,ATL,DET,132,130,final,espn
espn:401705268,2024-25,2025-02-03,2025-02-04T00:30Z,HOU,NYK,118,124,final,espn
espn:401705269,2024-25,2025-02-03,2025-02-04T01:50Z,SAS,MEM,109,128,final,espn
espn:401705270,2024-25,2025-02-03,2025-02-04T01:00Z,SAC,MIN,116,114,final,espn
espn:401705271,2024-25,2025-02-03,2025-02-04T01:00Z,MIL,OKC,96,125,final,espn
espn:401705272,2024-25,2025-02-03,2025-02-04T02:00Z,NOP,DEN,113,125,final,espn
espn:401705273,2024-25,2025-02-03,2025-02-04T02:00Z,IND,UTA,112,111,final,espn
espn:401705274,2024-25,2025-02-03,2025-02-04T03:00Z,ORL,GSW,99,104,final,espn
espn:401705275,2024-25,2025-02-03,2025-02-04T03:00Z,PHX,POR,119,121,final,espn
espn:401705276,2024-25,2025-02-04,2025-02-05T00:30Z,BOS,CLE,112,105,final,espn
espn:401705277,2024-25,2025-02-04,2025-02-05T00:30Z,HOU,BKN,97,99,final,espn
espn:401705278,2024-25,2025-02-04,2025-02-05T00:00Z,DAL,PHI,116,118,final,espn
espn:401705279,2024-25,2025-02-04,2025-02-05T00:30Z,NYK,TOR,121,115,final,espn
espn:401705280,2024-25,2025-02-04,2025-02-05T01:00Z,MIA,CHI,124,133,final,espn
espn:401705281,2024-25,2025-02-04,2025-02-05T03:00Z,LAL,LAC,122,97,final,espn
espn:401705282,2024-25,2025-02-04,2025-02-05T03:00Z,IND,POR,89,112,final,espn
espn:401705283,2024-25,2025-02-05,2025-02-06T00:00Z,MIL,CHA,112,102,final,espn
espn:401705284,2024-25,2025-02-05,2025-02-06T00:00Z,CLE,DET,118,115,final,espn
espn:401705285,2024-25,2025-02-05,2025-02-06T00:00Z,SAS,ATL,126,125,final,espn
espn:401705286,2024-25,2025-02-05,2025-02-06T00:30Z,WAS,BKN,119,102,final,espn
espn:401705287,2024-25,2025-02-05,2025-02-06T00:30Z,MIA,PHI,108,101,final,espn
espn:401705288,2024-25,2025-02-05,2025-02-06T00:30Z,MEM,TOR,138,107,final,espn
espn:401705289,2024-25,2025-02-05,2025-02-06T01:00Z,CHI,MIN,108,127,final,espn
espn:401705290,2024-25,2025-02-05,2025-02-06T02:30Z,PHX,OKC,109,140,final,espn
espn:401705291,2024-25,2025-02-05,2025-02-06T02:00Z,GSW,UTA,128,131,final,espn
espn:401705292,2024-25,2025-02-05,2025-02-06T02:00Z,NOP,DEN,119,144,final,espn
espn:401705293,2024-25,2025-02-05,2025-02-06T03:00Z,ORL,SAC,130,111,final,espn
espn:401705294,2024-25,2025-02-06,2025-02-07T00:30Z,DAL,BOS,127,120,final,espn
espn:401705295,2024-25,2025-02-06,2025-02-07T01:00Z,HOU,MIN,114,127,final,espn
espn:401705296,2024-25,2025-02-06,2025-02-07T02:00Z,ORL,DEN,90,112,final,espn
espn:401705297,2024-25,2025-02-06,2025-02-07T03:00Z,GSW,LAL,112,120,final,espn
espn:401705298,2024-25,2025-02-06,2025-02-07T03:00Z,SAC,POR,102,108,final,espn
espn:401705299,2024-25,2025-02-06,2025-02-07T03:30Z,IND,LAC,119,112,final,espn
espn:401705300,2024-25,2025-02-07,2025-02-08T00:00Z,SAS,CHA,116,117,final,espn
espn:401705301,2024-25,2025-02-07,2025-02-08T00:00Z,CLE,WAS,134,124,final,espn
espn:401705302,2024-25,2025-02-07,2025-02-08T00:30Z,MIL,ATL,110,115,final,espn
espn:401705303,2024-25,2025-02-07,2025-02-08T00:30Z,MIA,BKN,86,102,final,espn
espn:401705304,2024-25,2025-02-07,2025-02-08T00:30Z,PHI,DET,112,125,final,espn
espn:401705305,2024-25,2025-02-07,2025-02-08T01:00Z,TOR,OKC,109,121,final,espn
espn:401705306,2024-25,2025-02-07,2025-02-08T03:00Z,UTA,PHX,127,135,final,espn
espn:401705307,2024-25,2025-02-08,2025-02-08T20:00Z,HOU,DAL,105,116,final,espn
espn:401705308,2024-25,2025-02-08,2025-02-08T21:00Z,IND,LAL,117,124,final,espn
espn:401705309,2024-25,2025-02-08,2025-02-09T00:00Z,SAS,ORL,111,112,final,espn
espn:401705310,2024-25,2025-02-08,2025-02-09T00:00Z,ATL,WAS,125,111,final,espn
espn:401705311,2024-25,2025-02-08,2025-02-09T01:00Z,GSW,CHI,132,111,final,espn
espn:401705312,2024-25,2025-02-08,2025-02-09T01:00Z,OKC,MEM,125,112,final,espn
espn:401705313,2024-25,2025-02-08,2025-02-09T01:00Z,POR,MIN,98,114,final,espn
espn:401705314,2024-25,2025-02-08,2025-02-09T01:30Z,BOS,NYK,131,104,final,espn
espn:401705315,2024-25,2025-02-08,2025-02-09T02:00Z,DEN,PHX,122,105,final,espn
espn:401705316,2024-25,2025-02-08,2025-02-09T03:00Z,NOP,SAC,118,123,final,espn
espn:401705317,2024-25,2025-02-08,2025-02-09T03:30Z,UTA,LAC,110,130,final,espn
espn:401705318,2024-25,2025-02-09,2025-02-09T18:00Z,CHA,DET,102,112,final,espn
espn:401705319,2024-25,2025-02-09,2025-02-09T19:00Z,TOR,HOU,87,94,final,espn
espn:401705320,2024-25,2025-02-09,2025-02-09T19:00Z,PHI,MIL,127,135,final,espn
espn:401705321,2024-25,2025-02-10,2025-02-11T00:00Z,MIN,CLE,107,128,final,espn
espn:401705322,2024-25,2025-02-10,2025-02-11T00:00Z,ATL,ORL,112,106,final,espn
espn:401705323,2024-25,2025-02-10,2025-02-11T00:00Z,SAS,WAS,131,121,final,espn
espn:401705324,2024-25,2025-02-10,2025-02-11T00:30Z,CHA,BKN,89,97,final,espn
espn:401705325,2024-25,2025-02-10,2025-02-11T00:30Z,BOS,MIA,103,85,final,espn
espn:401705326,2024-25,2025-02-10,2025-02-11T01:00Z,GSW,MIL,125,111,final,espn
espn:401705327,2024-25,2025-02-10,2025-02-11T01:00Z,NOP,OKC,101,137,final,espn
espn:401705328,2024-25,2025-02-10,2025-02-11T01:30Z,SAC,DAL,129,128,final,espn
espn:401705329,2024-25,2025-02-10,2025-02-11T02:00Z,POR,DEN,117,146,final,espn
espn:401705334,2024-25,2025-02-10,2025-02-11T03:30Z,UTA,LAL,113,132,final,espn
espn:401705330,2024-25,2025-02-11,2025-02-12T00:00Z,TOR,PHI,106,103,final,espn
espn:401705331,2024-25,2025-02-11,2025-02-12T00:30Z,NYK,IND,128,115,final,espn
espn:401705332,2024-25,2025-02-11,2025-02-12T01:00Z,DET,CHI,132,92,final,espn
espn:401705333,2024-25,2025-02-11,2025-02-12T03:00Z,MEM,PHX,119,112,final,espn
espn:401705335,2024-25,2025-02-12,2025-02-13T00:00Z,SAS,BOS,103,116,final,espn
espn:401705336,2024-25,2025-02-12,2025-02-13T00:00Z,CHA,ORL,86,102,final,espn
espn:401705337,2024-25,2025-02-12,2025-02-13T00:00Z,IND,WAS,134,130,final,espn
espn:401705338,2024-25,2025-02-12,2025-02-13T00:30Z,PHI,BKN,96,100,final,espn
espn:401705339,2024-25,2025-02-12,2025-02-13T00:30Z,ATL,NYK,148,149,final,espn
espn:401705340,2024-25,2025-02-12,2025-02-13T00:30Z,CLE,TOR,131,108,final,espn
espn:401705341,2024-25,2025-02-12,2025-02-13T01:00Z,DET,CHI,128,110,final,espn
espn:401705342,2024-25,2025-02-12,2025-02-13T01:00Z,MIL,MIN,103,101,final,espn
espn:401705343,2024-25,2025-02-12,2025-02-13T01:00Z,SAC,NOP,119,111,final,espn
espn:401705344,2024-25,2025-02-12,2025-02-13T01:00Z,MIA,OKC,101,115,final,espn
espn:401705345,2024-25,2025-02-12,2025-02-13T01:30Z,PHX,HOU,111,119,final,espn
espn:401705346,2024-25,2025-02-12,2025-02-13T02:00Z,POR,DEN,121,132,final,espn
espn:401705347,2024-25,2025-02-12,2025-02-13T02:00Z,LAL,UTA,119,131,final,espn
espn:401705348,2024-25,2025-02-12,2025-02-13T02:30Z,GSW,DAL,107,111,final,espn
espn:401705349,2024-25,2025-02-12,2025-02-13T03:30Z,MEM,LAC,114,128,final,espn
espn:401705350,2024-25,2025-02-13,2025-02-14T01:00Z,GSW,HOU,105,98,final,espn
espn:401705351,2024-25,2025-02-13,2025-02-14T01:00Z,SAC,NOP,133,140,final,espn
espn:401705352,2024-25,2025-02-13,2025-02-14T01:30Z,MIA,DAL,113,118,final,espn
espn:401705353,2024-25,2025-02-13,2025-02-14T01:30Z,OKC,MIN,101,116,final,espn
espn:401705570,2024-25,2025-02-13,2025-02-14T02:00Z,LAC,UTA,120,116,final,espn
espn:401748704,2024-25,2025-02-19,2025-02-20T03:00Z,CHA,LAL,100,97,final,espn
espn:401705354,2024-25,2025-02-20,2025-02-21T00:00Z,MEM,IND,113,127,final,espn
espn:401705355,2024-25,2025-02-20,2025-02-21T00:00Z,BOS,PHI,124,104,final,espn
espn:401705356,2024-25,2025-02-20,2025-02-21T00:30Z,ORL,ATL,114,108,final,espn
espn:401705357,2024-25,2025-02-20,2025-02-21T00:30Z,CLE,BKN,110,97,final,espn
espn:401705358,2024-25,2025-02-20,2025-02-21T00:30Z,CHI,NYK,111,113,final,espn
espn:401705359,2024-25,2025-02-20,2025-02-21T01:00Z,LAC,MIL,110,116,final,espn
espn:401705360,2024-25,2025-02-20,2025-02-21T02:00Z,CHA,DEN,115,129,final,espn
espn:401705361,2024-25,2025-02-20,2025-02-21T02:30Z,PHX,SAS,109,120,final,espn
espn:401705362,2024-25,2025-02-20,2025-02-21T03:00Z,LAL,POR,110,102,final,espn
espn:401705363,2024-25,2025-02-21,2025-02-22T00:00Z,NYK,CLE,105,142,final,espn
espn:401705364,2024-25,2025-02-21,2025-02-22T00:00Z,MEM,ORL,105,104,final,espn
espn:401705365,2024-25,2025-02-21,2025-02-22T00:00Z,MIL,WAS,104,101,final,espn
espn:401705366,2024-25,2025-02-21,2025-02-22T00:30Z,MIA,TOR,120,111,final,espn
espn:401705367,2024-25,2025-02-21,2025-02-22T02:30Z,MIN,HOU,115,121,final,espn
espn:401705368,2024-25,2025-02-21,2025-02-22T01:30Z,DET,SAS,125,110,final,espn
espn:401705369,2024-25,2025-02-21,2025-02-22T01:30Z,NOP,DAL,103,111,final,espn
espn:401705370,2024-25,2025-02-21,2025-02-22T02:30Z,OKC,UTA,130,107,final,espn
espn:401705371,2024-25,2025-02-21,2025-02-22T03:00Z,GSW,SAC,132,108,final,espn
espn:401705372,2024-25,2025-02-22,2025-02-22T22:00Z,PHX,CHI,121,117,final,espn
espn:401705373,2024-25,2025-02-22,2025-02-23T00:30Z,BKN,PHI,105,103,final,espn
espn:401705374,2024-25,2025-02-22,2025-02-23T01:30Z,LAL,DEN,123,100,final,espn
espn:401705375,2024-25,2025-02-22,2025-02-23T02:30Z,HOU,UTA,115,124,final,espn
espn:401705376,2024-25,2025-02-22,2025-02-23T03:00Z,CHA,POR,88,141,final,espn
espn:401705377,2024-25,2025-02-23,2025-02-23T18:00Z,NYK,BOS,105,118,final,espn
espn:401705378,2024-25,2025-02-23,2025-02-23T20:30Z,DAL,GSW,102,126,final,espn
espn:401705379,2024-25,2025-02-23,2025-02-23T22:00Z,LAC,IND,111,129,final,espn
espn:401705380,2024-25,2025-02-23,2025-02-23T23:00Z,DET,ATL,148,143,final,espn
espn:401705381,2024-25,2025-02-23,2025-02-23T23:00Z,WAS,ORL,90,110,final,espn
espn:401705382,2024-25,2025-02-23,2025-02-23T23:00Z,PHX,TOR,109,127,final,espn
espn:401705383,2024-25,2025-02-23,2025-02-23T23:00Z,MIA,MIL,113,120,final,espn
espn:401705384,2024-25,2025-02-23,2025-02-24T00:00Z,SAS,NOP,96,114,final,espn
espn:401705385,2024-25,2025-02-23,2025-02-24T00:00Z,MEM,CLE,123,129,final,espn
espn:401705386,2024-25,2025-02-23,2025-02-24T02:50Z,OKC,MIN,130,123,final,espn
espn:401705387,2024-25,2025-02-24,2025-02-25T00:00Z,LAC,DET,97,106,final,espn
espn:401705388,2024-25,2025-02-24,2025-02-25T00:00Z,DEN,IND,125,116,final,espn
espn:401705389,2024-25,2025-02-24,2025-02-25T00:00Z,CHI,PHI,142,110,final,espn
espn:401705390,2024-25,2025-02-24,2025-02-25T00:00Z,BKN,WAS,99,107,final,espn
espn:401705391,2024-25,2025-02-24,2025-02-25T00:30Z,MIA,ATL,86,98,final,espn
espn:401705392,2024-25,2025-02-24,2025-02-25T01:00Z,MIN,OKC,131,128,final,espn
espn:401705393,2024-25,2025-02-24,2025-02-25T02:00Z,POR,UTA,114,112,final,espn
espn:401705394,2024-25,2025-02-24,2025-02-25T03:00Z,CHA,SAC,88,130,final,espn
espn:401705395,2024-25,2025-02-25,2025-02-26T00:00Z,BOS,TOR,111,101,final,espn
espn:401705396,2024-25,2025-02-25,2025-02-26T00:30Z,CLE,ORL,122,82,final,espn
espn:401705397,2024-25,2025-02-25,2025-02-26T01:00Z,MIL,HOU,97,100,final,espn
espn:401705398,2024-25,2025-02-25,2025-02-26T01:00Z,PHX,MEM,148,151,final,espn
espn:401705399,2024-25,2025-02-25,2025-02-26T01:00Z,SAS,NOP,103,109,final,espn
espn:401705400,2024-25,2025-02-25,2025-02-26T03:00Z,CHA,GSW,92,128,final,espn
espn:401705401,2024-25,2025-02-25,2025-02-26T03:00Z,DAL,LAL,99,107,final,espn
espn:401705402,2024-25,2025-02-26,2025-02-27T00:00Z,BOS,DET,97,117,final,espn
espn:401705403,2024-25,2025-02-26,2025-02-27T00:00Z,TOR,IND,91,111,final,espn
espn:401705404,2024-25,2025-02-26,2025-02-27T00:00Z,PHI,NYK,105,110,final,espn
espn:401705405,2024-25,2025-02-26,2025-02-27T00:00Z,POR,WAS,129,121,final,espn
espn:401705406,2024-25,2025-02-26,2025-02-27T00:30Z,OKC,BKN,129,121,final,espn
espn:401705407,2024-25,2025-02-26,2025-02-27T00:30Z,ATL,MIA,109,131,final,espn
espn:401705408,2024-25,2025-02-26,2025-02-27T01:00Z,LAC,CHI,122,117,final,espn
espn:401705409,2024-25,2025-02-26,2025-02-27T02:00Z,SAC,UTA,118,101,final,espn
espn:401705410,2024-25,2025-02-26,2025-02-27T02:50Z,SAS,HOU,106,118,final,espn
espn:401705411,2024-25,2025-02-27,2025-02-28T00:00Z,GSW,ORL,121,115,final,espn
espn:401705412,2024-25,2025-02-27,2025-02-28T01:00Z,DEN,MIL,112,121,final,espn
espn:401705413,2024-25,2025-02-27,2025-02-28T01:30Z,CHA,DAL,96,103,final,espn
espn:401705414,2024-25,2025-02-27,2025-02-28T02:00Z,NOP,PHX,124,116,final,espn
espn:401705415,2024-25,2025-02-27,2025-02-28T03:30Z,MIN,LAL,102,111,final,espn
espn:401705416,2024-25,2025-02-28,2025-03-01T00:00Z,DEN,DET,134,119,final,espn
espn:401705417,2024-25,2025-02-28,2025-03-01T00:30Z,OKC,ATL,135,119,final,espn
espn:401705418,2024-25,2025-02-28,2025-03-01T00:30Z,CLE,BOS,123,116,final,espn
espn:401705419,2024-25,2025-02-28,2025-03-01T00:30Z,POR,BKN,121,102,final,espn
espn:401705420,2024-25,2025-02-28,2025-03-01T01:00Z,IND,MIA,120,125,final,espn
espn:401705421,2024-25,2025-02-28,2025-03-01T01:00Z,TOR,CHI,115,125,final,espn
espn:401705422,2024-25,2025-02-28,2025-03-01T01:00Z,NYK,MEM,114,113,final,espn
espn:401705423,2024-25,2025-02-28,2025-03-01T02:00Z,NOP,PHX,108,125,final,espn
espn:401705424,2024-25,2025-02-28,2025-03-01T02:30Z,MIN,UTA,116,117,final,espn
espn:401705425,2024-25,2025-02-28,2025-03-01T03:00Z,LAC,LAL,102,106,final,espn
espn:401705426,2024-25,2025-03-01,2025-03-01T23:00Z,WAS,CHA,113,100,final,espn
espn:401705427,2024-25,2025-03-01,2025-03-02T00:00Z,BKN,DET,94,115,final,espn
espn:401705428,2024-25,2025-03-01,2025-03-02T01:00Z,SAC,HOU,113,103,final,espn
espn:401705429,2024-25,2025-03-01,2025-03-02T01:00Z,SAS,MEM,130,128,final,espn
espn:401705430,2024-25,2025-03-01,2025-03-02T01:30Z,GSW,PHI,119,126,final,espn
espn:401705431,2024-25,2025-03-01,2025-03-02T01:30Z,MIL,DAL,132,117,final,espn
espn:401705432,2024-25,2025-03-02,2025-03-02T18:00Z,DEN,BOS,103,110,final,espn
espn:401705433,2024-25,2025-03-02,2025-03-02T20:30Z,POR,CLE,129,133,final,espn
espn:401705434,2024-25,2025-03-02,2025-03-02T22:00Z,CHI,IND,112,127,final,espn
espn:401705435,2024-25,2025-03-02,2025-03-02T23:00Z,NYK,MIA,116,112,final,espn
espn:401705436,2024-25,2025-03-02,2025-03-02T23:00Z,TOR,ORL,104,102,final,espn
espn:401705437,2024-25,2025-03-02,2025-03-03T00:00Z,OKC,SAS,146,132,final,espn
espn:401705438,2024-25,2025-03-02,2025-03-03T01:00Z,NOP,UTA,128,121,final,espn
espn:401705439,2024-25,2025-03-02,2025-03-03T02:30Z,MIN,PHX,116,98,final,espn
espn:401705440,2024-25,2025-03-02,2025-03-03T02:30Z,LAC,LAL,102,108,final,espn
espn:401705441,2024-25,2025-03-03,2025-03-04T00:00Z,GSW,CHA,119,101,final,espn
espn:401705442,2024-25,2025-03-03,2025-03-04T00:00Z,POR,PHI,119,102,final,espn
espn:401705443,2024-25,2025-03-03,2025-03-04T00:30Z,WAS,MIA,90,106,final,espn
espn:401705444,2024-25,2025-03-03,2025-03-04T01:00Z,ATL,MEM,132,130,final,espn
espn:401705445,2024-25,2025-03-03,2025-03-04T01:00Z,HOU,OKC,128,137,final,espn
espn:401705446,2024-25,2025-03-03,2025-03-04T01:30Z,SAC,DAL,122,98,final,espn
espn:401705447,2024-25,2025-03-03,2025-03-04T02:00Z,DET,UTA,134,106,final,espn
espn:401705448,2024-25,2025-03-04,2025-03-05T00:00Z,HOU,IND,102,115,final,espn
espn:401705449,2024-25,2025-03-04,2025-03-05T00:00Z,TOR,ORL,114,113,final,espn
espn:401705450,2024-25,2025-03-04,2025-03-05T00:30Z,MIL,ATL,127,121,final,espn
espn:401705451,2024-25,2025-03-04,2025-03-05T00:30Z,GSW,NYK,114,102,final,espn
espn:401705452,2024-25,2025-03-04,2025-03-05T01:00Z,CLE,CHI,139,117,final,espn
espn:401705453,2024-25,2025-03-04,2025-03-05T01:00Z,PHI,MIN,112,126,final,espn
espn:401705454,2024-25,2025-03-04,2025-03-05T01:30Z,BKN,SAS,113,127,final,espn
espn:401705455,2024-25,2025-03-04,2025-03-05T03:00Z,LAC,PHX,117,119,final,espn
espn:401705456,2024-25,2025-03-04,2025-03-05T03:30Z,NOP,LAL,115,136,final,espn
espn:401705457,2024-25,2025-03-05,2025-03-06T00:00Z,POR,BOS,118,128,final,espn
espn:401705458,2024-25,2025-03-05,2025-03-06T00:00Z,MIN,CHA,125,110,final,espn
espn:401705459,2024-25,2025-03-05,2025-03-06T00:00Z,MIA,CLE,107,112,final,espn
espn:401705460,2024-25,2025-03-05,2025-03-06T00:00Z,UTA,WAS,122,125,final,espn
espn:401705461,2024-25,2025-03-05,2025-03-06T02:30Z,OKC,MEM,120,103,final,espn
espn:401705462,2024-25,2025-03-05,2025-03-06T02:00Z,SAC,DEN,110,116,final,espn
espn:401705463,2024-25,2025-03-05,2025-03-06T01:00Z,DAL,MIL,107,137,final,espn
espn:401705464,2024-25,2025-03-05,2025-03-06T03:30Z,DET,LAC,115,123,final,espn
espn:401705465,2024-25,2025-03-06,2025-03-07T00:30Z,IND,ATL,118,124,final,espn
espn:401705466,2024-25,2025-03-06,2025-03-07T00:30Z,PHI,BOS,105,123,final,espn
espn:401705467,2024-25,2025-03-06,2025-03-07T00:30Z,GSW,BKN,121,119,final,espn
espn:401705468,2024-25,2025-03-06,2025-03-07T01:00Z,HOU,NOP,109,97,final,espn
espn:401705469,2024-25,2025-03-06,2025-03-07T03:00Z,NYK,LAL,109,113,final,espn
espn:401705510,2024-25,2025-03-06,2025-03-07T00:00Z,CHI,ORL,125,123,final,espn
espn:401705470,2024-25,2025-03-07,2025-03-08T00:00Z,CLE,CHA,118,117,final,espn
espn:401705471,2024-25,2025-03-07,2025-03-08T00:30Z,UTA,TOR,109,118,final,espn
espn:401705472,2024-25,2025-03-07,2025-03-08T00:30Z,MEM,DAL,122,111,final,espn
espn:401705473,2024-25,2025-03-07,2025-03-08T01:00Z,MIN,MIA,106,104,final,espn
espn:401705474,2024-25,2025-03-07,2025-03-08T01:00Z,POR,OKC,89,107,final,espn
espn:401705475,2024-25,2025-03-07,2025-03-08T03:00Z,PHX,DEN,141,149,final,espn
espn:401705476,2024-25,2025-03-07,2025-03-08T03:00Z,SAS,SAC,109,127,final,espn
espn:401705477,2024-25,2025-03-07,2025-03-08T03:30Z,NYK,LAC,95,105,final,espn
espn:401705478,2024-25,2025-03-08,2025-03-08T23:00Z,BKN,CHA,102,105,final,espn
espn:401705479,2024-25,2025-03-08,2025-03-09T00:00Z,NOP,HOU,117,146,final,espn
espn:401705480,2024-25,2025-03-08,2025-03-09T00:30Z,IND,ATL,118,120,final,espn
espn:401705481,2024-25,2025-03-08,2025-03-09T00:30Z,WAS,TOR,118,117,final,espn
espn:401705482,2024-25,2025-03-08,2025-03-09T01:00Z,CHI,MIA,114,109,final,espn
espn:401705483,2024-25,2025-03-08,2025-03-09T01:00Z,ORL,MIL,111,109,final,espn
espn:401705484,2024-25,2025-03-08,2025-03-09T01:30Z,LAL,BOS,101,111,final,espn
espn:401705485,2024-25,2025-03-08,2025-03-09T01:30Z,DET,GSW,110,115,final,espn
espn:401705486,2024-25,2025-03-09,2025-03-09T17:00Z,DEN,OKC,103,127,final,espn
espn:401705487,2024-25,2025-03-09,2025-03-09T19:30Z,PHX,DAL,125,116,final,espn
espn:401705488,2024-25,2025-03-09,2025-03-10T00:00Z,CLE,MIL,112,100,final,espn
espn:401705489,2024-25,2025-03-09,2025-03-09T23:00Z,MEM,NOP,107,104,final,espn
espn:401705490,2024-25,2025-03-09,2025-03-09T23:30Z,UTA,PHI,122,126,final,espn
espn:401705491,2024-25,2025-03-09,2025-03-10T00:00Z,SAS,MIN,124,141,final,espn
espn:401705492,2024-25,2025-03-09,2025-03-10T01:00Z,DET,POR,119,112,final,espn
espn:401705493,2024-25,2025-03-09,2025-03-10T01:30Z,SAC,LAC,110,111,final,espn
espn:401705494,2024-25,2025-03-10,2025-03-10T23:30Z,PHI,ATL,123,132,final,espn
espn:401705495,2024-25,2025-03-10,2025-03-10T23:30Z,UTA,BOS,108,114,final,espn
espn:401705496,2024-25,2025-03-10,2025-03-10T23:30Z,LAL,BKN,108,111,final,espn
espn:401705497,2024-25,2025-03-10,2025-03-10T23:30Z,CHA,MIA,105,102,final,espn
espn:401705498,2024-25,2025-03-10,2025-03-10T23:30Z,WAS,TOR,104,119,final,espn
espn:401705499,2024-25,2025-03-10,2025-03-11T00:00Z,IND,CHI,103,121,final,espn
espn:401705500,2024-25,2025-03-10,2025-03-11T00:00Z,ORL,HOU,84,97,final,espn
espn:401705501,2024-25,2025-03-10,2025-03-11T00:00Z,PHX,MEM,118,120,final,espn
espn:401705502,2024-25,2025-03-10,2025-03-11T00:00Z,DEN,OKC,140,127,final,espn
espn:401705503,2024-25,2025-03-10,2025-03-11T00:30Z,DAL,SAS,133,129,final,espn
espn:401705504,2024-25,2025-03-10,2025-03-11T02:00Z,POR,GSW,120,130,final,espn
espn:401705505,2024-25,2025-03-10,2025-03-11T02:30Z,NYK,SAC,133,104,final,espn
espn:401705506,2024-25,2025-03-11,2025-03-11T23:00Z,BKN,CLE,104,109,final,espn
espn:401705507,2024-25,2025-03-11,2025-03-11T23:00Z,WAS,DET,103,123,final,espn
espn:401705508,2024-25,2025-03-11,2025-03-11T23:30Z,MIL,IND,114,115,final,espn
espn:401705509,2024-25,2025-03-11,2025-03-12T00:00Z,LAC,NOP,120,127,final,espn
espn:401705511,2024-25,2025-03-12,2025-03-12T23:30Z,CHA,ATL,110,123,final,espn
espn:401705512,2024-25,2025-03-12,2025-03-12T23:30Z,OKC,BOS,118,112,final,espn
espn:401705513,2024-25,2025-03-12,2025-03-12T23:30Z,PHI,TOR,105,118,final,espn
espn:401705514,2024-25,2025-03-12,2025-03-13T00:00Z,LAC,MIA,119,104,final,espn
espn:401705515,2024-25,2025-03-12,2025-03-13T00:00Z,PHX,HOU,104,111,final,espn
espn:401705516,2024-25,2025-03-12,2025-03-13T00:00Z,UTA,MEM,115,122,final,espn
espn:401705517,2024-25,2025-03-12,2025-03-13T00:00Z,DAL,SAS,116,126,final,espn
espn:401705518,2024-25,2025-03-12,2025-03-13T02:00Z,MIN,DEN,115,95,final,espn
espn:401705519,2024-25,2025-03-12,2025-03-13T02:00Z,NYK,POR,114,113,final,espn
espn:401705520,2024-25,2025-03-13,2025-03-13T23:00Z,WAS,DET,129,125,final,espn
espn:401705521,2024-25,2025-03-13,2025-03-13T23:30Z,LAL,MIL,106,126,final,espn
espn:401705522,2024-25,2025-03-13,2025-03-14T00:00Z,BKN,CHI,110,116,final,espn
espn:401705523,2024-25,2025-03-13,2025-03-14T02:00Z,SAC,GSW,104,130,final,espn
espn:401705707,2024-25,2025-03-13,2025-03-14T00:00Z,ORL,NOP,113,93,final,espn
espn:401705524,2024-25,2025-03-14,2025-03-14T23:00Z,BOS,MIA,103,91,final,espn
espn:401705525,2024-25,2025-03-14,2025-03-14T23:00Z,IND,PHI,112,100,final,espn
espn:401705526,2024-25,2025-03-14,2025-03-14T23:30Z,LAC,ATL,121,98,final,espn
espn:401705527,2024-25,2025-03-14,2025-03-15T00:00Z,DAL,HOU,96,133,final,espn
espn:401705528,2024-25,2025-03-14,2025-03-15T00:00Z,CLE,MEM,133,124,final,espn
espn:401705529,2024-25,2025-03-14,2025-03-15T00:00Z,ORL,MIN,111,118,final,espn
espn:401705530,2024-25,2025-03-14,2025-03-15T00:00Z,CHA,SAS,145,134,final,espn
espn:401705531,2024-25,2025-03-14,2025-03-15T01:30Z,LAL,DEN,126,131,final,espn
espn:401705532,2024-25,2025-03-14,2025-03-15T01:30Z,TOR,UTA,126,118,final,espn
espn:401705533,2024-25,2025-03-14,2025-03-15T02:00Z,SAC,PHX,106,122,final,espn
espn:401705534,2024-25,2025-03-15,2025-03-15T22:00Z,BOS,BKN,115,113,final,espn
espn:401705535,2024-25,2025-03-15,2025-03-15T23:00Z,OKC,DET,113,107,final,espn
espn:401705536,2024-25,2025-03-15,2025-03-16T00:00Z,CHI,HOU,114,117,final,espn
espn:401705537,2024-25,2025-03-15,2025-03-16T00:00Z,MIA,MEM,91,125,final,espn
espn:401705538,2024-25,2025-03-15,2025-03-16T00:00Z,IND,MIL,119,126,final,espn
espn:401705539,2024-25,2025-03-15,2025-03-16T00:30Z,NOP,SAS,115,119,final,espn
espn:401705540,2024-25,2025-03-15,2025-03-16T00:30Z,NYK,GSW,94,97,final,espn
espn:401705541,2024-25,2025-03-15,2025-03-16T01:00Z,WAS,DEN,126,123,final,espn
espn:401705542,2024-25,2025-03-16,2025-03-16T17:00Z,PHI,DAL,130,125,final,espn
espn:401705543,2024-25,2025-03-16,2025-03-16T19:30Z,PHX,LAL,96,107,final,espn
espn:401705544,2024-25,2025-03-16,2025-03-16T22:00Z,ATL,BKN,114,122,final,espn
espn:401705545,2024-25,2025-03-16,2025-03-16T17:00Z,ORL,CLE,108,103,final,espn
espn:401705546,2024-25,2025-03-16,2025-03-16T22:00Z,TOR,POR,102,105,final,espn
espn:401705547,2024-25,2025-03-16,2025-03-16T23:00Z,UTA,MIN,102,128,final,espn
espn:401705548,2024-25,2025-03-16,2025-03-17T01:00Z,OKC,MIL,121,105,final,espn
espn:401748706,2024-25,2025-03-16,2025-03-16T23:00Z,CHA,LAC,88,123,final,espn
espn:401705550,2024-25,2025-03-17,2025-03-17T23:30Z,MIA,NYK,95,116,final,espn
espn:401705551,2024-25,2025-03-17,2025-03-18T00:00Z,PHI,HOU,137,144,final,espn
espn:401705552,2024-25,2025-03-17,2025-03-18T00:00Z,IND,MIN,132,130,final,espn
espn:401705553,2024-25,2025-03-17,2025-03-18T00:00Z,DET,NOP,127,81,final,espn
espn:401705555,2024-25,2025-03-17,2025-03-18T01:00Z,CHI,UTA,111,97,final,espn
espn:401705556,2024-25,2025-03-17,2025-03-18T02:00Z,DEN,GSW,114,105,final,espn
espn:401705557,2024-25,2025-03-17,2025-03-18T02:00Z,TOR,PHX,89,129,final,espn
espn:401705558,2024-25,2025-03-17,2025-03-18T02:00Z,MEM,SAC,122,132,final,espn
espn:401705561,2024-25,2025-03-17,2025-03-18T02:00Z,WAS,POR,97,112,final,espn
espn:401754705,2024-25,2025-03-17,2025-03-18T02:30Z,SAS,LAL,109,125,final,espn
espn:401705559,2024-25,2025-03-18,2025-03-18T23:00Z,ATL,CHA,134,102,final,espn
espn:401705560,2024-25,2025-03-18,2025-03-18T23:30Z,BKN,BOS,96,104,final,espn
espn:401705563,2024-25,2025-03-18,2025-03-19T02:30Z,CLE,LAC,119,132,final,espn
espn:401705578,2024-25,2025-03-18,2025-03-19T02:00Z,MIL,GSW,93,104,final,espn
espn:401705193,2024-25,2025-03-19,2025-03-20T01:00Z,WAS,UTA,112,128,final,espn
espn:401705564,2024-25,2025-03-19,2025-03-19T23:00Z,DAL,IND,131,135,final,espn
espn:401705565,2024-25,2025-03-19,2025-03-19T23:00Z,HOU,ORL,116,108,final,espn
espn:401705566,2024-25,2025-03-19,2025-03-19T23:30Z,DET,MIA,116,113,final,espn
espn:401705567,2024-25,2025-03-19,2025-03-20T00:00Z,NOP,MIN,119,115,final,espn
espn:401705568,2024-25,2025-03-19,2025-03-20T00:00Z,PHI,OKC,100,133,final,espn
espn:401705569,2024-25,2025-03-19,2025-03-20T00:00Z,NYK,SAS,105,120,final,espn
espn:401705572,2024-25,2025-03-19,2025-03-20T02:00Z,DEN,LAL,108,120,final,espn
espn:401705573,2024-25,2025-03-19,2025-03-20T02:00Z,CHI,PHX,121,127,final,espn
espn:401705574,2024-25,2025-03-19,2025-03-20T02:00Z,MEM,POR,99,115,final,espn
espn:401705575,2024-25,2025-03-19,2025-03-20T02:00Z,CLE,SAC,119,123,final,espn
espn:401705562,2024-25,2025-03-20,2025-03-21T02:30Z,MIL,LAL,118,89,final,espn
espn:401705571,2024-25,2025-03-20,2025-03-21T02:00Z,TOR,GSW,114,117,final,espn
espn:401705576,2024-25,2025-03-20,2025-03-20T23:00Z,NYK,CHA,98,115,final,espn
espn:401705577,2024-25,2025-03-20,2025-03-20T23:00Z,BKN,IND,99,105,final,espn
espn:401705579,2024-25,2025-03-20,2025-03-21T02:00Z,CHI,SAC,128,116,final,espn
espn:401705580,2024-25,2025-03-21,2025-03-21T23:00Z,ORL,WAS,120,105,final,espn
espn:401705581,2024-25,2025-03-21,2025-03-22T00:00Z,HOU,MIA,102,98,final,espn
espn:401705582,2024-25,2025-03-21,2025-03-22T00:00Z,NOP,MIN,93,134,final,espn
espn:401705583,2024-25,2025-03-21,2025-03-22T00:00Z,CHA,OKC,106,141,final,espn
espn:401705584,2024-25,2025-03-21,2025-03-22T00:00Z,PHI,SAS,120,128,final,espn
espn:401705585,2024-25,2025-03-21,2025-03-22T00:30Z,DET,DAL,117,123,final,espn
espn:401705586,2024-25,2025-03-21,2025-03-22T01:30Z,BOS,UTA,121,99,final,espn
espn:401705587,2024-25,2025-03-21,2025-03-22T02:00Z,CLE,PHX,112,123,final,espn
espn:401705588,2024-25,2025-03-21,2025-03-22T02:00Z,DEN,POR,109,128,final,espn
espn:401705589,2024-25,2025-03-21,2025-03-22T02:30Z,MEM,LAC,108,128,final,espn
espn:401705590,2024-25,2025-03-22,2025-03-22T21:00Z,BKN,IND,103,108,final,espn
espn:401705591,2024-25,2025-03-22,2025-03-22T23:00Z,GSW,ATL,115,124,final,espn
espn:401705592,2024-25,2025-03-22,2025-03-23T00:00Z,WAS,NYK,103,122,final,espn
espn:401705593,2024-25,2025-03-22,2025-03-23T02:00Z,MIL,SAC,114,108,final,espn
espn:401705594,2024-25,2025-03-22,2025-03-23T02:30Z,CHI,LAL,146,115,final,espn
espn:401705595,2024-25,2025-03-23,2025-03-23T19:00Z,NOP,DET,130,136,final,espn
espn:401705596,2024-25,2025-03-23,2025-03-23T19:30Z,CLE,UTA,120,91,final,espn
espn:401705597,2024-25,2025-03-23,2025-03-23T22:00Z,PHI,ATL,119,132,final,espn
espn:401705598,2024-25,2025-03-23,2025-03-23T22:00Z,CHA,MIA,105,122,final,espn
espn:401705599,2024-25,2025-03-23,2025-03-23T22:00Z,SAS,TOR,123,89,final,espn
espn:401705600,2024-25,2025-03-23,2025-03-23T22:00Z,BOS,POR,129,116,final,espn
espn:401705601,2024-25,2025-03-23,2025-03-23T23:00Z,DEN,HOU,116,111,final,espn
espn:401705602,2024-25,2025-03-23,2025-03-24T01:00Z,OKC,LAC,103,101,final,espn
espn:401705603,2024-25,2025-03-24,2025-03-24T23:00Z,MIN,IND,103,119,final,espn
espn:401705604,2024-25,2025-03-24,2025-03-24T23:00Z,LAL,ORL,106,118,final,espn
espn:401705605,2024-25,2025-03-24,2025-03-24T23:00Z,TOR,WAS,112,104,final,espn
espn:401705606,2024-25,2025-03-24,2025-03-24T23:30Z,DAL,BKN,120,101,final,espn
espn:401705607,2024-25,2025-03-24,2025-03-25T00:00Z,PHI,NOP,99,112,final,espn
espn:401705608,2024-25,2025-03-24,2025-03-25T01:00Z,CHI,DEN,129,119,final,espn
espn:401705609,2024-25,2025-03-24,2025-03-25T02:00Z,MIL,PHX,106,108,final,espn
espn:401705610,2024-25,2025-03-24,2025-03-25T02:00Z,BOS,SAC,113,95,final,espn
espn:401705611,2024-25,2025-03-25,2025-03-25T23:00Z,ORL,CHA,111,104,final,espn
espn:401705612,2024-25,2025-03-25,2025-03-25T23:00Z,SAS,DET,96,122,final,espn
espn:401705613,2024-25,2025-03-25,2025-03-25T23:30Z,GSW,MIA,86,112,final,espn
espn:401705614,2024-25,2025-03-25,2025-03-25T23:30Z,DAL,NYK,113,128,final,espn
espn:401705615,2024-25,2025-03-25,2025-03-26T00:00Z,ATL,HOU,114,121,final,espn
espn:401705616,2024-25,2025-03-25,2025-03-26T01:00Z,MEM,UTA,140,103,final,espn
espn:401705617,2024-25,2025-03-25,2025-03-26T02:00Z,CLE,POR,122,111,final,espn
espn:401705618,2024-25,2025-03-25,2025-03-26T02:00Z,OKC,SAC,121,105,final,espn
espn:401705619,2024-25,2025-03-26,2025-03-26T23:00Z,WAS,PHI,119,114,final,espn
espn:401705620,2024-25,2025-03-26,2025-03-26T23:30Z,TOR,BKN,116,86,final,espn
espn:401705621,2024-25,2025-03-26,2025-03-26T23:30Z,LAL,IND,120,119,final,espn
espn:401705622,2024-25,2025-03-26,2025-03-26T23:30Z,LAC,NYK,126,113,final,espn
espn:401705623,2024-25,2025-03-26,2025-03-27T01:00Z,MIL,DEN,117,127,final,espn
espn:401705624,2024-25,2025-03-26,2025-03-27T02:00Z,BOS,PHX,132,102,final,espn
espn:401705625,2024-25,2025-03-27,2025-03-27T23:00Z,SAS,CLE,116,124,final,espn
espn:401705626,2024-25,2025-03-27,2025-03-27T23:00Z,DAL,ORL,101,92,final,espn
espn:401705627,2024-25,2025-03-27,2025-03-27T23:00Z,IND,WAS,162,109,final,espn
espn:401705628,2024-25,2025-03-27,2025-03-27T23:30Z,ATL,MIA,112,122,final,espn
espn:401705629,2024-25,2025-03-27,2025-03-28T00:00Z,LAL,CHI,117,119,final,espn
espn:401705630,2024-25,2025-03-27,2025-03-28T00:00Z,MEM,OKC,104,125,final,espn
espn:401705631,2024-25,2025-03-27,2025-03-28T01:00Z,HOU,UTA,121,110,final,espn
espn:401705632,2024-25,2025-03-27,2025-03-28T02:00Z,POR,SAC,107,128,final,espn
espn:401705633,2024-25,2025-03-28,2025-03-28T23:00Z,CLE,DET,122,133,final,espn
espn:401705634,2024-25,2025-03-28,2025-03-28T23:30Z,LAC,BKN,132,100,final,espn
espn:401705635,2024-25,2025-03-28,2025-03-28T23:30Z,CHA,TOR,97,108,final,espn
espn:401705636,2024-25,2025-03-28,2025-03-29T00:00Z,NYK,MIL,116,107,final,espn
espn:401705637,2024-25,2025-03-28,2025-03-29T00:00Z,PHX,MIN,109,124,final,espn
espn:401705638,2024-25,2025-03-28,2025-03-29T00:00Z,GSW,NOP,111,95,final,espn
espn:401705639,2024-25,2025-03-28,2025-03-29T01:00Z,UTA,DEN,93,129,final,espn
espn:401705640,2024-25,2025-03-29,2025-03-29T21:00Z,SAC,ORL,91,121,final,espn
espn:401705641,2024-25,2025-03-29,2025-03-29T23:00Z,BKN,WAS,115,112,final,espn
espn:401705642,2024-25,2025-03-29,2025-03-29T23:30Z,MIA,PHI,118,95,final,espn
espn:401705643,2024-25,2025-03-29,2025-03-30T00:00Z,DAL,CHI,120,119,final,espn
espn:401705644,2024-25,2025-03-29,2025-03-30T00:00Z,LAL,MEM,134,127,final,espn
espn:401705645,2024-25,2025-03-29,2025-03-30T00:00Z,IND,OKC,111,132,final,espn
espn:401705646,2024-25,2025-03-29,2025-03-30T00:00Z,BOS,SAS,121,111,final,espn
espn:401705647,2024-25,2025-03-30,2025-03-30T19:30Z,LAC,CLE,122,127,final,espn
espn:401705648,2024-25,2025-03-30,2025-03-30T22:00Z,POR,NYK,93,110,final,espn
espn:401705649,2024-25,2025-03-30,2025-03-30T23:00Z,ATL,MIL,145,124,final,espn
espn:401705650,2024-25,2025-03-30,2025-03-30T23:00Z,DET,MIN,104,123,final,espn
espn:401705651,2024-25,2025-03-30,2025-03-30T23:00Z,CHA,NOP,94,98,final,espn
espn:401705652,2024-25,2025-03-30,2025-03-30T23:00Z,GSW,SAS,148,106,final,espn
espn:401705653,2024-25,2025-03-30,2025-03-30T23:30Z,TOR,PHI,127,109,final,espn
espn:401705654,2024-25,2025-03-30,2025-03-31T01:00Z,HOU,PHX,148,109,final,espn
espn:401705655,2024-25,2025-03-31,2025-03-31T23:00Z,UTA,CHA,106,110,final,espn
espn:401705656,2024-25,2025-03-31,2025-03-31T23:00Z,SAC,IND,109,111,final,espn
espn:401705657,2024-25,2025-03-31,2025-03-31T23:00Z,LAC,ORL,96,87,final,espn
espn:401705658,2024-25,2025-03-31,2025-03-31T23:00Z,MIA,WAS,120,94,final,espn
espn:401705659,2024-25,2025-03-31,2025-03-31T23:30Z,BOS,MEM,117,103,final,espn
espn:401705660,2024-25,2025-03-31,2025-04-01T00:00Z,CHI,OKC,117,145,final,espn
espn:401705661,2024-25,2025-03-31,2025-04-01T00:30Z,BKN,DAL,113,109,final,espn
espn:401705662,2024-25,2025-03-31,2025-04-01T02:00Z,HOU,LAL,98,104,final,espn
espn:401705554,2024-25,2025-04-01,2025-04-02T00:00Z,ORL,SAS,116,105,final,espn
espn:401705663,2024-25,2025-04-01,2025-04-01T23:30Z,POR,ATL,127,113,final,espn
espn:401705664,2024-25,2025-04-01,2025-04-01T23:30Z,PHI,NYK,91,105,final,espn
espn:401705665,2024-25,2025-04-01,2025-04-02T00:00Z,TOR,CHI,118,137,final,espn
espn:401705666,2024-25,2025-04-01,2025-04-02T00:00Z,GSW,MEM,134,125,final,espn
espn:401705667,2024-25,2025-04-01,2025-04-01T23:30Z,PHX,MIL,123,133,final,espn
espn:401705668,2024-25,2025-04-01,2025-04-02T02:00Z,MIN,DEN,140,139,final,espn
espn:401705669,2024-25,2025-04-02,2025-04-02T23:00Z,NYK,CLE,105,124,final,espn
espn:401705670,2024-25,2025-04-02,2025-04-02T23:00Z,CHA,IND,105,119,final,espn
espn:401705671,2024-25,2025-04-02,2025-04-02T23:00Z,SAC,WAS,111,116,final,espn
espn:401705672,2024-25,2025-04-02,2025-04-02T23:30Z,MIA,BOS,124,103,final,espn
espn:401705673,2024-25,2025-04-02,2025-04-03T00:00Z,UTA,HOU,105,143,final,espn
espn:401705674,2024-25,2025-04-02,2025-04-03T01:30Z,DET,OKC,103,119,final,espn
espn:401705675,2024-25,2025-04-02,2025-04-03T00:30Z,ATL,DAL,118,120,final,espn
espn:401705676,2024-25,2025-04-02,2025-04-03T01:00Z,SAS,DEN,113,106,final,espn
espn:401705677,2024-25,2025-04-02,2025-04-03T02:30Z,NOP,LAC,98,114,final,espn
espn:401705678,2024-25,2025-04-03,2025-04-03T23:00Z,ORL,WAS,109,97,final,espn
espn:401705679,2024-25,2025-04-03,2025-04-03T23:30Z,MIN,BKN,105,90,final,espn
espn:401705680,2024-25,2025-04-03,2025-04-03T23:30Z,MEM,MIA,110,108,final,espn
espn:401705681,2024-25,2025-04-03,2025-04-03T23:00Z,MIL,PHI,126,113,final,espn
espn:401705682,2024-25,2025-04-03,2025-04-03T23:30Z,POR,TOR,112,103,final,espn
espn:401705683,2024-25,2025-04-03,2025-04-04T02:00Z,GSW,LAL,123,116,final,espn
espn:401705684,2024-25,2025-04-04,2025-04-04T23:00Z,SAC,CHA,125,102,final,espn
espn:401705685,2024-25,2025-04-04,2025-04-04T23:00Z,UTA,IND,112,140,final,espn
espn:401705686,2024-25,2025-04-04,2025-04-04T23:30Z,PHX,BOS,103,123,final,espn
espn:401705687,2024-25,2025-04-04,2025-04-04T23:30Z,DET,TOR,117,105,final,espn
espn:401705688,2024-25,2025-04-04,2025-04-05T00:00Z,POR,CHI,113,118,final,espn
espn:401705689,2024-25,2025-04-04,2025-04-05T00:00Z,OKC,HOU,111,125,final,espn
espn:401705690,2024-25,2025-04-04,2025-04-05T00:00Z,CLE,SAS,114,113,final,espn
espn:401705691,2024-25,2025-04-04,2025-04-05T02:00Z,DEN,GSW,104,118,final,espn
espn:401705692,2024-25,2025-04-04,2025-04-05T02:30Z,NOP,LAL,108,124,final,espn
espn:401705693,2024-25,2025-04-04,2025-04-05T02:30Z,DAL,LAC,91,114,final,espn
espn:401705694,2024-25,2025-04-05,2025-04-05T19:00Z,NYK,ATL,121,105,final,espn
espn:401705695,2024-25,2025-04-05,2025-04-05T23:00Z,MEM,DET,109,103,final,espn
espn:401705696,2024-25,2025-04-05,2025-04-05T23:00Z,MIN,PHI,114,109,final,espn
espn:401705697,2024-25,2025-04-05,2025-04-06T00:00Z,MIL,MIA,121,115,final,espn
espn:401705698,2024-25,2025-04-05,2025-04-06T02:30Z,DAL,LAC,104,135,final,espn
espn:401705699,2024-25,2025-04-06,2025-04-06T17:00Z,CHI,CHA,131,117,final,espn
espn:401705700,2024-25,2025-04-06,2025-04-06T19:30Z,TOR,BKN,120,109,final,espn
espn:401705701,2024-25,2025-04-06,2025-04-06T19:30Z,LAL,OKC,126,99,final,espn
espn:401705702,2024-25,2025-04-06,2025-04-06T22:00Z,UTA,ATL,134,147,final,espn
espn:401705703,2024-25,2025-04-06,2025-04-06T22:00Z,WAS,BOS,90,124,final,espn
espn:401705704,2024-25,2025-04-06,2025-04-06T22:00Z,SAC,CLE,120,113,final,espn
espn:401705705,2024-25,2025-04-06,2025-04-06T22:00Z,SAS,POR,109,120,final,espn
espn:401705706,2024-25,2025-04-06,2025-04-06T23:00Z,PHX,NYK,98,112,final,espn
espn:401705708,2024-25,2025-04-06,2025-04-07T00:00Z,IND,DEN,125,120,final,espn
espn:401705709,2024-25,2025-04-06,2025-04-07T00:30Z,HOU,GSW,106,96,final,espn
espn:401754706,2024-25,2025-04-06,2025-04-07T00:30Z,MIL,NOP,111,107,final,espn
espn:401705710,2024-25,2025-04-07,2025-04-07T23:00Z,SAC,DET,127,117,final,espn
espn:401705711,2024-25,2025-04-07,2025-04-07T23:30Z,PHI,MIA,105,117,final,espn
espn:401705712,2024-25,2025-04-08,2025-04-08T23:00Z,MEM,CHA,124,100,final,espn
espn:401705713,2024-25,2025-04-08,2025-04-08T23:00Z,CHI,CLE,113,135,final,espn
espn:401705714,2024-25,2025-04-08,2025-04-08T23:00Z,WAS,IND,98,104,final,espn
espn:401705715,2024-25,2025-04-08,2025-04-08T23:00Z,ATL,ORL,112,119,final,espn
espn:401705716,2024-25,2025-04-08,2025-04-08T23:30Z,NOP,BKN,114,119,final,espn
espn:401705717,2024-25,2025-04-08,2025-04-08T23:30Z,BOS,NYK,119,117,final,espn
espn:401705718,2024-25,2025-04-08,2025-04-09T00:00Z,MIN,MIL,103,110,final,espn
espn:401705719,2024-25,2025-04-08,2025-04-09T00:00Z,LAL,OKC,120,136,final,espn
espn:401705720,2024-25,2025-04-08,2025-04-09T02:00Z,GSW,PHX,133,95,final,espn
espn:401705721,2024-25,2025-04-08,2025-04-09T02:30Z,SAS,LAC,117,122,final,espn
espn:401705722,2024-25,2025-04-09,2025-04-09T23:00Z,BOS,ORL,76,96,final,espn
espn:401705723,2024-25,2025-04-09,2025-04-09T23:00Z,PHI,WAS,122,103,final,espn
espn:401705724,2024-25,2025-04-09,2025-04-09T23:30Z,CHA,TOR,96,126,final,espn
espn:401705725,2024-25,2025-04-09,2025-04-09T23:30Z,LAL,DAL,112,97,final,espn
espn:401705726,2024-25,2025-04-09,2025-04-10T00:00Z,MIA,CHI,111,119,final,espn
espn:401705728,2024-25,2025-04-09,2025-04-10T01:00Z,POR,UTA,126,133,final,espn
espn:401705729,2024-25,2025-04-09,2025-04-10T02:00Z,SAS,GSW,114,111,final,espn
espn:401705730,2024-25,2025-04-09,2025-04-10T02:00Z,OKC,PHX,125,112,final,espn
espn:401705731,2024-25,2025-04-09,2025-04-10T02:00Z,DEN,SAC,124,116,final,espn
espn:401705732,2024-25,2025-04-09,2025-04-10T02:30Z,HOU,LAC,117,134,final,espn
espn:401705727,2024-25,2025-04-10,2025-04-11T00:00Z,NOP,MIL,111,136,final,espn
espn:401705733,2024-25,2025-04-10,2025-04-10T23:00Z,NYK,DET,106,115,final,espn
espn:401705734,2024-25,2025-04-10,2025-04-10T23:00Z,CLE,IND,112,114,final,espn
espn:401705735,2024-25,2025-04-10,2025-04-10T23:30Z,ATL,BKN,133,109,final,espn
espn:401705736,2024-25,2025-04-10,2025-04-11T01:30Z,MIN,MEM,141,125,final,espn
espn:401705737,2024-25,2025-04-11,2025-04-11T23:00Z,MIL,DET,125,119,final,espn
espn:401705738,2024-25,2025-04-11,2025-04-11T23:00Z,ORL,IND,129,115,final,espn
espn:401705739,2024-25,2025-04-11,2025-04-11T23:00Z,ATL,PHI,124,110,final,espn
espn:401705740,2024-25,2025-04-11,2025-04-11T23:30Z,CHA,BOS,94,130,final,espn
espn:401705741,2024-25,2025-04-11,2025-04-11T23:30Z,CLE,NYK,108,102,final,espn
espn:401705742,2024-25,2025-04-11,2025-04-12T00:00Z,WAS,CHI,89,119,final,espn
espn:401705743,2024-25,2025-04-11,2025-04-12T00:00Z,MIA,NOP,153,104,final,espn
espn:401705744,2024-25,2025-04-11,2025-04-12T00:30Z,TOR,DAL,102,124,final,espn
espn:401705745,2024-25,2025-04-11,2025-04-12T01:00Z,BKN,MIN,91,117,final,espn
espn:401705746,2024-25,2025-04-11,2025-04-12T01:00Z,MEM,DEN,109,117,final,espn
espn:401705747,2024-25,2025-04-11,2025-04-12T01:30Z,OKC,UTA,145,111,final,espn
espn:401705748,2024-25,2025-04-11,2025-04-12T02:00Z,SAS,PHX,98,117,final,espn
espn:401705749,2024-25,2025-04-11,2025-04-12T02:00Z,GSW,POR,103,86,final,espn
espn:401705750,2024-25,2025-04-11,2025-04-12T02:00Z,LAC,SAC,101,100,final,espn
espn:401705751,2024-25,2025-04-11,2025-04-12T02:30Z,HOU,LAL,109,140,final,espn
espn:401705752,2024-25,2025-04-13,2025-04-13T17:00Z,ORL,ATL,105,117,final,espn
espn:401705753,2024-25,2025-04-13,2025-04-13T17:00Z,CHA,BOS,86,93,final,espn
espn:401705754,2024-25,2025-04-13,2025-04-13T17:00Z,NYK,BKN,113,105,final,espn
espn:401705755,2024-25,2025-04-13,2025-04-13T17:00Z,IND,CLE,126,118,final,espn
espn:401705756,2024-25,2025-04-13,2025-04-13T17:00Z,WAS,MIA,119,118,final,espn
espn:401705757,2024-25,2025-04-13,2025-04-13T17:00Z,CHI,PHI,122,102,final,espn
espn:401705758,2024-25,2025-04-13,2025-04-13T17:00Z,DET,MIL,133,140,final,espn
espn:401705759,2024-25,2025-04-13,2025-04-13T19:30Z,DEN,HOU,126,111,final,espn
espn:401705760,2024-25,2025-04-13,2025-04-13T19:30Z,DAL,MEM,97,132,final,espn
espn:401705761,2024-25,2025-04-13,2025-04-13T19:30Z,UTA,MIN,105,116,final,espn
espn:401705762,2024-25,2025-04-13,2025-04-13T19:30Z,OKC,NOP,115,100,final,espn
espn:401705763,2024-25,2025-04-13,2025-04-13T19:30Z,TOR,SAS,118,125,final,espn
espn:401705764,2024-25,2025-04-13,2025-04-13T19:30Z,LAC,GSW,124,119,final,espn
espn:401705765,2024-25,2025-04-13,2025-04-13T19:30Z,LAL,POR,81,109,final,espn
espn:401705766,2024-25,2025-04-13,2025-04-13T19:30Z,PHX,SAC,98,109,final,espn
espn:401766458,2024-25,2025-04-15,2025-04-15T23:30Z,ATL,ORL,95,120,final,espn
espn:401766459,2024-25,2025-04-15,2025-04-16T02:00Z,MEM,GSW,116,121,final,espn
espn:401766460,2024-25,2025-04-16,2025-04-16T23:30Z,MIA,CHI,109,90,final,espn
espn:401766461,2024-25,2025-04-16,2025-04-17T02:00Z,DAL,SAC,120,106,final,espn
espn:401766462,2024-25,2025-04-18,2025-04-18T23:00Z,MIA,ATL,123,114,final,espn
espn:401766463,2024-25,2025-04-18,2025-04-19T01:30Z,DAL,MEM,106,120,final,espn
espn:401767817,2024-25,2025-04-19,2025-04-19T17:00Z,MIL,IND,98,117,final,espn
espn:401767819,2024-25,2025-04-19,2025-04-19T19:30Z,LAC,DEN,110,112,final,espn
espn:401767820,2024-25,2025-04-19,2025-04-19T22:00Z,DET,NYK,112,123,final,espn
espn:401767821,2024-25,2025-04-19,2025-04-20T00:30Z,MIN,LAL,117,95,final,espn
espn:401767816,2024-25,2025-04-20,2025-04-20T23:00Z,MIA,CLE,100,121,final,espn
espn:401767818,2024-25,2025-04-20,2025-04-20T17:00Z,MEM,OKC,80,131,final,espn
espn:401767822,2024-25,2025-04-20,2025-04-20T19:30Z,ORL,BOS,86,103,final,espn
espn:401767823,2024-25,2025-04-20,2025-04-21T01:30Z,GSW,HOU,95,85,final,espn
espn:401768041,2024-25,2025-04-21,2025-04-21T23:30Z,DET,NYK,100,94,final,espn
espn:401768061,2024-25,2025-04-21,2025-04-22T02:00Z,LAC,DEN,105,102,final,espn
espn:401767903,2024-25,2025-04-22,2025-04-22T23:30Z,MEM,OKC,99,118,final,espn
espn:401767915,2024-25,2025-04-22,2025-04-23T02:00Z,MIN,LAL,85,94,final,espn
espn:401768047,2024-25,2025-04-22,2025-04-22T23:00Z,MIL,IND,115,123,final,espn
espn:401767909,2024-25,2025-04-23,2025-04-24T01:30Z,GSW,HOU,94,109,final,espn
espn:401768029,2024-25,2025-04-23,2025-04-23T23:00Z,ORL,BOS,100,109,final,espn
espn:401768035,2024-25,2025-04-23,2025-04-23T23:30Z,MIA,CLE,112,121,final,espn
espn:401767904,2024-25,2025-04-24,2025-04-25T01:30Z,OKC,MEM,114,108,final,espn
espn:401768042,2024-25,2025-04-24,2025-04-24T23:00Z,NYK,DET,118,116,final,espn
espn:401768062,2024-25,2025-04-24,2025-04-25T02:00Z,DEN,LAC,83,117,final,espn
espn:401768030,2024-25,2025-04-25,2025-04-25T23:00Z,BOS,ORL,93,95,final,espn
espn:401768048,2024-25,2025-04-25,2025-04-26T00:00Z,IND,MIL,101,117,final,espn
espn:401768056,2024-25,2025-04-25,2025-04-26T01:53Z,LAL,MIN,104,116,final,espn
espn:401767905,2024-25,2025-04-26,2025-04-26T19:30Z,OKC,MEM,117,115,final,espn
espn:401767910,2024-25,2025-04-26,2025-04-27T00:30Z,HOU,GSW,93,104,final,espn
espn:401768036,2024-25,2025-04-26,2025-04-26T17:00Z,CLE,MIA,124,87,final,espn
espn:401768063,2024-25,2025-04-26,2025-04-26T22:00Z,DEN,LAC,101,99,final,espn
espn:401768031,2024-25,2025-04-27,2025-04-27T23:00Z,BOS,ORL,107,98,final,espn
espn:401768043,2024-25,2025-04-27,2025-04-27T17:00Z,NYK,DET,94,93,final,espn
espn:401768049,2024-25,2025-04-27,2025-04-28T01:30Z,IND,MIL,129,103,final,espn
espn:401768057,2024-25,2025-04-27,2025-04-27T19:50Z,LAL,MIN,113,116,final,espn
espn:401767911,2024-25,2025-04-28,2025-04-29T02:00Z,HOU,GSW,106,109,final,espn
espn:401768037,2024-25,2025-04-28,2025-04-28T23:30Z,CLE,MIA,138,83,final,espn
espn:401768032,2024-25,2025-04-29,2025-04-30T00:30Z,ORL,BOS,89,120,final,espn
espn:401768044,2024-25,2025-04-29,2025-04-29T23:30Z,DET,NYK,106,103,final,espn
espn:401768050,2024-25,2025-04-29,2025-04-29T22:00Z,MIL,IND,118,119,final,espn
espn:401768064,2024-25,2025-04-29,2025-04-30T02:00Z,LAC,DEN,115,131,final,espn
espn:401767912,2024-25,2025-04-30,2025-04-30T23:30Z,GSW,HOU,116,131,final,espn
espn:401768058,2024-25,2025-04-30,2025-05-01T02:00Z,MIN,LAL,103,96,final,espn
espn:401768045,2024-25,2025-05-01,2025-05-01T23:30Z,NYK,DET,116,113,final,espn
espn:401768065,2024-25,2025-05-01,2025-05-02T02:00Z,DEN,LAC,105,111,final,espn
espn:401767913,2024-25,2025-05-02,2025-05-03T01:00Z,HOU,GSW,115,107,final,espn
espn:401768066,2024-25,2025-05-03,2025-05-03T23:30Z,LAC,DEN,101,120,final,espn
espn:401767914,2024-25,2025-05-04,2025-05-05T00:30Z,GSW,HOU,103,89,final,espn
espn:401769689,2024-25,2025-05-04,2025-05-04T22:00Z,IND,CLE,121,112,final,espn
espn:401769746,2024-25,2025-05-05,2025-05-05T23:00Z,NYK,BOS,108,105,final,espn
espn:401769820,2024-25,2025-05-05,2025-05-06T01:30Z,DEN,OKC,121,119,final,espn
espn:401769740,2024-25,2025-05-06,2025-05-06T23:00Z,IND,CLE,120,119,final,espn
espn:401769837,2024-25,2025-05-06,2025-05-07T01:30Z,GSW,MIN,99,88,final,espn
espn:401769747,2024-25,2025-05-07,2025-05-07T23:00Z,NYK,BOS,91,90,final,espn
espn:401769821,2024-25,2025-05-07,2025-05-08T01:30Z,DEN,OKC,106,149,final,espn
espn:401769838,2024-25,2025-05-08,2025-05-09T00:30Z,GSW,MIN,93,117,final,espn
espn:401769741,2024-25,2025-05-09,2025-05-09T23:30Z,CLE,IND,126,104,final,espn
espn:401769822,2024-25,2025-05-09,2025-05-10T02:25Z,OKC,DEN,104,113,final,espn
espn:401769748,2024-25,2025-05-10,2025-05-10T19:30Z,BOS,NYK,115,93,final,espn
espn:401769839,2024-25,2025-05-10,2025-05-11T00:30Z,MIN,GSW,102,97,final,espn
espn:401769742,2024-25,2025-05-11,2025-05-12T00:00Z,CLE,IND,109,129,final,espn
espn:401769823,2024-25,2025-05-11,2025-05-11T19:30Z,OKC,DEN,92,87,final,espn
espn:401769749,2024-25,2025-05-12,2025-05-12T23:30Z,BOS,NYK,113,121,final,espn
espn:401769840,2024-25,2025-05-12,2025-05-13T02:00Z,MIN,GSW,117,110,final,espn
espn:401769743,2024-25,2025-05-13,2025-05-13T23:00Z,IND,CLE,114,105,final,espn
espn:401769990,2024-25,2025-05-13,2025-05-14T01:30Z,DEN,OKC,105,112,final,espn
espn:401769750,2024-25,2025-05-14,2025-05-14T23:00Z,NYK,BOS,102,127,final,espn
espn:401769987,2024-25,2025-05-14,2025-05-15T01:30Z,GSW,MIN,110,121,final,espn
espn:401769991,2024-25,2025-05-15,2025-05-16T00:30Z,OKC,DEN,107,119,final,espn
espn:401769751,2024-25,2025-05-16,2025-05-17T00:00Z,BOS,NYK,81,119,final,espn
espn:401769992,2024-25,2025-05-18,2025-05-18T19:30Z,DEN,OKC,93,125,final,espn
espn:401773148,2024-25,2025-05-20,2025-05-21T00:30Z,MIN,OKC,88,114,final,espn
espn:401772989,2024-25,2025-05-21,2025-05-22T00:00Z,IND,NYK,138,135,final,espn
espn:401773149,2024-25,2025-05-22,2025-05-23T00:30Z,MIN,OKC,103,118,final,espn
espn:401772990,2024-25,2025-05-23,2025-05-24T00:00Z,IND,NYK,114,109,final,espn
espn:401773150,2024-25,2025-05-24,2025-05-25T00:30Z,OKC,MIN,101,143,final,espn
espn:401772991,2024-25,2025-05-25,2025-05-26T00:00Z,NYK,IND,106,100,final,espn
espn:401773151,2024-25,2025-05-26,2025-05-27T00:30Z,OKC,MIN,128,126,final,espn
espn:401772992,2024-25,2025-05-27,2025-05-28T00:00Z,NYK,IND,121,130,final,espn
espn:401773152,2024-25,2025-05-28,2025-05-29T00:30Z,MIN,OKC,94,124,final,espn
espn:401772993,2024-25,2025-05-29,2025-05-30T00:00Z,IND,NYK,94,111,final,espn
espn:401772994,2024-25,2025-05-31,2025-06-01T00:00Z,NYK,IND,108,125,final,espn
espn:401766122,2024-25,2025-06-05,2025-06-06T00:30Z,IND,OKC,111,110,final,espn
espn:401766123,2024-25,2025-06-08,2025-06-09T00:00Z,IND,OKC,107,123,final,espn
espn:401766124,2024-25,2025-06-11,2025-06-12T00:30Z,OKC,IND,107,116,final,espn
espn:401766125,2024-25,2025-06-13,2025-06-14T00:30Z,OKC,IND,111,104,final,espn
espn:401766126,2024-25,2025-06-16,2025-06-17T00:30Z,IND,OKC,109,120,final,espn
espn:401766127,2024-25,2025-06-19,2025-06-20T00:30Z,OKC,IND,91,108,final,espn
espn:401766128,2024-25,2025-06-22,2025-06-23T00:00Z,IND,OKC,91,103,final,espn
espn:401812480,2025-26,2025-10-02,2025-10-02T16:00Z,PHI,NYK,84,99,final,espn
espn:401812482,2025-26,2025-10-03,2025-10-04T02:00Z,PHX,LAL,103,81,final,espn
espn:401812483,2025-26,2025-10-04,2025-10-04T15:00Z,NYK,PHI,113,104,final,espn
espn:401812485,2025-26,2025-10-04,2025-10-05T00:00Z,ORL,MIA,126,118,final,espn
espn:401812486,2025-26,2025-10-04,2025-10-05T01:00Z,MIN,DEN,126,116,final,espn
espn:401812487,2025-26,2025-10-04,2025-10-05T03:00Z,PHX,NOP,92,127,final,espn
espn:401812676,2025-26,2025-10-05,2025-10-05T21:00Z,OKC,CHA,135,114,final,espn
espn:401812677,2025-26,2025-10-05,2025-10-06T00:30Z,LAL,GSW,103,111,final,espn
espn:401812678,2025-26,2025-10-06,2025-10-06T23:30Z,MIL,MIA,103,93,final,espn
espn:401812679,2025-26,2025-10-06,2025-10-07T00:00Z,ATL,HOU,113,122,final,espn
espn:401812680,2025-26,2025-10-06,2025-10-07T00:00Z,DET,MEM,128,112,final,espn
espn:401812682,2025-26,2025-10-06,2025-10-07T00:30Z,OKC,DAL,89,106,final,espn
espn:401812683,2025-26,2025-10-06,2025-10-07T02:00Z,DEN,TOR,112,108,final,espn
espn:401812684,2025-26,2025-10-07,2025-10-07T23:00Z,CHI,CLE,118,117,final,espn
espn:401812685,2025-26,2025-10-07,2025-10-08T00:00Z,IND,MIN,135,134,final,espn
espn:401812686,2025-26,2025-10-08,2025-10-08T23:30Z,SAS,MIA,112,107,final,espn
espn:401812687,2025-26,2025-10-08,2025-10-09T00:00Z,UTA,HOU,127,140,final,espn
espn:401812688,2025-26,2025-10-08,2025-10-09T00:00Z,BOS,MEM,121,103,final,espn
espn:401812689,2025-26,2025-10-08,2025-10-09T02:00Z,POR,GSW,123,129,final,espn
espn:401812690,2025-26,2025-10-08,2025-10-09T02:00Z,TOR,SAC,130,122,final,espn
espn:401812691,2025-26,2025-10-09,2025-10-09T23:30Z,MIN,NYK,95,100,final,espn
espn:401812692,2025-26,2025-10-09,2025-10-10T00:00Z,CLE,CHI,112,119,final,espn
espn:401812693,2025-26,2025-10-09,2025-10-10T00:00Z,DET,MIL,111,117,final,espn
espn:401812694,2025-26,2025-10-09,2025-10-10T00:00Z,CHA,OKC,116,122,final,espn
espn:401812696,2025-26,2025-10-10,2025-10-10T12:00Z,PHX,BKN,132,127,final,espn
espn:401812697,2025-26,2025-10-10,2025-10-10T23:00Z,BOS,TOR,105,107,final,espn
espn:401812698,2025-26,2025-10-10,2025-10-10T23:00Z,ORL,PHI,128,98,final,espn
espn:401812699,2025-26,2025-10-10,2025-10-11T00:00Z,UTA,SAS,130,134,final,espn
espn:401812700,2025-26,2025-10-10,2025-10-11T02:00Z,SAC,POR,123,124,final,espn
espn:401812701,2025-26,2025-10-11,2025-10-11T23:00Z,OKC,IND,101,116,final,espn
espn:401812702,2025-26,2025-10-11,2025-10-12T00:00Z,ATL,MEM,122,116,final,espn
espn:401812703,2025-26,2025-10-11,2025-10-12T00:30Z,CHA,DAL,120,116,final,espn
espn:401812704,2025-26,2025-10-12,2025-10-12T11:00Z,BKN,PHX,111,109,final,espn
espn:401812705,2025-26,2025-10-12,2025-10-12T19:00Z,TOR,WAS,113,112,final,espn
espn:401812706,2025-26,2025-10-12,2025-10-12T22:00Z,MIA,ORL,104,120,final,espn
espn:401812707,2025-26,2025-10-12,2025-10-12T23:00Z,CLE,BOS,107,138,final,espn
espn:401812708,2025-26,2025-10-12,2025-10-12T23:00Z,MIL,CHI,127,121,final,espn
espn:401812709,2025-26,2025-10-12,2025-10-13T01:30Z,DEN,LAC,102,94,final,espn
espn:401812710,2025-26,2025-10-12,2025-10-13T01:30Z,GSW,LAL,116,126,final,espn
espn:401812711,2025-26,2025-10-13,2025-10-13T22:00Z,MIA,ATL,118,119,final,espn
espn:401812712,2025-26,2025-10-13,2025-10-13T23:00Z,SAS,IND,124,108,final,espn
espn:401812713,2025-26,2025-10-13,2025-10-13T23:30Z,WAS,NYK,120,103,final,espn
espn:401812715,2025-26,2025-10-13,2025-10-14T01:00Z,DAL,UTA,114,101,final,espn
espn:401812716,2025-26,2025-10-14,2025-10-14T23:00Z,DET,CLE,100,118,final,espn
espn:401812717,2025-26,2025-10-14,2025-10-15T00:00Z,HOU,NOP,130,128,final,espn
espn:401812718,2025-26,2025-10-14,2025-10-15T00:00Z,OKC,MIL,116,112,final,espn
espn:401812719,2025-26,2025-10-14,2025-10-15T01:00Z,CHI,DEN,117,124,final,espn
espn:401812720,2025-26,2025-10-14,2025-10-15T02:00Z,GSW,POR,118,111,final,espn
espn:401812721,2025-26,2025-10-14,2025-10-15T02:00Z,LAL,PHX,104,113,final,espn
espn:401812722,2025-26,2025-10-15,2025-10-15T23:00Z,MEM,CHA,116,145,final,espn
espn:401812723,2025-26,2025-10-15,2025-10-15T23:30Z,TOR,BOS,108,110,final,espn
espn:401812724,2025-26,2025-10-15,2025-10-16T02:30Z,DAL,LAL,121,94,final,espn
espn:401812725,2025-26,2025-10-15,2025-10-16T02:00Z,LAC,SAC,109,91,final,espn
espn:401812726,2025-26,2025-10-16,2025-10-16T23:00Z,NOP,ORL,125,132,final,espn
espn:401812727,2025-26,2025-10-16,2025-10-16T23:00Z,WAS,DET,98,119,final,espn
espn:401812728,2025-26,2025-10-16,2025-10-16T23:30Z,HOU,ATL,133,115,final,espn
espn:401812729,2025-26,2025-10-16,2025-10-17T00:00Z,MIN,CHI,120,126,final,espn
espn:401812730,2025-26,2025-10-16,2025-10-17T01:00Z,POR,UTA,129,132,final,espn
espn:401812731,2025-26,2025-10-17,2025-10-17T23:00Z,BKN,TOR,114,119,final,espn
espn:401812732,2025-26,2025-10-17,2025-10-17T23:00Z,MIN,PHI,110,126,final,espn
espn:401812733,2025-26,2025-10-17,2025-10-17T23:30Z,CHA,NYK,108,113,final,espn
espn:401812734,2025-26,2025-10-17,2025-10-18T00:00Z,MEM,MIA,141,125,final,espn
espn:401812735,2025-26,2025-10-17,2025-10-18T00:00Z,DEN,OKC,91,94,final,espn
espn:401812736,2025-26,2025-10-17,2025-10-18T00:00Z,IND,SAS,104,133,final,espn
espn:401812737,2025-26,2025-10-17,2025-10-18T02:00Z,LAC,GSW,106,103,final,espn
espn:401812738,2025-26,2025-10-17,2025-10-18T02:30Z,SAC,LAL,117,116,final,espn
espn:401809243,2025-26,2025-10-21,2025-10-21T23:30Z,HOU,OKC,124,125,final,espn
espn:401809244,2025-26,2025-10-21,2025-10-22T02:00Z,GSW,LAL,119,109,final,espn
espn:401809234,2025-26,2025-10-22,2025-10-22T23:00Z,CLE,NYK,111,119,final,espn
espn:401809235,2025-26,2025-10-22,2025-10-23T01:47Z,SAS,DAL,125,92,final,espn
espn:401809933,2025-26,2025-10-22,2025-10-22T23:00Z,BKN,CHA,117,136,final,espn
espn:401809934,2025-26,2025-10-22,2025-10-22T23:00Z,MIA,ORL,121,125,final,espn
espn:401809935,2025-26,2025-10-22,2025-10-22T23:30Z,TOR,ATL,138,118,final,espn
espn:401809936,2025-26,2025-10-22,2025-10-22T23:30Z,PHI,BOS,117,116,final,espn
espn:401809937,2025-26,2025-10-22,2025-10-23T00:00Z,DET,CHI,111,115,final,espn
espn:401809938,2025-26,2025-10-22,2025-10-23T00:00Z,NOP,MEM,122,128,final,espn
espn:401809939,2025-26,2025-10-22,2025-10-23T00:00Z,WAS,MIL,120,133,final,espn
espn:401809940,2025-26,2025-10-22,2025-10-23T01:00Z,LAC,UTA,108,129,final,espn
espn:401809941,2025-26,2025-10-22,2025-10-23T02:00Z,SAC,PHX,116,120,final,espn
espn:401809942,2025-26,2025-10-22,2025-10-23T02:00Z,MIN,POR,118,114,final,espn
espn:401809236,2025-26,2025-10-23,2025-10-23T23:30Z,OKC,IND,141,135,final,espn
espn:401809237,2025-26,2025-10-23,2025-10-24T02:17Z,DEN,GSW,131,137,final,espn
espn:401809943,2025-26,2025-10-24,2025-10-24T23:00Z,ATL,ORL,111,107,final,espn
espn:401809944,2025-26,2025-10-24,2025-10-24T23:30Z,CLE,BKN,131,124,final,espn
espn:401809945,2025-26,2025-10-24,2025-10-24T23:30Z,BOS,NYK,95,105,final,espn
espn:401809946,2025-26,2025-10-24,2025-10-24T22:30Z,MIL,TOR,122,116,final,espn
espn:401809947,2025-26,2025-10-24,2025-10-25T00:00Z,DET,HOU,115,111,final,espn
espn:401809948,2025-26,2025-10-24,2025-10-25T00:00Z,MIA,MEM,146,114,final,espn
espn:401809949,2025-26,2025-10-24,2025-10-25T00:00Z,SAS,NOP,120,116,final,espn
espn:401809950,2025-26,2025-10-24,2025-10-25T00:30Z,WAS,DAL,117,107,final,espn
espn:401809951,2025-26,2025-10-24,2025-10-25T02:00Z,MIN,LAL,110,128,final,espn
espn:401809952,2025-26,2025-10-24,2025-10-25T02:00Z,GSW,POR,119,139,final,espn
espn:401809953,2025-26,2025-10-24,2025-10-25T02:00Z,UTA,SAC,104,105,final,espn
espn:401809954,2025-26,2025-10-24,2025-10-25T02:30Z,PHX,LAC,102,129,final,espn
espn:401809955,2025-26,2025-10-25,2025-10-25T23:00Z,CHI,ORL,110,98,final,espn
espn:401809956,2025-26,2025-10-25,2025-10-25T23:30Z,OKC,ATL,117,100,final,espn
espn:401809957,2025-26,2025-10-25,2025-10-25T23:30Z,CHA,PHI,121,125,final,espn
espn:401809958,2025-26,2025-10-25,2025-10-26T00:00Z,IND,MEM,103,128,final,espn
espn:401809959,2025-26,2025-10-25,2025-10-26T01:00Z,PHX,DEN,111,133,final,espn
espn:401809960,2025-26,2025-10-26,2025-10-26T18:00Z,BKN,SAS,107,118,final,espn
espn:401809961,2025-26,2025-10-26,2025-10-26T19:30Z,BOS,DET,113,119,final,espn
espn:401809962,2025-26,2025-10-26,2025-10-26T22:00Z,MIL,CLE,113,118,final,espn
espn:401809963,2025-26,2025-10-26,2025-10-26T22:00Z,NYK,MIA,107,115,final,espn
espn:401809964,2025-26,2025-10-26,2025-10-26T22:00Z,CHA,WAS,139,113,final,espn
espn:401809965,2025-26,2025-10-26,2025-10-26T23:00Z,IND,MIN,110,114,final,espn
espn:401809966,2025-26,2025-10-26,2025-10-26T23:30Z,TOR,DAL,129,139,final,espn
espn:401809967,2025-26,2025-10-26,2025-10-27T01:00Z,POR,LAC,107,114,final,espn
espn:401809968,2025-26,2025-10-26,2025-10-27T01:00Z,LAL,SAC,127,120,final,espn
espn:401809245,2025-26,2025-10-27,2025-10-27T23:00Z,CLE,DET,116,95,final,espn
espn:401809246,2025-26,2025-10-27,2025-10-28T01:30Z,DEN,MIN,127,114,final,espn
espn:401809969,2025-26,2025-10-27,2025-10-27T23:00Z,ORL,PHI,124,136,final,espn
espn:401809970,2025-26,2025-10-27,2025-10-28T00:00Z,ATL,CHI,123,128,final,espn
espn:401809971,2025-26,2025-10-27,2025-10-28T00:00Z,BKN,HOU,109,137,final,espn
espn:401809972,2025-26,2025-10-27,2025-10-28T00:00Z,BOS,NOP,122,90,final,espn
espn:401809973,2025-26,2025-10-27,2025-10-28T00:00Z,TOR,SAS,103,121,final,espn
espn:401809974,2025-26,2025-10-27,2025-10-28T00:30Z,OKC,DAL,101,94,final,espn
espn:401809975,2025-26,2025-10-27,2025-10-28T01:00Z,PHX,UTA,134,138,final,espn
espn:401809976,2025-26,2025-10-27,2025-10-28T02:00Z,MEM,GSW,118,131,final,espn
espn:401809977,2025-26,2025-10-27,2025-10-28T02:30Z,POR,LAL,122,108,final,espn
espn:401809978,2025-26,2025-10-28,2025-10-28T23:00Z,PHI,WAS,139,134,final,espn
espn:401809979,2025-26,2025-10-28,2025-10-28T23:30Z,CHA,MIA,117,144,final,espn
espn:401809980,2025-26,2025-10-28,2025-10-29T00:00Z,NYK,MIL,111,121,final,espn
espn:401809981,2025-26,2025-10-28,2025-10-29T00:00Z,SAC,OKC,101,107,final,espn
espn:401809982,2025-26,2025-10-28,2025-10-29T03:00Z,LAC,GSW,79,98,final,espn
espn:401809983,2025-26,2025-10-29,2025-10-29T23:00Z,CLE,BOS,105,125,final,espn
espn:401809984,2025-26,2025-10-29,2025-10-29T23:00Z,ORL,DET,116,135,final,espn
espn:401809985,2025-26,2025-10-29,2025-10-29T23:30Z,ATL,BKN,117,112,final,espn
espn:401809986,2025-26,2025-10-29,2025-10-29T22:30Z,HOU,TOR,139,121,final,espn
espn:401809987,2025-26,2025-10-29,2025-10-30T00:00Z,SAC,CHI,113,126,final,espn
espn:401809988,2025-26,2025-10-29,2025-10-30T00:30Z,IND,DAL,105,107,final,espn
espn:401809989,2025-26,2025-10-29,2025-10-30T01:00Z,NOP,DEN,88,122,final,espn
espn:401809990,2025-26,2025-10-29,2025-10-30T01:00Z,POR,UTA,136,134,final,espn
espn:401809991,2025-26,2025-10-29,2025-10-30T01:30Z,LAL,MIN,116,115,final,espn
espn:401809992,2025-26,2025-10-29,2025-10-30T02:00Z,MEM,PHX,114,113,final,espn
espn:401809993,2025-26,2025-10-30,2025-10-30T23:00Z,ORL,CHA,123,107,final,espn
espn:401809994,2025-26,2025-10-30,2025-10-31T00:00Z,GSW,MIL,110,120,final,espn
espn:401809995,2025-26,2025-10-30,2025-10-31T00:00Z,WAS,OKC,108,127,final,espn
espn:401809996,2025-26,2025-10-30,2025-10-31T00:30Z,MIA,SAS,101,107,final,espn
espn:401809502,2025-26,2025-10-31,2025-10-31T23:00Z,ATL,IND,128,108,final,espn
espn:401809503,2025-26,2025-10-31,2025-10-31T23:00Z,BOS,PHI,109,108,final,espn
espn:401809504,2025-26,2025-10-31,2025-10-31T23:30Z,TOR,CLE,112,101,final,espn
espn:401809505,2025-26,2025-10-31,2025-11-01T00:00Z,NYK,CHI,125,135,final,espn
espn:401809506,2025-26,2025-10-31,2025-11-01T01:30Z,LAL,MEM,117,112,final,espn
espn:401809507,2025-26,2025-10-31,2025-11-01T02:00Z,UTA,PHX,96,118,final,espn
espn:401809508,2025-26,2025-10-31,2025-11-01T02:00Z,DEN,POR,107,109,final,espn
espn:401809509,2025-26,2025-10-31,2025-11-01T02:30Z,NOP,LAC,124,126,final,espn
espn:401809997,2025-26,2025-11-01,2025-11-01T21:00Z,SAC,MIL,135,133,final,espn
espn:401809998,2025-26,2025-11-01,2025-11-01T22:00Z,MIN,CHA,122,105,final,espn
espn:401809999,2025-26,2025-11-01,2025-11-01T23:00Z,GSW,IND,109,114,final,espn
espn:401810000,2025-26,2025-11-01,2025-11-01T23:00Z,ORL,WAS,125,94,final,espn
espn:401810001,2025-26,2025-11-01,2025-11-02T00:00Z,HOU,BOS,128,101,final,espn
espn:401810002,2025-26,2025-11-01,2025-11-02T02:00Z,DAL,DET,110,122,final,espn
espn:401810003,2025-26,2025-11-02,2025-11-02T20:30Z,NOP,OKC,106,137,final,espn
espn:401810004,2025-26,2025-11-02,2025-11-02T23:00Z,PHI,BKN,129,105,final,espn
espn:401810005,2025-26,2025-11-02,2025-11-02T23:00Z,UTA,CHA,103,126,final,espn
espn:401810006,2025-26,2025-11-02,2025-11-02T23:00Z,ATL,CLE,109,117,final,espn
espn:401810007,2025-26,2025-11-02,2025-11-02T23:00Z,MEM,TOR,104,117,final,espn
espn:401810008,2025-26,2025-11-02,2025-11-03T00:00Z,CHI,NYK,116,128,final,espn
espn:401810009,2025-26,2025-11-02,2025-11-03T01:00Z,SAS,PHX,118,130,final,espn
espn:401810010,2025-26,2025-11-02,2025-11-03T02:30Z,MIA,LAL,120,130,final,espn
espn:401810011,2025-26,2025-11-03,2025-11-04T00:00Z,MIN,BKN,125,109,final,espn
espn:401810012,2025-26,2025-11-03,2025-11-04T00:00Z,MIL,IND,117,115,final,espn
espn:401810013,2025-26,2025-11-03,2025-11-04T00:30Z,UTA,BOS,105,103,final,espn
espn:401810014,2025-26,2025-11-03,2025-11-04T00:30Z,WAS,NYK,102,119,final,espn
espn:401810015,2025-26,2025-11-03,2025-11-04T01:00Z,DAL,HOU,102,110,final,espn
espn:401810016,2025-26,2025-11-03,2025-11-04T01:00Z,DET,MEM,114,106,final,espn
espn:401810017,2025-26,2025-11-03,2025-11-04T02:00Z,SAC,DEN,124,130,final,espn
espn:401810018,2025-26,2025-11-03,2025-11-04T03:00Z,LAL,POR,123,115,final,espn
espn:401810019,2025-26,2025-11-03,2025-11-04T03:30Z,MIA,LAC,120,119,final,espn
espn:401810020,2025-26,2025-11-04,2025-11-05T00:30Z,MIL,TOR,100,128,final,espn
espn:401810021,2025-26,2025-11-04,2025-11-05T01:00Z,ORL,ATL,112,127,final,espn
espn:401810022,2025-26,2025-11-04,2025-11-05T01:00Z,PHI,CHI,111,113,final,espn
espn:401810023,2025-26,2025-11-04,2025-11-05T01:00Z,CHA,NOP,112,116,final,espn
espn:401810024,2025-26,2025-11-04,2025-11-05T03:00Z,PHX,GSW,107,118,final,espn
espn:401810025,2025-26,2025-11-04,2025-11-05T04:00Z,OKC,LAC,126,107,final,espn
espn:401810026,2025-26,2025-11-05,2025-11-06T00:00Z,PHI,CLE,121,132,final,espn
espn:401810027,2025-26,2025-11-05,2025-11-06T00:00Z,UTA,DET,103,114,final,espn
espn:401810028,2025-26,2025-11-05,2025-11-06T00:00Z,BKN,IND,112,103,final,espn
espn:401810029,2025-26,2025-11-05,2025-11-06T00:30Z,WAS,BOS,107,136,final,espn
espn:401810030,2025-26,2025-11-05,2025-11-06T00:30Z,MIN,NYK,114,137,final,espn
espn:401810031,2025-26,2025-11-05,2025-11-06T01:00Z,HOU,MEM,124,109,final,espn
espn:401810032,2025-26,2025-11-05,2025-11-06T01:30Z,NOP,DAL,101,99,final,espn
espn:401810033,2025-26,2025-11-05,2025-11-06T02:00Z,MIA,DEN,112,122,final,espn
espn:401810034,2025-26,2025-11-05,2025-11-06T03:00Z,SAS,LAL,116,118,final,espn
espn:401810035,2025-26,2025-11-05,2025-11-06T03:00Z,OKC,POR,119,121,final,espn
espn:401810036,2025-26,2025-11-05,2025-11-06T03:00Z,GSW,SAC,116,121,final,espn
espn:401810037,2025-26,2025-11-06,2025-11-07T02:00Z,LAC,PHX,102,115,final,espn
espn:401809510,2025-26,2025-11-07,2025-11-08T00:00Z,BOS,ORL,110,123,final,espn
espn:401809511,2025-26,2025-11-07,2025-11-08T00:00Z,CLE,WAS,148,115,final,espn
espn:401809512,2025-26,2025-11-07,2025-11-08T00:30Z,TOR,ATL,109,97,final,espn
espn:401809773,2025-26,2025-11-07,2025-11-08T00:30Z,DET,BKN,125,107,final,espn
espn:401809774,2025-26,2025-11-07,2025-11-08T00:30Z,HOU,SAS,110,121,final,espn
espn:401809775,2025-26,2025-11-07,2025-11-08T01:00Z,CHA,MIA,108,126,final,espn
espn:401809776,2025-26,2025-11-07,2025-11-08T01:00Z,DAL,MEM,104,118,final,espn
espn:401809777,2025-26,2025-11-07,2025-11-08T01:00Z,CHI,MIL,110,126,final,espn
espn:401809778,2025-26,2025-11-07,2025-11-08T01:00Z,UTA,MIN,97,137,final,espn
espn:401809779,2025-26,2025-11-07,2025-11-08T03:00Z,GSW,DEN,104,129,final,espn
espn:401809780,2025-26,2025-11-07,2025-11-08T03:00Z,OKC,SAC,132,101,final,espn
espn:401810038,2025-26,2025-11-08,2025-11-09T00:00Z,DAL,WAS,111,105,final,espn
espn:401810039,2025-26,2025-11-08,2025-11-09T00:30Z,TOR,PHI,120,130,final,espn
espn:401810040,2025-26,2025-11-08,2025-11-09T01:00Z,LAL,ATL,102,122,final,espn
espn:401810041,2025-26,2025-11-08,2025-11-09T01:00Z,CHI,CLE,122,128,final,espn
espn:401810042,2025-26,2025-11-08,2025-11-09T01:00Z,POR,MIA,131,136,final,espn
espn:401810043,2025-26,2025-11-08,2025-11-09T01:00Z,NOP,SAS,119,126,final,espn
espn:401810044,2025-26,2025-11-08,2025-11-09T02:00Z,IND,DEN,100,117,final,espn
espn:401810045,2025-26,2025-11-08,2025-11-09T03:30Z,PHX,LAC,114,103,final,espn
espn:401810046,2025-26,2025-11-09,2025-11-09T20:30Z,HOU,MIL,122,115,final,espn
espn:401810047,2025-26,2025-11-09,2025-11-09T23:00Z,BKN,NYK,98,134,final,espn
espn:401810048,2025-26,2025-11-09,2025-11-09T23:00Z,BOS,ORL,111,107,final,espn
espn:401810049,2025-26,2025-11-09,2025-11-09T23:00Z,OKC,MEM,114,100,final,espn
espn:401810050,2025-26,2025-11-09,2025-11-10T00:30Z,DET,PHI,111,108,final,espn
espn:401810051,2025-26,2025-11-09,2025-11-10T01:30Z,IND,GSW,83,114,final,espn
espn:401810052,2025-26,2025-11-09,2025-11-10T02:00Z,MIN,SAC,144,117,final,espn
espn:401810053,2025-26,2025-11-10,2025-11-11T00:00Z,LAL,CHA,121,111,final,espn
espn:401810054,2025-26,2025-11-10,2025-11-11T00:00Z,WAS,DET,135,137,final,espn
espn:401810055,2025-26,2025-11-10,2025-11-11T00:00Z,POR,ORL,112,115,final,espn
espn:401810056,2025-26,2025-11-10,2025-11-11T00:30Z,CLE,MIA,138,140,final,espn
espn:401810057,2025-26,2025-11-10,2025-11-11T01:00Z,SAS,CHI,121,117,final,espn
espn:401810058,2025-26,2025-11-10,2025-11-11T01:30Z,MIL,DAL,116,114,final,espn
espn:401810059,2025-26,2025-11-10,2025-11-11T02:00Z,NOP,PHX,98,121,final,espn
espn:401810060,2025-26,2025-11-10,2025-11-11T02:00Z,MIN,UTA,120,113,final,espn
espn:401810061,2025-26,2025-11-10,2025-11-11T03:30Z,ATL,LAC,105,102,final,espn
espn:401810062,2025-26,2025-11-11,2025-11-12T00:30Z,TOR,BKN,119,109,final,espn
espn:401810063,2025-26,2025-11-11,2025-11-12T00:30Z,MEM,NYK,120,133,final,espn
espn:401810064,2025-26,2025-11-11,2025-11-12T01:00Z,BOS,PHI,100,102,final,espn
espn:401810065,2025-26,2025-11-11,2025-11-12T01:00Z,GSW,OKC,102,126,final,espn
espn:401810066,2025-26,2025-11-11,2025-11-12T02:00Z,IND,UTA,128,152,final,espn
espn:401810067,2025-26,2025-11-11,2025-11-12T04:00Z,DEN,SAC,122,108,final,espn
espn:401810068,2025-26,2025-11-12,2025-11-13T00:00Z,MIL,CHA,100,111,final,espn
espn:401810069,2025-26,2025-11-12,2025-11-13T00:00Z,CHI,DET,113,124,final,espn
espn:401810070,2025-26,2025-11-12,2025-11-13T00:00Z,ORL,NYK,124,107,final,espn
espn:401810071,2025-26,2025-11-12,2025-11-13T00:30Z,MEM,BOS,95,131,final,espn
espn:401810072,2025-26,2025-11-12,2025-11-13T00:30Z,CLE,MIA,130,116,final,espn
espn:401810073,2025-26,2025-11-12,2025-11-13T01:00Z,WAS,HOU,112,135,final,espn
espn:401810074,2025-26,2025-11-12,2025-11-13T01:00Z,POR,NOP,125,117,final,espn
espn:401810075,2025-26,2025-11-12,2025-11-13T01:00Z,GSW,SAS,125,120,final,espn
espn:401810076,2025-26,2025-11-12,2025-11-13T01:30Z,PHX,DAL,123,114,final,espn
espn:401810077,2025-26,2025-11-12,2025-11-13T02:47Z,LAL,OKC,92,121,final,espn
espn:401810078,2025-26,2025-11-12,2025-11-13T03:00Z,ATL,SAC,133,100,final,espn
espn:401810079,2025-26,2025-11-12,2025-11-13T03:30Z,DEN,LAC,130,116,final,espn
espn:401810080,2025-26,2025-11-13,2025-11-14T00:00Z,TOR,CLE,126,113,final,espn
espn:401810081,2025-26,2025-11-13,2025-11-14T02:00Z,IND,PHX,98,133,final,espn
espn:401810082,2025-26,2025-11-13,2025-11-14T02:00Z,ATL,UTA,132,122,final,espn
espn:401809781,2025-26,2025-11-14,2025-11-15T00:00Z,MIA,NYK,132,140,final,espn
espn:401809782,2025-26,2025-11-14,2025-11-15T00:00Z,BKN,ORL,98,105,final,espn
espn:401809783,2025-26,2025-11-14,2025-11-15T00:30Z,PHI,DET,105,114,final,espn
espn:401809784,2025-26,2025-11-14,2025-11-15T01:00Z,POR,HOU,116,140,final,espn
espn:401809785,2025-26,2025-11-14,2025-11-15T01:00Z,CHA,MIL,134,147,final,espn
espn:401809786,2025-26,2025-11-14,2025-11-15T01:00Z,SAC,MIN,110,124,final,espn
espn:401809787,2025-26,2025-11-14,2025-11-15T01:00Z,LAL,NOP,118,104,final,espn
espn:401809788,2025-26,2025-11-14,2025-11-15T01:30Z,LAC,DAL,133,127,final,espn
espn:401809789,2025-26,2025-11-14,2025-11-15T02:30Z,GSW,SAS,109,108,final,espn
espn:401810083,2025-26,2025-11-15,2025-11-15T22:00Z,MEM,CLE,100,108,final,espn
espn:401810084,2025-26,2025-11-15,2025-11-16T00:00Z,OKC,CHA,109,96,final,espn
espn:401810085,2025-26,2025-11-15,2025-11-16T00:00Z,TOR,IND,129,111,final,espn
espn:401810086,2025-26,2025-11-15,2025-11-16T01:00Z,LAL,MIL,119,95,final,espn
espn:401810087,2025-26,2025-11-15,2025-11-16T01:00Z,DEN,MIN,123,112,final,espn
espn:401810088,2025-26,2025-11-16,2025-11-16T20:30Z,LAC,BOS,118,121,final,espn
espn:401810089,2025-26,2025-11-16,2025-11-16T21:00Z,SAC,SAS,110,123,final,espn
espn:401810090,2025-26,2025-11-16,2025-11-16T23:00Z,BKN,WAS,129,106,final,espn
espn:401810091,2025-26,2025-11-16,2025-11-17T00:00Z,ORL,HOU,113,117,final,espn
espn:401810092,2025-26,2025-11-16,2025-11-17T00:00Z,GSW,NOP,124,106,final,espn
espn:401810093,2025-26,2025-11-16,2025-11-17T00:30Z,POR,DAL,133,138,final,espn
espn:401810094,2025-26,2025-11-16,2025-11-17T01:00Z,ATL,PHX,124,122,final,espn
espn:401810095,2025-26,2025-11-16,2025-11-17T01:00Z,CHI,UTA,147,150,final,espn
espn:401810096,2025-26,2025-11-17,2025-11-18T00:00Z,MIL,CLE,106,118,final,espn
espn:401810097,2025-26,2025-11-17,2025-11-18T00:00Z,IND,DET,112,127,final,espn
espn:401810098,2025-26,2025-11-17,2025-11-18T00:00Z,LAC,PHI,108,110,final,espn
espn:401810099,2025-26,2025-11-17,2025-11-18T00:30Z,NYK,MIA,113,115,final,espn
espn:401810100,2025-26,2025-11-17,2025-11-18T00:30Z,CHA,TOR,108,110,final,espn
espn:401810101,2025-26,2025-11-17,2025-11-18T01:00Z,DAL,MIN,96,120,final,espn
espn:401810102,2025-26,2025-11-17,2025-11-18T01:00Z,OKC,NOP,126,109,final,espn
espn:401810103,2025-26,2025-11-17,2025-11-18T02:00Z,CHI,DEN,130,127,final,espn
espn:401810104,2025-26,2025-11-18,2025-11-19T00:00Z,GSW,ORL,113,121,final,espn
espn:401810105,2025-26,2025-11-18,2025-11-19T00:30Z,BOS,BKN,113,99,final,espn
espn:401810106,2025-26,2025-11-18,2025-11-19T00:30Z,DET,ATL,120,112,final,espn
espn:401810107,2025-26,2025-11-18,2025-11-19T01:00Z,MEM,SAS,101,111,final,espn
espn:401810108,2025-26,2025-11-18,2025-11-19T03:30Z,UTA,LAL,126,140,final,espn
espn:401810109,2025-26,2025-11-18,2025-11-19T04:00Z,PHX,POR,127,110,final,espn
espn:401810110,2025-26,2025-11-19,2025-11-20T00:00Z,HOU,CLE,114,104,final,espn
espn:401810111,2025-26,2025-11-19,2025-11-20T00:00Z,CHA,IND,118,127,final,espn
espn:401810112,2025-26,2025-11-19,2025-11-20T00:30Z,GSW,MIA,96,110,final,espn
espn:401810113,2025-26,2025-11-19,2025-11-20T00:00Z,TOR,PHI,121,112,final,espn
espn:401810114,2025-26,2025-11-19,2025-11-20T01:00Z,WAS,MIN,109,120,final,espn
espn:401810115,2025-26,2025-11-19,2025-11-20T01:00Z,DEN,NOP,125,118,final,espn
espn:401810116,2025-26,2025-11-19,2025-11-20T01:00Z,SAC,OKC,99,113,final,espn
espn:401810117,2025-26,2025-11-19,2025-11-20T02:30Z,NYK,DAL,113,111,final,espn
espn:401810118,2025-26,2025-11-19,2025-11-20T03:00Z,CHI,POR,122,121,final,espn
espn:401810119,2025-26,2025-11-20,2025-11-21T00:00Z,LAC,ORL,101,129,final,espn
espn:401810120,2025-26,2025-11-20,2025-11-21T01:00Z,SAC,MEM,96,137,final,espn
espn:401810121,2025-26,2025-11-20,2025-11-21T01:00Z,PHI,MIL,123,114,final,espn
espn:401810122,2025-26,2025-11-20,2025-11-21T01:00Z,ATL,SAS,126,135,final,espn
espn:401809790,2025-26,2025-11-21,2025-11-22T00:00Z,IND,CLE,109,120,final,espn
espn:401809791,2025-26,2025-11-21,2025-11-22T00:30Z,BKN,BOS,113,105,final,espn
espn:401809792,2025-26,2025-11-21,2025-11-22T00:30Z,WAS,TOR,110,140,final,espn
espn:401809793,2025-26,2025-11-21,2025-11-22T01:00Z,MIA,CHI,143,107,final,espn
espn:401809794,2025-26,2025-11-21,2025-11-22T01:30Z,NOP,DAL,115,118,final,espn
espn:401809795,2025-26,2025-11-21,2025-11-22T02:00Z,MIN,PHX,113,114,final,espn
espn:401809796,2025-26,2025-11-21,2025-11-22T02:30Z,DEN,HOU,112,109,final,espn
espn:401809797,2025-26,2025-11-21,2025-11-22T03:00Z,OKC,UTA,144,112,final,espn
espn:401809798,2025-26,2025-11-21,2025-11-22T03:00Z,POR,GSW,127,123,final,espn
espn:401810123,2025-26,2025-11-22,2025-11-22T18:00Z,LAC,CHA,131,116,final,espn
espn:401810124,2025-26,2025-11-22,2025-11-22T22:00Z,NYK,ORL,121,133,final,espn
espn:401810125,2025-26,2025-11-22,2025-11-23T00:00Z,ATL,NOP,115,98,final,espn
espn:401810126,2025-26,2025-11-22,2025-11-23T01:00Z,WAS,CHI,120,121,final,espn
espn:401810127,2025-26,2025-11-22,2025-11-23T01:00Z,DET,MIL,129,116,final,espn
espn:401810128,2025-26,2025-11-22,2025-11-23T01:30Z,MEM,DAL,102,96,final,espn
espn:401810129,2025-26,2025-11-22,2025-11-23T03:00Z,SAC,DEN,128,123,final,espn
espn:401810130,2025-26,2025-11-23,2025-11-23T18:00Z,MIA,PHI,127,117,final,espn
espn:401810131,2025-26,2025-11-23,2025-11-23T23:00Z,CHA,ATL,110,113,final,espn
espn:401810132,2025-26,2025-11-23,2025-11-23T23:00Z,ORL,BOS,129,138,final,espn
espn:401810133,2025-26,2025-11-23,2025-11-23T23:00Z,LAC,CLE,105,120,final,espn
espn:401810134,2025-26,2025-11-23,2025-11-23T23:00Z,BKN,TOR,109,119,final,espn
espn:401810135,2025-26,2025-11-23,2025-11-24T00:00Z,POR,OKC,95,122,final,espn
espn:401810136,2025-26,2025-11-23,2025-11-24T01:00Z,SAS,PHX,102,111,final,espn
espn:401810137,2025-26,2025-11-23,2025-11-24T01:00Z,LAL,UTA,108,106,final,espn
espn:401810138,2025-26,2025-11-24,2025-11-25T00:00Z,DET,IND,122,117,final,espn
espn:401810139,2025-26,2025-11-24,2025-11-25T00:00Z,CLE,TOR,99,110,final,espn
espn:401810140,2025-26,2025-11-24,2025-11-25T00:30Z,NYK,BKN,113,100,final,espn
espn:401810141,2025-26,2025-11-24,2025-11-25T00:30Z,DAL,MIA,102,106,final,espn
espn:401810142,2025-26,2025-11-24,2025-11-25T01:00Z,DEN,MEM,125,115,final,espn
espn:401810143,2025-26,2025-11-24,2025-11-25T01:00Z,POR,MIL,115,103,final,espn
espn:401810144,2025-26,2025-11-24,2025-11-25T01:00Z,CHI,NOP,130,143,final,espn
espn:401810145,2025-26,2025-11-24,2025-11-25T02:30Z,HOU,PHX,114,92,final,espn
espn:401810146,2025-26,2025-11-24,2025-11-25T03:00Z,UTA,GSW,117,134,final,espn
espn:401810147,2025-26,2025-11-24,2025-11-25T03:00Z,MIN,SAC,112,117,final,espn
espn:401809799,2025-26,2025-11-25,2025-11-26T00:00Z,ATL,WAS,113,132,final,espn
espn:401809800,2025-26,2025-11-25,2025-11-26T01:00Z,ORL,PHI,144,103,final,espn
espn:401809801,2025-26,2025-11-25,2025-11-26T04:00Z,LAC,LAL,118,135,final,espn
espn:401809802,2025-26,2025-11-26,2025-11-26T22:00Z,DET,BOS,114,117,final,espn
espn:401809803,2025-26,2025-11-26,2025-11-27T00:00Z,NYK,CHA,129,101,final,espn
espn:401809804,2025-26,2025-11-26,2025-11-27T00:30Z,MIL,MIA,103,106,final,espn
espn:401809805,2025-26,2025-11-26,2025-11-27T00:30Z,IND,TOR,95,97,final,espn
espn:401809806,2025-26,2025-11-26,2025-11-27T00:30Z,MIN,OKC,105,113,final,espn
espn:401809807,2025-26,2025-11-26,2025-11-27T01:00Z,MEM,NOP,133,128,final,espn
espn:401809808,2025-26,2025-11-26,2025-11-27T03:00Z,HOU,GSW,104,100,final,espn
espn:401809809,2025-26,2025-11-26,2025-11-27T03:00Z,SAS,POR,115,102,final,espn
espn:401809810,2025-26,2025-11-26,2025-11-27T03:00Z,PHX,SAC,112,100,final,espn
espn:401809811,2025-26,2025-11-28,2025-11-29T00:30Z,CLE,ATL,123,130,final,espn
espn:401809812,2025-26,2025-11-28,2025-11-29T00:30Z,PHI,BKN,115,103,final,espn
espn:401809813,2025-26,2025-11-28,2025-11-29T00:30Z,CHI,CHA,116,123,final,espn
espn:401809814,2025-26,2025-11-28,2025-11-29T00:30Z,ORL,DET,112,109,final,espn
espn:401809815,2025-26,2025-11-28,2025-11-29T00:30Z,WAS,IND,86,119,final,espn
espn:401809816,2025-26,2025-11-28,2025-11-29T00:30Z,MIL,NYK,109,118,final,espn
espn:401809817,2025-26,2025-11-28,2025-11-29T02:30Z,PHX,OKC,119,123,final,espn
espn:401809818,2025-26,2025-11-28,2025-11-29T02:30Z,SAS,DEN,139,136,final,espn
espn:401809819,2025-26,2025-11-28,2025-11-29T02:30Z,SAC,UTA,119,128,final,espn
espn:401809820,2025-26,2025-11-28,2025-11-29T03:00Z,DAL,LAL,119,129,final,espn
espn:401809821,2025-26,2025-11-28,2025-11-29T03:00Z,MEM,LAC,112,107,final,espn
espn:401810148,2025-26,2025-11-29,2025-11-29T22:00Z,BOS,MIN,115,119,final,espn
espn:401810149,2025-26,2025-11-29,2025-11-29T23:00Z,TOR,CHA,111,118,final,espn
espn:401810150,2025-26,2025-11-29,2025-11-30T00:30Z,CHI,IND,101,103,final,espn
espn:401810151,2025-26,2025-11-29,2025-11-30T01:00Z,DET,MIA,138,135,final,espn
espn:401810152,2025-26,2025-11-29,2025-11-30T01:00Z,BKN,MIL,99,116,final,espn
espn:401810153,2025-26,2025-11-29,2025-11-30T01:30Z,NOP,GSW,96,104,final,espn
espn:401810154,2025-26,2025-11-29,2025-11-30T02:00Z,DEN,PHX,130,112,final,espn
espn:401810155,2025-26,2025-11-29,2025-11-30T03:00Z,DAL,LAC,114,110,final,espn
espn:401810156,2025-26,2025-11-30,2025-11-30T20:00Z,HOU,UTA,129,101,final,espn
espn:401810157,2025-26,2025-11-30,2025-11-30T23:00Z,BOS,CLE,117,115,final,espn
espn:401810158,2025-26,2025-11-30,2025-11-30T23:00Z,TOR,NYK,94,116,final,espn
espn:401810159,2025-26,2025-11-30,2025-11-30T23:00Z,ATL,PHI,142,134,final,espn
espn:401810160,2025-26,2025-11-30,2025-11-30T23:00Z,OKC,POR,123,115,final,espn
espn:401810161,2025-26,2025-11-30,2025-12-01T00:00Z,SAS,MIN,112,125,final,espn
espn:401810162,2025-26,2025-11-30,2025-12-01T02:00Z,MEM,SAC,115,107,final,espn
espn:401810163,2025-26,2025-11-30,2025-12-01T02:30Z,NOP,LAL,121,133,final,espn
espn:401810164,2025-26,2025-12-01,2025-12-02T00:00Z,ATL,DET,98,99,final,espn
espn:401810165,2025-26,2025-12-01,2025-12-02T00:00Z,CLE,IND,135,119,final,espn
espn:401810166,2025-26,2025-12-01,2025-12-02T00:00Z,MIL,WAS,126,129,final,espn
espn:401810167,2025-26,2025-12-01,2025-12-02T00:30Z,CHA,BKN,103,116,final,espn
espn:401810168,2025-26,2025-12-01,2025-12-02T00:30Z,LAC,MIA,123,140,final,espn
espn:401810169,2025-26,2025-12-01,2025-12-02T00:30Z,CHI,ORL,120,125,final,espn
espn:401810170,2025-26,2025-12-01,2025-12-02T02:00Z,DAL,DEN,131,121,final,espn
espn:401810171,2025-26,2025-12-01,2025-12-02T02:00Z,HOU,UTA,125,133,final,espn
espn:401810172,2025-26,2025-12-01,2025-12-02T03:00Z,PHX,LAL,125,108,final,espn
espn:401810173,2025-26,2025-12-02,2025-12-03T00:00Z,WAS,PHI,102,121,final,espn
espn:401810174,2025-26,2025-12-02,2025-12-03T00:30Z,POR,TOR,118,121,final,espn
espn:401810175,2025-26,2025-12-02,2025-12-03T01:00Z,NYK,BOS,117,123,final,espn
espn:401810176,2025-26,2025-12-02,2025-12-03T01:00Z,MIN,NOP,149,142,final,espn
espn:401810177,2025-26,2025-12-02,2025-12-03T01:00Z,MEM,SAS,119,126,final,espn
espn:401810178,2025-26,2025-12-02,2025-12-03T04:00Z,OKC,GSW,124,112,final,espn
espn:401810179,2025-26,2025-12-03,2025-12-04T00:00Z,POR,CLE,122,110,final,espn
espn:401810180,2025-26,2025-12-03,2025-12-04T00:00Z,DEN,IND,135,120,final,espn
espn:401810181,2025-26,2025-12-03,2025-12-04T00:00Z,SAS,ORL,114,112,final,espn
espn:401810182,2025-26,2025-12-03,2025-12-04T00:30Z,LAC,ATL,115,92,final,espn
espn:401810183,2025-26,2025-12-03,2025-12-04T00:30Z,CHA,NYK,104,119,final,espn
espn:401810184,2025-26,2025-12-03,2025-12-04T01:00Z,BKN,CHI,113,103,final,espn
espn:401810185,2025-26,2025-12-03,2025-12-04T01:00Z,SAC,HOU,95,121,final,espn
espn:401810186,2025-26,2025-12-03,2025-12-04T01:00Z,DET,MIL,109,113,final,espn
espn:401810187,2025-26,2025-12-03,2025-12-04T01:30Z,MIA,DAL,108,118,final,espn
espn:401810188,2025-26,2025-12-04,2025-12-05T00:00Z,GSW,PHI,98,99,final,espn
espn:401810189,2025-26,2025-12-04,2025-12-05T00:00Z,BOS,WAS,146,101,final,espn
espn:401810190,2025-26,2025-12-04,2025-12-05T00:30Z,UTA,BKN,123,110,final,espn
espn:401810191,2025-26,2025-12-04,2025-12-05T00:30Z,LAL,TOR,123,120,final,espn
espn:401810192,2025-26,2025-12-04,2025-12-05T01:00Z,MIN,NOP,125,116,final,espn
espn:401810193,2025-26,2025-12-05,2025-12-06T00:00Z,LAL,BOS,105,126,final,espn
espn:401810194,2025-26,2025-12-05,2025-12-06T00:00Z,MIA,ORL,105,106,final,espn
espn:401810195,2025-26,2025-12-05,2025-12-06T00:30Z,DEN,ATL,134,133,final,espn
espn:401810196,2025-26,2025-12-05,2025-12-06T00:30Z,SAS,CLE,117,130,final,espn
espn:401810197,2025-26,2025-12-05,2025-12-06T00:30Z,POR,DET,116,122,final,espn
espn:401810198,2025-26,2025-12-05,2025-12-06T00:30Z,UTA,NYK,112,146,final,espn
espn:401810199,2025-26,2025-12-05,2025-12-06T00:30Z,CHA,TOR,111,86,final,espn
espn:401810200,2025-26,2025-12-05,2025-12-06T01:00Z,IND,CHI,120,105,final,espn
espn:401810201,2025-26,2025-12-05,2025-12-06T01:00Z,PHX,HOU,98,117,final,espn
espn:401810202,2025-26,2025-12-05,2025-12-06T01:00Z,LAC,MEM,98,107,final,espn
espn:401810203,2025-26,2025-12-05,2025-12-06T01:00Z,PHI,MIL,116,101,final,espn
espn:401810204,2025-26,2025-12-05,2025-12-06T02:30Z,DAL,OKC,111,132,final,espn
espn:401810205,2025-26,2025-12-06,2025-12-06T22:00Z,NOP,BKN,101,119,final,espn
espn:401810206,2025-26,2025-12-06,2025-12-07T00:00Z,ATL,WAS,131,116,final,espn
espn:401810207,2025-26,2025-12-06,2025-12-07T00:30Z,GSW,CLE,99,94,final,espn
espn:401810208,2025-26,2025-12-06,2025-12-07T00:30Z,MIL,DET,112,124,final,espn
espn:401810209,2025-26,2025-12-06,2025-12-07T01:00Z,SAC,MIA,127,111,final,espn
espn:401810210,2025-26,2025-12-06,2025-12-07T01:00Z,LAC,MIN,106,109,final,espn
espn:401810211,2025-26,2025-12-06,2025-12-07T01:30Z,HOU,DAL,109,122,final,espn
espn:401810212,2025-26,2025-12-07,2025-12-07T17:00Z,ORL,NYK,100,106,final,espn
espn:401810213,2025-26,2025-12-07,2025-12-07T20:30Z,BOS,TOR,121,113,final,espn
espn:401810214,2025-26,2025-12-07,2025-12-07T23:00Z,DEN,CHA,115,106,final,espn
espn:401810215,2025-26,2025-12-07,2025-12-07T23:00Z,POR,MEM,96,119,final,espn
espn:401810216,2025-26,2025-12-07,2025-12-08T00:00Z,GSW,CHI,123,91,final,espn
espn:401810217,2025-26,2025-12-07,2025-12-08T00:30Z,LAL,PHI,112,108,final,espn
espn:401810218,2025-26,2025-12-07,2025-12-08T01:00Z,OKC,UTA,131,101,final,espn
espn:401810219,2025-26,2025-12-08,2025-12-09T00:00Z,SAC,IND,105,116,final,espn
espn:401810220,2025-26,2025-12-08,2025-12-09T00:30Z,PHX,MIN,108,105,final,espn
espn:401810221,2025-26,2025-12-08,2025-12-09T01:00Z,SAS,NOP,135,132,final,espn
espn:401809833,2025-26,2025-12-09,2025-12-09T23:00Z,MIA,ORL,108,117,final,espn
espn:401809834,2025-26,2025-12-09,2025-12-10T01:30Z,NYK,TOR,117,101,final,espn
espn:401809835,2025-26,2025-12-10,2025-12-11T00:30Z,PHX,OKC,89,138,final,espn
espn:401809836,2025-26,2025-12-10,2025-12-11T03:00Z,SAS,LAL,132,119,final,espn
espn:401836746,2025-26,2025-12-11,2025-12-12T01:00Z,LAC,HOU,113,115,final,espn
espn:401836747,2025-26,2025-12-11,2025-12-12T01:00Z,BOS,MIL,101,116,final,espn
espn:401836748,2025-26,2025-12-11,2025-12-12T01:00Z,POR,NOP,120,143,final,espn
espn:401836749,2025-26,2025-12-11,2025-12-12T03:00Z,DEN,SAC,136,105,final,espn
espn:401836750,2025-26,2025-12-12,2025-12-13T00:00Z,CHI,CHA,129,126,final,espn
espn:401836751,2025-26,2025-12-12,2025-12-13T00:00Z,ATL,DET,115,142,final,espn
espn:401836752,2025-26,2025-12-12,2025-12-13T00:00Z,IND,PHI,105,115,final,espn
espn:401836753,2025-26,2025-12-12,2025-12-13T00:00Z,CLE,WAS,130,126,final,espn
espn:401836754,2025-26,2025-12-12,2025-12-13T01:00Z,UTA,MEM,130,126,final,espn
espn:401836795,2025-26,2025-12-12,2025-12-13T01:30Z,BKN,DAL,111,119,final,espn
espn:401836796,2025-26,2025-12-12,2025-12-13T03:00Z,MIN,GSW,127,120,final,espn
espn:401809837,2025-26,2025-12-13,2025-12-13T22:30Z,NYK,ORL,132,120,final,espn
espn:401809838,2025-26,2025-12-13,2025-12-14T02:00Z,SAS,OKC,111,109,final,espn
espn:401836797,2025-26,2025-12-14,2025-12-14T20:00Z,WAS,IND,108,89,final,espn
espn:401836798,2025-26,2025-12-14,2025-12-14T23:00Z,PHI,ATL,117,120,final,espn
espn:401836799,2025-26,2025-12-14,2025-12-14T20:30Z,CHA,CLE,119,111,final,espn
espn:401836800,2025-26,2025-12-14,2025-12-14T23:00Z,MIL,BKN,82,127,final,espn
espn:401836801,2025-26,2025-12-14,2025-12-15T00:00Z,SAC,MIN,103,117,final,espn
espn:401836802,2025-26,2025-12-14,2025-12-15T02:00Z,GSW,POR,131,136,final,espn
espn:401836804,2025-26,2025-12-14,2025-12-15T00:00Z,NOP,CHI,114,104,final,espn
espn:401839699,2025-26,2025-12-14,2025-12-15T01:00Z,LAL,PHX,116,114,final,espn
espn:401836803,2025-26,2025-12-15,2025-12-16T00:00Z,DET,BOS,112,105,final,espn
espn:401836805,2025-26,2025-12-15,2025-12-16T02:00Z,DAL,UTA,133,140,final,espn
espn:401836806,2025-26,2025-12-15,2025-12-16T02:30Z,HOU,DEN,125,128,final,espn
espn:401836807,2025-26,2025-12-15,2025-12-16T03:30Z,MEM,LAC,121,103,final,espn
espn:401839023,2025-26,2025-12-15,2025-12-16T00:30Z,TOR,MIA,106,96,final,espn
espn:401809839,2025-26,2025-12-16,2025-12-17T01:30Z,SAS,NYK,113,124,final,espn
espn:401810222,2025-26,2025-12-17,2025-12-18T01:00Z,CLE,CHI,111,127,final,espn
espn:401810223,2025-26,2025-12-17,2025-12-18T01:00Z,MEM,MIN,116,110,final,espn
espn:401810224,2025-26,2025-12-18,2025-12-19T01:00Z,LAC,OKC,101,122,final,espn
espn:401810225,2025-26,2025-12-18,2025-12-19T01:00Z,WAS,SAS,94,119,final,espn
espn:401810226,2025-26,2025-12-18,2025-12-19T00:00Z,ATL,CHA,126,133,final,espn
espn:401810227,2025-26,2025-12-18,2025-12-19T00:00Z,NYK,IND,114,113,final,espn
espn:401810228,2025-26,2025-12-18,2025-12-19T00:30Z,MIA,BKN,106,95,final,espn
espn:401810229,2025-26,2025-12-18,2025-12-19T01:00Z,TOR,MIL,111,105,final,espn
espn:401810230,2025-26,2025-12-18,2025-12-19T01:00Z,HOU,NOP,128,133,final,espn
espn:401810231,2025-26,2025-12-18,2025-12-19T01:30Z,DET,DAL,114,116,final,espn
espn:401810232,2025-26,2025-12-18,2025-12-19T02:00Z,ORL,DEN,115,126,final,espn
espn:401810233,2025-26,2025-12-18,2025-12-19T02:00Z,GSW,PHX,98,99,final,espn
espn:401810234,2025-26,2025-12-18,2025-12-19T02:00Z,LAL,UTA,143,135,final,espn
espn:401810235,2025-26,2025-12-18,2025-12-19T03:00Z,SAC,POR,133,134,final,espn
espn:401810236,2025-26,2025-12-19,2025-12-20T00:00Z,MIA,BOS,116,129,final,espn
espn:401810237,2025-26,2025-12-19,2025-12-20T00:00Z,PHI,NYK,116,107,final,espn
espn:401810238,2025-26,2025-12-19,2025-12-20T00:30Z,SAS,ATL,126,98,final,espn
espn:401810239,2025-26,2025-12-19,2025-12-20T00:30Z,CHI,CLE,136,125,final,espn
espn:401810240,2025-26,2025-12-19,2025-12-20T02:30Z,OKC,MIN,107,112,final,espn
espn:401810241,2025-26,2025-12-20,2025-12-20T22:00Z,HOU,DEN,115,101,final,espn
espn:401810242,2025-26,2025-12-20,2025-12-21T00:00Z,DAL,PHI,114,121,final,espn
espn:401810243,2025-26,2025-12-20,2025-12-21T00:00Z,BOS,TOR,112,96,final,espn
espn:401810244,2025-26,2025-12-20,2025-12-21T00:00Z,IND,NOP,109,128,final,espn
espn:401810245,2025-26,2025-12-20,2025-12-21T00:30Z,CHA,DET,86,112,final,espn
espn:401810246,2025-26,2025-12-20,2025-12-21T01:00Z,WAS,MEM,130,122,final,espn
espn:401810247,2025-26,2025-12-20,2025-12-21T01:30Z,PHX,GSW,116,119,final,espn
espn:401810248,2025-26,2025-12-20,2025-12-21T02:30Z,ORL,UTA,128,127,final,espn
espn:401810249,2025-26,2025-12-20,2025-12-21T03:00Z,POR,SAC,98,93,final,espn
espn:401810250,2025-26,2025-12-20,2025-12-21T03:30Z,LAL,LAC,88,103,final,espn
espn:401810251,2025-26,2025-12-21,2025-12-21T20:30Z,CHI,ATL,152,150,final,espn
espn:401810252,2025-26,2025-12-21,2025-12-21T23:00Z,TOR,BKN,81,96,final,espn
espn:401810253,2025-26,2025-12-21,2025-12-21T23:00Z,MIA,NYK,125,132,final,espn
espn:401810254,2025-26,2025-12-21,2025-12-22T00:00Z,SAS,WAS,124,113,final,espn
espn:401810255,2025-26,2025-12-21,2025-12-22T00:00Z,MIL,MIN,100,103,final,espn
espn:401810256,2025-26,2025-12-21,2025-12-22T03:00Z,HOU,SAC,124,125,final,espn
espn:401810257,2025-26,2025-12-22,2025-12-23T00:00Z,CHA,CLE,132,139,final,espn
espn:401810258,2025-26,2025-12-22,2025-12-23T00:30Z,IND,BOS,95,103,final,espn
espn:401810259,2025-26,2025-12-22,2025-12-23T01:00Z,DAL,NOP,113,119,final,espn
espn:401810260,2025-26,2025-12-22,2025-12-23T02:00Z,UTA,DEN,112,135,final,espn
espn:401810261,2025-26,2025-12-22,2025-12-23T02:30Z,MEM,OKC,103,119,final,espn
espn:401810262,2025-26,2025-12-22,2025-12-23T03:00Z,ORL,GSW,97,120,final,espn
espn:401810263,2025-26,2025-12-22,2025-12-23T03:00Z,DET,POR,110,102,final,espn
espn:401810264,2025-26,2025-12-23,2025-12-24T00:00Z,WAS,CHA,109,126,final,espn
espn:401810265,2025-26,2025-12-23,2025-12-24T00:00Z,BKN,PHI,114,106,final,espn
espn:401810266,2025-26,2025-12-23,2025-12-24T00:30Z,CHI,ATL,126,123,final,espn
espn:401810267,2025-26,2025-12-23,2025-12-24T00:30Z,NOP,CLE,118,141,final,espn
espn:401810268,2025-26,2025-12-23,2025-12-24T00:30Z,MIL,IND,111,94,final,espn
espn:401810269,2025-26,2025-12-23,2025-12-24T00:30Z,TOR,MIA,112,91,final,espn
espn:401810270,2025-26,2025-12-23,2025-12-24T01:00Z,DEN,DAL,130,131,final,espn
espn:401810271,2025-26,2025-12-23,2025-12-24T01:00Z,NYK,MIN,104,115,final,espn
espn:401810272,2025-26,2025-12-23,2025-12-24T01:30Z,OKC,SAS,110,130,final,espn
espn:401810273,2025-26,2025-12-23,2025-12-24T02:00Z,LAL,PHX,108,132,final,espn
espn:401810274,2025-26,2025-12-23,2025-12-24T02:00Z,MEM,UTA,137,128,final,espn
espn:401810275,2025-26,2025-12-23,2025-12-24T03:00Z,ORL,POR,110,106,final,espn
espn:401810276,2025-26,2025-12-23,2025-12-24T03:00Z,DET,SAC,136,127,final,espn
espn:401810277,2025-26,2025-12-23,2025-12-24T03:30Z,HOU,LAC,108,128,final,espn
espn:401809238,2025-26,2025-12-25,2025-12-25T17:00Z,CLE,NYK,124,126,final,espn
espn:401809239,2025-26,2025-12-25,2025-12-25T19:30Z,SAS,OKC,117,102,final,espn
espn:401809240,2025-26,2025-12-25,2025-12-25T22:17Z,DAL,GSW,116,126,final,espn
espn:401809241,2025-26,2025-12-25,2025-12-26T01:00Z,HOU,LAL,119,96,final,espn
espn:401809242,2025-26,2025-12-25,2025-12-26T03:30Z,MIN,DEN,138,142,final,espn
espn:401810278,2025-26,2025-12-26,2025-12-27T00:00Z,MIA,ATL,126,111,final,espn
espn:401810279,2025-26,2025-12-26,2025-12-27T00:00Z,CHA,ORL,120,105,final,espn
espn:401810280,2025-26,2025-12-26,2025-12-27T00:00Z,TOR,WAS,117,138,final,espn
espn:401810281,2025-26,2025-12-26,2025-12-27T00:00Z,BOS,IND,140,122,final,espn
espn:401810282,2025-26,2025-12-26,2025-12-27T00:30Z,PHI,CHI,102,109,final,espn
espn:401810283,2025-26,2025-12-26,2025-12-27T01:00Z,MIL,MEM,104,125,final,espn
espn:401810284,2025-26,2025-12-26,2025-12-27T01:00Z,PHX,NOP,115,108,final,espn
espn:401810285,2025-26,2025-12-26,2025-12-27T02:30Z,DET,UTA,129,131,final,espn
espn:401810286,2025-26,2025-12-26,2025-12-27T03:00Z,LAC,POR,119,103,final,espn
espn:401810287,2025-26,2025-12-27,2025-12-27T22:00Z,DAL,SAC,107,113,final,espn
espn:401810288,2025-26,2025-12-27,2025-12-28T00:00Z,DEN,ORL,126,127,final,espn
espn:401810289,2025-26,2025-12-27,2025-12-28T00:00Z,PHX,NOP,123,114,final,espn
espn:401810290,2025-26,2025-12-27,2025-12-28T01:00Z,NYK,ATL,128,125,final,espn
espn:401810291,2025-26,2025-12-27,2025-12-28T01:00Z,IND,MIA,116,142,final,espn
espn:401810292,2025-26,2025-12-27,2025-12-28T01:00Z,MIL,CHI,112,103,final,espn
espn:401810293,2025-26,2025-12-27,2025-12-28T01:00Z,CLE,HOU,100,117,final,espn
espn:401810294,2025-26,2025-12-27,2025-12-28T01:00Z,BKN,MIN,123,107,final,espn
espn:401810295,2025-26,2025-12-27,2025-12-28T01:00Z,UTA,SAS,127,114,final,espn
espn:401810296,2025-26,2025-12-28,2025-12-28T20:30Z,GSW,TOR,127,141,final,espn
espn:401810297,2025-26,2025-12-28,2025-12-28T20:30Z,PHI,OKC,104,129,final,espn
espn:401810298,2025-26,2025-12-28,2025-12-28T23:00Z,MEM,WAS,112,116,final,espn
espn:401810299,2025-26,2025-12-28,2025-12-28T23:00Z,BOS,POR,108,114,final,espn
espn:401810300,2025-26,2025-12-28,2025-12-29T02:00Z,DET,LAC,99,112,final,espn
espn:401810301,2025-26,2025-12-28,2025-12-29T02:30Z,SAC,LAL,101,125,final,espn
espn:401810302,2025-26,2025-12-29,2025-12-30T00:00Z,MIL,CHA,123,113,final,espn
espn:401810303,2025-26,2025-12-29,2025-12-30T00:00Z,PHX,WAS,115,101,final,espn
espn:401810304,2025-26,2025-12-29,2025-12-30T00:30Z,GSW,BKN,120,107,final,espn
espn:401810305,2025-26,2025-12-29,2025-12-30T00:30Z,DEN,MIA,123,147,final,espn
espn:401810306,2025-26,2025-12-29,2025-12-30T00:30Z,ORL,TOR,106,107,final,espn
espn:401810307,2025-26,2025-12-29,2025-12-30T01:00Z,MIN,CHI,136,101,final,espn
espn:401810308,2025-26,2025-12-29,2025-12-30T01:00Z,IND,HOU,119,126,final,espn
espn:401810309,2025-26,2025-12-29,2025-12-30T01:00Z,NYK,NOP,130,125,final,espn
espn:401810310,2025-26,2025-12-29,2025-12-30T01:00Z,ATL,OKC,129,140,final,espn
espn:401810311,2025-26,2025-12-29,2025-12-30T01:00Z,CLE,SAS,113,101,final,espn
espn:401810312,2025-26,2025-12-29,2025-12-30T03:30Z,DAL,POR,122,125,final,espn
espn:401810313,2025-26,2025-12-30,2025-12-31T01:00Z,PHI,MEM,139,136,final,espn
espn:401810314,2025-26,2025-12-30,2025-12-31T02:00Z,BOS,UTA,129,119,final,espn
espn:401810315,2025-26,2025-12-30,2025-12-31T03:30Z,DET,LAL,128,106,final,espn
espn:401810316,2025-26,2025-12-30,2025-12-31T04:00Z,SAC,LAC,90,131,final,espn
espn:401810317,2025-26,2025-12-31,2025-12-31T18:00Z,GSW,CHA,132,125,final,espn
espn:401810318,2025-26,2025-12-31,2025-12-31T20:00Z,MIN,ATL,102,126,final,espn
espn:401810319,2025-26,2025-12-31,2025-12-31T20:00Z,ORL,IND,112,110,final,espn
espn:401810320,2025-26,2025-12-31,2025-12-31T20:30Z,PHX,CLE,113,129,final,espn
espn:401810321,2025-26,2025-12-31,2026-01-01T00:00Z,NOP,CHI,118,134,final,espn
espn:401810322,2025-26,2025-12-31,2026-01-01T00:00Z,NYK,SAS,132,134,final,espn
espn:401810323,2025-26,2025-12-31,2026-01-01T00:30Z,DEN,TOR,106,103,final,espn
espn:401810324,2025-26,2025-12-31,2026-01-01T01:00Z,WAS,MIL,114,113,final,espn
espn:401810325,2025-26,2025-12-31,2026-01-01T01:00Z,POR,OKC,95,124,final,espn
espn:401810326,2025-26,2026-01-01,2026-01-01T23:00Z,HOU,BKN,120,96,final,espn
espn:401810327,2025-26,2026-01-01,2026-01-02T00:00Z,MIA,DET,118,112,final,espn
espn:401810328,2025-26,2026-01-01,2026-01-02T01:30Z,PHI,DAL,123,108,final,espn
espn:401810329,2025-26,2026-01-01,2026-01-02T03:00Z,BOS,SAC,120,106,final,espn
espn:401810330,2025-26,2026-01-01,2026-01-02T03:30Z,UTA,LAC,101,118,final,espn
espn:401810331,2025-26,2026-01-02,2026-01-03T00:00Z,SAS,IND,123,113,final,espn
espn:401810332,2025-26,2026-01-02,2026-01-03T00:00Z,BKN,WAS,99,119,final,espn
espn:401810333,2025-26,2026-01-02,2026-01-03T00:30Z,DEN,CLE,108,113,final,espn
espn:401810334,2025-26,2026-01-02,2026-01-03T00:30Z,ATL,NYK,111,99,final,espn
espn:401810335,2025-26,2026-01-02,2026-01-03T01:00Z,ORL,CHI,114,121,final,espn
espn:401810336,2025-26,2026-01-02,2026-01-03T01:00Z,CHA,MIL,121,122,final,espn
espn:401810337,2025-26,2026-01-02,2026-01-03T01:00Z,POR,NOP,122,109,final,espn
espn:401810338,2025-26,2026-01-02,2026-01-03T02:00Z,SAC,PHX,102,129,final,espn
espn:401810339,2025-26,2026-01-02,2026-01-03T03:00Z,OKC,GSW,131,94,final,espn
espn:401810340,2025-26,2026-01-02,2026-01-03T03:30Z,MEM,LAL,121,128,final,espn
espn:401810341,2025-26,2026-01-03,2026-01-03T22:00Z,MIN,MIA,125,115,final,espn
espn:401810342,2025-26,2026-01-03,2026-01-04T00:30Z,PHI,NYK,130,119,final,espn
espn:401810343,2025-26,2026-01-03,2026-01-04T00:30Z,ATL,TOR,117,134,final,espn
espn:401810344,2025-26,2026-01-03,2026-01-04T01:00Z,CHA,CHI,112,99,final,espn
espn:401810345,2025-26,2026-01-03,2026-01-04T01:00Z,POR,SAS,115,110,final,espn
espn:401810346,2025-26,2026-01-03,2026-01-04T01:30Z,HOU,DAL,104,110,final,espn
espn:401810347,2025-26,2026-01-03,2026-01-04T03:00Z,UTA,GSW,114,123,final,espn
espn:401810348,2025-26,2026-01-03,2026-01-04T03:30Z,BOS,LAC,146,115,final,espn
espn:401810349,2025-26,2026-01-04,2026-01-04T19:00Z,DET,CLE,114,110,final,espn
espn:401810350,2025-26,2026-01-04,2026-01-04T20:00Z,IND,ORL,127,135,final,espn
espn:401810351,2025-26,2026-01-04,2026-01-04T20:30Z,DEN,BKN,115,127,final,espn
espn:401810352,2025-26,2026-01-04,2026-01-04T23:00Z,NOP,MIA,106,125,final,espn
espn:401810353,2025-26,2026-01-04,2026-01-04T23:00Z,MIN,WAS,141,115,final,espn
espn:401810354,2025-26,2026-01-04,2026-01-05T01:00Z,OKC,PHX,105,108,final,espn
espn:401810355,2025-26,2026-01-04,2026-01-05T02:00Z,MIL,SAC,115,98,final,espn
espn:401810356,2025-26,2026-01-04,2026-01-05T02:30Z,MEM,LAL,114,120,final,espn
espn:401810357,2025-26,2026-01-05,2026-01-06T00:00Z,NYK,DET,90,121,final,espn
espn:401810358,2025-26,2026-01-05,2026-01-06T00:30Z,CHI,BOS,101,115,final,espn
espn:401810359,2025-26,2026-01-05,2026-01-06T00:30Z,ATL,TOR,100,118,final,espn
espn:401810360,2025-26,2026-01-05,2026-01-06T01:00Z,PHX,HOU,97,100,final,espn
espn:401810361,2025-26,2026-01-05,2026-01-06T01:00Z,CHA,OKC,124,97,final,espn
espn:401810362,2025-26,2026-01-05,2026-01-06T01:30Z,DEN,PHI,125,124,final,espn
espn:401810363,2025-26,2026-01-05,2026-01-06T03:00Z,GSW,LAC,102,103,final,espn
espn:401810364,2025-26,2026-01-05,2026-01-06T03:00Z,UTA,POR,117,137,final,espn
espn:401810365,2025-26,2026-01-06,2026-01-07T00:00Z,CLE,IND,120,116,final,espn
espn:401810366,2025-26,2026-01-06,2026-01-07T00:00Z,ORL,WAS,112,120,final,espn
espn:401810367,2025-26,2026-01-06,2026-01-07T01:00Z,SAS,MEM,105,106,final,espn
espn:401810368,2025-26,2026-01-06,2026-01-07T01:00Z,MIA,MIN,94,122,final,espn
espn:401810369,2025-26,2026-01-06,2026-01-07T01:00Z,LAL,NOP,111,103,final,espn
espn:401810370,2025-26,2026-01-06,2026-01-07T04:00Z,DAL,SAC,100,98,final,espn
espn:401810371,2025-26,2026-01-07,2026-01-08T00:00Z,TOR,CHA,97,96,final,espn
espn:401810372,2025-26,2026-01-07,2026-01-08T00:00Z,CHI,DET,93,108,final,espn
espn:401810373,2025-26,2026-01-07,2026-01-08T00:00Z,WAS,PHI,110,131,final,espn
espn:401810374,2025-26,2026-01-07,2026-01-08T00:30Z,NOP,ATL,100,117,final,espn
espn:401810375,2025-26,2026-01-07,2026-01-08T00:00Z,DEN,BOS,114,110,final,espn
espn:401810376,2025-26,2026-01-07,2026-01-08T00:30Z,ORL,BKN,104,103,final,espn
espn:401810377,2025-26,2026-01-07,2026-01-08T00:30Z,LAC,NYK,111,123,final,espn
espn:401810378,2025-26,2026-01-07,2026-01-08T02:30Z,LAL,SAS,91,107,final,espn
espn:401810379,2025-26,2026-01-07,2026-01-08T01:00Z,PHX,MEM,117,98,final,espn
espn:401810380,2025-26,2026-01-07,2026-01-08T01:00Z,UTA,OKC,125,129,final,espn
espn:401810381,2025-26,2026-01-07,2026-01-08T03:00Z,MIL,GSW,113,120,final,espn
espn:401810382,2025-26,2026-01-07,2026-01-08T03:00Z,HOU,POR,102,103,final,espn
espn:401810383,2025-26,2026-01-08,2026-01-09T00:00Z,IND,CHA,114,112,final,espn
espn:401810384,2025-26,2026-01-08,2026-01-09T01:00Z,MIA,CHI,0,0,final,espn
espn:401810385,2025-26,2026-01-08,2026-01-09T01:00Z,CLE,MIN,122,131,final,espn
espn:401810386,2025-26,2026-01-08,2026-01-09T02:00Z,DAL,UTA,114,116,final,espn
espn:401810387,2025-26,2026-01-09,2026-01-10T00:00Z,TOR,BOS,117,125,final,espn
espn:401810388,2025-26,2026-01-09,2026-01-10T00:00Z,PHI,ORL,103,91,final,espn
espn:401810389,2025-26,2026-01-09,2026-01-10T00:00Z,NOP,WAS,128,107,final,espn
espn:401810390,2025-26,2026-01-09,2026-01-10T00:30Z,LAC,BKN,121,105,final,espn
espn:401810391,2025-26,2026-01-09,2026-01-10T01:00Z,OKC,MEM,117,116,final,espn
espn:401810392,2025-26,2026-01-09,2026-01-10T02:00Z,ATL,DEN,110,87,final,espn
espn:401810393,2025-26,2026-01-09,2026-01-10T02:00Z,NYK,PHX,107,112,final,espn
espn:401810394,2025-26,2026-01-09,2026-01-10T03:00Z,SAC,GSW,103,137,final,espn
espn:401810395,2025-26,2026-01-09,2026-01-10T03:00Z,HOU,POR,105,111,final,espn
espn:401810396,2025-26,2026-01-09,2026-01-10T03:30Z,MIL,LAL,105,101,final,espn
espn:401810397,2025-26,2026-01-10,2026-01-10T18:00Z,MIN,CLE,134,146,final,espn
espn:401810398,2025-26,2026-01-10,2026-01-11T00:00Z,MIA,IND,99,123,final,espn
espn:401810399,2025-26,2026-01-10,2026-01-11T00:30Z,LAC,DET,98,92,final,espn
espn:401810400,2025-26,2026-01-10,2026-01-11T01:00Z,SAS,BOS,100,95,final,espn
espn:401810401,2025-26,2026-01-10,2026-01-11T01:00Z,DAL,CHI,107,125,final,espn
espn:401810402,2025-26,2026-01-10,2026-01-11T02:30Z,CHA,UTA,150,95,final,espn
espn:401810403,2025-26,2026-01-11,2026-01-11T20:00Z,NOP,ORL,118,128,final,espn
espn:401810404,2025-26,2026-01-11,2026-01-11T20:30Z,BKN,MEM,98,103,final,espn
espn:401810405,2025-26,2026-01-11,2026-01-11T23:00Z,PHI,TOR,115,116,final,espn
espn:401810406,2025-26,2026-01-11,2026-01-11T23:00Z,NYK,POR,123,114,final,espn
espn:401810407,2025-26,2026-01-11,2026-01-12T00:00Z,SAS,MIN,103,104,final,espn
espn:401810408,2025-26,2026-01-11,2026-01-12T00:00Z,MIA,OKC,112,124,final,espn
espn:401810409,2025-26,2026-01-11,2026-01-12T01:00Z,MIL,DEN,104,108,final,espn
espn:401810410,2025-26,2026-01-11,2026-01-12T01:00Z,WAS,PHX,93,112,final,espn
espn:401810411,2025-26,2026-01-11,2026-01-12T01:30Z,ATL,GSW,124,111,final,espn
espn:401810412,2025-26,2026-01-11,2026-01-12T02:00Z,HOU,SAC,98,111,final,espn
espn:401810413,2025-26,2026-01-12,2026-01-13T00:00Z,UTA,CLE,123,112,final,espn
espn:401810414,2025-26,2026-01-12,2026-01-13T00:30Z,BOS,IND,96,98,final,espn
espn:401810415,2025-26,2026-01-12,2026-01-13T00:30Z,PHI,TOR,115,102,final,espn
espn:401810416,2025-26,2026-01-12,2026-01-13T01:30Z,BKN,DAL,105,113,final,espn
espn:401810417,2025-26,2026-01-12,2026-01-13T03:00Z,LAL,SAC,112,124,final,espn
espn:401810418,2025-26,2026-01-12,2026-01-13T03:30Z,CHA,LAC,109,117,final,espn
espn:401810419,2025-26,2026-01-13,2026-01-14T00:30Z,PHX,MIA,121,127,final,espn
espn:401810420,2025-26,2026-01-13,2026-01-14T01:00Z,CHI,HOU,113,119,final,espn
espn:401810421,2025-26,2026-01-13,2026-01-14T01:00Z,MIN,MIL,139,106,final,espn
espn:401810422,2025-26,2026-01-13,2026-01-14T01:00Z,DEN,NOP,122,116,final,espn
espn:401810423,2025-26,2026-01-13,2026-01-14T01:00Z,SAS,OKC,98,119,final,espn
espn:401810424,2025-26,2026-01-13,2026-01-14T03:30Z,ATL,LAL,116,141,final,espn
espn:401810425,2025-26,2026-01-13,2026-01-14T04:00Z,POR,GSW,97,119,final,espn
espn:401810426,2025-26,2026-01-14,2026-01-15T00:00Z,TOR,IND,115,101,final,espn
espn:401810427,2025-26,2026-01-14,2026-01-15T00:00Z,CLE,PHI,133,107,final,espn
espn:401810428,2025-26,2026-01-14,2026-01-15T01:00Z,UTA,CHI,126,128,final,espn
espn:401810429,2025-26,2026-01-14,2026-01-15T01:00Z,BKN,NOP,113,116,final,espn
espn:401810430,2025-26,2026-01-14,2026-01-15T02:30Z,DEN,DAL,118,109,final,espn
espn:401810431,2025-26,2026-01-14,2026-01-15T03:00Z,NYK,SAC,101,112,final,espn
espn:401810432,2025-26,2026-01-14,2026-01-15T03:30Z,WAS,LAC,105,119,final,espn
espn:401810433,2025-26,2026-01-15,2026-01-15T19:00Z,MEM,ORL,111,118,final,espn
espn:401810434,2025-26,2026-01-15,2026-01-16T00:00Z,PHX,DET,105,108,final,espn
espn:401810435,2025-26,2026-01-15,2026-01-16T00:30Z,BOS,MIA,119,114,final,espn
espn:401810436,2025-26,2026-01-15,2026-01-16T00:30Z,OKC,HOU,111,91,final,espn
espn:401810437,2025-26,2026-01-15,2026-01-16T01:00Z,MIL,SAS,101,119,final,espn
espn:401810438,2025-26,2026-01-15,2026-01-16T01:30Z,UTA,DAL,122,144,final,espn
espn:401810439,2025-26,2026-01-15,2026-01-16T03:00Z,NYK,GSW,113,126,final,espn
espn:401810440,2025-26,2026-01-15,2026-01-16T03:00Z,ATL,POR,101,117,final,espn
espn:401810441,2025-26,2026-01-15,2026-01-16T03:30Z,CHA,LAL,135,117,final,espn
espn:401810442,2025-26,2026-01-16,2026-01-17T00:30Z,CHI,BKN,109,112,final,espn
espn:401810443,2025-26,2026-01-16,2026-01-17T00:00Z,NOP,IND,119,127,final,espn
espn:401810444,2025-26,2026-01-16,2026-01-17T00:00Z,CLE,PHI,117,115,final,espn
espn:401810445,2025-26,2026-01-16,2026-01-17T00:30Z,LAC,TOR,121,117,final,espn
espn:401810446,2025-26,2026-01-16,2026-01-17T02:30Z,MIN,HOU,105,110,final,espn
espn:401810447,2025-26,2026-01-16,2026-01-17T03:00Z,WAS,SAC,115,128,final,espn
espn:401810448,2025-26,2026-01-17,2026-01-17T22:00Z,UTA,DAL,120,138,final,espn
espn:401810449,2025-26,2026-01-17,2026-01-18T00:30Z,BOS,ATL,132,106,final,espn
espn:401810450,2025-26,2026-01-17,2026-01-18T00:30Z,IND,DET,78,121,final,espn
espn:401810451,2025-26,2026-01-17,2026-01-18T00:30Z,PHX,NYK,106,99,final,espn
espn:401810452,2025-26,2026-01-17,2026-01-18T01:00Z,OKC,MIA,120,122,final,espn
espn:401810453,2025-26,2026-01-17,2026-01-18T01:00Z,MIN,SAS,123,126,final,espn
espn:401810454,2025-26,2026-01-17,2026-01-18T01:30Z,CHA,GSW,116,136,final,espn
espn:401810455,2025-26,2026-01-17,2026-01-18T02:00Z,WAS,DEN,115,121,final,espn
espn:401810456,2025-26,2026-01-17,2026-01-18T03:00Z,LAL,POR,116,132,final,espn
espn:401810457,2025-26,2026-01-18,2026-01-18T17:00Z,ORL,MEM,109,126,final,espn
espn:401810458,2025-26,2026-01-18,2026-01-19T00:00Z,BKN,CHI,102,124,final,espn
espn:401810459,2025-26,2026-01-18,2026-01-19T00:00Z,NOP,HOU,110,119,final,espn
espn:401810460,2025-26,2026-01-18,2026-01-19T01:00Z,CHA,DEN,110,87,final,espn
espn:401810461,2025-26,2026-01-18,2026-01-19T02:00Z,POR,SAC,117,110,final,espn
espn:401810462,2025-26,2026-01-18,2026-01-19T02:30Z,TOR,LAL,93,110,final,espn
espn:401809247,2025-26,2026-01-19,2026-01-19T18:00Z,MIL,ATL,112,110,final,espn
espn:401809248,2025-26,2026-01-19,2026-01-19T19:30Z,OKC,CLE,136,104,final,espn
espn:401809249,2025-26,2026-01-19,2026-01-19T22:00Z,DAL,NYK,114,97,final,espn
espn:401809250,2025-26,2026-01-19,2026-01-20T01:00Z,BOS,DET,103,104,final,espn
espn:401810463,2025-26,2026-01-19,2026-01-19T20:00Z,LAC,WAS,110,106,final,espn
espn:401810464,2025-26,2026-01-19,2026-01-20T00:00Z,IND,PHI,104,113,final,espn
espn:401810465,2025-26,2026-01-19,2026-01-20T00:30Z,PHX,BKN,126,117,final,espn
espn:401810466,2025-26,2026-01-19,2026-01-19T22:00Z,UTA,SAS,110,123,final,espn
espn:401810467,2025-26,2026-01-19,2026-01-20T03:00Z,MIA,GSW,112,135,final,espn
espn:401810468,2025-26,2026-01-20,2026-01-21T00:00Z,PHX,PHI,116,110,final,espn
espn:401810469,2025-26,2026-01-20,2026-01-21T01:00Z,LAC,CHI,110,138,final,espn
espn:401810470,2025-26,2026-01-20,2026-01-21T01:00Z,SAS,HOU,106,111,final,espn
espn:401810471,2025-26,2026-01-20,2026-01-21T02:00Z,MIN,UTA,122,127,final,espn
espn:401810472,2025-26,2026-01-20,2026-01-21T03:00Z,LAL,DEN,115,107,final,espn
espn:401810473,2025-26,2026-01-20,2026-01-21T03:00Z,TOR,GSW,145,127,final,espn
espn:401810474,2025-26,2026-01-20,2026-01-21T03:00Z,MIA,SAC,130,117,final,espn
espn:401810475,2025-26,2026-01-21,2026-01-22T00:00Z,CLE,CHA,94,87,final,espn
espn:401810476,2025-26,2026-01-21,2026-01-22T00:30Z,IND,BOS,104,119,final,espn
espn:401810477,2025-26,2026-01-21,2026-01-22T00:30Z,BKN,NYK,66,120,final,espn
espn:401810478,2025-26,2026-01-21,2026-01-22T01:00Z,ATL,MEM,124,122,final,espn
espn:401810479,2025-26,2026-01-21,2026-01-22T01:00Z,DET,NOP,112,104,final,espn
espn:401810480,2025-26,2026-01-21,2026-01-22T02:30Z,OKC,MIL,122,102,final,espn
espn:401810481,2025-26,2026-01-21,2026-01-22T03:00Z,TOR,SAC,122,109,final,espn
espn:401810482,2025-26,2026-01-22,2026-01-23T00:00Z,CHA,ORL,124,97,final,espn
espn:401810483,2025-26,2026-01-22,2026-01-23T00:00Z,HOU,PHI,122,128,final,espn
espn:401810484,2025-26,2026-01-22,2026-01-23T00:00Z,DEN,WAS,107,97,final,espn
espn:401810485,2025-26,2026-01-22,2026-01-23T00:30Z,GSW,DAL,115,123,final,espn
espn:401810486,2025-26,2026-01-22,2026-01-23T01:00Z,CHI,MIN,120,115,final,espn
espn:401810487,2025-26,2026-01-22,2026-01-23T02:00Z,SAS,UTA,126,109,final,espn
espn:401810488,2025-26,2026-01-22,2026-01-23T03:00Z,LAL,LAC,104,112,final,espn
espn:401810489,2025-26,2026-01-22,2026-01-23T03:00Z,MIA,POR,110,127,final,espn
espn:401810490,2025-26,2026-01-23,2026-01-24T00:00Z,HOU,DET,111,104,final,espn
espn:401810491,2025-26,2026-01-23,2026-01-24T00:30Z,PHX,ATL,103,110,final,espn
espn:401810492,2025-26,2026-01-23,2026-01-24T00:30Z,BOS,BKN,130,126,final,espn
espn:401810493,2025-26,2026-01-23,2026-01-24T00:30Z,SAC,CLE,118,123,final,espn
espn:401810494,2025-26,2026-01-23,2026-01-24T01:00Z,NOP,MEM,133,127,final,espn
espn:401810495,2025-26,2026-01-23,2026-01-24T02:30Z,DEN,MIL,102,100,final,espn
espn:401810496,2025-26,2026-01-23,2026-01-24T01:00Z,IND,OKC,117,114,final,espn
espn:401810497,2025-26,2026-01-23,2026-01-24T03:00Z,TOR,POR,110,98,final,espn
espn:401810498,2025-26,2026-01-24,2026-01-24T20:00Z,NYK,PHI,112,109,final,espn
espn:401810499,2025-26,2026-01-24,2026-01-24T22:30Z,GSW,MIN,0,0,final,espn
espn:401810500,2025-26,2026-01-24,2026-01-24T17:00Z,WAS,CHA,115,119,final,espn
espn:401810501,2025-26,2026-01-24,2026-01-25T00:00Z,CLE,ORL,119,105,final,espn
espn:401810502,2025-26,2026-01-24,2026-01-25T01:00Z,BOS,CHI,111,114,final,espn
espn:401810503,2025-26,2026-01-24,2026-01-25T01:30Z,LAL,DAL,116,110,final,espn
espn:401810504,2025-26,2026-01-24,2026-01-25T02:30Z,MIA,UTA,147,116,final,espn
espn:401810505,2025-26,2026-01-25,2026-01-25T20:00Z,SAC,DET,116,139,final,espn
espn:401810506,2025-26,2026-01-25,2026-01-25T20:30Z,DEN,MEM,0,0,final,espn
espn:401810507,2025-26,2026-01-25,2026-01-26T00:00Z,DAL,MIL,0,0,final,espn
espn:401810508,2025-26,2026-01-25,2026-01-26T00:00Z,TOR,OKC,103,101,final,espn
espn:401810509,2025-26,2026-01-25,2026-01-26T00:00Z,NOP,SAS,104,95,final,espn
espn:401810510,2025-26,2026-01-25,2026-01-26T01:00Z,MIA,PHX,111,102,final,espn
espn:401810511,2025-26,2026-01-25,2026-01-26T02:00Z,BKN,LAC,89,126,final,espn
espn:401857824,2025-26,2026-01-25,2026-01-25T22:30Z,GSW,MIN,111,85,final,espn
espn:401810512,2025-26,2026-01-26,2026-01-26T20:00Z,PHI,CHA,93,130,final,espn
espn:401810513,2025-26,2026-01-26,2026-01-27T00:00Z,ORL,CLE,98,114,final,espn
espn:401810514,2025-26,2026-01-26,2026-01-26T18:30Z,IND,ATL,116,132,final,espn
espn:401810515,2025-26,2026-01-26,2026-01-27T01:00Z,POR,BOS,94,102,final,espn
espn:401810516,2025-26,2026-01-26,2026-01-27T01:00Z,LAL,CHI,129,118,final,espn
espn:401810517,2025-26,2026-01-26,2026-01-27T01:00Z,MEM,HOU,99,108,final,espn
espn:401810518,2025-26,2026-01-26,2026-01-27T02:30Z,GSW,MIN,83,108,final,espn
espn:401810519,2025-26,2026-01-27,2026-01-28T00:00Z,POR,WAS,111,115,final,espn
espn:401810520,2025-26,2026-01-27,2026-01-28T00:30Z,SAC,NYK,87,103,final,espn
espn:401810521,2025-26,2026-01-27,2026-01-28T01:00Z,MIL,PHI,122,139,final,espn
espn:401810522,2025-26,2026-01-27,2026-01-28T01:00Z,NOP,OKC,95,104,final,espn
espn:401810523,2025-26,2026-01-27,2026-01-28T02:00Z,DET,DEN,109,107,final,espn
espn:401810524,2025-26,2026-01-27,2026-01-28T02:00Z,BKN,PHX,102,106,final,espn
espn:401810525,2025-26,2026-01-27,2026-01-28T03:00Z,LAC,UTA,115,103,final,espn
espn:401810526,2025-26,2026-01-28,2026-01-29T00:00Z,LAL,CLE,99,129,final,espn
espn:401810527,2025-26,2026-01-28,2026-01-29T00:00Z,CHI,IND,110,113,final,espn
espn:401810528,2025-26,2026-01-28,2026-01-29T00:30Z,ATL,BOS,117,106,final,espn
espn:401810529,2025-26,2026-01-28,2026-01-29T00:30Z,ORL,MIA,133,124,final,espn
espn:401810530,2025-26,2026-01-28,2026-01-29T00:30Z,NYK,TOR,119,92,final,espn
espn:401810531,2025-26,2026-01-28,2026-01-29T01:00Z,CHA,MEM,112,97,final,espn
espn:401810532,2025-26,2026-01-28,2026-01-29T01:30Z,MIN,DAL,118,105,final,espn
espn:401810533,2025-26,2026-01-28,2026-01-29T02:00Z,GSW,UTA,140,124,final,espn
espn:401810534,2025-26,2026-01-28,2026-01-29T02:42Z,SAS,HOU,111,99,final,espn
espn:401810535,2025-26,2026-01-29,2026-01-30T00:00Z,SAC,PHI,111,113,final,espn
espn:401810536,2025-26,2026-01-29,2026-01-30T00:00Z,MIL,WAS,99,109,final,espn
espn:401810537,2025-26,2026-01-29,2026-01-30T01:00Z,HOU,ATL,104,86,final,espn
espn:401810538,2025-26,2026-01-29,2026-01-30T01:30Z,CHA,DAL,123,121,final,espn
espn:401810539,2025-26,2026-01-29,2026-01-30T02:00Z,BKN,DEN,103,107,final,espn
espn:401810540,2025-26,2026-01-29,2026-01-30T02:00Z,DET,PHX,96,114,final,espn
espn:401810541,2025-26,2026-01-29,2026-01-30T02:30Z,OKC,MIN,111,123,final,espn
espn:401850920,2025-26,2026-01-29,2026-01-30T01:00Z,MIA,CHI,116,113,final,espn
espn:401810542,2025-26,2026-01-30,2026-01-31T00:30Z,TOR,ORL,120,130,final,espn
espn:401810543,2025-26,2026-01-30,2026-01-31T00:00Z,LAL,WAS,142,111,final,espn
espn:401810544,2025-26,2026-01-30,2026-01-31T00:30Z,SAC,BOS,93,112,final,espn
espn:401810545,2025-26,2026-01-30,2026-01-31T00:30Z,POR,NYK,97,127,final,espn
espn:401810546,2025-26,2026-01-30,2026-01-31T00:30Z,MEM,NOP,106,114,final,espn
espn:401810548,2025-26,2026-01-30,2026-01-31T02:00Z,CLE,PHX,113,126,final,espn
espn:401810549,2025-26,2026-01-30,2026-01-31T02:30Z,BKN,UTA,109,99,final,espn
espn:401810550,2025-26,2026-01-30,2026-01-31T02:00Z,LAC,DEN,109,122,final,espn
espn:401810551,2025-26,2026-01-30,2026-01-31T03:00Z,DET,GSW,131,124,final,espn
espn:401810547,2025-26,2026-01-31,2026-02-01T01:00Z,CHI,MIA,125,118,final,espn
espn:401810552,2025-26,2026-01-31,2026-01-31T17:00Z,SAS,CHA,106,111,final,espn
espn:401810553,2025-26,2026-01-31,2026-02-01T00:00Z,ATL,IND,124,129,final,espn
espn:401810554,2025-26,2026-01-31,2026-02-01T00:30Z,NOP,PHI,114,124,final,espn
espn:401810555,2025-26,2026-01-31,2026-02-01T01:00Z,MIN,MEM,131,114,final,espn
espn:401810556,2025-26,2026-01-31,2026-02-01T01:30Z,DAL,HOU,107,111,final,espn
espn:401810557,2025-26,2026-02-01,2026-02-01T20:30Z,MIL,BOS,79,107,final,espn
espn:401810558,2025-26,2026-02-01,2026-02-02T02:00Z,ORL,SAS,103,112,final,espn
espn:401810559,2025-26,2026-02-01,2026-02-01T23:00Z,BKN,DET,77,130,final,espn
espn:401810560,2025-26,2026-02-01,2026-02-01T23:00Z,CHI,MIA,91,134,final,espn
espn:401810561,2025-26,2026-02-01,2026-02-01T23:00Z,UTA,TOR,100,107,final,espn
espn:401810562,2025-26,2026-02-01,2026-02-01T23:00Z,SAC,WAS,112,116,final,espn
espn:401810563,2025-26,2026-02-01,2026-02-02T00:00Z,LAL,NYK,100,112,final,espn
espn:401810564,2025-26,2026-02-01,2026-02-02T01:00Z,LAC,PHX,117,93,final,espn
espn:401810565,2025-26,2026-02-01,2026-02-02T02:00Z,CLE,POR,130,111,final,espn
espn:401810566,2025-26,2026-02-01,2026-02-02T02:30Z,OKC,DEN,121,111,final,espn
espn:401810567,2025-26,2026-02-02,2026-02-02T20:00Z,NOP,CHA,95,102,final,espn
espn:401810568,2025-26,2026-02-02,2026-02-03T00:00Z,HOU,IND,118,114,final,espn
espn:401810569,2025-26,2026-02-02,2026-02-03T00:30Z,MIN,MEM,128,137,final,espn
espn:401810570,2025-26,2026-02-02,2026-02-03T03:00Z,PHI,LAC,128,113,final,espn
espn:401810571,2025-26,2026-02-03,2026-02-04T00:00Z,DEN,DET,121,124,final,espn
espn:401810572,2025-26,2026-02-03,2026-02-04T00:00Z,UTA,IND,131,122,final,espn
espn:401810573,2025-26,2026-02-03,2026-02-04T00:00Z,NYK,WAS,132,101,final,espn
espn:401810574,2025-26,2026-02-03,2026-02-04T00:30Z,LAL,BKN,125,109,final,espn
espn:401810575,2025-26,2026-02-03,2026-02-04T00:30Z,ATL,MIA,127,115,final,espn
espn:401810576,2025-26,2026-02-03,2026-02-04T01:00Z,BOS,DAL,110,100,final,espn
espn:401810577,2025-26,2026-02-03,2026-02-04T01:00Z,CHI,MIL,115,131,final,espn
espn:401810578,2025-26,2026-02-03,2026-02-04T01:00Z,ORL,OKC,92,128,final,espn
espn:401810579,2025-26,2026-02-03,2026-02-04T03:00Z,PHI,GSW,113,94,final,espn
espn:401810580,2025-26,2026-02-03,2026-02-04T04:00Z,PHX,POR,130,125,final,espn
espn:401810581,2025-26,2026-02-04,2026-02-05T00:00Z,DEN,NYK,127,134,final,espn
espn:401810582,2025-26,2026-02-04,2026-02-05T00:30Z,MIN,TOR,128,126,final,espn
espn:401810583,2025-26,2026-02-04,2026-02-05T01:00Z,BOS,HOU,114,93,final,espn
espn:401810584,2025-26,2026-02-04,2026-02-05T01:00Z,NOP,MIL,137,141,final,espn
espn:401810585,2025-26,2026-02-04,2026-02-05T02:30Z,OKC,SAS,106,116,final,espn
espn:401810586,2025-26,2026-02-04,2026-02-05T03:00Z,MEM,SAC,129,125,final,espn
espn:401810587,2025-26,2026-02-04,2026-02-05T03:30Z,CLE,LAC,124,91,final,espn
espn:401810588,2025-26,2026-02-05,2026-02-06T00:00Z,WAS,DET,126,117,final,espn
espn:401810589,2025-26,2026-02-05,2026-02-06T00:00Z,BKN,ORL,98,118,final,espn
espn:401810590,2025-26,2026-02-05,2026-02-06T00:30Z,UTA,ATL,119,121,final,espn
espn:401810591,2025-26,2026-02-05,2026-02-06T00:30Z,CHI,TOR,107,123,final,espn
espn:401810592,2025-26,2026-02-05,2026-02-06T01:00Z,CHA,HOU,109,99,final,espn
espn:401810593,2025-26,2026-02-05,2026-02-06T01:30Z,SAS,DAL,135,123,final,espn
espn:401810594,2025-26,2026-02-05,2026-02-06T03:00Z,GSW,PHX,101,97,final,espn
espn:401810595,2025-26,2026-02-05,2026-02-06T03:00Z,PHI,LAL,115,119,final,espn
espn:401810596,2025-26,2026-02-06,2026-02-07T00:30Z,MIA,BOS,96,98,final,espn
espn:401810597,2025-26,2026-02-06,2026-02-07T00:30Z,NYK,DET,80,118,final,espn
espn:401810598,2025-26,2026-02-06,2026-02-07T01:00Z,IND,MIL,99,105,final,espn
espn:401810599,2025-26,2026-02-06,2026-02-07T01:00Z,NOP,MIN,119,115,final,espn
espn:401810600,2025-26,2026-02-06,2026-02-07T03:00Z,MEM,POR,115,135,final,espn
espn:401810601,2025-26,2026-02-06,2026-02-07T03:00Z,LAC,SAC,114,111,final,espn
espn:401810602,2025-26,2026-02-07,2026-02-07T20:00Z,WAS,BKN,113,127,final,espn
espn:401810603,2025-26,2026-02-07,2026-02-07T20:30Z,HOU,OKC,112,106,final,espn
espn:401810604,2025-26,2026-02-07,2026-02-07T23:00Z,DAL,SAS,125,138,final,espn
espn:401810605,2025-26,2026-02-07,2026-02-08T00:00Z,UTA,ORL,117,120,final,espn
espn:401810606,2025-26,2026-02-07,2026-02-08T00:30Z,CHA,ATL,126,119,final,espn
espn:401810607,2025-26,2026-02-07,2026-02-08T01:00Z,DEN,CHI,136,120,final,espn
espn:401810608,2025-26,2026-02-07,2026-02-08T01:30Z,GSW,LAL,99,105,final,espn
espn:401810609,2025-26,2026-02-07,2026-02-08T02:00Z,PHI,PHX,109,103,final,espn
espn:401810610,2025-26,2026-02-07,2026-02-08T03:00Z,MEM,POR,115,122,final,espn
espn:401810611,2025-26,2026-02-07,2026-02-08T03:00Z,CLE,SAC,132,126,final,espn
espn:401810612,2025-26,2026-02-08,2026-02-08T17:30Z,NYK,BOS,111,89,final,espn
espn:401810613,2025-26,2026-02-08,2026-02-08T19:00Z,MIA,WAS,132,101,final,espn
espn:401810614,2025-26,2026-02-08,2026-02-08T20:00Z,IND,TOR,104,122,final,espn
espn:401810615,2025-26,2026-02-08,2026-02-08T20:00Z,LAC,MIN,115,96,final,espn
espn:401810616,2025-26,2026-02-09,2026-02-10T00:00Z,DET,CHA,110,104,final,espn
espn:401810617,2025-26,2026-02-09,2026-02-10T00:30Z,CHI,BKN,115,123,final,espn
espn:401810618,2025-26,2026-02-09,2026-02-10T00:30Z,UTA,MIA,115,111,final,espn
espn:401810619,2025-26,2026-02-09,2026-02-10T00:30Z,MIL,ORL,99,118,final,espn
espn:401810620,2025-26,2026-02-09,2026-02-10T01:00Z,ATL,MIN,116,138,final,espn
espn:401810621,2025-26,2026-02-09,2026-02-10T01:00Z,SAC,NOP,94,120,final,espn
espn:401810622,2025-26,2026-02-09,2026-02-10T02:00Z,CLE,DEN,119,117,final,espn
espn:401810623,2025-26,2026-02-09,2026-02-10T03:00Z,MEM,GSW,113,114,final,espn
espn:401810624,2025-26,2026-02-09,2026-02-10T03:00Z,OKC,LAL,119,110,final,espn
espn:401810625,2025-26,2026-02-09,2026-02-10T03:00Z,PHI,POR,118,135,final,espn
espn:401810626,2025-26,2026-02-10,2026-02-11T00:30Z,IND,NYK,137,134,final,espn
espn:401810627,2025-26,2026-02-10,2026-02-11T01:00Z,LAC,HOU,95,102,final,espn
espn:401810628,2025-26,2026-02-10,2026-02-11T02:00Z,DAL,PHX,111,120,final,espn
espn:401810629,2025-26,2026-02-10,2026-02-11T03:30Z,SAS,LAL,136,108,final,espn
espn:401810630,2025-26,2026-02-11,2026-02-12T00:00Z,ATL,CHA,107,110,final,espn
espn:401810631,2025-26,2026-02-11,2026-02-12T00:00Z,WAS,CLE,113,138,final,espn
espn:401810632,2025-26,2026-02-11,2026-02-12T00:00Z,MIL,ORL,116,108,final,espn
espn:401810633,2025-26,2026-02-11,2026-02-12T00:30Z,CHI,BOS,105,124,final,espn
espn:401810634,2025-26,2026-02-11,2026-02-12T00:30Z,IND,BKN,115,110,final,espn
espn:401810635,2025-26,2026-02-11,2026-02-12T00:30Z,NYK,PHI,138,89,final,espn
espn:401810636,2025-26,2026-02-11,2026-02-12T00:30Z,DET,TOR,113,95,final,espn
espn:401810637,2025-26,2026-02-11,2026-02-12T01:00Z,LAC,HOU,105,102,final,espn
espn:401810638,2025-26,2026-02-11,2026-02-12T01:00Z,POR,MIN,109,133,final,espn
espn:401810639,2025-26,2026-02-11,2026-02-12T01:00Z,MIA,NOP,123,111,final,espn
espn:401810640,2025-26,2026-02-11,2026-02-12T02:00Z,OKC,PHX,136,109,final,espn
espn:401810641,2025-26,2026-02-11,2026-02-12T02:00Z,SAC,UTA,93,121,final,espn
espn:401810642,2025-26,2026-02-11,2026-02-12T02:00Z,MEM,DEN,116,122,final,espn
espn:401810643,2025-26,2026-02-11,2026-02-12T03:00Z,SAS,GSW,126,113,final,espn
espn:401810644,2025-26,2026-02-12,2026-02-13T00:30Z,MIL,OKC,110,93,final,espn
espn:401810645,2025-26,2026-02-12,2026-02-13T02:00Z,POR,UTA,135,119,final,espn
espn:401810646,2025-26,2026-02-12,2026-02-13T03:00Z,DAL,LAL,104,124,final,espn
espn:401810647,2025-26,2026-02-19,2026-02-20T00:00Z,HOU,CHA,105,101,final,espn
espn:401810648,2025-26,2026-02-19,2026-02-20T00:00Z,BKN,CLE,84,112,final,espn
espn:401810649,2025-26,2026-02-19,2026-02-20T00:00Z,ATL,PHI,117,107,final,espn
espn:401810650,2025-26,2026-02-19,2026-02-20T00:00Z,IND,WAS,105,112,final,espn
espn:401810651,2025-26,2026-02-19,2026-02-20T00:30Z,DET,NYK,126,111,final,espn
espn:401810652,2025-26,2026-02-19,2026-02-20T01:00Z,TOR,CHI,110,101,final,espn
espn:401810653,2025-26,2026-02-19,2026-02-20T01:30Z,PHX,SAS,94,121,final,espn
espn:401810654,2025-26,2026-02-19,2026-02-20T03:00Z,BOS,GSW,121,110,final,espn
espn:401810655,2025-26,2026-02-19,2026-02-20T03:00Z,ORL,SAC,131,94,final,espn
espn:401810656,2025-26,2026-02-19,2026-02-20T03:30Z,DEN,LAC,114,115,final,espn
espn:401810657,2025-26,2026-02-20,2026-02-21T00:00Z,CLE,CHA,118,113,final,espn
espn:401810658,2025-26,2026-02-20,2026-02-21T00:00Z,IND,WAS,118,131,final,espn
espn:401810659,2025-26,2026-02-20,2026-02-21T00:00Z,UTA,MEM,114,123,final,espn
espn:401810660,2025-26,2026-02-20,2026-02-21T00:30Z,MIA,ATL,128,97,final,espn
espn:401810661,2025-26,2026-02-20,2026-02-21T00:30Z,DAL,MIN,111,122,final,espn
espn:401810662,2025-26,2026-02-20,2026-02-21T01:00Z,MIL,NOP,139,118,final,espn
espn:401810663,2025-26,2026-02-20,2026-02-21T01:00Z,BKN,OKC,86,105,final,espn
espn:401810664,2025-26,2026-02-20,2026-02-21T03:15Z,LAC,LAL,122,125,final,espn
espn:401810665,2025-26,2026-02-20,2026-02-21T03:00Z,DEN,POR,157,103,final,espn
espn:401810666,2025-26,2026-02-21,2026-02-21T22:00Z,ORL,PHX,110,113,final,espn
espn:401810667,2025-26,2026-02-21,2026-02-22T00:00Z,PHI,NOP,111,126,final,espn
espn:401810668,2025-26,2026-02-21,2026-02-22T01:00Z,MEM,MIA,120,136,final,espn
espn:401810669,2025-26,2026-02-21,2026-02-22T01:00Z,DET,CHI,126,110,final,espn
espn:401810670,2025-26,2026-02-21,2026-02-22T01:00Z,SAC,SAS,122,139,final,espn
espn:401810671,2025-26,2026-02-21,2026-02-22T01:30Z,HOU,NYK,106,108,final,espn
espn:401810672,2025-26,2026-02-22,2026-02-22T18:00Z,CLE,OKC,113,121,final,espn
espn:401810673,2025-26,2026-02-22,2026-02-22T20:30Z,BKN,ATL,104,115,final,espn
espn:401810674,2025-26,2026-02-22,2026-02-22T20:30Z,TOR,MIL,122,94,final,espn
espn:401810675,2025-26,2026-02-22,2026-02-22T20:30Z,DEN,GSW,117,128,final,espn
espn:401810676,2025-26,2026-02-22,2026-02-22T22:00Z,DAL,IND,134,130,final,espn
espn:401810677,2025-26,2026-02-22,2026-02-22T23:00Z,CHA,WAS,129,112,final,espn
espn:401810678,2025-26,2026-02-22,2026-02-22T23:30Z,BOS,LAL,111,89,final,espn
espn:401810679,2025-26,2026-02-22,2026-02-23T00:00Z,PHI,MIN,135,108,final,espn
espn:401810680,2025-26,2026-02-22,2026-02-23T01:00Z,NYK,CHI,105,99,final,espn
espn:401810681,2025-26,2026-02-22,2026-02-23T01:00Z,POR,PHX,92,77,final,espn
espn:401810682,2025-26,2026-02-22,2026-02-23T02:00Z,ORL,LAC,111,109,final,espn
espn:401810683,2025-26,2026-02-23,2026-02-24T00:00Z,SAS,DET,114,103,final,espn
espn:401810684,2025-26,2026-02-23,2026-02-24T01:00Z,SAC,MEM,123,114,final,espn
espn:401810685,2025-26,2026-02-23,2026-02-24T02:30Z,UTA,HOU,105,125,final,espn
espn:401810686,2025-26,2026-02-24,2026-02-25T00:00Z,PHI,IND,135,114,final,espn
espn:401810687,2025-26,2026-02-24,2026-02-25T00:30Z,WAS,ATL,98,119,final,espn
espn:401810688,2025-26,2026-02-24,2026-02-25T00:30Z,DAL,BKN,123,114,final,espn
espn:401810689,2025-26,2026-02-24,2026-02-25T00:30Z,OKC,TOR,116,107,final,espn
espn:401810690,2025-26,2026-02-24,2026-02-25T00:30Z,NYK,CLE,94,109,final,espn
espn:401810691,2025-26,2026-02-24,2026-02-25T01:00Z,CHA,CHI,131,99,final,espn
espn:401810692,2025-26,2026-02-24,2026-02-25T01:00Z,MIA,MIL,117,128,final,espn
espn:401810693,2025-26,2026-02-24,2026-02-25T01:00Z,GSW,NOP,109,113,final,espn
espn:401810694,2025-26,2026-02-24,2026-02-25T02:00Z,BOS,PHX,97,81,final,espn
espn:401810695,2025-26,2026-02-24,2026-02-25T03:30Z,ORL,LAL,110,109,final,espn
espn:401810696,2025-26,2026-02-24,2026-02-25T03:00Z,MIN,POR,124,121,final,espn
espn:401810697,2025-26,2026-02-25,2026-02-26T00:30Z,OKC,DET,116,124,final,espn
espn:401810698,2025-26,2026-02-25,2026-02-26T00:30Z,SAS,TOR,110,107,final,espn
espn:401810699,2025-26,2026-02-25,2026-02-26T00:30Z,GSW,MEM,133,112,final,espn
espn:401810700,2025-26,2026-02-25,2026-02-26T01:00Z,SAC,HOU,97,128,final,espn
espn:401810701,2025-26,2026-02-25,2026-02-26T01:00Z,CLE,MIL,116,118,final,espn
espn:401810702,2025-26,2026-02-25,2026-02-26T03:00Z,BOS,DEN,84,103,final,espn
espn:401810703,2025-26,2026-02-26,2026-02-27T00:00Z,CHA,IND,133,109,final,espn
espn:401810704,2025-26,2026-02-26,2026-02-27T00:00Z,MIA,PHI,117,124,final,espn
espn:401810705,2025-26,2026-02-26,2026-02-27T00:30Z,WAS,ATL,96,126,final,espn
espn:401810706,2025-26,2026-02-26,2026-02-27T00:30Z,SAS,BKN,126,110,final,espn
espn:401810707,2025-26,2026-02-26,2026-02-27T00:30Z,HOU,ORL,113,108,final,espn
espn:401810708,2025-26,2026-02-26,2026-02-27T01:00Z,POR,CHI,121,112,final,espn
espn:401810709,2025-26,2026-02-26,2026-02-27T01:30Z,SAC,DAL,130,121,final,espn
espn:401810710,2025-26,2026-02-26,2026-02-27T02:00Z,LAL,PHX,110,113,final,espn
espn:401810711,2025-26,2026-02-26,2026-02-27T02:00Z,NOP,UTA,129,118,final,espn
espn:401810712,2025-26,2026-02-26,2026-02-27T03:00Z,MIN,LAC,94,88,final,espn
espn:401810713,2025-26,2026-02-27,2026-02-28T00:00Z,CLE,DET,119,122,final,espn
espn:401810714,2025-26,2026-02-27,2026-02-28T00:30Z,BKN,BOS,111,148,final,espn
espn:401810715,2025-26,2026-02-27,2026-02-28T01:00Z,NYK,MIL,127,98,final,espn
espn:401810716,2025-26,2026-02-27,2026-02-28T01:30Z,MEM,DAL,124,105,final,espn
espn:401810717,2025-26,2026-02-27,2026-02-28T02:47Z,DEN,OKC,121,127,final,espn
espn:401810718,2025-26,2026-02-28,2026-02-28T18:00Z,POR,CHA,93,109,final,espn
espn:401810719,2025-26,2026-02-28,2026-02-28T20:30Z,HOU,MIA,105,115,final,espn
espn:401810720,2025-26,2026-02-28,2026-03-01T00:00Z,TOR,WAS,134,125,final,espn
espn:401810721,2025-26,2026-02-28,2026-03-01T01:30Z,LAL,GSW,129,101,final,espn
espn:401810722,2025-26,2026-02-28,2026-03-01T02:30Z,NOP,UTA,115,105,final,espn
espn:401810723,2025-26,2026-03-01,2026-03-01T18:00Z,SAS,NYK,89,114,final,espn
espn:401810724,2025-26,2026-03-01,2026-03-01T20:30Z,CLE,BKN,106,102,final,espn
espn:401810725,2025-26,2026-03-01,2026-03-01T20:30Z,MIL,CHI,97,120,final,espn
espn:401810726,2025-26,2026-03-01,2026-03-01T20:30Z,MIN,DEN,117,108,final,espn
espn:401810727,2025-26,2026-03-01,2026-03-01T22:00Z,MEM,IND,125,106,final,espn
espn:401810728,2025-26,2026-03-01,2026-03-01T23:00Z,POR,ATL,101,135,final,espn
espn:401810729,2025-26,2026-03-01,2026-03-02T01:00Z,PHI,BOS,98,114,final,espn
espn:401810730,2025-26,2026-03-01,2026-03-01T23:00Z,DET,ORL,106,92,final,espn
espn:401810731,2025-26,2026-03-01,2026-03-02T01:00Z,OKC,DAL,100,87,final,espn
espn:401810732,2025-26,2026-03-01,2026-03-02T02:00Z,NOP,LAC,117,137,final,espn
espn:401810733,2025-26,2026-03-01,2026-03-02T02:30Z,SAC,LAL,104,128,final,espn
espn:401810734,2025-26,2026-03-02,2026-03-03T00:00Z,HOU,WAS,123,118,final,espn
espn:401810735,2025-26,2026-03-02,2026-03-03T00:30Z,BOS,MIL,108,81,final,espn
espn:401810736,2025-26,2026-03-02,2026-03-03T02:00Z,DEN,UTA,128,125,final,espn
espn:401810737,2025-26,2026-03-02,2026-03-03T03:00Z,LAC,GSW,114,101,final,espn
espn:401810738,2025-26,2026-03-03,2026-03-04T00:00Z,DAL,CHA,90,117,final,espn
espn:401810739,2025-26,2026-03-03,2026-03-04T00:00Z,DET,CLE,109,113,final,espn
espn:401810740,2025-26,2026-03-03,2026-03-04T00:00Z,WAS,ORL,109,126,final,espn
espn:401810741,2025-26,2026-03-03,2026-03-04T00:30Z,BKN,MIA,98,124,final,espn
espn:401810742,2025-26,2026-03-03,2026-03-04T00:30Z,NYK,TOR,111,95,final,espn
espn:401810743,2025-26,2026-03-03,2026-03-04T01:00Z,SAS,PHI,131,91,final,espn
espn:401810744,2025-26,2026-03-03,2026-03-04T01:00Z,OKC,CHI,116,108,final,espn
espn:401810745,2025-26,2026-03-03,2026-03-04T01:00Z,MEM,MIN,110,117,final,espn
espn:401810746,2025-26,2026-03-03,2026-03-04T03:30Z,NOP,LAL,101,110,final,espn
espn:401810747,2025-26,2026-03-03,2026-03-04T04:00Z,PHX,SAC,114,103,final,espn
espn:401810748,2025-26,2026-03-04,2026-03-05T00:00Z,OKC,NYK,103,100,final,espn
espn:401810749,2025-26,2026-03-04,2026-03-05T00:30Z,CHA,BOS,118,89,final,espn
espn:401810750,2025-26,2026-03-04,2026-03-05T00:30Z,UTA,PHI,102,106,final,espn
espn:401810751,2025-26,2026-03-04,2026-03-05T01:00Z,POR,MEM,122,114,final,espn
espn:401810752,2025-26,2026-03-04,2026-03-05T02:30Z,ATL,MIL,131,113,final,espn
espn:401810753,2025-26,2026-03-04,2026-03-05T03:30Z,IND,LAC,107,130,final,espn
espn:401810754,2025-26,2026-03-05,2026-03-06T00:00Z,DAL,ORL,114,115,final,espn
espn:401810755,2025-26,2026-03-05,2026-03-06T00:00Z,UTA,WAS,122,112,final,espn
espn:401810756,2025-26,2026-03-05,2026-03-06T00:30Z,BKN,MIA,110,126,final,espn
espn:401810757,2025-26,2026-03-05,2026-03-06T00:30Z,GSW,HOU,115,113,final,espn
espn:401810758,2025-26,2026-03-05,2026-03-06T01:00Z,TOR,MIN,107,115,final,espn
espn:401810759,2025-26,2026-03-05,2026-03-06T01:00Z,DET,SAS,106,121,final,espn
espn:401810760,2025-26,2026-03-05,2026-03-06T02:00Z,CHI,PHX,105,103,final,espn
espn:401810761,2025-26,2026-03-05,2026-03-06T03:00Z,LAL,DEN,113,120,final,espn
espn:401810762,2025-26,2026-03-05,2026-03-06T03:00Z,NOP,SAC,133,123,final,espn
espn:401810763,2025-26,2026-03-06,2026-03-07T00:00Z,DAL,BOS,100,120,final,espn
espn:401810764,2025-26,2026-03-06,2026-03-07T00:00Z,MIA,CHA,128,120,final,espn
espn:401810765,2025-26,2026-03-06,2026-03-07T01:00Z,POR,HOU,99,106,final,espn
espn:401810766,2025-26,2026-03-06,2026-03-07T02:00Z,NYK,DEN,142,103,final,espn
espn:401810767,2025-26,2026-03-06,2026-03-07T02:00Z,NOP,PHX,116,118,final,espn
espn:401810768,2025-26,2026-03-06,2026-03-07T02:30Z,LAC,SAS,112,116,final,espn
espn:401810769,2025-26,2026-03-06,2026-03-07T03:30Z,IND,LAL,117,128,final,espn
espn:401810770,2025-26,2026-03-07,2026-03-07T20:00Z,ORL,MIN,119,92,final,espn
espn:401810771,2025-26,2026-03-07,2026-03-07T23:00Z,BKN,DET,107,105,final,espn
espn:401810772,2025-26,2026-03-07,2026-03-07T23:00Z,PHI,ATL,116,125,final,espn
espn:401810773,2025-26,2026-03-07,2026-03-08T01:00Z,LAC,MEM,123,120,final,espn
espn:401810774,2025-26,2026-03-07,2026-03-08T01:00Z,UTA,MIL,99,113,final,espn
espn:401810775,2025-26,2026-03-07,2026-03-08T01:30Z,GSW,OKC,97,104,final,espn
espn:401810776,2025-26,2026-03-08,2026-03-08T17:00Z,BOS,CLE,109,98,final,espn
espn:401810777,2025-26,2026-03-08,2026-03-08T19:30Z,NYK,LAL,97,110,final,espn
espn:401810778,2025-26,2026-03-08,2026-03-08T22:00Z,DET,MIA,110,121,final,espn
espn:401810779,2025-26,2026-03-08,2026-03-08T22:00Z,DAL,TOR,92,122,final,espn
espn:401810780,2025-26,2026-03-08,2026-03-08T23:00Z,WAS,NOP,118,138,final,espn
espn:401810781,2025-26,2026-03-08,2026-03-09T00:00Z,ORL,MIL,130,91,final,espn
espn:401810782,2025-26,2026-03-08,2026-03-09T00:00Z,HOU,SAS,120,145,final,espn
espn:401810783,2025-26,2026-03-08,2026-03-09T02:00Z,CHA,PHX,99,111,final,espn
espn:401810784,2025-26,2026-03-08,2026-03-09T01:00Z,IND,POR,111,131,final,espn
espn:401810785,2025-26,2026-03-08,2026-03-09T01:00Z,CHI,SAC,110,126,final,espn
espn:401810786,2025-26,2026-03-09,2026-03-09T23:00Z,PHI,CLE,101,115,final,espn
espn:401810787,2025-26,2026-03-09,2026-03-09T23:30Z,MEM,BKN,115,126,final,espn
espn:401810788,2025-26,2026-03-09,2026-03-09T23:30Z,DEN,OKC,126,129,final,espn
espn:401810789,2025-26,2026-03-09,2026-03-10T01:00Z,GSW,UTA,116,119,final,espn
espn:401810790,2025-26,2026-03-09,2026-03-10T02:00Z,NYK,LAC,118,126,final,espn
espn:401810791,2025-26,2026-03-10,2026-03-10T23:00Z,MEM,PHI,129,139,final,espn
espn:401810792,2025-26,2026-03-10,2026-03-10T23:30Z,DET,BKN,138,100,final,espn
espn:401810793,2025-26,2026-03-10,2026-03-10T23:30Z,WAS,MIA,129,150,final,espn
espn:401810794,2025-26,2026-03-10,2026-03-10T23:30Z,DAL,ATL,112,124,final,espn
espn:401810795,2025-26,2026-03-10,2026-03-11T00:00Z,TOR,HOU,99,113,final,espn
espn:401810796,2025-26,2026-03-10,2026-03-11T00:00Z,PHX,MIL,129,114,final,espn
espn:401810797,2025-26,2026-03-10,2026-03-11T00:00Z,BOS,SAS,116,125,final,espn
espn:401810798,2025-26,2026-03-10,2026-03-11T02:00Z,CHI,GSW,130,124,final,espn
espn:401810799,2025-26,2026-03-10,2026-03-11T02:00Z,CHA,POR,103,101,final,espn
espn:401810800,2025-26,2026-03-10,2026-03-11T02:00Z,IND,SAC,109,114,final,espn
espn:401810801,2025-26,2026-03-10,2026-03-11T03:00Z,MIN,LAL,106,120,final,espn
espn:401810802,2025-26,2026-03-11,2026-03-11T23:30Z,CLE,ORL,122,128,final,espn
espn:401810803,2025-26,2026-03-11,2026-03-12T00:00Z,TOR,NOP,111,122,final,espn
espn:401810804,2025-26,2026-03-11,2026-03-12T01:00Z,NYK,UTA,134,117,final,espn
espn:401810805,2025-26,2026-03-11,2026-03-12T02:00Z,HOU,DEN,93,129,final,espn
espn:401810806,2025-26,2026-03-11,2026-03-12T02:00Z,CHA,SAC,117,109,final,espn
espn:401810807,2025-26,2026-03-11,2026-03-12T02:30Z,MIN,LAC,128,153,final,espn
espn:401810808,2025-26,2026-03-12,2026-03-12T23:00Z,PHI,DET,109,131,final,espn
espn:401810809,2025-26,2026-03-12,2026-03-12T23:00Z,PHX,IND,123,108,final,espn
espn:401810810,2025-26,2026-03-12,2026-03-12T23:00Z,WAS,ORL,131,136,final,espn
espn:401810811,2025-26,2026-03-12,2026-03-12T23:30Z,BKN,ATL,97,108,final,espn
espn:401810812,2025-26,2026-03-12,2026-03-12T23:30Z,MIL,MIA,105,112,final,espn
espn:401810813,2025-26,2026-03-12,2026-03-13T01:00Z,DEN,SAS,136,131,final,espn
espn:401810814,2025-26,2026-03-12,2026-03-13T01:30Z,BOS,OKC,102,104,final,espn
espn:401810815,2025-26,2026-03-12,2026-03-13T02:30Z,CHI,LAL,130,142,final,espn
espn:401810966,2025-26,2026-03-12,2026-03-13T00:00Z,DAL,MEM,120,112,final,espn
espn:401810816,2025-26,2026-03-13,2026-03-13T23:30Z,MEM,DET,110,126,final,espn
espn:401810817,2025-26,2026-03-13,2026-03-13T23:30Z,NYK,IND,101,92,final,espn
espn:401810818,2025-26,2026-03-13,2026-03-13T23:30Z,PHX,TOR,115,122,final,espn
espn:401810819,2025-26,2026-03-13,2026-03-14T00:00Z,NOP,HOU,105,107,final,espn
espn:401810820,2025-26,2026-03-13,2026-03-13T23:30Z,CLE,DAL,138,105,final,espn
espn:401810821,2025-26,2026-03-13,2026-03-14T02:00Z,MIN,GSW,127,117,final,espn
espn:401810822,2025-26,2026-03-13,2026-03-14T02:00Z,UTA,POR,114,124,final,espn
espn:401810823,2025-26,2026-03-13,2026-03-14T02:30Z,CHI,LAC,108,119,final,espn
espn:401810824,2025-26,2026-03-14,2026-03-14T17:00Z,BKN,PHI,97,104,final,espn
espn:401810825,2025-26,2026-03-14,2026-03-14T19:00Z,MIL,ATL,99,122,final,espn
espn:401810826,2025-26,2026-03-14,2026-03-14T22:00Z,WAS,BOS,100,111,final,espn
espn:401810827,2025-26,2026-03-14,2026-03-15T00:00Z,ORL,MIA,121,117,final,espn
espn:401810828,2025-26,2026-03-14,2026-03-14T19:30Z,CHA,SAS,102,115,final,espn
espn:401810829,2025-26,2026-03-14,2026-03-15T00:30Z,DEN,LAL,125,127,final,espn
espn:401810830,2025-26,2026-03-14,2026-03-15T02:30Z,SAC,LAC,118,109,final,espn
espn:401810831,2025-26,2026-03-15,2026-03-15T17:00Z,MIN,OKC,103,116,final,espn
espn:401810832,2025-26,2026-03-15,2026-03-15T19:30Z,DAL,CLE,130,120,final,espn
espn:401810833,2025-26,2026-03-15,2026-03-15T19:30Z,DET,TOR,108,119,final,espn
espn:401810834,2025-26,2026-03-15,2026-03-15T19:30Z,IND,MIL,123,134,final,espn
espn:401810835,2025-26,2026-03-15,2026-03-15T22:00Z,POR,PHI,103,109,final,espn
espn:401810836,2025-26,2026-03-15,2026-03-16T00:00Z,GSW,NYK,107,110,final,espn
espn:401810837,2025-26,2026-03-15,2026-03-16T02:00Z,UTA,SAC,111,116,final,espn
espn:401810838,2025-26,2026-03-16,2026-03-16T23:00Z,ORL,ATL,112,124,final,espn
espn:401810839,2025-26,2026-03-16,2026-03-16T23:00Z,GSW,WAS,125,117,final,espn
espn:401810840,2025-26,2026-03-16,2026-03-16T23:30Z,POR,BKN,114,95,final,espn
espn:401810841,2025-26,2026-03-16,2026-03-16T23:30Z,PHX,BOS,112,120,final,espn
espn:401810842,2025-26,2026-03-16,2026-03-17T00:00Z,MEM,CHI,107,132,final,espn
espn:401810843,2025-26,2026-03-16,2026-03-17T00:00Z,DAL,NOP,111,129,final,espn
espn:401810844,2025-26,2026-03-16,2026-03-17T01:30Z,LAL,HOU,100,92,final,espn
espn:401810845,2025-26,2026-03-16,2026-03-17T02:00Z,SAS,LAC,119,115,final,espn
espn:401810846,2025-26,2026-03-17,2026-03-17T23:00Z,MIA,CHA,106,136,final,espn
espn:401810847,2025-26,2026-03-17,2026-03-17T23:00Z,OKC,ORL,113,108,final,espn
espn:401810848,2025-26,2026-03-17,2026-03-17T23:00Z,DET,WAS,130,117,final,espn
espn:401810849,2025-26,2026-03-17,2026-03-17T23:30Z,IND,NYK,110,136,final,espn
espn:401810850,2025-26,2026-03-17,2026-03-18T00:00Z,CLE,MIL,123,116,final,espn
espn:401810851,2025-26,2026-03-17,2026-03-18T00:00Z,PHX,MIN,104,116,final,espn
espn:401810852,2025-26,2026-03-17,2026-03-18T02:00Z,PHI,DEN,96,124,final,espn
espn:401810853,2025-26,2026-03-17,2026-03-18T02:00Z,SAS,SAC,132,104,final,espn
espn:401810854,2025-26,2026-03-18,2026-03-18T23:00Z,GSW,BOS,99,120,final,espn
espn:401810855,2025-26,2026-03-18,2026-03-18T23:30Z,OKC,BKN,121,92,final,espn
espn:401810856,2025-26,2026-03-18,2026-03-18T23:30Z,POR,IND,127,119,final,espn
espn:401810857,2025-26,2026-03-18,2026-03-19T00:00Z,TOR,CHI,139,109,final,espn
espn:401810859,2025-26,2026-03-18,2026-03-19T00:00Z,UTA,MIN,111,147,final,espn
espn:401810860,2025-26,2026-03-18,2026-03-19T00:00Z,LAC,NOP,109,124,final,espn
espn:401810861,2025-26,2026-03-18,2026-03-19T00:30Z,ATL,DAL,135,120,final,espn
espn:401810862,2025-26,2026-03-18,2026-03-19T01:30Z,LAL,HOU,124,116,final,espn
espn:401858693,2025-26,2026-03-18,2026-03-19T00:30Z,DEN,MEM,118,125,final,espn
espn:401810863,2025-26,2026-03-19,2026-03-19T23:00Z,ORL,CHA,111,130,final,espn
espn:401810864,2025-26,2026-03-19,2026-03-19T23:00Z,DET,WAS,117,95,final,espn
espn:401810865,2025-26,2026-03-19,2026-03-20T00:00Z,LAL,MIA,134,126,final,espn
espn:401810866,2025-26,2026-03-19,2026-03-20T00:00Z,CLE,CHI,115,110,final,espn
espn:401810867,2025-26,2026-03-19,2026-03-20T00:00Z,LAC,NOP,99,105,final,espn
espn:401810868,2025-26,2026-03-19,2026-03-20T00:00Z,PHX,SAS,100,101,final,espn
espn:401810869,2025-26,2026-03-19,2026-03-20T01:00Z,MIL,UTA,96,128,final,espn
espn:401810870,2025-26,2026-03-19,2026-03-20T02:00Z,PHI,SAC,139,118,final,espn
espn:401810871,2025-26,2026-03-20,2026-03-20T23:30Z,NYK,BKN,93,92,final,espn
espn:401810872,2025-26,2026-03-20,2026-03-20T23:30Z,GSW,DET,101,115,final,espn
espn:401810873,2025-26,2026-03-20,2026-03-21T00:00Z,ATL,HOU,95,117,final,espn
espn:401810874,2025-26,2026-03-20,2026-03-21T00:00Z,BOS,MEM,117,112,final,espn
espn:401810875,2025-26,2026-03-20,2026-03-21T00:00Z,POR,MIN,108,104,final,espn
espn:401810876,2025-26,2026-03-20,2026-03-21T01:00Z,TOR,DEN,115,121,final,espn
espn:401810877,2025-26,2026-03-21,2026-03-21T21:00Z,OKC,WAS,132,111,final,espn
espn:401810878,2025-26,2026-03-21,2026-03-21T23:00Z,MEM,CHA,101,124,final,espn
espn:401810879,2025-26,2026-03-21,2026-03-21T23:00Z,LAL,ORL,105,104,final,espn
espn:401810880,2025-26,2026-03-21,2026-03-21T23:00Z,CLE,NOP,111,106,final,espn
espn:401810881,2025-26,2026-03-21,2026-03-22T00:00Z,GSW,ATL,110,126,final,espn
espn:401810882,2025-26,2026-03-21,2026-03-22T00:00Z,MIA,HOU,122,123,final,espn
espn:401810883,2025-26,2026-03-21,2026-03-22T00:00Z,IND,SAS,119,134,final,espn
espn:401810884,2025-26,2026-03-21,2026-03-22T00:30Z,LAC,DAL,138,131,final,espn
espn:401810885,2025-26,2026-03-21,2026-03-22T01:30Z,PHI,UTA,126,116,final,espn
espn:401810886,2025-26,2026-03-21,2026-03-22T02:00Z,MIL,PHX,108,105,final,espn
espn:401810887,2025-26,2026-03-22,2026-03-22T21:00Z,POR,DEN,112,128,final,espn
espn:401810888,2025-26,2026-03-22,2026-03-22T22:00Z,BKN,SAC,122,126,final,espn
espn:401810889,2025-26,2026-03-22,2026-03-22T23:30Z,WAS,NYK,113,145,final,espn
espn:401810890,2025-26,2026-03-22,2026-03-23T00:00Z,MIN,BOS,102,92,final,espn
espn:401810891,2025-26,2026-03-22,2026-03-23T01:00Z,TOR,PHX,98,120,final,espn
espn:401810892,2025-26,2026-03-23,2026-03-23T23:30Z,MEM,ATL,107,146,final,espn
espn:401810893,2025-26,2026-03-23,2026-03-23T23:00Z,LAL,DET,110,113,final,espn
espn:401810894,2025-26,2026-03-23,2026-03-23T23:00Z,IND,ORL,128,126,final,espn
espn:401810895,2025-26,2026-03-23,2026-03-23T23:00Z,OKC,PHI,123,103,final,espn
espn:401810896,2025-26,2026-03-23,2026-03-23T23:00Z,SAS,MIA,136,111,final,espn
espn:401810897,2025-26,2026-03-23,2026-03-24T00:00Z,HOU,CHI,124,132,final,espn
espn:401810898,2025-26,2026-03-23,2026-03-24T01:00Z,TOR,UTA,143,127,final,espn
espn:401810899,2025-26,2026-03-23,2026-03-24T01:30Z,GSW,DAL,137,131,final,espn
espn:401810900,2025-26,2026-03-23,2026-03-24T02:00Z,BKN,POR,99,134,final,espn
espn:401810901,2025-26,2026-03-23,2026-03-24T02:30Z,MIL,LAC,96,129,final,espn
espn:401810902,2025-26,2026-03-24,2026-03-24T23:00Z,SAC,CHA,90,134,final,espn
espn:401810903,2025-26,2026-03-24,2026-03-24T23:30Z,NOP,NYK,116,121,final,espn
espn:401810904,2025-26,2026-03-24,2026-03-25T00:00Z,ORL,CLE,131,136,final,espn
espn:401810905,2025-26,2026-03-24,2026-03-25T03:00Z,DEN,PHX,125,123,final,espn
espn:401810906,2025-26,2026-03-25,2026-03-25T23:00Z,ATL,DET,130,129,final,espn
espn:401810907,2025-26,2026-03-25,2026-03-25T23:00Z,LAL,IND,137,130,final,espn
espn:401810908,2025-26,2026-03-25,2026-03-25T23:00Z,CHI,PHI,137,157,final,espn
espn:401810909,2025-26,2026-03-25,2026-03-25T23:30Z,OKC,BOS,109,119,final,espn
espn:401810910,2025-26,2026-03-25,2026-03-25T23:30Z,MIA,CLE,120,103,final,espn
espn:401810911,2025-26,2026-03-25,2026-03-26T00:00Z,SAS,MEM,123,98,final,espn
espn:401810912,2025-26,2026-03-25,2026-03-26T01:00Z,WAS,UTA,133,110,final,espn
espn:401810913,2025-26,2026-03-25,2026-03-26T01:42Z,HOU,MIN,108,110,final,espn
espn:401810914,2025-26,2026-03-25,2026-03-26T02:00Z,DAL,DEN,135,142,final,espn
espn:401810915,2025-26,2026-03-25,2026-03-26T02:00Z,BKN,GSW,106,109,final,espn
espn:401810916,2025-26,2026-03-25,2026-03-26T02:00Z,MIL,POR,99,130,final,espn
espn:401810917,2025-26,2026-03-25,2026-03-26T02:30Z,TOR,LAC,94,119,final,espn
espn:401810918,2025-26,2026-03-26,2026-03-26T23:00Z,NYK,CHA,103,114,final,espn
espn:401810919,2025-26,2026-03-26,2026-03-26T23:00Z,NOP,DET,108,129,final,espn
espn:401810920,2025-26,2026-03-26,2026-03-26T23:00Z,SAC,ORL,117,121,final,espn
espn:401810921,2025-26,2026-03-27,2026-03-27T23:00Z,LAC,IND,114,113,final,espn
espn:401810922,2025-26,2026-03-27,2026-03-27T23:30Z,ATL,BOS,102,109,final,espn
espn:401810923,2025-26,2026-03-27,2026-03-27T23:30Z,MIA,CLE,128,149,final,espn
espn:401810924,2025-26,2026-03-27,2026-03-28T00:00Z,HOU,MEM,119,109,final,espn
espn:401810925,2025-26,2026-03-27,2026-03-28T00:00Z,CHI,OKC,113,131,final,espn
espn:401810926,2025-26,2026-03-27,2026-03-28T00:30Z,NOP,TOR,106,119,final,espn
espn:401810927,2025-26,2026-03-27,2026-03-28T01:00Z,UTA,DEN,129,135,final,espn
espn:401810928,2025-26,2026-03-27,2026-03-28T02:00Z,WAS,GSW,126,131,final,espn
espn:401810929,2025-26,2026-03-27,2026-03-28T02:00Z,DAL,POR,100,93,final,espn
espn:401810930,2025-26,2026-03-27,2026-03-28T02:30Z,BKN,LAL,99,116,final,espn
espn:401810931,2025-26,2026-03-28,2026-03-28T19:00Z,SAS,MIL,127,95,final,espn
espn:401810932,2025-26,2026-03-28,2026-03-28T22:00Z,PHI,CHA,118,114,final,espn
espn:401810933,2025-26,2026-03-28,2026-03-28T23:30Z,SAC,ATL,113,123,final,espn
espn:401810934,2025-26,2026-03-28,2026-03-29T00:00Z,CHI,MEM,124,125,final,espn
espn:401810935,2025-26,2026-03-28,2026-03-28T21:30Z,DET,MIN,109,87,final,espn
espn:401810936,2025-26,2026-03-28,2026-03-29T02:00Z,UTA,PHX,109,134,final,espn
espn:401810937,2025-26,2026-03-29,2026-03-29T19:30Z,LAC,MIL,127,113,final,espn
espn:401810938,2025-26,2026-03-29,2026-03-29T21:00Z,MIA,IND,118,135,final,espn
espn:401810939,2025-26,2026-03-29,2026-03-29T22:00Z,SAC,BKN,99,116,final,espn
espn:401810940,2025-26,2026-03-29,2026-03-29T22:00Z,BOS,CHA,114,99,final,espn
espn:401810941,2025-26,2026-03-29,2026-03-29T22:00Z,ORL,TOR,87,139,final,espn
espn:401810942,2025-26,2026-03-29,2026-03-29T22:00Z,WAS,POR,88,123,final,espn
espn:401810943,2025-26,2026-03-29,2026-03-29T23:00Z,HOU,NOP,134,102,final,espn
espn:401810944,2025-26,2026-03-29,2026-03-29T23:30Z,NYK,OKC,100,111,final,espn
espn:401810945,2025-26,2026-03-29,2026-03-30T02:00Z,GSW,DEN,93,116,final,espn
espn:401810946,2025-26,2026-03-30,2026-03-30T23:00Z,PHI,MIA,109,119,final,espn
espn:401810947,2025-26,2026-03-30,2026-03-30T23:30Z,BOS,ATL,102,112,final,espn
espn:401810948,2025-26,2026-03-30,2026-03-31T00:00Z,PHX,MEM,131,105,final,espn
espn:401810949,2025-26,2026-03-30,2026-03-31T00:00Z,CHI,SAS,114,129,final,espn
espn:401810950,2025-26,2026-03-30,2026-03-31T00:30Z,MIN,DAL,124,94,final,espn
espn:401810951,2025-26,2026-03-30,2026-03-31T01:00Z,CLE,UTA,122,113,final,espn
espn:401810952,2025-26,2026-03-30,2026-03-31T01:30Z,DET,OKC,110,114,final,espn
espn:401810953,2025-26,2026-03-30,2026-03-31T02:00Z,WAS,LAL,101,120,final,espn
espn:401810954,2025-26,2026-03-31,2026-03-31T23:00Z,PHX,ORL,111,115,final,espn
espn:401810955,2025-26,2026-03-31,2026-03-31T23:30Z,CHA,BKN,117,86,final,espn
espn:401810956,2025-26,2026-03-31,2026-04-01T00:00Z,TOR,DET,116,127,final,espn
espn:401810957,2025-26,2026-03-31,2026-04-01T00:00Z,NYK,HOU,94,111,final,espn
espn:401810958,2025-26,2026-03-31,2026-04-01T02:30Z,CLE,LAL,113,127,final,espn
espn:401810959,2025-26,2026-03-31,2026-04-01T03:00Z,POR,LAC,114,104,final,espn
espn:401858694,2025-26,2026-03-31,2026-04-01T00:00Z,DAL,MIL,99,123,final,espn
espn:401810858,2025-26,2026-04-01,2026-04-02T00:00Z,NYK,MEM,130,119,final,espn
espn:401810960,2025-26,2026-04-01,2026-04-01T23:00Z,PHI,WAS,153,131,final,espn
espn:401810961,2025-26,2026-04-01,2026-04-01T23:30Z,BOS,MIA,147,129,final,espn
espn:401810962,2025-26,2026-04-01,2026-04-01T23:00Z,ATL,ORL,130,101,final,espn
espn:401810963,2025-26,2026-04-01,2026-04-02T00:00Z,SAC,TOR,123,115,final,espn
espn:401810964,2025-26,2026-04-01,2026-04-02T00:00Z,IND,CHI,145,126,final,espn
espn:401810965,2025-26,2026-04-01,2026-04-02T00:00Z,MIL,HOU,113,119,final,espn
espn:401810967,2025-26,2026-04-01,2026-04-02T01:00Z,DEN,UTA,130,117,final,espn
espn:401810968,2025-26,2026-04-01,2026-04-02T02:00Z,SAS,GSW,127,113,final,espn
espn:401810969,2025-26,2026-04-02,2026-04-02T23:00Z,PHX,CHA,107,127,final,espn
espn:401810970,2025-26,2026-04-02,2026-04-02T23:00Z,MIN,DET,108,113,final,espn
espn:401810971,2025-26,2026-04-02,2026-04-03T01:30Z,LAL,OKC,96,139,final,espn
espn:401810972,2025-26,2026-04-02,2026-04-03T02:00Z,CLE,GSW,118,111,final,espn
espn:401810973,2025-26,2026-04-02,2026-04-03T02:00Z,NOP,POR,106,118,final,espn
espn:401810974,2025-26,2026-04-02,2026-04-03T02:30Z,SAS,LAC,118,99,final,espn
espn:401810975,2025-26,2026-04-03,2026-04-03T23:00Z,IND,CHA,108,129,final,espn
espn:401810976,2025-26,2026-04-03,2026-04-03T23:00Z,MIN,PHI,103,115,final,espn
espn:401810977,2025-26,2026-04-03,2026-04-03T23:30Z,ATL,BKN,141,107,final,espn
espn:401810978,2025-26,2026-04-03,2026-04-03T23:30Z,CHI,NYK,96,136,final,espn
espn:401810979,2025-26,2026-04-03,2026-04-04T00:00Z,UTA,HOU,106,140,final,espn
espn:401810980,2025-26,2026-04-03,2026-04-04T00:00Z,TOR,MEM,128,96,final,espn
espn:401810981,2025-26,2026-04-03,2026-04-04T00:00Z,BOS,MIL,133,101,final,espn
espn:401810982,2025-26,2026-04-03,2026-04-04T00:30Z,ORL,DAL,138,127,final,espn
espn:401810983,2025-26,2026-04-03,2026-04-04T02:00Z,NOP,SAC,113,117,final,espn
espn:401810984,2025-26,2026-04-04,2026-04-04T19:00Z,WAS,MIA,136,152,final,espn
espn:401810985,2025-26,2026-04-04,2026-04-04T19:00Z,SAS,DEN,134,136,final,espn
espn:401810986,2025-26,2026-04-04,2026-04-04T23:00Z,DET,PHI,116,93,final,espn
espn:401810987,2025-26,2026-04-05,2026-04-05T19:30Z,TOR,BOS,101,115,final,espn
espn:401810988,2025-26,2026-04-05,2026-04-05T19:30Z,WAS,BKN,115,121,final,espn
espn:401810989,2025-26,2026-04-05,2026-04-05T19:30Z,PHX,CHI,120,110,final,espn
espn:401810990,2025-26,2026-04-05,2026-04-05T19:30Z,MEM,MIL,115,131,final,espn
espn:401810991,2025-26,2026-04-05,2026-04-05T22:00Z,IND,CLE,108,117,final,espn
espn:401810992,2025-26,2026-04-05,2026-04-05T23:00Z,CHA,MIN,122,108,final,espn
espn:401810993,2025-26,2026-04-05,2026-04-05T23:00Z,ORL,NOP,112,108,final,espn
espn:401810994,2025-26,2026-04-05,2026-04-05T23:00Z,UTA,OKC,111,146,final,espn
espn:401810995,2025-26,2026-04-05,2026-04-05T23:30Z,LAL,DAL,128,134,final,espn
espn:401810996,2025-26,2026-04-05,2026-04-06T01:00Z,LAC,SAC,138,109,final,espn
espn:401810997,2025-26,2026-04-05,2026-04-06T02:00Z,HOU,GSW,117,116,final,espn
espn:401810998,2025-26,2026-04-06,2026-04-06T23:00Z,NYK,ATL,108,105,final,espn
espn:401810999,2025-26,2026-04-06,2026-04-06T23:00Z,DET,ORL,107,123,final,espn
espn:401811000,2025-26,2026-04-06,2026-04-07T00:00Z,CLE,MEM,142,126,final,espn
espn:401811001,2025-26,2026-04-06,2026-04-07T00:00Z,PHI,SAS,102,115,final,espn
espn:401811002,2025-26,2026-04-06,2026-04-07T01:00Z,POR,DEN,132,137,final,espn
espn:401811003,2025-26,2026-04-07,2026-04-07T23:00Z,CHI,WAS,129,98,final,espn
espn:401811004,2025-26,2026-04-07,2026-04-08T00:00Z,CHA,BOS,102,113,final,espn
espn:401811005,2025-26,2026-04-07,2026-04-07T23:30Z,MIL,BKN,90,96,final,espn
espn:401811006,2025-26,2026-04-07,2026-04-07T23:30Z,MIA,TOR,95,121,final,espn
espn:401811007,2025-26,2026-04-07,2026-04-07T23:00Z,MIN,IND,124,104,final,espn
espn:401811008,2025-26,2026-04-07,2026-04-08T00:00Z,UTA,NOP,137,156,final,espn
espn:401811009,2025-26,2026-04-07,2026-04-08T02:00Z,SAC,GSW,105,110,final,espn
espn:401811010,2025-26,2026-04-07,2026-04-08T02:30Z,OKC,LAL,123,87,final,espn
espn:401811011,2025-26,2026-04-07,2026-04-08T02:30Z,DAL,LAC,103,116,final,espn
espn:401811012,2025-26,2026-04-07,2026-04-08T03:00Z,HOU,PHX,119,105,final,espn
espn:401811013,2025-26,2026-04-08,2026-04-08T23:00Z,ATL,CLE,116,122,final,espn
espn:401811014,2025-26,2026-04-08,2026-04-08T23:00Z,MIN,ORL,120,132,final,espn
espn:401811015,2025-26,2026-04-08,2026-04-08T23:00Z,MIL,DET,111,137,final,espn
espn:401811016,2025-26,2026-04-08,2026-04-09T01:30Z,POR,SAS,101,112,final,espn
espn:401811017,2025-26,2026-04-08,2026-04-09T01:00Z,MEM,DEN,119,136,final,espn
espn:401811018,2025-26,2026-04-08,2026-04-09T02:00Z,OKC,LAC,128,110,final,espn
espn:401811019,2025-26,2026-04-08,2026-04-09T02:00Z,DAL,PHX,107,112,final,espn
espn:401811020,2025-26,2026-04-09,2026-04-09T23:00Z,MIA,TOR,114,128,final,espn
espn:401811021,2025-26,2026-04-09,2026-04-09T23:00Z,CHI,WAS,119,108,final,espn
espn:401811022,2025-26,2026-04-09,2026-04-09T23:30Z,IND,BKN,123,94,final,espn
espn:401811023,2025-26,2026-04-09,2026-04-09T23:30Z,BOS,NYK,106,112,final,espn
espn:401811024,2025-26,2026-04-09,2026-04-10T00:00Z,PHI,HOU,102,113,final,espn
espn:401811025,2025-26,2026-04-09,2026-04-10T02:00Z,LAL,GSW,119,103,final,espn
espn:401811026,2025-26,2026-04-10,2026-04-10T23:00Z,DET,CHA,118,100,final,espn
espn:401811027,2025-26,2026-04-10,2026-04-10T23:00Z,MIA,WAS,140,117,final,espn
espn:401811028,2025-26,2026-04-10,2026-04-10T23:00Z,CLE,ATL,102,124,final,espn
espn:401811029,2025-26,2026-04-10,2026-04-10T23:30Z,NOP,BOS,118,144,final,espn
espn:401811030,2025-26,2026-04-10,2026-04-10T23:30Z,PHI,IND,105,94,final,espn
espn:401811031,2025-26,2026-04-10,2026-04-10T23:30Z,TOR,NYK,95,112,final,espn
espn:401811032,2025-26,2026-04-10,2026-04-11T00:00Z,ORL,CHI,127,103,final,espn
espn:401811033,2025-26,2026-04-10,2026-04-11T01:30Z,MIN,HOU,136,132,final,espn
espn:401811034,2025-26,2026-04-10,2026-04-11T00:00Z,BKN,MIL,108,125,final,espn
espn:401811035,2025-26,2026-04-10,2026-04-11T00:00Z,DAL,SAS,120,139,final,espn
espn:401811036,2025-26,2026-04-10,2026-04-11T01:30Z,MEM,UTA,101,147,final,espn
espn:401811037,2025-26,2026-04-10,2026-04-11T01:00Z,OKC,DEN,107,127,final,espn
espn:401811038,2025-26,2026-04-10,2026-04-11T02:00Z,LAC,POR,97,116,final,espn
espn:401811039,2025-26,2026-04-10,2026-04-11T02:00Z,GSW,SAC,118,124,final,espn
espn:401811040,2025-26,2026-04-10,2026-04-11T02:30Z,PHX,LAL,73,101,final,espn
espn:401811041,2025-26,2026-04-12,2026-04-12T22:00Z,ORL,BOS,108,113,final,espn
espn:401811042,2025-26,2026-04-12,2026-04-12T22:00Z,WAS,CLE,117,130,final,espn
espn:401811043,2025-26,2026-04-12,2026-04-12T22:00Z,DET,IND,133,121,final,espn
espn:401811044,2025-26,2026-04-12,2026-04-12T22:00Z,ATL,MIA,117,143,final,espn
espn:401811045,2025-26,2026-04-12,2026-04-12T22:00Z,CHA,NYK,110,96,final,espn
espn:401811046,2025-26,2026-04-12,2026-04-12T22:00Z,MIL,PHI,106,126,final,espn
espn:401811047,2025-26,2026-04-12,2026-04-12T22:00Z,BKN,TOR,101,136,final,espn
espn:401811048,2025-26,2026-04-12,2026-04-13T00:30Z,CHI,DAL,128,149,final,espn
espn:401811049,2025-26,2026-04-12,2026-04-13T00:30Z,MEM,HOU,101,132,final,espn
espn:401811050,2025-26,2026-04-12,2026-04-13T00:30Z,NOP,MIN,126,132,final,espn
espn:401811051,2025-26,2026-04-12,2026-04-13T00:30Z,PHX,OKC,135,103,final,espn
espn:401811052,2025-26,2026-04-12,2026-04-13T00:30Z,DEN,SAS,128,118,final,espn
espn:401811053,2025-26,2026-04-12,2026-04-13T00:30Z,UTA,LAL,107,131,final,espn
espn:401811054,2025-26,2026-04-12,2026-04-13T00:30Z,GSW,LAC,110,115,final,espn
espn:401811055,2025-26,2026-04-12,2026-04-13T00:30Z,SAC,POR,110,122,final,espn
espn:401866754,2025-26,2026-04-14,2026-04-15T02:00Z,POR,PHX,114,110,final,espn
espn:401866755,2025-26,2026-04-14,2026-04-14T23:30Z,MIA,CHA,126,127,final,espn
espn:401866756,2025-26,2026-04-15,2026-04-16T02:00Z,GSW,LAC,126,121,final,espn
espn:401866757,2025-26,2026-04-15,2026-04-15T23:30Z,ORL,PHI,97,109,final,espn
espn:401866758,2025-26,2026-04-17,2026-04-17T23:30Z,CHA,ORL,90,121,final,espn
espn:401866759,2025-26,2026-04-17,2026-04-18T02:00Z,GSW,PHX,96,111,final,espn
espn:401869187,2025-26,2026-04-18,2026-04-18T17:00Z,TOR,CLE,113,126,final,espn
espn:401869188,2025-26,2026-04-18,2026-04-18T19:30Z,MIN,DEN,105,116,final,espn
espn:401869189,2025-26,2026-04-18,2026-04-18T22:00Z,ATL,NYK,102,113,final,espn
espn:401869190,2025-26,2026-04-18,2026-04-19T00:30Z,HOU,LAL,98,107,final,espn
espn:401869191,2025-26,2026-04-19,2026-04-19T17:00Z,PHI,BOS,91,123,final,espn
espn:401869192,2025-26,2026-04-19,2026-04-19T19:30Z,PHX,OKC,84,119,final,espn
espn:401869193,2025-26,2026-04-19,2026-04-19T22:30Z,ORL,DET,112,101,final,espn
espn:401869194,2025-26,2026-04-19,2026-04-20T01:00Z,POR,SAS,98,111,final,espn
espn:401869369,2025-26,2026-04-20,2026-04-20T23:00Z,TOR,CLE,105,115,final,espn
espn:401869387,2025-26,2026-04-20,2026-04-21T00:00Z,ATL,NYK,107,106,final,espn
espn:401869395,2025-26,2026-04-20,2026-04-21T02:30Z,MIN,DEN,119,114,final,espn
espn:401869378,2025-26,2026-04-21,2026-04-22T00:00Z,POR,SAS,106,103,final,espn
espn:401869396,2025-26,2026-04-21,2026-04-21T23:00Z,PHI,BOS,111,97,final,espn
espn:401869397,2025-26,2026-04-21,2026-04-22T02:30Z,HOU,LAL,94,101,final,espn
espn:401869368,2025-26,2026-04-22,2026-04-23T01:30Z,PHX,OKC,107,120,final,espn
espn:401869411,2025-26,2026-04-22,2026-04-22T23:00Z,ORL,DET,83,98,final,espn
espn:401869375,2025-26,2026-04-23,2026-04-24T00:00Z,CLE,TOR,104,126,final,espn
espn:401869389,2025-26,2026-04-23,2026-04-23T23:00Z,NYK,ATL,108,109,final,espn
espn:401869398,2025-26,2026-04-23,2026-04-24T01:30Z,DEN,MIN,96,113,final,espn
espn:401869382,2025-26,2026-04-24,2026-04-25T02:30Z,SAS,POR,120,108,final,espn
espn:401869400,2025-26,2026-04-24,2026-04-25T00:00Z,LAL,HOU,112,108,final,espn
espn:401869404,2025-26,2026-04-24,2026-04-24T23:00Z,BOS,PHI,108,100,final,espn
espn:401869370,2025-26,2026-04-25,2026-04-25T19:30Z,OKC,PHX,121,109,final,espn
espn:401869391,2025-26,2026-04-25,2026-04-25T22:00Z,NYK,ATL,114,98,final,espn
espn:401869399,2025-26,2026-04-25,2026-04-26T00:30Z,DEN,MIN,96,112,final,espn
espn:401869414,2025-26,2026-04-25,2026-04-25T17:00Z,DET,ORL,105,113,final,espn
espn:401869377,2025-26,2026-04-26,2026-04-26T17:00Z,CLE,TOR,89,93,final,espn
espn:401869385,2025-26,2026-04-26,2026-04-26T19:30Z,SAS,POR,114,93,final,espn
espn:401869405,2025-26,2026-04-26,2026-04-27T01:30Z,LAL,HOU,96,115,final,espn
espn:401869406,2025-26,2026-04-26,2026-04-26T23:00Z,BOS,PHI,128,96,final,espn
espn:401869373,2025-26,2026-04-27,2026-04-28T01:30Z,OKC,PHX,131,122,final,espn
espn:401869401,2025-26,2026-04-27,2026-04-28T02:30Z,MIN,DEN,113,125,final,espn
espn:401869415,2025-26,2026-04-27,2026-04-28T00:00Z,DET,ORL,88,94,final,espn
espn:401869386,2025-26,2026-04-28,2026-04-29T01:30Z,POR,SAS,95,114,final,espn
espn:401869392,2025-26,2026-04-28,2026-04-29T00:00Z,ATL,NYK,97,126,final,espn
espn:401869408,2025-26,2026-04-28,2026-04-28T23:00Z,PHI,BOS,113,97,final,espn
espn:401869380,2025-26,2026-04-29,2026-04-29T23:30Z,TOR,CLE,120,125,final,espn
espn:401869407,2025-26,2026-04-29,2026-04-30T02:00Z,HOU,LAL,99,93,final,espn
espn:401869416,2025-26,2026-04-29,2026-04-29T23:00Z,ORL,DET,109,116,final,espn
espn:401869393,2025-26,2026-04-30,2026-04-30T23:00Z,NYK,ATL,140,89,final,espn
espn:401869402,2025-26,2026-04-30,2026-05-01T01:30Z,DEN,MIN,98,110,final,espn
espn:401869410,2025-26,2026-04-30,2026-05-01T00:00Z,BOS,PHI,93,106,final,espn
espn:401869381,2025-26,2026-05-01,2026-05-01T23:30Z,CLE,TOR,110,112,final,espn
espn:401869409,2025-26,2026-05-01,2026-05-02T01:30Z,LAL,HOU,98,78,final,espn
espn:401869417,2025-26,2026-05-01,2026-05-01T23:00Z,DET,ORL,93,79,final,espn
espn:401869412,2025-26,2026-05-02,2026-05-02T23:30Z,PHI,BOS,109,100,final,espn
espn:401869384,2025-26,2026-05-03,2026-05-03T23:30Z,TOR,CLE,102,114,final,espn
espn:401869418,2025-26,2026-05-03,2026-05-03T19:30Z,ORL,DET,94,116,final,espn
espn:401871152,2025-26,2026-05-04,2026-05-05T01:30Z,MIN,SAS,104,102,final,espn
espn:401871159,2025-26,2026-05-04,2026-05-05T00:00Z,PHI,NYK,98,137,final,espn
espn:401871326,2025-26,2026-05-05,2026-05-06T00:30Z,LAL,OKC,90,108,final,espn
espn:401871333,2025-26,2026-05-05,2026-05-05T23:00Z,CLE,DET,101,111,final,espn
espn:401871153,2025-26,2026-05-06,2026-05-07T01:30Z,MIN,SAS,95,133,final,espn
espn:401871160,2025-26,2026-05-06,2026-05-06T23:00Z,PHI,NYK,102,108,final,espn
espn:401871327,2025-26,2026-05-07,2026-05-08T01:30Z,LAL,OKC,107,125,final,espn
espn:401871334,2025-26,2026-05-07,2026-05-07T23:00Z,CLE,DET,97,107,final,espn
espn:401871154,2025-26,2026-05-08,2026-05-09T01:30Z,SAS,MIN,115,108,final,espn
espn:401871161,2025-26,2026-05-08,2026-05-08T23:00Z,NYK,PHI,108,94,final,espn
espn:401871328,2025-26,2026-05-09,2026-05-10T00:30Z,OKC,LAL,131,108,final,espn
espn:401871335,2025-26,2026-05-09,2026-05-09T19:00Z,DET,CLE,109,116,final,espn
espn:401871155,2025-26,2026-05-10,2026-05-10T23:30Z,SAS,MIN,109,114,final,espn
espn:401871162,2025-26,2026-05-10,2026-05-10T19:30Z,NYK,PHI,144,114,final,espn
espn:401871329,2025-26,2026-05-11,2026-05-12T02:30Z,OKC,LAL,115,110,final,espn
espn:401871336,2025-26,2026-05-11,2026-05-12T00:00Z,DET,CLE,103,112,final,espn
espn:401871156,2025-26,2026-05-12,2026-05-13T00:00Z,MIN,SAS,97,126,final,espn
espn:401871337,2025-26,2026-05-13,2026-05-14T00:00Z,CLE,DET,117,113,final,espn
espn:401871157,2025-26,2026-05-15,2026-05-16T01:30Z,SAS,MIN,139,109,final,espn
espn:401871338,2025-26,2026-05-15,2026-05-15T23:00Z,DET,CLE,115,94,final,espn
espn:401871339,2025-26,2026-05-17,2026-05-18T00:00Z,CLE,DET,125,94,final,espn
espn:401873197,2025-26,2026-05-18,2026-05-19T00:30Z,SAS,OKC,122,115,final,espn
espn:401873341,2025-26,2026-05-19,2026-05-20T00:00Z,CLE,NYK,104,115,final,espn
espn:401873198,2025-26,2026-05-20,2026-05-21T00:30Z,SAS,OKC,113,122,final,espn
espn:401873342,2025-26,2026-05-21,2026-05-22T00:00Z,CLE,NYK,93,109,final,espn
espn:401873199,2025-26,2026-05-22,2026-05-23T00:30Z,OKC,SAS,123,108,final,espn
espn:401873343,2025-26,2026-05-23,2026-05-24T00:00Z,NYK,CLE,121,108,final,espn
espn:401873200,2025-26,2026-05-24,2026-05-25T00:00Z,OKC,SAS,82,103,final,espn
espn:401873344,2025-26,2026-05-25,2026-05-26T00:00Z,NYK,CLE,130,93,final,espn
espn:401873201,2025-26,2026-05-26,2026-05-27T00:30Z,SAS,OKC,114,127,final,espn
espn:401873202,2025-26,2026-05-28,2026-05-29T00:30Z,OKC,SAS,91,118,final,espn
espn:401873203,2025-26,2026-05-30,2026-05-31T00:00Z,SAS,OKC,111,103,final,espn
espn:401859963,2025-26,2026-06-03,2026-06-04T00:30Z,NYK,SAS,105,95,final,espn
espn:401859964,2025-26,2026-06-05,2026-06-06T00:30Z,NYK,SAS,105,104,final,espn
espn:401859965,2025-26,2026-06-08,2026-06-09T00:30Z,SAS,NYK,115,111,final,espn
espn:401859966,2025-26,2026-06-10,2026-06-11T00:30Z,SAS,NYK,106,107,final,espn
espn:401859967,2025-26,2026-06-13,2026-06-14T00:30Z,NYK,SAS,94,90,final,espn
espn:401902644,2026-27,2026-10-03,2026-10-03T23:00Z,MIA,TOR,,,scheduled,espn
espn:401914127,2026-27,2026-10-04,2026-10-04T23:00Z,UTA,DEN,,,scheduled,espn
espn:401918010,2026-27,2026-10-04,2026-10-04T23:00Z,GSW,LAC,,,scheduled,espn
espn:401898388,2026-27,2026-10-05,2026-10-05T23:00Z,MEM,ATL,,,scheduled,espn
espn:401898716,2026-27,2026-10-05,2026-10-06T02:00Z,LAL,SAC,,,scheduled,espn
espn:401908947,2026-27,2026-10-05,2026-10-05T23:00Z,PHX,DET,,,scheduled,espn
espn:401914101,2026-27,2026-10-05,2026-10-05T23:00Z,NYK,PHI,,,scheduled,espn
espn:401914102,2026-27,2026-10-05,2026-10-06T00:00Z,MIN,MIL,,,scheduled,espn
espn:401898389,2026-27,2026-10-06,2026-10-07T00:00Z,NOP,OKC,,,scheduled,espn
espn:401898390,2026-27,2026-10-06,2026-10-07T02:00Z,LAL,GSW,,,scheduled,espn
espn:401901820,2026-27,2026-10-06,2026-10-06T23:00Z,BKN,CHA,,,scheduled,espn
espn:401914128,2026-27,2026-10-06,2026-10-07T01:00Z,DEN,UTA,,,scheduled,espn
espn:401898391,2026-27,2026-10-07,2026-10-08T00:00Z,ORL,MEM,,,scheduled,espn
espn:401908620,2026-27,2026-10-07,2026-10-08T00:00Z,MIL,OKC,,,scheduled,espn
espn:401908939,2026-27,2026-10-07,2026-10-08T00:00Z,PHX,CHI,,,scheduled,espn
espn:401914123,2026-27,2026-10-07,2026-10-07T23:00Z,MIN,IND,,,scheduled,espn
espn:401914129,2026-27,2026-10-07,2026-10-08T02:00Z,GSW,POR,,,scheduled,espn
espn:401898392,2026-27,2026-10-08,2026-10-08T23:00Z,BOS,CLE,,,scheduled,espn
espn:401898393,2026-27,2026-10-08,2026-10-08T23:30Z,NOP,MIA,,,scheduled,espn
espn:401898394,2026-27,2026-10-08,2026-10-09T00:00Z,ATL,SAS,,,scheduled,espn
espn:401898717,2026-27,2026-10-08,2026-10-09T02:30Z,SAC,LAL,,,scheduled,espn
espn:401901823,2026-27,2026-10-08,2026-10-08T23:30Z,PHI,BKN,,,scheduled,espn
espn:401906508,2026-27,2026-10-08,2026-10-08T23:30Z,WAS,NYK,,,scheduled,espn
espn:401898395,2026-27,2026-10-09,2026-10-09T12:00Z,HOU,DAL,,,scheduled,espn
espn:401908940,2026-27,2026-10-09,2026-10-10T00:00Z,MEM,CHI,,,scheduled,espn
espn:401898396,2026-27,2026-10-10,2026-10-10T23:00Z,ATL,IND,,,scheduled,espn
espn:401898397,2026-27,2026-10-10,2026-10-11T00:00Z,MIN,MIA,,,scheduled,espn
espn:401898398,2026-27,2026-10-10,2026-10-11T00:00Z,PHI,BOS,,,scheduled,espn
espn:401898399,2026-27,2026-10-10,2026-10-11T00:30Z,SAC,GSW,,,scheduled,espn
espn:401898720,2026-27,2026-10-10,2026-10-11T02:30Z,SAS,PHX,,,scheduled,espn
espn:401902645,2026-27,2026-10-10,2026-10-10T22:30Z,LAC,TOR,,,scheduled,espn
espn:401906510,2026-27,2026-10-10,2026-10-10T23:00Z,DET,WAS,,,scheduled,espn
espn:401898400,2026-27,2026-10-11,2026-10-11T10:00Z,DAL,HOU,,,scheduled,espn
espn:401898401,2026-27,2026-10-11,2026-10-11T22:30Z,ORL,CLE,,,scheduled,espn
espn:401901821,2026-27,2026-10-11,2026-10-11T23:00Z,MIL,CHA,,,scheduled,espn
espn:401908941,2026-27,2026-10-11,2026-10-12T01:00Z,CHI,DEN,,,scheduled,espn
espn:401898402,2026-27,2026-10-12,2026-10-12T23:00Z,OKC,ATL,,,scheduled,espn
espn:401898721,2026-27,2026-10-12,2026-10-13T01:00Z,SAS,UTA,,,scheduled,espn
espn:401901824,2026-27,2026-10-12,2026-10-12T23:00Z,BKN,WAS,,,scheduled,espn
espn:401914124,2026-27,2026-10-12,2026-10-12T23:30Z,MIN,NYK,,,scheduled,espn
espn:401898403,2026-27,2026-10-13,2026-10-13T23:00Z,CLE,ORL,,,scheduled,espn
espn:401898718,2026-27,2026-10-13,2026-10-14T02:00Z,GSW,LAL,,,scheduled,espn
espn:401901826,2026-27,2026-10-13,2026-10-14T02:00Z,POR,SAC,,,scheduled,espn
espn:401908621,2026-27,2026-10-13,2026-10-14T00:00Z,IND,OKC,,,scheduled,espn
espn:401908944,2026-27,2026-10-13,2026-10-13T23:00Z,NYK,TOR,,,scheduled,espn
espn:401898404,2026-27,2026-10-14,2026-10-14T23:30Z,BKN,MIA,,,scheduled,espn
espn:401898405,2026-27,2026-10-14,2026-10-14T23:30Z,CHA,BOS,,,scheduled,espn
espn:401898722,2026-27,2026-10-14,2026-10-15T00:00Z,PHX,SAS,,,scheduled,espn
espn:401901825,2026-27,2026-10-14,2026-10-15T00:00Z,NOP,DAL,,,scheduled,espn
espn:401908942,2026-27,2026-10-14,2026-10-15T00:00Z,CHI,MIL,,,scheduled,espn
espn:401914125,2026-27,2026-10-14,2026-10-15T00:00Z,DET,MIN,,,scheduled,espn
espn:401918011,2026-27,2026-10-14,2026-10-15T02:30Z,DEN,LAC,,,scheduled,espn
espn:401908622,2026-27,2026-10-15,2026-10-16T00:30Z,OKC,HOU,,,scheduled,espn
espn:401908945,2026-27,2026-10-15,2026-10-15T23:30Z,TOR,NYK,,,scheduled,espn
espn:401898406,2026-27,2026-10-16,2026-10-16T23:00Z,MIA,ORL,,,scheduled,espn
espn:401898407,2026-27,2026-10-16,2026-10-16T23:00Z,BOS,PHI,,,scheduled,espn
espn:401898408,2026-27,2026-10-16,2026-10-17T00:00Z,ATL,DAL,,,scheduled,espn
espn:401898409,2026-27,2026-10-16,2026-10-17T02:00Z,POR,GSW,,,scheduled,espn
espn:401898719,2026-27,2026-10-16,2026-10-17T02:30Z,DEN,LAL,,,scheduled,espn
espn:401898843,2026-27,2026-10-16,2026-10-17T00:00Z,SAC,SAS,,,scheduled,espn
espn:401901822,2026-27,2026-10-16,2026-10-17T00:00Z,CHA,MEM,,,scheduled,espn
espn:401906509,2026-27,2026-10-16,2026-10-17T00:00Z,WAS,NOP,,,scheduled,espn
espn:401908943,2026-27,2026-10-16,2026-10-17T00:00Z,MIN,CHI,,,scheduled,espn
espn:401908946,2026-27,2026-10-16,2026-10-16T23:00Z,TOR,DET,,,scheduled,espn
espn:401908948,2026-27,2026-10-16,2026-10-17T02:00Z,UTA,PHX,,,scheduled,espn
espn:401914126,2026-27,2026-10-16,2026-10-16T23:00Z,MIL,IND,,,scheduled,espn
espn:401909088,2026-27,2026-10-20,2026-10-20T19:00Z,BOS,DET,,,scheduled,espn
espn:401909089,2026-27,2026-10-20,2026-10-20T23:00Z,PHI,NYK,,,scheduled,espn
espn:401909090,2026-27,2026-10-20,2026-10-21T01:30Z,OKC,SAS,,,scheduled,espn
espn:401909091,2026-27,2026-10-21,2026-10-21T23:30Z,MIN,MIA,,,scheduled,espn
espn:401909092,2026-27,2026-10-21,2026-10-22T02:00Z,GSW,LAL,,,scheduled,espn
espn:401909834,2026-27,2026-10-21,2026-10-21T23:00Z,ATL,ORL,,,scheduled,espn
espn:401909835,2026-27,2026-10-21,2026-10-21T23:00Z,MIL,WAS,,,scheduled,espn
espn:401909836,2026-27,2026-10-21,2026-10-21T23:30Z,CHA,BKN,,,scheduled,espn
espn:401909837,2026-27,2026-10-21,2026-10-21T23:30Z,CHI,TOR,,,scheduled,espn
espn:401909838,2026-27,2026-10-21,2026-10-22T00:00Z,UTA,MEM,,,scheduled,espn
espn:401909839,2026-27,2026-10-21,2026-10-22T00:00Z,IND,NOP,,,scheduled,espn
espn:401909840,2026-27,2026-10-21,2026-10-22T00:30Z,DAL,HOU,,,scheduled,espn
espn:401909841,2026-27,2026-10-21,2026-10-22T02:00Z,PHX,POR,,,scheduled,espn
espn:401909842,2026-27,2026-10-21,2026-10-22T02:30Z,SAC,LAC,,,scheduled,espn
espn:401909093,2026-27,2026-10-22,2026-10-22T23:00Z,CLE,PHI,,,scheduled,espn
espn:401909094,2026-27,2026-10-22,2026-10-23T01:30Z,DEN,OKC,,,scheduled,espn
espn:401909095,2026-27,2026-10-23,2026-10-23T23:00Z,NYK,BOS,,,scheduled,espn
espn:401909096,2026-27,2026-10-23,2026-10-24T01:30Z,HOU,SAS,,,scheduled,espn
espn:401909843,2026-27,2026-10-23,2026-10-23T23:00Z,ATL,CHA,,,scheduled,espn
espn:401909844,2026-27,2026-10-23,2026-10-23T23:00Z,DAL,IND,,,scheduled,espn
espn:401909845,2026-27,2026-10-23,2026-10-23T23:00Z,MIN,ORL,,,scheduled,espn
espn:401909846,2026-27,2026-10-23,2026-10-23T23:00Z,TOR,WAS,,,scheduled,espn
espn:401909847,2026-27,2026-10-23,2026-10-24T00:00Z,DET,MIA,,,scheduled,espn
espn:401909848,2026-27,2026-10-23,2026-10-24T00:00Z,CHI,MIL,,,scheduled,espn
espn:401909849,2026-27,2026-10-23,2026-10-24T01:30Z,NOP,UTA,,,scheduled,espn
espn:401909850,2026-27,2026-10-23,2026-10-24T02:00Z,MEM,GSW,,,scheduled,espn
espn:401909851,2026-27,2026-10-23,2026-10-24T02:00Z,LAC,LAL,,,scheduled,espn
espn:401909852,2026-27,2026-10-23,2026-10-24T02:00Z,POR,SAC,,,scheduled,espn
espn:401909853,2026-27,2026-10-24,2026-10-24T22:00Z,MIA,CHA,,,scheduled,espn
espn:401909854,2026-27,2026-10-24,2026-10-24T23:30Z,BKN,CLE,,,scheduled,espn
espn:401909855,2026-27,2026-10-24,2026-10-24T23:30Z,MIL,PHI,,,scheduled,espn
espn:401909856,2026-27,2026-10-24,2026-10-25T00:00Z,HOU,ATL,,,scheduled,espn
espn:401909857,2026-27,2026-10-24,2026-10-25T00:00Z,WAS,CHI,,,scheduled,espn
espn:401909858,2026-27,2026-10-24,2026-10-25T00:00Z,SAS,DAL,,,scheduled,espn
espn:401909859,2026-27,2026-10-24,2026-10-25T01:00Z,NOP,DEN,,,scheduled,espn
espn:401909860,2026-27,2026-10-24,2026-10-25T02:00Z,GSW,PHX,,,scheduled,espn
espn:401909861,2026-27,2026-10-25,2026-10-25T21:00Z,LAL,UTA,,,scheduled,espn
espn:401909862,2026-27,2026-10-25,2026-10-25T22:00Z,IND,BKN,,,scheduled,espn
espn:401909863,2026-27,2026-10-25,2026-10-25T23:00Z,ORL,NYK,,,scheduled,espn
espn:401909864,2026-27,2026-10-25,2026-10-25T23:00Z,TOR,MIN,,,scheduled,espn
espn:401909865,2026-27,2026-10-25,2026-10-25T23:00Z,LAC,OKC,,,scheduled,espn
espn:401909866,2026-27,2026-10-25,2026-10-25T23:30Z,DET,PHI,,,scheduled,espn
espn:401909867,2026-27,2026-10-25,2026-10-26T01:00Z,MEM,SAC,,,scheduled,espn
espn:401909868,2026-27,2026-10-26,2026-10-26T23:00Z,WAS,CHA,,,scheduled,espn
espn:401909869,2026-27,2026-10-26,2026-10-26T23:00Z,MIN,CLE,,,scheduled,espn
espn:401909870,2026-27,2026-10-26,2026-10-26T23:30Z,CHI,BOS,,,scheduled,espn
espn:401909871,2026-27,2026-10-26,2026-10-26T23:30Z,DAL,MIA,,,scheduled,espn
espn:401909872,2026-27,2026-10-26,2026-10-27T00:00Z,IND,MIL,,,scheduled,espn
espn:401909873,2026-27,2026-10-26,2026-10-27T00:00Z,PHX,OKC,,,scheduled,espn
espn:401909874,2026-27,2026-10-26,2026-10-27T00:30Z,ATL,HOU,,,scheduled,espn
espn:401909875,2026-27,2026-10-26,2026-10-27T01:00Z,MEM,UTA,,,scheduled,espn
espn:401909876,2026-27,2026-10-26,2026-10-27T02:00Z,GSW,DEN,,,scheduled,espn
espn:401909877,2026-27,2026-10-27,2026-10-27T23:30Z,BKN,BOS,,,scheduled,espn
espn:401909878,2026-27,2026-10-27,2026-10-28T00:00Z,DET,NYK,,,scheduled,espn
espn:401909879,2026-27,2026-10-27,2026-10-28T00:00Z,SAC,SAS,,,scheduled,espn
espn:401909880,2026-27,2026-10-27,2026-10-28T03:00Z,POR,LAL,,,scheduled,espn
espn:401909881,2026-27,2026-10-28,2026-10-28T23:00Z,MIA,ATL,,,scheduled,espn
espn:401909882,2026-27,2026-10-28,2026-10-28T23:00Z,WAS,CLE,,,scheduled,espn
espn:401909883,2026-27,2026-10-28,2026-10-28T23:00Z,CHA,DET,,,scheduled,espn
espn:401909884,2026-27,2026-10-28,2026-10-28T23:00Z,PHI,IND,,,scheduled,espn
espn:401909885,2026-27,2026-10-28,2026-10-28T23:30Z,ORL,TOR,,,scheduled,espn
espn:401909886,2026-27,2026-10-28,2026-10-29T00:00Z,NYK,CHI,,,scheduled,espn
espn:401909887,2026-27,2026-10-28,2026-10-29T00:00Z,HOU,MIL,,,scheduled,espn
espn:401909888,2026-27,2026-10-28,2026-10-29T00:00Z,GSW,MIN,,,scheduled,espn
espn:401909889,2026-27,2026-10-28,2026-10-29T00:00Z,DEN,NOP,,,scheduled,espn
espn:401909890,2026-27,2026-10-28,2026-10-29T01:00Z,SAS,UTA,,,scheduled,espn
espn:401909891,2026-27,2026-10-28,2026-10-29T01:30Z,OKC,DAL,,,scheduled,espn
espn:401909892,2026-27,2026-10-28,2026-10-29T02:30Z,LAL,LAC,,,scheduled,espn
espn:401909893,2026-27,2026-10-29,2026-10-29T23:00Z,CLE,ATL,,,scheduled,espn
espn:401909894,2026-27,2026-10-29,2026-10-30T00:00Z,SAC,NOP,,,scheduled,espn
espn:401909895,2026-27,2026-10-29,2026-10-30T02:00Z,MEM,POR,,,scheduled,espn
espn:401909277,2026-27,2026-10-30,2026-10-30T23:00Z,CHA,WAS,,,scheduled,espn
espn:401909278,2026-27,2026-10-30,2026-10-30T23:30Z,CHI,BOS,,,scheduled,espn
espn:401909279,2026-27,2026-10-30,2026-10-30T23:30Z,DET,BKN,,,scheduled,espn
espn:401909280,2026-27,2026-10-30,2026-10-30T23:30Z,NYK,PHI,,,scheduled,espn
espn:401909281,2026-27,2026-10-30,2026-10-30T23:30Z,ORL,TOR,,,scheduled,espn
espn:401909282,2026-27,2026-10-30,2026-10-31T00:00Z,IND,MIA,,,scheduled,espn
espn:401909283,2026-27,2026-10-30,2026-10-31T00:00Z,HOU,DAL,,,scheduled,espn
espn:401909284,2026-27,2026-10-30,2026-10-31T00:00Z,LAC,MIN,,,scheduled,espn
espn:401909285,2026-27,2026-10-30,2026-10-31T02:00Z,LAL,GSW,,,scheduled,espn
espn:401909286,2026-27,2026-10-30,2026-10-31T02:00Z,DEN,PHX,,,scheduled,espn
espn:401909896,2026-27,2026-10-31,2026-10-31T19:00Z,POR,UTA,,,scheduled,espn
espn:401909897,2026-27,2026-10-31,2026-10-31T22:00Z,PHI,CHA,,,scheduled,espn
espn:401909898,2026-27,2026-10-31,2026-10-31T23:00Z,ATL,NOP,,,scheduled,espn
espn:401909899,2026-27,2026-10-31,2026-11-01T00:00Z,SAC,MEM,,,scheduled,espn
espn:401909900,2026-27,2026-10-31,2026-11-01T00:00Z,CLE,MIL,,,scheduled,espn
espn:401909901,2026-27,2026-10-31,2026-11-01T00:00Z,MIN,SAS,,,scheduled,espn
espn:401909902,2026-27,2026-10-31,2026-11-01T00:30Z,OKC,HOU,,,scheduled,espn
espn:401909903,2026-27,2026-11-01,2026-11-01T20:30Z,BOS,ORL,,,scheduled,espn
espn:401909904,2026-27,2026-11-01,2026-11-01T22:00Z,BKN,IND,,,scheduled,espn
espn:401909905,2026-27,2026-11-01,2026-11-02T01:30Z,LAC,GSW,,,scheduled,espn
espn:401909906,2026-27,2026-11-01,2026-11-02T02:00Z,TOR,LAL,,,scheduled,espn
espn:401909907,2026-27,2026-11-02,2026-11-03T00:00Z,OKC,CLE,,,scheduled,espn
espn:401909908,2026-27,2026-11-02,2026-11-03T00:30Z,DET,CHA,,,scheduled,espn
espn:401909909,2026-27,2026-11-02,2026-11-03T00:30Z,ATL,IND,,,scheduled,espn
espn:401909910,2026-27,2026-11-02,2026-11-03T00:30Z,BKN,NYK,,,scheduled,espn
espn:401909911,2026-27,2026-11-02,2026-11-03T00:30Z,WAS,ORL,,,scheduled,espn
espn:401909912,2026-27,2026-11-02,2026-11-03T00:30Z,CHI,PHI,,,scheduled,espn
espn:401909913,2026-27,2026-11-02,2026-11-03T01:00Z,SAC,DAL,,,scheduled,espn
espn:401909914,2026-27,2026-11-02,2026-11-03T01:00Z,NOP,MEM,,,scheduled,espn
espn:401909915,2026-27,2026-11-02,2026-11-03T01:00Z,MIL,MIN,,,scheduled,espn
espn:401909916,2026-27,2026-11-02,2026-11-03T01:30Z,BOS,HOU,,,scheduled,espn
espn:401909917,2026-27,2026-11-02,2026-11-03T01:30Z,UTA,SAS,,,scheduled,espn
espn:401909918,2026-27,2026-11-02,2026-11-03T02:00Z,POR,DEN,,,scheduled,espn
espn:401909919,2026-27,2026-11-02,2026-11-03T03:00Z,PHX,GSW,,,scheduled,espn
espn:401909920,2026-27,2026-11-02,2026-11-03T03:00Z,TOR,LAC,,,scheduled,espn
espn:401909921,2026-27,2026-11-02,2026-11-03T03:00Z,MIA,LAL,,,scheduled,espn
