game_key_suffix,season,game_date_et,away,home,away_final,home_final,close_total,close_home_spread,ml_away,ml_home,source_url
sbr:2013-14:2013-10-29:CHI:MIA,2013-14,2013-10-29,CHI,MIA,95,107,188.5,-5.0,180,-220,https://www.sportsbookreviewsonline.com/scoresoddsarchives/nba-odds-2013-14
sbr:2013-14:2013-10-29:LAC:LAL,2013-14,2013-10-29,LAC,LAL,103,116,202.5,9.5,-575,435,https://www.sportsbookreviewsonline.com/scoresoddsarchives/nba-odds-2013-14
sbr:2013-14:2013-10-29:ORL:IND,2013-14,2013-10-29,ORL,IND,87,97,188.5,-12.0,675,-1025,https://www.sportsbookreviewsonline.com/scoresoddsarchives/nba-odds-2013-14
sbr:2013-14:2013-10-30:ATL:DAL,2013-14,2013-10-30,ATL,DAL,109,118,196.0,-6.0,205,-245,https://www.sportsbookreviewsonline.com/scoresoddsarchives/nba-odds-2013-14
sbr:2013-14:2013-10-30:BKN:CLE,2013-14,2013-10-30,BKN,CLE,94,98,194.0,3.0,-155,135,https://www.sportsbookreviewsonline.com/scoresoddsarchives/nba-odds-2013-14
sbr:2013-14:2013-10-30:BOS:TOR,2013-14,2013-10-30,BOS,TOR,87,93,189.5,-8.0,305,-385,https://www.sportsbookreviewsonline.com/scoresoddsarchives/nba-odds-2013-14
sbr:2013-14:2013-10-30:CHA:HOU,2013-14,2013-10-30,CHA,HOU,83,96,200.0,-13.0,1030,-1630,https://www.sportsbookreviewsonline.com/scoresoddsarchives/nba-odds-2013-14
sbr:2013-14:2013-10-30:LAL:GSW,2013-14,2013-10-30,LAL,GSW,94,125,206.0,-12.5,690,-1090,https://www.sportsbookreviewsonline.com/scoresoddsarchives/nba-odds-2013-14
sbr:2013-14:2013-10-30:MEM:SAS,2013-14,2013-10-30,MEM,SAS,94,101,189.0,-6.0,210,-250,https://www.sportsbookreviewsonline.com/scoresoddsarchives/nba-odds-2013-14
sbr:2013-14:2013-10-30:MIA:PHI,2013-14,2013-10-30,MIA,PHI,110,114,195.0,9.5,-795,495,https://www.sportsbookreviewsonline.com/scoresoddsarchives/nba-odds-2013-14
sbr:2013-14:2013-10-30:MIL:NYK,2013-14,2013-10-30,MIL,NYK,83,90,196.5,-8.0,290,-360,https://www.sportsbookreviewsonline.com/scoresoddsarchives/nba-odds-2013-14
sbr:2013-14:2013-10-30:OKC:UTA,2013-14,2013-10-30,OKC,UTA,101,98,191.5,6.5,-275,225,https://www.sportsbookreviewsonline.com/scoresoddsarchives/nba-odds-2013-14
sbr:2013-14:2013-10-30:POR:PHX,2013-14,2013-10-30,POR,PHX,91,104,197.5,5.5,-215,180,https://www.sportsbookreviewsonline.com/scoresoddsarchives/nba-odds-2013-14
sbr:2013-14:2013-10-30:WAS:DET,2013-14,2013-10-30,WAS,DET,102,113,189.0,-2.5,120,-140,https://www.sportsbookreviewsonline.com/scoresoddsarchives/nba-odds-2013-14
sbr:2013-14:2013-10-31:GSW:LAC,2013-14,2013-10-31,GSW,LAC,115,126,205.5,-6.0,210,-250,https://www.sportsbookreviewsonline.com/scoresoddsarchives/nba-odds-2013-14
sbr:2013-14:2013-10-31:NYK:CHI,2013-14,2013-10-31,NYK,CHI,81,82,188.0,-7.5,290,-350,https://www.sportsbookreviewsonline.com/scoresoddsarchives/nba-odds-2013-14
sbr:2013-14:2013-11-01:CLE:CHA,2013-14,2013-11-01,CLE,CHA,84,90,188.0,3.5,-165,145,https://www.sportsbookreviewsonline.com/scoresoddsarchives/nba-odds-2013-14
sbr:2013-14:2013-11-01:DAL:HOU,2013-14,2013-11-01,DAL,HOU,105,113,207.0,-6.5,230,-280,https://www.sportsbookreviewsonline.com/scoresoddsarchives/nba-odds-2013-14
sbr:2013-14:2013-11-01:LAC:SAC,2013-14,2013-11-01,LAC,SAC,110,101,203.0,3.5,-165,145,https://www.sportsbookreviewsonline.com/scoresoddsarchives/nba-odds-2013-14
sbr:2013-14:2013-11-01:MIA:BKN,2013-14,2013-11-01,MIA,BKN,100,101,195.0,4.0,-170,150,https://www.sportsbookreviewsonline.com/scoresoddsarchives/nba-odds-2013-14
sbr:2013-14:2013-11-01:MIL:BOS,2013-14,2013-11-01,MIL,BOS,105,98,185.5,-2.5,120,-140,https://www.sportsbookreviewsonline.com/scoresoddsarchives/nba-odds-2013-14
sbr:2013-14:2013-11-01:NOP:ORL,2013-14,2013-11-01,NOP,ORL,90,110,193.5,4.0,-175,155,https://www.sportsbookreviewsonline.com/scoresoddsarchives/nba-odds-2013-14
sbr:2013-14:2013-11-01:PHI:WAS,2013-14,2013-11-01,PHI,WAS,109,102,201.0,-9.5,405,-530,https://www.sportsbookreviewsonline.com/scoresoddsarchives/nba-odds-2013-14
sbr:2013-14:2013-11-01:POR:DEN,2013-14,2013-11-01,POR,DEN,113,98,198.0,-4.5,165,-190,https://www.sportsbookreviewsonline.com/scoresoddsarchives/nba-odds-2013-14
sbr:2013-14:2013-11-01:SAS:LAL,2013-14,2013-11-01,SAS,LAL,91,85,208.5,7.0,-345,285,https://www.sportsbookreviewsonline.com/scoresoddsarchives/nba-odds-2013-14
sbr:2013-14:2013-11-01:TOR:ATL,2013-14,2013-11-01,TOR,ATL,95,102,195.0,-3.5,140,-160,https://www.sportsbookreviewsonline.com/scoresoddsarchives/nba-odds-2013-14
sbr:2013-14:2013-11-01:UTA:PHX,2013-14,2013-11-01,UTA,PHX,84,87,195.5,-3.0,135,-155,https://www.sportsbookreviewsonline.com/scoresoddsarchives/nba-odds-2013-14
sbr:2013-14:2013-11-02:CHA:NOP,2013-14,2013-11-02,CHA,NOP,84,105,184.5,-8.5,340,-420,https://www.sportsbookreviewsonline.com/scoresoddsarchives/nba-odds-2013-14
sbr:2013-14:2013-11-02:CHI:PHI,2013-14,2013-11-02,CHI,PHI,104,107,194.5,9.0,-450,370,https://www.sportsbookreviewsonline.com/scoresoddsarchives/nba-odds-2013-14
sbr:2013-14:2013-11-02:CLE:IND,2013-14,2013-11-02,CLE,IND,74,89,188.0,-8.0,350,-430,https://www.sportsbookreviewsonline.com/scoresoddsarchives/nba-odds-2013-14
sbr:2013-14:2013-11-02:HOU:UTA,2013-14,2013-11-02,HOU,UTA,104,93,199.5,6.0,-260,220,https://www.sportsbookreviewsonline.com/scoresoddsarchives/nba-odds-2013-14
sbr:2013-14:2013-11-02:MEM:DAL,2013-14,2013-11-02,MEM,DAL,99,111,194.5,-3.0,130,-150,https://www.sportsbookreviewsonline.com/scoresoddsarchives/nba-odds-2013-14
sbr:2013-14:2013-11-02:SAC:GSW,2013-14,2013-11-02,SAC,GSW,87,98,208.0,-11.0,520,-750,https://www.sportsbookreviewsonline.com/scoresoddsarchives/nba-odds-2013-14
sbr:2013-14:2013-11-02:SAS:POR,2013-14,2013-11-02,SAS,POR,105,115,198.5,2.5,-140,120,https://www.sportsbookreviewsonline.com/scoresoddsarchives/nba-odds-2013-14
sbr:2013-14:2013-11-03:ATL:LAL,2013-14,2013-11-03,ATL,LAL,103,105,205.5,0.0,-120,100,https://www.sportsbookreviewsonline.com/scoresoddsarchives/nba-odds-2013-14
sbr:2013-14:2013-11-03:BKN:ORL,2013-14,2013-11-03,BKN,ORL,86,107,195.0,5.5,-240,200,https://www.sportsbookreviewsonline.com/scoresoddsarchives/nba-odds-2013-14
sbr:2013-14:2013-11-03:BOS:DET,2013-14,2013-11-03,BOS,DET,77,87,193.0,-9.0,367,-471,https://www.sportsbookreviewsonline.com/scoresoddsarchives/nba-odds-2013-14
sbr:2013-14:2013-11-03:MIN:NYK,2013-14,2013-11-03,MIN,NYK,109,100,195.0,-3.0,135,-155,https://www.sportsbookreviewsonline.com/scoresoddsarchives/nba-odds-2013-14
sbr:2013-14:2013-11-03:PHX:OKC,2013-14,2013-11-03,PHX,OKC,96,103,198.5,-12.5,850,-1400,https://www.sportsbookreviewsonline.com/scoresoddsarchives/nba-odds-2013-14
sbr:2013-14:2013-11-03:WAS:MIA,2013-14,2013-11-03,WAS,MIA,93,103,199.5,-12.5,890,-1500,https://www.sportsbookreviewsonline.com/scoresoddsarchives/nba-odds-2013-14
sbr:2013-14:2013-11-04:BOS:MEM,2013-14,2013-11-04,BOS,MEM,88,95,185.5,-12.0,660,-1060,https://www.sportsbookreviewsonline.com/scoresoddsarchives/nba-odds-2013-14
sbr:2013-14:2013-11-04:GSW:PHI,2013-14,2013-11-04,GSW,PHI,110,90,211.5,7.0,-280,230,https://www.sportsbookreviewsonline.com/scoresoddsarchives/nba-odds-2013-14
sbr:2013-14:2013-11-04:HOU:LAC,2013-14,2013-11-04,HOU,LAC,118,137,211.0,-5.0,175,-205,https://www.sportsbookreviewsonline.com/scoresoddsarchives/nba-odds-2013-14
sbr:2013-14:2013-11-04:MIN:CLE,2013-14,2013-11-04,MIN,CLE,92,93,198.0,-1.5,110,-130,https://www.sportsbookreviewsonline.com/scoresoddsarchives/nba-odds-2013-14
sbr:2013-14:2013-11-05:ATL:SAC,2013-14,2013-11-05,ATL,SAC,105,100,201.0,-2.0,115,-135,https://www.sportsbookreviewsonline.com/scoresoddsarchives/nba-odds-2013-14
sbr:2013-14:2013-11-05:CHA:NYK,2013-14,2013-11-05,CHA,NYK,102,97,185.5,-9.5,425,-550,https://www.sportsbookreviewsonline.com/scoresoddsarchives/nba-odds-2013-14
sbr:2013-14:2013-11-05:IND:DET,2013-14,2013-11-05,IND,DET,99,91,186.0,0.0,-119,-101,https://www.sportsbookreviewsonline.com/scoresoddsarchives/nba-odds-2013-14
sbr:2013-14:2013-11-05:LAL:DAL,2013-14,2013-11-05,LAL,DAL,104,123,213.0,-9.0,355,-455,https://www.sportsbookreviewsonline.com/scoresoddsarchives/nba-odds-2013-14
sbr:2013-14:2013-11-05:MIA:TOR,2013-14,2013-11-05,MIA,TOR,104,95,195.5,5.5,-215,182,https://www.sportsbookreviewsonline.com/scoresoddsarchives/nba-odds-2013-14
sbr:2013-14:2013-11-05:PHX:NOP,2013-14,2013-11-05,PHX,NOP,104,98,192.0,-9.5,405,-525,https://www.sportsbookreviewsonline.com/scoresoddsarchives/nba-odds-2013-14
sbr:2013-14:2013-11-05:SAS:DEN,2013-14,2013-11-05,SAS,DEN,102,94,203.0,5.0,-205,175,https://www.sportsbookreviewsonline.com/scoresoddsarchives/nba-odds-2013-14
sbr:2013-14:2013-11-05:UTA:BKN,2013-14,2013-11-05,UTA,BKN,88,104,191.0,-9.5,435,-570,https://www.sportsbookreviewsonline.com/scoresoddsarchives/nba-odds-2013-14
sbr:2013-14:2013-11-06:CHI:IND,2013-14,2013-11-06,CHI,IND,80,97,182.5,-2.0,110,-130,https://www.sportsbookreviewsonline.com/scoresoddsarchives/nba-odds-2013-14
sbr:2013-14:2013-11-06:CLE:MIL,2013-14,2013-11-06,CLE,MIL,104,109,191.0,3.0,-150,130,https://www.sportsbookreviewsonline.com/scoresoddsarchives/nba-odds-2013-14
sbr:2013-14:2013-11-06:DAL:OKC,2013-14,2013-11-06,DAL,OKC,93,107,210.5,-7.0,243,-294,https://www.sportsbookreviewsonline.com/scoresoddsarchives/nba-odds-2013-14
sbr:2013-14:2013-11-06:LAC:ORL,2013-14,2013-11-06,LAC,ORL,90,98,207.5,7.0,-290,240,https://www.sportsbookreviewsonline.com/scoresoddsarchives/nba-odds-2013-14
sbr:2013-14:2013-11-06:NOP:MEM,2013-14,2013-11-06,NOP,MEM,99,84,190.0,-7.5,265,-320,https://www.sportsbookreviewsonline.com/scoresoddsarchives/nba-odds-2013-14
sbr:2013-14:2013-11-06:PHX:SAS,2013-14,2013-11-06,PHX,SAS,96,99,198.5,-13.0,850,-1400,https://www.sportsbookreviewsonline.com/scoresoddsarchives/nba-odds-2013-14
sbr:2013-14:2013-11-06:TOR:CHA,2013-14,2013-11-06,TOR,CHA,90,92,187.0,2.5,-145,125,https://www.sportsbookreviewsonline.com/scoresoddsarchives/nba-odds-2013-14
sbr:2013-14:2013-11-06:UTA:BOS,2013-14,2013-11-06,UTA,BOS,87,97,185.5,-4.5,162,-190,https://www.sportsbookreviewsonline.com/scoresoddsarchives/nba-odds-2013-14
sbr:2013-14:2013-11-06:WAS:PHI,2013-14,2013-11-06,WAS,PHI,116,102,204.5,3.0,-150,130,https://www.sportsbookreviewsonline.com/scoresoddsarchives/nba-odds-2013-14
sbr:2013-14:2013-11-07:ATL:DEN,2013-14,2013-11-07,ATL,DEN,107,109,203.5,-5.0,175,-205,https://www.sportsbookreviewsonline.com/scoresoddsarchives/nba-odds-2013-14
sbr:2013-14:2013-11-07:LAC:MIA,2013-14,2013-11-07,LAC,MIA,97,102,207.0,-6.0,215,-260,https://www.sportsbookreviewsonline.com/scoresoddsarchives/nba-odds-2013-14
sbr:2013-14:2013-11-07:LAL:HOU,2013-14,2013-11-07,LAL,HOU,99,98,216.5,-13.5,970,-1700,https://www.sportsbookreviewsonline.com/scoresoddsarchives/nba-odds-2013-14
sbr:2013-14:2013-11-08:BOS:ORL,2013-14,2013-11-08,BOS,ORL,91,89,191.0,-5.5,190,-230,https://www.sportsbookreviewsonline.com/scoresoddsarchives/nba-odds-2013-14
sbr:2013-14:2013-11-08:CLE:PHI,2013-14,2013-11-08,CLE,PHI,79,94,206.0,3.0,-155,135,https://www.sportsbookreviewsonline.com/scoresoddsarchives/nba-odds-2013-14
sbr:2013-14:2013-11-08:DAL:MIN,2013-14,2013-11-08,DAL,MIN,108,116,210.5,-4.5,160,-185,https://www.sportsbookreviewsonline.com/scoresoddsarchives/nba-odds-2013-14
sbr:2013-14:2013-11-08:DEN:PHX,2013-14,2013-11-08,DEN,PHX,103,114,200.0,-1.5,105,-125,https://www.sportsbookreviewsonline.com/scoresoddsarchives/nba-odds-2013-14
sbr:2013-14:2013-11-08:GSW:SAS,2013-14,2013-11-08,GSW,SAS,74,76,203.5,-6.0,205,-245,https://www.sportsbookreviewsonline.com/scoresoddsarchives/nba-odds-2013-14
sbr:2013-14:2013-11-08:LAL:NOP,2013-14,2013-11-08,LAL,NOP,85,96,202.5,-9.5,395,-505,https://www.sportsbookreviewsonline.com/scoresoddsarchives/nba-odds-2013-14
sbr:2013-14:2013-11-08:NYK:CHA,2013-14,2013-11-08,NYK,CHA,101,91,190.5,3.5,-155,135,https://www.sportsbookreviewsonline.com/scoresoddsarchives/nba-odds-2013-14
sbr:2013-14:2013-11-08:OKC:DET,2013-14,2013-11-08,OKC,DET,119,110,197.0,3.0,-155,135,https://www.sportsbookreviewsonline.com/scoresoddsarchives/nba-odds-2013-14
sbr:2013-14:2013-11-08:SAC:POR,2013-14,2013-11-08,SAC,POR,91,104,200.0,-8.0,295,-365,https://www.sportsbookreviewsonline.com/scoresoddsarchives/nba-odds-2013-14
sbr:2013-14:2013-11-08:TOR:IND,2013-14,2013-11-08,TOR,IND,84,91,187.5,-8.5,325,-425,https://www.sportsbookreviewsonline.com/scoresoddsarchives/nba-odds-2013-14
sbr:2013-14:2013-11-08:UTA:CHI,2013-14,2013-11-08,UTA,CHI,73,97,186.0,-12.5,705,-1105,https://www.sportsbookreviewsonline.com/scoresoddsarchives/nba-odds-2013-14
sbr:2013-14:2013-11-09:BOS:MIA,2013-14,2013-11-09,BOS,MIA,111,110,193.0,-13.5,1065,-1665,https://www.sportsbookreviewsonline.com/scoresoddsarchives/nba-odds-2013-14
sbr:2013-14:2013-11-09:DAL:MIL,2013-14,2013-11-09,DAL,MIL,91,83,206.5,3.0,-150,130,https://www.sportsbookreviewsonline.com/scoresoddsarchives/nba-odds-2013-14
sbr:2013-14:2013-11-09:GSW:MEM,2013-14,2013-11-09,GSW,MEM,90,108,191.5,-2.0,110,-130,https://www.sportsbookreviewsonline.com/scoresoddsarchives/nba-odds-2013-14
sbr:2013-14:2013-11-09:IND:BKN,2013-14,2013-11-09,IND,BKN,96,91,187.5,0.0,-110,-110,https://www.sportsbookreviewsonline.com/scoresoddsarchives/nba-odds-2013-14
sbr:2013-14:2013-11-09:LAC:HOU,2013-14,2013-11-09,LAC,HOU,107,94,214.5,-3.0,130,-150,https://www.sportsbookreviewsonline.com/scoresoddsarchives/nba-odds-2013-14
sbr:2013-14:2013-11-09:ORL:ATL,2013-14,2013-11-09,ORL,ATL,94,104,199.0,-6.5,230,-280,https://www.sportsbookreviewsonline.com/scoresoddsarchives/nba-odds-2013-14
sbr:2013-14:2013-11-09:POR:SAC,2013-14,2013-11-09,POR,SAC,96,85,198.5,-2.0,110,-130,https://www.sportsbookreviewsonline.com/scoresoddsarchives/nba-odds-2013-14
sbr:2013-14:2013-11-09:UTA:TOR,2013-14,2013-11-09,UTA,TOR,91,115,187.0,-9.0,345,-450,https://www.sportsbookreviewsonline.com/scoresoddsarchives/nba-odds-2013-14
sbr:2013-14:2013-11-10:MIN:LAL,2013-14,2013-11-10,MIN,LAL,113,90,209.5,4.0,-175,150,https://www.sportsbookreviewsonline.com/scoresoddsarchives/nba-odds-2013-14
sbr:2013-14:2013-11-10:NOP:PHX,2013-14,2013-11-10,NOP,PHX,94,101,196.0,1.5,-125,105,https://www.sportsbookreviewsonline.com/scoresoddsarchives/nba-odds-2013-14
sbr:2013-14:2013-11-10:SAS:NYK,2013-14,2013-11-10,SAS,NYK,120,89,195.0,3.0,-150,130,https://www.sportsbookreviewsonline.com/scoresoddsarchives/nba-odds-2013-14
sbr:2013-14:2013-11-11:ATL:CHA,2013-14,2013-11-11,ATL,CHA,103,94,197.0,2.0,-125,105,https://www.sportsbookreviewsonline.com/scoresoddsarchives/nba-odds-2013-14
sbr:2013-14:2013-11-11:CLE:CHI,2013-14,2013-11-11,CLE,CHI,81,96,187.5,-8.5,320,-400,https://www.sportsbookreviewsonline.com/scoresoddsarchives/nba-odds-2013-14
sbr:2013-14:2013-11-11:DEN:UTA,2013-14,2013-11-11,DEN,UTA,100,81,197.0,2.0,-130,110,https://www.sportsbookreviewsonline.com/scoresoddsarchives/nba-odds-2013-14
sbr:2013-14:2013-11-11:DET:POR,2013-14,2013-11-11,DET,POR,103,109,199.0,-5.0,170,-200,https://www.sportsbookreviewsonline.com/scoresoddsarchives/nba-odds-2013-14
sbr:2013-14:2013-11-11:MEM:IND,2013-14,2013-11-11,MEM,IND,79,95,182.0,-6.0,235,-285,https://www.sportsbookreviewsonline.com/scoresoddsarchives/nba-odds-2013-14
sbr:2013-14:2013-11-11:MIN:LAC,2013-14,2013-11-11,MIN,LAC,107,109,211.5,-6.5,215,-260,https://www.sportsbookreviewsonline.com/scoresoddsarchives/nba-odds-2013-14
sbr:2013-14:2013-11-11:ORL:BOS,2013-14,2013-11-11,ORL,BOS,105,120,191.0,-1.5,100,-120,https://www.sportsbookreviewsonline.com/scoresoddsarchives/nba-odds-2013-14
sbr:2013-14:2013-11-11:SAS:PHI,2013-14,2013-11-11,SAS,PHI,109,85,204.0,6.5,-285,235,https://www.sportsbookreviewsonline.com/scoresoddsarchives/nba-odds-2013-14
sbr:2013-14:2013-11-12:DET:GSW,2013-14,2013-11-12,DET,GSW,95,113,204.5,-9.0,375,-480,https://www.sportsbookreviewsonline.com/scoresoddsarchives/nba-odds-2013-14
sbr:2013-14:2013-11-12:MIL:MIA,2013-14,2013-11-12,MIL,MIA,95,118,195.5,-13.5,1110,-1710,https://www.sportsbookreviewsonline.com/scoresoddsarchives/nba-odds-2013-14
sbr:2013-14:2013-11-12:NOP:LAL,2013-14,2013-11-12,NOP,LAL,95,116,199.5,3.5,-160,140,https://www.sportsbookreviewsonline.com/scoresoddsarchives/nba-odds-2013-14
sbr:2013-14:2013-11-12:WAS:DAL,2013-14,2013-11-12,WAS,DAL,95,105,205.5,-5.5,185,-225,https://www.sportsbookreviewsonline.com/scoresoddsarchives/nba-odds-2013-14
sbr:2013-14:2013-11-13:BKN:SAC,2013-14,2013-11-13,BKN,SAC,86,107,194.5,4.0,-170,150,https://www.sportsbookreviewsonline.com/scoresoddsarchives/nba-odds-2013-14
sbr:2013-14:2013-11-13:CHA:BOS,2013-14,2013-11-13,CHA,BOS,89,83,191.5,-5.5,190,-230,https://www.sportsbookreviewsonline.com/scoresoddsarchives/nba-odds-2013-14
sbr:2013-14:2013-11-13:CLE:MIN,2013-14,2013-11-13,CLE,MIN,95,124,201.0,-8.0,310,-390,https://www.sportsbookreviewsonline.com/scoresoddsarchives/nba-odds-2013-14
sbr:2013-14:2013-11-13:LAL:DEN,2013-14,2013-11-13,LAL,DEN,99,111,208.5,-9.5,395,-505,https://www.sportsbookreviewsonline.com/scoresoddsarchives/nba-odds-2013-14
sbr:2013-14:2013-11-13:MIL:ORL,2013-14,2013-11-13,MIL,ORL,91,94,194.0,-7.5,265,-325,https://www.sportsbookreviewsonline.com/scoresoddsarchives/nba-odds-2013-14
sbr:2013-14:2013-11-13:NOP:UTA,2013-14,2013-11-13,NOP,UTA,105,111,191.5,2.5,-145,125,https://www.sportsbookreviewsonline.com/scoresoddsarchives/nba-odds-2013-14
sbr:2013-14:2013-11-13:NYK:ATL,2013-14,2013-11-13,NYK,ATL,95,91,201.5,-4.0,155,-175,https://www.sportsbookreviewsonline.com/scoresoddsarchives/nba-odds-2013-14
sbr:2013-14:2013-11-13:OKC:LAC,2013-14,2013-11-13,OKC,LAC,103,111,209.5,-4.5,160,-185,https://www.sportsbookreviewsonline.com/scoresoddsarchives/nba-odds-2013-14
sbr:2013-14:2013-11-13:PHX:POR,2013-14,2013-11-13,PHX,POR,89,90,203.0,-7.0,260,-320,https://www.sportsbookreviewsonline.com/scoresoddsarchives/nba-odds-2013-14
sbr:2013-14:2013-11-13:TOR:MEM,2013-14,2013-11-13,TOR,MEM,103,87,185.5,-6.0,200,-240,https://www.sportsbookreviewsonline.com/scoresoddsarchives/nba-odds-2013-14
sbr:2013-14:2013-11-13:WAS:SAS,2013-14,2013-11-13,WAS,SAS,79,92,198.0,-11.0,485,-785,https://www.sportsbookreviewsonline.com/scoresoddsarchives/nba-odds-2013-14
sbr:2013-14:2013-11-14:HOU:NYK,2013-14,2013-11-14,HOU,NYK,109,106,206.5,2.0,-130,110,https://www.sportsbookreviewsonline.com/scoresoddsarchives/nba-odds-2013-14
sbr:2013-14:2013-11-14:OKC:GSW,2013-14,2013-11-14,OKC,GSW,115,116,207.0,-5.0,175,-200,https://www.sportsbookreviewsonline.com/scoresoddsarchives/nba-odds-2013-14
sbr:2013-14:2013-11-15:CHA:CLE,2013-14,2013-11-15,CHA,CLE,86,80,187.0,-6.0,210,-250,https://www.sportsbookreviewsonline.com/scoresoddsarchives/nba-odds-2013-14
sbr:2013-14:2013-11-15:CHI:TOR,2013-14,2013-11-15,CHI,TOR,96,80,181.5,-1.5,100,-120,https://www.sportsbookreviewsonline.com/scoresoddsarchives/nba-odds-2013-14
sbr:2013-14:2013-11-15:DAL:MIA,2013-14,2013-11-15,DAL,MIA,104,110,205.5,-8.5,330,-430,https://www.sportsbookreviewsonline.com/scoresoddsarchives/nba-odds-2013-14
sbr:2013-14:2013-11-15:DET:SAC,2013-14,2013-11-15,DET,SAC,97,90,198.5,-2.0,110,-130,https://www.sportsbookreviewsonline.com/scoresoddsarchives/nba-odds-2013-14
sbr:2013-14:2013-11-15:MEM:LAL,2013-14,2013-11-15,MEM,LAL,89,86,197.5,3.0,-150,130,https://www.sportsbookreviewsonline.com/scoresoddsarchives/nba-odds-2013-14
sbr:2013-14:2013-11-15:MIL:IND,2013-14,2013-11-15,MIL,IND,77,104,184.0,-14.0,1230,-1930,https://www.sportsbookreviewsonline.com/scoresoddsarchives/nba-odds-2013-14
sbr:2013-14:2013-11-15:MIN:DEN,2013-14,2013-11-15,MIN,DEN,113,117,210.0,2.0,-130,110,https://www.sportsbookreviewsonline.com/scoresoddsarchives/nba-odds-2013-14
sbr:2013-14:2013-11-15:PHI:ATL,2013-14,2013-11-15,PHI,ATL,103,113,207.5,-8.5,330,-430,https://www.sportsbookreviewsonline.com/scoresoddsarchives/nba-odds-2013-14
sbr:2013-14:2013-11-15:POR:BOS,2013-14,2013-11-15,POR,BOS,109,96,194.0,1.5,-120,100,https://www.sportsbookreviewsonline.com/scoresoddsarchives/nba-odds-2013-14
sbr:2013-14:2013-11-15:SAS:UTA,2013-14,2013-11-15,SAS,UTA,91,82,193.0,10.0,-670,445,https://www.sportsbookreviewsonline.com/scoresoddsarchives/nba-odds-2013-14
sbr:2013-14:2013-11-16:ATL:NYK,2013-14,2013-11-16,ATL,NYK,110,90,202.5,-4.0,160,-185,https://www.sportsbookreviewsonline.com/scoresoddsarchives/nba-odds-2013-14
sbr:2013-14:2013-11-16:BKN:LAC,2013-14,2013-11-16,BKN,LAC,103,110,202.5,-14.0,1010,-1610,https://www.sportsbookreviewsonline.com/scoresoddsarchives/nba-odds-2013-14
sbr:2013-14:2013-11-16:BOS:MIN,2013-14,2013-11-16,BOS,MIN,88,106,202.5,-10.0,425,-580,https://www.sportsbookreviewsonline.com/scoresoddsarchives/nba-odds-2013-14
sbr:2013-14:2013-11-16:DAL:ORL,2013-14,2013-11-16,DAL,ORL,108,100,204.0,2.5,-140,120,https://www.sportsbookreviewsonline.com/scoresoddsarchives/nba-odds-2013-14
sbr:2013-14:2013-11-16:DEN:HOU,2013-14,2013-11-16,DEN,HOU,111,122,214.0,-8.0,320,-410,https://www.sportsbookreviewsonline.com/scoresoddsarchives/nba-odds-2013-14
sbr:2013-14:2013-11-16:MIA:CHA,2013-14,2013-11-16,MIA,CHA,97,81,193.0,8.5,-410,320,https://www.sportsbookreviewsonline.com/scoresoddsarchives/nba-odds-2013-14
sbr:2013-14:2013-11-16:OKC:MIL,2013-14,2013-11-16,OKC,MIL,92,79,199.5,10.5,-805,505,https://www.sportsbookreviewsonline.com/scoresoddsarchives/nba-odds-2013-14
sbr:2013-14:2013-11-16:PHI:NOP,2013-14,2013-11-16,PHI,NOP,98,135,204.5,-8.5,345,-450,https://www.sportsbookreviewsonline.com/scoresoddsarchives/nba-odds-2013-14
sbr:2013-14:2013-11-16:UTA:GSW,2013-14,2013-11-16,UTA,GSW,88,102,198.5,-15.5,1585,-3185,https://www.sportsbookreviewsonline.com/scoresoddsarchives/nba-odds-2013-14
sbr:2013-14:2013-11-17:DET:LAL,2013-14,2013-11-17,DET,LAL,99,114,205.0,2.5,-135,115,https://www.sportsbookreviewsonline.com/scoresoddsarchives/nba-odds-2013-14
sbr:2013-14:2013-11-17:MEM:SAC,2013-14,2013-11-17,MEM,SAC,97,86,187.5,2.5,-140,120,https://www.sportsbookreviewsonline.com/scoresoddsarchives/nba-odds-2013-14
sbr:2013-14:2013-11-18:DEN:OKC,2013-14,2013-11-18,DEN,OKC,113,115,212.5,-9.0,390,-495,https://www.sportsbookreviewsonline.com/scoresoddsarchives/nba-odds-2013-14
sbr:2013-14:2013-11-18:GSW:UTA,2013-14,2013-11-18,GSW,UTA,98,87,195.5,8.0,-385,305,https://www.sportsbookreviewsonline.com/scoresoddsarchives/nba-odds-2013-14
sbr:2013-14:2013-11-18:MEM:LAC,2013-14,2013-11-18,MEM,LAC,106,102,196.5,-8.5,355,-460,https://www.sportsbookreviewsonline.com/scoresoddsarchives/nba-odds-2013-14
sbr:2013-14:2013-11-18:PHI:DAL,2013-14,2013-11-18,PHI,DAL,94,97,215.5,-11.5,640,-1040,https://www.sportsbookreviewsonline.com/scoresoddsarchives/nba-odds-2013-14
sbr:2013-14:2013-11-18:POR:BKN,2013-14,2013-11-18,POR,BKN,108,98,195.5,-1.5,105,-125,https://www.sportsbookreviewsonline.com/scoresoddsarchives/nba-odds-2013-14
sbr:2013-14:2013-11-19:ATL:MIA,2013-14,2013-11-19,ATL,MIA,88,104,203.5,-8.5,345,-450,https://www.sportsbookreviewsonline.com/scoresoddsarchives/nba-odds-2013-14
sbr:2013-14:2013-11-19:BOS:HOU,2013-14,2013-11-19,BOS,HOU,85,109,205.0,-10.5,495,-795,https://www.sportsbookreviewsonline.com/scoresoddsarchives/nba-odds-2013-14
sbr:2013-14:2013-11-19:MIN:WAS,2013-14,2013-11-19,MIN,WAS,100,104,206.5,3.5,-160,140,https://www.sportsbookreviewsonline.com/scoresoddsarchives/nba-odds-2013-14
sbr:2013-14:2013-11-19:NYK:DET,2013-14,2013-11-19,NYK,DET,86,92,198.5,-4.0,155,-180,https://www.sportsbookreviewsonline.com/scoresoddsarchives/nba-odds-2013-14
sbr:2013-14:2013-11-19:PHX:SAC,2013-14,2013-11-19,PHX,SAC,104,107,195.0,-3.5,140,-160,https://www.sportsbookreviewsonline.com/scoresoddsarchives/nba-odds-2013-14
sbr:2013-14:2013-11-20:BKN:CHA,2013-14,2013-11-20,BKN,CHA,91,95,186.0,2.5,-145,125,https://www.sportsbookreviewsonline.com/scoresoddsarchives/nba-odds-2013-14
sbr:2013-14:2013-11-20:BOS:SAS,2013-14,2013-11-20,BOS,SAS,93,104,193.0,-14.5,1350,-2300,https://www.sportsbookreviewsonline.com/scoresoddsarchives/nba-odds-2013-14
sbr:2013-14:2013-11-20:DET:ATL,2013-14,2013-11-20,DET,ATL,85,93,202.0,-5.5,180,-220,https://www.sportsbookreviewsonline.com/scoresoddsarchives/nba-odds-2013-14
sbr:2013-14:2013-11-20:HOU:DAL,2013-14,2013-11-20,HOU,DAL,120,123,215.0,-2.5,120,-140,https://www.sportsbookreviewsonline.com/scoresoddsarchives/nba-odds-2013-14
sbr:2013-14:2013-11-20:LAC:MIN,2013-14,2013-11-20,LAC,MIN,102,98,213.0,-2.0,105,-125,https://www.sportsbookreviewsonline.com/scoresoddsarchives/nba-odds-2013-14
sbr:2013-14:2013-11-20:MIA:ORL,2013-14,2013-11-20,MIA,ORL,120,92,200.0,7.0,-300,250,https://www.sportsbookreviewsonline.com/scoresoddsarchives/nba-odds-2013-14
sbr:2013-14:2013-11-20:POR:MIL,2013-14,2013-11-20,POR,MIL,91,82,194.5,5.5,-210,175,https://www.sportsbookreviewsonline.com/scoresoddsarchives/nba-odds-2013-14
sbr:2013-14:2013-11-20:SAC:PHX,2013-14,2013-11-20,SAC,PHX,113,106,196.0,-5.5,200,-240,https://www.sportsbookreviewsonline.com/scoresoddsarchives/nba-odds-2013-14
sbr:2013-14:2013-11-20:TOR:PHI,2013-14,2013-11-20,TOR,PHI,108,98,203.5,4.5,-175,155,https://www.sportsbookreviewsonline.com/scoresoddsarchives/nba-odds-2013-14
sbr:2013-14:2013-11-20:UTA:NOP,2013-14,2013-11-20,UTA,NOP,98,105,195.0,-11.0,500,-700,https://www.sportsbookreviewsonline.com/scoresoddsarchives/nba-odds-2013-14
sbr:2013-14:2013-11-20:WAS:CLE,2013-14,2013-11-20,WAS,CLE,98,91,191.0,-3.0,130,-150,https://www.sportsbookreviewsonline.com/scoresoddsarchives/nba-odds-2013-14
sbr:2013-14:2013-11-21:CHI:DEN,2013-14,2013-11-21,CHI,DEN,87,97,199.0,1.0,-120,100,https://www.sportsbookreviewsonline.com/scoresoddsarchives/nba-odds-2013-14
sbr:2013-14:2013-11-21:LAC:OKC,2013-14,2013-11-21,LAC,OKC,91,105,212.0,-5.5,195,-235,https://www.sportsbookreviewsonline.com/scoresoddsarchives/nba-odds-2013-14
sbr:2013-14:2013-11-22:ATL:DET,2013-14,2013-11-22,ATL,DET,96,89,197.0,-3.5,150,-170,https://www.sportsbookreviewsonline.com/scoresoddsarchives/nba-odds-2013-14
sbr:2013-14:2013-11-22:BKN:MIN,2013-14,2013-11-22,BKN,MIN,81,111,202.0,-9.0,370,-475,https://www.sportsbookreviewsonline.com/scoresoddsarchives/nba-odds-2013-14
sbr:2013-14:2013-11-22:CHI:POR,2013-14,2013-11-22,CHI,POR,95,98,190.0,-4.0,150,-170,https://www.sportsbookreviewsonline.com/scoresoddsarchives/nba-odds-2013-14
sbr:2013-14:2013-11-22:CLE:NOP,2013-14,2013-11-22,CLE,NOP,100,104,195.0,-7.0,245,-305,https://www.sportsbookreviewsonline.com/scoresoddsarchives/nba-odds-2013-14
sbr:2013-14:2013-11-22:GSW:LAL,2013-14,2013-11-22,GSW,LAL,95,102,202.5,4.5,-200,170,https://www.sportsbookreviewsonline.com/scoresoddsarchives/nba-odds-2013-14
sbr:2013-14:2013-11-22:IND:BOS,2013-14,2013-11-22,IND,BOS,97,82,186.5,7.5,-345,285,https://www.sportsbookreviewsonline.com/scoresoddsarchives/nba-odds-2013-14
sbr:2013-14:2013-11-22:PHX:CHA,2013-14,2013-11-22,PHX,CHA,98,91,190.5,-3.5,140,-160,https://www.sportsbookreviewsonline.com/scoresoddsarchives/nba-odds-2013-14
sbr:2013-14:2013-11-22:SAS:MEM,2013-14,2013-11-22,SAS,MEM,102,86,184.0,1.0,-115,-105,https://www.sportsbookreviewsonline.com/scoresoddsarchives/nba-odds-2013-14
sbr:2013-14:2013-11-22:UTA:DAL,2013-14,2013-11-22,UTA,DAL,93,103,201.5,-10.5,490,-790,https://www.sportsbookreviewsonline.com/scoresoddsarchives/nba-odds-2013-14
sbr:2013-14:2013-11-22:WAS:TOR,2013-14,2013-11-22,WAS,TOR,88,96,194.0,-4.5,165,-190,https://www.sportsbookreviewsonline.com/scoresoddsarchives/nba-odds-2013-14
sbr:2013-14:2013-11-23:BOS:ATL,2013-14,2013-11-23,BOS,ATL,94,87,194.5,-9.5,380,-485,https://www.sportsbookreviewsonline.com/scoresoddsarchives/nba-odds-2013-14
sbr:2013-14:2013-11-23:CHA:MIL,2013-14,2013-11-23,CHA,MIL,96,72,184.5,-2.0,110,-130,https://www.sportsbookreviewsonline.com/scoresoddsarchives/nba-odds-2013-14
sbr:2013-14:2013-11-23:CLE:SAS,2013-14,2013-11-23,CLE,SAS,96,126,192.0,-13.0,860,-1310,https://www.sportsbookreviewsonline.com/scoresoddsarchives/nba-odds-2013-14
sbr:2013-14:2013-11-23:DAL:DEN,2013-14,2013-11-23,DAL,DEN,100,102,214.0,-5.0,175,-205,https://www.sportsbookreviewsonline.com/scoresoddsarchives/nba-odds-2013-14
sbr:2013-14:2013-11-23:MIN:HOU,2013-14,2013-11-23,MIN,HOU,101,112,212.5,-6.0,215,-255,https://www.sportsbookreviewsonline.com/scoresoddsarchives/nba-odds-2013-14
sbr:2013-14:2013-11-23:NYK:WAS,2013-14,2013-11-23,NYK,WAS,89,98,192.5,-1.5,110,-130,https://www.sportsbookreviewsonline.com/scoresoddsarchives/nba-odds-2013-14
sbr:2013-14:2013-11-23:ORL:MIA,2013-14,2013-11-23,ORL,MIA,99,101,202.0,-13.0,925,-1425,https://www.sportsbookreviewsonline.com/scoresoddsarchives/nba-odds-2013-14
sbr:2013-14:2013-11-23:PHI:IND,2013-14,2013-11-23,PHI,IND,98,106,195.0,-15.5,1520,-2620,https://www.sportsbookreviewsonline.com/scoresoddsarchives/nba-odds-2013-14
sbr:2013-14:2013-11-23:POR:GSW,2013-14,2013-11-23,POR,GSW,113,101,200.0,-4.5,170,-195,https://www.sportsbookreviewsonline.com/scoresoddsarchives/nba-odds-2013-14
sbr:2013-14:2013-11-23:SAC:LAC,2013-14,2013-11-23,SAC,LAC,102,103,207.5,-11.0,505,-805,https://www.sportsbookreviewsonline.com/scoresoddsarchives/nba-odds-2013-14
sbr:2013-14:2013-11-24:CHI:LAC,2013-14,2013-11-24,CHI,LAC,82,121,193.5,-6.5,230,-280,https://www.sportsbookreviewsonline.com/scoresoddsarchives/nba-odds-2013-14
sbr:2013-14:2013-11-24:DET:BKN,2013-14,2013-11-24,DET,BKN,109,97,190.5,-2.0,110,-130,https://www.sportsbookreviewsonline.com/scoresoddsarchives/nba-odds-2013-14
sbr:2013-14:2013-11-24:PHX:ORL,2013-14,2013-11-24,PHX,ORL,104,96,199.5,-1.5,110,-130,https://www.sportsbookreviewsonline.com/scoresoddsarchives/nba-odds-2013-14
sbr:2013-14:2013-11-24:SAC:LAL,2013-14,2013-11-24,SAC,LAL,86,100,204.5,-4.0,160,-185,https://www.sportsbookreviewsonline.com/scoresoddsarchives/nba-odds-2013-14
sbr:2013-14:2013-11-24:UTA:OKC,2013-14,2013-11-24,UTA,OKC,73,95,196.0,-13.0,830,-1330,https://www.sportsbookreviewsonline.com/scoresoddsarchives/nba-odds-2013-14
sbr:2013-14:2013-11-25:BOS:CHA,2013-14,2013-11-25,BOS,CHA,96,86,185.5,-3.0,140,-165,https://www.sportsbookreviewsonline.com/scoresoddsarchives/nba-odds-2013-14
sbr:2013-14:2013-11-25:DEN:DAL,2013-14,2013-11-25,DEN,DAL,110,96,213.5,-6.5,230,-280,https://www.sportsbookreviewsonline.com/scoresoddsarchives/nba-odds-2013-14
sbr:2013-14:2013-11-25:HOU:MEM,2013-14,2013-11-25,HOU,MEM,93,86,194.5,0.0,-119,-101,https://www.sportsbookreviewsonline.com/scoresoddsarchives/nba-odds-2013-14
sbr:2013-14:2013-11-25:MIL:DET,2013-14,2013-11-25,MIL,DET,94,113,192.0,-7.0,255,-310,https://www.sportsbookreviewsonline.com/scoresoddsarchives/nba-odds-2013-14
sbr:2013-14:2013-11-25:MIN:IND,2013-14,2013-11-25,MIN,IND,84,98,196.0,-6.5,227,-275,https://www.sportsbookreviewsonline.com/scoresoddsarchives/nba-odds-2013-14
sbr:2013-14:2013-11-25:NOP:SAS,2013-14,2013-11-25,NOP,SAS,93,112,200.5,-9.5,405,-525,https://www.sportsbookreviewsonline.com/scoresoddsarchives/nba-odds-2013-14
sbr:2013-14:2013-11-25:NYK:POR,2013-14,2013-11-25,NYK,POR,91,102,195.5,-7.0,260,-315,https://www.sportsbookreviewsonline.com/scoresoddsarchives/nba-odds-2013-14
sbr:2013-14:2013-11-25:PHX:MIA,2013-14,2013-11-25,PHX,MIA,92,107,203.0,-12.5,810,-1300,https://www.sportsbookreviewsonline.com/scoresoddsarchives/nba-odds-2013-14
sbr:2013-14:2013-11-26:BKN:TOR,2013-14,2013-11-26,BKN,TOR,102,100,191.0,-7.0,240,-290,https://www.sportsbookreviewsonline.com/scoresoddsarchives/nba-odds-2013-14
sbr:2013-14:2013-11-26:LAL:WAS,2013-14,2013-11-26,LAL,WAS,111,116,198.0,-5.5,190,-230,https://www.sportsbookreviewsonline.com/scoresoddsarchives/nba-odds-2013-14
sbr:2013-14:2013-11-26:ORL:ATL,2013-14,2013-11-26,ORL,ATL,109,92,199.5,-7.5,275,-325,https://www.sportsbookreviewsonline.com/scoresoddsarchives/nba-odds-2013-14
sbr:2013-14:2013-11-27:ATL:HOU,2013-14,2013-11-27,ATL,HOU,84,113,205.0,-7.5,290,-355,https://www.sportsbookreviewsonline.com/scoresoddsarchives/nba-odds-2013-14
sbr:2013-14:2013-11-27:CHI:DET,2013-14,2013-11-27,CHI,DET,99,79,185.0,-3.5,140,-165,https://www.sportsbookreviewsonline.com/scoresoddsarchives/nba-odds-2013-14
sbr:2013-14:2013-11-27:DEN:MIN,2013-14,2013-11-27,DEN,MIN,117,110,213.0,-7.0,250,-300,https://www.sportsbookreviewsonline.com/scoresoddsarchives/nba-odds-2013-14
sbr:2013-14:2013-11-27:GSW:DAL,2013-14,2013-11-27,GSW,DAL,99,103,206.0,-4.5,162,-190,https://www.sportsbookreviewsonline.com/scoresoddsarchives/nba-odds-2013-14
sbr:2013-14:2013-11-27:IND:CHA,2013-14,2013-11-27,IND,CHA,99,74,181.5,7.0,-320,265,https://www.sportsbookreviewsonline.com/scoresoddsarchives/nba-odds-2013-14
sbr:2013-14:2013-11-27:LAL:BKN,2013-14,2013-11-27,LAL,BKN,99,94,199.5,-2.5,120,-140,https://www.sportsbookreviewsonline.com/scoresoddsarchives/nba-odds-2013-14
sbr:2013-14:2013-11-27:MEM:BOS,2013-14,2013-11-27,MEM,BOS,100,93,182.0,1.5,-125,105,https://www.sportsbookreviewsonline.com/scoresoddsarchives/nba-odds-2013-14
sbr:2013-14:2013-11-27:MIA:CLE,2013-14,2013-11-27,MIA,CLE,95,84,197.5,8.5,-440,350,https://www.sportsbookreviewsonline.com/scoresoddsarchives/nba-odds-2013-14
sbr:2013-14:2013-11-27:NYK:LAC,2013-14,2013-11-27,NYK,LAC,80,93,204.0,-9.0,395,-510,https://www.sportsbookreviewsonline.com/scoresoddsarchives/nba-odds-2013-14
sbr:2013-14:2013-11-27:PHI:ORL,2013-14,2013-11-27,PHI,ORL,94,105,208.5,-4.0,145,-170,https://www.sportsbookreviewsonline.com/scoresoddsarchives/nba-odds-2013-14
sbr:2013-14:2013-11-27:POR:PHX,2013-14,2013-11-27,POR,PHX,106,120,200.0,4.5,-180,155,https://www.sportsbookreviewsonline.com/scoresoddsarchives/nba-odds-2013-14
sbr:2013-14:2013-11-27:SAS:OKC,2013-14,2013-11-27,SAS,OKC,88,94,201.5,-3.0,130,-150,https://www.sportsbookreviewsonline.com/scoresoddsarchives/nba-odds-2013-14
sbr:2013-14:2013-11-29:BKN:HOU,2013-14,2013-11-29,BKN,HOU,95,114,205.5,-10.5,490,-790,https://www.sportsbookreviewsonline.com/scoresoddsarchives/nba-odds-2013-14
sbr:2013-14:2013-11-29:CLE:BOS,2013-14,2013-11-29,CLE,BOS,86,103,189.5,-4.0,155,-175,https://www.sportsbookreviewsonline.com/scoresoddsarchives/nba-odds-2013-14
sbr:2013-14:2013-11-29:LAL:DET,2013-14,2013-11-29,LAL,DET,106,102,202.0,-5.5,190,-230,https://www.sportsbookreviewsonline.com/scoresoddsarchives/nba-odds-2013-14
sbr:2013-14:2013-11-29:MIA:TOR,2013-14,2013-11-29,MIA,TOR,90,83,195.5,6.0,-255,215,https://www.sportsbookreviewsonline.com/scoresoddsarchives/nba-odds-2013-14
sbr:2013-14:2013-11-29:MIL:CHA,2013-14,2013-11-29,MIL,CHA,76,92,185.5,-5.0,175,-210,https://www.sportsbookreviewsonline.com/scoresoddsarchives/nba-odds-2013-14
sbr:2013-14:2013-11-29:NOP:PHI,2013-14,2013-11-29,NOP,PHI,121,105,209.0,4.0,-170,150,https://www.sportsbookreviewsonline.com/scoresoddsarchives/nba-odds-2013-14
sbr:2013-14:2013-11-29:NYK:DEN,2013-14,2013-11-29,NYK,DEN,95,97,202.5,-8.0,310,-390,https://www.sportsbookreviewsonline.com/scoresoddsarchives/nba-odds-2013-14
sbr:2013-14:2013-11-29:PHX:UTA,2013-14,2013-11-29,PHX,UTA,112,101,190.5,2.5,-130,110,https://www.sportsbookreviewsonline.com/scoresoddsarchives/nba-odds-2013-14
sbr:2013-14:2013-11-29:SAS:ORL,2013-14,2013-11-29,SAS,ORL,109,91,193.5,9.0,-495,390,https://www.sportsbookreviewsonline.com/scoresoddsarchives/nba-odds-2013-14
sbr:2013-14:2013-11-29:WAS:IND,2013-14,2013-11-29,WAS,IND,73,93,186.0,-11.0,515,-815,https://www.sportsbookreviewsonline.com/scoresoddsarchives/nba-odds-2013-14
sbr:2013-14:2013-11-30:ATL:WAS,2013-14,2013-11-30,ATL,WAS,101,108,190.5,-4.5,170,-200,https://www.sportsbookreviewsonline.com/scoresoddsarchives/nba-odds-2013-14
sbr:2013-14:2013-11-30:BKN:MEM,2013-14,2013-11-30,BKN,MEM,97,88,186.5,-7.5,290,-340,https://www.sportsbookreviewsonline.com/scoresoddsarchives/nba-odds-2013-14
sbr:2013-14:2013-11-30:CHI:CLE,2013-14,2013-11-30,CHI,CLE,93,97,182.5,5.0,-205,175,https://www.sportsbookreviewsonline.com/scoresoddsarchives/nba-odds-2013-14
sbr:2013-14:2013-11-30:HOU:SAS,2013-14,2013-11-30,HOU,SAS,112,106,205.5,-6.5,230,-270,https://www.sportsbookreviewsonline.com/scoresoddsarchives/nba-odds-2013-14
sbr:2013-14:2013-11-30:UTA:PHX,2013-14,2013-11-30,UTA,PHX,112,104,194.5,-9.0,370,-450,https://www.sportsbookreviewsonline.com/scoresoddsarchives/nba-odds-2013-14
sbr:2013-14:2013-12-01:CHA:MIA,2013-14,2013-12-01,CHA,MIA,98,99,189.0,-11.5,625,-1025,https://www.sportsbookreviewsonline.com/scoresoddsarchives/nba-odds-2013-14
sbr:2013-14:2013-12-01:DEN:TOR,2013-14,2013-12-01,DEN,TOR,112,98,201.0,-2.0,120,-140,https://www.sportsbookreviewsonline.com/scoresoddsarchives/nba-odds-2013-14
sbr:2013-14:2013-12-01:GSW:SAC,2013-14,2013-12-01,GSW,SAC,115,113,201.0,4.5,-195,170,https://www.sportsbookreviewsonline.com/scoresoddsarchives/nba-odds-2013-14
sbr:2013-14:2013-12-01:IND:LAC,2013-14,2013-12-01,IND,LAC,105,100,191.0,1.0,-120,100,https://www.sportsbookreviewsonline.com/scoresoddsarchives/nba-odds-2013-14
sbr:2013-14:2013-12-01:MIN:OKC,2013-14,2013-12-01,MIN,OKC,103,113,209.0,-8.5,340,-440,https://www.sportsbookreviewsonline.com/scoresoddsarchives/nba-odds-2013-14
sbr:2013-14:2013-12-01:PHI:DET,2013-14,2013-12-01,PHI,DET,100,115,206.5,-8.0,315,-405,https://www.sportsbookreviewsonline.com/scoresoddsarchives/nba-odds-2013-14
sbr:2013-14:2013-12-01:POR:LAL,2013-14,2013-12-01,POR,LAL,114,108,206.5,3.5,-170,150,https://www.sportsbookreviewsonline.com/scoresoddsarchives/nba-odds-2013-14
sbr:2013-14:2013-12-02:ATL:SAS,2013-14,2013-12-02,ATL,SAS,100,102,199.0,-12.0,670,-1000,https://www.sportsbookreviewsonline.com/scoresoddsarchives/nba-odds-2013-14
sbr:2013-14:2013-12-02:HOU:UTA,2013-14,2013-12-02,HOU,UTA,103,109,202.0,7.5,-350,290,https://www.sportsbookreviewsonline.com/scoresoddsarchives/nba-odds-2013-14
sbr:2013-14:2013-12-02:IND:POR,2013-14,2013-12-02,IND,POR,102,106,191.5,0.0,-119,-101,https://www.sportsbookreviewsonline.com/scoresoddsarchives/nba-odds-2013-14
sbr:2013-14:2013-12-02:ORL:WAS,2013-14,2013-12-02,ORL,WAS,80,98,194.0,-7.0,250,-300,https://www.sportsbookreviewsonline.com/scoresoddsarchives/nba-odds-2013-14
sbr:2013-14:2013-12-03:CHA:DAL,2013-14,2013-12-03,CHA,DAL,82,89,195.5,-8.0,315,-375,https://www.sportsbookreviewsonline.com/scoresoddsarchives/nba-odds-2013-14
sbr:2013-14:2013-12-03:DEN:BKN,2013-14,2013-12-03,DEN,BKN,111,87,203.5,4.5,-185,160,https://www.sportsbookreviewsonline.com/scoresoddsarchives/nba-odds-2013-14
sbr:2013-14:2013-12-03:DET:MIA,2013-14,2013-12-03,DET,MIA,107,97,200.0,-9.0,405,-520,https://www.sportsbookreviewsonline.com/scoresoddsarchives/nba-odds-2013-14
sbr:2013-14:2013-12-03:MIL:BOS,2013-14,2013-12-03,MIL,BOS,100,108,185.5,-7.0,270,-330,https://www.sportsbookreviewsonline.com/scoresoddsarchives/nba-odds-2013-14
sbr:2013-14:2013-12-03:OKC:SAC,2013-14,2013-12-03,OKC,SAC,97,95,201.0,8.5,-400,325,https://www.sportsbookreviewsonline.com/scoresoddsarchives/nba-odds-2013-14
sbr:2013-14:2013-12-03:PHX:MEM,2013-14,2013-12-03,PHX,MEM,91,110,191.5,-2.5,125,-145,https://www.sportsbookreviewsonline.com/scoresoddsarchives/nba-odds-2013-14
sbr:2013-14:2013-12-03:TOR:GSW,2013-14,2013-12-03,TOR,GSW,103,112,202.0,-8.0,290,-350,https://www.sportsbookreviewsonline.com/scoresoddsarchives/nba-odds-2013-14
sbr:2013-14:2013-12-04:DAL:NOP,2013-14,2013-12-04,DAL,NOP,100,97,208.0,-2.5,120,-140,https://www.sportsbookreviewsonline.com/scoresoddsarchives/nba-odds-2013-14
sbr:2013-14:2013-12-04:DEN:CLE,2013-14,2013-12-04,DEN,CLE,88,98,201.0,3.5,-170,150,https://www.sportsbookreviewsonline.com/scoresoddsarchives/nba-odds-2013-14
sbr:2013-14:2013-12-04:DET:MIL,2013-14,2013-12-04,DET,MIL,105,98,192.5,4.5,-185,160,https://www.sportsbookreviewsonline.com/scoresoddsarchives/nba-odds-2013-14
sbr:2013-14:2013-12-04:IND:UTA,2013-14,2013-12-04,IND,UTA,95,86,186.0,8.5,-425,325,https://www.sportsbookreviewsonline.com/scoresoddsarchives/nba-odds-2013-14
sbr:2013-14:2013-12-04:LAC:ATL,2013-14,2013-12-04,LAC,ATL,97,107,203.5,2.5,-145,125,https://www.sportsbookreviewsonline.com/scoresoddsarchives/nba-odds-2013-14
sbr:2013-14:2013-12-04:OKC:POR,2013-14,2013-12-04,OKC,POR,104,111,205.5,-2.5,115,-135,https://www.sportsbookreviewsonline.com/scoresoddsarchives/nba-odds-2013-14
sbr:2013-14:2013-12-04:PHX:HOU,2013-14,2013-12-04,PHX,HOU,97,88,212.0,-10.0,450,-700,https://www.sportsbookreviewsonline.com/scoresoddsarchives/nba-odds-2013-14
sbr:2013-14:2013-12-05:MIA:CHI,2013-14,2013-12-05,MIA,CHI,87,107,187.0,4.0,-190,162,https://www.sportsbookreviewsonline.com/scoresoddsarchives/nba-odds-2013-14
sbr:2013-14:2013-12-06:CLE:ATL,2013-14,2013-12-06,CLE,ATL,89,108,195.5,-6.0,215,-255,https://www.sportsbookreviewsonline.com/scoresoddsarchives/nba-odds-2013-14
sbr:2013-14:2013-12-06:DEN:BOS,2013-14,2013-12-06,DEN,BOS,98,106,200.5,4.0,-180,155,https://www.sportsbookreviewsonline.com/scoresoddsarchives/nba-odds-2013-14
sbr:2013-14:2013-12-06:GSW:HOU,2013-14,2013-12-06,GSW,HOU,83,105,213.0,-5.0,165,-200,https://www.sportsbookreviewsonline.com/scoresoddsarchives/nba-odds-2013-14
sbr:2013-14:2013-12-06:LAL:SAC,2013-14,2013-12-06,LAL,SAC,106,100,202.5,-4.0,155,-175,https://www.sportsbookreviewsonline.com/scoresoddsarchives/nba-odds-2013-14
sbr:2013-14:2013-12-06:OKC:NOP,2013-14,2013-12-06,OKC,NOP,109,95,206.5,5.5,-235,195,https://www.sportsbookreviewsonline.com/scoresoddsarchives/nba-odds-2013-14
sbr:2013-14:2013-12-06:ORL:NYK,2013-14,2013-12-06,ORL,NYK,83,121,195.5,-6.5,225,-265,https://www.sportsbookreviewsonline.com/scoresoddsarchives/nba-odds-2013-14
sbr:2013-14:2013-12-06:PHI:CHA,2013-14,2013-12-06,PHI,CHA,88,105,198.5,-7.0,240,-290,https://www.sportsbookreviewsonline.com/scoresoddsarchives/nba-odds-2013-14
sbr:2013-14:2013-12-06:TOR:PHX,2013-14,2013-12-06,TOR,PHX,97,106,199.5,-3.5,150,-170,https://www.sportsbookreviewsonline.com/scoresoddsarchives/nba-odds-2013-14
sbr:2013-14:2013-12-06:UTA:POR,2013-14,2013-12-06,UTA,POR,98,130,199.5,-11.0,520,-750,https://www.sportsbookreviewsonline.com/scoresoddsarchives/nba-odds-2013-14
sbr:2013-14:2013-12-07:BKN:MIL,2013-14,2013-12-07,BKN,MIL,90,82,191.5,2.5,-140,120,https://www.sportsbookreviewsonline.com/scoresoddsarchives/nba-odds-2013-14
sbr:2013-14:2013-12-07:DAL:POR,2013-14,2013-12-07,DAL,POR,108,106,208.5,-5.5,190,-230,https://www.sportsbookreviewsonline.com/scoresoddsarchives/nba-odds-2013-14
sbr:2013-14:2013-12-07:DEN:PHI,2013-14,2013-12-07,DEN,PHI,103,92,207.5,6.5,-285,235,https://www.sportsbookreviewsonline.com/scoresoddsarchives/nba-odds-2013-14
sbr:2013-14:2013-12-07:DET:CHI,2013-14,2013-12-07,DET,CHI,92,75,188.0,-2.0,110,-130,https://www.sportsbookreviewsonline.com/scoresoddsarchives/nba-odds-2013-14
sbr:2013-14:2013-12-07:IND:SAS,2013-14,2013-12-07,IND,SAS,111,100,191.5,-4.0,155,-175,https://www.sportsbookreviewsonline.com/scoresoddsarchives/nba-odds-2013-14
sbr:2013-14:2013-12-07:LAC:CLE,2013-14,2013-12-07,LAC,CLE,82,88,199.0,6.0,-250,210,https://www.sportsbookreviewsonline.com/scoresoddsarchives/nba-odds-2013-14
sbr:2013-14:2013-12-07:MIA:MIN,2013-14,2013-12-07,MIA,MIN,103,82,202.0,6.0,-285,235,https://www.sportsbookreviewsonline.com/scoresoddsarchives/nba-odds-2013-14
sbr:2013-14:2013-12-08:BOS:NYK,2013-14,2013-12-08,BOS,NYK,114,73,191.5,-6.0,205,-245,https://www.sportsbookreviewsonline.com/scoresoddsarchives/nba-odds-2013-14
sbr:2013-14:2013-12-08:IND:OKC,2013-14,2013-12-08,IND,OKC,94,118,194.5,-5.0,170,-200,https://www.sportsbookreviewsonline.com/scoresoddsarchives/nba-odds-2013-14
sbr:2013-14:2013-12-08:MIA:DET,2013-14,2013-12-08,MIA,DET,110,95,197.0,3.5,-160,140,https://www.sportsbookreviewsonline.com/scoresoddsarchives/nba-odds-2013-14
sbr:2013-14:2013-12-08:ORL:HOU,2013-14,2013-12-08,ORL,HOU,88,98,210.0,-13.5,925,-1425,https://www.sportsbookreviewsonline.com/scoresoddsarchives/nba-odds-2013-14
sbr:2013-14:2013-12-08:TOR:LAL,2013-14,2013-12-08,TOR,LAL,106,94,204.0,-6.5,225,-265,https://www.sportsbookreviewsonline.com/scoresoddsarchives/nba-odds-2013-14
sbr:2013-14:2013-12-09:DAL:SAC,2013-14,2013-12-09,DAL,SAC,97,112,207.5,4.5,-185,160,https://www.sportsbookreviewsonline.com/scoresoddsarchives/nba-odds-2013-14
sbr:2013-14:2013-12-09:GSW:CHA,2013-14,2013-12-09,GSW,CHA,111,115,195.0,6.0,-230,190,https://www.sportsbookreviewsonline.com/scoresoddsarchives/nba-odds-2013-14
sbr:2013-14:2013-12-09:LAC:PHI,2013-14,2013-12-09,LAC,PHI,94,83,208.5,9.5,-600,425,https://www.sportsbookreviewsonline.com/scoresoddsarchives/nba-odds-2013-14
sbr:2013-14:2013-12-09:ORL:MEM,2013-14,2013-12-09,ORL,MEM,85,94,188.0,-9.0,355,-460,https://www.sportsbookreviewsonline.com/scoresoddsarchives/nba-odds-2013-14
sbr:2013-14:2013-12-09:POR:UTA,2013-14,2013-12-09,POR,UTA,105,94,203.5,7.0,-305,245,https://www.sportsbookreviewsonline.com/scoresoddsarchives/nba-odds-2013-14
sbr:2013-14:2013-12-10:BOS:BKN,2013-14,2013-12-10,BOS,BKN,96,104,193.0,-2.0,110,-130,https://www.sportsbookreviewsonline.com/scoresoddsarchives/nba-odds-2013-14
sbr:2013-14:2013-12-10:MIA:IND,2013-14,2013-12-10,MIA,IND,84,90,191.5,-3.5,145,-165,https://www.sportsbookreviewsonline.com/scoresoddsarchives/nba-odds-2013-14
sbr:2013-14:2013-12-10:MIL:CHI,2013-14,2013-12-10,MIL,CHI,78,74,180.0,-6.0,210,-250,https://www.sportsbookreviewsonline.com/scoresoddsarchives/nba-odds-2013-14
sbr:2013-14:2013-12-10:NYK:CLE,2013-14,2013-12-10,NYK,CLE,94,109,190.5,-2.5,120,-140,https://www.sportsbookreviewsonline.com/scoresoddsarchives/nba-odds-2013-14
sbr:2013-14:2013-12-10:OKC:ATL,2013-14,2013-12-10,OKC,ATL,101,92,203.5,3.5,-165,145,https://www.sportsbookreviewsonline.com/scoresoddsarchives/nba-odds-2013-14
sbr:2013-14:2013-12-10:PHX:LAL,2013-14,2013-12-10,PHX,LAL,114,108,207.5,-3.0,130,-150,https://www.sportsbookreviewsonline.com/scoresoddsarchives/nba-odds-2013-14
sbr:2013-14:2013-12-10:SAS:TOR,2013-14,2013-12-10,SAS,TOR,116,103,199.0,8.5,-330,280,https://www.sportsbookreviewsonline.com/scoresoddsarchives/nba-odds-2013-14
sbr:2013-14:2013-12-11:CHI:NYK,2013-14,2013-12-11,CHI,NYK,78,83,180.0,-4.5,170,-200,https://www.sportsbookreviewsonline.com/scoresoddsarchives/nba-odds-2013-14
sbr:2013-14:2013-12-11:DAL:GSW,2013-14,2013-12-11,DAL,GSW,93,95,210.0,-6.0,205,-245,https://www.sportsbookreviewsonline.com/scoresoddsarchives/nba-odds-2013-14
sbr:2013-14:2013-12-11:LAC:BOS,2013-14,2013-12-11,LAC,BOS,96,88,195.0,5.0,-220,185,https://www.sportsbookreviewsonline.com/scoresoddsarchives/nba-odds-2013-14
sbr:2013-14:2013-12-11:OKC:MEM,2013-14,2013-12-11,OKC,MEM,116,100,191.0,6.5,-270,220,https://www.sportsbookreviewsonline.com/scoresoddsarchives/nba-odds-2013-14
sbr:2013-14:2013-12-11:ORL:CHA,2013-14,2013-12-11,ORL,CHA,92,83,194.0,-4.5,170,-200,https://www.sportsbookreviewsonline.com/scoresoddsarchives/nba-odds-2013-14
sbr:2013-14:2013-12-11:PHI:MIN,2013-14,2013-12-11,PHI,MIN,99,106,210.5,-13.0,785,-1235,https://www.sportsbookreviewsonline.com/scoresoddsarchives/nba-odds-2013-14
sbr:2013-14:2013-12-11:SAS:MIL,2013-14,2013-12-11,SAS,MIL,109,77,192.0,11.0,-850,550,https://www.sportsbookreviewsonline.com/scoresoddsarchives/nba-odds-2013-14
sbr:2013-14:2013-12-11:UTA:SAC,2013-14,2013-12-11,UTA,SAC,122,101,200.5,-7.0,240,-300,https://www.sportsbookreviewsonline.com/scoresoddsarchives/nba-odds-2013-14
sbr:2013-14:2013-12-12:HOU:POR,2013-14,2013-12-12,HOU,POR,104,111,213.5,-2.5,125,-145,https://www.sportsbookreviewsonline.com/scoresoddsarchives/nba-odds-2013-14
sbr:2013-14:2013-12-12:LAC:BKN,2013-14,2013-12-12,LAC,BKN,93,102,197.5,1.0,-120,100,https://www.sportsbookreviewsonline.com/scoresoddsarchives/nba-odds-2013-14
sbr:2013-14:2013-12-13:BKN:DET,2013-14,2013-12-13,BKN,DET,99,103,198.5,-6.0,205,-245,https://www.sportsbookreviewsonline.com/scoresoddsarchives/nba-odds-2013-14
sbr:2013-14:2013-12-13:CHA:IND,2013-14,2013-12-13,CHA,IND,94,99,183.5,-12.0,720,-1100,https://www.sportsbookreviewsonline.com/scoresoddsarchives/nba-odds-2013-14
sbr:2013-14:2013-12-13:CLE:ORL,2013-14,2013-12-13,CLE,ORL,109,100,195.0,-2.0,110,-130,https://www.sportsbookreviewsonline.com/scoresoddsarchives/nba-odds-2013-14
sbr:2013-14:2013-12-13:HOU:GSW,2013-14,2013-12-13,HOU,GSW,116,112,213.5,-3.0,135,-160,https://www.sportsbookreviewsonline.com/scoresoddsarchives/nba-odds-2013-14
sbr:2013-14:2013-12-13:LAL:OKC,2013-14,2013-12-13,LAL,OKC,97,122,210.5,-12.0,670,-1000,https://www.sportsbookreviewsonline.com/scoresoddsarchives/nba-odds-2013-14
sbr:2013-14:2013-12-13:MEM:NOP,2013-14,2013-12-13,MEM,NOP,98,104,192.0,-2.5,120,-140,https://www.sportsbookreviewsonline.com/scoresoddsarchives/nba-odds-2013-14
sbr:2013-14:2013-12-13:MIN:SAS,2013-14,2013-12-13,MIN,SAS,110,117,207.5,-8.0,305,-375,https://www.sportsbookreviewsonline.com/scoresoddsarchives/nba-odds-2013-14
sbr:2013-14:2013-12-13:NYK:BOS,2013-14,2013-12-13,NYK,BOS,86,90,190.0,-3.0,130,-150,https://www.sportsbookreviewsonline.com/scoresoddsarchives/nba-odds-2013-14
sbr:2013-14:2013-12-13:PHI:TOR,2013-14,2013-12-13,PHI,TOR,100,108,202.0,-7.0,254,-309,https://www.sportsbookreviewsonline.com/scoresoddsarchives/nba-odds-2013-14
sbr:2013-14:2013-12-13:SAC:PHX,2013-14,2013-12-13,SAC,PHX,107,116,208.5,-6.0,215,-260,https://www.sportsbookreviewsonline.com/scoresoddsarchives/nba-odds-2013-14
sbr:2013-14:2013-12-13:UTA:DEN,2013-14,2013-12-13,UTA,DEN,103,93,201.0,-10.5,485,-650,https://www.sportsbookreviewsonline.com/scoresoddsarchives/nba-odds-2013-14
sbr:2013-14:2013-12-14:ATL:NYK,2013-14,2013-12-14,ATL,NYK,106,111,192.0,-1.0,100,-114,https://www.sportsbookreviewsonline.com/scoresoddsarchives/nba-odds-2013-14
sbr:2013-14:2013-12-14:CLE:MIA,2013-14,2013-12-14,CLE,MIA,107,114,199.5,-12.5,775,-1225,https://www.sportsbookreviewsonline.com/scoresoddsarchives/nba-odds-2013-14
sbr:2013-14:2013-12-14:LAC:WAS,2013-14,2013-12-14,LAC,WAS,113,97,193.5,5.0,-195,170,https://www.sportsbookreviewsonline.com/scoresoddsarchives/nba-odds-2013-14
sbr:2013-14:2013-12-14:LAL:CHA,2013-14,2013-12-14,LAL,CHA,88,85,198.0,-3.0,125,-145,https://www.sportsbookreviewsonline.com/scoresoddsarchives/nba-odds-2013-14
sbr:2013-14:2013-12-14:MIL:DAL,2013-14,2013-12-14,MIL,DAL,93,106,193.0,-11.0,500,-800,https://www.sportsbookreviewsonline.com/scoresoddsarchives/nba-odds-2013-14
sbr:2013-14:2013-12-14:POR:PHI,2013-14,2013-12-14,POR,PHI,139,105,212.0,10.5,-755,455,https://www.sportsbookreviewsonline.com/scoresoddsarchives/nba-odds-2013-14
sbr:2013-14:2013-12-14:SAS:UTA,2013-14,2013-12-14,SAS,UTA,100,84,196.5,7.5,-305,245,https://www.sportsbookreviewsonline.com/scoresoddsarchives/nba-odds-2013-14
sbr:2013-14:2013-12-14:TOR:CHI,2013-14,2013-12-14,TOR,CHI,99,77,187.0,-3.5,140,-160,https://www.sportsbookreviewsonline.com/scoresoddsarchives/nba-odds-2013-14
sbr:2013-14:2013-12-15:HOU:SAC,2013-14,2013-12-15,HOU,SAC,91,106,214.5,6.5,-260,220,https://www.sportsbookreviewsonline.com/scoresoddsarchives/nba-odds-2013-14
sbr:2013-14:2013-12-15:MIN:MEM,2013-14,2013-12-15,MIN,MEM,101,93,196.5,3.5,-155,135,https://www.sportsbookreviewsonline.com/scoresoddsarchives/nba-odds-2013-14
sbr:2013-14:2013-12-15:NOP:DEN,2013-14,2013-12-15,NOP,DEN,93,102,205.5,-7.0,245,-305,https://www.sportsbookreviewsonline.com/scoresoddsarchives/nba-odds-2013-14
sbr:2013-14:2013-12-15:ORL:OKC,2013-14,2013-12-15,ORL,OKC,98,101,205.5,-13.0,935,-1635,https://www.sportsbookreviewsonline.com/scoresoddsarchives/nba-odds-2013-14
sbr:2013-14:2013-12-16:DET:IND,2013-14,2013-12-16,DET,IND,101,96,191.5,-11.0,540,-750,https://www.sportsbookreviewsonline.com/scoresoddsarchives/nba-odds-2013-14
sbr:2013-14:2013-12-16:LAL:ATL,2013-14,2013-12-16,LAL,ATL,100,114,205.0,-6.0,212,-255,https://www.sportsbookreviewsonline.com/scoresoddsarchives/nba-odds-2013-14
sbr:2013-14:2013-12-16:MIN:BOS,2013-14,2013-12-16,MIN,BOS,97,101,200.0,1.0,-119,-101,https://www.sportsbookreviewsonline.com/scoresoddsarchives/nba-odds-2013-14
sbr:2013-14:2013-12-16:ORL:CHI,2013-14,2013-12-16,ORL,CHI,83,82,185.5,-7.0,240,-290,https://www.sportsbookreviewsonline.com/scoresoddsarchives/nba-odds-2013-14
sbr:2013-14:2013-12-16:PHI:BKN,2013-14,2013-12-16,PHI,BKN,94,130,206.5,-8.5,320,-400,https://www.sportsbookreviewsonline.com/scoresoddsarchives/nba-odds-2013-14
sbr:2013-14:2013-12-16:SAS:LAC,2013-14,2013-12-16,SAS,LAC,92,115,203.5,3.0,-160,135,https://www.sportsbookreviewsonline.com/scoresoddsarchives/nba-odds-2013-14
sbr:2013-14:2013-12-16:UTA:MIA,2013-14,2013-12-16,UTA,MIA,94,117,199.5,-12.0,760,-1200,https://www.sportsbookreviewsonline.com/scoresoddsarchives/nba-odds-2013-14
sbr:2013-14:2013-12-16:WAS:NYK,2013-14,2013-12-16,WAS,NYK,102,101,191.5,-1.5,105,-125,https://www.sportsbookreviewsonline.com/scoresoddsarchives/nba-odds-2013-14
sbr:2013-14:2013-12-17:LAL:MEM,2013-14,2013-12-17,LAL,MEM,96,92,193.0,-2.5,120,-140,https://www.sportsbookreviewsonline.com/scoresoddsarchives/nba-odds-2013-14
sbr:2013-14:2013-12-17:NOP:GSW,2013-14,2013-12-17,NOP,GSW,93,104,207.0,-9.0,350,-455,https://www.sportsbookreviewsonline.com/scoresoddsarchives/nba-odds-2013-14
sbr:2013-14:2013-12-17:OKC:DEN,2013-14,2013-12-17,OKC,DEN,105,93,211.0,2.5,-150,130,https://www.sportsbookreviewsonline.com/scoresoddsarchives/nba-odds-2013-14
sbr:2013-14:2013-12-17:POR:CLE,2013-14,2013-12-17,POR,CLE,119,116,205.5,4.5,-190,165,https://www.sportsbookreviewsonline.com/scoresoddsarchives/nba-odds-2013-14
sbr:2013-14:2013-12-17:SAC:CHA,2013-14,2013-12-17,SAC,CHA,87,95,197.0,-1.5,100,-120,https://www.sportsbookreviewsonline.com/scoresoddsarchives/nba-odds-2013-14
sbr:2013-14:2013-12-18:CHI:HOU,2013-14,2013-12-18,CHI,HOU,94,109,191.0,-8.0,290,-350,https://www.sportsbookreviewsonline.com/scoresoddsarchives/nba-odds-2013-14
sbr:2013-14:2013-12-18:DET:BOS,2013-14,2013-12-18,DET,BOS,107,106,194.5,0.0,-110,-110,https://www.sportsbookreviewsonline.com/scoresoddsarchives/nba-odds-2013-14
sbr:2013-14:2013-12-18:IND:MIA,2013-14,2013-12-18,IND,MIA,94,97,190.5,-4.0,155,-175,https://www.sportsbookreviewsonline.com/scoresoddsarchives/nba-odds-2013-14
sbr:2013-14:2013-12-18:MEM:DAL,2013-14,2013-12-18,MEM,DAL,91,105,191.5,-9.5,405,-555,https://www.sportsbookreviewsonline.com/scoresoddsarchives/nba-odds-2013-14
sbr:2013-14:2013-12-18:NOP:LAC,2013-14,2013-12-18,NOP,LAC,95,108,205.5,-9.0,410,-560,https://www.sportsbookreviewsonline.com/scoresoddsarchives/nba-odds-2013-14
sbr:2013-14:2013-12-18:POR:MIN,2013-14,2013-12-18,POR,MIN,109,120,213.5,-3.0,135,-155,https://www.sportsbookreviewsonline.com/scoresoddsarchives/nba-odds-2013-14
sbr:2013-14:2013-12-18:SAC:ATL,2013-14,2013-12-18,SAC,ATL,107,124,205.0,-6.5,215,-255,https://www.sportsbookreviewsonline.com/scoresoddsarchives/nba-odds-2013-14
sbr:2013-14:2013-12-18:SAS:PHX,2013-14,2013-12-18,SAS,PHX,108,101,201.5,3.5,-160,140,https://www.sportsbookreviewsonline.com/scoresoddsarchives/nba-odds-2013-14
sbr:2013-14:2013-12-18:UTA:ORL,2013-14,2013-12-18,UTA,ORL,86,82,194.0,-3.0,135,-155,https://www.sportsbookreviewsonline.com/scoresoddsarchives/nba-odds-2013-14
sbr:2013-14:2013-12-18:WAS:BKN,2013-14,2013-12-18,WAS,BKN,113,107,196.5,-4.5,165,-190,https://www.sportsbookreviewsonline.com/scoresoddsarchives/nba-odds-2013-14
sbr:2013-14:2013-12-19:CHI:OKC,2013-14,2013-12-19,CHI,OKC,95,107,191.0,-13.5,850,-1400,https://www.sportsbookreviewsonline.com/scoresoddsarchives/nba-odds-2013-14
sbr:2013-14:2013-12-19:SAS:GSW,2013-14,2013-12-19,SAS,GSW,104,102,202.0,-7.0,250,-300,https://www.sportsbookreviewsonline.com/scoresoddsarchives/nba-odds-2013-14
sbr:2013-14:2013-12-20:CHA:DET,2013-14,2013-12-20,CHA,DET,116,106,190.5,-6.0,212,-255,https://www.sportsbookreviewsonline.com/scoresoddsarchives/nba-odds-2013-14
sbr:2013-14:2013-12-20:HOU:IND,2013-14,2013-12-20,HOU,IND,81,114,197.0,-5.5,200,-240,https://www.sportsbookreviewsonline.com/scoresoddsarchives/nba-odds-2013-14
sbr:2013-14:2013-12-20:MIN:LAL,2013-14,2013-12-20,MIN,LAL,91,104,210.5,6.0,-270,225,https://www.sportsbookreviewsonline.com/scoresoddsarchives/nba-odds-2013-14
sbr:2013-14:2013-12-20:PHX:DEN,2013-14,2013-12-20,PHX,DEN,103,99,208.0,-4.0,160,-185,https://www.sportsbookreviewsonline.com/scoresoddsarchives/nba-odds-2013-14
sbr:2013-14:2013-12-20:SAC:MIA,2013-14,2013-12-20,SAC,MIA,103,122,208.0,-10.0,425,-555,https://www.sportsbookreviewsonline.com/scoresoddsarchives/nba-odds-2013-14
sbr:2013-14:2013-12-20:UTA:ATL,2013-14,2013-12-20,UTA,ATL,85,118,197.5,-7.5,295,-360,https://www.sportsbookreviewsonline.com/scoresoddsarchives/nba-odds-2013-14
sbr:2013-14:2013-12-21:CLE:CHI,2013-14,2013-12-21,CLE,CHI,84,100,187.0,-3.0,130,-150,https://www.sportsbookreviewsonline.com/scoresoddsarchives/nba-odds-2013-14
sbr:2013-14:2013-12-21:DAL:PHX,2013-14,2013-12-21,DAL,PHX,108,123,208.0,-2.5,120,-140,https://www.sportsbookreviewsonline.com/scoresoddsarchives/nba-odds-2013-14
sbr:2013-14:2013-12-21:DEN:LAC,2013-14,2013-12-21,DEN,LAC,91,112,205.5,-9.0,355,-450,https://www.sportsbookreviewsonline.com/scoresoddsarchives/nba-odds-2013-14
sbr:2013-14:2013-12-21:HOU:DET,2013-14,2013-12-21,HOU,DET,114,97,208.0,1.5,-120,100,https://www.sportsbookreviewsonline.com/scoresoddsarchives/nba-odds-2013-14
sbr:2013-14:2013-12-21:LAL:GSW,2013-14,2013-12-21,LAL,GSW,83,102,208.0,-13.5,970,-1700,https://www.sportsbookreviewsonline.com/scoresoddsarchives/nba-odds-2013-14
sbr:2013-14:2013-12-21:MEM:NYK,2013-14,2013-12-21,MEM,NYK,95,87,185.0,-3.0,135,-160,https://www.sportsbookreviewsonline.com/scoresoddsarchives/nba-odds-2013-14
sbr:2013-14:2013-12-21:NOP:POR,2013-14,2013-12-21,NOP,POR,107,110,213.0,-8.0,305,-375,https://www.sportsbookreviewsonline.com/scoresoddsarchives/nba-odds-2013-14
sbr:2013-14:2013-12-21:OKC:SAS,2013-14,2013-12-21,OKC,SAS,113,100,208.5,-3.0,130,-150,https://www.sportsbookreviewsonline.com/scoresoddsarchives/nba-odds-2013-14
sbr:2013-14:2013-12-21:PHI:MIL,2013-14,2013-12-21,PHI,MIL,106,116,203.0,-2.5,120,-140,https://www.sportsbookreviewsonline.com/scoresoddsarchives/nba-odds-2013-14
sbr:2013-14:2013-12-21:SAC:ORL,2013-14,2013-12-21,SAC,ORL,105,100,203.5,-3.0,130,-150,https://www.sportsbookreviewsonline.com/scoresoddsarchives/nba-odds-2013-14
sbr:2013-14:2013-12-21:UTA:CHA,2013-14,2013-12-21,UTA,CHA,88,85,189.0,-4.5,160,-185,https://www.sportsbookreviewsonline.com/scoresoddsarchives/nba-odds-2013-14
sbr:2013-14:2013-12-21:WAS:BOS,2013-14,2013-12-21,WAS,BOS,106,99,193.0,-1.5,105,-125,https://www.sportsbookreviewsonline.com/scoresoddsarchives/nba-odds-2013-14
sbr:2013-14:2013-12-22:BOS:IND,2013-14,2013-12-22,BOS,IND,79,106,189.5,-12.0,670,-1000,https://www.sportsbookreviewsonline.com/scoresoddsarchives/nba-odds-2013-14
sbr:2013-14:2013-12-22:TOR:OKC,2013-14,2013-12-22,TOR,OKC,104,98,207.0,-10.0,438,-579,https://www.sportsbookreviewsonline.com/scoresoddsarchives/nba-odds-2013-14
sbr:2013-14:2013-12-23:DAL:HOU,2013-14,2013-12-23,DAL,HOU,111,104,210.5,-4.0,155,-175,https://www.sportsbookreviewsonline.com/scoresoddsarchives/nba-odds-2013-14
sbr:2013-14:2013-12-23:DET:CLE,2013-14,2013-12-23,DET,CLE,115,92,203.5,-1.0,-105,-115,https://www.sportsbookreviewsonline.com/scoresoddsarchives/nba-odds-2013-14
sbr:2013-14:2013-12-23:IND:BKN,2013-14,2013-12-23,IND,BKN,103,86,196.5,6.5,-260,220,https://www.sportsbookreviewsonline.com/scoresoddsarchives/nba-odds-2013-14
sbr:2013-14:2013-12-23:LAL:PHX,2013-14,2013-12-23,LAL,PHX,90,117,211.0,-7.5,285,-345,https://www.sportsbookreviewsonline.com/scoresoddsarchives/nba-odds-2013-14
sbr:2013-14:2013-12-23:NOP:SAC,2013-14,2013-12-23,NOP,SAC,113,100,209.5,0.0,-115,-105,https://www.sportsbookreviewsonline.com/scoresoddsarchives/nba-odds-2013-14
sbr:2013-14:2013-12-23:TOR:SAS,2013-14,2013-12-23,TOR,SAS,99,112,203.0,-11.5,595,-895,https://www.sportsbookreviewsonline.com/scoresoddsarchives/nba-odds-2013-14
sbr:2013-14:2013-12-23:UTA:MEM,2013-14,2013-12-23,UTA,MEM,94,104,186.5,-6.5,220,-260,https://www.sportsbookreviewsonline.com/scoresoddsarchives/nba-odds-2013-14
sbr:2013-14:2013-12-25:CHI:BKN,2013-14,2013-12-25,CHI,BKN,95,78,190.0,-3.5,140,-165,https://www.sportsbookreviewsonline.com/scoresoddsarchives/nba-odds-2013-14
sbr:2013-14:2013-12-25:HOU:SAS,2013-14,2013-12-25,HOU,SAS,111,98,213.0,-8.0,286,-345,https://www.sportsbookreviewsonline.com/scoresoddsarchives/nba-odds-2013-14
sbr:2013-14:2013-12-25:LAC:GSW,2013-14,2013-12-25,LAC,GSW,103,105,207.0,-3.5,140,-165,https://www.sportsbookreviewsonline.com/scoresoddsarchives/nba-odds-2013-14
sbr:2013-14:2013-12-25:MIA:LAL,2013-14,2013-12-25,MIA,LAL,101,95,206.5,9.5,-490,380,https://www.sportsbookreviewsonline.com/scoresoddsarchives/nba-odds-2013-14
sbr:2013-14:2013-12-25:OKC:NYK,2013-14,2013-12-25,OKC,NYK,123,94,200.5,9.5,-620,465,https://www.sportsbookreviewsonline.com/scoresoddsarchives/nba-odds-2013-14
sbr:2013-14:2013-12-26:MEM:HOU,2013-14,2013-12-26,MEM,HOU,92,100,199.5,-7.5,280,-340,https://www.sportsbookreviewsonline.com/scoresoddsarchives/nba-odds-2013-14
sbr:2013-14:2013-12-26:SAS:DAL,2013-14,2013-12-26,SAS,DAL,116,107,209.0,3.0,-160,135,https://www.sportsbookreviewsonline.com/scoresoddsarchives/nba-odds-2013-14
sbr:2013-14:2013-12-27:DEN:NOP,2013-14,2013-12-27,DEN,NOP,89,105,201.5,-3.0,135,-160,https://www.sportsbookreviewsonline.com/scoresoddsarchives/nba-odds-2013-14
sbr:2013-14:2013-12-27:DET:ORL,2013-14,2013-12-27,DET,ORL,92,109,203.5,4.0,-175,150,https://www.sportsbookreviewsonline.com/scoresoddsarchives/nba-odds-2013-14
sbr:2013-14:2013-12-27:LAL:UTA,2013-14,2013-12-27,LAL,UTA,103,105,198.5,-4.0,150,-175,https://www.sportsbookreviewsonline.com/scoresoddsarchives/nba-odds-2013-14
sbr:2013-14:2013-12-27:MIL:BKN,2013-14,2013-12-27,MIL,BKN,93,104,195.5,-4.5,162,-190,https://www.sportsbookreviewsonline.com/scoresoddsarchives/nba-odds-2013-14
sbr:2013-14:2013-12-27:OKC:CHA,2013-14,2013-12-27,OKC,CHA,89,85,195.0,7.0,-310,255,https://www.sportsbookreviewsonline.com/scoresoddsarchives/nba-odds-2013-14
sbr:2013-14:2013-12-27:PHX:GSW,2013-14,2013-12-27,PHX,GSW,86,115,211.0,-6.0,212,-255,https://www.sportsbookreviewsonline.com/scoresoddsarchives/nba-odds-2013-14
sbr:2013-14:2013-12-27:TOR:NYK,2013-14,2013-12-27,TOR,NYK,95,83,193.5,3.5,-165,140,https://www.sportsbookreviewsonline.com/scoresoddsarchives/nba-odds-2013-14
sbr:2013-14:2013-12-27:WAS:MIN,2013-14,2013-12-27,WAS,MIN,98,120,207.0,-6.0,205,-245,https://www.sportsbookreviewsonline.com/scoresoddsarchives/nba-odds-2013-14
sbr:2013-14:2013-12-28:BKN:IND,2013-14,2013-12-28,BKN,IND,91,105,195.5,-13.0,810,-1300,https://www.sportsbookreviewsonline.com/scoresoddsarchives/nba-odds-2013-14
sbr:2013-14:2013-12-28:CLE:BOS,2013-14,2013-12-28,CLE,BOS,100,103,196.5,-4.5,160,-185,https://www.sportsbookreviewsonline.com/scoresoddsarchives/nba-odds-2013-14
sbr:2013-14:2013-12-28:DAL:CHI,2013-14,2013-12-28,DAL,CHI,105,83,190.5,2.5,-140,120,https://www.sportsbookreviewsonline.com/scoresoddsarchives/nba-odds-2013-14
sbr:2013-14:2013-12-28:DEN:MEM,2013-14,2013-12-28,DEN,MEM,99,120,189.0,-3.0,133,-158,https://www.sportsbookreviewsonline.com/scoresoddsarchives/nba-odds-2013-14
sbr:2013-14:2013-12-28:DET:WAS,2013-14,2013-12-28,DET,WAS,82,106,203.5,-3.5,140,-165,https://www.sportsbookreviewsonline.com/scoresoddsarchives/nba-odds-2013-14
sbr:2013-14:2013-12-28:MIA:POR,2013-14,2013-12-28,MIA,POR,108,107,207.5,-7.0,247,-300,https://www.sportsbookreviewsonline.com/scoresoddsarchives/nba-odds-2013-14
sbr:2013-14:2013-12-28:MIN:MIL,2013-14,2013-12-28,MIN,MIL,117,95,203.0,7.5,-335,275,https://www.sportsbookreviewsonline.com/scoresoddsarchives/nba-odds-2013-14
sbr:2013-14:2013-12-28:NOP:HOU,2013-14,2013-12-28,NOP,HOU,98,107,211.5,-9.0,365,-465,https://www.sportsbookreviewsonline.com/scoresoddsarchives/nba-odds-2013-14
sbr:2013-14:2013-12-28:NYK:TOR,2013-14,2013-12-28,NYK,TOR,100,115,190.5,-6.5,230,-280,https://www.sportsbookreviewsonline.com/scoresoddsarchives/nba-odds-2013-14
sbr:2013-14:2013-12-28:PHI:PHX,2013-14,2013-12-28,PHI,PHX,101,115,216.0,-10.5,450,-600,https://www.sportsbookreviewsonline.com/scoresoddsarchives/nba-odds-2013-14
sbr:2013-14:2013-12-28:UTA:LAC,2013-14,2013-12-28,UTA,LAC,90,98,202.0,-15.0,1500,-3000,https://www.sportsbookreviewsonline.com/scoresoddsarchives/nba-odds-2013-14
sbr:2013-14:2013-12-29:ATL:ORL,2013-14,2013-12-29,ATL,ORL,102,109,202.5,-3.5,140,-160,https://www.sportsbookreviewsonline.com/scoresoddsarchives/nba-odds-2013-14
sbr:2013-14:2013-12-29:HOU:OKC,2013-14,2013-12-29,HOU,OKC,86,117,210.0,-4.5,155,-180,https://www.sportsbookreviewsonline.com/scoresoddsarchives/nba-odds-2013-14
sbr:2013-14:2013-12-29:PHI:LAL,2013-14,2013-12-29,PHI,LAL,111,104,218.5,-7.0,240,-290,https://www.sportsbookreviewsonline.com/scoresoddsarchives/nba-odds-2013-14
sbr:2013-14:2013-12-29:SAC:SAS,2013-14,2013-12-29,SAC,SAS,104,112,209.0,-11.5,650,-1000,https://www.sportsbookreviewsonline.com/scoresoddsarchives/nba-odds-2013-14
sbr:2013-14:2013-12-30:CHA:UTA,2013-14,2013-12-30,CHA,UTA,80,83,188.5,-3.0,125,-145,https://www.sportsbookreviewsonline.com/scoresoddsarchives/nba-odds-2013-14
sbr:2013-14:2013-12-30:DAL:MIN,2013-14,2013-12-30,DAL,MIN,100,98,212.5,-4.0,160,-190,https://www.sportsbookreviewsonline.com/scoresoddsarchives/nba-odds-2013-14
sbr:2013-14:2013-12-30:PHX:LAC,2013-14,2013-12-30,PHX,LAC,107,88,208.5,-8.0,300,-360,https://www.sportsbookreviewsonline.com/scoresoddsarchives/nba-odds-2013-14
sbr:2013-14:2013-12-30:POR:NOP,2013-14,2013-12-30,POR,NOP,108,110,210.5,2.0,-130,110,https://www.sportsbookreviewsonline.com/scoresoddsarchives/nba-odds-2013-14
sbr:2013-14:2013-12-30:WAS:DET,2013-14,2013-12-30,WAS,DET,106,99,203.5,-2.5,120,-140,https://www.sportsbookreviewsonline.com/scoresoddsarchives/nba-odds-2013-14
sbr:2013-14:2013-12-31:ATL:BOS,2013-14,2013-12-31,ATL,BOS,92,91,204.0,-3.0,135,-155,https://www.sportsbookreviewsonline.com/scoresoddsarchives/nba-odds-2013-14
sbr:2013-14:2013-12-31:BKN:SAS,2013-14,2013-12-31,BKN,SAS,92,113,205.5,-12.0,650,-1000,https://www.sportsbookreviewsonline.com/scoresoddsarchives/nba-odds-2013-14
sbr:2013-14:2013-12-31:CLE:IND,2013-14,2013-12-31,CLE,IND,76,91,197.0,-13.0,800,-1350,https://www.sportsbookreviewsonline.com/scoresoddsarchives/nba-odds-2013-14
sbr:2013-14:2013-12-31:GSW:ORL,2013-14,2013-12-31,GSW,ORL,94,81,202.0,6.0,-235,195,https://www.sportsbookreviewsonline.com/scoresoddsarchives/nba-odds-2013-14
sbr:2013-14:2013-12-31:MIL:LAL,2013-14,2013-12-31,MIL,LAL,94,79,202.5,-6.0,200,-240,https://www.sportsbookreviewsonline.com/scoresoddsarchives/nba-odds-2013-14
sbr:2013-14:2013-12-31:POR:OKC,2013-14,2013-12-31,POR,OKC,98,94,214.0,-6.0,205,-245,https://www.sportsbookreviewsonline.com/scoresoddsarchives/nba-odds-2013-14
sbr:2013-14:2013-12-31:SAC:HOU,2013-14,2013-12-31,SAC,HOU,110,106,215.0,-10.0,435,-580,https://www.sportsbookreviewsonline.com/scoresoddsarchives/nba-odds-2013-14
sbr:2013-14:2013-12-31:TOR:CHI,2013-14,2013-12-31,TOR,CHI,85,79,187.0,-1.0,100,-120,https://www.sportsbookreviewsonline.com/scoresoddsarchives/nba-odds-2013-14
sbr:2014-15:2014-10-28:DAL:SAS,2014-15,2014-10-28,DAL,SAS,100,101,203.5,-3.5,140,-165,https://www.sportsbookreviewsonline.com/scoresoddsarchives/nba-odds-2014-15
sbr:2014-15:2014-10-28:HOU:LAL,2014-15,2014-10-28,HOU,LAL,108,90,207.0,7.0,-300,250,https://www.sportsbookreviewsonline.com/scoresoddsarchives/nba-odds-2014-15
sbr:2014-15:2014-10-28:ORL:NOP,2014-15,2014-10-28,ORL,NOP,84,101,191.0,-9.0,380,-475,https://www.sportsbookreviewsonline.com/scoresoddsarchives/nba-odds-2014-15
sbr:2014-15:2014-10-29:ATL:TOR,2014-15,2014-10-29,ATL,TOR,102,109,198.5,-4.5,161,-190,https://www.sportsbookreviewsonline.com/scoresoddsarchives/nba-odds-2014-15
sbr:2014-15:2014-10-29:CHI:NYK,2014-15,2014-10-29,CHI,NYK,104,80,184.0,4.5,-195,166,https://www.sportsbookreviewsonline.com/scoresoddsarchives/nba-odds-2014-15
sbr:2014-15:2014-10-29:DET:DEN,2014-15,2014-10-29,DET,DEN,79,89,205.5,-6.5,225,-270,https://www.sportsbookreviewsonline.com/scoresoddsarchives/nba-odds-2014-15
sbr:2014-15:2014-10-29:GSW:SAC,2014-15,2014-10-29,GSW,SAC,95,77,206.0,4.5,-195,166,https://www.sportsbookreviewsonline.com/scoresoddsarchives/nba-odds-2014-15
sbr:2014-15:2014-10-29:HOU:UTA,2014-15,2014-10-29,HOU,UTA,104,93,202.0,3.0,-160,135,https://www.sportsbookreviewsonline.com/scoresoddsarchives/nba-odds-2014-15
sbr:2014-15:2014-10-29:LAL:PHX,2014-15,2014-10-29,LAL,PHX,99,119,208.5,-12.0,750,-1100,https://www.sportsbookreviewsonline.com/scoresoddsarchives/nba-odds-2014-15
sbr:2014-15:2014-10-29:MIN:MEM,2014-15,2014-10-29,MIN,MEM,101,105,197.5,-7.5,290,-350,https://www.sportsbookreviewsonline.com/scoresoddsarchives/nba-odds-2014-15
sbr:2014-15:2014-10-29:OKC:POR,2014-15,2014-10-29,OKC,POR,89,106,198.5,-9.0,380,-475,https://www.sportsbookreviewsonline.com/scoresoddsarchives/nba-odds-2014-15
sbr:2014-15:2014-10-29:PHI:IND,2014-15,2014-10-29,PHI,IND,91,103,189.5,-7.5,290,-350,https://www.sportsbookreviewsonline.com/scoresoddsarchives/nba-odds-2014-15
sbr:2014-15:2014-10-29:WAS:MIA,2014-15,2014-10-29,WAS,MIA,95,107,188.0,-5.0,180,-210,https://www.sportsbookreviewsonline.com/scoresoddsarchives/nba-odds-2014-15
sbr:2014-15:2014-10-30:DET:MIN,2014-15,2014-10-30,DET,MIN,91,97,204.5,-5.5,195,-230,https://www.sportsbookreviewsonline.com/scoresoddsarchives/nba-odds-2014-15
sbr:2014-15:2014-10-30:NYK:CLE,2014-15,2014-10-30,NYK,CLE,95,90,203.0,-13.0,825,-1325,https://www.sportsbookreviewsonline.com/scoresoddsarchives/nba-odds-2014-15
sbr:2014-15:2014-10-30:OKC:LAC,2014-15,2014-10-30,OKC,LAC,90,93,205.5,-13.0,800,-1200,https://www.sportsbookreviewsonline.com/scoresoddsarchives/nba-odds-2014-15
sbr:2014-15:2014-10-30:UTA:DAL,2014-15,2014-10-30,UTA,DAL,102,120,203.0,-10.5,500,-650,https://www.sportsbookreviewsonline.com/scoresoddsarchives/nba-odds-2014-15
sbr:2014-15:2014-10-30:WAS:ORL,2014-15,2014-10-30,WAS,ORL,105,98,188.0,4.5,-190,161,https://www.sportsbookreviewsonline.com/scoresoddsarchives/nba-odds-2014-15
sbr:2014-15:2014-10-31:LAC:LAL,2014-15,2014-10-31,LAC,LAL,118,111,210.0,11.5,-900,600,https://www.sportsbookreviewsonline.com/scoresoddsarchives/nba-odds-2014-15
sbr:2014-15:2014-10-31:MEM:IND,2014-15,2014-10-31,MEM,IND,97,89,185.5,6.5,-270,225,https://www.sportsbookreviewsonline.com/scoresoddsarchives/nba-odds-2014-15
sbr:2014-15:2014-10-31:PHI:MIL,2014-15,2014-10-31,PHI,MIL,81,93,204.0,-8.5,340,-420,https://www.sportsbookreviewsonline.com/scoresoddsarchives/nba-odds-2014-15
sbr:2014-15:2014-10-31:POR:SAC,2014-15,2014-10-31,POR,SAC,94,103,198.5,4.5,-190,161,https://www.sportsbookreviewsonline.com/scoresoddsarchives/nba-odds-2014-15
sbr:2014-15:2014-10-31:SAS:PHX,2014-15,2014-10-31,SAS,PHX,89,94,208.5,0.0,-115,-105,https://www.sportsbookreviewsonline.com/scoresoddsarchives/nba-odds-2014-15
sbr:2014-15:2014-11-01:BKN:DET,2014-15,2014-11-01,BKN,DET,102,90,195.5,-3.0,130,-150,https://www.sportsbookreviewsonline.com/scoresoddsarchives/nba-odds-2014-15
sbr:2014-15:2014-11-01:BOS:HOU,2014-15,2014-11-01,BOS,HOU,90,104,208.5,-7.5,290,-350,https://www.sportsbookreviewsonline.com/scoresoddsarchives/nba-odds-2014-15
sbr:2014-15:2014-11-01:CHI:MIN,2014-15,2014-11-01,CHI,MIN,106,105,191.0,2.0,-130,110,https://www.sportsbookreviewsonline.com/scoresoddsarchives/nba-odds-2014-15
sbr:2014-15:2014-11-01:DAL:NOP,2014-15,2014-11-01,DAL,NOP,109,104,203.5,0.0,-105,-115,https://www.sportsbookreviewsonline.com/scoresoddsarchives/nba-odds-2014-15
sbr:2014-15:2014-11-01:DEN:OKC,2014-15,2014-11-01,DEN,OKC,91,102,193.0,4.5,-200,170,https://www.sportsbookreviewsonline.com/scoresoddsarchives/nba-odds-2014-15
sbr:2014-15:2014-11-01:IND:ATL,2014-15,2014-11-01,IND,ATL,92,102,193.5,-11.0,500,-650,https://www.sportsbookreviewsonline.com/scoresoddsarchives/nba-odds-2014-15
sbr:2014-15:2014-11-01:LAL:GSW,2014-15,2014-11-01,LAL,GSW,104,127,210.5,-14.0,900,-1500,https://www.sportsbookreviewsonline.com/scoresoddsarchives/nba-odds-2014-15
sbr:2014-15:2014-11-01:MEM:CHA,2014-15,2014-11-01,MEM,CHA,71,69,186.5,-3.0,135,-160,https://www.sportsbookreviewsonline.com/scoresoddsarchives/nba-odds-2014-15
sbr:2014-15:2014-11-01:MIA:PHI,2014-15,2014-11-01,MIA,PHI,114,96,195.5,9.0,-450,355,https://www.sportsbookreviewsonline.com/scoresoddsarchives/nba-odds-2014-15
sbr:2014-15:2014-11-01:MIL:WAS,2014-15,2014-11-01,MIL,WAS,97,108,197.0,-9.0,355,-450,https://www.sportsbookreviewsonline.com/scoresoddsarchives/nba-odds-2014-15
sbr:2014-15:2014-11-01:PHX:UTA,2014-15,2014-11-01,PHX,UTA,91,118,203.5,2.0,-130,110,https://www.sportsbookreviewsonline.com/scoresoddsarchives/nba-odds-2014-15
sbr:2014-15:2014-11-01:TOR:ORL,2014-15,2014-11-01,TOR,ORL,108,95,196.5,5.5,-235,195,https://www.sportsbookreviewsonline.com/scoresoddsarchives/nba-odds-2014-15
sbr:2014-15:2014-11-02:CHA:NYK,2014-15,2014-11-02,CHA,NYK,93,96,185.0,-3.5,140,-165,https://www.sportsbookreviewsonline.com/scoresoddsarchives/nba-odds-2014-15
sbr:2014-15:2014-11-02:GSW:POR,2014-15,2014-11-02,GSW,POR,95,90,208.0,-3.5,140,-165,https://www.sportsbookreviewsonline.com/scoresoddsarchives/nba-odds-2014-15
sbr:2014-15:2014-11-02:SAC:LAC,2014-15,2014-11-02,SAC,LAC,98,92,205.0,-9.0,380,-480,https://www.sportsbookreviewsonline.com/scoresoddsarchives/nba-odds-2014-15
sbr:2014-15:2014-11-02:TOR:MIA,2014-15,2014-11-02,TOR,MIA,102,107,197.5,-2.0,110,-130,https://www.sportsbookreviewsonline.com/scoresoddsarchives/nba-odds-2014-15
sbr:2014-15:2014-11-03:BOS:DAL,2014-15,2014-11-03,BOS,DAL,113,118,208.5,-9.0,395,-515,https://www.sportsbookreviewsonline.com/scoresoddsarchives/nba-odds-2014-15
sbr:2014-15:2014-11-03:HOU:PHI,2014-15,2014-11-03,HOU,PHI,104,93,200.5,11.0,-850,600,https://www.sportsbookreviewsonline.com/scoresoddsarchives/nba-odds-2014-15
sbr:2014-15:2014-11-03:NOP:MEM,2014-15,2014-11-03,NOP,MEM,81,93,187.0,-4.0,155,-180,https://www.sportsbookreviewsonline.com/scoresoddsarchives/nba-odds-2014-15
sbr:2014-15:2014-11-03:OKC:BKN,2014-15,2014-11-03,OKC,BKN,85,116,192.5,-6.5,230,-275,https://www.sportsbookreviewsonline.com/scoresoddsarchives/nba-odds-2014-15
sbr:2014-15:2014-11-03:SAC:DEN,2014-15,2014-11-03,SAC,DEN,110,105,201.5,-6.5,240,-290,https://www.sportsbookreviewsonline.com/scoresoddsarchives/nba-odds-2014-15
sbr:2014-15:2014-11-03:UTA:LAC,2014-15,2014-11-03,UTA,LAC,101,107,203.5,-10.0,430,-550,https://www.sportsbookreviewsonline.com/scoresoddsarchives/nba-odds-2014-15
sbr:2014-15:2014-11-04:CHA:NOP,2014-15,2014-11-04,CHA,NOP,91,100,190.0,-4.0,155,-180,https://www.sportsbookreviewsonline.com/scoresoddsarchives/nba-odds-2014-15
sbr:2014-15:2014-11-04:CLE:POR,2014-15,2014-11-04,CLE,POR,82,101,209.5,2.5,-140,120,https://www.sportsbookreviewsonline.com/scoresoddsarchives/nba-odds-2014-15
sbr:2014-15:2014-11-04:HOU:MIA,2014-15,2014-11-04,HOU,MIA,108,91,205.0,-2.5,117,-137,https://www.sportsbookreviewsonline.com/scoresoddsarchives/nba-odds-2014-15
sbr:2014-15:2014-11-04:MIL:IND,2014-15,2014-11-04,MIL,IND,87,81,191.5,-4.0,150,-175,https://www.sportsbookreviewsonline.com/scoresoddsarchives/nba-odds-2014-15
sbr:2014-15:2014-11-04:OKC:TOR,2014-15,2014-11-04,OKC,TOR,88,100,192.5,-11.5,600,-900,https://www.sportsbookreviewsonline.com/scoresoddsarchives/nba-odds-2014-15
sbr:2014-15:2014-11-04:ORL:CHI,2014-15,2014-11-04,ORL,CHI,90,98,189.0,-10.0,460,-600,https://www.sportsbookreviewsonline.com/scoresoddsarchives/nba-odds-2014-15
sbr:2014-15:2014-11-04:PHX:LAL,2014-15,2014-11-04,PHX,LAL,112,106,213.0,6.0,-250,210,https://www.sportsbookreviewsonline.com/scoresoddsarchives/nba-odds-2014-15
sbr:2014-15:2014-11-05:ATL:SAS,2014-15,2014-11-05,ATL,SAS,92,94,202.0,-8.0,315,-385,https://www.sportsbookreviewsonline.com/scoresoddsarchives/nba-odds-2014-15
sbr:2014-15:2014-11-05:CHI:MIL,2014-15,2014-11-05,CHI,MIL,95,86,191.0,5.0,-210,180,https://www.sportsbookreviewsonline.com/scoresoddsarchives/nba-odds-2014-15
sbr:2014-15:2014-11-05:CLE:UTA,2014-15,2014-11-05,CLE,UTA,100,102,207.0,5.5,-230,195,https://www.sportsbookreviewsonline.com/scoresoddsarchives/nba-odds-2014-15
sbr:2014-15:2014-11-05:DEN:SAC,2014-15,2014-11-05,DEN,SAC,109,131,206.0,-3.5,135,-160,https://www.sportsbookreviewsonline.com/scoresoddsarchives/nba-odds-2014-15
sbr:2014-15:2014-11-05:LAC:GSW,2014-15,2014-11-05,LAC,GSW,104,121,211.5,-5.0,178,-208,https://www.sportsbookreviewsonline.com/scoresoddsarchives/nba-odds-2014-15
sbr:2014-15:2014-11-05:MEM:PHX,2014-15,2014-11-05,MEM,PHX,102,91,192.5,-1.5,100,-120,https://www.sportsbookreviewsonline.com/scoresoddsarchives/nba-odds-2014-15
sbr:2014-15:2014-11-05:MIA:CHA,2014-15,2014-11-05,MIA,CHA,89,96,190.0,-1.5,105,-125,https://www.sportsbookreviewsonline.com/scoresoddsarchives/nba-odds-2014-15
sbr:2014-15:2014-11-05:MIN:BKN,2014-15,2014-11-05,MIN,BKN,98,91,208.5,-5.0,180,-210,https://www.sportsbookreviewsonline.com/scoresoddsarchives/nba-odds-2014-15
sbr:2014-15:2014-11-05:NYK:DET,2014-15,2014-11-05,NYK,DET,95,98,186.0,-4.0,155,-180,https://www.sportsbookreviewsonline.com/scoresoddsarchives/nba-odds-2014-15
sbr:2014-15:2014-11-05:ORL:PHI,2014-15,2014-11-05,ORL,PHI,91,89,196.5,3.0,-145,125,https://www.sportsbookreviewsonline.com/scoresoddsarchives/nba-odds-2014-15
sbr:2014-15:2014-11-06:DAL:POR,2014-15,2014-11-06,DAL,POR,87,108,210.0,-2.0,110,-130,https://www.sportsbookreviewsonline.com/scoresoddsarchives/nba-odds-2014-15
sbr:2014-15:2014-11-06:SAS:HOU,2014-15,2014-11-06,SAS,HOU,81,98,196.5,-6.5,245,-295,https://www.sportsbookreviewsonline.com/scoresoddsarchives/nba-odds-2014-15
sbr:2014-15:2014-11-07:CHI:PHI,2014-15,2014-11-07,CHI,PHI,118,115,189.0,10.0,-600,460,https://www.sportsbookreviewsonline.com/scoresoddsarchives/nba-odds-2014-15
sbr:2014-15:2014-11-07:CLE:DEN,2014-15,2014-11-07,CLE,DEN,110,101,211.0,6.5,-276,231,https://www.sportsbookreviewsonline.com/scoresoddsarchives/nba-odds-2014-15
sbr:2014-15:2014-11-07:DAL:UTA,2014-15,2014-11-07,DAL,UTA,105,82,205.0,3.0,-150,130,https://www.sportsbookreviewsonline.com/scoresoddsarchives/nba-odds-2014-15
sbr:2014-15:2014-11-07:IND:BOS,2014-15,2014-11-07,IND,BOS,98,101,191.0,-5.5,195,-230,https://www.sportsbookreviewsonline.com/scoresoddsarchives/nba-odds-2014-15
sbr:2014-15:2014-11-07:MEM:OKC,2014-15,2014-11-07,MEM,OKC,91,89,181.5,7.0,-315,260,https://www.sportsbookreviewsonline.com/scoresoddsarchives/nba-odds-2014-15
sbr:2014-15:2014-11-07:MIL:DET,2014-15,2014-11-07,MIL,DET,95,98,195.0,-5.0,176,-205,https://www.sportsbookreviewsonline.com/scoresoddsarchives/nba-odds-2014-15
sbr:2014-15:2014-11-07:NYK:BKN,2014-15,2014-11-07,NYK,BKN,99,110,192.5,-6.0,210,-250,https://www.sportsbookreviewsonline.com/scoresoddsarchives/nba-odds-2014-15
sbr:2014-15:2014-11-07:WAS:TOR,2014-15,2014-11-07,WAS,TOR,84,103,195.0,-3.5,145,-170,https://www.sportsbookreviewsonline.com/scoresoddsarchives/nba-odds-2014-15
sbr:2014-15:2014-11-08:BOS:CHI,2014-15,2014-11-08,BOS,CHI,106,101,194.0,-9.5,380,-475,https://www.sportsbookreviewsonline.com/scoresoddsarchives/nba-odds-2014-15
sbr:2014-15:2014-11-08:MEM:MIL,2014-15,2014-11-08,MEM,MIL,92,93,186.5,4.5,-200,170,https://www.sportsbookreviewsonline.com/scoresoddsarchives/nba-odds-2014-15
sbr:2014-15:2014-11-08:MIN:MIA,2014-15,2014-11-08,MIN,MIA,92,102,205.0,-7.5,294,-359,https://www.sportsbookreviewsonline.com/scoresoddsarchives/nba-odds-2014-15
sbr:2014-15:2014-11-08:NOP:SAS,2014-15,2014-11-08,NOP,SAS,100,99,195.0,-7.0,265,-325,https://www.sportsbookreviewsonline.com/scoresoddsarchives/nba-odds-2014-15
sbr:2014-15:2014-11-08:NYK:ATL,2014-15,2014-11-08,NYK,ATL,96,103,194.5,-6.5,240,-290,https://www.sportsbookreviewsonline.com/scoresoddsarchives/nba-odds-2014-15
sbr:2014-15:2014-11-08:POR:LAC,2014-15,2014-11-08,POR,LAC,102,106,205.0,-4.5,161,-190,https://www.sportsbookreviewsonline.com/scoresoddsarchives/nba-odds-2014-15
sbr:2014-15:2014-11-08:WAS:IND,2014-15,2014-11-08,WAS,IND,97,90,182.5,3.5,-165,140,https://www.sportsbookreviewsonline.com/scoresoddsarchives/nba-odds-2014-15
sbr:2014-15:2014-11-09:CHA:LAL,2014-15,2014-11-09,CHA,LAL,92,107,202.0,2.5,-135,115,https://www.sportsbookreviewsonline.com/scoresoddsarchives/nba-odds-2014-15
sbr:2014-15:2014-11-09:DEN:POR,2014-15,2014-11-09,DEN,POR,100,116,207.5,-9.0,355,-450,https://www.sportsbookreviewsonline.com/scoresoddsarchives/nba-odds-2014-15
sbr:2014-15:2014-11-09:MIA:DAL,2014-15,2014-11-09,MIA,DAL,105,96,205.0,-8.0,300,-365,https://www.sportsbookreviewsonline.com/scoresoddsarchives/nba-odds-2014-15
sbr:2014-15:2014-11-09:ORL:BKN,2014-15,2014-11-09,ORL,BKN,96,104,198.0,-9.0,354,-448,https://www.sportsbookreviewsonline.com/scoresoddsarchives/nba-odds-2014-15
sbr:2014-15:2014-11-09:PHI:TOR,2014-15,2014-11-09,PHI,TOR,88,120,205.5,-13.5,900,-1600,https://www.sportsbookreviewsonline.com/scoresoddsarchives/nba-odds-2014-15
sbr:2014-15:2014-11-09:SAC:OKC,2014-15,2014-11-09,SAC,OKC,93,101,190.0,2.0,-130,110,https://www.sportsbookreviewsonline.com/scoresoddsarchives/nba-odds-2014-15
sbr:2014-15:2014-11-09:UTA:DET,2014-15,2014-11-09,UTA,DET,97,96,192.0,-4.0,150,-175,https://www.sportsbookreviewsonline.com/scoresoddsarchives/nba-odds-2014-15
sbr:2014-15:2014-11-10:DET:CHI,2014-15,2014-11-10,DET,CHI,91,102,190.0,-10.0,430,-550,https://www.sportsbookreviewsonline.com/scoresoddsarchives/nba-odds-2014-15
sbr:2014-15:2014-11-10:NOP:CLE,2014-15,2014-11-10,NOP,CLE,111,118,201.5,-5.5,210,-250,https://www.sportsbookreviewsonline.com/scoresoddsarchives/nba-odds-2014-15
sbr:2014-15:2014-11-10:SAS:LAC,2014-15,2014-11-10,SAS,LAC,89,85,203.5,-2.0,115,-135,https://www.sportsbookreviewsonline.com/scoresoddsarchives/nba-odds-2014-15
sbr:2014-15:2014-11-10:UTA:IND,2014-15,2014-11-10,UTA,IND,86,97,186.5,-3.0,135,-160,https://www.sportsbookreviewsonline.com/scoresoddsarchives/nba-odds-2014-15
sbr:2014-15:2014-11-11:CHA:POR,2014-15,2014-11-11,CHA,POR,100,102,192.5,-6.5,240,-290,https://www.sportsbookreviewsonline.com/scoresoddsarchives/nba-odds-2014-15
sbr:2014-15:2014-11-11:LAL:MEM,2014-15,2014-11-11,LAL,MEM,102,107,197.0,-10.0,490,-640,https://www.sportsbookreviewsonline.com/scoresoddsarchives/nba-odds-2014-15
sbr:2014-15:2014-11-11:OKC:MIL,2014-15,2014-11-11,OKC,MIL,78,85,191.0,-2.0,110,-130,https://www.sportsbookreviewsonline.com/scoresoddsarchives/nba-odds-2014-15
sbr:2014-15:2014-11-11:ORL:TOR,2014-15,2014-11-11,ORL,TOR,100,104,198.0,-10.5,525,-700,https://www.sportsbookreviewsonline.com/scoresoddsarchives/nba-odds-2014-15
sbr:2014-15:2014-11-11:SAC:DAL,2014-15,2014-11-11,SAC,DAL,98,106,206.0,-8.0,305,-375,https://www.sportsbookreviewsonline.com/scoresoddsarchives/nba-odds-2014-15
sbr:2014-15:2014-11-11:SAS:GSW,2014-15,2014-11-11,SAS,GSW,113,100,201.5,-7.5,280,-340,https://www.sportsbookreviewsonline.com/scoresoddsarchives/nba-odds-2014-15
sbr:2014-15:2014-11-12:BKN:PHX,2014-15,2014-11-12,BKN,PHX,104,112,207.5,-4.0,160,-185,https://www.sportsbookreviewsonline.com/scoresoddsarchives/nba-odds-2014-15
sbr:2014-15:2014-11-12:DET:WAS,2014-15,2014-11-12,DET,WAS,103,107,191.5,-6.5,230,-275,https://www.sportsbookreviewsonline.com/scoresoddsarchives/nba-odds-2014-15
sbr:2014-15:2014-11-12:IND:MIA,2014-15,2014-11-12,IND,MIA,81,75,188.0,-8.5,325,-400,https://www.sportsbookreviewsonline.com/scoresoddsarchives/nba-odds-2014-15
sbr:2014-15:2014-11-12:LAL:NOP,2014-15,2014-11-12,LAL,NOP,102,109,210.0,-11.0,525,-700,https://www.sportsbookreviewsonline.com/scoresoddsarchives/nba-odds-2014-15
sbr:2014-15:2014-11-12:OKC:BOS,2014-15,2014-11-12,OKC,BOS,109,94,197.0,-7.5,270,-330,https://www.sportsbookreviewsonline.com/scoresoddsarchives/nba-odds-2014-15
sbr:2014-15:2014-11-12:ORL:NYK,2014-15,2014-11-12,ORL,NYK,97,95,191.5,-6.5,220,-265,https://www.sportsbookreviewsonline.com/scoresoddsarchives/nba-odds-2014-15
sbr:2014-15:2014-11-12:UTA:ATL,2014-15,2014-11-12,UTA,ATL,97,100,197.0,-7.0,264,-324,https://www.sportsbookreviewsonline.com/scoresoddsarchives/nba-odds-2014-15
sbr:2014-15:2014-11-13:BKN:GSW,2014-15,2014-11-13,BKN,GSW,99,107,211.5,-10.5,455,-605,https://www.sportsbookreviewsonline.com/scoresoddsarchives/nba-odds-2014-15
sbr:2014-15:2014-11-13:CHI:TOR,2014-15,2014-11-13,CHI,TOR,100,93,196.5,-2.5,120,-140,https://www.sportsbookreviewsonline.com/scoresoddsarchives/nba-odds-2014-15
sbr:2014-15:2014-11-13:PHI:DAL,2014-15,2014-11-13,PHI,DAL,70,123,210.5,-13.5,1000,-1700,https://www.sportsbookreviewsonline.com/scoresoddsarchives/nba-odds-2014-15
sbr:2014-15:2014-11-13:SAC:MEM,2014-15,2014-11-13,SAC,MEM,110,111,188.5,-5.0,195,-235,https://www.sportsbookreviewsonline.com/scoresoddsarchives/nba-odds-2014-15
sbr:2014-15:2014-11-14:CHA:PHX,2014-15,2014-11-14,CHA,PHX,103,95,200.0,-6.5,220,-265,https://www.sportsbookreviewsonline.com/scoresoddsarchives/nba-odds-2014-15
sbr:2014-15:2014-11-14:CLE:BOS,2014-15,2014-11-14,CLE,BOS,122,121,208.5,6.0,-249,209,https://www.sportsbookreviewsonline.com/scoresoddsarchives/nba-odds-2014-15
sbr:2014-15:2014-11-14:DEN:IND,2014-15,2014-11-14,DEN,IND,108,87,201.5,-2.5,120,-140,https://www.sportsbookreviewsonline.com/scoresoddsarchives/nba-odds-2014-15
sbr:2014-15:2014-11-14:MIA:ATL,2014-15,2014-11-14,MIA,ATL,103,114,193.0,-5.0,174,-204,https://www.sportsbookreviewsonline.com/scoresoddsarchives/nba-odds-2014-15
sbr:2014-15:2014-11-14:MIL:ORL,2014-15,2014-11-14,MIL,ORL,85,101,194.0,-2.5,125,-145,https://www.sportsbookreviewsonline.com/scoresoddsarchives/nba-odds-2014-15
sbr:2014-15:2014-11-14:MIN:NOP,2014-15,2014-11-14,MIN,NOP,91,139,205.5,-8.0,305,-375,https://www.sportsbookreviewsonline.com/scoresoddsarchives/nba-odds-2014-15
sbr:2014-15:2014-11-14:PHI:HOU,2014-15,2014-11-14,PHI,HOU,87,88,205.5,-16.5,1400,-4000,https://www.sportsbookreviewsonline.com/scoresoddsarchives/nba-odds-2014-15
sbr:2014-15:2014-11-14:SAS:LAL,2014-15,2014-11-14,SAS,LAL,93,80,205.0,8.0,-400,325,https://www.sportsbookreviewsonline.com/scoresoddsarchives/nba-odds-2014-15
sbr:2014-15:2014-11-14:UTA:NYK,2014-15,2014-11-14,UTA,NYK,102,100,191.5,-3.5,145,-170,https://www.sportsbookreviewsonline.com/scoresoddsarchives/nba-odds-2014-15
sbr:2014-15:2014-11-15:ATL:CLE,2014-15,2014-11-15,ATL,CLE,94,127,209.0,-7.0,250,-300,https://www.sportsbookreviewsonline.com/scoresoddsarchives/nba-odds-2014-15
sbr:2014-15:2014-11-15:BKN:POR,2014-15,2014-11-15,BKN,POR,87,97,204.0,-2.5,115,-135,https://www.sportsbookreviewsonline.com/scoresoddsarchives/nba-odds-2014-15
sbr:2014-15:2014-11-15:CHA:GSW,2014-15,2014-11-15,CHA,GSW,87,112,202.0,-11.5,525,-700,https://www.sportsbookreviewsonline.com/scoresoddsarchives/nba-odds-2014-15
sbr:2014-15:2014-11-15:DET:MEM,2014-15,2014-11-15,DET,MEM,88,95,186.5,-9.0,380,-480,https://www.sportsbookreviewsonline.com/scoresoddsarchives/nba-odds-2014-15
sbr:2014-15:2014-11-15:IND:CHI,2014-15,2014-11-15,IND,CHI,99,90,180.5,-8.5,355,-440,https://www.sportsbookreviewsonline.com/scoresoddsarchives/nba-odds-2014-15
sbr:2014-15:2014-11-15:MIN:DAL,2014-15,2014-11-15,MIN,DAL,117,131,211.0,-11.5,576,-801,https://www.sportsbookreviewsonline.com/scoresoddsarchives/nba-odds-2014-15
sbr:2014-15:2014-11-15:ORL:WAS,2014-15,2014-11-15,ORL,WAS,93,98,194.5,-9.0,378,-473,https://www.sportsbookreviewsonline.com/scoresoddsarchives/nba-odds-2014-15
sbr:2014-15:2014-11-15:PHX:LAC,2014-15,2014-11-15,PHX,LAC,107,120,211.5,-7.0,251,-301,https://www.sportsbookreviewsonline.com/scoresoddsarchives/nba-odds-2014-15
sbr:2014-15:2014-11-15:SAS:SAC,2014-15,2014-11-15,SAS,SAC,91,94,196.0,1.5,-120,100,https://www.sportsbookreviewsonline.com/scoresoddsarchives/nba-odds-2014-15
sbr:2014-15:2014-11-15:UTA:TOR,2014-15,2014-11-15,UTA,TOR,93,111,201.5,-11.5,528,-730,https://www.sportsbookreviewsonline.com/scoresoddsarchives/nba-odds-2014-15
sbr:2014-15:2014-11-16:DEN:NYK,2014-15,2014-11-16,DEN,NYK,93,109,203.5,-2.0,110,-130,https://www.sportsbookreviewsonline.com/scoresoddsarchives/nba-odds-2014-15
sbr:2014-15:2014-11-16:GSW:LAL,2014-15,2014-11-16,GSW,LAL,136,115,212.5,8.0,-410,330,https://www.sportsbookreviewsonline.com/scoresoddsarchives/nba-odds-2014-15
sbr:2014-15:2014-11-16:HOU:OKC,2014-15,2014-11-16,HOU,OKC,69,65,193.0,5.0,-209,179,https://www.sportsbookreviewsonline.com/scoresoddsarchives/nba-odds-2014-15
sbr:2014-15:2014-11-16:MIL:MIA,2014-15,2014-11-16,MIL,MIA,91,84,189.5,-5.0,180,-210,https://www.sportsbookreviewsonline.com/scoresoddsarchives/nba-odds-2014-15
sbr:2014-15:2014-11-17:CHI:LAC,2014-15,2014-11-17,CHI,LAC,105,89,198.5,-7.0,250,-310,https://www.sportsbookreviewsonline.com/scoresoddsarchives/nba-odds-2014-15
sbr:2014-15:2014-11-17:DEN:CLE,2014-15,2014-11-17,DEN,CLE,106,97,218.5,-11.5,650,-900,https://www.sportsbookreviewsonline.com/scoresoddsarchives/nba-odds-2014-15
sbr:2014-15:2014-11-17:HOU:MEM,2014-15,2014-11-17,HOU,MEM,93,119,188.5,-4.5,160,-185,https://www.sportsbookreviewsonline.com/scoresoddsarchives/nba-odds-2014-15
sbr:2014-15:2014-11-17:MIA:BKN,2014-15,2014-11-17,MIA,BKN,95,83,196.0,-8.0,290,-360,https://www.sportsbookreviewsonline.com/scoresoddsarchives/nba-odds-2014-15
sbr:2014-15:2014-11-17:NOP:POR,2014-15,2014-11-17,NOP,POR,93,102,204.5,-3.5,140,-160,https://www.sportsbookreviewsonline.com/scoresoddsarchives/nba-odds-2014-15
sbr:2014-15:2014-11-17:ORL:DET,2014-15,2014-11-17,ORL,DET,107,93,192.5,-4.5,170,-195,https://www.sportsbookreviewsonline.com/scoresoddsarchives/nba-odds-2014-15
sbr:2014-15:2014-11-17:PHI:SAS,2014-15,2014-11-17,PHI,SAS,75,100,195.5,-16.5,2320,-4820,https://www.sportsbookreviewsonline.com/scoresoddsarchives/nba-odds-2014-15
sbr:2014-15:2014-11-18:LAL:ATL,2014-15,2014-11-18,LAL,ATL,114,109,211.5,-8.5,345,-425,https://www.sportsbookreviewsonline.com/scoresoddsarchives/nba-odds-2014-15
sbr:2014-15:2014-11-18:NOP:SAC,2014-15,2014-11-18,NOP,SAC,106,100,204.0,-3.0,130,-150,https://www.sportsbookreviewsonline.com/scoresoddsarchives/nba-odds-2014-15
sbr:2014-15:2014-11-18:NYK:MIL,2014-15,2014-11-18,NYK,MIL,113,117,192.5,-1.5,105,-125,https://www.sportsbookreviewsonline.com/scoresoddsarchives/nba-odds-2014-15
sbr:2014-15:2014-11-18:OKC:UTA,2014-15,2014-11-18,OKC,UTA,81,98,186.0,-3.0,130,-150,https://www.sportsbookreviewsonline.com/scoresoddsarchives/nba-odds-2014-15
sbr:2014-15:2014-11-19:BOS:PHI,2014-15,2014-11-19,BOS,PHI,101,90,214.0,6.5,-250,210,https://www.sportsbookreviewsonline.com/scoresoddsarchives/nba-odds-2014-15
sbr:2014-15:2014-11-19:DAL:WAS,2014-15,2014-11-19,DAL,WAS,105,102,204.0,2.5,-145,125,https://www.sportsbookreviewsonline.com/scoresoddsarchives/nba-odds-2014-15
sbr:2014-15:2014-11-19:LAC:ORL,2014-15,2014-11-19,LAC,ORL,114,90,203.5,5.0,-205,175,https://www.sportsbookreviewsonline.com/scoresoddsarchives/nba-odds-2014-15
sbr:2014-15:2014-11-19:LAL:HOU,2014-15,2014-11-19,LAL,HOU,98,92,210.5,-10.0,450,-600,https://www.sportsbookreviewsonline.com/scoresoddsarchives/nba-odds-2014-15
sbr:2014-15:2014-11-19:MEM:TOR,2014-15,2014-11-19,MEM,TOR,92,96,192.5,-6.5,215,-255,https://www.sportsbookreviewsonline.com/scoresoddsarchives/nba-odds-2014-15
sbr:2014-15:2014-11-19:OKC:DEN,2014-15,2014-11-19,OKC,DEN,100,107,199.0,-7.0,270,-330,https://www.sportsbookreviewsonline.com/scoresoddsarchives/nba-odds-2014-15
sbr:2014-15:2014-11-19:PHX:DET,2014-15,2014-11-19,PHX,DET,88,86,204.0,2.5,-145,125,https://www.sportsbookreviewsonline.com/scoresoddsarchives/nba-odds-2014-15
sbr:2014-15:2014-11-19:SAS:CLE,2014-15,2014-11-19,SAS,CLE,92,90,200.0,-1.5,105,-125,https://www.sportsbookreviewsonline.com/scoresoddsarchives/nba-odds-2014-15
sbr:2014-15:2014-11-20:CHI:SAC,2014-15,2014-11-20,CHI,SAC,88,103,194.5,-3.0,126,-145,https://www.sportsbookreviewsonline.com/scoresoddsarchives/nba-odds-2014-15
sbr:2014-15:2014-11-20:LAC:MIA,2014-15,2014-11-20,LAC,MIA,110,93,197.0,4.0,-180,155,https://www.sportsbookreviewsonline.com/scoresoddsarchives/nba-odds-2014-15
sbr:2014-15:2014-11-21:BKN:OKC,2014-15,2014-11-21,BKN,OKC,94,92,187.0,-1.5,105,-119,https://www.sportsbookreviewsonline.com/scoresoddsarchives/nba-odds-2014-15
sbr:2014-15:2014-11-21:BOS:MEM,2014-15,2014-11-21,BOS,MEM,100,117,199.5,-6.5,225,-275,https://www.sportsbookreviewsonline.com/scoresoddsarchives/nba-odds-2014-15
sbr:2014-15:2014-11-21:CHI:POR,2014-15,2014-11-21,CHI,POR,87,105,195.5,-8.0,305,-385,https://www.sportsbookreviewsonline.com/scoresoddsarchives/nba-odds-2014-15
sbr:2014-15:2014-11-21:CLE:WAS,2014-15,2014-11-21,CLE,WAS,78,91,205.0,1.5,-125,105,https://www.sportsbookreviewsonline.com/scoresoddsarchives/nba-odds-2014-15
sbr:2014-15:2014-11-21:DET:ATL,2014-15,2014-11-21,DET,ATL,89,99,197.5,-6.0,210,-250,https://www.sportsbookreviewsonline.com/scoresoddsarchives/nba-odds-2014-15
sbr:2014-15:2014-11-21:LAL:DAL,2014-15,2014-11-21,LAL,DAL,106,140,215.0,-11.0,485,-635,https://www.sportsbookreviewsonline.com/scoresoddsarchives/nba-odds-2014-15
sbr:2014-15:2014-11-21:MIL:TOR,2014-15,2014-11-21,MIL,TOR,83,124,200.0,-9.0,340,-430,https://www.sportsbookreviewsonline.com/scoresoddsarchives/nba-odds-2014-15
sbr:2014-15:2014-11-21:NOP:DEN,2014-15,2014-11-21,NOP,DEN,97,117,214.0,2.5,-145,125,https://www.sportsbookreviewsonline.com/scoresoddsarchives/nba-odds-2014-15
sbr:2014-15:2014-11-21:ORL:CHA,2014-15,2014-11-21,ORL,CHA,105,100,191.0,-4.0,155,-175,https://www.sportsbookreviewsonline.com/scoresoddsarchives/nba-odds-2014-15
sbr:2014-15:2014-11-21:PHX:PHI,2014-15,2014-11-21,PHX,PHI,122,96,208.5,9.0,-470,370,https://www.sportsbookreviewsonline.com/scoresoddsarchives/nba-odds-2014-15
sbr:2014-15:2014-11-21:SAS:MIN,2014-15,2014-11-21,SAS,MIN,121,92,202.5,11.5,-780,580,https://www.sportsbookreviewsonline.com/scoresoddsarchives/nba-odds-2014-15
sbr:2014-15:2014-11-21:UTA:GSW,2014-15,2014-11-21,UTA,GSW,88,101,207.5,-12.5,665,-915,https://www.sportsbookreviewsonline.com/scoresoddsarchives/nba-odds-2014-15
sbr:2014-15:2014-11-22:BKN:SAS,2014-15,2014-11-22,BKN,SAS,87,99,194.0,-10.0,500,-650,https://www.sportsbookreviewsonline.com/scoresoddsarchives/nba-odds-2014-15
sbr:2014-15:2014-11-22:DAL:HOU,2014-15,2014-11-22,DAL,HOU,92,95,206.0,4.0,-180,155,https://www.sportsbookreviewsonline.com/scoresoddsarchives/nba-odds-2014-15
sbr:2014-15:2014-11-22:NOP:UTA,2014-15,2014-11-22,NOP,UTA,106,94,199.0,2.5,-140,120,https://www.sportsbookreviewsonline.com/scoresoddsarchives/nba-odds-2014-15
sbr:2014-15:2014-11-22:PHI:NYK,2014-15,2014-11-22,PHI,NYK,83,91,198.5,-11.0,600,-900,https://www.sportsbookreviewsonline.com/scoresoddsarchives/nba-odds-2014-15
sbr:2014-15:2014-11-22:PHX:IND,2014-15,2014-11-22,PHX,IND,106,83,195.5,2.0,-135,115,https://www.sportsbookreviewsonline.com/scoresoddsarchives/nba-odds-2014-15
sbr:2014-15:2014-11-22:SAC:MIN,2014-15,2014-11-22,SAC,MIN,113,101,212.0,9.0,-450,355,https://www.sportsbookreviewsonline.com/scoresoddsarchives/nba-odds-2014-15
sbr:2014-15:2014-11-22:TOR:CLE,2014-15,2014-11-22,TOR,CLE,110,93,204.5,-3.0,130,-150,https://www.sportsbookreviewsonline.com/scoresoddsarchives/nba-odds-2014-15
sbr:2014-15:2014-11-22:WAS:MIL,2014-15,2014-11-22,WAS,MIL,111,100,193.5,3.0,-160,135,https://www.sportsbookreviewsonline.com/scoresoddsarchives/nba-odds-2014-15
sbr:2014-15:2014-11-23:CHA:MIA,2014-15,2014-11-23,CHA,MIA,93,94,185.5,0.0,100,-120,https://www.sportsbookreviewsonline.com/scoresoddsarchives/nba-odds-2014-15
sbr:2014-15:2014-11-23:GSW:OKC,2014-15,2014-11-23,GSW,OKC,91,86,197.0,8.0,-375,305,https://www.sportsbookreviewsonline.com/scoresoddsarchives/nba-odds-2014-15
sbr:2014-15:2014-11-23:LAC:MEM,2014-15,2014-11-23,LAC,MEM,91,107,198.0,-2.0,110,-130,https://www.sportsbookreviewsonline.com/scoresoddsarchives/nba-odds-2014-15
sbr:2014-15:2014-11-23:POR:BOS,2014-15,2014-11-23,POR,BOS,94,88,209.5,4.5,-195,166,https://www.sportsbookreviewsonline.com/scoresoddsarchives/nba-odds-2014-15
sbr:2014-15:2014-11-24:CHI:UTA,2014-15,2014-11-24,CHI,UTA,97,95,193.0,3.5,-165,145,https://www.sportsbookreviewsonline.com/scoresoddsarchives/nba-odds-2014-15
sbr:2014-15:2014-11-24:IND:DAL,2014-15,2014-11-24,IND,DAL,111,100,197.5,-14.0,1000,-1800,https://www.sportsbookreviewsonline.com/scoresoddsarchives/nba-odds-2014-15
sbr:2014-15:2014-11-24:LAC:CHA,2014-15,2014-11-24,LAC,CHA,113,92,199.0,4.0,-190,160,https://www.sportsbookreviewsonline.com/scoresoddsarchives/nba-odds-2014-15
sbr:2014-15:2014-11-24:NYK:HOU,2014-15,2014-11-24,NYK,HOU,86,91,191.5,-6.0,220,-260,https://www.sportsbookreviewsonline.com/scoresoddsarchives/nba-odds-2014-15
sbr:2014-15:2014-11-24:ORL:CLE,2014-15,2014-11-24,ORL,CLE,74,106,200.0,-10.5,470,-650,https://www.sportsbookreviewsonline.com/scoresoddsarchives/nba-odds-2014-15
sbr:2014-15:2014-11-24:PHX:TOR,2014-15,2014-11-24,PHX,TOR,100,104,210.0,-4.5,165,-200,https://www.sportsbookreviewsonline.com/scoresoddsarchives/nba-odds-2014-15
sbr:2014-15:2014-11-24:POR:PHI,2014-15,2014-11-24,POR,PHI,114,104,198.5,13.0,-1200,800,https://www.sportsbookreviewsonline.com/scoresoddsarchives/nba-odds-2014-15
sbr:2014-15:2014-11-25:ATL:WAS,2014-15,2014-11-25,ATL,WAS,106,102,200.5,-4.0,150,-175,https://www.sportsbookreviewsonline.com/scoresoddsarchives/nba-odds-2014-15
sbr:2014-15:2014-11-25:CHI:DEN,2014-15,2014-11-25,CHI,DEN,109,114,204.0,-4.5,166,-195,https://www.sportsbookreviewsonline.com/scoresoddsarchives/nba-odds-2014-15
sbr:2014-15:2014-11-25:DET:MIL,2014-15,2014-11-25,DET,MIL,86,98,189.5,-3.5,144,-169,https://www.sportsbookreviewsonline.com/scoresoddsarchives/nba-odds-2014-15
sbr:2014-15:2014-11-25:GSW:MIA,2014-15,2014-11-25,GSW,MIA,114,97,202.0,7.5,-350,290,https://www.sportsbookreviewsonline.com/scoresoddsarchives/nba-odds-2014-15
sbr:2014-15:2014-11-25:SAC:NOP,2014-15,2014-11-25,SAC,NOP,99,89,200.0,-6.5,210,-250,https://www.sportsbookreviewsonline.com/scoresoddsarchives/nba-odds-2014-15
sbr:2014-15:2014-11-26:BKN:PHI,2014-15,2014-11-26,BKN,PHI,99,91,200.0,7.0,-320,265,https://www.sportsbookreviewsonline.com/scoresoddsarchives/nba-odds-2014-15
sbr:2014-15:2014-11-26:DEN:PHX,2014-15,2014-11-26,DEN,PHX,112,120,215.0,-7.5,260,-315,https://www.sportsbookreviewsonline.com/scoresoddsarchives/nba-odds-2014-15
sbr:2014-15:2014-11-26:GSW:ORL,2014-15,2014-11-26,GSW,ORL,111,96,202.5,8.0,-395,320,https://www.sportsbookreviewsonline.com/scoresoddsarchives/nba-odds-2014-15
sbr:2014-15:2014-11-26:IND:SAS,2014-15,2014-11-26,IND,SAS,100,106,187.0,-13.0,900,-1400,https://www.sportsbookreviewsonline.com/scoresoddsarchives/nba-odds-2014-15
sbr:2014-15:2014-11-26:LAC:DET,2014-15,2014-11-26,LAC,DET,104,98,199.5,8.5,-425,345,https://www.sportsbookreviewsonline.com/scoresoddsarchives/nba-odds-2014-15
sbr:2014-15:2014-11-26:MEM:LAL,2014-15,2014-11-26,MEM,LAL,99,93,202.0,7.0,-325,265,https://www.sportsbookreviewsonline.com/scoresoddsarchives/nba-odds-2014-15
sbr:2014-15:2014-11-26:MIL:MIN,2014-15,2014-11-26,MIL,MIN,103,86,206.0,1.5,-115,-105,https://www.sportsbookreviewsonline.com/scoresoddsarchives/nba-odds-2014-15
sbr:2014-15:2014-11-26:POR:CHA,2014-15,2014-11-26,POR,CHA,105,97,191.5,6.0,-265,220,https://www.sportsbookreviewsonline.com/scoresoddsarchives/nba-odds-2014-15
sbr:2014-15:2014-11-26:SAC:HOU,2014-15,2014-11-26,SAC,HOU,89,102,194.0,-5.0,180,-215,https://www.sportsbookreviewsonline.com/scoresoddsarchives/nba-odds-2014-15
sbr:2014-15:2014-11-26:TOR:ATL,2014-15,2014-11-26,TOR,ATL,126,115,204.5,3.5,-165,140,https://www.sportsbookreviewsonline.com/scoresoddsarchives/nba-odds-2014-15
sbr:2014-15:2014-11-26:UTA:OKC,2014-15,2014-11-26,UTA,OKC,82,97,185.0,-4.5,161,-190,https://www.sportsbookreviewsonline.com/scoresoddsarchives/nba-odds-2014-15
sbr:2014-15:2014-11-26:WAS:CLE,2014-15,2014-11-26,WAS,CLE,87,113,201.0,-7.5,290,-355,https://www.sportsbookreviewsonline.com/scoresoddsarchives/nba-odds-2014-15
sbr:2014-15:2014-11-28:CHI:BOS,2014-15,2014-11-28,CHI,BOS,109,102,204.5,3.5,-170,150,https://www.sportsbookreviewsonline.com/scoresoddsarchives/nba-odds-2014-15
sbr:2014-15:2014-11-28:DAL:TOR,2014-15,2014-11-28,DAL,TOR,106,102,211.0,-3.5,145,-165,https://www.sportsbookreviewsonline.com/scoresoddsarchives/nba-odds-2014-15
sbr:2014-15:2014-11-28:GSW:CHA,2014-15,2014-11-28,GSW,CHA,106,101,201.0,8.5,-410,330,https://www.sportsbookreviewsonline.com/scoresoddsarchives/nba-odds-2014-15
sbr:2014-15:2014-11-28:LAC:HOU,2014-15,2014-11-28,LAC,HOU,102,85,201.5,4.5,-185,160,https://www.sportsbookreviewsonline.com/scoresoddsarchives/nba-odds-2014-15
sbr:2014-15:2014-11-28:MEM:POR,2014-15,2014-11-28,MEM,POR,112,99,193.5,-3.5,145,-165,https://www.sportsbookreviewsonline.com/scoresoddsarchives/nba-odds-2014-15
sbr:2014-15:2014-11-28:MIL:DET,2014-15,2014-11-28,MIL,DET,104,88,191.0,-2.0,115,-135,https://www.sportsbookreviewsonline.com/scoresoddsarchives/nba-odds-2014-15
sbr:2014-15:2014-11-28:MIN:LAL,2014-15,2014-11-28,MIN,LAL,120,119,213.0,-6.0,195,-230,https://www.sportsbookreviewsonline.com/scoresoddsarchives/nba-odds-2014-15
sbr:2014-15:2014-11-28:NOP:ATL,2014-15,2014-11-28,NOP,ATL,91,100,204.5,-2.5,120,-140,https://www.sportsbookreviewsonline.com/scoresoddsarchives/nba-odds-2014-15
sbr:2014-15:2014-11-28:NYK:OKC,2014-15,2014-11-28,NYK,OKC,78,105,185.5,-8.0,300,-370,https://www.sportsbookreviewsonline.com/scoresoddsarchives/nba-odds-2014-15
sbr:2014-15:2014-11-28:ORL:IND,2014-15,2014-11-28,ORL,IND,83,98,191.0,-5.0,180,-210,https://www.sportsbookreviewsonline.com/scoresoddsarchives/nba-odds-2014-15
sbr:2014-15:2014-11-28:PHX:DEN,2014-15,2014-11-28,PHX,DEN,97,122,215.5,-2.0,110,-130,https://www.sportsbookreviewsonline.com/scoresoddsarchives/nba-odds-2014-15
sbr:2014-15:2014-11-28:SAC:SAS,2014-15,2014-11-28,SAC,SAS,104,112,194.0,-11.0,530,-705,https://www.sportsbookreviewsonline.com/scoresoddsarchives/nba-odds-2014-15
sbr:2014-15:2014-11-29:CHA:ATL,2014-15,2014-11-29,CHA,ATL,75,105,197.5,-7.0,245,-300,https://www.sportsbookreviewsonline.com/scoresoddsarchives/nba-odds-2014-15
sbr:2014-15:2014-11-29:DAL:PHI,2014-15,2014-11-29,DAL,PHI,110,103,203.0,12.5,-1050,720,https://www.sportsbookreviewsonline.com/scoresoddsarchives/nba-odds-2014-15
sbr:2014-15:2014-11-29:HOU:MIL,2014-15,2014-11-29,HOU,MIL,117,103,191.5,-4.0,140,-160,https://www.sportsbookreviewsonline.com/scoresoddsarchives/nba-odds-2014-15
sbr:2014-15:2014-11-29:IND:CLE,2014-15,2014-11-29,IND,CLE,97,109,195.0,-10.0,410,-530,https://www.sportsbookreviewsonline.com/scoresoddsarchives/nba-odds-2014-15
sbr:2014-15:2014-11-29:LAC:UTA,2014-15,2014-11-29,LAC,UTA,112,96,203.5,5.0,-220,180,https://www.sportsbookreviewsonline.com/scoresoddsarchives/nba-odds-2014-15
sbr:2014-15:2014-11-29:NOP:WAS,2014-15,2014-11-29,NOP,WAS,80,83,199.0,-4.0,150,-170,https://www.sportsbookreviewsonline.com/scoresoddsarchives/nba-odds-2014-15
sbr:2014-15:2014-11-30:CHI:BKN,2014-15,2014-11-30,CHI,BKN,102,84,193.0,2.5,-140,120,https://www.sportsbookreviewsonline.com/scoresoddsarchives/nba-odds-2014-15
sbr:2014-15:2014-11-30:GSW:DET,2014-15,2014-11-30,GSW,DET,104,93,202.0,8.5,-445,365,https://www.sportsbookreviewsonline.com/scoresoddsarchives/nba-odds-2014-15
sbr:2014-15:2014-11-30:MIA:NYK,2014-15,2014-11-30,MIA,NYK,86,79,189.5,3.0,-150,130,https://www.sportsbookreviewsonline.com/scoresoddsarchives/nba-odds-2014-15
sbr:2014-15:2014-11-30:MIN:POR,2014-15,2014-11-30,MIN,POR,93,107,212.5,-14.0,950,-1500,https://www.sportsbookreviewsonline.com/scoresoddsarchives/nba-odds-2014-15
sbr:2014-15:2014-11-30:ORL:PHX,2014-15,2014-11-30,ORL,PHX,93,90,204.5,-9.0,395,-500,https://www.sportsbookreviewsonline.com/scoresoddsarchives/nba-odds-2014-15
sbr:2014-15:2014-11-30:SAS:BOS,2014-15,2014-11-30,SAS,BOS,111,89,204.5,7.5,-375,315,https://www.sportsbookreviewsonline.com/scoresoddsarchives/nba-odds-2014-15
sbr:2014-15:2014-12-01:DEN:UTA,2014-15,2014-12-01,DEN,UTA,103,101,206.0,4.0,-175,155,https://www.sportsbookreviewsonline.com/scoresoddsarchives/nba-odds-2014-15
sbr:2014-15:2014-12-01:MIA:WAS,2014-15,2014-12-01,MIA,WAS,86,107,190.5,-4.5,165,-200,https://www.sportsbookreviewsonline.com/scoresoddsarchives/nba-odds-2014-15
sbr:2014-15:2014-12-01:MIN:LAC,2014-15,2014-12-01,MIN,LAC,101,127,216.0,-15.0,1100,-2500,https://www.sportsbookreviewsonline.com/scoresoddsarchives/nba-odds-2014-15
sbr:2014-15:2014-12-01:SAS:PHI,2014-15,2014-12-01,SAS,PHI,109,103,195.0,11.5,-850,575,https://www.sportsbookreviewsonline.com/scoresoddsarchives/nba-odds-2014-15
sbr:2014-15:2014-12-02:BKN:NYK,2014-15,2014-12-02,BKN,NYK,98,93,193.5,1.0,-120,100,https://www.sportsbookreviewsonline.com/scoresoddsarchives/nba-odds-2014-15
sbr:2014-15:2014-12-02:BOS:ATL,2014-15,2014-12-02,BOS,ATL,105,109,211.0,-7.0,240,-290,https://www.sportsbookreviewsonline.com/scoresoddsarchives/nba-odds-2014-15
sbr:2014-15:2014-12-02:IND:PHX,2014-15,2014-12-02,IND,PHX,99,116,196.5,-5.0,180,-210,https://www.sportsbookreviewsonline.com/scoresoddsarchives/nba-odds-2014-15
sbr:2014-15:2014-12-02:LAL:DET,2014-15,2014-12-02,LAL,DET,106,96,206.5,-2.0,105,-125,https://www.sportsbookreviewsonline.com/scoresoddsarchives/nba-odds-2014-15
sbr:2014-15:2014-12-02:MIL:CLE,2014-15,2014-12-02,MIL,CLE,108,111,201.0,-10.5,525,-725,https://www.sportsbookreviewsonline.com/scoresoddsarchives/nba-odds-2014-15
sbr:2014-15:2014-12-02:OKC:NOP,2014-15,2014-12-02,OKC,NOP,104,112,197.0,3.5,-160,135,https://www.sportsbookreviewsonline.com/scoresoddsarchives/nba-odds-2014-15
sbr:2014-15:2014-12-02:ORL:GSW,2014-15,2014-12-02,ORL,GSW,97,98,201.5,-14.5,1000,-2000,https://www.sportsbookreviewsonline.com/scoresoddsarchives/nba-odds-2014-15
sbr:2014-15:2014-12-02:POR:DEN,2014-15,2014-12-02,POR,DEN,105,103,211.5,3.0,-165,140,https://www.sportsbookreviewsonline.com/scoresoddsarchives/nba-odds-2014-15
sbr:2014-15:2014-12-02:TOR:SAC,2014-15,2014-12-02,TOR,SAC,117,109,204.0,2.5,-145,125,https://www.sportsbookreviewsonline.com/scoresoddsarchives/nba-odds-2014-15
sbr:2014-15:2014-12-03:ATL:MIA,2014-15,2014-12-03,ATL,MIA,112,102,199.5,-4.5,170,-195,https://www.sportsbookreviewsonline.com/scoresoddsarchives/nba-odds-2014-15
sbr:2014-15:2014-12-03:CHI:CHA,2014-15,2014-12-03,CHI,CHA,102,95,190.5,3.5,-165,145,https://www.sportsbookreviewsonline.com/scoresoddsarchives/nba-odds-2014-15
sbr:2014-15:2014-12-03:DAL:MIL,2014-15,2014-12-03,DAL,MIL,107,105,206.0,4.0,-170,150,https://www.sportsbookreviewsonline.com/scoresoddsarchives/nba-odds-2014-15
sbr:2014-15:2014-12-03:LAL:WAS,2014-15,2014-12-03,LAL,WAS,95,111,208.5,-8.5,360,-450,https://www.sportsbookreviewsonline.com/scoresoddsarchives/nba-odds-2014-15
sbr:2014-15:2014-12-03:MEM:HOU,2014-15,2014-12-03,MEM,HOU,96,105,189.5,5.0,-205,175,https://www.sportsbookreviewsonline.com/scoresoddsarchives/nba-odds-2014-15
sbr:2014-15:2014-12-03:ORL:LAC,2014-15,2014-12-03,ORL,LAC,86,114,202.0,-15.0,1435,-2285,https://www.sportsbookreviewsonline.com/scoresoddsarchives/nba-odds-2014-15
sbr:2014-15:2014-12-03:PHI:MIN,2014-15,2014-12-03,PHI,MIN,85,77,212.0,-7.0,235,-285,https://www.sportsbookreviewsonline.com/scoresoddsarchives/nba-odds-2014-15
sbr:2014-15:2014-12-03:TOR:UTA,2014-15,2014-12-03,TOR,UTA,123,104,201.0,3.5,-170,150,https://www.sportsbookreviewsonline.com/scoresoddsarchives/nba-odds-2014-15
sbr:2014-15:2014-12-04:CLE:NYK,2014-15,2014-12-04,CLE,NYK,90,87,198.5,7.5,-360,300,https://www.sportsbookreviewsonline.com/scoresoddsarchives/nba-odds-2014-15
sbr:2014-15:2014-12-04:IND:POR,2014-15,2014-12-04,IND,POR,82,88,193.5,-8.5,345,-425,https://www.sportsbookreviewsonline.com/scoresoddsarchives/nba-odds-2014-15
sbr:2014-15:2014-12-04:NOP:GSW,2014-15,2014-12-04,NOP,GSW,85,112,206.5,-9.5,400,-500,https://www.sportsbookreviewsonline.com/scoresoddsarchives/nba-odds-2014-15
sbr:2014-15:2014-12-05:CLE:TOR,2014-15,2014-12-05,CLE,TOR,105,91,209.0,-4.5,165,-190,https://www.sportsbookreviewsonline.com/scoresoddsarchives/nba-odds-2014-15
sbr:2014-15:2014-12-05:DEN:WAS,2014-15,2014-12-05,DEN,WAS,89,119,208.5,-4.5,165,-190,https://www.sportsbookreviewsonline.com/scoresoddsarchives/nba-odds-2014-15
sbr:2014-15:2014-12-05:LAL:BOS,2014-15,2014-12-05,LAL,BOS,96,113,219.0,-3.0,135,-155,https://www.sportsbookreviewsonline.com/scoresoddsarchives/nba-odds-2014-15
sbr:2014-15:2014-12-05:NYK:CHA,2014-15,2014-12-05,NYK,CHA,102,103,190.0,-4.5,170,-195,https://www.sportsbookreviewsonline.com/scoresoddsarchives/nba-odds-2014-15
sbr:2014-15:2014-12-05:OKC:PHI,2014-15,2014-12-05,OKC,PHI,103,91,199.0,13.5,-1380,980,https://www.sportsbookreviewsonline.com/scoresoddsarchives/nba-odds-2014-15
sbr:2014-15:2014-12-05:ORL:UTA,2014-15,2014-12-05,ORL,UTA,98,93,191.5,-5.0,180,-210,https://www.sportsbookreviewsonline.com/scoresoddsarchives/nba-odds-2014-15
sbr:2014-15:2014-12-05:PHX:DAL,2014-15,2014-12-05,PHX,DAL,118,106,216.0,-5.5,200,-235,https://www.sportsbookreviewsonline.com/scoresoddsarchives/nba-odds-2014-15
sbr:2014-15:2014-12-05:SAS:MEM,2014-15,2014-12-05,SAS,MEM,107,101,191.0,-1.0,100,-120,https://www.sportsbookreviewsonline.com/scoresoddsarchives/nba-odds-2014-15
sbr:2014-15:2014-12-06:GSW:CHI,2014-15,2014-12-06,GSW,CHI,112,102,204.0,2.0,-130,110,https://www.sportsbookreviewsonline.com/scoresoddsarchives/nba-odds-2014-15
sbr:2014-15:2014-12-06:MIN:SAS,2014-15,2014-12-06,MIN,SAS,101,123,201.5,-14.0,865,-1350,https://www.sportsbookreviewsonline.com/scoresoddsarchives/nba-odds-2014-15
sbr:2014-15:2014-12-06:NOP:LAC,2014-15,2014-12-06,NOP,LAC,100,120,207.5,-9.0,385,-475,https://www.sportsbookreviewsonline.com/scoresoddsarchives/nba-odds-2014-15
sbr:2014-15:2014-12-06:ORL:SAC,2014-15,2014-12-06,ORL,SAC,105,96,196.0,-6.0,205,-245,https://www.sportsbookreviewsonline.com/scoresoddsarchives/nba-odds-2014-15
sbr:2014-15:2014-12-07:DEN:ATL,2014-15,2014-12-07,DEN,ATL,84,96,211.0,-6.0,210,-250,https://www.sportsbookreviewsonline.com/scoresoddsarchives/nba-odds-2014-15
sbr:2014-15:2014-12-07:MIA:MEM,2014-15,2014-12-07,MIA,MEM,87,103,192.0,-8.0,320,-385,https://www.sportsbookreviewsonline.com/scoresoddsarchives/nba-odds-2014-15
sbr:2014-15:2014-12-07:MIL:DAL,2014-15,2014-12-07,MIL,DAL,102,125,211.0,-9.0,380,-470,https://www.sportsbookreviewsonline.com/scoresoddsarchives/nba-odds-2014-15
sbr:2014-15:2014-12-07:NOP:LAL,2014-15,2014-12-07,NOP,LAL,104,87,207.0,2.5,-145,125,https://www.sportsbookreviewsonline.com/scoresoddsarchives/nba-odds-2014-15
sbr:2014-15:2014-12-07:OKC:DET,2014-15,2014-12-07,OKC,DET,96,94,194.0,10.0,-550,420,https://www.sportsbookreviewsonline.com/scoresoddsarchives/nba-odds-2014-15
sbr:2014-15:2014-12-07:POR:NYK,2014-15,2014-12-07,POR,NYK,103,99,195.0,6.5,-275,235,https://www.sportsbookreviewsonline.com/scoresoddsarchives/nba-odds-2014-15
sbr:2014-15:2014-12-07:WAS:BOS,2014-15,2014-12-07,WAS,BOS,93,101,203.0,3.5,-175,155,https://www.sportsbookreviewsonline.com/scoresoddsarchives/nba-odds-2014-15
sbr:2014-15:2014-12-08:ATL:IND,2014-15,2014-12-08,ATL,IND,108,92,194.0,-1.0,-105,-115,https://www.sportsbookreviewsonline.com/scoresoddsarchives/nba-odds-2014-15
sbr:2014-15:2014-12-08:CLE:BKN,2014-15,2014-12-08,CLE,BKN,110,88,196.5,8.0,-425,335,https://www.sportsbookreviewsonline.com/scoresoddsarchives/nba-odds-2014-15
sbr:2014-15:2014-12-08:GSW:MIN,2014-15,2014-12-08,GSW,MIN,102,86,213.5,14.5,-1860,1310,https://www.sportsbookreviewsonline.com/scoresoddsarchives/nba-odds-2014-15
sbr:2014-15:2014-12-08:UTA:SAC,2014-15,2014-12-08,UTA,SAC,92,101,197.0,-5.5,185,-220,https://www.sportsbookreviewsonline.com/scoresoddsarchives/nba-odds-2014-15
sbr:2014-15:2014-12-09:DAL:MEM,2014-15,2014-12-09,DAL,MEM,105,114,203.0,-2.5,130,-150,https://www.sportsbookreviewsonline.com/scoresoddsarchives/nba-odds-2014-15
sbr:2014-15:2014-12-09:MIA:PHX,2014-15,2014-12-09,MIA,PHX,103,97,202.5,-4.0,160,-190,https://www.sportsbookreviewsonline.com/scoresoddsarchives/nba-odds-2014-15
sbr:2014-15:2014-12-09:MIL:OKC,2014-15,2014-12-09,MIL,OKC,101,114,201.5,-10.0,450,-610,https://www.sportsbookreviewsonline.com/scoresoddsarchives/nba-odds-2014-15
sbr:2014-15:2014-12-09:NYK:NOP,2014-15,2014-12-09,NYK,NOP,93,104,195.0,-6.5,235,-280,https://www.sportsbookreviewsonline.com/scoresoddsarchives/nba-odds-2014-15
sbr:2014-15:2014-12-09:POR:DET,2014-15,2014-12-09,POR,DET,98,86,196.5,7.5,-400,325,https://www.sportsbookreviewsonline.com/scoresoddsarchives/nba-odds-2014-15
sbr:2014-15:2014-12-09:SAC:LAL,2014-15,2014-12-09,SAC,LAL,95,98,209.0,-3.5,145,-165,https://www.sportsbookreviewsonline.com/scoresoddsarchives/nba-odds-2014-15
sbr:2014-15:2014-12-09:SAS:UTA,2014-15,2014-12-09,SAS,UTA,96,100,194.0,9.5,-545,420,https://www.sportsbookreviewsonline.com/scoresoddsarchives/nba-odds-2014-15
sbr:2014-15:2014-12-09:TOR:CLE,2014-15,2014-12-09,TOR,CLE,101,105,205.5,-6.0,225,-265,https://www.sportsbookreviewsonline.com/scoresoddsarchives/nba-odds-2014-15
sbr:2014-15:2014-12-10:BKN:CHI,2014-15,2014-12-10,BKN,CHI,80,105,193.0,-11.0,530,-705,https://www.sportsbookreviewsonline.com/scoresoddsarchives/nba-odds-2014-15
sbr:2014-15:2014-12-10:BOS:CHA,2014-15,2014-12-10,BOS,CHA,87,96,205.0,-3.0,130,-150,https://www.sportsbookreviewsonline.com/scoresoddsarchives/nba-odds-2014-15
sbr:2014-15:2014-12-10:HOU:GSW,2014-15,2014-12-10,HOU,GSW,93,105,204.5,-9.0,375,-500,https://www.sportsbookreviewsonline.com/scoresoddsarchives/nba-odds-2014-15
sbr:2014-15:2014-12-10:LAC:IND,2014-15,2014-12-10,LAC,IND,103,96,199.5,6.5,-280,230,https://www.sportsbookreviewsonline.com/scoresoddsarchives/nba-odds-2014-15
sbr:2014-15:2014-12-10:MIA:DEN,2014-15,2014-12-10,MIA,DEN,82,102,202.5,-5.5,195,-230,https://www.sportsbookreviewsonline.com/scoresoddsarchives/nba-odds-2014-15
sbr:2014-15:2014-12-10:NOP:DAL,2014-15,2014-12-10,NOP,DAL,107,112,209.0,-7.0,265,-325,https://www.sportsbookreviewsonline.com/scoresoddsarchives/nba-odds-2014-15
sbr:2014-15:2014-12-10:NYK:SAS,2014-15,2014-12-10,NYK,SAS,95,109,190.0,-10.0,440,-565,https://www.sportsbookreviewsonline.com/scoresoddsarchives/nba-odds-2014-15
sbr:2014-15:2014-12-10:PHI:ATL,2014-15,2014-12-10,PHI,ATL,79,95,202.0,-13.0,880,-1230,https://www.sportsbookreviewsonline.com/scoresoddsarchives/nba-odds-2014-15
sbr:2014-15:2014-12-10:POR:MIN,2014-15,2014-12-10,POR,MIN,82,90,206.5,10.0,-655,505,https://www.sportsbookreviewsonline.com/scoresoddsarchives/nba-odds-2014-15
sbr:2014-15:2014-12-10:WAS:ORL,2014-15,2014-12-10,WAS,ORL,91,89,195.0,5.5,-225,190,https://www.sportsbookreviewsonline.com/scoresoddsarchives/nba-odds-2014-15
sbr:2014-15:2014-12-11:CLE:OKC,2014-15,2014-12-11,CLE,OKC,94,103,202.0,-7.5,265,-315,https://www.sportsbookreviewsonline.com/scoresoddsarchives/nba-odds-2014-15
sbr:2014-15:2014-12-12:CLE:NOP,2014-15,2014-12-12,CLE,NOP,114,119,200.0,-1.5,105,-125,https://www.sportsbookreviewsonline.com/scoresoddsarchives/nba-odds-2014-15
sbr:2014-15:2014-12-12:DET:PHX,2014-15,2014-12-12,DET,PHX,105,103,206.0,-9.5,405,-525,https://www.sportsbookreviewsonline.com/scoresoddsarchives/nba-odds-2014-15
sbr:2014-15:2014-12-12:IND:TOR,2014-15,2014-12-12,IND,TOR,94,106,195.5,-9.0,355,-450,https://www.sportsbookreviewsonline.com/scoresoddsarchives/nba-odds-2014-15
sbr:2014-15:2014-12-12:LAC:WAS,2014-15,2014-12-12,LAC,WAS,96,104,206.5,2.5,-135,115,https://www.sportsbookreviewsonline.com/scoresoddsarchives/nba-odds-2014-15
sbr:2014-15:2014-12-12:MIA:UTA,2014-15,2014-12-12,MIA,UTA,100,95,191.0,-1.5,105,-125,https://www.sportsbookreviewsonline.com/scoresoddsarchives/nba-odds-2014-15
sbr:2014-15:2014-12-12:NYK:BOS,2014-15,2014-12-12,NYK,BOS,101,95,202.0,-6.0,230,-275,https://www.sportsbookreviewsonline.com/scoresoddsarchives/nba-odds-2014-15
sbr:2014-15:2014-12-12:OKC:MIN,2014-15,2014-12-12,OKC,MIN,111,92,205.5,8.5,-410,330,https://www.sportsbookreviewsonline.com/scoresoddsarchives/nba-odds-2014-15
sbr:2014-15:2014-12-12:ORL:ATL,2014-15,2014-12-12,ORL,ATL,81,87,196.0,-9.0,380,-475,https://www.sportsbookreviewsonline.com/scoresoddsarchives/nba-odds-2014-15
sbr:2014-15:2014-12-12:PHI:BKN,2014-15,2014-12-12,PHI,BKN,70,88,193.0,-6.5,245,-295,https://www.sportsbookreviewsonline.com/scoresoddsarchives/nba-odds-2014-15
sbr:2014-15:2014-12-12:POR:CHI,2014-15,2014-12-12,POR,CHI,106,115,197.0,-2.0,110,-130,https://www.sportsbookreviewsonline.com/scoresoddsarchives/nba-odds-2014-15
sbr:2014-15:2014-12-13:ATL:ORL,2014-15,2014-12-13,ATL,ORL,99,100,194.5,3.0,-150,130,https://www.sportsbookreviewsonline.com/scoresoddsarchives/nba-odds-2014-15
sbr:2014-15:2014-12-13:BKN:CHA,2014-15,2014-12-13,BKN,CHA,114,87,189.5,-4.5,155,-180,https://www.sportsbookreviewsonline.com/scoresoddsarchives/nba-odds-2014-15
sbr:2014-15:2014-12-13:DEN:HOU,2014-15,2014-12-13,DEN,HOU,96,108,205.0,-7.0,250,-310,https://www.sportsbookreviewsonline.com/scoresoddsarchives/nba-odds-2014-15
sbr:2014-15:2014-12-13:DET:SAC,2014-15,2014-12-13,DET,SAC,95,90,195.0,-5.5,185,-225,https://www.sportsbookreviewsonline.com/scoresoddsarchives/nba-odds-2014-15
sbr:2014-15:2014-12-13:GSW:DAL,2014-15,2014-12-13,GSW,DAL,105,98,217.0,-1.0,100,-120,https://www.sportsbookreviewsonline.com/scoresoddsarchives/nba-odds-2014-15
sbr:2014-15:2014-12-13:LAC:MIL,2014-15,2014-12-13,LAC,MIL,106,111,210.0,5.5,-235,200,https://www.sportsbookreviewsonline.com/scoresoddsarchives/nba-odds-2014-15
sbr:2014-15:2014-12-13:POR:IND,2014-15,2014-12-13,POR,IND,95,85,192.5,5.0,-205,175,https://www.sportsbookreviewsonline.com/scoresoddsarchives/nba-odds-2014-15
sbr:2014-15:2014-12-14:CHI:MIA,2014-15,2014-12-14,CHI,MIA,93,75,194.0,7.0,-290,240,https://www.sportsbookreviewsonline.com/scoresoddsarchives/nba-odds-2014-15
sbr:2014-15:2014-12-14:LAL:MIN,2014-15,2014-12-14,LAL,MIN,100,94,212.0,4.0,-165,145,https://www.sportsbookreviewsonline.com/scoresoddsarchives/nba-odds-2014-15
sbr:2014-15:2014-12-14:PHX:OKC,2014-15,2014-12-14,PHX,OKC,88,112,211.0,-7.5,260,-320,https://www.sportsbookreviewsonline.com/scoresoddsarchives/nba-odds-2014-15
sbr:2014-15:2014-12-14:SAS:DEN,2014-15,2014-12-14,SAS,DEN,99,91,203.0,5.0,-200,165,https://www.sportsbookreviewsonline.com/scoresoddsarchives/nba-odds-2014-15
sbr:2014-15:2014-12-14:UTA:WAS,2014-15,2014-12-14,UTA,WAS,84,93,193.5,-11.5,520,-750,https://www.sportsbookreviewsonline.com/scoresoddsarchives/nba-odds-2014-15
sbr:2014-15:2014-12-15:BOS:PHI,2014-15,2014-12-15,BOS,PHI,105,87,205.0,5.0,-220,185,https://www.sportsbookreviewsonline.com/scoresoddsarchives/nba-odds-2014-15
sbr:2014-15:2014-12-15:CHA:CLE,2014-15,2014-12-15,CHA,CLE,88,97,196.5,-10.5,505,-705,https://www.sportsbookreviewsonline.com/scoresoddsarchives/nba-odds-2014-15
sbr:2014-15:2014-12-15:CHI:ATL,2014-15,2014-12-15,CHI,ATL,86,93,196.5,-2.5,115,-135,https://www.sportsbookreviewsonline.com/scoresoddsarchives/nba-odds-2014-15
sbr:2014-15:2014-12-15:DET:LAC,2014-15,2014-12-15,DET,LAC,91,113,205.0,-11.5,600,-900,https://www.sportsbookreviewsonline.com/scoresoddsarchives/nba-odds-2014-15
sbr:2014-15:2014-12-15:LAL:IND,2014-15,2014-12-15,LAL,IND,91,110,198.0,-5.0,180,-215,https://www.sportsbookreviewsonline.com/scoresoddsarchives/nba-odds-2014-15
sbr:2014-15:2014-12-15:MIL:PHX,2014-15,2014-12-15,MIL,PHX,96,94,209.0,-5.5,180,-215,https://www.sportsbookreviewsonline.com/scoresoddsarchives/nba-odds-2014-15
sbr:2014-15:2014-12-15:ORL:TOR,2014-15,2014-12-15,ORL,TOR,82,95,197.5,-6.5,240,-290,https://www.sportsbookreviewsonline.com/scoresoddsarchives/nba-odds-2014-15
sbr:2014-15:2014-12-15:SAS:POR,2014-15,2014-12-15,SAS,POR,95,108,195.0,-9.0,355,-450,https://www.sportsbookreviewsonline.com/scoresoddsarchives/nba-odds-2014-15
sbr:2014-15:2014-12-16:DAL:NYK,2014-15,2014-12-16,DAL,NYK,107,87,203.5,7.5,-350,290,https://www.sportsbookreviewsonline.com/scoresoddsarchives/nba-odds-2014-15
sbr:2014-15:2014-12-16:GSW:MEM,2014-15,2014-12-16,GSW,MEM,98,105,204.5,-3.5,135,-160,https://www.sportsbookreviewsonline.com/scoresoddsarchives/nba-odds-2014-15
sbr:2014-15:2014-12-16:MIA:BKN,2014-15,2014-12-16,MIA,BKN,95,91,186.5,-6.0,215,-260,https://www.sportsbookreviewsonline.com/scoresoddsarchives/nba-odds-2014-15
sbr:2014-15:2014-12-16:MIN:WAS,2014-15,2014-12-16,MIN,WAS,95,109,202.5,-12.5,750,-1100,https://www.sportsbookreviewsonline.com/scoresoddsarchives/nba-odds-2014-15
sbr:2014-15:2014-12-16:OKC:SAC,2014-15,2014-12-16,OKC,SAC,104,92,207.0,8.0,-390,315,https://www.sportsbookreviewsonline.com/scoresoddsarchives/nba-odds-2014-15
sbr:2014-15:2014-12-16:UTA:NOP,2014-15,2014-12-16,UTA,NOP,111,119,197.0,-10.0,435,-575,https://www.sportsbookreviewsonline.com/scoresoddsarchives/nba-odds-2014-15
sbr:2014-15:2014-12-17:ATL:CLE,2014-15,2014-12-17,ATL,CLE,127,98,201.5,-7.0,250,-300,https://www.sportsbookreviewsonline.com/scoresoddsarchives/nba-odds-2014-15
sbr:2014-15:2014-12-17:BKN:TOR,2014-15,2014-12-17,BKN,TOR,89,105,199.5,-13.0,700,-1000,https://www.sportsbookreviewsonline.com/scoresoddsarchives/nba-odds-2014-15
sbr:2014-15:2014-12-17:DAL:DET,2014-15,2014-12-17,DAL,DET,117,106,205.0,7.0,-325,265,https://www.sportsbookreviewsonline.com/scoresoddsarchives/nba-odds-2014-15
sbr:2014-15:2014-12-17:IND:LAC,2014-15,2014-12-17,IND,LAC,100,102,201.0,-11.0,575,-800,https://www.sportsbookreviewsonline.com/scoresoddsarchives/nba-odds-2014-15
sbr:2014-15:2014-12-17:MIL:POR,2014-15,2014-12-17,MIL,POR,97,104,202.0,-10.0,462,-604,https://www.sportsbookreviewsonline.com/scoresoddsarchives/nba-odds-2014-15
sbr:2014-15:2014-12-17:ORL:BOS,2014-15,2014-12-17,ORL,BOS,92,109,200.0,-3.5,140,-165,https://www.sportsbookreviewsonline.com/scoresoddsarchives/nba-odds-2014-15
sbr:2014-15:2014-12-17:UTA:MIA,2014-15,2014-12-17,UTA,MIA,105,87,190.5,-3.5,135,-160,https://www.sportsbookreviewsonline.com/scoresoddsarchives/nba-odds-2014-15
sbr:2014-15:2014-12-18:MIL:SAC,2014-15,2014-12-18,MIL,SAC,108,107,204.5,-7.5,290,-350,https://www.sportsbookreviewsonline.com/scoresoddsarchives/nba-odds-2014-15
sbr:2014-15:2014-12-18:NOP:HOU,2014-15,2014-12-18,NOP,HOU,99,90,200.0,-4.5,166,-195,https://www.sportsbookreviewsonline.com/scoresoddsarchives/nba-odds-2014-15
sbr:2014-15:2014-12-18:NYK:CHI,2014-15,2014-12-18,NYK,CHI,97,103,188.5,-12.5,700,-1000,https://www.sportsbookreviewsonline.com/scoresoddsarchives/nba-odds-2014-15
sbr:2014-15:2014-12-18:OKC:GSW,2014-15,2014-12-18,OKC,GSW,109,114,211.5,-2.5,125,-145,https://www.sportsbookreviewsonline.com/scoresoddsarchives/nba-odds-2014-15
sbr:2014-15:2014-12-19:BKN:CLE,2014-15,2014-12-19,BKN,CLE,91,95,198.0,-10.5,495,-700,https://www.sportsbookreviewsonline.com/scoresoddsarchives/nba-odds-2014-15
sbr:2014-15:2014-12-19:CHA:PHI,2014-15,2014-12-19,CHA,PHI,109,91,192.0,4.5,-190,160,https://www.sportsbookreviewsonline.com/scoresoddsarchives/nba-odds-2014-15
sbr:2014-15:2014-12-19:CHI:MEM,2014-15,2014-12-19,CHI,MEM,103,97,191.5,-6.5,225,-265,https://www.sportsbookreviewsonline.com/scoresoddsarchives/nba-odds-2014-15
sbr:2014-15:2014-12-19:LAC:DEN,2014-15,2014-12-19,LAC,DEN,106,109,215.5,3.0,-155,135,https://www.sportsbookreviewsonline.com/scoresoddsarchives/nba-odds-2014-15
sbr:2014-15:2014-12-19:MIN:BOS,2014-15,2014-12-19,MIN,BOS,98,114,212.0,-6.5,210,-250,https://www.sportsbookreviewsonline.com/scoresoddsarchives/nba-odds-2014-15
sbr:2014-15:2014-12-19:OKC:LAL,2014-15,2014-12-19,OKC,LAL,104,103,204.5,5.5,-240,200,https://www.sportsbookreviewsonline.com/scoresoddsarchives/nba-odds-2014-15
sbr:2014-15:2014-12-19:TOR:DET,2014-15,2014-12-19,TOR,DET,110,100,198.5,7.0,-340,280,https://www.sportsbookreviewsonline.com/scoresoddsarchives/nba-odds-2014-15
sbr:2014-15:2014-12-19:UTA:ORL,2014-15,2014-12-19,UTA,ORL,101,94,193.0,-4.0,155,-175,https://www.sportsbookreviewsonline.com/scoresoddsarchives/nba-odds-2014-15
sbr:2014-15:2014-12-19:WAS:MIA,2014-15,2014-12-19,WAS,MIA,105,103,189.0,6.0,-240,200,https://www.sportsbookreviewsonline.com/scoresoddsarchives/nba-odds-2014-15
sbr:2014-15:2014-12-20:ATL:HOU,2014-15,2014-12-20,ATL,HOU,104,97,197.5,-5.0,175,-215,https://www.sportsbookreviewsonline.com/scoresoddsarchives/nba-odds-2014-15
sbr:2014-15:2014-12-20:IND:DEN,2014-15,2014-12-20,IND,DEN,73,76,200.0,-3.0,135,-155,https://www.sportsbookreviewsonline.com/scoresoddsarchives/nba-odds-2014-15
sbr:2014-15:2014-12-20:MIL:LAC,2014-15,2014-12-20,MIL,LAC,102,106,210.0,-10.5,460,-630,https://www.sportsbookreviewsonline.com/scoresoddsarchives/nba-odds-2014-15
sbr:2014-15:2014-12-20:PHX:NYK,2014-15,2014-12-20,PHX,NYK,99,90,198.5,6.0,-265,225,https://www.sportsbookreviewsonline.com/scoresoddsarchives/nba-odds-2014-15
sbr:2014-15:2014-12-20:POR:NOP,2014-15,2014-12-20,POR,NOP,114,88,205.0,-5.5,190,-230,https://www.sportsbookreviewsonline.com/scoresoddsarchives/nba-odds-2014-15
sbr:2014-15:2014-12-20:SAS:DAL,2014-15,2014-12-20,SAS,DAL,93,99,206.5,-10.5,495,-700,https://www.sportsbookreviewsonline.com/scoresoddsarchives/nba-odds-2014-15
sbr:2014-15:2014-12-20:UTA:CHA,2014-15,2014-12-20,UTA,CHA,86,104,194.5,-3.5,145,-165,https://www.sportsbookreviewsonline.com/scoresoddsarchives/nba-odds-2014-15
sbr:2014-15:2014-12-21:DET:BKN,2014-15,2014-12-21,DET,BKN,105,110,189.5,-2.0,110,-130,https://www.sportsbookreviewsonline.com/scoresoddsarchives/nba-odds-2014-15
sbr:2014-15:2014-12-21:IND:MIN,2014-15,2014-12-21,IND,MIN,100,96,195.5,3.5,-170,150,https://www.sportsbookreviewsonline.com/scoresoddsarchives/nba-odds-2014-15
sbr:2014-15:2014-12-21:LAL:SAC,2014-15,2014-12-21,LAL,SAC,101,108,207.0,-7.5,260,-320,https://www.sportsbookreviewsonline.com/scoresoddsarchives/nba-odds-2014-15
sbr:2014-15:2014-12-21:MEM:CLE,2014-15,2014-12-21,MEM,CLE,91,105,196.5,-5.0,175,-200,https://www.sportsbookreviewsonline.com/scoresoddsarchives/nba-odds-2014-15
sbr:2014-15:2014-12-21:NOP:OKC,2014-15,2014-12-21,NOP,OKC,101,99,200.0,-7.0,270,-330,https://www.sportsbookreviewsonline.com/scoresoddsarchives/nba-odds-2014-15
sbr:2014-15:2014-12-21:NYK:TOR,2014-15,2014-12-21,NYK,TOR,108,118,197.0,-12.0,740,-1040,https://www.sportsbookreviewsonline.com/scoresoddsarchives/nba-odds-2014-15
sbr:2014-15:2014-12-21:PHI:ORL,2014-15,2014-12-21,PHI,ORL,96,88,193.5,-8.5,355,-445,https://www.sportsbookreviewsonline.com/scoresoddsarchives/nba-odds-2014-15
sbr:2014-15:2014-12-21:PHX:WAS,2014-15,2014-12-21,PHX,WAS,104,92,205.5,-5.5,205,-245,https://www.sportsbookreviewsonline.com/scoresoddsarchives/nba-odds-2014-15
sbr:2014-15:2014-12-22:ATL:DAL,2014-15,2014-12-22,ATL,DAL,105,102,209.0,-4.5,166,-195,https://www.sportsbookreviewsonline.com/scoresoddsarchives/nba-odds-2014-15
sbr:2014-15:2014-12-22:DEN:CHA,2014-15,2014-12-22,DEN,CHA,82,110,200.5,-2.5,120,-140,https://www.sportsbookreviewsonline.com/scoresoddsarchives/nba-odds-2014-15
sbr:2014-15:2014-12-22:LAC:SAS,2014-15,2014-12-22,LAC,SAS,118,125,204.0,-1.0,-105,-115,https://www.sportsbookreviewsonline.com/scoresoddsarchives/nba-odds-2014-15
sbr:2014-15:2014-12-22:POR:HOU,2014-15,2014-12-22,POR,HOU,95,110,198.5,-5.0,180,-215,https://www.sportsbookreviewsonline.com/scoresoddsarchives/nba-odds-2014-15
sbr:2014-15:2014-12-22:SAC:GSW,2014-15,2014-12-22,SAC,GSW,108,128,212.5,-11.5,600,-850,https://www.sportsbookreviewsonline.com/scoresoddsarchives/nba-odds-2014-15
sbr:2014-15:2014-12-22:TOR:CHI,2014-15,2014-12-22,TOR,CHI,120,129,200.5,-4.0,149,-174,https://www.sportsbookreviewsonline.com/scoresoddsarchives/nba-odds-2014-15
sbr:2014-15:2014-12-22:UTA:MEM,2014-15,2014-12-22,UTA,MEM,97,91,193.5,-8.0,305,-375,https://www.sportsbookreviewsonline.com/scoresoddsarchives/nba-odds-2014-15
sbr:2014-15:2014-12-23:BOS:ORL,2014-15,2014-12-23,BOS,ORL,95,100,198.5,-2.0,110,-130,https://www.sportsbookreviewsonline.com/scoresoddsarchives/nba-odds-2014-15
sbr:2014-15:2014-12-23:CHA:MIL,2014-15,2014-12-23,CHA,MIL,108,101,197.0,-6.0,206,-251,https://www.sportsbookreviewsonline.com/scoresoddsarchives/nba-odds-2014-15
sbr:2014-15:2014-12-23:CHI:WAS,2014-15,2014-12-23,CHI,WAS,99,91,197.5,-2.5,120,-140,https://www.sportsbookreviewsonline.com/scoresoddsarchives/nba-odds-2014-15
sbr:2014-15:2014-12-23:DEN:BKN,2014-15,2014-12-23,DEN,BKN,96,102,199.0,-4.0,150,-175,https://www.sportsbookreviewsonline.com/scoresoddsarchives/nba-odds-2014-15
sbr:2014-15:2014-12-23:GSW:LAL,2014-15,2014-12-23,GSW,LAL,105,115,216.5,10.0,-700,525,https://www.sportsbookreviewsonline.com/scoresoddsarchives/nba-odds-2014-15
sbr:2014-15:2014-12-23:LAC:ATL,2014-15,2014-12-23,LAC,ATL,104,107,209.0,-1.5,111,-132,https://www.sportsbookreviewsonline.com/scoresoddsarchives/nba-odds-2014-15
sbr:2014-15:2014-12-23:MIN:CLE,2014-15,2014-12-23,MIN,CLE,104,125,210.5,-14.0,900,-2500,https://www.sportsbookreviewsonline.com/scoresoddsarchives/nba-odds-2014-15
sbr:2014-15:2014-12-23:NOP:IND,2014-15,2014-12-23,NOP,IND,84,96,194.0,1.5,-119,-101,https://www.sportsbookreviewsonline.com/scoresoddsarchives/nba-odds-2014-15
sbr:2014-15:2014-12-23:PHI:MIA,2014-15,2014-12-23,PHI,MIA,91,87,191.5,-7.5,290,-350,https://www.sportsbookreviewsonline.com/scoresoddsarchives/nba-odds-2014-15
sbr:2014-15:2014-12-25:CLE:MIA,2014-15,2014-12-25,CLE,MIA,91,101,196.0,6.0,-260,215,https://www.sportsbookreviewsonline.com/scoresoddsarchives/nba-odds-2014-15
sbr:2014-15:2014-12-25:GSW:LAC,2014-15,2014-12-25,GSW,LAC,86,100,219.5,-2.5,120,-140,https://www.sportsbookreviewsonline.com/scoresoddsarchives/nba-odds-2014-15
sbr:2014-15:2014-12-25:LAL:CHI,2014-15,2014-12-25,LAL,CHI,93,113,206.0,-12.0,650,-950,https://www.sportsbookreviewsonline.com/scoresoddsarchives/nba-odds-2014-15
sbr:2014-15:2014-12-25:OKC:SAS,2014-15,2014-12-25,OKC,SAS,114,106,196.5,-6.5,225,-270,https://www.sportsbookreviewsonline.com/scoresoddsarchives/nba-odds-2014-15
sbr:2014-15:2014-12-25:WAS:NYK,2014-15,2014-12-25,WAS,NYK,102,91,192.5,5.0,-215,180,https://www.sportsbookreviewsonline.com/scoresoddsarchives/nba-odds-2014-15
sbr:2014-15:2014-12-26:BKN:BOS,2014-15,2014-12-26,BKN,BOS,109,107,201.0,-2.0,110,-130,https://www.sportsbookreviewsonline.com/scoresoddsarchives/nba-odds-2014-15
sbr:2014-15:2014-12-26:CHA:OKC,2014-15,2014-12-26,CHA,OKC,75,98,197.5,-6.5,230,-275,https://www.sportsbookreviewsonline.com/scoresoddsarchives/nba-odds-2014-15
sbr:2014-15:2014-12-26:CLE:ORL,2014-15,2014-12-26,CLE,ORL,98,89,196.0,3.5,-175,150,https://www.sportsbookreviewsonline.com/scoresoddsarchives/nba-odds-2014-15
sbr:2014-15:2014-12-26:IND:DET,2014-15,2014-12-26,IND,DET,109,119,194.0,3.5,-160,135,https://www.sportsbookreviewsonline.com/scoresoddsarchives/nba-odds-2014-15
sbr:2014-15:2014-12-26:LAL:DAL,2014-15,2014-12-26,LAL,DAL,98,102,215.0,-13.0,750,-1100,https://www.sportsbookreviewsonline.com/scoresoddsarchives/nba-odds-2014-15
sbr:2014-15:2014-12-26:MIL:ATL,2014-15,2014-12-26,MIL,ATL,107,77,205.0,-9.0,380,-475,https://www.sportsbookreviewsonline.com/scoresoddsarchives/nba-odds-2014-15
sbr:2014-15:2014-12-26:MIN:DEN,2014-15,2014-12-26,MIN,DEN,102,106,213.0,-10.0,500,-650,https://www.sportsbookreviewsonline.com/scoresoddsarchives/nba-odds-2014-15
sbr:2014-15:2014-12-26:PHI:POR,2014-15,2014-12-26,PHI,POR,93,114,198.0,-12.5,750,-1100,https://www.sportsbookreviewsonline.com/scoresoddsarchives/nba-odds-2014-15
sbr:2014-15:2014-12-26:SAS:NOP,2014-15,2014-12-26,SAS,NOP,90,97,202.0,-2.5,120,-140,https://www.sportsbookreviewsonline.com/scoresoddsarchives/nba-odds-2014-15
sbr:2014-15:2014-12-27:ATL:MIL,2014-15,2014-12-27,ATL,MIL,90,85,204.0,4.5,-190,160,https://www.sportsbookreviewsonline.com/scoresoddsarchives/nba-odds-2014-15
sbr:2014-15:2014-12-27:BOS:WAS,2014-15,2014-12-27,BOS,WAS,88,101,205.5,-9.5,425,-555,https://www.sportsbookreviewsonline.com/scoresoddsarchives/nba-odds-2014-15
sbr:2014-15:2014-12-27:IND:BKN,2014-15,2014-12-27,IND,BKN,110,85,191.0,-3.0,135,-155,https://www.sportsbookreviewsonline.com/scoresoddsarchives/nba-odds-2014-15
sbr:2014-15:2014-12-27:MEM:MIA,2014-15,2014-12-27,MEM,MIA,103,95,189.0,3.5,-160,140,https://www.sportsbookreviewsonline.com/scoresoddsarchives/nba-odds-2014-15
sbr:2014-15:2014-12-27:MIN:GSW,2014-15,2014-12-27,MIN,GSW,97,110,216.0,-18.5,3250,-7500,https://www.sportsbookreviewsonline.com/scoresoddsarchives/nba-odds-2014-15
sbr:2014-15:2014-12-27:NOP:CHI,2014-15,2014-12-27,NOP,CHI,100,107,201.0,-10.0,420,-550,https://www.sportsbookreviewsonline.com/scoresoddsarchives/nba-odds-2014-15
sbr:2014-15:2014-12-27:ORL:CHA,2014-15,2014-12-27,ORL,CHA,102,94,187.5,-6.0,220,-260,https://www.sportsbookreviewsonline.com/scoresoddsarchives/nba-odds-2014-15
sbr:2014-15:2014-12-27:PHI:UTA,2014-15,2014-12-27,PHI,UTA,71,88,197.0,-10.0,425,-560,https://www.sportsbookreviewsonline.com/scoresoddsarchives/nba-odds-2014-15
sbr:2014-15:2014-12-27:TOR:LAC,2014-15,2014-12-27,TOR,LAC,110,98,214.0,-4.5,165,-195,https://www.sportsbookreviewsonline.com/scoresoddsarchives/nba-odds-2014-15
sbr:2014-15:2014-12-28:DET:CLE,2014-15,2014-12-28,DET,CLE,103,80,205.0,-7.5,290,-350,https://www.sportsbookreviewsonline.com/scoresoddsarchives/nba-odds-2014-15
sbr:2014-15:2014-12-28:HOU:SAS,2014-15,2014-12-28,HOU,SAS,106,110,200.0,-1.5,-102,-118,https://www.sportsbookreviewsonline.com/scoresoddsarchives/nba-odds-2014-15
sbr:2014-15:2014-12-28:NYK:POR,2014-15,2014-12-28,NYK,POR,79,101,203.5,-11.5,575,-850,https://www.sportsbookreviewsonline.com/scoresoddsarchives/nba-odds-2014-15
sbr:2014-15:2014-12-28:OKC:DAL,2014-15,2014-12-28,OKC,DAL,107,112,210.5,-2.0,115,-135,https://www.sportsbookreviewsonline.com/scoresoddsarchives/nba-odds-2014-15
sbr:2014-15:2014-12-28:PHX:LAL,2014-15,2014-12-28,PHX,LAL,116,107,216.5,5.0,-210,175,https://www.sportsbookreviewsonline.com/scoresoddsarchives/nba-odds-2014-15
sbr:2014-15:2014-12-28:TOR:DEN,2014-15,2014-12-28,TOR,DEN,116,102,213.0,2.5,-145,125,https://www.sportsbookreviewsonline.com/scoresoddsarchives/nba-odds-2014-15
sbr:2014-15:2014-12-29:CHI:IND,2014-15,2014-12-29,CHI,IND,92,90,193.5,4.5,-200,170,https://www.sportsbookreviewsonline.com/scoresoddsarchives/nba-odds-2014-15
sbr:2014-15:2014-12-29:ORL:MIA,2014-15,2014-12-29,ORL,MIA,102,101,189.5,-5.5,190,-225,https://www.sportsbookreviewsonline.com/scoresoddsarchives/nba-odds-2014-15
sbr:2014-15:2014-12-29:SAC:BKN,2014-15,2014-12-29,SAC,BKN,99,107,203.5,1.0,-115,-105,https://www.sportsbookreviewsonline.com/scoresoddsarchives/nba-odds-2014-15
sbr:2014-15:2014-12-29:UTA:LAC,2014-15,2014-12-29,UTA,LAC,97,101,202.0,-12.0,695,-945,https://www.sportsbookreviewsonline.com/scoresoddsarchives/nba-odds-2014-15
sbr:2014-15:2014-12-29:WAS:HOU,2014-15,2014-12-29,WAS,HOU,104,103,201.0,-3.5,150,-170,https://www.sportsbookreviewsonline.com/scoresoddsarchives/nba-odds-2014-15
sbr:2014-15:2014-12-30:BKN:CHI,2014-15,2014-12-30,BKN,CHI,96,82,197.0,-10.0,450,-600,https://www.sportsbookreviewsonline.com/scoresoddsarchives/nba-odds-2014-15
sbr:2014-15:2014-12-30:CLE:ATL,2014-15,2014-12-30,CLE,ATL,101,109,202.5,-7.0,245,-305,https://www.sportsbookreviewsonline.com/scoresoddsarchives/nba-odds-2014-15
sbr:2014-15:2014-12-30:LAL:DEN,2014-15,2014-12-30,LAL,DEN,111,103,214.5,-5.5,190,-225,https://www.sportsbookreviewsonline.com/scoresoddsarchives/nba-odds-2014-15
sbr:2014-15:2014-12-30:MIN:UTA,2014-15,2014-12-30,MIN,UTA,94,100,202.5,-7.0,240,-300,https://www.sportsbookreviewsonline.com/scoresoddsarchives/nba-odds-2014-15
sbr:2014-15:2014-12-30:PHI:GSW,2014-15,2014-12-30,PHI,GSW,86,126,209.0,-17.5,1645,-2555,https://www.sportsbookreviewsonline.com/scoresoddsarchives/nba-odds-2014-15
sbr:2014-15:2014-12-30:PHX:NOP,2014-15,2014-12-30,PHX,NOP,106,110,213.5,-1.5,105,-125,https://www.sportsbookreviewsonline.com/scoresoddsarchives/nba-odds-2014-15
sbr:2014-15:2014-12-30:SAS:MEM,2014-15,2014-12-30,SAS,MEM,87,95,195.0,-1.0,-105,-115,https://www.sportsbookreviewsonline.com/scoresoddsarchives/nba-odds-2014-15
sbr:2014-15:2014-12-30:WAS:DAL,2014-15,2014-12-30,WAS,DAL,87,114,209.5,-5.0,190,-225,https://www.sportsbookreviewsonline.com/scoresoddsarchives/nba-odds-2014-15
sbr:2014-15:2014-12-31:CHA:HOU,2014-15,2014-12-31,CHA,HOU,83,102,197.5,-11.5,630,-880,https://www.sportsbookreviewsonline.com/scoresoddsarchives/nba-odds-2014-15
sbr:2014-15:2014-12-31:MIA:IND,2014-15,2014-12-31,MIA,IND,95,106,189.5,-3.5,150,-170,https://www.sportsbookreviewsonline.com/scoresoddsarchives/nba-odds-2014-15
sbr:2014-15:2014-12-31:NYK:LAC,2014-15,2014-12-31,NYK,LAC,78,99,205.5,-13.0,705,-1005,https://www.sportsbookreviewsonline.com/scoresoddsarchives/nba-odds-2014-15
sbr:2014-15:2014-12-31:SAC:BOS,2014-15,2014-12-31,SAC,BOS,84,106,211.5,1.5,-125,105,https://www.sportsbookreviewsonline.com/scoresoddsarchives/nba-odds-2014-15
sbr:2015-16:2015-10-27:CLE:CHI,2015-16,2015-10-27,CLE,CHI,95,97,198.5,-4.0,160,-180,https://www.sportsbookreviewsonline.com/scoresoddsarchives/nba-odds-2015-16
sbr:2015-16:2015-10-27:DET:ATL,2015-16,2015-10-27,DET,ATL,106,94,196.5,-7.0,255,-320,https://www.sportsbookreviewsonline.com/scoresoddsarchives/nba-odds-2015-16
sbr:2015-16:2015-10-27:NOP:GSW,2015-16,2015-10-27,NOP,GSW,95,111,215.0,-10.5,510,-710,https://www.sportsbookreviewsonline.com/scoresoddsarchives/nba-odds-2015-16
sbr:2015-16:2015-10-28:CHA:MIA,2015-16,2015-10-28,CHA,MIA,94,104,193.5,-6.5,210,-260,https://www.sportsbookreviewsonline.com/scoresoddsarchives/nba-odds-2015-16
sbr:2015-16:2015-10-28:CHI:BKN,2015-16,2015-10-28,CHI,BKN,115,100,196.5,5.0,-205,175,https://www.sportsbookreviewsonline.com/scoresoddsarchives/nba-odds-2015-16
sbr:2015-16:2015-10-28:CLE:MEM,2015-16,2015-10-28,CLE,MEM,106,76,189.0,-5.0,185,-215,https://www.sportsbookreviewsonline.com/scoresoddsarchives/nba-odds-2015-16
sbr:2015-16:2015-10-28:DAL:PHX,2015-16,2015-10-28,DAL,PHX,111,95,203.0,-6.0,210,-260,https://www.sportsbookreviewsonline.com/scoresoddsarchives/nba-odds-2015-16
sbr:2015-16:2015-10-28:DEN:HOU,2015-16,2015-10-28,DEN,HOU,105,85,211.5,-10.5,510,-710,https://www.sportsbookreviewsonline.com/scoresoddsarchives/nba-odds-2015-16
sbr:2015-16:2015-10-28:IND:TOR,2015-16,2015-10-28,IND,TOR,99,106,199.5,-5.5,195,-235,https://www.sportsbookreviewsonline.com/scoresoddsarchives/nba-odds-2015-16
sbr:2015-16:2015-10-28:LAC:SAC,2015-16,2015-10-28,LAC,SAC,111,104,212.0,5.5,-230,190,https://www.sportsbookreviewsonline.com/scoresoddsarchives/nba-odds-2015-16
sbr:2015-16:2015-10-28:MIN:LAL,2015-16,2015-10-28,MIN,LAL,112,111,202.5,-2.5,120,-140,https://www.sportsbookreviewsonline.com/scoresoddsarchives/nba-odds-2015-16
sbr:2015-16:2015-10-28:NOP:POR,2015-16,2015-10-28,NOP,POR,94,112,206.5,-2.0,105,-125,https://www.sportsbookreviewsonline.com/scoresoddsarchives/nba-odds-2015-16
sbr:2015-16:2015-10-28:NYK:MIL,2015-16,2015-10-28,NYK,MIL,122,97,194.5,-4.5,175,-205,https://www.sportsbookreviewsonline.com/scoresoddsarchives/nba-odds-2015-16
sbr:2015-16:2015-10-28:PHI:BOS,2015-16,2015-10-28,PHI,BOS,95,112,198.0,-12.5,800,-1300,https://www.sportsbookreviewsonline.com/scoresoddsarchives/nba-odds-2015-16
sbr:2015-16:2015-10-28:SAS:OKC,2015-16,2015-10-28,SAS,OKC,106,112,207.0,-4.0,165,-185,https://www.sportsbookreviewsonline.com/scoresoddsarchives/nba-odds-2015-16
sbr:2015-16:2015-10-28:WAS:ORL,2015-16,2015-10-28,WAS,ORL,88,87,202.5,4.0,-180,160,https://www.sportsbookreviewsonline.com/scoresoddsarchives/nba-odds-2015-16
sbr:2015-16:2015-10-29:ATL:NYK,2015-16,2015-10-29,ATL,NYK,112,101,199.0,4.5,-185,165,https://www.sportsbookreviewsonline.com/scoresoddsarchives/nba-odds-2015-16
sbr:2015-16:2015-10-29:DAL:LAC,2015-16,2015-10-29,DAL,LAC,88,104,212.5,-12.0,650,-950,https://www.sportsbookreviewsonline.com/scoresoddsarchives/nba-odds-2015-16
sbr:2015-16:2015-10-29:MEM:IND,2015-16,2015-10-29,MEM,IND,112,103,191.0,3.0,-145,125,https://www.sportsbookreviewsonline.com/scoresoddsarchives/nba-odds-2015-16
sbr:2015-16:2015-10-30:BKN:SAS,2015-16,2015-10-30,BKN,SAS,75,102,202.0,-13.5,900,-1600,https://www.sportsbookreviewsonline.com/scoresoddsarchives/nba-odds-2015-16
sbr:2015-16:2015-10-30:CHA:ATL,2015-16,2015-10-30,CHA,ATL,94,97,194.5,-4.0,155,-175,https://www.sportsbookreviewsonline.com/scoresoddsarchives/nba-odds-2015-16
sbr:2015-16:2015-10-30:GSW:HOU,2015-16,2015-10-30,GSW,HOU,112,92,216.5,1.0,-115,-105,https://www.sportsbookreviewsonline.com/scoresoddsarchives/nba-odds-2015-16
sbr:2015-16:2015-10-30:LAL:SAC,2015-16,2015-10-30,LAL,SAC,114,132,212.0,-7.0,245,-305,https://www.sportsbookreviewsonline.com/scoresoddsarchives/nba-odds-2015-16
sbr:2015-16:2015-10-30:MIA:CLE,2015-16,2015-10-30,MIA,CLE,92,102,200.5,-4.5,185,-215,https://www.sportsbookreviewsonline.com/scoresoddsarchives/nba-odds-2015-16
sbr:2015-16:2015-10-30:MIN:DEN,2015-16,2015-10-30,MIN,DEN,95,78,204.0,-3.5,140,-160,https://www.sportsbookreviewsonline.com/scoresoddsarchives/nba-odds-2015-16
sbr:2015-16:2015-10-30:POR:PHX,2015-16,2015-10-30,POR,PHX,92,110,204.5,-4.5,170,-200,https://www.sportsbookreviewsonline.com/scoresoddsarchives/nba-odds-2015-16
sbr:2015-16:2015-10-30:TOR:BOS,2015-16,2015-10-30,TOR,BOS,113,103,200.0,-2.0,110,-130,https://www.sportsbookreviewsonline.com/scoresoddsarchives/nba-odds-2015-16
sbr:2015-16:2015-10-30:UTA:PHI,2015-16,2015-10-30,UTA,PHI,99,71,186.0,7.5,-325,260,https://www.sportsbookreviewsonline.com/scoresoddsarchives/nba-odds-2015-16
sbr:2015-16:2015-10-30:WAS:MIL,2015-16,2015-10-30,WAS,MIL,118,113,200.0,2.0,-135,115,https://www.sportsbookreviewsonline.com/scoresoddsarchives/nba-odds-2015-16
sbr:2015-16:2015-10-31:BKN:MEM,2015-16,2015-10-31,BKN,MEM,91,101,192.5,-12.0,705,-955,https://www.sportsbookreviewsonline.com/scoresoddsarchives/nba-odds-2015-16
sbr:2015-16:2015-10-31:GSW:NOP,2015-16,2015-10-31,GSW,NOP,134,120,211.5,5.5,-235,200,https://www.sportsbookreviewsonline.com/scoresoddsarchives/nba-odds-2015-16
sbr:2015-16:2015-10-31:NYK:WAS,2015-16,2015-10-31,NYK,WAS,117,110,205.0,-7.0,260,-320,https://www.sportsbookreviewsonline.com/scoresoddsarchives/nba-odds-2015-16
sbr:2015-16:2015-10-31:PHX:POR,2015-16,2015-10-31,PHX,POR,101,90,204.0,-2.0,105,-125,https://www.sportsbookreviewsonline.com/scoresoddsarchives/nba-odds-2015-16
sbr:2015-16:2015-10-31:SAC:LAC,2015-16,2015-10-31,SAC,LAC,109,114,216.0,-10.5,485,-635,https://www.sportsbookreviewsonline.com/scoresoddsarchives/nba-odds-2015-16
sbr:2015-16:2015-10-31:UTA:IND,2015-16,2015-10-31,UTA,IND,97,76,193.0,-4.0,140,-160,https://www.sportsbookreviewsonline.com/scoresoddsarchives/nba-odds-2015-16
sbr:2015-16:2015-11-01:ATL:CHA,2015-16,2015-11-01,ATL,CHA,94,92,195.5,2.0,-140,120,https://www.sportsbookreviewsonline.com/scoresoddsarchives/nba-odds-2015-16
sbr:2015-16:2015-11-01:DAL:LAL,2015-16,2015-11-01,DAL,LAL,103,93,213.0,4.0,-180,160,https://www.sportsbookreviewsonline.com/scoresoddsarchives/nba-odds-2015-16
sbr:2015-16:2015-11-01:DEN:OKC,2015-16,2015-11-01,DEN,OKC,93,117,213.5,-12.5,800,-1300,https://www.sportsbookreviewsonline.com/scoresoddsarchives/nba-odds-2015-16
sbr:2015-16:2015-11-01:HOU:MIA,2015-16,2015-11-01,HOU,MIA,89,109,207.5,-4.0,150,-170,https://www.sportsbookreviewsonline.com/scoresoddsarchives/nba-odds-2015-16
sbr:2015-16:2015-11-01:MIL:TOR,2015-16,2015-11-01,MIL,TOR,87,106,201.0,-6.0,200,-240,https://www.sportsbookreviewsonline.com/scoresoddsarchives/nba-odds-2015-16
sbr:2015-16:2015-11-01:ORL:CHI,2015-16,2015-11-01,ORL,CHI,87,92,199.0,-8.0,300,-365,https://www.sportsbookreviewsonline.com/scoresoddsarchives/nba-odds-2015-16
sbr:2015-16:2015-11-01:SAS:BOS,2015-16,2015-11-01,SAS,BOS,95,87,203.0,5.5,-260,210,https://www.sportsbookreviewsonline.com/scoresoddsarchives/nba-odds-2015-16
sbr:2015-16:2015-11-02:CLE:PHI,2015-16,2015-11-02,CLE,PHI,107,100,195.0,13.0,-1450,850,https://www.sportsbookreviewsonline.com/scoresoddsarchives/nba-odds-2015-16
sbr:2015-16:2015-11-02:MEM:GSW,2015-16,2015-11-02,MEM,GSW,69,119,204.0,-9.0,380,-475,https://www.sportsbookreviewsonline.com/scoresoddsarchives/nba-odds-2015-16
sbr:2015-16:2015-11-02:MIL:BKN,2015-16,2015-11-02,MIL,BKN,103,96,194.0,1.5,-120,100,https://www.sportsbookreviewsonline.com/scoresoddsarchives/nba-odds-2015-16
sbr:2015-16:2015-11-02:OKC:HOU,2015-16,2015-11-02,OKC,HOU,105,110,217.5,4.5,-180,160,https://www.sportsbookreviewsonline.com/scoresoddsarchives/nba-odds-2015-16
sbr:2015-16:2015-11-02:PHX:LAC,2015-16,2015-11-02,PHX,LAC,96,102,207.5,-9.0,369,-464,https://www.sportsbookreviewsonline.com/scoresoddsarchives/nba-odds-2015-16
sbr:2015-16:2015-11-02:POR:MIN,2015-16,2015-11-02,POR,MIN,106,101,204.0,-3.5,150,-170,https://www.sportsbookreviewsonline.com/scoresoddsarchives/nba-odds-2015-16
sbr:2015-16:2015-11-02:SAS:NYK,2015-16,2015-11-02,SAS,NYK,94,84,202.0,7.5,-335,270,https://www.sportsbookreviewsonline.com/scoresoddsarchives/nba-odds-2015-16
sbr:2015-16:2015-11-03:ATL:MIA,2015-16,2015-11-03,ATL,MIA,98,92,197.0,-4.0,155,-175,https://www.sportsbookreviewsonline.com/scoresoddsarchives/nba-odds-2015-16
sbr:2015-16:2015-11-03:CHI:CHA,2015-16,2015-11-03,CHI,CHA,105,130,193.5,3.5,-170,150,https://www.sportsbookreviewsonline.com/scoresoddsarchives/nba-odds-2015-16
sbr:2015-16:2015-11-03:IND:DET,2015-16,2015-11-03,IND,DET,94,82,200.5,-4.5,165,-185,https://www.sportsbookreviewsonline.com/scoresoddsarchives/nba-odds-2015-16
sbr:2015-16:2015-11-03:MEM:SAC,2015-16,2015-11-03,MEM,SAC,103,89,196.5,4.0,-185,165,https://www.sportsbookreviewsonline.com/scoresoddsarchives/nba-odds-2015-16
sbr:2015-16:2015-11-03:ORL:NOP,2015-16,2015-11-03,ORL,NOP,103,94,205.5,-5.0,175,-205,https://www.sportsbookreviewsonline.com/scoresoddsarchives/nba-odds-2015-16
sbr:2015-16:2015-11-04:BKN:ATL,2015-16,2015-11-04,BKN,ATL,87,101,197.0,-7.0,280,-345,https://www.sportsbookreviewsonline.com/scoresoddsarchives/nba-odds-2015-16
sbr:2015-16:2015-11-04:BOS:IND,2015-16,2015-11-04,BOS,IND,98,100,207.0,2.0,-129,109,https://www.sportsbookreviewsonline.com/scoresoddsarchives/nba-odds-2015-16
sbr:2015-16:2015-11-04:LAC:GSW,2015-16,2015-11-04,LAC,GSW,108,112,217.5,-7.5,280,-345,https://www.sportsbookreviewsonline.com/scoresoddsarchives/nba-odds-2015-16
sbr:2015-16:2015-11-04:NYK:CLE,2015-16,2015-11-04,NYK,CLE,86,96,206.0,-10.5,525,-725,https://www.sportsbookreviewsonline.com/scoresoddsarchives/nba-odds-2015-16
sbr:2015-16:2015-11-04:PHI:MIL,2015-16,2015-11-04,PHI,MIL,87,91,194.5,-8.5,325,-400,https://www.sportsbookreviewsonline.com/scoresoddsarchives/nba-odds-2015-16
sbr:2015-16:2015-11-04:POR:UTA,2015-16,2015-11-04,POR,UTA,108,92,189.5,-7.0,240,-300,https://www.sportsbookreviewsonline.com/scoresoddsarchives/nba-odds-2015-16
sbr:2015-16:2015-11-04:SAC:PHX,2015-16,2015-11-04,SAC,PHX,97,118,209.5,-10.0,405,-525,https://www.sportsbookreviewsonline.com/scoresoddsarchives/nba-odds-2015-16
sbr:2015-16:2015-11-04:SAS:WAS,2015-16,2015-11-04,SAS,WAS,99,102,201.0,4.0,-175,155,https://www.sportsbookreviewsonline.com/scoresoddsarchives/nba-odds-2015-16
sbr:2015-16:2015-11-04:TOR:OKC,2015-16,2015-11-04,TOR,OKC,103,98,213.0,-8.0,310,-380,https://www.sportsbookreviewsonline.com/scoresoddsarchives/nba-odds-2015-16
sbr:2015-16:2015-11-05:CHA:DAL,2015-16,2015-11-05,CHA,DAL,108,94,200.5,-3.5,150,-170,https://www.sportsbookreviewsonline.com/scoresoddsarchives/nba-odds-2015-16
sbr:2015-16:2015-11-05:MEM:POR,2015-16,2015-11-05,MEM,POR,96,115,193.0,4.5,-185,165,https://www.sportsbookreviewsonline.com/scoresoddsarchives/nba-odds-2015-16
sbr:2015-16:2015-11-05:MIA:MIN,2015-16,2015-11-05,MIA,MIN,96,84,197.5,4.5,-180,160,https://www.sportsbookreviewsonline.com/scoresoddsarchives/nba-odds-2015-16
sbr:2015-16:2015-11-05:UTA:DEN,2015-16,2015-11-05,UTA,DEN,96,84,191.0,3.0,-150,130,https://www.sportsbookreviewsonline.com/scoresoddsarchives/nba-odds-2015-16
sbr:2015-16:2015-11-06:ATL:NOP,2015-16,2015-11-06,ATL,NOP,121,115,206.0,2.5,-140,120,https://www.sportsbookreviewsonline.com/scoresoddsarchives/nba-odds-2015-16
sbr:2015-16:2015-11-06:DEN:GSW,2015-16,2015-11-06,DEN,GSW,104,119,211.0,-17.0,2000,-7000,https://www.sportsbookreviewsonline.com/scoresoddsarchives/nba-odds-2015-16
sbr:2015-16:2015-11-06:DET:PHX,2015-16,2015-11-06,DET,PHX,100,92,198.5,-4.0,160,-180,https://www.sportsbookreviewsonline.com/scoresoddsarchives/nba-odds-2015-16
sbr:2015-16:2015-11-06:HOU:SAC,2015-16,2015-11-06,HOU,SAC,116,110,219.5,4.0,-200,170,https://www.sportsbookreviewsonline.com/scoresoddsarchives/nba-odds-2015-16
sbr:2015-16:2015-11-06:LAL:BKN,2015-16,2015-11-06,LAL,BKN,104,98,207.5,-3.0,135,-155,https://www.sportsbookreviewsonline.com/scoresoddsarchives/nba-odds-2015-16
sbr:2015-16:2015-11-06:MIA:IND,2015-16,2015-11-06,MIA,IND,87,90,194.5,1.0,-115,-105,https://www.sportsbookreviewsonline.com/scoresoddsarchives/nba-odds-2015-16
sbr:2015-16:2015-11-06:MIL:NYK,2015-16,2015-11-06,MIL,NYK,99,92,196.0,-1.5,100,-120,https://www.sportsbookreviewsonline.com/scoresoddsarchives/nba-odds-2015-16
sbr:2015-16:2015-11-06:PHI:CLE,2015-16,2015-11-06,PHI,CLE,102,108,196.5,-13.5,950,-1650,https://www.sportsbookreviewsonline.com/scoresoddsarchives/nba-odds-2015-16
sbr:2015-16:2015-11-06:TOR:ORL,2015-16,2015-11-06,TOR,ORL,87,92,196.5,6.0,-240,200,https://www.sportsbookreviewsonline.com/scoresoddsarchives/nba-odds-2015-16
sbr:2015-16:2015-11-06:WAS:BOS,2015-16,2015-11-06,WAS,BOS,98,118,209.5,-2.0,105,-125,https://www.sportsbookreviewsonline.com/scoresoddsarchives/nba-odds-2015-16
sbr:2015-16:2015-11-07:BKN:MIL,2015-16,2015-11-07,BKN,MIL,86,94,192.5,-6.5,235,-285,https://www.sportsbookreviewsonline.com/scoresoddsarchives/nba-odds-2015-16
sbr:2015-16:2015-11-07:CHA:SAS,2015-16,2015-11-07,CHA,SAS,94,114,193.5,-9.0,400,-520,https://www.sportsbookreviewsonline.com/scoresoddsarchives/nba-odds-2015-16
sbr:2015-16:2015-11-07:GSW:SAC,2015-16,2015-11-07,GSW,SAC,103,94,221.0,14.0,-1750,950,https://www.sportsbookreviewsonline.com/scoresoddsarchives/nba-odds-2015-16
sbr:2015-16:2015-11-07:HOU:LAC,2015-16,2015-11-07,HOU,LAC,109,105,212.0,-5.5,205,-245,https://www.sportsbookreviewsonline.com/scoresoddsarchives/nba-odds-2015-16
sbr:2015-16:2015-11-07:NOP:DAL,2015-16,2015-11-07,NOP,DAL,98,107,211.5,-5.5,190,-230,https://www.sportsbookreviewsonline.com/scoresoddsarchives/nba-odds-2015-16
sbr:2015-16:2015-11-07:ORL:PHI,2015-16,2015-11-07,ORL,PHI,105,97,191.0,3.0,-145,125,https://www.sportsbookreviewsonline.com/scoresoddsarchives/nba-odds-2015-16
sbr:2015-16:2015-11-07:WAS:ATL,2015-16,2015-11-07,WAS,ATL,99,114,206.0,-4.5,175,-205,https://www.sportsbookreviewsonline.com/scoresoddsarchives/nba-odds-2015-16
sbr:2015-16:2015-11-08:DET:POR,2015-16,2015-11-08,DET,POR,120,103,200.0,-2.0,110,-130,https://www.sportsbookreviewsonline.com/scoresoddsarchives/nba-odds-2015-16
sbr:2015-16:2015-11-08:IND:CLE,2015-16,2015-11-08,IND,CLE,97,101,197.0,-8.0,305,-370,https://www.sportsbookreviewsonline.com/scoresoddsarchives/nba-odds-2015-16
sbr:2015-16:2015-11-08:LAL:NYK,2015-16,2015-11-08,LAL,NYK,95,99,212.0,-6.0,205,-245,https://www.sportsbookreviewsonline.com/scoresoddsarchives/nba-odds-2015-16
sbr:2015-16:2015-11-08:PHX:OKC,2015-16,2015-11-08,PHX,OKC,103,124,212.5,-8.5,345,-425,https://www.sportsbookreviewsonline.com/scoresoddsarchives/nba-odds-2015-16
sbr:2015-16:2015-11-08:TOR:MIA,2015-16,2015-11-08,TOR,MIA,76,96,190.5,-3.0,130,-150,https://www.sportsbookreviewsonline.com/scoresoddsarchives/nba-odds-2015-16
sbr:2015-16:2015-11-09:CHI:PHI,2015-16,2015-11-09,CHI,PHI,111,88,198.5,10.5,-725,525,https://www.sportsbookreviewsonline.com/scoresoddsarchives/nba-odds-2015-16
sbr:2015-16:2015-11-09:DET:GSW,2015-16,2015-11-09,DET,GSW,95,109,209.5,-12.5,800,-1300,https://www.sportsbookreviewsonline.com/scoresoddsarchives/nba-odds-2015-16
sbr:2015-16:2015-11-09:MEM:LAC,2015-16,2015-11-09,MEM,LAC,92,94,200.0,-7.0,230,-290,https://www.sportsbookreviewsonline.com/scoresoddsarchives/nba-odds-2015-16
sbr:2015-16:2015-11-09:MIN:ATL,2015-16,2015-11-09,MIN,ATL,117,107,204.0,-8.5,325,-400,https://www.sportsbookreviewsonline.com/scoresoddsarchives/nba-odds-2015-16
sbr:2015-16:2015-11-09:ORL:IND,2015-16,2015-11-09,ORL,IND,84,97,195.0,-4.0,160,-180,https://www.sportsbookreviewsonline.com/scoresoddsarchives/nba-odds-2015-16
sbr:2015-16:2015-11-09:SAS:SAC,2015-16,2015-11-09,SAS,SAC,106,88,202.5,7.5,-340,275,https://www.sportsbookreviewsonline.com/scoresoddsarchives/nba-odds-2015-16
sbr:2015-16:2015-11-10:CHA:MIN,2015-16,2015-11-10,CHA,MIN,104,95,201.5,3.5,-165,145,https://www.sportsbookreviewsonline.com/scoresoddsarchives/nba-odds-2015-16
sbr:2015-16:2015-11-10:DAL:NOP,2015-16,2015-11-10,DAL,NOP,105,120,211.0,-2.5,125,-145,https://www.sportsbookreviewsonline.com/scoresoddsarchives/nba-odds-2015-16
sbr:2015-16:2015-11-10:LAL:MIA,2015-16,2015-11-10,LAL,MIA,88,101,199.5,-11.0,575,-800,https://www.sportsbookreviewsonline.com/scoresoddsarchives/nba-odds-2015-16
sbr:2015-16:2015-11-10:NYK:TOR,2015-16,2015-11-10,NYK,TOR,111,109,196.5,-7.5,250,-315,https://www.sportsbookreviewsonline.com/scoresoddsarchives/nba-odds-2015-16
sbr:2015-16:2015-11-10:OKC:WAS,2015-16,2015-11-10,OKC,WAS,125,101,215.5,7.0,-290,230,https://www.sportsbookreviewsonline.com/scoresoddsarchives/nba-odds-2015-16
sbr:2015-16:2015-11-10:UTA:CLE,2015-16,2015-11-10,UTA,CLE,114,118,187.0,-5.5,195,-235,https://www.sportsbookreviewsonline.com/scoresoddsarchives/nba-odds-2015-16
sbr:2015-16:2015-11-11:BKN:HOU,2015-16,2015-11-11,BKN,HOU,106,98,208.0,-11.5,700,-1000,https://www.sportsbookreviewsonline.com/scoresoddsarchives/nba-odds-2015-16
sbr:2015-16:2015-11-11:GSW:MEM,2015-16,2015-11-11,GSW,MEM,100,84,200.0,7.0,-330,265,https://www.sportsbookreviewsonline.com/scoresoddsarchives/nba-odds-2015-16
sbr:2015-16:2015-11-11:IND:BOS,2015-16,2015-11-11,IND,BOS,102,91,203.0,-3.5,140,-160,https://www.sportsbookreviewsonline.com/scoresoddsarchives/nba-odds-2015-16
sbr:2015-16:2015-11-11:LAC:DAL,2015-16,2015-11-11,LAC,DAL,108,118,211.5,7.0,-290,230,https://www.sportsbookreviewsonline.com/scoresoddsarchives/nba-odds-2015-16
sbr:2015-16:2015-11-11:LAL:ORL,2015-16,2015-11-11,LAL,ORL,99,101,201.5,-8.0,305,-375,https://www.sportsbookreviewsonline.com/scoresoddsarchives/nba-odds-2015-16
sbr:2015-16:2015-11-11:MIL:DEN,2015-16,2015-11-11,MIL,DEN,102,103,193.5,-4.0,150,-170,https://www.sportsbookreviewsonline.com/scoresoddsarchives/nba-odds-2015-16
sbr:2015-16:2015-11-11:NOP:ATL,2015-16,2015-11-11,NOP,ATL,98,106,208.5,-13.0,850,-1450,https://www.sportsbookreviewsonline.com/scoresoddsarchives/nba-odds-2015-16
sbr:2015-16:2015-11-11:NYK:CHA,2015-16,2015-11-11,NYK,CHA,93,95,201.0,-6.5,215,-265,https://www.sportsbookreviewsonline.com/scoresoddsarchives/nba-odds-2015-16
sbr:2015-16:2015-11-11:SAS:POR,2015-16,2015-11-11,SAS,POR,113,101,205.0,5.5,-250,210,https://www.sportsbookreviewsonline.com/scoresoddsarchives/nba-odds-2015-16
sbr:2015-16:2015-11-11:TOR:PHI,2015-16,2015-11-11,TOR,PHI,119,103,196.5,9.5,-500,400,https://www.sportsbookreviewsonline.com/scoresoddsarchives/nba-odds-2015-16
sbr:2015-16:2015-11-12:GSW:MIN,2015-16,2015-11-12,GSW,MIN,129,116,211.0,10.0,-600,460,https://www.sportsbookreviewsonline.com/scoresoddsarchives/nba-odds-2015-16
sbr:2015-16:2015-11-12:UTA:MIA,2015-16,2015-11-12,UTA,MIA,91,92,184.0,-3.5,145,-165,https://www.sportsbookreviewsonline.com/scoresoddsarchives/nba-odds-2015-16
sbr:2015-16:2015-11-13:BKN:SAC,2015-16,2015-11-13,BKN,SAC,109,111,204.5,-6.5,225,-275,https://www.sportsbookreviewsonline.com/scoresoddsarchives/nba-odds-2015-16
sbr:2015-16:2015-11-13:CHA:CHI,2015-16,2015-11-13,CHA,CHI,97,102,200.0,-6.5,235,-285,https://www.sportsbookreviewsonline.com/scoresoddsarchives/nba-odds-2015-16
sbr:2015-16:2015-11-13:CLE:NYK,2015-16,2015-11-13,CLE,NYK,90,84,203.5,7.0,-290,240,https://www.sportsbookreviewsonline.com/scoresoddsarchives/nba-odds-2015-16
sbr:2015-16:2015-11-13:HOU:DEN,2015-16,2015-11-13,HOU,DEN,98,107,210.5,6.5,-270,220,https://www.sportsbookreviewsonline.com/scoresoddsarchives/nba-odds-2015-16
sbr:2015-16:2015-11-13:LAL:DAL,2015-16,2015-11-13,LAL,DAL,82,90,210.0,-7.5,280,-340,https://www.sportsbookreviewsonline.com/scoresoddsarchives/nba-odds-2015-16
sbr:2015-16:2015-11-13:MIN:IND,2015-16,2015-11-13,MIN,IND,103,107,200.0,-7.5,285,-355,https://www.sportsbookreviewsonline.com/scoresoddsarchives/nba-odds-2015-16
sbr:2015-16:2015-11-13:NOP:TOR,2015-16,2015-11-13,NOP,TOR,81,100,205.5,-10.0,465,-615,https://www.sportsbookreviewsonline.com/scoresoddsarchives/nba-odds-2015-16
sbr:2015-16:2015-11-13:PHI:OKC,2015-16,2015-11-13,PHI,OKC,85,102,206.5,-13.0,960,-1360,https://www.sportsbookreviewsonline.com/scoresoddsarchives/nba-odds-2015-16
sbr:2015-16:2015-11-13:POR:MEM,2015-16,2015-11-13,POR,MEM,100,101,193.5,-6.5,245,-295,https://www.sportsbookreviewsonline.com/scoresoddsarchives/nba-odds-2015-16
sbr:2015-16:2015-11-13:UTA:ORL,2015-16,2015-11-13,UTA,ORL,93,102,189.5,1.5,-120,100,https://www.sportsbookreviewsonline.com/scoresoddsarchives/nba-odds-2015-16
sbr:2015-16:2015-11-14:DAL:HOU,2015-16,2015-11-14,DAL,HOU,110,98,208.0,-7.5,280,-350,https://www.sportsbookreviewsonline.com/scoresoddsarchives/nba-odds-2015-16
sbr:2015-16:2015-11-14:DEN:PHX,2015-16,2015-11-14,DEN,PHX,81,105,205.0,-7.5,265,-325,https://www.sportsbookreviewsonline.com/scoresoddsarchives/nba-odds-2015-16
sbr:2015-16:2015-11-14:DET:LAC,2015-16,2015-11-14,DET,LAC,96,101,196.5,-2.5,120,-140,https://www.sportsbookreviewsonline.com/scoresoddsarchives/nba-odds-2015-16
sbr:2015-16:2015-11-14:ORL:WAS,2015-16,2015-11-14,ORL,WAS,99,108,203.5,-5.5,195,-230,https://www.sportsbookreviewsonline.com/scoresoddsarchives/nba-odds-2015-16
sbr:2015-16:2015-11-14:PHI:SAS,2015-16,2015-11-14,PHI,SAS,83,92,193.5,-16.0,1855,-3105,https://www.sportsbookreviewsonline.com/scoresoddsarchives/nba-odds-2015-16
sbr:2015-16:2015-11-15:BOS:OKC,2015-16,2015-11-15,BOS,OKC,100,85,211.5,-5.5,190,-225,https://www.sportsbookreviewsonline.com/scoresoddsarchives/nba-odds-2015-16
sbr:2015-16:2015-11-15:DET:LAL,2015-16,2015-11-15,DET,LAL,85,97,201.0,4.5,-195,170,https://www.sportsbookreviewsonline.com/scoresoddsarchives/nba-odds-2015-16
sbr:2015-16:2015-11-15:MEM:MIN,2015-16,2015-11-15,MEM,MIN,114,106,192.5,4.5,-185,160,https://www.sportsbookreviewsonline.com/scoresoddsarchives/nba-odds-2015-16
sbr:2015-16:2015-11-15:NOP:NYK,2015-16,2015-11-15,NOP,NYK,87,95,203.5,-1.5,105,-125,https://www.sportsbookreviewsonline.com/scoresoddsarchives/nba-odds-2015-16
sbr:2015-16:2015-11-15:POR:CHA,2015-16,2015-11-15,POR,CHA,94,106,206.0,-4.5,165,-190,https://www.sportsbookreviewsonline.com/scoresoddsarchives/nba-odds-2015-16
sbr:2015-16:2015-11-15:TOR:SAC,2015-16,2015-11-15,TOR,SAC,101,107,208.5,2.0,-125,105,https://www.sportsbookreviewsonline.com/scoresoddsarchives/nba-odds-2015-16
sbr:2015-16:2015-11-16:BOS:HOU,2015-16,2015-11-16,BOS,HOU,111,95,206.0,-5.0,175,-205,https://www.sportsbookreviewsonline.com/scoresoddsarchives/nba-odds-2015-16
sbr:2015-16:2015-11-16:DAL:PHI,2015-16,2015-11-16,DAL,PHI,92,86,203.0,8.0,-405,325,https://www.sportsbookreviewsonline.com/scoresoddsarchives/nba-odds-2015-16
sbr:2015-16:2015-11-16:IND:CHI,2015-16,2015-11-16,IND,CHI,95,96,197.0,-6.5,230,-280,https://www.sportsbookreviewsonline.com/scoresoddsarchives/nba-odds-2015-16
sbr:2015-16:2015-11-16:LAL:PHX,2015-16,2015-11-16,LAL,PHX,101,120,205.0,-11.0,610,-810,https://www.sportsbookreviewsonline.com/scoresoddsarchives/nba-odds-2015-16
sbr:2015-16:2015-11-16:OKC:MEM,2015-16,2015-11-16,OKC,MEM,114,122,197.5,-2.5,120,-140,https://www.sportsbookreviewsonline.com/scoresoddsarchives/nba-odds-2015-16
sbr:2015-16:2015-11-16:POR:SAS,2015-16,2015-11-16,POR,SAS,80,93,200.5,-12.0,735,-1035,https://www.sportsbookreviewsonline.com/scoresoddsarchives/nba-odds-2015-16
sbr:2015-16:2015-11-17:ATL:BKN,2015-16,2015-11-17,ATL,BKN,88,90,198.0,4.5,-190,165,https://www.sportsbookreviewsonline.com/scoresoddsarchives/nba-odds-2015-16
sbr:2015-16:2015-11-17:CHA:NYK,2015-16,2015-11-17,CHA,NYK,94,102,196.0,-1.0,-110,-110,https://www.sportsbookreviewsonline.com/scoresoddsarchives/nba-odds-2015-16
sbr:2015-16:2015-11-17:CLE:DET,2015-16,2015-11-17,CLE,DET,99,104,195.5,4.5,-190,165,https://www.sportsbookreviewsonline.com/scoresoddsarchives/nba-odds-2015-16
sbr:2015-16:2015-11-17:DEN:NOP,2015-16,2015-11-17,DEN,NOP,115,98,207.5,-6.0,205,-245,https://www.sportsbookreviewsonline.com/scoresoddsarchives/nba-odds-2015-16
sbr:2015-16:2015-11-17:MIL:WAS,2015-16,2015-11-17,MIL,WAS,86,115,197.0,-3.5,140,-160,https://www.sportsbookreviewsonline.com/scoresoddsarchives/nba-odds-2015-16
sbr:2015-16:2015-11-17:MIN:MIA,2015-16,2015-11-17,MIN,MIA,103,91,199.5,-8.5,330,-410,https://www.sportsbookreviewsonline.com/scoresoddsarchives/nba-odds-2015-16
sbr:2015-16:2015-11-17:TOR:GSW,2015-16,2015-11-17,TOR,GSW,110,115,208.5,-9.5,410,-535,https://www.sportsbookreviewsonline.com/scoresoddsarchives/nba-odds-2015-16
sbr:2015-16:2015-11-18:BKN:CHA,2015-16,2015-11-18,BKN,CHA,111,116,193.5,-6.5,235,-285,https://www.sportsbookreviewsonline.com/scoresoddsarchives/nba-odds-2015-16
sbr:2015-16:2015-11-18:CHI:PHX,2015-16,2015-11-18,CHI,PHX,103,97,203.0,-3.0,135,-155,https://www.sportsbookreviewsonline.com/scoresoddsarchives/nba-odds-2015-16
sbr:2015-16:2015-11-18:DAL:BOS,2015-16,2015-11-18,DAL,BOS,106,102,208.0,-5.0,175,-205,https://www.sportsbookreviewsonline.com/scoresoddsarchives/nba-odds-2015-16
sbr:2015-16:2015-11-18:DEN:SAS,2015-16,2015-11-18,DEN,SAS,98,109,198.0,-13.5,925,-1325,https://www.sportsbookreviewsonline.com/scoresoddsarchives/nba-odds-2015-16
sbr:2015-16:2015-11-18:IND:PHI,2015-16,2015-11-18,IND,PHI,112,85,190.5,6.0,-265,215,https://www.sportsbookreviewsonline.com/scoresoddsarchives/nba-odds-2015-16
sbr:2015-16:2015-11-18:NOP:OKC,2015-16,2015-11-18,NOP,OKC,103,110,212.5,-12.0,740,-1040,https://www.sportsbookreviewsonline.com/scoresoddsarchives/nba-odds-2015-16
sbr:2015-16:2015-11-18:SAC:ATL,2015-16,2015-11-18,SAC,ATL,97,103,209.0,-2.5,125,-145,https://www.sportsbookreviewsonline.com/scoresoddsarchives/nba-odds-2015-16
sbr:2015-16:2015-11-18:TOR:UTA,2015-16,2015-11-18,TOR,UTA,89,93,191.0,-4.5,160,-180,https://www.sportsbookreviewsonline.com/scoresoddsarchives/nba-odds-2015-16
sbr:2015-16:2015-11-19:GSW:LAC,2015-16,2015-11-19,GSW,LAC,124,117,213.5,5.5,-220,185,https://www.sportsbookreviewsonline.com/scoresoddsarchives/nba-odds-2015-16
sbr:2015-16:2015-11-19:MIL:CLE,2015-16,2015-11-19,MIL,CLE,100,115,192.5,-10.0,530,-680,https://www.sportsbookreviewsonline.com/scoresoddsarchives/nba-odds-2015-16
sbr:2015-16:2015-11-19:SAC:MIA,2015-16,2015-11-19,SAC,MIA,109,116,203.0,-10.0,435,-560,https://www.sportsbookreviewsonline.com/scoresoddsarchives/nba-odds-2015-16
sbr:2015-16:2015-11-20:BKN:BOS,2015-16,2015-11-20,BKN,BOS,95,120,204.0,-9.0,355,-445,https://www.sportsbookreviewsonline.com/scoresoddsarchives/nba-odds-2015-16
sbr:2015-16:2015-11-20:CHI:GSW,2015-16,2015-11-20,CHI,GSW,94,106,208.0,-9.0,381,-481,https://www.sportsbookreviewsonline.com/scoresoddsarchives/nba-odds-2015-16
sbr:2015-16:2015-11-20:DET:MIN,2015-16,2015-11-20,DET,MIN,96,86,202.5,2.5,-135,115,https://www.sportsbookreviewsonline.com/scoresoddsarchives/nba-odds-2015-16
sbr:2015-16:2015-11-20:HOU:MEM,2015-16,2015-11-20,HOU,MEM,84,96,200.0,-2.5,125,-145,https://www.sportsbookreviewsonline.com/scoresoddsarchives/nba-odds-2015-16
sbr:2015-16:2015-11-20:LAC:POR,2015-16,2015-11-20,LAC,POR,91,102,210.0,4.0,-180,155,https://www.sportsbookreviewsonline.com/scoresoddsarchives/nba-odds-2015-16
sbr:2015-16:2015-11-20:NYK:OKC,2015-16,2015-11-20,NYK,OKC,93,90,206.5,-6.5,220,-270,https://www.sportsbookreviewsonline.com/scoresoddsarchives/nba-odds-2015-16
sbr:2015-16:2015-11-20:PHI:CHA,2015-16,2015-11-20,PHI,CHA,88,113,198.0,-11.0,550,-725,https://www.sportsbookreviewsonline.com/scoresoddsarchives/nba-odds-2015-16
sbr:2015-16:2015-11-20:PHX:DEN,2015-16,2015-11-20,PHX,DEN,114,107,206.5,3.0,-150,130,https://www.sportsbookreviewsonline.com/scoresoddsarchives/nba-odds-2015-16
sbr:2015-16:2015-11-20:SAS:NOP,2015-16,2015-11-20,SAS,NOP,90,104,201.0,7.0,-325,265,https://www.sportsbookreviewsonline.com/scoresoddsarchives/nba-odds-2015-16
sbr:2015-16:2015-11-20:TOR:LAL,2015-16,2015-11-20,TOR,LAL,102,91,203.5,6.5,-285,235,https://www.sportsbookreviewsonline.com/scoresoddsarchives/nba-odds-2015-16
sbr:2015-16:2015-11-20:UTA:DAL,2015-16,2015-11-20,UTA,DAL,93,102,196.0,-1.5,105,-125,https://www.sportsbookreviewsonline.com/scoresoddsarchives/nba-odds-2015-16
sbr:2015-16:2015-11-21:ATL:CLE,2015-16,2015-11-21,ATL,CLE,97,109,198.5,-5.5,195,-230,https://www.sportsbookreviewsonline.com/scoresoddsarchives/nba-odds-2015-16
sbr:2015-16:2015-11-21:MEM:SAS,2015-16,2015-11-21,MEM,SAS,82,92,190.0,-8.0,290,-360,https://www.sportsbookreviewsonline.com/scoresoddsarchives/nba-odds-2015-16
sbr:2015-16:2015-11-21:MIL:IND,2015-16,2015-11-21,MIL,IND,86,123,192.5,-4.5,175,-205,https://www.sportsbookreviewsonline.com/scoresoddsarchives/nba-odds-2015-16
sbr:2015-16:2015-11-21:NYK:HOU,2015-16,2015-11-21,NYK,HOU,107,102,202.0,-4.5,165,-190,https://www.sportsbookreviewsonline.com/scoresoddsarchives/nba-odds-2015-16
sbr:2015-16:2015-11-21:PHI:MIA,2015-16,2015-11-21,PHI,MIA,91,96,194.0,-12.5,865,-1215,https://www.sportsbookreviewsonline.com/scoresoddsarchives/nba-odds-2015-16
sbr:2015-16:2015-11-21:SAC:ORL,2015-16,2015-11-21,SAC,ORL,97,91,209.0,-3.0,130,-150,https://www.sportsbookreviewsonline.com/scoresoddsarchives/nba-odds-2015-16
sbr:2015-16:2015-11-21:WAS:DET,2015-16,2015-11-21,WAS,DET,97,95,206.5,0.0,-105,-115,https://www.sportsbookreviewsonline.com/scoresoddsarchives/nba-odds-2015-16
sbr:2015-16:2015-11-22:BOS:BKN,2015-16,2015-11-22,BOS,BKN,101,111,201.0,5.5,-215,185,https://www.sportsbookreviewsonline.com/scoresoddsarchives/nba-odds-2015-16
sbr:2015-16:2015-11-22:DAL:OKC,2015-16,2015-11-22,DAL,OKC,114,117,208.5,-3.5,135,-155,https://www.sportsbookreviewsonline.com/scoresoddsarchives/nba-odds-2015-16
sbr:2015-16:2015-11-22:GSW:DEN,2015-16,2015-11-22,GSW,DEN,118,105,210.0,12.5,-1050,750,https://www.sportsbookreviewsonline.com/scoresoddsarchives/nba-odds-2015-16
sbr:2015-16:2015-11-22:PHX:NOP,2015-16,2015-11-22,PHX,NOP,116,122,210.5,-1.0,-105,-115,https://www.sportsbookreviewsonline.com/scoresoddsarchives/nba-odds-2015-16
sbr:2015-16:2015-11-22:POR:LAL,2015-16,2015-11-22,POR,LAL,107,93,204.5,2.5,-150,130,https://www.sportsbookreviewsonline.com/scoresoddsarchives/nba-odds-2015-16
sbr:2015-16:2015-11-22:TOR:LAC,2015-16,2015-11-22,TOR,LAC,91,80,203.5,-6.5,230,-280,https://www.sportsbookreviewsonline.com/scoresoddsarchives/nba-odds-2015-16
sbr:2015-16:2015-11-23:NYK:MIA,2015-16,2015-11-23,NYK,MIA,78,95,189.5,-5.0,185,-215,https://www.sportsbookreviewsonline.com/scoresoddsarchives/nba-odds-2015-16
sbr:2015-16:2015-11-23:OKC:UTA,2015-16,2015-11-23,OKC,UTA,111,89,201.0,-2.0,110,-130,https://www.sportsbookreviewsonline.com/scoresoddsarchives/nba-odds-2015-16
sbr:2015-16:2015-11-23:ORL:CLE,2015-16,2015-11-23,ORL,CLE,103,117,199.5,-8.0,350,-420,https://www.sportsbookreviewsonline.com/scoresoddsarchives/nba-odds-2015-16
sbr:2015-16:2015-11-23:PHI:MIN,2015-16,2015-11-23,PHI,MIN,95,100,200.0,-7.0,270,-330,https://www.sportsbookreviewsonline.com/scoresoddsarchives/nba-odds-2015-16
sbr:2015-16:2015-11-23:PHX:SAS,2015-16,2015-11-23,PHX,SAS,84,98,196.5,-10.0,425,-550,https://www.sportsbookreviewsonline.com/scoresoddsarchives/nba-odds-2015-16
sbr:2015-16:2015-11-24:BOS:ATL,2015-16,2015-11-24,BOS,ATL,97,121,205.0,-2.5,125,-145,https://www.sportsbookreviewsonline.com/scoresoddsarchives/nba-odds-2015-16
sbr:2015-16:2015-11-24:CHI:POR,2015-16,2015-11-24,CHI,POR,93,88,201.5,2.5,-140,120,https://www.sportsbookreviewsonline.com/scoresoddsarchives/nba-odds-2015-16
sbr:2015-16:2015-11-24:DAL:MEM,2015-16,2015-11-24,DAL,MEM,96,110,196.0,-2.5,120,-140,https://www.sportsbookreviewsonline.com/scoresoddsarchives/nba-odds-2015-16
sbr:2015-16:2015-11-24:IND:WAS,2015-16,2015-11-24,IND,WAS,123,106,207.0,-3.0,135,-155,https://www.sportsbookreviewsonline.com/scoresoddsarchives/nba-odds-2015-16
sbr:2015-16:2015-11-24:LAC:DEN,2015-16,2015-11-24,LAC,DEN,111,94,206.0,7.0,-300,250,https://www.sportsbookreviewsonline.com/scoresoddsarchives/nba-odds-2015-16
sbr:2015-16:2015-11-24:LAL:GSW,2015-16,2015-11-24,LAL,GSW,77,111,215.0,-17.0,2000,-9900,https://www.sportsbookreviewsonline.com/scoresoddsarchives/nba-odds-2015-16
sbr:2015-16:2015-11-25:ATL:MIN,2015-16,2015-11-25,ATL,MIN,95,99,207.0,3.0,-155,135,https://www.sportsbookreviewsonline.com/scoresoddsarchives/nba-odds-2015-16
sbr:2015-16:2015-11-25:BKN:OKC,2015-16,2015-11-25,BKN,OKC,99,110,210.5,-12.5,750,-1200,https://www.sportsbookreviewsonline.com/scoresoddsarchives/nba-odds-2015-16
sbr:2015-16:2015-11-25:CLE:TOR,2015-16,2015-11-25,CLE,TOR,99,103,200.5,3.0,-150,130,https://www.sportsbookreviewsonline.com/scoresoddsarchives/nba-odds-2015-16
sbr:2015-16:2015-11-25:DAL:SAS,2015-16,2015-11-25,DAL,SAS,83,88,197.0,-9.5,450,-600,https://www.sportsbookreviewsonline.com/scoresoddsarchives/nba-odds-2015-16
sbr:2015-16:2015-11-25:MEM:HOU,2015-16,2015-11-25,MEM,HOU,102,93,198.0,-4.5,160,-180,https://www.sportsbookreviewsonline.com/scoresoddsarchives/nba-odds-2015-16
sbr:2015-16:2015-11-25:NOP:PHX,2015-16,2015-11-25,NOP,PHX,120,114,211.5,-4.0,160,-180,https://www.sportsbookreviewsonline.com/scoresoddsarchives/nba-odds-2015-16
sbr:2015-16:2015-11-25:NYK:ORL,2015-16,2015-11-25,NYK,ORL,91,100,195.0,-1.5,105,-125,https://www.sportsbookreviewsonline.com/scoresoddsarchives/nba-odds-2015-16
sbr:2015-16:2015-11-25:PHI:BOS,2015-16,2015-11-25,PHI,BOS,80,84,201.0,-11.5,650,-1000,https://www.sportsbookreviewsonline.com/scoresoddsarchives/nba-odds-2015-16
sbr:2015-16:2015-11-25:SAC:MIL,2015-16,2015-11-25,SAC,MIL,129,118,210.0,-5.0,170,-190,https://www.sportsbookreviewsonline.com/scoresoddsarchives/nba-odds-2015-16
sbr:2015-16:2015-11-25:UTA:LAC,2015-16,2015-11-25,UTA,LAC,102,91,197.0,-4.5,180,-210,https://www.sportsbookreviewsonline.com/scoresoddsarchives/nba-odds-2015-16
sbr:2015-16:2015-11-25:WAS:CHA,2015-16,2015-11-25,WAS,CHA,87,101,210.0,-3.5,145,-165,https://www.sportsbookreviewsonline.com/scoresoddsarchives/nba-odds-2015-16
sbr:2015-16:2015-11-27:ATL:MEM,2015-16,2015-11-27,ATL,MEM,116,101,196.0,-3.0,135,-155,https://www.sportsbookreviewsonline.com/scoresoddsarchives/nba-odds-2015-16
sbr:2015-16:2015-11-27:CHI:IND,2015-16,2015-11-27,CHI,IND,92,104,199.5,-4.0,155,-175,https://www.sportsbookreviewsonline.com/scoresoddsarchives/nba-odds-2015-16
sbr:2015-16:2015-11-27:CLE:CHA,2015-16,2015-11-27,CLE,CHA,95,90,203.0,4.0,-180,160,https://www.sportsbookreviewsonline.com/scoresoddsarchives/nba-odds-2015-16
sbr:2015-16:2015-11-27:DET:OKC,2015-16,2015-11-27,DET,OKC,87,103,207.5,-8.0,310,-370,https://www.sportsbookreviewsonline.com/scoresoddsarchives/nba-odds-2015-16
sbr:2015-16:2015-11-27:GSW:PHX,2015-16,2015-11-27,GSW,PHX,135,116,216.5,8.5,-430,360,https://www.sportsbookreviewsonline.com/scoresoddsarchives/nba-odds-2015-16
sbr:2015-16:2015-11-27:MIA:NYK,2015-16,2015-11-27,MIA,NYK,97,78,187.0,1.5,-125,105,https://www.sportsbookreviewsonline.com/scoresoddsarchives/nba-odds-2015-16
sbr:2015-16:2015-11-27:MIL:ORL,2015-16,2015-11-27,MIL,ORL,90,114,199.0,-3.5,145,-165,https://www.sportsbookreviewsonline.com/scoresoddsarchives/nba-odds-2015-16
sbr:2015-16:2015-11-27:MIN:SAC,2015-16,2015-11-27,MIN,SAC,101,91,217.5,-3.0,130,-150,https://www.sportsbookreviewsonline.com/scoresoddsarchives/nba-odds-2015-16
sbr:2015-16:2015-11-27:NOP:LAC,2015-16,2015-11-27,NOP,LAC,90,111,212.5,-6.5,240,-280,https://www.sportsbookreviewsonline.com/scoresoddsarchives/nba-odds-2015-16
sbr:2015-16:2015-11-27:PHI:HOU,2015-16,2015-11-27,PHI,HOU,114,116,199.0,-11.0,550,-800,https://www.sportsbookreviewsonline.com/scoresoddsarchives/nba-odds-2015-16
sbr:2015-16:2015-11-27:SAS:DEN,2015-16,2015-11-27,SAS,DEN,91,80,194.5,7.5,-340,280,https://www.sportsbookreviewsonline.com/scoresoddsarchives/nba-odds-2015-16
sbr:2015-16:2015-11-27:WAS:BOS,2015-16,2015-11-27,WAS,BOS,78,111,209.0,-3.0,130,-150,https://www.sportsbookreviewsonline.com/scoresoddsarchives/nba-odds-2015-16
sbr:2015-16:2015-11-28:ATL:SAS,2015-16,2015-11-28,ATL,SAS,88,108,193.0,-7.0,270,-330,https://www.sportsbookreviewsonline.com/scoresoddsarchives/nba-odds-2015-16
sbr:2015-16:2015-11-28:BKN:CLE,2015-16,2015-11-28,BKN,CLE,88,90,200.0,-9.0,425,-550,https://www.sportsbookreviewsonline.com/scoresoddsarchives/nba-odds-2015-16
sbr:2015-16:2015-11-28:DEN:DAL,2015-16,2015-11-28,DEN,DAL,81,92,205.0,-8.5,360,-430,https://www.sportsbookreviewsonline.com/scoresoddsarchives/nba-odds-2015-16
sbr:2015-16:2015-11-28:LAL:POR,2015-16,2015-11-28,LAL,POR,96,108,201.0,-8.5,350,-420,https://www.sportsbookreviewsonline.com/scoresoddsarchives/nba-odds-2015-16
sbr:2015-16:2015-11-28:NOP:UTA,2015-16,2015-11-28,NOP,UTA,87,101,196.5,-5.5,200,-240,https://www.sportsbookreviewsonline.com/scoresoddsarchives/nba-odds-2015-16
sbr:2015-16:2015-11-28:SAC:GSW,2015-16,2015-11-28,SAC,GSW,101,120,219.5,-16.5,1500,-5000,https://www.sportsbookreviewsonline.com/scoresoddsarchives/nba-odds-2015-16
sbr:2015-16:2015-11-28:TOR:WAS,2015-16,2015-11-28,TOR,WAS,84,82,200.5,3.5,-165,145,https://www.sportsbookreviewsonline.com/scoresoddsarchives/nba-odds-2015-16
sbr:2015-16:2015-11-29:BOS:ORL,2015-16,2015-11-29,BOS,ORL,91,110,201.0,2.0,-135,115,https://www.sportsbookreviewsonline.com/scoresoddsarchives/nba-odds-2015-16
sbr:2015-16:2015-11-29:DET:BKN,2015-16,2015-11-29,DET,BKN,83,87,194.0,5.0,-200,175,https://www.sportsbookreviewsonline.com/scoresoddsarchives/nba-odds-2015-16
sbr:2015-16:2015-11-29:IND:LAL,2015-16,2015-11-29,IND,LAL,107,103,201.5,10.0,-650,475,https://www.sportsbookreviewsonline.com/scoresoddsarchives/nba-odds-2015-16
sbr:2015-16:2015-11-29:MIL:CHA,2015-16,2015-11-29,MIL,CHA,82,87,201.5,-6.5,240,-280,https://www.sportsbookreviewsonline.com/scoresoddsarchives/nba-odds-2015-16
sbr:2015-16:2015-11-29:MIN:LAC,2015-16,2015-11-29,MIN,LAC,99,107,206.0,-10.0,475,-650,https://www.sportsbookreviewsonline.com/scoresoddsarchives/nba-odds-2015-16
sbr:2015-16:2015-11-29:PHI:MEM,2015-16,2015-11-29,PHI,MEM,84,92,193.5,-13.0,900,-1600,https://www.sportsbookreviewsonline.com/scoresoddsarchives/nba-odds-2015-16
sbr:2015-16:2015-11-29:PHX:TOR,2015-16,2015-11-29,PHX,TOR,107,102,202.0,-3.0,145,-165,https://www.sportsbookreviewsonline.com/scoresoddsarchives/nba-odds-2015-16
sbr:2015-16:2015-11-30:BOS:MIA,2015-16,2015-11-30,BOS,MIA,105,95,192.0,-4.0,155,-175,https://www.sportsbookreviewsonline.com/scoresoddsarchives/nba-odds-2015-16
sbr:2015-16:2015-11-30:DEN:MIL,2015-16,2015-11-30,DEN,MIL,74,92,199.0,-3.5,150,-170,https://www.sportsbookreviewsonline.com/scoresoddsarchives/nba-odds-2015-16
sbr:2015-16:2015-11-30:GSW:UTA,2015-16,2015-11-30,GSW,UTA,106,103,201.5,7.0,-360,300,https://www.sportsbookreviewsonline.com/scoresoddsarchives/nba-odds-2015-16
sbr:2015-16:2015-11-30:HOU:DET,2015-16,2015-11-30,HOU,DET,105,116,198.0,-4.0,160,-180,https://www.sportsbookreviewsonline.com/scoresoddsarchives/nba-odds-2015-16
sbr:2015-16:2015-11-30:OKC:ATL,2015-16,2015-11-30,OKC,ATL,100,106,213.5,3.0,-155,135,https://www.sportsbookreviewsonline.com/scoresoddsarchives/nba-odds-2015-16
sbr:2015-16:2015-11-30:POR:LAC,2015-16,2015-11-30,POR,LAC,87,102,205.5,-7.0,270,-330,https://www.sportsbookreviewsonline.com/scoresoddsarchives/nba-odds-2015-16
sbr:2015-16:2015-11-30:SAS:CHI,2015-16,2015-11-30,SAS,CHI,89,92,189.0,4.5,-190,170,https://www.sportsbookreviewsonline.com/scoresoddsarchives/nba-odds-2015-16
sbr:2015-16:2015-12-01:LAL:PHI,2015-16,2015-12-01,LAL,PHI,91,103,195.0,-2.0,110,-130,https://www.sportsbookreviewsonline.com/scoresoddsarchives/nba-odds-2015-16
sbr:2015-16:2015-12-01:MEM:NOP,2015-16,2015-12-01,MEM,NOP,113,104,201.5,-1.0,100,-120,https://www.sportsbookreviewsonline.com/scoresoddsarchives/nba-odds-2015-16
sbr:2015-16:2015-12-01:ORL:MIN,2015-16,2015-12-01,ORL,MIN,96,93,203.0,-1.0,100,-120,https://www.sportsbookreviewsonline.com/scoresoddsarchives/nba-odds-2015-16
sbr:2015-16:2015-12-01:PHX:BKN,2015-16,2015-12-01,PHX,BKN,91,94,208.0,4.0,-180,160,https://www.sportsbookreviewsonline.com/scoresoddsarchives/nba-odds-2015-16
sbr:2015-16:2015-12-01:WAS:CLE,2015-16,2015-12-01,WAS,CLE,97,85,204.5,-8.5,425,-550,https://www.sportsbookreviewsonline.com/scoresoddsarchives/nba-odds-2015-16
sbr:2015-16:2015-12-02:DEN:CHI,2015-16,2015-12-02,DEN,CHI,90,99,197.0,-9.5,425,-550,https://www.sportsbookreviewsonline.com/scoresoddsarchives/nba-odds-2015-16
sbr:2015-16:2015-12-02:GSW:CHA,2015-16,2015-12-02,GSW,CHA,116,99,208.5,9.0,-500,400,https://www.sportsbookreviewsonline.com/scoresoddsarchives/nba-odds-2015-16
sbr:2015-16:2015-12-02:LAL:WAS,2015-16,2015-12-02,LAL,WAS,108,104,203.5,-10.0,475,-650,https://www.sportsbookreviewsonline.com/scoresoddsarchives/nba-odds-2015-16
sbr:2015-16:2015-12-02:MIL:SAS,2015-16,2015-12-02,MIL,SAS,70,95,187.0,-12.0,700,-1100,https://www.sportsbookreviewsonline.com/scoresoddsarchives/nba-odds-2015-16
sbr:2015-16:2015-12-02:NOP:HOU,2015-16,2015-12-02,NOP,HOU,101,108,215.5,-3.5,145,-165,https://www.sportsbookreviewsonline.com/scoresoddsarchives/nba-odds-2015-16
sbr:2015-16:2015-12-02:PHI:NYK,2015-16,2015-12-02,PHI,NYK,87,99,191.0,-8.5,350,-420,https://www.sportsbookreviewsonline.com/scoresoddsarchives/nba-odds-2015-16
sbr:2015-16:2015-12-02:TOR:ATL,2015-16,2015-12-02,TOR,ATL,96,86,196.5,-4.0,150,-170,https://www.sportsbookreviewsonline.com/scoresoddsarchives/nba-odds-2015-16
sbr:2015-16:2015-12-03:DEN:TOR,2015-16,2015-12-03,DEN,TOR,106,105,190.0,-10.0,500,-700,https://www.sportsbookreviewsonline.com/scoresoddsarchives/nba-odds-2015-16
sbr:2015-16:2015-12-03:IND:POR,2015-16,2015-12-03,IND,POR,111,123,202.5,2.5,-140,120,https://www.sportsbookreviewsonline.com/scoresoddsarchives/nba-odds-2015-16
sbr:2015-16:2015-12-03:OKC:MIA,2015-16,2015-12-03,OKC,MIA,95,97,203.5,4.0,-180,160,https://www.sportsbookreviewsonline.com/scoresoddsarchives/nba-odds-2015-16
sbr:2015-16:2015-12-03:ORL:UTA,2015-16,2015-12-03,ORL,UTA,103,94,192.5,-4.0,155,-175,https://www.sportsbookreviewsonline.com/scoresoddsarchives/nba-odds-2015-16
sbr:2015-16:2015-12-03:SAS:MEM,2015-16,2015-12-03,SAS,MEM,103,83,183.0,3.5,-160,140,https://www.sportsbookreviewsonline.com/scoresoddsarchives/nba-odds-2015-16
sbr:2015-16:2015-12-04:BKN:NYK,2015-16,2015-12-04,BKN,NYK,91,108,192.5,-3.5,145,-165,https://www.sportsbookreviewsonline.com/scoresoddsarchives/nba-odds-2015-16
sbr:2015-16:2015-12-04:HOU:DAL,2015-16,2015-12-04,HOU,DAL,100,96,211.5,-5.0,190,-220,https://www.sportsbookreviewsonline.com/scoresoddsarchives/nba-odds-2015-16
sbr:2015-16:2015-12-04:LAL:ATL,2015-16,2015-12-04,LAL,ATL,87,100,206.5,-11.0,600,-900,https://www.sportsbookreviewsonline.com/scoresoddsarchives/nba-odds-2015-16
sbr:2015-16:2015-12-04:MIL:DET,2015-16,2015-12-04,MIL,DET,95,102,192.0,-6.5,230,-270,https://www.sportsbookreviewsonline.com/scoresoddsarchives/nba-odds-2015-16
sbr:2015-16:2015-12-05:BOS:SAS,2015-16,2015-12-05,BOS,SAS,105,108,192.0,-8.5,390,-480,https://www.sportsbookreviewsonline.com/scoresoddsarchives/nba-odds-2015-16
sbr:2015-16:2015-12-05:CHA:CHI,2015-16,2015-12-05,CHA,CHI,102,96,195.5,-5.5,200,-240,https://www.sportsbookreviewsonline.com/scoresoddsarchives/nba-odds-2015-16
sbr:2015-16:2015-12-05:CLE:MIA,2015-16,2015-12-05,CLE,MIA,84,99,188.0,-5.0,180,-210,https://www.sportsbookreviewsonline.com/scoresoddsarchives/nba-odds-2015-16
sbr:2015-16:2015-12-05:DEN:PHI,2015-16,2015-12-05,DEN,PHI,108,105,193.5,3.0,-155,135,https://www.sportsbookreviewsonline.com/scoresoddsarchives/nba-odds-2015-16
sbr:2015-16:2015-12-05:GSW:TOR,2015-16,2015-12-05,GSW,TOR,112,109,210.0,7.5,-350,290,https://www.sportsbookreviewsonline.com/scoresoddsarchives/nba-odds-2015-16
sbr:2015-16:2015-12-05:ORL:LAC,2015-16,2015-12-05,ORL,LAC,101,103,198.0,-2.0,115,-135,https://www.sportsbookreviewsonline.com/scoresoddsarchives/nba-odds-2015-16
sbr:2015-16:2015-12-05:POR:MIN,2015-16,2015-12-05,POR,MIN,109,103,204.0,-1.5,105,-125,https://www.sportsbookreviewsonline.com/scoresoddsarchives/nba-odds-2015-16
sbr:2015-16:2015-12-05:SAC:HOU,2015-16,2015-12-05,SAC,HOU,113,120,218.0,-3.0,135,-155,https://www.sportsbookreviewsonline.com/scoresoddsarchives/nba-odds-2015-16
sbr:2015-16:2015-12-06:GSW:BKN,2015-16,2015-12-06,GSW,BKN,114,98,209.5,11.0,-900,600,https://www.sportsbookreviewsonline.com/scoresoddsarchives/nba-odds-2015-16
sbr:2015-16:2015-12-06:LAL:DET,2015-16,2015-12-06,LAL,DET,91,111,199.5,-9.0,425,-550,https://www.sportsbookreviewsonline.com/scoresoddsarchives/nba-odds-2015-16
sbr:2015-16:2015-12-06:PHX:MEM,2015-16,2015-12-06,PHX,MEM,93,95,203.0,-5.5,200,-240,https://www.sportsbookreviewsonline.com/scoresoddsarchives/nba-odds-2015-16
sbr:2015-16:2015-12-06:SAC:OKC,2015-16,2015-12-06,SAC,OKC,95,98,222.0,-11.5,650,-1000,https://www.sportsbookreviewsonline.com/scoresoddsarchives/nba-odds-2015-16
sbr:2015-16:2015-12-07:DET:CHA,2015-16,2015-12-07,DET,CHA,84,104,198.0,-2.0,115,-135,https://www.sportsbookreviewsonline.com/scoresoddsarchives/nba-odds-2015-16
sbr:2015-16:2015-12-07:LAC:MIN,2015-16,2015-12-07,LAC,MIN,110,106,205.5,4.0,-180,160,https://www.sportsbookreviewsonline.com/scoresoddsarchives/nba-odds-2015-16
sbr:2015-16:2015-12-07:LAL:TOR,2015-16,2015-12-07,LAL,TOR,93,102,198.5,-11.5,625,-950,https://www.sportsbookreviewsonline.com/scoresoddsarchives/nba-odds-2015-16
sbr:2015-16:2015-12-07:PHX:CHI,2015-16,2015-12-07,PHX,CHI,103,101,204.0,-7.0,265,-320,https://www.sportsbookreviewsonline.com/scoresoddsarchives/nba-odds-2015-16
sbr:2015-16:2015-12-07:SAS:PHI,2015-16,2015-12-07,SAS,PHI,119,68,190.5,10.5,-650,475,https://www.sportsbookreviewsonline.com/scoresoddsarchives/nba-odds-2015-16
sbr:2015-16:2015-12-07:WAS:MIA,2015-16,2015-12-07,WAS,MIA,114,103,197.5,-8.0,320,-380,https://www.sportsbookreviewsonline.com/scoresoddsarchives/nba-odds-2015-16
sbr:2015-16:2015-12-08:GSW:IND,2015-16,2015-12-08,GSW,IND,131,123,215.0,5.5,-250,210,https://www.sportsbookreviewsonline.com/scoresoddsarchives/nba-odds-2015-16
sbr:2015-16:2015-12-08:HOU:BKN,2015-16,2015-12-08,HOU,BKN,105,110,206.5,5.0,-215,185,https://www.sportsbookreviewsonline.com/scoresoddsarchives/nba-odds-2015-16
sbr:2015-16:2015-12-08:OKC:MEM,2015-16,2015-12-08,OKC,MEM,125,88,201.5,2.0,-130,110,https://www.sportsbookreviewsonline.com/scoresoddsarchives/nba-odds-2015-16
sbr:2015-16:2015-12-08:ORL:DEN,2015-16,2015-12-08,ORL,DEN,85,74,198.5,4.0,-170,150,https://www.sportsbookreviewsonline.com/scoresoddsarchives/nba-odds-2015-16
sbr:2015-16:2015-12-08:POR:CLE,2015-16,2015-12-08,POR,CLE,100,105,199.5,-9.0,425,-550,https://www.sportsbookreviewsonline.com/scoresoddsarchives/nba-odds-2015-16
sbr:2015-16:2015-12-08:UTA:SAC,2015-16,2015-12-08,UTA,SAC,106,114,205.5,-3.0,130,-150,https://www.sportsbookreviewsonline.com/scoresoddsarchives/nba-odds-2015-16
sbr:2015-16:2015-12-09:CHI:BOS,2015-16,2015-12-09,CHI,BOS,100,105,200.0,-3.5,145,-165,https://www.sportsbookreviewsonline.com/scoresoddsarchives/nba-odds-2015-16
sbr:2015-16:2015-12-09:HOU:WAS,2015-16,2015-12-09,HOU,WAS,109,103,214.5,-4.0,165,-185,https://www.sportsbookreviewsonline.com/scoresoddsarchives/nba-odds-2015-16
sbr:2015-16:2015-12-09:LAC:MIL,2015-16,2015-12-09,LAC,MIL,109,95,200.0,5.0,-220,190,https://www.sportsbookreviewsonline.com/scoresoddsarchives/nba-odds-2015-16
sbr:2015-16:2015-12-09:MEM:DET,2015-16,2015-12-09,MEM,DET,93,92,194.0,-4.5,160,-180,https://www.sportsbookreviewsonline.com/scoresoddsarchives/nba-odds-2015-16
sbr:2015-16:2015-12-09:NYK:UTA,2015-16,2015-12-09,NYK,UTA,85,106,192.5,-2.5,125,-145,https://www.sportsbookreviewsonline.com/scoresoddsarchives/nba-odds-2015-16
sbr:2015-16:2015-12-09:ORL:PHX,2015-16,2015-12-09,ORL,PHX,104,107,206.0,-4.5,175,-200,https://www.sportsbookreviewsonline.com/scoresoddsarchives/nba-odds-2015-16
sbr:2015-16:2015-12-09:SAS:TOR,2015-16,2015-12-09,SAS,TOR,94,97,187.5,6.0,-260,220,https://www.sportsbookreviewsonline.com/scoresoddsarchives/nba-odds-2015-16
sbr:2015-16:2015-12-10:ATL:OKC,2015-16,2015-12-10,ATL,OKC,94,107,210.0,-7.5,290,-350,https://www.sportsbookreviewsonline.com/scoresoddsarchives/nba-odds-2015-16
sbr:2015-16:2015-12-10:NYK:SAC,2015-16,2015-12-10,NYK,SAC,97,99,210.0,-6.0,210,-250,https://www.sportsbookreviewsonline.com/scoresoddsarchives/nba-odds-2015-16
sbr:2015-16:2015-12-10:PHI:BKN,2015-16,2015-12-10,PHI,BKN,91,100,199.5,-6.0,230,-270,https://www.sportsbookreviewsonline.com/scoresoddsarchives/nba-odds-2015-16
sbr:2015-16:2015-12-11:CHA:MEM,2015-16,2015-12-11,CHA,MEM,123,99,193.0,-2.0,115,-135,https://www.sportsbookreviewsonline.com/scoresoddsarchives/nba-odds-2015-16
sbr:2015-16:2015-12-11:CLE:ORL,2015-16,2015-12-11,CLE,ORL,111,76,198.0,3.0,-160,140,https://www.sportsbookreviewsonline.com/scoresoddsarchives/nba-odds-2015-16
sbr:2015-16:2015-12-11:DET:PHI,2015-16,2015-12-11,DET,PHI,107,95,193.0,9.0,-450,375,https://www.sportsbookreviewsonline.com/scoresoddsarchives/nba-odds-2015-16
sbr:2015-16:2015-12-11:LAL:SAS,2015-16,2015-12-11,LAL,SAS,87,109,194.0,-15.5,1400,-4000,https://www.sportsbookreviewsonline.com/scoresoddsarchives/nba-odds-2015-16
sbr:2015-16:2015-12-11:MIA:IND,2015-16,2015-12-11,MIA,IND,83,96,196.5,-5.0,175,-200,https://www.sportsbookreviewsonline.com/scoresoddsarchives/nba-odds-2015-16
sbr:2015-16:2015-12-11:MIL:TOR,2015-16,2015-12-11,MIL,TOR,83,90,191.5,-7.5,280,-340,https://www.sportsbookreviewsonline.com/scoresoddsarchives/nba-odds-2015-16
sbr:2015-16:2015-12-11:OKC:UTA,2015-16,2015-12-11,OKC,UTA,94,90,204.0,3.5,-165,145,https://www.sportsbookreviewsonline.com/scoresoddsarchives/nba-odds-2015-16
sbr:2015-16:2015-12-11:POR:PHX,2015-16,2015-12-11,POR,PHX,106,96,209.5,-4.0,160,-180,https://www.sportsbookreviewsonline.com/scoresoddsarchives/nba-odds-2015-16
sbr:2015-16:2015-12-11:WAS:NOP,2015-16,2015-12-11,WAS,NOP,105,107,211.0,-3.5,145,-165,https://www.sportsbookreviewsonline.com/scoresoddsarchives/nba-odds-2015-16
sbr:2015-16:2015-12-12:GSW:MIL,2015-16,2015-12-12,GSW,MIL,95,108,206.5,9.5,-550,425,https://www.sportsbookreviewsonline.com/scoresoddsarchives/nba-odds-2015-16
sbr:2015-16:2015-12-12:IND:DET,2015-16,2015-12-12,IND,DET,96,118,204.0,-1.0,100,-120,https://www.sportsbookreviewsonline.com/scoresoddsarchives/nba-odds-2015-16
sbr:2015-16:2015-12-12:LAC:BKN,2015-16,2015-12-12,LAC,BKN,105,100,206.0,6.5,-280,240,https://www.sportsbookreviewsonline.com/scoresoddsarchives/nba-odds-2015-16
sbr:2015-16:2015-12-12:LAL:HOU,2015-16,2015-12-12,LAL,HOU,97,126,212.5,-11.5,650,-1000,https://www.sportsbookreviewsonline.com/scoresoddsarchives/nba-odds-2015-16
sbr:2015-16:2015-12-12:NOP:CHI,2015-16,2015-12-12,NOP,CHI,94,98,202.0,-7.0,270,-330,https://www.sportsbookreviewsonline.com/scoresoddsarchives/nba-odds-2015-16
sbr:2015-16:2015-12-12:NYK:POR,2015-16,2015-12-12,NYK,POR,112,110,198.0,-3.5,145,-165,https://www.sportsbookreviewsonline.com/scoresoddsarchives/nba-odds-2015-16
sbr:2015-16:2015-12-12:SAS:ATL,2015-16,2015-12-12,SAS,ATL,103,78,190.5,3.0,-150,130,https://www.sportsbookreviewsonline.com/scoresoddsarchives/nba-odds-2015-16
sbr:2015-16:2015-12-12:WAS:DAL,2015-16,2015-12-12,WAS,DAL,114,111,205.0,-6.5,230,-270,https://www.sportsbookreviewsonline.com/scoresoddsarchives/nba-odds-2015-16
sbr:2015-16:2015-12-13:MEM:MIA,2015-16,2015-12-13,MEM,MIA,97,100,189.0,-2.5,125,-145,https://www.sportsbookreviewsonline.com/scoresoddsarchives/nba-odds-2015-16
sbr:2015-16:2015-12-13:MIN:PHX,2015-16,2015-12-13,MIN,PHX,101,108,209.5,-5.0,190,-220,https://www.sportsbookreviewsonline.com/scoresoddsarchives/nba-odds-2015-16
sbr:2015-16:2015-12-13:PHI:TOR,2015-16,2015-12-13,PHI,TOR,76,96,192.5,-11.5,700,-1100,https://www.sportsbookreviewsonline.com/scoresoddsarchives/nba-odds-2015-16
sbr:2015-16:2015-12-14:HOU:DEN,2015-16,2015-12-14,HOU,DEN,108,114,209.5,4.5,-190,170,https://www.sportsbookreviewsonline.com/scoresoddsarchives/nba-odds-2015-16
sbr:2015-16:2015-12-14:MIA:ATL,2015-16,2015-12-14,MIA,ATL,100,88,192.5,-6.0,220,-260,https://www.sportsbookreviewsonline.com/scoresoddsarchives/nba-odds-2015-16
sbr:2015-16:2015-12-14:NOP:POR,2015-16,2015-12-14,NOP,POR,101,105,211.0,-3.0,140,-160,https://www.sportsbookreviewsonline.com/scoresoddsarchives/nba-odds-2015-16
sbr:2015-16:2015-12-14:ORL:BKN,2015-16,2015-12-14,ORL,BKN,105,82,197.5,3.5,-165,145,https://www.sportsbookreviewsonline.com/scoresoddsarchives/nba-odds-2015-16
sbr:2015-16:2015-12-14:PHI:CHI,2015-16,2015-12-14,PHI,CHI,96,115,195.0,-13.5,1000,-2000,https://www.sportsbookreviewsonline.com/scoresoddsarchives/nba-odds-2015-16
sbr:2015-16:2015-12-14:PHX:DAL,2015-16,2015-12-14,PHX,DAL,94,104,208.0,-4.0,160,-180,https://www.sportsbookreviewsonline.com/scoresoddsarchives/nba-odds-2015-16
sbr:2015-16:2015-12-14:TOR:IND,2015-16,2015-12-14,TOR,IND,90,106,199.5,-4.5,175,-200,https://www.sportsbookreviewsonline.com/scoresoddsarchives/nba-odds-2015-16
sbr:2015-16:2015-12-14:UTA:SAS,2015-16,2015-12-14,UTA,SAS,81,118,186.0,-12.5,800,-1400,https://www.sportsbookreviewsonline.com/scoresoddsarchives/nba-odds-2015-16
sbr:2015-16:2015-12-14:WAS:MEM,2015-16,2015-12-14,WAS,MEM,95,112,201.0,-3.0,135,-155,https://www.sportsbookreviewsonline.com/scoresoddsarchives/nba-odds-2015-16
sbr:2015-16:2015-12-15:CLE:BOS,2015-16,2015-12-15,CLE,BOS,89,77,202.0,1.0,-120,100,https://www.sportsbookreviewsonline.com/scoresoddsarchives/nba-odds-2015-16
sbr:2015-16:2015-12-15:DEN:MIN,2015-16,2015-12-15,DEN,MIN,112,100,202.5,-6.0,220,-260,https://www.sportsbookreviewsonline.com/scoresoddsarchives/nba-odds-2015-16
sbr:2015-16:2015-12-15:HOU:SAC,2015-16,2015-12-15,HOU,SAC,97,107,222.0,-2.5,125,-145,https://www.sportsbookreviewsonline.com/scoresoddsarchives/nba-odds-2015-16
sbr:2015-16:2015-12-15:MIL:LAL,2015-16,2015-12-15,MIL,LAL,95,113,198.5,4.0,-180,160,https://www.sportsbookreviewsonline.com/scoresoddsarchives/nba-odds-2015-16
sbr:2015-16:2015-12-16:BOS:DET,2015-16,2015-12-16,BOS,DET,116,119,198.0,-2.5,120,-140,https://www.sportsbookreviewsonline.com/scoresoddsarchives/nba-odds-2015-16
sbr:2015-16:2015-12-16:CHA:ORL,2015-16,2015-12-16,CHA,ORL,98,113,198.0,0.0,-110,-110,https://www.sportsbookreviewsonline.com/scoresoddsarchives/nba-odds-2015-16
sbr:2015-16:2015-12-16:DAL:IND,2015-16,2015-12-16,DAL,IND,81,107,207.5,-4.0,160,-180,https://www.sportsbookreviewsonline.com/scoresoddsarchives/nba-odds-2015-16
sbr:2015-16:2015-12-16:MEM:CHI,2015-16,2015-12-16,MEM,CHI,85,98,194.5,-4.0,160,-180,https://www.sportsbookreviewsonline.com/scoresoddsarchives/nba-odds-2015-16
sbr:2015-16:2015-12-16:MIA:BKN,2015-16,2015-12-16,MIA,BKN,104,98,191.0,5.0,-220,190,https://www.sportsbookreviewsonline.com/scoresoddsarchives/nba-odds-2015-16
sbr:2015-16:2015-12-16:MIL:LAC,2015-16,2015-12-16,MIL,LAC,90,103,198.0,-11.0,600,-900,https://www.sportsbookreviewsonline.com/scoresoddsarchives/nba-odds-2015-16
sbr:2015-16:2015-12-16:MIN:NYK,2015-16,2015-12-16,MIN,NYK,102,107,199.0,-4.5,170,-190,https://www.sportsbookreviewsonline.com/scoresoddsarchives/nba-odds-2015-16
sbr:2015-16:2015-12-16:NOP:UTA,2015-16,2015-12-16,NOP,UTA,104,94,200.5,-3.0,135,-155,https://www.sportsbookreviewsonline.com/scoresoddsarchives/nba-odds-2015-16
sbr:2015-16:2015-12-16:PHI:ATL,2015-16,2015-12-16,PHI,ATL,106,127,199.0,-13.5,1100,-2500,https://www.sportsbookreviewsonline.com/scoresoddsarchives/nba-odds-2015-16
sbr:2015-16:2015-12-16:PHX:GSW,2015-16,2015-12-16,PHX,GSW,103,128,219.5,-12.0,750,-1200,https://www.sportsbookreviewsonline.com/scoresoddsarchives/nba-odds-2015-16
sbr:2015-16:2015-12-16:POR:OKC,2015-16,2015-12-16,POR,OKC,90,106,208.0,-11.0,500,-700,https://www.sportsbookreviewsonline.com/scoresoddsarchives/nba-odds-2015-16
sbr:2015-16:2015-12-16:WAS:SAS,2015-16,2015-12-16,WAS,SAS,95,114,197.5,-13.0,900,-1600,https://www.sportsbookreviewsonline.com/scoresoddsarchives/nba-odds-2015-16
sbr:2015-16:2015-12-17:HOU:LAL,2015-16,2015-12-17,HOU,LAL,107,87,215.5,6.0,-240,200,https://www.sportsbookreviewsonline.com/scoresoddsarchives/nba-odds-2015-16
sbr:2015-16:2015-12-17:OKC:CLE,2015-16,2015-12-17,OKC,CLE,100,104,203.5,-2.0,110,-130,https://www.sportsbookreviewsonline.com/scoresoddsarchives/nba-odds-2015-16
sbr:2015-16:2015-12-18:ATL:BOS,2015-16,2015-12-18,ATL,BOS,109,101,206.5,-4.0,145,-165,https://www.sportsbookreviewsonline.com/scoresoddsarchives/nba-odds-2015-16
sbr:2015-16:2015-12-18:BKN:IND,2015-16,2015-12-18,BKN,IND,97,104,206.5,-10.5,500,-700,https://www.sportsbookreviewsonline.com/scoresoddsarchives/nba-odds-2015-16
sbr:2015-16:2015-12-18:DEN:UTA,2015-16,2015-12-18,DEN,UTA,88,97,193.5,-5.5,190,-220,https://www.sportsbookreviewsonline.com/scoresoddsarchives/nba-odds-2015-16
sbr:2015-16:2015-12-18:LAC:SAS,2015-16,2015-12-18,LAC,SAS,107,115,196.0,-7.5,280,-340,https://www.sportsbookreviewsonline.com/scoresoddsarchives/nba-odds-2015-16
sbr:2015-16:2015-12-18:MEM:DAL,2015-16,2015-12-18,MEM,DAL,88,97,197.0,-2.0,115,-135,https://www.sportsbookreviewsonline.com/scoresoddsarchives/nba-odds-2015-16
sbr:2015-16:2015-12-18:MIL:GSW,2015-16,2015-12-18,MIL,GSW,112,121,211.0,-19.0,2000,-9900,https://www.sportsbookreviewsonline.com/scoresoddsarchives/nba-odds-2015-16
sbr:2015-16:2015-12-18:NOP:PHX,2015-16,2015-12-18,NOP,PHX,88,104,213.5,-3.0,135,-155,https://www.sportsbookreviewsonline.com/scoresoddsarchives/nba-odds-2015-16
sbr:2015-16:2015-12-18:NYK:PHI,2015-16,2015-12-18,NYK,PHI,107,97,196.5,6.5,-250,210,https://www.sportsbookreviewsonline.com/scoresoddsarchives/nba-odds-2015-16
sbr:2015-16:2015-12-18:POR:ORL,2015-16,2015-12-18,POR,ORL,94,102,202.0,-4.5,170,-190,https://www.sportsbookreviewsonline.com/scoresoddsarchives/nba-odds-2015-16
sbr:2015-16:2015-12-18:SAC:MIN,2015-16,2015-12-18,SAC,MIN,95,99,213.5,2.5,-135,115,https://www.sportsbookreviewsonline.com/scoresoddsarchives/nba-odds-2015-16
sbr:2015-16:2015-12-18:TOR:MIA,2015-16,2015-12-18,TOR,MIA,108,94,187.0,-4.5,170,-190,https://www.sportsbookreviewsonline.com/scoresoddsarchives/nba-odds-2015-16
sbr:2015-16:2015-12-19:CHA:WAS,2015-16,2015-12-19,CHA,WAS,101,109,206.0,2.0,-130,110,https://www.sportsbookreviewsonline.com/scoresoddsarchives/nba-odds-2015-16
sbr:2015-16:2015-12-19:LAL:OKC,2015-16,2015-12-19,LAL,OKC,78,118,208.0,-16.0,1700,-5000,https://www.sportsbookreviewsonline.com/scoresoddsarchives/nba-odds-2015-16
sbr:2015-16:2015-12-20:MIL:PHX,2015-16,2015-12-20,MIL,PHX,101,95,202.0,-7.5,280,-345,https://www.sportsbookreviewsonline.com/scoresoddsarchives/nba-odds-2015-16
sbr:2015-16:2015-12-20:PHI:CLE,2015-16,2015-12-20,PHI,CLE,86,108,198.0,-16.5,1700,-5000,https://www.sportsbookreviewsonline.com/scoresoddsarchives/nba-odds-2015-16
sbr:2015-16:2015-12-20:POR:MIA,2015-16,2015-12-20,POR,MIA,109,116,192.5,-5.0,170,-200,https://www.sportsbookreviewsonline.com/scoresoddsarchives/nba-odds-2015-16
sbr:2015-16:2015-12-20:SAC:TOR,2015-16,2015-12-20,SAC,TOR,104,94,206.5,-5.5,200,-240,https://www.sportsbookreviewsonline.com/scoresoddsarchives/nba-odds-2015-16
sbr:2015-16:2015-12-21:BKN:CHI,2015-16,2015-12-21,BKN,CHI,105,102,197.0,-10.5,550,-800,https://www.sportsbookreviewsonline.com/scoresoddsarchives/nba-odds-2015-16
sbr:2015-16:2015-12-21:CHA:HOU,2015-16,2015-12-21,CHA,HOU,95,102,208.0,-3.0,135,-155,https://www.sportsbookreviewsonline.com/scoresoddsarchives/nba-odds-2015-16
sbr:2015-16:2015-12-21:IND:SAS,2015-16,2015-12-21,IND,SAS,92,106,199.0,-9.0,400,-500,https://www.sportsbookreviewsonline.com/scoresoddsarchives/nba-odds-2015-16
sbr:2015-16:2015-12-21:MIN:BOS,2015-16,2015-12-21,MIN,BOS,99,113,209.5,-7.5,300,-360,https://www.sportsbookreviewsonline.com/scoresoddsarchives/nba-odds-2015-16
sbr:2015-16:2015-12-21:ORL:NYK,2015-16,2015-12-21,ORL,NYK,107,99,198.5,-2.5,120,-140,https://www.sportsbookreviewsonline.com/scoresoddsarchives/nba-odds-2015-16
sbr:2015-16:2015-12-21:PHX:UTA,2015-16,2015-12-21,PHX,UTA,89,110,198.0,-4.5,165,-185,https://www.sportsbookreviewsonline.com/scoresoddsarchives/nba-odds-2015-16
sbr:2015-16:2015-12-21:POR:ATL,2015-16,2015-12-21,POR,ATL,97,106,196.0,-10.5,525,-750,https://www.sportsbookreviewsonline.com/scoresoddsarchives/nba-odds-2015-16
sbr:2015-16:2015-12-21:SAC:WAS,2015-16,2015-12-21,SAC,WAS,99,113,218.5,-2.5,120,-140,https://www.sportsbookreviewsonline.com/scoresoddsarchives/nba-odds-2015-16
sbr:2015-16:2015-12-22:DAL:TOR,2015-16,2015-12-22,DAL,TOR,99,103,196.0,-4.5,170,-190,https://www.sportsbookreviewsonline.com/scoresoddsarchives/nba-odds-2015-16
sbr:2015-16:2015-12-22:DET:MIA,2015-16,2015-12-22,DET,MIA,93,92,194.5,-2.5,125,-145,https://www.sportsbookreviewsonline.com/scoresoddsarchives/nba-odds-2015-16
sbr:2015-16:2015-12-22:LAL:DEN,2015-16,2015-12-22,LAL,DEN,111,107,204.5,-5.5,190,-220,https://www.sportsbookreviewsonline.com/scoresoddsarchives/nba-odds-2015-16
sbr:2015-16:2015-12-22:MEM:PHI,2015-16,2015-12-22,MEM,PHI,104,90,193.5,10.0,-700,500,https://www.sportsbookreviewsonline.com/scoresoddsarchives/nba-odds-2015-16
sbr:2015-16:2015-12-23:BOS:CHA,2015-16,2015-12-23,BOS,CHA,102,89,204.0,-1.0,100,-120,https://www.sportsbookreviewsonline.com/scoresoddsarchives/nba-odds-2015-16
sbr:2015-16:2015-12-23:DEN:PHX,2015-16,2015-12-23,DEN,PHX,104,96,208.0,-9.0,375,-450,https://www.sportsbookreviewsonline.com/scoresoddsarchives/nba-odds-2015-16
sbr:2015-16:2015-12-23:DET:ATL,2015-16,2015-12-23,DET,ATL,100,107,200.5,-7.0,250,-300,https://www.sportsbookreviewsonline.com/scoresoddsarchives/nba-odds-2015-16
sbr:2015-16:2015-12-23:HOU:ORL,2015-16,2015-12-23,HOU,ORL,101,104,207.5,-1.0,-105,-115,https://www.sportsbookreviewsonline.com/scoresoddsarchives/nba-odds-2015-16
sbr:2015-16:2015-12-23:NYK:CLE,2015-16,2015-12-23,NYK,CLE,84,91,194.5,-13.0,850,-1500,https://www.sportsbookreviewsonline.com/scoresoddsarchives/nba-odds-2015-16
sbr:2015-16:2015-12-23:OKC:LAL,2015-16,2015-12-23,OKC,LAL,120,85,207.0,14.0,-2500,1100,https://www.sportsbookreviewsonline.com/scoresoddsarchives/nba-odds-2015-16
sbr:2015-16:2015-12-23:PHI:MIL,2015-16,2015-12-23,PHI,MIL,100,113,195.0,-11.0,550,-800,https://www.sportsbookreviewsonline.com/scoresoddsarchives/nba-odds-2015-16
sbr:2015-16:2015-12-23:POR:NOP,2015-16,2015-12-23,POR,NOP,89,115,203.0,-7.5,280,-340,https://www.sportsbookreviewsonline.com/scoresoddsarchives/nba-odds-2015-16
sbr:2015-16:2015-12-23:SAC:IND,2015-16,2015-12-23,SAC,IND,108,106,215.0,-6.5,250,-300,https://www.sportsbookreviewsonline.com/scoresoddsarchives/nba-odds-2015-16
sbr:2015-16:2015-12-23:SAS:MIN,2015-16,2015-12-23,SAS,MIN,108,83,195.0,10.5,-700,500,https://www.sportsbookreviewsonline.com/scoresoddsarchives/nba-odds-2015-16
sbr:2015-16:2015-12-23:UTA:GSW,2015-16,2015-12-23,UTA,GSW,85,103,208.5,-14.0,1100,-2500,https://www.sportsbookreviewsonline.com/scoresoddsarchives/nba-odds-2015-16
sbr:2015-16:2015-12-25:CHI:OKC,2015-16,2015-12-25,CHI,OKC,105,96,205.5,-9.5,400,-500,https://www.sportsbookreviewsonline.com/scoresoddsarchives/nba-odds-2015-16
sbr:2015-16:2015-12-25:CLE:GSW,2015-16,2015-12-25,CLE,GSW,83,89,207.5,-6.5,240,-280,https://www.sportsbookreviewsonline.com/scoresoddsarchives/nba-odds-2015-16
sbr:2015-16:2015-12-25:LAC:LAL,2015-16,2015-12-25,LAC,LAL,94,84,207.5,12.5,-1100,700,https://www.sportsbookreviewsonline.com/scoresoddsarchives/nba-odds-2015-16
sbr:2015-16:2015-12-25:SAS:HOU,2015-16,2015-12-25,SAS,HOU,84,88,204.5,7.0,-300,250,https://www.sportsbookreviewsonline.com/scoresoddsarchives/nba-odds-2015-16
sbr:2015-16:2015-12-26:CHI:DAL,2015-16,2015-12-26,CHI,DAL,111,118,200.0,-2.5,120,-140,https://www.sportsbookreviewsonline.com/scoresoddsarchives/nba-odds-2015-16
sbr:2015-16:2015-12-26:CLE:POR,2015-16,2015-12-26,CLE,POR,76,105,195.5,7.5,-340,280,https://www.sportsbookreviewsonline.com/scoresoddsarchives/nba-odds-2015-16
sbr:2015-16:2015-12-26:DEN:SAS,2015-16,2015-12-26,DEN,SAS,86,101,194.5,-14.5,1200,-3000,https://www.sportsbookreviewsonline.com/scoresoddsarchives/nba-odds-2015-16
sbr:2015-16:2015-12-26:IND:MIN,2015-16,2015-12-26,IND,MIN,102,88,206.0,3.5,-165,145,https://www.sportsbookreviewsonline.com/scoresoddsarchives/nba-odds-2015-16
sbr:2015-16:2015-12-26:MEM:CHA,2015-16,2015-12-26,MEM,CHA,92,98,192.0,-2.5,120,-140,https://www.sportsbookreviewsonline.com/scoresoddsarchives/nba-odds-2015-16
sbr:2015-16:2015-12-26:MIA:ORL,2015-16,2015-12-26,MIA,ORL,108,101,193.0,-5.0,175,-200,https://www.sportsbookreviewsonline.com/scoresoddsarchives/nba-odds-2015-16
sbr:2015-16:2015-12-26:NYK:ATL,2015-16,2015-12-26,NYK,ATL,98,117,203.0,-7.5,290,-350,https://www.sportsbookreviewsonline.com/scoresoddsarchives/nba-odds-2015-16
sbr:2015-16:2015-12-26:PHI:PHX,2015-16,2015-12-26,PHI,PHX,111,104,205.5,-11.5,625,-950,https://www.sportsbookreviewsonline.com/scoresoddsarchives/nba-odds-2015-16
sbr:2015-16:2015-12-26:TOR:MIL,2015-16,2015-12-26,TOR,MIL,111,90,193.0,3.0,-150,130,https://www.sportsbookreviewsonline.com/scoresoddsarchives/nba-odds-2015-16
sbr:2015-16:2015-12-26:WAS:BKN,2015-16,2015-12-26,WAS,BKN,111,96,205.0,2.5,-140,120,https://www.sportsbookreviewsonline.com/scoresoddsarchives/nba-odds-2015-16
sbr:2015-16:2015-12-27:DEN:OKC,2015-16,2015-12-27,DEN,OKC,112,122,207.0,-17.0,1700,-5000,https://www.sportsbookreviewsonline.com/scoresoddsarchives/nba-odds-2015-16
sbr:2015-16:2015-12-27:LAL:MEM,2015-16,2015-12-27,LAL,MEM,96,112,195.0,-9.5,430,-550,https://www.sportsbookreviewsonline.com/scoresoddsarchives/nba-odds-2015-16
sbr:2015-16:2015-12-27:NYK:BOS,2015-16,2015-12-27,NYK,BOS,91,100,202.5,-8.5,345,-425,https://www.sportsbookreviewsonline.com/scoresoddsarchives/nba-odds-2015-16
sbr:2015-16:2015-12-27:POR:SAC,2015-16,2015-12-27,POR,SAC,98,94,209.0,-9.0,355,-450,https://www.sportsbookreviewsonline.com/scoresoddsarchives/nba-odds-2015-16
sbr:2015-16:2015-12-28:ATL:IND,2015-16,2015-12-28,ATL,IND,87,93,204.0,-1.5,105,-125,https://www.sportsbookreviewsonline.com/scoresoddsarchives/nba-odds-2015-16
sbr:2015-16:2015-12-28:BKN:MIA,2015-16,2015-12-28,BKN,MIA,111,105,195.0,-8.0,310,-370,https://www.sportsbookreviewsonline.com/scoresoddsarchives/nba-odds-2015-16
sbr:2015-16:2015-12-28:CLE:PHX,2015-16,2015-12-28,CLE,PHX,101,97,199.0,9.5,-550,425,https://www.sportsbookreviewsonline.com/scoresoddsarchives/nba-odds-2015-16
sbr:2015-16:2015-12-28:LAC:WAS,2015-16,2015-12-28,LAC,WAS,108,91,208.0,-1.0,-105,-115,https://www.sportsbookreviewsonline.com/scoresoddsarchives/nba-odds-2015-16
sbr:2015-16:2015-12-28:LAL:CHA,2015-16,2015-12-28,LAL,CHA,98,108,203.0,-12.5,850,-1500,https://www.sportsbookreviewsonline.com/scoresoddsarchives/nba-odds-2015-16
sbr:2015-16:2015-12-28:MIL:DAL,2015-16,2015-12-28,MIL,DAL,93,103,202.0,-5.5,195,-230,https://www.sportsbookreviewsonline.com/scoresoddsarchives/nba-odds-2015-16
sbr:2015-16:2015-12-28:MIN:SAS,2015-16,2015-12-28,MIN,SAS,95,101,195.5,-13.5,1000,-2000,https://www.sportsbookreviewsonline.com/scoresoddsarchives/nba-odds-2015-16
sbr:2015-16:2015-12-28:NOP:ORL,2015-16,2015-12-28,NOP,ORL,89,104,204.5,-4.0,155,-175,https://www.sportsbookreviewsonline.com/scoresoddsarchives/nba-odds-2015-16
sbr:2015-16:2015-12-28:PHI:UTA,2015-16,2015-12-28,PHI,UTA,91,95,195.0,-8.0,330,-400,https://www.sportsbookreviewsonline.com/scoresoddsarchives/nba-odds-2015-16
sbr:2015-16:2015-12-28:SAC:GSW,2015-16,2015-12-28,SAC,GSW,103,122,220.0,-14.5,1100,-2500,https://www.sportsbookreviewsonline.com/scoresoddsarchives/nba-odds-2015-16
sbr:2015-16:2015-12-28:TOR:CHI,2015-16,2015-12-28,TOR,CHI,97,104,198.0,-1.0,100,-120,https://www.sportsbookreviewsonline.com/scoresoddsarchives/nba-odds-2015-16
sbr:2015-16:2015-12-29:ATL:HOU,2015-16,2015-12-29,ATL,HOU,121,115,208.0,-4.0,155,-175,https://www.sportsbookreviewsonline.com/scoresoddsarchives/nba-odds-2015-16
sbr:2015-16:2015-12-29:CLE:DEN,2015-16,2015-12-29,CLE,DEN,93,87,195.5,6.0,-270,230,https://www.sportsbookreviewsonline.com/scoresoddsarchives/nba-odds-2015-16
sbr:2015-16:2015-12-29:DET:NYK,2015-16,2015-12-29,DET,NYK,96,108,198.5,1.5,-125,105,https://www.sportsbookreviewsonline.com/scoresoddsarchives/nba-odds-2015-16
sbr:2015-16:2015-12-29:MIL:OKC,2015-16,2015-12-29,MIL,OKC,123,131,206.5,-13.5,1000,-2000,https://www.sportsbookreviewsonline.com/scoresoddsarchives/nba-odds-2015-16
sbr:2015-16:2015-12-30:BKN:ORL,2015-16,2015-12-30,BKN,ORL,93,100,199.5,-7.5,280,-340,https://www.sportsbookreviewsonline.com/scoresoddsarchives/nba-odds-2015-16
sbr:2015-16:2015-12-30:DEN:POR,2015-16,2015-12-30,DEN,POR,103,110,201.0,-6.0,210,-250,https://www.sportsbookreviewsonline.com/scoresoddsarchives/nba-odds-2015-16
sbr:2015-16:2015-12-30:GSW:DAL,2015-16,2015-12-30,GSW,DAL,91,114,209.0,3.5,-165,145,https://www.sportsbookreviewsonline.com/scoresoddsarchives/nba-odds-2015-16
sbr:2015-16:2015-12-30:LAC:CHA,2015-16,2015-12-30,LAC,CHA,122,117,200.5,2.5,-140,120,https://www.sportsbookreviewsonline.com/scoresoddsarchives/nba-odds-2015-16
sbr:2015-16:2015-12-30:LAL:BOS,2015-16,2015-12-30,LAL,BOS,112,104,206.5,-14.0,950,-1800,https://www.sportsbookreviewsonline.com/scoresoddsarchives/nba-odds-2015-16
sbr:2015-16:2015-12-30:PHI:SAC,2015-16,2015-12-30,PHI,SAC,110,105,215.0,-10.5,500,-700,https://www.sportsbookreviewsonline.com/scoresoddsarchives/nba-odds-2015-16
sbr:2015-16:2015-12-30:PHX:SAS,2015-16,2015-12-30,PHX,SAS,79,112,198.0,-14.5,1200,-3000,https://www.sportsbookreviewsonline.com/scoresoddsarchives/nba-odds-2015-16
sbr:2015-16:2015-12-30:UTA:MIN,2015-16,2015-12-30,UTA,MIN,80,94,191.5,-4.0,150,-170,https://www.sportsbookreviewsonline.com/scoresoddsarchives/nba-odds-2015-16
sbr:2015-16:2015-12-30:WAS:TOR,2015-16,2015-12-30,WAS,TOR,91,94,203.0,-7.5,280,-340,https://www.sportsbookreviewsonline.com/scoresoddsarchives/nba-odds-2015-16
sbr:2015-16:2015-12-31:GSW:HOU,2015-16,2015-12-31,GSW,HOU,114,110,211.5,-3.5,145,-165,https://www.sportsbookreviewsonline.com/scoresoddsarchives/nba-odds-2015-16
sbr:2015-16:2015-12-31:LAC:NOP,2015-16,2015-12-31,LAC,NOP,95,89,208.0,-2.0,115,-135,https://www.sportsbookreviewsonline.com/scoresoddsarchives/nba-odds-2015-16
sbr:2015-16:2015-12-31:MIL:IND,2015-16,2015-12-31,MIL,IND,120,116,201.0,-6.0,200,-240,https://www.sportsbookreviewsonline.com/scoresoddsarchives/nba-odds-2015-16
sbr:2015-16:2015-12-31:MIN:DET,2015-16,2015-12-31,MIN,DET,90,115,201.5,-8.0,320,-380,https://www.sportsbookreviewsonline.com/scoresoddsarchives/nba-odds-2015-16
sbr:2015-16:2015-12-31:PHX:OKC,2015-16,2015-12-31,PHX,OKC,106,110,212.5,-16.0,1300,-3500,https://www.sportsbookreviewsonline.com/scoresoddsarchives/nba-odds-2015-16
sbr:2015-16:2015-12-31:POR:UTA,2015-16,2015-12-31,POR,UTA,96,109,188.5,-3.0,140,-160,https://www.sportsbookreviewsonline.com/scoresoddsarchives/nba-odds-2015-16
sbr:2016-17:2016-10-25:NYK:CLE,2016-17,2016-10-25,NYK,CLE,88,117,206.0,-9.0,355,-450,https://www.sportsbookreviewsonline.com/scoresoddsarchives/nba-odds-2016-17
sbr:2016-17:2016-10-25:SAS:GSW,2016-17,2016-10-25,SAS,GSW,129,100,212.0,-8.0,325,-400,https://www.sportsbookreviewsonline.com/scoresoddsarchives/nba-odds-2016-17
sbr:2016-17:2016-10-25:UTA:POR,2016-17,2016-10-25,UTA,POR,104,113,192.0,-5.5,195,-235,https://www.sportsbookreviewsonline.com/scoresoddsarchives/nba-odds-2016-17
sbr:2016-17:2016-10-26:BKN:BOS,2016-17,2016-10-26,BKN,BOS,117,122,212.5,-11.5,601,-902,https://www.sportsbookreviewsonline.com/scoresoddsarchives/nba-odds-2016-17
sbr:2016-17:2016-10-26:CHA:MIL,2016-17,2016-10-26,CHA,MIL,107,96,195.0,1.5,-120,100,https://www.sportsbookreviewsonline.com/scoresoddsarchives/nba-odds-2016-17
sbr:2016-17:2016-10-26:DEN:NOP,2016-17,2016-10-26,DEN,NOP,107,102,206.0,-1.5,105,-125,https://www.sportsbookreviewsonline.com/scoresoddsarchives/nba-odds-2016-17
sbr:2016-17:2016-10-26:DET:TOR,2016-17,2016-10-26,DET,TOR,91,109,197.0,-6.0,210,-260,https://www.sportsbookreviewsonline.com/scoresoddsarchives/nba-odds-2016-17
sbr:2016-17:2016-10-26:HOU:LAL,2016-17,2016-10-26,HOU,LAL,114,120,225.0,6.0,-260,210,https://www.sportsbookreviewsonline.com/scoresoddsarchives/nba-odds-2016-17
sbr:2016-17:2016-10-26:MIA:ORL,2016-17,2016-10-26,MIA,ORL,108,96,200.0,-3.0,135,-155,https://www.sportsbookreviewsonline.com/scoresoddsarchives/nba-odds-2016-17
sbr:2016-17:2016-10-26:OKC:PHI,2016-17,2016-10-26,OKC,PHI,103,97,209.5,9.0,-460,365,https://www.sportsbookreviewsonline.com/scoresoddsarchives/nba-odds-2016-17
sbr:2016-17:2016-10-26:SAC:PHX,2016-17,2016-10-26,SAC,PHX,113,94,211.5,-3.0,130,-150,https://www.sportsbookreviewsonline.com/scoresoddsarchives/nba-odds-2016-17
sbr:2016-17:2016-10-27:LAC:POR,2016-17,2016-10-27,LAC,POR,114,106,210.0,2.5,-140,120,https://www.sportsbookreviewsonline.com/scoresoddsarchives/nba-odds-2016-17
sbr:2016-17:2016-10-27:SAS:SAC,2016-17,2016-10-27,SAS,SAC,102,94,203.0,7.5,-360,295,https://www.sportsbookreviewsonline.com/scoresoddsarchives/nba-odds-2016-17
sbr:2016-17:2016-10-27:WAS:ATL,2016-17,2016-10-27,WAS,ATL,99,114,201.5,-3.5,155,-175,https://www.sportsbookreviewsonline.com/scoresoddsarchives/nba-odds-2016-17
sbr:2016-17:2016-10-28:CLE:TOR,2016-17,2016-10-28,CLE,TOR,94,91,205.5,2.5,-145,125,https://www.sportsbookreviewsonline.com/scoresoddsarchives/nba-odds-2016-17
sbr:2016-17:2016-10-28:GSW:NOP,2016-17,2016-10-28,GSW,NOP,122,114,223.5,12.5,-1000,700,https://www.sportsbookreviewsonline.com/scoresoddsarchives/nba-odds-2016-17
sbr:2016-17:2016-10-28:IND:BKN,2016-17,2016-10-28,IND,BKN,94,103,218.5,5.5,-230,190,https://www.sportsbookreviewsonline.com/scoresoddsarchives/nba-odds-2016-17
sbr:2016-17:2016-10-28:LAL:UTA,2016-17,2016-10-28,LAL,UTA,89,96,202.0,-9.0,370,-465,https://www.sportsbookreviewsonline.com/scoresoddsarchives/nba-odds-2016-17
sbr:2016-17:2016-10-28:ORL:DET,2016-17,2016-10-28,ORL,DET,82,108,195.0,-4.0,160,-180,https://www.sportsbookreviewsonline.com/scoresoddsarchives/nba-odds-2016-17
sbr:2016-17:2016-10-29:ATL:PHI,2016-17,2016-10-29,ATL,PHI,104,72,202.0,7.5,-370,285,https://www.sportsbookreviewsonline.com/scoresoddsarchives/nba-odds-2016-17
sbr:2016-17:2016-10-29:BKN:MIL,2016-17,2016-10-29,BKN,MIL,108,110,205.0,-8.0,280,-360,https://www.sportsbookreviewsonline.com/scoresoddsarchives/nba-odds-2016-17
sbr:2016-17:2016-10-29:IND:CHI,2016-17,2016-10-29,IND,CHI,101,118,209.5,-3.5,145,-165,https://www.sportsbookreviewsonline.com/scoresoddsarchives/nba-odds-2016-17
sbr:2016-17:2016-10-29:MEM:NYK,2016-17,2016-10-29,MEM,NYK,104,111,198.5,-3.0,135,-155,https://www.sportsbookreviewsonline.com/scoresoddsarchives/nba-odds-2016-17
sbr:2016-17:2016-10-29:NOP:SAS,2016-17,2016-10-29,NOP,SAS,79,98,204.0,-14.0,900,-1900,https://www.sportsbookreviewsonline.com/scoresoddsarchives/nba-odds-2016-17
sbr:2016-17:2016-10-29:ORL:CLE,2016-17,2016-10-29,ORL,CLE,99,105,204.5,-11.0,500,-800,https://www.sportsbookreviewsonline.com/scoresoddsarchives/nba-odds-2016-17
sbr:2016-17:2016-10-30:DAL:HOU,2016-17,2016-10-30,DAL,HOU,92,93,213.5,-6.0,200,-240,https://www.sportsbookreviewsonline.com/scoresoddsarchives/nba-odds-2016-17
sbr:2016-17:2016-10-30:GSW:PHX,2016-17,2016-10-30,GSW,PHX,106,100,227.0,11.5,-791,570,https://www.sportsbookreviewsonline.com/scoresoddsarchives/nba-odds-2016-17
sbr:2016-17:2016-10-30:LAL:OKC,2016-17,2016-10-30,LAL,OKC,96,113,216.0,-8.5,355,-450,https://www.sportsbookreviewsonline.com/scoresoddsarchives/nba-odds-2016-17
sbr:2016-17:2016-10-30:MIL:DET,2016-17,2016-10-30,MIL,DET,83,98,197.5,-7.0,250,-315,https://www.sportsbookreviewsonline.com/scoresoddsarchives/nba-odds-2016-17
sbr:2016-17:2016-10-30:SAS:MIA,2016-17,2016-10-30,SAS,MIA,106,99,194.0,6.5,-290,230,https://www.sportsbookreviewsonline.com/scoresoddsarchives/nba-odds-2016-17
sbr:2016-17:2016-10-30:UTA:LAC,2016-17,2016-10-30,UTA,LAC,75,88,189.0,-7.5,295,-360,https://www.sportsbookreviewsonline.com/scoresoddsarchives/nba-odds-2016-17
sbr:2016-17:2016-10-31:CHI:BKN,2016-17,2016-10-31,CHI,BKN,118,88,209.5,6.0,-245,205,https://www.sportsbookreviewsonline.com/scoresoddsarchives/nba-odds-2016-17
sbr:2016-17:2016-10-31:DEN:TOR,2016-17,2016-10-31,DEN,TOR,102,105,206.5,-6.5,230,-290,https://www.sportsbookreviewsonline.com/scoresoddsarchives/nba-odds-2016-17
sbr:2016-17:2016-10-31:PHX:LAC,2016-17,2016-10-31,PHX,LAC,98,116,204.5,-12.5,750,-1150,https://www.sportsbookreviewsonline.com/scoresoddsarchives/nba-odds-2016-17
sbr:2016-17:2016-10-31:SAC:ATL,2016-17,2016-10-31,SAC,ATL,95,106,203.0,-7.5,250,-310,https://www.sportsbookreviewsonline.com/scoresoddsarchives/nba-odds-2016-17
sbr:2016-17:2016-11-01:GSW:POR,2016-17,2016-11-01,GSW,POR,127,104,225.5,5.5,-240,200,https://www.sportsbookreviewsonline.com/scoresoddsarchives/nba-odds-2016-17
sbr:2016-17:2016-11-01:HOU:CLE,2016-17,2016-11-01,HOU,CLE,120,128,217.0,-9.5,420,-540,https://www.sportsbookreviewsonline.com/scoresoddsarchives/nba-odds-2016-17
sbr:2016-17:2016-11-01:LAL:IND,2016-17,2016-11-01,LAL,IND,108,115,213.5,-9.0,355,-450,https://www.sportsbookreviewsonline.com/scoresoddsarchives/nba-odds-2016-17
sbr:2016-17:2016-11-01:MEM:MIN,2016-17,2016-11-01,MEM,MIN,80,116,197.5,-7.5,285,-350,https://www.sportsbookreviewsonline.com/scoresoddsarchives/nba-odds-2016-17
sbr:2016-17:2016-11-01:MIL:NOP,2016-17,2016-11-01,MIL,NOP,117,113,204.5,-3.5,145,-165,https://www.sportsbookreviewsonline.com/scoresoddsarchives/nba-odds-2016-17
sbr:2016-17:2016-11-01:NYK:DET,2016-17,2016-11-01,NYK,DET,89,102,203.0,-4.0,150,-170,https://www.sportsbookreviewsonline.com/scoresoddsarchives/nba-odds-2016-17
sbr:2016-17:2016-11-01:ORL:PHI,2016-17,2016-11-01,ORL,PHI,103,101,198.5,5.0,-202,172,https://www.sportsbookreviewsonline.com/scoresoddsarchives/nba-odds-2016-17
sbr:2016-17:2016-11-01:UTA:SAS,2016-17,2016-11-01,UTA,SAS,106,91,186.0,-9.5,435,-575,https://www.sportsbookreviewsonline.com/scoresoddsarchives/nba-odds-2016-17
sbr:2016-17:2016-11-02:CHI:BOS,2016-17,2016-11-02,CHI,BOS,100,107,207.0,-3.0,144,-164,https://www.sportsbookreviewsonline.com/scoresoddsarchives/nba-odds-2016-17
sbr:2016-17:2016-11-02:DAL:UTA,2016-17,2016-11-02,DAL,UTA,81,97,186.5,-3.0,140,-160,https://www.sportsbookreviewsonline.com/scoresoddsarchives/nba-odds-2016-17
sbr:2016-17:2016-11-02:DET:BKN,2016-17,2016-11-02,DET,BKN,101,109,205.0,4.0,-170,150,https://www.sportsbookreviewsonline.com/scoresoddsarchives/nba-odds-2016-17
sbr:2016-17:2016-11-02:HOU:NYK,2016-17,2016-11-02,HOU,NYK,118,99,219.0,-1.0,-105,-115,https://www.sportsbookreviewsonline.com/scoresoddsarchives/nba-odds-2016-17
sbr:2016-17:2016-11-02:LAL:ATL,2016-17,2016-11-02,LAL,ATL,123,116,205.0,-12.0,750,-1150,https://www.sportsbookreviewsonline.com/scoresoddsarchives/nba-odds-2016-17
sbr:2016-17:2016-11-02:OKC:LAC,2016-17,2016-11-02,OKC,LAC,85,83,209.0,-7.0,240,-300,https://www.sportsbookreviewsonline.com/scoresoddsarchives/nba-odds-2016-17
sbr:2016-17:2016-11-02:PHI:CHA,2016-17,2016-11-02,PHI,CHA,93,109,197.0,-12.5,850,-1350,https://www.sportsbookreviewsonline.com/scoresoddsarchives/nba-odds-2016-17
sbr:2016-17:2016-11-02:TOR:WAS,2016-17,2016-11-02,TOR,WAS,113,103,205.5,-1.5,105,-125,https://www.sportsbookreviewsonline.com/scoresoddsarchives/nba-odds-2016-17
sbr:2016-17:2016-11-03:BOS:CLE,2016-17,2016-11-03,BOS,CLE,122,128,207.0,-10.5,450,-700,https://www.sportsbookreviewsonline.com/scoresoddsarchives/nba-odds-2016-17
sbr:2016-17:2016-11-03:DEN:MIN,2016-17,2016-11-03,DEN,MIN,102,99,204.5,-3.0,145,-165,https://www.sportsbookreviewsonline.com/scoresoddsarchives/nba-odds-2016-17
sbr:2016-17:2016-11-03:IND:MIL,2016-17,2016-11-03,IND,MIL,107,125,210.5,2.5,-145,125,https://www.sportsbookreviewsonline.com/scoresoddsarchives/nba-odds-2016-17
sbr:2016-17:2016-11-03:OKC:GSW,2016-17,2016-11-03,OKC,GSW,96,122,223.0,-12.0,525,-850,https://www.sportsbookreviewsonline.com/scoresoddsarchives/nba-odds-2016-17
sbr:2016-17:2016-11-03:SAC:ORL,2016-17,2016-11-03,SAC,ORL,94,102,198.0,0.0,-120,100,https://www.sportsbookreviewsonline.com/scoresoddsarchives/nba-odds-2016-17
sbr:2016-17:2016-11-04:ATL:WAS,2016-17,2016-11-04,ATL,WAS,92,95,205.0,-1.5,100,-120,https://www.sportsbookreviewsonline.com/scoresoddsarchives/nba-odds-2016-17
sbr:2016-17:2016-11-04:CHA:BKN,2016-17,2016-11-04,CHA,BKN,99,95,203.0,6.5,-275,225,https://www.sportsbookreviewsonline.com/scoresoddsarchives/nba-odds-2016-17
sbr:2016-17:2016-11-04:GSW:LAL,2016-17,2016-11-04,GSW,LAL,97,117,228.5,11.5,-900,600,https://www.sportsbookreviewsonline.com/scoresoddsarchives/nba-odds-2016-17
sbr:2016-17:2016-11-04:LAC:MEM,2016-17,2016-11-04,LAC,MEM,99,88,197.5,5.5,-235,195,https://www.sportsbookreviewsonline.com/scoresoddsarchives/nba-odds-2016-17
sbr:2016-17:2016-11-04:MIA:TOR,2016-17,2016-11-04,MIA,TOR,87,96,202.0,-7.0,240,-300,https://www.sportsbookreviewsonline.com/scoresoddsarchives/nba-odds-2016-17
sbr:2016-17:2016-11-04:NYK:CHI,2016-17,2016-11-04,NYK,CHI,117,104,210.0,-7.5,255,-320,https://www.sportsbookreviewsonline.com/scoresoddsarchives/nba-odds-2016-17
sbr:2016-17:2016-11-04:SAS:UTA,2016-17,2016-11-04,SAS,UTA,100,86,183.5,3.5,-165,145,https://www.sportsbookreviewsonline.com/scoresoddsarchives/nba-odds-2016-17
sbr:2016-17:2016-11-05:CHI:IND,2016-17,2016-11-05,CHI,IND,94,111,209.5,-3.5,145,-165,https://www.sportsbookreviewsonline.com/scoresoddsarchives/nba-odds-2016-17
sbr:2016-17:2016-11-05:CLE:PHI,2016-17,2016-11-05,CLE,PHI,102,101,210.0,12.0,-1000,700,https://www.sportsbookreviewsonline.com/scoresoddsarchives/nba-odds-2016-17
sbr:2016-17:2016-11-05:DEN:DET,2016-17,2016-11-05,DEN,DET,86,103,201.0,-4.5,170,-200,https://www.sportsbookreviewsonline.com/scoresoddsarchives/nba-odds-2016-17
sbr:2016-17:2016-11-05:HOU:ATL,2016-17,2016-11-05,HOU,ATL,97,112,218.0,-3.5,135,-155,https://www.sportsbookreviewsonline.com/scoresoddsarchives/nba-odds-2016-17
sbr:2016-17:2016-11-05:LAC:SAS,2016-17,2016-11-05,LAC,SAS,116,92,197.5,-4.5,170,-200,https://www.sportsbookreviewsonline.com/scoresoddsarchives/nba-odds-2016-17
sbr:2016-17:2016-11-05:MIN:OKC,2016-17,2016-11-05,MIN,OKC,92,112,209.5,-4.5,170,-200,https://www.sportsbookreviewsonline.com/scoresoddsarchives/nba-odds-2016-17
sbr:2016-17:2016-11-05:SAC:MIL,2016-17,2016-11-05,SAC,MIL,91,117,202.5,-3.5,145,-165,https://www.sportsbookreviewsonline.com/scoresoddsarchives/nba-odds-2016-17
sbr:2016-17:2016-11-05:WAS:ORL,2016-17,2016-11-05,WAS,ORL,86,88,201.0,-6.5,220,-270,https://www.sportsbookreviewsonline.com/scoresoddsarchives/nba-odds-2016-17
sbr:2016-17:2016-11-06:DEN:BOS,2016-17,2016-11-06,DEN,BOS,123,107,212.5,-7.0,270,-330,https://www.sportsbookreviewsonline.com/scoresoddsarchives/nba-odds-2016-17
sbr:2016-17:2016-11-06:PHX:LAL,2016-17,2016-11-06,PHX,LAL,108,119,216.0,-4.0,155,-175,https://www.sportsbookreviewsonline.com/scoresoddsarchives/nba-odds-2016-17
sbr:2016-17:2016-11-06:SAC:TOR,2016-17,2016-11-06,SAC,TOR,96,91,197.5,-7.0,270,-330,https://www.sportsbookreviewsonline.com/scoresoddsarchives/nba-odds-2016-17
sbr:2016-17:2016-11-07:DET:LAC,2016-17,2016-11-07,DET,LAC,82,114,196.5,-8.0,305,-375,https://www.sportsbookreviewsonline.com/scoresoddsarchives/nba-odds-2016-17
sbr:2016-17:2016-11-07:HOU:WAS,2016-17,2016-11-07,HOU,WAS,114,106,220.5,0.0,-105,-115,https://www.sportsbookreviewsonline.com/scoresoddsarchives/nba-odds-2016-17
sbr:2016-17:2016-11-07:IND:CHA,2016-17,2016-11-07,IND,CHA,100,122,205.0,-2.5,120,-140,https://www.sportsbookreviewsonline.com/scoresoddsarchives/nba-odds-2016-17
sbr:2016-17:2016-11-07:MIA:OKC,2016-17,2016-11-07,MIA,OKC,85,97,203.0,-5.5,190,-230,https://www.sportsbookreviewsonline.com/scoresoddsarchives/nba-odds-2016-17
sbr:2016-17:2016-11-07:NOP:GSW,2016-17,2016-11-07,NOP,GSW,106,116,220.5,-16.5,1700,-5000,https://www.sportsbookreviewsonline.com/scoresoddsarchives/nba-odds-2016-17
sbr:2016-17:2016-11-07:ORL:CHI,2016-17,2016-11-07,ORL,CHI,80,112,198.5,-7.0,240,-300,https://www.sportsbookreviewsonline.com/scoresoddsarchives/nba-odds-2016-17
sbr:2016-17:2016-11-07:UTA:PHI,2016-17,2016-11-07,UTA,PHI,109,84,189.5,5.0,-200,170,https://www.sportsbookreviewsonline.com/scoresoddsarchives/nba-odds-2016-17
sbr:2016-17:2016-11-08:ATL:CLE,2016-17,2016-11-08,ATL,CLE,110,106,208.0,-7.5,300,-360,https://www.sportsbookreviewsonline.com/scoresoddsarchives/nba-odds-2016-17
sbr:2016-17:2016-11-08:DAL:LAL,2016-17,2016-11-08,DAL,LAL,109,97,203.5,-4.5,165,-185,https://www.sportsbookreviewsonline.com/scoresoddsarchives/nba-odds-2016-17
sbr:2016-17:2016-11-08:DEN:MEM,2016-17,2016-11-08,DEN,MEM,107,108,202.0,-3.5,145,-165,https://www.sportsbookreviewsonline.com/scoresoddsarchives/nba-odds-2016-17
sbr:2016-17:2016-11-08:MIN:BKN,2016-17,2016-11-08,MIN,BKN,110,119,208.0,4.5,-185,165,https://www.sportsbookreviewsonline.com/scoresoddsarchives/nba-odds-2016-17
sbr:2016-17:2016-11-08:NOP:SAC,2016-17,2016-11-08,NOP,SAC,94,102,205.0,-6.5,240,-280,https://www.sportsbookreviewsonline.com/scoresoddsarchives/nba-odds-2016-17
sbr:2016-17:2016-11-08:PHX:POR,2016-17,2016-11-08,PHX,POR,121,124,220.0,-8.5,330,-400,https://www.sportsbookreviewsonline.com/scoresoddsarchives/nba-odds-2016-17
sbr:2016-17:2016-11-09:BKN:NYK,2016-17,2016-11-09,BKN,NYK,96,110,215.0,-8.0,300,-360,https://www.sportsbookreviewsonline.com/scoresoddsarchives/nba-odds-2016-17
sbr:2016-17:2016-11-09:CHI:ATL,2016-17,2016-11-09,CHI,ATL,107,115,203.0,-3.5,140,-160,https://www.sportsbookreviewsonline.com/scoresoddsarchives/nba-odds-2016-17
sbr:2016-17:2016-11-09:DAL:GSW,2016-17,2016-11-09,DAL,GSW,95,116,206.0,-18.5,1900,-9000,https://www.sportsbookreviewsonline.com/scoresoddsarchives/nba-odds-2016-17
sbr:2016-17:2016-11-09:DET:PHX,2016-17,2016-11-09,DET,PHX,100,107,206.0,4.5,-180,160,https://www.sportsbookreviewsonline.com/scoresoddsarchives/nba-odds-2016-17
sbr:2016-17:2016-11-09:HOU:SAS,2016-17,2016-11-09,HOU,SAS,101,99,211.5,-8.5,350,-420,https://www.sportsbookreviewsonline.com/scoresoddsarchives/nba-odds-2016-17
sbr:2016-17:2016-11-09:MIN:ORL,2016-17,2016-11-09,MIN,ORL,123,107,201.5,-2.5,120,-140,https://www.sportsbookreviewsonline.com/scoresoddsarchives/nba-odds-2016-17
sbr:2016-17:2016-11-09:POR:LAC,2016-17,2016-11-09,POR,LAC,80,111,210.0,-10.5,500,-700,https://www.sportsbookreviewsonline.com/scoresoddsarchives/nba-odds-2016-17
sbr:2016-17:2016-11-09:TOR:OKC,2016-17,2016-11-09,TOR,OKC,112,102,203.5,-3.5,135,-155,https://www.sportsbookreviewsonline.com/scoresoddsarchives/nba-odds-2016-17
sbr:2016-17:2016-11-09:UTA:CHA,2016-17,2016-11-09,UTA,CHA,98,104,193.0,-3.0,130,-150,https://www.sportsbookreviewsonline.com/scoresoddsarchives/nba-odds-2016-17
sbr:2016-17:2016-11-10:CHI:MIA,2016-17,2016-11-10,CHI,MIA,98,95,201.0,-1.0,-103,-117,https://www.sportsbookreviewsonline.com/scoresoddsarchives/nba-odds-2016-17
sbr:2016-17:2016-11-10:GSW:DEN,2016-17,2016-11-10,GSW,DEN,125,101,223.0,6.5,-270,220,https://www.sportsbookreviewsonline.com/scoresoddsarchives/nba-odds-2016-17
sbr:2016-17:2016-11-10:LAL:SAC,2016-17,2016-11-10,LAL,SAC,101,91,211.0,-5.5,185,-215,https://www.sportsbookreviewsonline.com/scoresoddsarchives/nba-odds-2016-17
sbr:2016-17:2016-11-10:NOP:MIL,2016-17,2016-11-10,NOP,MIL,112,106,207.0,-5.0,175,-205,https://www.sportsbookreviewsonline.com/scoresoddsarchives/nba-odds-2016-17
sbr:2016-17:2016-11-11:CLE:WAS,2016-17,2016-11-11,CLE,WAS,105,94,210.5,7.5,-350,275,https://www.sportsbookreviewsonline.com/scoresoddsarchives/nba-odds-2016-17
sbr:2016-17:2016-11-11:DET:SAS,2016-17,2016-11-11,DET,SAS,86,96,194.0,-9.0,375,-550,https://www.sportsbookreviewsonline.com/scoresoddsarchives/nba-odds-2016-17
sbr:2016-17:2016-11-11:LAC:OKC,2016-17,2016-11-11,LAC,OKC,110,108,206.0,5.0,-200,170,https://www.sportsbookreviewsonline.com/scoresoddsarchives/nba-odds-2016-17
sbr:2016-17:2016-11-11:NYK:BOS,2016-17,2016-11-11,NYK,BOS,87,115,214.0,-4.5,160,-180,https://www.sportsbookreviewsonline.com/scoresoddsarchives/nba-odds-2016-17
sbr:2016-17:2016-11-11:TOR:CHA,2016-17,2016-11-11,TOR,CHA,113,111,204.0,0.0,-115,-105,https://www.sportsbookreviewsonline.com/scoresoddsarchives/nba-odds-2016-17
sbr:2016-17:2016-11-11:UTA:ORL,2016-17,2016-11-11,UTA,ORL,87,74,191.0,5.5,-200,170,https://www.sportsbookreviewsonline.com/scoresoddsarchives/nba-odds-2016-17
sbr:2016-17:2016-11-12:BKN:PHX,2016-17,2016-11-12,BKN,PHX,122,104,218.5,-4.5,170,-200,https://www.sportsbookreviewsonline.com/scoresoddsarchives/nba-odds-2016-17
sbr:2016-17:2016-11-12:DET:DEN,2016-17,2016-11-12,DET,DEN,106,95,202.0,-5.0,175,-210,https://www.sportsbookreviewsonline.com/scoresoddsarchives/nba-odds-2016-17
sbr:2016-17:2016-11-12:LAC:MIN,2016-17,2016-11-12,LAC,MIN,119,105,207.0,5.0,-220,180,https://www.sportsbookreviewsonline.com/scoresoddsarchives/nba-odds-2016-17
sbr:2016-17:2016-11-12:LAL:NOP,2016-17,2016-11-12,LAL,NOP,126,99,216.5,0.0,-115,-105,https://www.sportsbookreviewsonline.com/scoresoddsarchives/nba-odds-2016-17
sbr:2016-17:2016-11-12:MEM:MIL,2016-17,2016-11-12,MEM,MIL,96,106,202.0,-3.0,125,-145,https://www.sportsbookreviewsonline.com/scoresoddsarchives/nba-odds-2016-17
sbr:2016-17:2016-11-12:NYK:TOR,2016-17,2016-11-12,NYK,TOR,107,118,208.5,-7.5,260,-320,https://www.sportsbookreviewsonline.com/scoresoddsarchives/nba-odds-2016-17
sbr:2016-17:2016-11-12:PHI:ATL,2016-17,2016-11-12,PHI,ATL,96,117,207.5,-14.5,1200,-2500,https://www.sportsbookreviewsonline.com/scoresoddsarchives/nba-odds-2016-17
sbr:2016-17:2016-11-12:SAS:HOU,2016-17,2016-11-12,SAS,HOU,106,100,208.0,1.5,-130,110,https://www.sportsbookreviewsonline.com/scoresoddsarchives/nba-odds-2016-17
sbr:2016-17:2016-11-12:UTA:MIA,2016-17,2016-11-12,UTA,MIA,102,91,186.0,2.0,-120,100,https://www.sportsbookreviewsonline.com/scoresoddsarchives/nba-odds-2016-17
sbr:2016-17:2016-11-12:WAS:CHI,2016-17,2016-11-12,WAS,CHI,95,106,199.5,-10.0,425,-650,https://www.sportsbookreviewsonline.com/scoresoddsarchives/nba-odds-2016-17
sbr:2016-17:2016-11-13:CHA:CLE,2016-17,2016-11-13,CHA,CLE,93,100,207.5,-7.0,260,-320,https://www.sportsbookreviewsonline.com/scoresoddsarchives/nba-odds-2016-17
sbr:2016-17:2016-11-13:DEN:POR,2016-17,2016-11-13,DEN,POR,105,112,216.0,-7.5,265,-330,https://www.sportsbookreviewsonline.com/scoresoddsarchives/nba-odds-2016-17
sbr:2016-17:2016-11-13:LAL:MIN,2016-17,2016-11-13,LAL,MIN,99,125,213.5,0.0,-110,-110,https://www.sportsbookreviewsonline.com/scoresoddsarchives/nba-odds-2016-17
sbr:2016-17:2016-11-13:ORL:OKC,2016-17,2016-11-13,ORL,OKC,119,117,203.0,-9.5,375,-550,https://www.sportsbookreviewsonline.com/scoresoddsarchives/nba-odds-2016-17
sbr:2016-17:2016-11-13:PHX:GSW,2016-17,2016-11-13,PHX,GSW,120,133,227.0,-17.0,1500,-5000,https://www.sportsbookreviewsonline.com/scoresoddsarchives/nba-odds-2016-17
sbr:2016-17:2016-11-14:BKN:LAC,2016-17,2016-11-14,BKN,LAC,95,127,211.5,-16.5,1500,-5000,https://www.sportsbookreviewsonline.com/scoresoddsarchives/nba-odds-2016-17
sbr:2016-17:2016-11-14:BOS:NOP,2016-17,2016-11-14,BOS,NOP,105,106,212.0,3.5,-165,145,https://www.sportsbookreviewsonline.com/scoresoddsarchives/nba-odds-2016-17
sbr:2016-17:2016-11-14:DAL:NYK,2016-17,2016-11-14,DAL,NYK,77,93,202.5,-4.0,155,-175,https://www.sportsbookreviewsonline.com/scoresoddsarchives/nba-odds-2016-17
sbr:2016-17:2016-11-14:MEM:UTA,2016-17,2016-11-14,MEM,UTA,102,96,190.0,-6.0,220,-260,https://www.sportsbookreviewsonline.com/scoresoddsarchives/nba-odds-2016-17
sbr:2016-17:2016-11-14:MIA:SAS,2016-17,2016-11-14,MIA,SAS,90,94,193.5,-11.0,550,-800,https://www.sportsbookreviewsonline.com/scoresoddsarchives/nba-odds-2016-17
sbr:2016-17:2016-11-14:ORL:IND,2016-17,2016-11-14,ORL,IND,69,88,206.5,-8.0,290,-350,https://www.sportsbookreviewsonline.com/scoresoddsarchives/nba-odds-2016-17
sbr:2016-17:2016-11-14:PHI:HOU,2016-17,2016-11-14,PHI,HOU,88,115,216.0,-11.0,650,-1000,https://www.sportsbookreviewsonline.com/scoresoddsarchives/nba-odds-2016-17
sbr:2016-17:2016-11-15:ATL:MIA,2016-17,2016-11-15,ATL,MIA,93,90,198.5,6.5,-265,225,https://www.sportsbookreviewsonline.com/scoresoddsarchives/nba-odds-2016-17
sbr:2016-17:2016-11-15:BKN:LAL,2016-17,2016-11-15,BKN,LAL,118,125,219.0,-7.0,245,-290,https://www.sportsbookreviewsonline.com/scoresoddsarchives/nba-odds-2016-17
sbr:2016-17:2016-11-15:CHA:MIN,2016-17,2016-11-15,CHA,MIN,115,108,205.0,1.0,-120,100,https://www.sportsbookreviewsonline.com/scoresoddsarchives/nba-odds-2016-17
sbr:2016-17:2016-11-15:CHI:POR,2016-17,2016-11-15,CHI,POR,113,88,209.5,-4.5,170,-190,https://www.sportsbookreviewsonline.com/scoresoddsarchives/nba-odds-2016-17
sbr:2016-17:2016-11-15:TOR:CLE,2016-17,2016-11-15,TOR,CLE,117,121,210.0,-6.0,210,-250,https://www.sportsbookreviewsonline.com/scoresoddsarchives/nba-odds-2016-17
sbr:2016-17:2016-11-16:DAL:BOS,2016-17,2016-11-16,DAL,BOS,83,90,199.5,-6.0,210,-250,https://www.sportsbookreviewsonline.com/scoresoddsarchives/nba-odds-2016-17
sbr:2016-17:2016-11-16:DET:NYK,2016-17,2016-11-16,DET,NYK,102,105,201.0,-1.5,105,-125,https://www.sportsbookreviewsonline.com/scoresoddsarchives/nba-odds-2016-17
sbr:2016-17:2016-11-16:GSW:TOR,2016-17,2016-11-16,GSW,TOR,127,121,222.5,6.0,-240,200,https://www.sportsbookreviewsonline.com/scoresoddsarchives/nba-odds-2016-17
sbr:2016-17:2016-11-16:HOU:OKC,2016-17,2016-11-16,HOU,OKC,103,105,219.5,-2.5,120,-140,https://www.sportsbookreviewsonline.com/scoresoddsarchives/nba-odds-2016-17
sbr:2016-17:2016-11-16:MEM:LAC,2016-17,2016-11-16,MEM,LAC,111,107,201.0,-12.5,750,-1200,https://www.sportsbookreviewsonline.com/scoresoddsarchives/nba-odds-2016-17
sbr:2016-17:2016-11-16:MIL:ATL,2016-17,2016-11-16,MIL,ATL,100,107,210.5,-5.5,190,-220,https://www.sportsbookreviewsonline.com/scoresoddsarchives/nba-odds-2016-17
sbr:2016-17:2016-11-16:NOP:ORL,2016-17,2016-11-16,NOP,ORL,82,89,199.0,-7.0,270,-330,https://www.sportsbookreviewsonline.com/scoresoddsarchives/nba-odds-2016-17
sbr:2016-17:2016-11-16:PHX:DEN,2016-17,2016-11-16,PHX,DEN,104,120,220.0,-4.5,165,-185,https://www.sportsbookreviewsonline.com/scoresoddsarchives/nba-odds-2016-17
sbr:2016-17:2016-11-16:SAS:SAC,2016-17,2016-11-16,SAS,SAC,110,105,197.5,5.5,-230,195,https://www.sportsbookreviewsonline.com/scoresoddsarchives/nba-odds-2016-17
sbr:2016-17:2016-11-16:WAS:PHI,2016-17,2016-11-16,WAS,PHI,102,109,203.5,7.0,-290,245,https://www.sportsbookreviewsonline.com/scoresoddsarchives/nba-odds-2016-17
sbr:2016-17:2016-11-17:MIL:MIA,2016-17,2016-11-17,MIL,MIA,73,96,202.5,-4.0,150,-170,https://www.sportsbookreviewsonline.com/scoresoddsarchives/nba-odds-2016-17
sbr:2016-17:2016-11-17:NYK:WAS,2016-17,2016-11-17,NYK,WAS,112,119,208.5,-5.0,175,-200,https://www.sportsbookreviewsonline.com/scoresoddsarchives/nba-odds-2016-17
sbr:2016-17:2016-11-17:PHI:MIN,2016-17,2016-11-17,PHI,MIN,86,110,211.0,-12.0,600,-900,https://www.sportsbookreviewsonline.com/scoresoddsarchives/nba-odds-2016-17
sbr:2016-17:2016-11-17:POR:HOU,2016-17,2016-11-17,POR,HOU,109,126,220.0,-5.5,190,-220,https://www.sportsbookreviewsonline.com/scoresoddsarchives/nba-odds-2016-17
sbr:2016-17:2016-11-18:ATL:CHA,2016-17,2016-11-18,ATL,CHA,96,100,208.0,-2.0,110,-130,https://www.sportsbookreviewsonline.com/scoresoddsarchives/nba-odds-2016-17
sbr:2016-17:2016-11-18:BKN:OKC,2016-17,2016-11-18,BKN,OKC,105,124,216.5,-9.5,400,-500,https://www.sportsbookreviewsonline.com/scoresoddsarchives/nba-odds-2016-17
sbr:2016-17:2016-11-18:DET:CLE,2016-17,2016-11-18,DET,CLE,81,104,202.5,-9.0,350,-420,https://www.sportsbookreviewsonline.com/scoresoddsarchives/nba-odds-2016-17
sbr:2016-17:2016-11-18:GSW:BOS,2016-17,2016-11-18,GSW,BOS,104,88,226.0,8.5,-400,330,https://www.sportsbookreviewsonline.com/scoresoddsarchives/nba-odds-2016-17
sbr:2016-17:2016-11-18:LAC:SAC,2016-17,2016-11-18,LAC,SAC,121,115,202.5,8.5,-370,310,https://www.sportsbookreviewsonline.com/scoresoddsarchives/nba-odds-2016-17
sbr:2016-17:2016-11-18:PHX:IND,2016-17,2016-11-18,PHX,IND,116,96,216.0,-4.0,155,-175,https://www.sportsbookreviewsonline.com/scoresoddsarchives/nba-odds-2016-17
sbr:2016-17:2016-11-18:SAS:LAL,2016-17,2016-11-18,SAS,LAL,116,107,210.0,8.0,-360,300,https://www.sportsbookreviewsonline.com/scoresoddsarchives/nba-odds-2016-17
sbr:2016-17:2016-11-19:BOS:DET,2016-17,2016-11-19,BOS,DET,94,92,199.0,-2.0,110,-130,https://www.sportsbookreviewsonline.com/scoresoddsarchives/nba-odds-2016-17
sbr:2016-17:2016-11-19:CHI:LAC,2016-17,2016-11-19,CHI,LAC,95,102,203.5,-8.0,320,-380,https://www.sportsbookreviewsonline.com/scoresoddsarchives/nba-odds-2016-17
sbr:2016-17:2016-11-19:GSW:MIL,2016-17,2016-11-19,GSW,MIL,124,121,218.0,9.0,-420,350,https://www.sportsbookreviewsonline.com/scoresoddsarchives/nba-odds-2016-17
sbr:2016-17:2016-11-19:MIA:WAS,2016-17,2016-11-19,MIA,WAS,114,111,198.5,-4.5,175,-200,https://www.sportsbookreviewsonline.com/scoresoddsarchives/nba-odds-2016-17
sbr:2016-17:2016-11-19:PHX:PHI,2016-17,2016-11-19,PHX,PHI,105,120,211.0,2.0,-135,115,https://www.sportsbookreviewsonline.com/scoresoddsarchives/nba-odds-2016-17
sbr:2016-17:2016-11-19:UTA:HOU,2016-17,2016-11-19,UTA,HOU,102,111,201.0,-6.5,240,-280,https://www.sportsbookreviewsonline.com/scoresoddsarchives/nba-odds-2016-17
sbr:2016-17:2016-11-20:ATL:NYK,2016-17,2016-11-20,ATL,NYK,94,104,208.5,4.5,-185,165,https://www.sportsbookreviewsonline.com/scoresoddsarchives/nba-odds-2016-17
sbr:2016-17:2016-11-20:POR:BKN,2016-17,2016-11-20,POR,BKN,129,109,219.0,4.5,-180,160,https://www.sportsbookreviewsonline.com/scoresoddsarchives/nba-odds-2016-17
sbr:2016-17:2016-11-20:TOR:SAC,2016-17,2016-11-20,TOR,SAC,99,102,211.5,3.5,-165,145,https://www.sportsbookreviewsonline.com/scoresoddsarchives/nba-odds-2016-17
sbr:2016-17:2016-11-20:UTA:DEN,2016-17,2016-11-20,UTA,DEN,91,105,197.5,-4.0,155,-175,https://www.sportsbookreviewsonline.com/scoresoddsarchives/nba-odds-2016-17
sbr:2016-17:2016-11-21:BOS:MIN,2016-17,2016-11-21,BOS,MIN,99,93,207.5,2.0,-130,110,https://www.sportsbookreviewsonline.com/scoresoddsarchives/nba-odds-2016-17
sbr:2016-17:2016-11-21:DAL:SAS,2016-17,2016-11-21,DAL,SAS,91,96,186.5,-13.5,1000,-2000,https://www.sportsbookreviewsonline.com/scoresoddsarchives/nba-odds-2016-17
sbr:2016-17:2016-11-21:GSW:IND,2016-17,2016-11-21,GSW,IND,120,83,219.0,14.5,-2000,1000,https://www.sportsbookreviewsonline.com/scoresoddsarchives/nba-odds-2016-17
sbr:2016-17:2016-11-21:MEM:CHA,2016-17,2016-11-21,MEM,CHA,105,90,197.5,-5.5,180,-210,https://www.sportsbookreviewsonline.com/scoresoddsarchives/nba-odds-2016-17
sbr:2016-17:2016-11-21:MIA:PHI,2016-17,2016-11-21,MIA,PHI,94,101,201.5,4.0,-175,155,https://www.sportsbookreviewsonline.com/scoresoddsarchives/nba-odds-2016-17
sbr:2016-17:2016-11-21:ORL:MIL,2016-17,2016-11-21,ORL,MIL,89,93,200.5,-7.0,240,-280,https://www.sportsbookreviewsonline.com/scoresoddsarchives/nba-odds-2016-17
sbr:2016-17:2016-11-21:PHX:WAS,2016-17,2016-11-21,PHX,WAS,101,106,220.0,-7.5,270,-330,https://www.sportsbookreviewsonline.com/scoresoddsarchives/nba-odds-2016-17
sbr:2016-17:2016-11-21:TOR:LAC,2016-17,2016-11-21,TOR,LAC,115,123,207.0,-8.5,375,-450,https://www.sportsbookreviewsonline.com/scoresoddsarchives/nba-odds-2016-17
sbr:2016-17:2016-11-22:CHI:DEN,2016-17,2016-11-22,CHI,DEN,107,110,207.5,1.5,-120,100,https://www.sportsbookreviewsonline.com/scoresoddsarchives/nba-odds-2016-17
sbr:2016-17:2016-11-22:NOP:ATL,2016-17,2016-11-22,NOP,ATL,112,94,209.0,-8.5,305,-375,https://www.sportsbookreviewsonline.com/scoresoddsarchives/nba-odds-2016-17
sbr:2016-17:2016-11-22:OKC:LAL,2016-17,2016-11-22,OKC,LAL,109,111,220.5,3.0,-160,140,https://www.sportsbookreviewsonline.com/scoresoddsarchives/nba-odds-2016-17
sbr:2016-17:2016-11-22:POR:NYK,2016-17,2016-11-22,POR,NYK,103,107,217.0,-1.0,-105,-115,https://www.sportsbookreviewsonline.com/scoresoddsarchives/nba-odds-2016-17
sbr:2016-17:2016-11-23:ATL:IND,2016-17,2016-11-23,ATL,IND,96,85,204.5,1.0,-120,100,https://www.sportsbookreviewsonline.com/scoresoddsarchives/nba-odds-2016-17
sbr:2016-17:2016-11-23:BOS:BKN,2016-17,2016-11-23,BOS,BKN,111,92,215.0,7.0,-320,265,https://www.sportsbookreviewsonline.com/scoresoddsarchives/nba-odds-2016-17
sbr:2016-17:2016-11-23:DEN:UTA,2016-17,2016-11-23,DEN,UTA,83,108,199.0,-8.0,300,-360,https://www.sportsbookreviewsonline.com/scoresoddsarchives/nba-odds-2016-17
sbr:2016-17:2016-11-23:LAC:DAL,2016-17,2016-11-23,LAC,DAL,124,104,193.0,10.0,-600,450,https://www.sportsbookreviewsonline.com/scoresoddsarchives/nba-odds-2016-17
sbr:2016-17:2016-11-23:LAL:GSW,2016-17,2016-11-23,LAL,GSW,106,149,230.0,-18.0,2000,-9900,https://www.sportsbookreviewsonline.com/scoresoddsarchives/nba-odds-2016-17
sbr:2016-17:2016-11-23:MIA:DET,2016-17,2016-11-23,MIA,DET,84,107,188.5,-4.5,170,-190,https://www.sportsbookreviewsonline.com/scoresoddsarchives/nba-odds-2016-17
sbr:2016-17:2016-11-23:OKC:SAC,2016-17,2016-11-23,OKC,SAC,101,116,214.0,-2.0,105,-125,https://www.sportsbookreviewsonline.com/scoresoddsarchives/nba-odds-2016-17
sbr:2016-17:2016-11-23:PHX:ORL,2016-17,2016-11-23,PHX,ORL,92,87,209.5,-4.0,150,-170,https://www.sportsbookreviewsonline.com/scoresoddsarchives/nba-odds-2016-17
sbr:2016-17:2016-11-23:POR:CLE,2016-17,2016-11-23,POR,CLE,125,137,219.0,-11.5,650,-1000,https://www.sportsbookreviewsonline.com/scoresoddsarchives/nba-odds-2016-17
sbr:2016-17:2016-11-23:SAS:CHA,2016-17,2016-11-23,SAS,CHA,119,114,201.0,5.5,-230,195,https://www.sportsbookreviewsonline.com/scoresoddsarchives/nba-odds-2016-17
sbr:2016-17:2016-11-23:TOR:HOU,2016-17,2016-11-23,TOR,HOU,115,102,216.5,-4.0,155,-175,https://www.sportsbookreviewsonline.com/scoresoddsarchives/nba-odds-2016-17
sbr:2016-17:2016-11-25:ATL:UTA,2016-17,2016-11-25,ATL,UTA,68,95,195.5,-3.5,140,-160,https://www.sportsbookreviewsonline.com/scoresoddsarchives/nba-odds-2016-17
sbr:2016-17:2016-11-25:BKN:IND,2016-17,2016-11-25,BKN,IND,97,118,213.5,-5.5,190,-220,https://www.sportsbookreviewsonline.com/scoresoddsarchives/nba-odds-2016-17
sbr:2016-17:2016-11-25:CHI:PHI,2016-17,2016-11-25,CHI,PHI,105,89,205.0,9.5,-500,400,https://www.sportsbookreviewsonline.com/scoresoddsarchives/nba-odds-2016-17
sbr:2016-17:2016-11-25:DAL:CLE,2016-17,2016-11-25,DAL,CLE,90,128,201.0,-13.0,800,-1400,https://www.sportsbookreviewsonline.com/scoresoddsarchives/nba-odds-2016-17
sbr:2016-17:2016-11-25:GSW:LAL,2016-17,2016-11-25,GSW,LAL,109,85,230.5,14.0,-1800,950,https://www.sportsbookreviewsonline.com/scoresoddsarchives/nba-odds-2016-17
sbr:2016-17:2016-11-25:HOU:SAC,2016-17,2016-11-25,HOU,SAC,117,104,217.0,3.5,-165,145,https://www.sportsbookreviewsonline.com/scoresoddsarchives/nba-odds-2016-17
sbr:2016-17:2016-11-25:LAC:DET,2016-17,2016-11-25,LAC,DET,97,108,200.0,6.5,-260,220,https://www.sportsbookreviewsonline.com/scoresoddsarchives/nba-odds-2016-17
sbr:2016-17:2016-11-25:MIA:MEM,2016-17,2016-11-25,MIA,MEM,90,81,185.0,-5.0,180,-210,https://www.sportsbookreviewsonline.com/scoresoddsarchives/nba-odds-2016-17
sbr:2016-17:2016-11-25:MIN:PHX,2016-17,2016-11-25,MIN,PHX,98,85,214.5,2.0,-130,110,https://www.sportsbookreviewsonline.com/scoresoddsarchives/nba-odds-2016-17
sbr:2016-17:2016-11-25:NOP:POR,2016-17,2016-11-25,NOP,POR,104,119,217.5,-4.0,145,-165,https://www.sportsbookreviewsonline.com/scoresoddsarchives/nba-odds-2016-17
sbr:2016-17:2016-11-25:SAS:BOS,2016-17,2016-11-25,SAS,BOS,109,103,201.0,4.0,-165,145,https://www.sportsbookreviewsonline.com/scoresoddsarchives/nba-odds-2016-17
sbr:2016-17:2016-11-25:TOR:MIL,2016-17,2016-11-25,TOR,MIL,105,99,207.5,3.5,-155,135,https://www.sportsbookreviewsonline.com/scoresoddsarchives/nba-odds-2016-17
sbr:2016-17:2016-11-25:WAS:ORL,2016-17,2016-11-25,WAS,ORL,94,91,198.5,2.0,-130,110,https://www.sportsbookreviewsonline.com/scoresoddsarchives/nba-odds-2016-17
sbr:2016-17:2016-11-26:DET:OKC,2016-17,2016-11-26,DET,OKC,88,106,203.0,-4.5,160,-180,https://www.sportsbookreviewsonline.com/scoresoddsarchives/nba-odds-2016-17
sbr:2016-17:2016-11-26:MIN:GSW,2016-17,2016-11-26,MIN,GSW,102,115,222.5,-12.5,800,-1400,https://www.sportsbookreviewsonline.com/scoresoddsarchives/nba-odds-2016-17
sbr:2016-17:2016-11-26:NYK:CHA,2016-17,2016-11-26,NYK,CHA,102,107,207.0,-5.5,200,-240,https://www.sportsbookreviewsonline.com/scoresoddsarchives/nba-odds-2016-17
sbr:2016-17:2016-11-26:SAS:WAS,2016-17,2016-11-26,SAS,WAS,112,100,206.0,6.0,-260,220,https://www.sportsbookreviewsonline.com/scoresoddsarchives/nba-odds-2016-17
sbr:2016-17:2016-11-27:ATL:LAL,2016-17,2016-11-27,ATL,LAL,94,109,209.0,6.0,-245,205,https://www.sportsbookreviewsonline.com/scoresoddsarchives/nba-odds-2016-17
sbr:2016-17:2016-11-27:CLE:PHI,2016-17,2016-11-27,CLE,PHI,112,108,209.5,11.0,-900,600,https://www.sportsbookreviewsonline.com/scoresoddsarchives/nba-odds-2016-17
sbr:2016-17:2016-11-27:DEN:PHX,2016-17,2016-11-27,DEN,PHX,120,114,213.0,-2.5,120,-140,https://www.sportsbookreviewsonline.com/scoresoddsarchives/nba-odds-2016-17
sbr:2016-17:2016-11-27:HOU:POR,2016-17,2016-11-27,HOU,POR,130,114,227.0,1.0,-115,-105,https://www.sportsbookreviewsonline.com/scoresoddsarchives/nba-odds-2016-17
sbr:2016-17:2016-11-27:LAC:IND,2016-17,2016-11-27,LAC,IND,70,91,206.0,12.0,-800,575,https://www.sportsbookreviewsonline.com/scoresoddsarchives/nba-odds-2016-17
sbr:2016-17:2016-11-27:NOP:DAL,2016-17,2016-11-27,NOP,DAL,81,91,197.0,5.0,-205,175,https://www.sportsbookreviewsonline.com/scoresoddsarchives/nba-odds-2016-17
sbr:2016-17:2016-11-27:SAC:BKN,2016-17,2016-11-27,SAC,BKN,122,105,219.5,5.0,-205,175,https://www.sportsbookreviewsonline.com/scoresoddsarchives/nba-odds-2016-17
sbr:2016-17:2016-11-28:ATL:GSW,2016-17,2016-11-28,ATL,GSW,100,105,219.0,-13.5,950,-1650,https://www.sportsbookreviewsonline.com/scoresoddsarchives/nba-odds-2016-17
sbr:2016-17:2016-11-28:BOS:MIA,2016-17,2016-11-28,BOS,MIA,112,104,201.5,4.5,-180,160,https://www.sportsbookreviewsonline.com/scoresoddsarchives/nba-odds-2016-17
sbr:2016-17:2016-11-28:PHI:TOR,2016-17,2016-11-28,PHI,TOR,95,122,206.5,-15.0,1000,-2000,https://www.sportsbookreviewsonline.com/scoresoddsarchives/nba-odds-2016-17
sbr:2016-17:2016-11-28:UTA:MIN,2016-17,2016-11-28,UTA,MIN,112,103,193.0,3.0,-150,130,https://www.sportsbookreviewsonline.com/scoresoddsarchives/nba-odds-2016-17
sbr:2016-17:2016-11-29:CLE:MIL,2016-17,2016-11-29,CLE,MIL,101,118,213.5,7.5,-330,270,https://www.sportsbookreviewsonline.com/scoresoddsarchives/nba-odds-2016-17
sbr:2016-17:2016-11-29:DET:CHA,2016-17,2016-11-29,DET,CHA,112,89,199.5,-3.5,145,-165,https://www.sportsbookreviewsonline.com/scoresoddsarchives/nba-odds-2016-17
sbr:2016-17:2016-11-29:LAL:NOP,2016-17,2016-11-29,LAL,NOP,88,105,218.5,-5.5,200,-240,https://www.sportsbookreviewsonline.com/scoresoddsarchives/nba-odds-2016-17
sbr:2016-17:2016-11-29:ORL:SAS,2016-17,2016-11-29,ORL,SAS,95,83,194.5,-12.5,800,-1400,https://www.sportsbookreviewsonline.com/scoresoddsarchives/nba-odds-2016-17
sbr:2016-17:2016-11-30:ATL:PHX,2016-17,2016-11-30,ATL,PHX,107,109,211.0,3.0,-165,145,https://www.sportsbookreviewsonline.com/scoresoddsarchives/nba-odds-2016-17
sbr:2016-17:2016-11-30:DET:BOS,2016-17,2016-11-30,DET,BOS,121,114,201.0,-6.5,215,-265,https://www.sportsbookreviewsonline.com/scoresoddsarchives/nba-odds-2016-17
sbr:2016-17:2016-11-30:IND:POR,2016-17,2016-11-30,IND,POR,109,131,209.0,-7.5,250,-315,https://www.sportsbookreviewsonline.com/scoresoddsarchives/nba-odds-2016-17
sbr:2016-17:2016-11-30:LAL:CHI,2016-17,2016-11-30,LAL,CHI,96,90,209.5,-10.5,465,-615,https://www.sportsbookreviewsonline.com/scoresoddsarchives/nba-odds-2016-17
sbr:2016-17:2016-11-30:MEM:TOR,2016-17,2016-11-30,MEM,TOR,105,120,195.0,-13.5,850,-1450,https://www.sportsbookreviewsonline.com/scoresoddsarchives/nba-odds-2016-17
sbr:2016-17:2016-11-30:MIA:DEN,2016-17,2016-11-30,MIA,DEN,106,98,208.0,-6.5,220,-270,https://www.sportsbookreviewsonline.com/scoresoddsarchives/nba-odds-2016-17
sbr:2016-17:2016-11-30:NYK:MIN,2016-17,2016-11-30,NYK,MIN,106,104,211.5,-3.5,155,-175,https://www.sportsbookreviewsonline.com/scoresoddsarchives/nba-odds-2016-17
sbr:2016-17:2016-11-30:SAS:DAL,2016-17,2016-11-30,SAS,DAL,94,87,186.5,8.5,-425,345,https://www.sportsbookreviewsonline.com/scoresoddsarchives/nba-odds-2016-17
sbr:2016-17:2016-12-01:DAL:CHA,2016-17,2016-12-01,DAL,CHA,87,97,192.5,-12.0,650,-1000,https://www.sportsbookreviewsonline.com/scoresoddsarchives/nba-odds-2016-17
sbr:2016-17:2016-12-01:LAC:CLE,2016-17,2016-12-01,LAC,CLE,113,94,215.0,-3.5,150,-170,https://www.sportsbookreviewsonline.com/scoresoddsarchives/nba-odds-2016-17
sbr:2016-17:2016-12-01:MIA:UTA,2016-17,2016-12-01,MIA,UTA,111,110,186.5,-6.5,230,-270,https://www.sportsbookreviewsonline.com/scoresoddsarchives/nba-odds-2016-17
sbr:2016-17:2016-12-01:MIL:BKN,2016-17,2016-12-01,MIL,BKN,111,93,215.0,5.5,-210,180,https://www.sportsbookreviewsonline.com/scoresoddsarchives/nba-odds-2016-17
sbr:2016-17:2016-12-02:CLE:CHI,2016-17,2016-12-02,CLE,CHI,105,111,209.0,1.5,-120,100,https://www.sportsbookreviewsonline.com/scoresoddsarchives/nba-odds-2016-17
sbr:2016-17:2016-12-02:DET:ATL,2016-17,2016-12-02,DET,ATL,121,85,199.5,-1.5,105,-125,https://www.sportsbookreviewsonline.com/scoresoddsarchives/nba-odds-2016-17
sbr:2016-17:2016-12-02:LAC:NOP,2016-17,2016-12-02,LAC,NOP,114,96,205.5,4.0,-180,160,https://www.sportsbookreviewsonline.com/scoresoddsarchives/nba-odds-2016-17
sbr:2016-17:2016-12-02:LAL:TOR,2016-17,2016-12-02,LAL,TOR,80,113,214.0,-9.5,400,-500,https://www.sportsbookreviewsonline.com/scoresoddsarchives/nba-odds-2016-17
sbr:2016-17:2016-12-02:SAC:BOS,2016-17,2016-12-02,SAC,BOS,92,97,210.5,-6.0,210,-250,https://www.sportsbookreviewsonline.com/scoresoddsarchives/nba-odds-2016-17
sbr:2016-17:2016-12-02:WAS:SAS,2016-17,2016-12-02,WAS,SAS,105,107,204.0,-9.0,375,-450,https://www.sportsbookreviewsonline.com/scoresoddsarchives/nba-odds-2016-17
sbr:2016-17:2016-12-03:ATL:TOR,2016-17,2016-12-03,ATL,TOR,84,128,206.5,-8.5,330,-400,https://www.sportsbookreviewsonline.com/scoresoddsarchives/nba-odds-2016-17
sbr:2016-17:2016-12-03:BKN:MIL,2016-17,2016-12-03,BKN,MIL,103,112,214.5,-10.0,425,-550,https://www.sportsbookreviewsonline.com/scoresoddsarchives/nba-odds-2016-17
sbr:2016-17:2016-12-03:BOS:PHI,2016-17,2016-12-03,BOS,PHI,107,106,207.5,10.0,-550,425,https://www.sportsbookreviewsonline.com/scoresoddsarchives/nba-odds-2016-17
sbr:2016-17:2016-12-03:CHI:DAL,2016-17,2016-12-03,CHI,DAL,82,107,190.5,3.5,-165,145,https://www.sportsbookreviewsonline.com/scoresoddsarchives/nba-odds-2016-17
sbr:2016-17:2016-12-03:DEN:UTA,2016-17,2016-12-03,DEN,UTA,98,105,200.5,-7.5,260,-310,https://www.sportsbookreviewsonline.com/scoresoddsarchives/nba-odds-2016-17
sbr:2016-17:2016-12-03:LAL:MEM,2016-17,2016-12-03,LAL,MEM,100,103,198.0,-2.5,125,-145,https://www.sportsbookreviewsonline.com/scoresoddsarchives/nba-odds-2016-17
sbr:2016-17:2016-12-03:MIA:POR,2016-17,2016-12-03,MIA,POR,92,99,216.0,-6.0,205,-245,https://www.sportsbookreviewsonline.com/scoresoddsarchives/nba-odds-2016-17
sbr:2016-17:2016-12-03:PHX:GSW,2016-17,2016-12-03,PHX,GSW,109,138,228.0,-16.5,1600,-6000,https://www.sportsbookreviewsonline.com/scoresoddsarchives/nba-odds-2016-17
sbr:2016-17:2016-12-04:IND:LAC,2016-17,2016-12-04,IND,LAC,111,102,207.0,-11.5,550,-750,https://www.sportsbookreviewsonline.com/scoresoddsarchives/nba-odds-2016-17
sbr:2016-17:2016-12-04:NOP:OKC,2016-17,2016-12-04,NOP,OKC,92,101,214.5,-6.0,210,-260,https://www.sportsbookreviewsonline.com/scoresoddsarchives/nba-odds-2016-17
sbr:2016-17:2016-12-04:ORL:DET,2016-17,2016-12-04,ORL,DET,98,92,195.5,-7.5,260,-325,https://www.sportsbookreviewsonline.com/scoresoddsarchives/nba-odds-2016-17
sbr:2016-17:2016-12-04:SAC:NYK,2016-17,2016-12-04,SAC,NYK,98,106,209.5,-1.0,-105,-115,https://www.sportsbookreviewsonline.com/scoresoddsarchives/nba-odds-2016-17
sbr:2016-17:2016-12-05:BOS:HOU,2016-17,2016-12-05,BOS,HOU,106,107,218.0,-5.5,190,-220,https://www.sportsbookreviewsonline.com/scoresoddsarchives/nba-odds-2016-17
sbr:2016-17:2016-12-05:CHA:DAL,2016-17,2016-12-05,CHA,DAL,109,101,193.5,3.5,-165,145,https://www.sportsbookreviewsonline.com/scoresoddsarchives/nba-odds-2016-17
sbr:2016-17:2016-12-05:CLE:TOR,2016-17,2016-12-05,CLE,TOR,116,112,214.5,-1.5,105,-125,https://www.sportsbookreviewsonline.com/scoresoddsarchives/nba-odds-2016-17
sbr:2016-17:2016-12-05:DEN:PHI,2016-17,2016-12-05,DEN,PHI,106,98,210.0,3.5,-165,145,https://www.sportsbookreviewsonline.com/scoresoddsarchives/nba-odds-2016-17
sbr:2016-17:2016-12-05:IND:GSW,2016-17,2016-12-05,IND,GSW,106,142,224.0,-15.0,1100,-2100,https://www.sportsbookreviewsonline.com/scoresoddsarchives/nba-odds-2016-17
sbr:2016-17:2016-12-05:OKC:ATL,2016-17,2016-12-05,OKC,ATL,102,99,212.5,-4.0,155,-175,https://www.sportsbookreviewsonline.com/scoresoddsarchives/nba-odds-2016-17
sbr:2016-17:2016-12-05:POR:CHI,2016-17,2016-12-05,POR,CHI,112,110,212.5,-4.0,155,-175,https://www.sportsbookreviewsonline.com/scoresoddsarchives/nba-odds-2016-17
sbr:2016-17:2016-12-05:SAS:MIL,2016-17,2016-12-05,SAS,MIL,97,96,203.0,6.0,-240,200,https://www.sportsbookreviewsonline.com/scoresoddsarchives/nba-odds-2016-17
sbr:2016-17:2016-12-05:UTA:LAL,2016-17,2016-12-05,UTA,LAL,107,101,198.0,4.0,-180,160,https://www.sportsbookreviewsonline.com/scoresoddsarchives/nba-odds-2016-17
sbr:2016-17:2016-12-05:WAS:BKN,2016-17,2016-12-05,WAS,BKN,118,113,218.0,6.5,-275,235,https://www.sportsbookreviewsonline.com/scoresoddsarchives/nba-odds-2016-17
sbr:2016-17:2016-12-06:CHI:DET,2016-17,2016-12-06,CHI,DET,91,102,201.5,-5.5,195,-230,https://www.sportsbookreviewsonline.com/scoresoddsarchives/nba-odds-2016-17
sbr:2016-17:2016-12-06:NYK:MIA,2016-17,2016-12-06,NYK,MIA,114,103,205.5,-1.0,100,-120,https://www.sportsbookreviewsonline.com/scoresoddsarchives/nba-odds-2016-17
sbr:2016-17:2016-12-06:ORL:WAS,2016-17,2016-12-06,ORL,WAS,124,116,200.5,-3.0,130,-150,https://www.sportsbookreviewsonline.com/scoresoddsarchives/nba-odds-2016-17
sbr:2016-17:2016-12-06:PHI:MEM,2016-17,2016-12-06,PHI,MEM,91,96,194.5,-7.0,250,-300,https://www.sportsbookreviewsonline.com/scoresoddsarchives/nba-odds-2016-17
sbr:2016-17:2016-12-06:PHX:UTA,2016-17,2016-12-06,PHX,UTA,105,112,204.0,-7.0,250,-300,https://www.sportsbookreviewsonline.com/scoresoddsarchives/nba-odds-2016-17
sbr:2016-17:2016-12-06:SAS:MIN,2016-17,2016-12-06,SAS,MIN,105,91,205.5,4.0,-180,160,https://www.sportsbookreviewsonline.com/scoresoddsarchives/nba-odds-2016-17
sbr:2016-17:2016-12-07:BOS:ORL,2016-17,2016-12-07,BOS,ORL,117,87,195.5,1.0,-115,-105,https://www.sportsbookreviewsonline.com/scoresoddsarchives/nba-odds-2016-17
sbr:2016-17:2016-12-07:CLE:NYK,2016-17,2016-12-07,CLE,NYK,126,94,213.5,8.0,-380,320,https://www.sportsbookreviewsonline.com/scoresoddsarchives/nba-odds-2016-17
sbr:2016-17:2016-12-07:DEN:BKN,2016-17,2016-12-07,DEN,BKN,111,116,221.5,4.5,-185,165,https://www.sportsbookreviewsonline.com/scoresoddsarchives/nba-odds-2016-17
sbr:2016-17:2016-12-07:DET:CHA,2016-17,2016-12-07,DET,CHA,77,87,202.5,-5.5,190,-220,https://www.sportsbookreviewsonline.com/scoresoddsarchives/nba-odds-2016-17
sbr:2016-17:2016-12-07:GSW:LAC,2016-17,2016-12-07,GSW,LAC,115,98,224.5,4.0,-165,145,https://www.sportsbookreviewsonline.com/scoresoddsarchives/nba-odds-2016-17
sbr:2016-17:2016-12-07:IND:PHX,2016-17,2016-12-07,IND,PHX,109,94,215.0,4.0,-170,150,https://www.sportsbookreviewsonline.com/scoresoddsarchives/nba-odds-2016-17
sbr:2016-17:2016-12-07:LAL:HOU,2016-17,2016-12-07,LAL,HOU,95,134,222.5,-13.5,1000,-2000,https://www.sportsbookreviewsonline.com/scoresoddsarchives/nba-odds-2016-17
sbr:2016-17:2016-12-07:MIA:ATL,2016-17,2016-12-07,MIA,ATL,95,103,203.5,-9.0,375,-450,https://www.sportsbookreviewsonline.com/scoresoddsarchives/nba-odds-2016-17
sbr:2016-17:2016-12-07:POR:MIL,2016-17,2016-12-07,POR,MIL,107,115,214.5,-1.5,105,-125,https://www.sportsbookreviewsonline.com/scoresoddsarchives/nba-odds-2016-17
sbr:2016-17:2016-12-07:SAC:DAL,2016-17,2016-12-07,SAC,DAL,120,89,196.0,3.0,-150,130,https://www.sportsbookreviewsonline.com/scoresoddsarchives/nba-odds-2016-17
sbr:2016-17:2016-12-08:DEN:WAS,2016-17,2016-12-08,DEN,WAS,85,92,217.5,-5.5,195,-230,https://www.sportsbookreviewsonline.com/scoresoddsarchives/nba-odds-2016-17
sbr:2016-17:2016-12-08:GSW:UTA,2016-17,2016-12-08,GSW,UTA,106,99,208.0,11.0,-800,550,https://www.sportsbookreviewsonline.com/scoresoddsarchives/nba-odds-2016-17
sbr:2016-17:2016-12-08:MIN:TOR,2016-17,2016-12-08,MIN,TOR,110,124,214.0,-9.5,400,-500,https://www.sportsbookreviewsonline.com/scoresoddsarchives/nba-odds-2016-17
sbr:2016-17:2016-12-08:PHI:NOP,2016-17,2016-12-08,PHI,NOP,99,88,205.0,-6.0,205,-245,https://www.sportsbookreviewsonline.com/scoresoddsarchives/nba-odds-2016-17
sbr:2016-17:2016-12-08:SAS:CHI,2016-17,2016-12-08,SAS,CHI,91,95,200.5,3.5,-160,140,https://www.sportsbookreviewsonline.com/scoresoddsarchives/nba-odds-2016-17
sbr:2016-17:2016-12-09:ATL:MIL,2016-17,2016-12-09,ATL,MIL,114,110,205.5,-3.0,135,-155,https://www.sportsbookreviewsonline.com/scoresoddsarchives/nba-odds-2016-17
sbr:2016-17:2016-12-09:DET:MIN,2016-17,2016-12-09,DET,MIN,117,90,202.5,3.0,-155,135,https://www.sportsbookreviewsonline.com/scoresoddsarchives/nba-odds-2016-17
sbr:2016-17:2016-12-09:IND:DAL,2016-17,2016-12-09,IND,DAL,103,111,199.5,3.5,-165,145,https://www.sportsbookreviewsonline.com/scoresoddsarchives/nba-odds-2016-17
sbr:2016-17:2016-12-09:MIA:CLE,2016-17,2016-12-09,MIA,CLE,84,114,208.0,-12.0,600,-900,https://www.sportsbookreviewsonline.com/scoresoddsarchives/nba-odds-2016-17
sbr:2016-17:2016-12-09:NYK:SAC,2016-17,2016-12-09,NYK,SAC,103,100,210.0,-5.5,190,-220,https://www.sportsbookreviewsonline.com/scoresoddsarchives/nba-odds-2016-17
sbr:2016-17:2016-12-09:ORL:CHA,2016-17,2016-12-09,ORL,CHA,88,109,203.5,-6.5,240,-280,https://www.sportsbookreviewsonline.com/scoresoddsarchives/nba-odds-2016-17
sbr:2016-17:2016-12-09:PHX:LAL,2016-17,2016-12-09,PHX,LAL,119,115,221.5,-1.5,105,-125,https://www.sportsbookreviewsonline.com/scoresoddsarchives/nba-odds-2016-17
sbr:2016-17:2016-12-09:TOR:BOS,2016-17,2016-12-09,TOR,BOS,101,94,207.5,-2.5,120,-140,https://www.sportsbookreviewsonline.com/scoresoddsarchives/nba-odds-2016-17
sbr:2016-17:2016-12-10:BKN:SAS,2016-17,2016-12-10,BKN,SAS,101,130,211.5,-16.0,1050,-2650,https://www.sportsbookreviewsonline.com/scoresoddsarchives/nba-odds-2016-17
sbr:2016-17:2016-12-10:CHA:CLE,2016-17,2016-12-10,CHA,CLE,105,116,214.5,-8.0,285,-350,https://www.sportsbookreviewsonline.com/scoresoddsarchives/nba-odds-2016-17
sbr:2016-17:2016-12-10:DAL:HOU,2016-17,2016-12-10,DAL,HOU,87,109,208.0,-12.0,700,-1000,https://www.sportsbookreviewsonline.com/scoresoddsarchives/nba-odds-2016-17
sbr:2016-17:2016-12-10:DEN:ORL,2016-17,2016-12-10,DEN,ORL,121,113,205.5,2.0,-125,105,https://www.sportsbookreviewsonline.com/scoresoddsarchives/nba-odds-2016-17
sbr:2016-17:2016-12-10:GSW:MEM,2016-17,2016-12-10,GSW,MEM,89,110,211.5,13.0,-1300,800,https://www.sportsbookreviewsonline.com/scoresoddsarchives/nba-odds-2016-17
sbr:2016-17:2016-12-10:MIA:CHI,2016-17,2016-12-10,MIA,CHI,100,105,201.0,-9.5,380,-475,https://www.sportsbookreviewsonline.com/scoresoddsarchives/nba-odds-2016-17
sbr:2016-17:2016-12-10:MIL:WAS,2016-17,2016-12-10,MIL,WAS,105,110,209.5,-4.5,160,-180,https://www.sportsbookreviewsonline.com/scoresoddsarchives/nba-odds-2016-17
sbr:2016-17:2016-12-10:NOP:LAC,2016-17,2016-12-10,NOP,LAC,105,133,200.0,-15.5,1000,-2000,https://www.sportsbookreviewsonline.com/scoresoddsarchives/nba-odds-2016-17
sbr:2016-17:2016-12-10:SAC:UTA,2016-17,2016-12-10,SAC,UTA,84,104,196.5,-6.0,210,-260,https://www.sportsbookreviewsonline.com/scoresoddsarchives/nba-odds-2016-17
sbr:2016-17:2016-12-11:BOS:OKC,2016-17,2016-12-11,BOS,OKC,96,99,207.5,-3.0,135,-155,https://www.sportsbookreviewsonline.com/scoresoddsarchives/nba-odds-2016-17
sbr:2016-17:2016-12-11:GSW:MIN,2016-17,2016-12-11,GSW,MIN,116,108,226.5,10.0,-520,400,https://www.sportsbookreviewsonline.com/scoresoddsarchives/nba-odds-2016-17
sbr:2016-17:2016-12-11:NYK:LAL,2016-17,2016-12-11,NYK,LAL,118,112,217.0,2.5,-140,120,https://www.sportsbookreviewsonline.com/scoresoddsarchives/nba-odds-2016-17
sbr:2016-17:2016-12-11:PHI:DET,2016-17,2016-12-11,PHI,DET,97,79,198.0,-12.0,700,-1000,https://www.sportsbookreviewsonline.com/scoresoddsarchives/nba-odds-2016-17
sbr:2016-17:2016-12-12:BKN:HOU,2016-17,2016-12-12,BKN,HOU,118,122,229.5,-13.5,750,-1200,https://www.sportsbookreviewsonline.com/scoresoddsarchives/nba-odds-2016-17
sbr:2016-17:2016-12-12:CHA:IND,2016-17,2016-12-12,CHA,IND,94,110,208.5,0.0,-110,-110,https://www.sportsbookreviewsonline.com/scoresoddsarchives/nba-odds-2016-17
sbr:2016-17:2016-12-12:DEN:DAL,2016-17,2016-12-12,DEN,DAL,92,112,203.5,3.0,-155,135,https://www.sportsbookreviewsonline.com/scoresoddsarchives/nba-odds-2016-17
sbr:2016-17:2016-12-12:LAL:SAC,2016-17,2016-12-12,LAL,SAC,92,116,217.0,-8.5,330,-400,https://www.sportsbookreviewsonline.com/scoresoddsarchives/nba-odds-2016-17
sbr:2016-17:2016-12-12:MIL:TOR,2016-17,2016-12-12,MIL,TOR,100,122,213.0,-8.0,300,-360,https://www.sportsbookreviewsonline.com/scoresoddsarchives/nba-odds-2016-17
sbr:2016-17:2016-12-12:POR:LAC,2016-17,2016-12-12,POR,LAC,120,121,219.0,-10.0,425,-550,https://www.sportsbookreviewsonline.com/scoresoddsarchives/nba-odds-2016-17
sbr:2016-17:2016-12-13:GSW:NOP,2016-17,2016-12-13,GSW,NOP,113,109,225.5,11.5,-800,550,https://www.sportsbookreviewsonline.com/scoresoddsarchives/nba-odds-2016-17
sbr:2016-17:2016-12-13:MEM:CLE,2016-17,2016-12-13,MEM,CLE,86,103,201.0,-14.5,900,-1600,https://www.sportsbookreviewsonline.com/scoresoddsarchives/nba-odds-2016-17
sbr:2016-17:2016-12-13:MIN:CHI,2016-17,2016-12-13,MIN,CHI,99,94,207.5,-5.5,190,-220,https://www.sportsbookreviewsonline.com/scoresoddsarchives/nba-odds-2016-17
sbr:2016-17:2016-12-13:ORL:ATL,2016-17,2016-12-13,ORL,ATL,131,120,201.5,-8.5,320,-380,https://www.sportsbookreviewsonline.com/scoresoddsarchives/nba-odds-2016-17
sbr:2016-17:2016-12-14:BOS:SAS,2016-17,2016-12-14,BOS,SAS,101,108,196.0,-6.0,220,-260,https://www.sportsbookreviewsonline.com/scoresoddsarchives/nba-odds-2016-17
sbr:2016-17:2016-12-14:DET:DAL,2016-17,2016-12-14,DET,DAL,95,85,190.5,5.0,-220,190,https://www.sportsbookreviewsonline.com/scoresoddsarchives/nba-odds-2016-17
sbr:2016-17:2016-12-14:LAC:ORL,2016-17,2016-12-14,LAC,ORL,113,108,210.5,8.5,-420,350,https://www.sportsbookreviewsonline.com/scoresoddsarchives/nba-odds-2016-17
sbr:2016-17:2016-12-14:OKC:UTA,2016-17,2016-12-14,OKC,UTA,89,109,199.0,-7.5,280,-340,https://www.sportsbookreviewsonline.com/scoresoddsarchives/nba-odds-2016-17
sbr:2016-17:2016-12-14:SAC:HOU,2016-17,2016-12-14,SAC,HOU,98,132,213.0,-13.5,800,-1400,https://www.sportsbookreviewsonline.com/scoresoddsarchives/nba-odds-2016-17
sbr:2016-17:2016-12-14:TOR:PHI,2016-17,2016-12-14,TOR,PHI,123,114,205.0,8.0,-380,320,https://www.sportsbookreviewsonline.com/scoresoddsarchives/nba-odds-2016-17
sbr:2016-17:2016-12-15:IND:NOP,2016-17,2016-12-15,IND,NOP,95,102,208.5,-3.0,139,-159,https://www.sportsbookreviewsonline.com/scoresoddsarchives/nba-odds-2016-17
sbr:2016-17:2016-12-15:NYK:GSW,2016-17,2016-12-15,NYK,GSW,90,103,222.0,-17.5,1700,-5500,https://www.sportsbookreviewsonline.com/scoresoddsarchives/nba-odds-2016-17
sbr:2016-17:2016-12-15:POR:DEN,2016-17,2016-12-15,POR,DEN,120,132,221.5,-2.5,125,-145,https://www.sportsbookreviewsonline.com/scoresoddsarchives/nba-odds-2016-17
sbr:2016-17:2016-12-15:SAS:PHX,2016-17,2016-12-15,SAS,PHX,107,92,211.5,8.0,-355,290,https://www.sportsbookreviewsonline.com/scoresoddsarchives/nba-odds-2016-17
sbr:2016-17:2016-12-16:ATL:TOR,2016-17,2016-12-16,ATL,TOR,125,121,214.0,-7.0,245,-290,https://www.sportsbookreviewsonline.com/scoresoddsarchives/nba-odds-2016-17
sbr:2016-17:2016-12-16:BKN:ORL,2016-17,2016-12-16,BKN,ORL,111,118,217.5,-6.5,240,-280,https://www.sportsbookreviewsonline.com/scoresoddsarchives/nba-odds-2016-17
sbr:2016-17:2016-12-16:CHA:BOS,2016-17,2016-12-16,CHA,BOS,88,96,207.5,-6.0,210,-250,https://www.sportsbookreviewsonline.com/scoresoddsarchives/nba-odds-2016-17
sbr:2016-17:2016-12-16:DAL:UTA,2016-17,2016-12-16,DAL,UTA,100,103,185.5,-11.0,550,-800,https://www.sportsbookreviewsonline.com/scoresoddsarchives/nba-odds-2016-17
sbr:2016-17:2016-12-16:LAC:MIA,2016-17,2016-12-16,LAC,MIA,102,98,206.5,8.0,-400,330,https://www.sportsbookreviewsonline.com/scoresoddsarchives/nba-odds-2016-17
sbr:2016-17:2016-12-16:LAL:PHI,2016-17,2016-12-16,LAL,PHI,100,89,211.0,-1.0,100,-120,https://www.sportsbookreviewsonline.com/scoresoddsarchives/nba-odds-2016-17
sbr:2016-17:2016-12-16:MIL:CHI,2016-17,2016-12-16,MIL,CHI,95,69,204.0,-5.5,190,-220,https://www.sportsbookreviewsonline.com/scoresoddsarchives/nba-odds-2016-17
sbr:2016-17:2016-12-16:NOP:HOU,2016-17,2016-12-16,NOP,HOU,100,122,224.5,-12.0,600,-900,https://www.sportsbookreviewsonline.com/scoresoddsarchives/nba-odds-2016-17
sbr:2016-17:2016-12-16:SAC:MEM,2016-17,2016-12-16,SAC,MEM,96,92,193.0,-5.0,180,-210,https://www.sportsbookreviewsonline.com/scoresoddsarchives/nba-odds-2016-17
sbr:2016-17:2016-12-17:CHA:ATL,2016-17,2016-12-17,CHA,ATL,107,99,208.5,-2.5,120,-140,https://www.sportsbookreviewsonline.com/scoresoddsarchives/nba-odds-2016-17
sbr:2016-17:2016-12-17:IND:DET,2016-17,2016-12-17,IND,DET,105,90,200.5,-4.5,170,-190,https://www.sportsbookreviewsonline.com/scoresoddsarchives/nba-odds-2016-17
sbr:2016-17:2016-12-17:LAL:CLE,2016-17,2016-12-17,LAL,CLE,108,119,219.5,-15.5,1400,-4000,https://www.sportsbookreviewsonline.com/scoresoddsarchives/nba-odds-2016-17
sbr:2016-17:2016-12-17:NYK:DEN,2016-17,2016-12-17,NYK,DEN,114,127,215.0,-4.0,150,-170,https://www.sportsbookreviewsonline.com/scoresoddsarchives/nba-odds-2016-17
sbr:2016-17:2016-12-17:PHX:OKC,2016-17,2016-12-17,PHX,OKC,101,114,215.5,-6.5,240,-280,https://www.sportsbookreviewsonline.com/scoresoddsarchives/nba-odds-2016-17
sbr:2016-17:2016-12-17:POR:GSW,2016-17,2016-12-17,POR,GSW,90,135,234.0,-14.0,900,-1600,https://www.sportsbookreviewsonline.com/scoresoddsarchives/nba-odds-2016-17
sbr:2016-17:2016-12-18:BKN:PHI,2016-17,2016-12-18,BKN,PHI,107,108,216.0,-1.0,100,-120,https://www.sportsbookreviewsonline.com/scoresoddsarchives/nba-odds-2016-17
sbr:2016-17:2016-12-18:BOS:MIA,2016-17,2016-12-18,BOS,MIA,105,95,202.5,4.0,-170,150,https://www.sportsbookreviewsonline.com/scoresoddsarchives/nba-odds-2016-17
sbr:2016-17:2016-12-18:LAC:WAS,2016-17,2016-12-18,LAC,WAS,110,117,213.0,5.5,-215,185,https://www.sportsbookreviewsonline.com/scoresoddsarchives/nba-odds-2016-17
sbr:2016-17:2016-12-18:NOP:SAS,2016-17,2016-12-18,NOP,SAS,100,113,208.0,-12.0,600,-900,https://www.sportsbookreviewsonline.com/scoresoddsarchives/nba-odds-2016-17
sbr:2016-17:2016-12-18:SAC:DAL,2016-17,2016-12-18,SAC,DAL,79,99,193.5,0.0,-115,-105,https://www.sportsbookreviewsonline.com/scoresoddsarchives/nba-odds-2016-17
sbr:2016-17:2016-12-18:TOR:ORL,2016-17,2016-12-18,TOR,ORL,109,79,212.0,5.5,-230,190,https://www.sportsbookreviewsonline.com/scoresoddsarchives/nba-odds-2016-17
sbr:2016-17:2016-12-18:UTA:MEM,2016-17,2016-12-18,UTA,MEM,82,73,185.5,1.0,-115,-105,https://www.sportsbookreviewsonline.com/scoresoddsarchives/nba-odds-2016-17
sbr:2016-17:2016-12-19:ATL:OKC,2016-17,2016-12-19,ATL,OKC,110,108,211.5,-3.0,135,-155,https://www.sportsbookreviewsonline.com/scoresoddsarchives/nba-odds-2016-17
sbr:2016-17:2016-12-19:DAL:DEN,2016-17,2016-12-19,DAL,DEN,107,117,207.5,-8.0,300,-365,https://www.sportsbookreviewsonline.com/scoresoddsarchives/nba-odds-2016-17
sbr:2016-17:2016-12-19:DET:CHI,2016-17,2016-12-19,DET,CHI,82,113,196.5,-2.0,115,-135,https://www.sportsbookreviewsonline.com/scoresoddsarchives/nba-odds-2016-17
sbr:2016-17:2016-12-19:PHX:MIN,2016-17,2016-12-19,PHX,MIN,108,115,212.5,-6.0,210,-260,https://www.sportsbookreviewsonline.com/scoresoddsarchives/nba-odds-2016-17
sbr:2016-17:2016-12-19:WAS:IND,2016-17,2016-12-19,WAS,IND,105,107,211.0,-5.0,175,-205,https://www.sportsbookreviewsonline.com/scoresoddsarchives/nba-odds-2016-17
sbr:2016-17:2016-12-20:BKN:TOR,2016-17,2016-12-20,BKN,TOR,104,116,224.0,-15.5,1100,-2500,https://www.sportsbookreviewsonline.com/scoresoddsarchives/nba-odds-2016-17
sbr:2016-17:2016-12-20:DEN:LAC,2016-17,2016-12-20,DEN,LAC,102,119,218.0,-8.0,300,-360,https://www.sportsbookreviewsonline.com/scoresoddsarchives/nba-odds-2016-17
sbr:2016-17:2016-12-20:IND:NYK,2016-17,2016-12-20,IND,NYK,111,118,210.5,-4.5,170,-190,https://www.sportsbookreviewsonline.com/scoresoddsarchives/nba-odds-2016-17
sbr:2016-17:2016-12-20:LAL:CHA,2016-17,2016-12-20,LAL,CHA,113,117,212.5,-9.0,375,-450,https://www.sportsbookreviewsonline.com/scoresoddsarchives/nba-odds-2016-17
sbr:2016-17:2016-12-20:NOP:PHI,2016-17,2016-12-20,NOP,PHI,108,93,205.5,3.5,-155,135,https://www.sportsbookreviewsonline.com/scoresoddsarchives/nba-odds-2016-17
sbr:2016-17:2016-12-20:SAS:HOU,2016-17,2016-12-20,SAS,HOU,102,100,214.0,0.0,-110,-110,https://www.sportsbookreviewsonline.com/scoresoddsarchives/nba-odds-2016-17
sbr:2016-17:2016-12-20:UTA:GSW,2016-17,2016-12-20,UTA,GSW,74,104,210.5,-12.5,750,-1200,https://www.sportsbookreviewsonline.com/scoresoddsarchives/nba-odds-2016-17
sbr:2016-17:2016-12-21:DAL:POR,2016-17,2016-12-21,DAL,POR,96,95,210.0,-6.0,205,-245,https://www.sportsbookreviewsonline.com/scoresoddsarchives/nba-odds-2016-17
sbr:2016-17:2016-12-21:HOU:PHX,2016-17,2016-12-21,HOU,PHX,125,111,228.0,6.0,-245,205,https://www.sportsbookreviewsonline.com/scoresoddsarchives/nba-odds-2016-17
sbr:2016-17:2016-12-21:MEM:DET,2016-17,2016-12-21,MEM,DET,98,86,189.0,-6.0,215,-265,https://www.sportsbookreviewsonline.com/scoresoddsarchives/nba-odds-2016-17
sbr:2016-17:2016-12-21:MIL:CLE,2016-17,2016-12-21,MIL,CLE,102,113,207.5,-7.0,255,-320,https://www.sportsbookreviewsonline.com/scoresoddsarchives/nba-odds-2016-17
sbr:2016-17:2016-12-21:MIN:ATL,2016-17,2016-12-21,MIN,ATL,92,84,216.0,-4.0,155,-175,https://www.sportsbookreviewsonline.com/scoresoddsarchives/nba-odds-2016-17
sbr:2016-17:2016-12-21:OKC:NOP,2016-17,2016-12-21,OKC,NOP,121,110,209.0,1.5,-125,105,https://www.sportsbookreviewsonline.com/scoresoddsarchives/nba-odds-2016-17
sbr:2016-17:2016-12-21:SAC:UTA,2016-17,2016-12-21,SAC,UTA,94,93,194.0,-8.0,295,-360,https://www.sportsbookreviewsonline.com/scoresoddsarchives/nba-odds-2016-17
sbr:2016-17:2016-12-21:WAS:CHI,2016-17,2016-12-21,WAS,CHI,107,97,209.5,-4.0,160,-180,https://www.sportsbookreviewsonline.com/scoresoddsarchives/nba-odds-2016-17
sbr:2016-17:2016-12-22:BOS:IND,2016-17,2016-12-22,BOS,IND,109,102,209.5,1.0,-120,100,https://www.sportsbookreviewsonline.com/scoresoddsarchives/nba-odds-2016-17
sbr:2016-17:2016-12-22:GSW:BKN,2016-17,2016-12-22,GSW,BKN,117,101,231.0,13.0,-1600,900,https://www.sportsbookreviewsonline.com/scoresoddsarchives/nba-odds-2016-17
sbr:2016-17:2016-12-22:LAL:MIA,2016-17,2016-12-22,LAL,MIA,107,115,211.5,-6.0,210,-250,https://www.sportsbookreviewsonline.com/scoresoddsarchives/nba-odds-2016-17
sbr:2016-17:2016-12-22:ORL:NYK,2016-17,2016-12-22,ORL,NYK,95,106,211.0,-4.0,160,-180,https://www.sportsbookreviewsonline.com/scoresoddsarchives/nba-odds-2016-17
sbr:2016-17:2016-12-23:ATL:DEN,2016-17,2016-12-23,ATL,DEN,109,108,217.0,-6.0,210,-260,https://www.sportsbookreviewsonline.com/scoresoddsarchives/nba-odds-2016-17
sbr:2016-17:2016-12-23:BKN:CLE,2016-17,2016-12-23,BKN,CLE,99,119,225.5,-16.5,1400,-4000,https://www.sportsbookreviewsonline.com/scoresoddsarchives/nba-odds-2016-17
sbr:2016-17:2016-12-23:CHI:CHA,2016-17,2016-12-23,CHI,CHA,91,103,205.0,-4.0,160,-180,https://www.sportsbookreviewsonline.com/scoresoddsarchives/nba-odds-2016-17
sbr:2016-17:2016-12-23:DAL:LAC,2016-17,2016-12-23,DAL,LAC,90,88,195.0,-3.5,150,-170,https://www.sportsbookreviewsonline.com/scoresoddsarchives/nba-odds-2016-17
sbr:2016-17:2016-12-23:GSW:DET,2016-17,2016-12-23,GSW,DET,119,113,214.5,7.5,-345,280,https://www.sportsbookreviewsonline.com/scoresoddsarchives/nba-odds-2016-17
sbr:2016-17:2016-12-23:HOU:MEM,2016-17,2016-12-23,HOU,MEM,109,115,205.5,3.5,-160,140,https://www.sportsbookreviewsonline.com/scoresoddsarchives/nba-odds-2016-17
sbr:2016-17:2016-12-23:LAL:ORL,2016-17,2016-12-23,LAL,ORL,90,109,209.5,-4.5,180,-210,https://www.sportsbookreviewsonline.com/scoresoddsarchives/nba-odds-2016-17
sbr:2016-17:2016-12-23:MIA:NOP,2016-17,2016-12-23,MIA,NOP,87,91,206.0,-4.5,165,-185,https://www.sportsbookreviewsonline.com/scoresoddsarchives/nba-odds-2016-17
sbr:2016-17:2016-12-23:OKC:BOS,2016-17,2016-12-23,OKC,BOS,117,112,211.5,-5.5,190,-230,https://www.sportsbookreviewsonline.com/scoresoddsarchives/nba-odds-2016-17
sbr:2016-17:2016-12-23:PHI:PHX,2016-17,2016-12-23,PHI,PHX,116,123,213.0,-6.0,210,-260,https://www.sportsbookreviewsonline.com/scoresoddsarchives/nba-odds-2016-17
sbr:2016-17:2016-12-23:SAC:MIN,2016-17,2016-12-23,SAC,MIN,109,105,206.5,-4.5,175,-205,https://www.sportsbookreviewsonline.com/scoresoddsarchives/nba-odds-2016-17
sbr:2016-17:2016-12-23:SAS:POR,2016-17,2016-12-23,SAS,POR,110,90,211.5,2.0,-125,105,https://www.sportsbookreviewsonline.com/scoresoddsarchives/nba-odds-2016-17
sbr:2016-17:2016-12-23:WAS:MIL,2016-17,2016-12-23,WAS,MIL,96,123,214.5,-3.0,130,-150,https://www.sportsbookreviewsonline.com/scoresoddsarchives/nba-odds-2016-17
sbr:2016-17:2016-12-25:BOS:NYK,2016-17,2016-12-25,BOS,NYK,119,114,209.5,1.0,-116,-104,https://www.sportsbookreviewsonline.com/scoresoddsarchives/nba-odds-2016-17
sbr:2016-17:2016-12-25:CHI:SAS,2016-17,2016-12-25,CHI,SAS,100,119,199.0,-9.0,370,-465,https://www.sportsbookreviewsonline.com/scoresoddsarchives/nba-odds-2016-17
sbr:2016-17:2016-12-25:GSW:CLE,2016-17,2016-12-25,GSW,CLE,108,109,219.5,3.5,-155,135,https://www.sportsbookreviewsonline.com/scoresoddsarchives/nba-odds-2016-17
sbr:2016-17:2016-12-25:LAC:LAL,2016-17,2016-12-25,LAC,LAL,102,111,209.5,2.5,-140,120,https://www.sportsbookreviewsonline.com/scoresoddsarchives/nba-odds-2016-17
sbr:2016-17:2016-12-25:MIN:OKC,2016-17,2016-12-25,MIN,OKC,100,112,212.0,-3.5,155,-175,https://www.sportsbookreviewsonline.com/scoresoddsarchives/nba-odds-2016-17
sbr:2016-17:2016-12-26:CHA:BKN,2016-17,2016-12-26,CHA,BKN,118,120,217.0,6.5,-275,235,https://www.sportsbookreviewsonline.com/scoresoddsarchives/nba-odds-2016-17
sbr:2016-17:2016-12-26:DAL:NOP,2016-17,2016-12-26,DAL,NOP,104,111,199.5,-4.5,165,-185,https://www.sportsbookreviewsonline.com/scoresoddsarchives/nba-odds-2016-17
sbr:2016-17:2016-12-26:DEN:LAC,2016-17,2016-12-26,DEN,LAC,106,102,209.5,4.5,-185,165,https://www.sportsbookreviewsonline.com/scoresoddsarchives/nba-odds-2016-17
sbr:2016-17:2016-12-26:IND:CHI,2016-17,2016-12-26,IND,CHI,85,90,206.5,-2.0,110,-130,https://www.sportsbookreviewsonline.com/scoresoddsarchives/nba-odds-2016-17
sbr:2016-17:2016-12-26:MEM:ORL,2016-17,2016-12-26,MEM,ORL,102,112,193.0,3.0,-155,135,https://www.sportsbookreviewsonline.com/scoresoddsarchives/nba-odds-2016-17
sbr:2016-17:2016-12-26:MIL:WAS,2016-17,2016-12-26,MIL,WAS,102,107,213.5,-3.5,140,-160,https://www.sportsbookreviewsonline.com/scoresoddsarchives/nba-odds-2016-17
sbr:2016-17:2016-12-26:PHI:SAC,2016-17,2016-12-26,PHI,SAC,100,102,204.0,-8.0,305,-365,https://www.sportsbookreviewsonline.com/scoresoddsarchives/nba-odds-2016-17
sbr:2016-17:2016-12-26:PHX:HOU,2016-17,2016-12-26,PHX,HOU,115,131,230.5,-13.0,700,-1100,https://www.sportsbookreviewsonline.com/scoresoddsarchives/nba-odds-2016-17
sbr:2016-17:2016-12-26:TOR:POR,2016-17,2016-12-26,TOR,POR,95,91,215.5,8.0,-350,290,https://www.sportsbookreviewsonline.com/scoresoddsarchives/nba-odds-2016-17
sbr:2016-17:2016-12-27:HOU:DAL,2016-17,2016-12-27,HOU,DAL,123,107,209.0,4.5,-185,165,https://www.sportsbookreviewsonline.com/scoresoddsarchives/nba-odds-2016-17
sbr:2016-17:2016-12-27:MEM:BOS,2016-17,2016-12-27,MEM,BOS,103,113,198.0,-7.5,280,-345,https://www.sportsbookreviewsonline.com/scoresoddsarchives/nba-odds-2016-17
sbr:2016-17:2016-12-27:OKC:MIA,2016-17,2016-12-27,OKC,MIA,106,94,203.5,4.5,-180,160,https://www.sportsbookreviewsonline.com/scoresoddsarchives/nba-odds-2016-17
sbr:2016-17:2016-12-27:UTA:LAL,2016-17,2016-12-27,UTA,LAL,102,100,204.0,5.5,-215,185,https://www.sportsbookreviewsonline.com/scoresoddsarchives/nba-odds-2016-17
sbr:2016-17:2016-12-28:BKN:CHI,2016-17,2016-12-28,BKN,CHI,99,101,213.5,-9.5,425,-550,https://www.sportsbookreviewsonline.com/scoresoddsarchives/nba-odds-2016-17
sbr:2016-17:2016-12-28:CHA:ORL,2016-17,2016-12-28,CHA,ORL,120,101,204.5,4.5,-185,165,https://www.sportsbookreviewsonline.com/scoresoddsarchives/nba-odds-2016-17
sbr:2016-17:2016-12-28:IND:WAS,2016-17,2016-12-28,IND,WAS,105,111,214.5,-4.0,160,-180,https://www.sportsbookreviewsonline.com/scoresoddsarchives/nba-odds-2016-17
sbr:2016-17:2016-12-28:MIL:DET,2016-17,2016-12-28,MIL,DET,119,94,203.0,-3.0,135,-155,https://www.sportsbookreviewsonline.com/scoresoddsarchives/nba-odds-2016-17
sbr:2016-17:2016-12-28:MIN:DEN,2016-17,2016-12-28,MIN,DEN,103,105,217.0,-4.0,150,-170,https://www.sportsbookreviewsonline.com/scoresoddsarchives/nba-odds-2016-17
sbr:2016-17:2016-12-28:PHX:SAS,2016-17,2016-12-28,PHX,SAS,98,119,214.0,-11.5,600,-900,https://www.sportsbookreviewsonline.com/scoresoddsarchives/nba-odds-2016-17
sbr:2016-17:2016-12-28:TOR:GSW,2016-17,2016-12-28,TOR,GSW,111,121,227.5,-9.5,425,-550,https://www.sportsbookreviewsonline.com/scoresoddsarchives/nba-odds-2016-17
sbr:2016-17:2016-12-29:BOS:CLE,2016-17,2016-12-29,BOS,CLE,118,124,216.5,-6.0,210,-250,https://www.sportsbookreviewsonline.com/scoresoddsarchives/nba-odds-2016-17
sbr:2016-17:2016-12-29:DAL:LAL,2016-17,2016-12-29,DAL,LAL,101,89,205.0,-4.0,155,-175,https://www.sportsbookreviewsonline.com/scoresoddsarchives/nba-odds-2016-17
sbr:2016-17:2016-12-29:MIA:CHA,2016-17,2016-12-29,MIA,CHA,82,91,204.5,-6.0,210,-250,https://www.sportsbookreviewsonline.com/scoresoddsarchives/nba-odds-2016-17
sbr:2016-17:2016-12-29:OKC:MEM,2016-17,2016-12-29,OKC,MEM,80,114,197.5,-1.0,100,-120,https://www.sportsbookreviewsonline.com/scoresoddsarchives/nba-odds-2016-17
sbr:2016-17:2016-12-29:PHI:UTA,2016-17,2016-12-29,PHI,UTA,83,100,196.5,-14.0,1000,-2000,https://www.sportsbookreviewsonline.com/scoresoddsarchives/nba-odds-2016-17
sbr:2016-17:2016-12-29:TOR:PHX,2016-17,2016-12-29,TOR,PHX,91,99,223.0,8.5,-420,350,https://www.sportsbookreviewsonline.com/scoresoddsarchives/nba-odds-2016-17
sbr:2016-17:2016-12-30:BKN:WAS,2016-17,2016-12-30,BKN,WAS,95,118,219.5,-7.5,270,-330,https://www.sportsbookreviewsonline.com/scoresoddsarchives/nba-odds-2016-17
sbr:2016-17:2016-12-30:CHI:IND,2016-17,2016-12-30,CHI,IND,101,111,202.5,-4.0,150,-170,https://www.sportsbookreviewsonline.com/scoresoddsarchives/nba-odds-2016-17
sbr:2016-17:2016-12-30:DAL:GSW,2016-17,2016-12-30,DAL,GSW,99,108,215.0,-18.0,1800,-8000,https://www.sportsbookreviewsonline.com/scoresoddsarchives/nba-odds-2016-17
sbr:2016-17:2016-12-30:DET:ATL,2016-17,2016-12-30,DET,ATL,98,105,199.5,-2.5,125,-145,https://www.sportsbookreviewsonline.com/scoresoddsarchives/nba-odds-2016-17
sbr:2016-17:2016-12-30:LAC:HOU,2016-17,2016-12-30,LAC,HOU,116,140,217.0,-10.5,475,-650,https://www.sportsbookreviewsonline.com/scoresoddsarchives/nba-odds-2016-17
sbr:2016-17:2016-12-30:MIA:BOS,2016-17,2016-12-30,MIA,BOS,114,117,203.5,-9.5,400,-500,https://www.sportsbookreviewsonline.com/scoresoddsarchives/nba-odds-2016-17
sbr:2016-17:2016-12-30:MIL:MIN,2016-17,2016-12-30,MIL,MIN,99,116,209.5,-1.0,100,-120,https://www.sportsbookreviewsonline.com/scoresoddsarchives/nba-odds-2016-17
sbr:2016-17:2016-12-30:NYK:NOP,2016-17,2016-12-30,NYK,NOP,92,104,215.5,-3.5,140,-160,https://www.sportsbookreviewsonline.com/scoresoddsarchives/nba-odds-2016-17
sbr:2016-17:2016-12-30:PHI:DEN,2016-17,2016-12-30,PHI,DEN,124,122,213.5,-10.0,450,-600,https://www.sportsbookreviewsonline.com/scoresoddsarchives/nba-odds-2016-17
sbr:2016-17:2016-12-30:POR:SAS,2016-17,2016-12-30,POR,SAS,94,110,202.0,-9.5,400,-500,https://www.sportsbookreviewsonline.com/scoresoddsarchives/nba-odds-2016-17
sbr:2016-17:2016-12-31:CLE:CHA,2016-17,2016-12-31,CLE,CHA,121,109,210.5,1.0,-120,100,https://www.sportsbookreviewsonline.com/scoresoddsarchives/nba-odds-2016-17
sbr:2016-17:2016-12-31:LAC:OKC,2016-17,2016-12-31,LAC,OKC,88,114,209.5,-9.0,375,-450,https://www.sportsbookreviewsonline.com/scoresoddsarchives/nba-odds-2016-17
sbr:2016-17:2016-12-31:MIL:CHI,2016-17,2016-12-31,MIL,CHI,116,96,204.0,-3.0,130,-150,https://www.sportsbookreviewsonline.com/scoresoddsarchives/nba-odds-2016-17
sbr:2016-17:2016-12-31:NYK:HOU,2016-17,2016-12-31,NYK,HOU,122,129,224.0,-12.5,800,-1400,https://www.sportsbookreviewsonline.com/scoresoddsarchives/nba-odds-2016-17
sbr:2016-17:2016-12-31:PHX:UTA,2016-17,2016-12-31,PHX,UTA,86,91,207.5,-11.5,550,-800,https://www.sportsbookreviewsonline.com/scoresoddsarchives/nba-odds-2016-17
sbr:2017-18:2017-10-17:BOS:CLE,2017-18,2017-10-17,BOS,CLE,99,102,216.0,-4.5,166,-195,https://www.sportsbookreviewsonline.com/scoresoddsarchives/nba-odds-2017-18
sbr:2017-18:2017-10-17:HOU:GSW,2017-18,2017-10-17,HOU,GSW,122,121,231.5,-9.0,364,-470,https://www.sportsbookreviewsonline.com/scoresoddsarchives/nba-odds-2017-18
sbr:2017-18:2017-10-18:ATL:DAL,2017-18,2017-10-18,ATL,DAL,117,111,199.0,-5.5,190,-240,https://www.sportsbookreviewsonline.com/scoresoddsarchives/nba-odds-2017-18
sbr:2017-18:2017-10-18:BKN:IND,2017-18,2017-10-18,BKN,IND,131,140,216.5,-3.0,135,-155,https://www.sportsbookreviewsonline.com/scoresoddsarchives/nba-odds-2017-18
sbr:2017-18:2017-10-18:CHA:DET,2017-18,2017-10-18,CHA,DET,90,102,202.0,-2.5,125,-145,https://www.sportsbookreviewsonline.com/scoresoddsarchives/nba-odds-2017-18
sbr:2017-18:2017-10-18:DEN:UTA,2017-18,2017-10-18,DEN,UTA,96,106,205.0,-2.5,120,-140,https://www.sportsbookreviewsonline.com/scoresoddsarchives/nba-odds-2017-18
sbr:2017-18:2017-10-18:HOU:SAC,2017-18,2017-10-18,HOU,SAC,105,100,216.5,7.0,-310,250,https://www.sportsbookreviewsonline.com/scoresoddsarchives/nba-odds-2017-18
sbr:2017-18:2017-10-18:MIA:ORL,2017-18,2017-10-18,MIA,ORL,109,116,205.5,3.5,-170,145,https://www.sportsbookreviewsonline.com/scoresoddsarchives/nba-odds-2017-18
sbr:2017-18:2017-10-18:MIL:BOS,2017-18,2017-10-18,MIL,BOS,108,100,203.0,-1.5,105,-125,https://www.sportsbookreviewsonline.com/scoresoddsarchives/nba-odds-2017-18
sbr:2017-18:2017-10-18:MIN:SAS,2017-18,2017-10-18,MIN,SAS,99,107,203.5,-1.5,105,-125,https://www.sportsbookreviewsonline.com/scoresoddsarchives/nba-odds-2017-18
sbr:2017-18:2017-10-18:NOP:MEM,2017-18,2017-10-18,NOP,MEM,91,103,204.5,-2.0,110,-130,https://www.sportsbookreviewsonline.com/scoresoddsarchives/nba-odds-2017-18
sbr:2017-18:2017-10-18:PHI:WAS,2017-18,2017-10-18,PHI,WAS,115,120,217.5,-6.5,240,-300,https://www.sportsbookreviewsonline.com/scoresoddsarchives/nba-odds-2017-18
sbr:2017-18:2017-10-18:POR:PHX,2017-18,2017-10-18,POR,PHX,124,76,219.5,2.5,-140,120,https://www.sportsbookreviewsonline.com/scoresoddsarchives/nba-odds-2017-18
sbr:2017-18:2017-10-19:CHI:TOR,2017-18,2017-10-19,CHI,TOR,101,117,206.5,-14.0,800,-1400,https://www.sportsbookreviewsonline.com/scoresoddsarchives/nba-odds-2017-18
sbr:2017-18:2017-10-19:LAC:LAL,2017-18,2017-10-19,LAC,LAL,108,92,219.0,6.5,-260,210,https://www.sportsbookreviewsonline.com/scoresoddsarchives/nba-odds-2017-18
sbr:2017-18:2017-10-19:NYK:OKC,2017-18,2017-10-19,NYK,OKC,84,105,215.5,-12.5,650,-1000,https://www.sportsbookreviewsonline.com/scoresoddsarchives/nba-odds-2017-18
sbr:2017-18:2017-10-20:ATL:CHA,2017-18,2017-10-20,ATL,CHA,91,109,205.5,-4.5,160,-190,https://www.sportsbookreviewsonline.com/scoresoddsarchives/nba-odds-2017-18
sbr:2017-18:2017-10-20:DET:WAS,2017-18,2017-10-20,DET,WAS,111,115,211.5,-6.5,230,-280,https://www.sportsbookreviewsonline.com/scoresoddsarchives/nba-odds-2017-18
sbr:2017-18:2017-10-20:GSW:NOP,2017-18,2017-10-20,GSW,NOP,128,120,221.0,9.0,-470,360,https://www.sportsbookreviewsonline.com/scoresoddsarchives/nba-odds-2017-18
sbr:2017-18:2017-10-20:LAL:PHX,2017-18,2017-10-20,LAL,PHX,132,130,220.5,-3.5,140,-160,https://www.sportsbookreviewsonline.com/scoresoddsarchives/nba-odds-2017-18
sbr:2017-18:2017-10-20:ORL:BKN,2017-18,2017-10-20,ORL,BKN,121,126,226.0,-2.0,110,-130,https://www.sportsbookreviewsonline.com/scoresoddsarchives/nba-odds-2017-18
sbr:2017-18:2017-10-20:POR:IND,2017-18,2017-10-20,POR,IND,114,96,218.5,6.0,-230,185,https://www.sportsbookreviewsonline.com/scoresoddsarchives/nba-odds-2017-18
sbr:2017-18:2017-10-20:SAC:DAL,2017-18,2017-10-20,SAC,DAL,93,88,201.5,-6.0,200,-250,https://www.sportsbookreviewsonline.com/scoresoddsarchives/nba-odds-2017-18
sbr:2017-18:2017-10-20:UTA:MIN,2017-18,2017-10-20,UTA,MIN,97,100,197.0,-5.0,170,-200,https://www.sportsbookreviewsonline.com/scoresoddsarchives/nba-odds-2017-18
sbr:2017-18:2017-10-21:DAL:HOU,2017-18,2017-10-21,DAL,HOU,91,107,216.0,-11.5,588,-850,https://www.sportsbookreviewsonline.com/scoresoddsarchives/nba-odds-2017-18
sbr:2017-18:2017-10-21:DET:NYK,2017-18,2017-10-21,DET,NYK,111,107,204.5,1.0,-115,-105,https://www.sportsbookreviewsonline.com/scoresoddsarchives/nba-odds-2017-18
sbr:2017-18:2017-10-21:GSW:MEM,2017-18,2017-10-21,GSW,MEM,101,111,212.5,8.5,-375,299,https://www.sportsbookreviewsonline.com/scoresoddsarchives/nba-odds-2017-18
sbr:2017-18:2017-10-21:IND:MIA,2017-18,2017-10-21,IND,MIA,108,112,213.5,-9.5,334,-425,https://www.sportsbookreviewsonline.com/scoresoddsarchives/nba-odds-2017-18
sbr:2017-18:2017-10-21:OKC:UTA,2017-18,2017-10-21,OKC,UTA,87,96,200.0,4.0,-180,155,https://www.sportsbookreviewsonline.com/scoresoddsarchives/nba-odds-2017-18
sbr:2017-18:2017-10-21:ORL:CLE,2017-18,2017-10-21,ORL,CLE,114,93,216.0,-11.5,588,-850,https://www.sportsbookreviewsonline.com/scoresoddsarchives/nba-odds-2017-18
sbr:2017-18:2017-10-21:PHI:TOR,2017-18,2017-10-21,PHI,TOR,94,128,219.0,-8.5,292,-365,https://www.sportsbookreviewsonline.com/scoresoddsarchives/nba-odds-2017-18
sbr:2017-18:2017-10-21:PHX:LAC,2017-18,2017-10-21,PHX,LAC,88,130,220.0,-13.5,857,-1450,https://www.sportsbookreviewsonline.com/scoresoddsarchives/nba-odds-2017-18
sbr:2017-18:2017-10-21:POR:MIL,2017-18,2017-10-21,POR,MIL,110,113,208.5,-3.0,130,-150,https://www.sportsbookreviewsonline.com/scoresoddsarchives/nba-odds-2017-18
sbr:2017-18:2017-10-21:SAC:DEN,2017-18,2017-10-21,SAC,DEN,79,96,212.5,-12.5,588,-850,https://www.sportsbookreviewsonline.com/scoresoddsarchives/nba-odds-2017-18
sbr:2017-18:2017-10-21:SAS:CHI,2017-18,2017-10-21,SAS,CHI,87,77,200.5,10.0,-600,447,https://www.sportsbookreviewsonline.com/scoresoddsarchives/nba-odds-2017-18
sbr:2017-18:2017-10-22:ATL:BKN,2017-18,2017-10-22,ATL,BKN,104,116,220.0,-1.0,-105,-115,https://www.sportsbookreviewsonline.com/scoresoddsarchives/nba-odds-2017-18
sbr:2017-18:2017-10-22:MIN:OKC,2017-18,2017-10-22,MIN,OKC,115,113,212.0,-4.0,150,-180,https://www.sportsbookreviewsonline.com/scoresoddsarchives/nba-odds-2017-18
sbr:2017-18:2017-10-22:NOP:LAL,2017-18,2017-10-22,NOP,LAL,119,112,222.5,5.5,-210,175,https://www.sportsbookreviewsonline.com/scoresoddsarchives/nba-odds-2017-18
sbr:2017-18:2017-10-23:ATL:MIA,2017-18,2017-10-23,ATL,MIA,93,104,205.0,-10.5,500,-700,https://www.sportsbookreviewsonline.com/scoresoddsarchives/nba-odds-2017-18
sbr:2017-18:2017-10-23:CHA:MIL,2017-18,2017-10-23,CHA,MIL,94,103,203.5,-6.5,210,-260,https://www.sportsbookreviewsonline.com/scoresoddsarchives/nba-odds-2017-18
sbr:2017-18:2017-10-23:GSW:DAL,2017-18,2017-10-23,GSW,DAL,133,103,217.5,13.5,-1400,800,https://www.sportsbookreviewsonline.com/scoresoddsarchives/nba-odds-2017-18
sbr:2017-18:2017-10-23:MEM:HOU,2017-18,2017-10-23,MEM,HOU,98,90,213.5,-8.0,280,-360,https://www.sportsbookreviewsonline.com/scoresoddsarchives/nba-odds-2017-18
sbr:2017-18:2017-10-23:PHI:DET,2017-18,2017-10-23,PHI,DET,97,86,213.5,-3.0,140,-160,https://www.sportsbookreviewsonline.com/scoresoddsarchives/nba-odds-2017-18
sbr:2017-18:2017-10-23:TOR:SAS,2017-18,2017-10-23,TOR,SAS,97,101,202.0,-2.5,125,-145,https://www.sportsbookreviewsonline.com/scoresoddsarchives/nba-odds-2017-18
sbr:2017-18:2017-10-23:WAS:DEN,2017-18,2017-10-23,WAS,DEN,109,104,224.0,-5.0,170,-200,https://www.sportsbookreviewsonline.com/scoresoddsarchives/nba-odds-2017-18
sbr:2017-18:2017-10-24:BKN:ORL,2017-18,2017-10-24,BKN,ORL,121,125,228.5,-5.0,170,-200,https://www.sportsbookreviewsonline.com/scoresoddsarchives/nba-odds-2017-18
sbr:2017-18:2017-10-24:CHI:CLE,2017-18,2017-10-24,CHI,CLE,112,119,205.5,-15.0,1100,-2500,https://www.sportsbookreviewsonline.com/scoresoddsarchives/nba-odds-2017-18
sbr:2017-18:2017-10-24:IND:MIN,2017-18,2017-10-24,IND,MIN,130,107,218.0,-10.5,500,-700,https://www.sportsbookreviewsonline.com/scoresoddsarchives/nba-odds-2017-18
sbr:2017-18:2017-10-24:NOP:POR,2017-18,2017-10-24,NOP,POR,93,103,216.5,-5.0,170,-200,https://www.sportsbookreviewsonline.com/scoresoddsarchives/nba-odds-2017-18
sbr:2017-18:2017-10-24:NYK:BOS,2017-18,2017-10-24,NYK,BOS,89,110,208.0,-7.0,240,-300,https://www.sportsbookreviewsonline.com/scoresoddsarchives/nba-odds-2017-18
sbr:2017-18:2017-10-24:UTA:LAC,2017-18,2017-10-24,UTA,LAC,84,102,196.0,-5.0,170,-200,https://www.sportsbookreviewsonline.com/scoresoddsarchives/nba-odds-2017-18
sbr:2017-18:2017-10-25:CLE:BKN,2017-18,2017-10-25,CLE,BKN,107,112,223.5,8.0,-340,270,https://www.sportsbookreviewsonline.com/scoresoddsarchives/nba-odds-2017-18
sbr:2017-18:2017-10-25:HOU:PHI,2017-18,2017-10-25,HOU,PHI,105,104,221.0,3.0,-160,140,https://www.sportsbookreviewsonline.com/scoresoddsarchives/nba-odds-2017-18
sbr:2017-18:2017-10-25:IND:OKC,2017-18,2017-10-25,IND,OKC,96,114,218.0,-13.5,650,-1000,https://www.sportsbookreviewsonline.com/scoresoddsarchives/nba-odds-2017-18
sbr:2017-18:2017-10-25:MEM:DAL,2017-18,2017-10-25,MEM,DAL,94,103,197.0,3.0,-160,140,https://www.sportsbookreviewsonline.com/scoresoddsarchives/nba-odds-2017-18
sbr:2017-18:2017-10-25:MIN:DET,2017-18,2017-10-25,MIN,DET,101,122,209.0,-2.5,120,-140,https://www.sportsbookreviewsonline.com/scoresoddsarchives/nba-odds-2017-18
sbr:2017-18:2017-10-25:SAS:MIA,2017-18,2017-10-25,SAS,MIA,117,100,196.5,3.0,-150,130,https://www.sportsbookreviewsonline.com/scoresoddsarchives/nba-odds-2017-18
sbr:2017-18:2017-10-25:TOR:GSW,2017-18,2017-10-25,TOR,GSW,112,117,230.0,-12.0,700,-1100,https://www.sportsbookreviewsonline.com/scoresoddsarchives/nba-odds-2017-18
sbr:2017-18:2017-10-25:UTA:PHX,2017-18,2017-10-25,UTA,PHX,88,97,205.0,7.5,-330,260,https://www.sportsbookreviewsonline.com/scoresoddsarchives/nba-odds-2017-18
sbr:2017-18:2017-10-26:ATL:CHI,2017-18,2017-10-26,ATL,CHI,86,91,200.0,-2.0,110,-130,https://www.sportsbookreviewsonline.com/scoresoddsarchives/nba-odds-2017-18
sbr:2017-18:2017-10-26:BOS:MIL,2017-18,2017-10-26,BOS,MIL,96,89,206.5,-4.5,160,-190,https://www.sportsbookreviewsonline.com/scoresoddsarchives/nba-odds-2017-18
sbr:2017-18:2017-10-26:DAL:MEM,2017-18,2017-10-26,DAL,MEM,91,96,194.5,-8.0,270,-340,https://www.sportsbookreviewsonline.com/scoresoddsarchives/nba-odds-2017-18
sbr:2017-18:2017-10-26:LAC:POR,2017-18,2017-10-26,LAC,POR,104,103,216.0,-2.5,120,-140,https://www.sportsbookreviewsonline.com/scoresoddsarchives/nba-odds-2017-18
sbr:2017-18:2017-10-26:NOP:SAC,2017-18,2017-10-26,NOP,SAC,114,106,204.5,-1.0,100,-120,https://www.sportsbookreviewsonline.com/scoresoddsarchives/nba-odds-2017-18
sbr:2017-18:2017-10-27:BKN:NYK,2017-18,2017-10-27,BKN,NYK,86,107,222.5,-2.0,115,-135,https://www.sportsbookreviewsonline.com/scoresoddsarchives/nba-odds-2017-18
sbr:2017-18:2017-10-27:DEN:ATL,2017-18,2017-10-27,DEN,ATL,105,100,210.5,7.0,-280,230,https://www.sportsbookreviewsonline.com/scoresoddsarchives/nba-odds-2017-18
sbr:2017-18:2017-10-27:HOU:CHA,2017-18,2017-10-27,HOU,CHA,109,93,214.5,2.5,-140,120,https://www.sportsbookreviewsonline.com/scoresoddsarchives/nba-odds-2017-18
sbr:2017-18:2017-10-27:OKC:MIN,2017-18,2017-10-27,OKC,MIN,116,119,218.0,2.0,-125,105,https://www.sportsbookreviewsonline.com/scoresoddsarchives/nba-odds-2017-18
sbr:2017-18:2017-10-27:SAS:ORL,2017-18,2017-10-27,SAS,ORL,87,114,207.0,5.5,-240,190,https://www.sportsbookreviewsonline.com/scoresoddsarchives/nba-odds-2017-18
sbr:2017-18:2017-10-27:TOR:LAL,2017-18,2017-10-27,TOR,LAL,101,92,221.0,6.0,-240,190,https://www.sportsbookreviewsonline.com/scoresoddsarchives/nba-odds-2017-18
sbr:2017-18:2017-10-27:WAS:GSW,2017-18,2017-10-27,WAS,GSW,117,120,231.0,-12.0,600,-900,https://www.sportsbookreviewsonline.com/scoresoddsarchives/nba-odds-2017-18
sbr:2017-18:2017-10-28:BOS:MIA,2017-18,2017-10-28,BOS,MIA,96,90,204.5,1.0,-115,-105,https://www.sportsbookreviewsonline.com/scoresoddsarchives/nba-odds-2017-18
sbr:2017-18:2017-10-28:CLE:NOP,2017-18,2017-10-28,CLE,NOP,101,123,220.5,2.0,-135,115,https://www.sportsbookreviewsonline.com/scoresoddsarchives/nba-odds-2017-18
sbr:2017-18:2017-10-28:DET:LAC,2017-18,2017-10-28,DET,LAC,95,87,206.0,-8.0,290,-380,https://www.sportsbookreviewsonline.com/scoresoddsarchives/nba-odds-2017-18
sbr:2017-18:2017-10-28:HOU:MEM,2017-18,2017-10-28,HOU,MEM,89,103,202.0,-2.0,115,-135,https://www.sportsbookreviewsonline.com/scoresoddsarchives/nba-odds-2017-18
sbr:2017-18:2017-10-28:LAL:UTA,2017-18,2017-10-28,LAL,UTA,81,96,202.0,-10.5,425,-600,https://www.sportsbookreviewsonline.com/scoresoddsarchives/nba-odds-2017-18
sbr:2017-18:2017-10-28:OKC:CHI,2017-18,2017-10-28,OKC,CHI,101,69,203.5,8.5,-400,300,https://www.sportsbookreviewsonline.com/scoresoddsarchives/nba-odds-2017-18
sbr:2017-18:2017-10-28:PHX:POR,2017-18,2017-10-28,PHX,POR,107,114,218.0,-12.0,600,-900,https://www.sportsbookreviewsonline.com/scoresoddsarchives/nba-odds-2017-18
sbr:2017-18:2017-10-29:DEN:BKN,2017-18,2017-10-29,DEN,BKN,124,111,223.0,5.5,-215,180,https://www.sportsbookreviewsonline.com/scoresoddsarchives/nba-odds-2017-18
sbr:2017-18:2017-10-29:DET:GSW,2017-18,2017-10-29,DET,GSW,115,107,221.0,-14.5,912,-1600,https://www.sportsbookreviewsonline.com/scoresoddsarchives/nba-odds-2017-18
sbr:2017-18:2017-10-29:MIL:ATL,2017-18,2017-10-29,MIL,ATL,117,106,199.0,6.0,-240,199,https://www.sportsbookreviewsonline.com/scoresoddsarchives/nba-odds-2017-18
sbr:2017-18:2017-10-29:NYK:CLE,2017-18,2017-10-29,NYK,CLE,114,95,212.5,-10.5,451,-606,https://www.sportsbookreviewsonline.com/scoresoddsarchives/nba-odds-2017-18
sbr:2017-18:2017-10-29:ORL:CHA,2017-18,2017-10-29,ORL,CHA,113,120,210.5,-4.0,148,-170,https://www.sportsbookreviewsonline.com/scoresoddsarchives/nba-odds-2017-18
sbr:2017-18:2017-10-29:SAS:IND,2017-18,2017-10-29,SAS,IND,94,97,209.0,6.5,-250,207,https://www.sportsbookreviewsonline.com/scoresoddsarchives/nba-odds-2017-18
sbr:2017-18:2017-10-29:WAS:SAC,2017-18,2017-10-29,WAS,SAC,110,83,208.0,8.0,-315,256,https://www.sportsbookreviewsonline.com/scoresoddsarchives/nba-odds-2017-18
sbr:2017-18:2017-10-30:CHA:MEM,2017-18,2017-10-30,CHA,MEM,104,99,195.0,-5.5,180,-215,https://www.sportsbookreviewsonline.com/scoresoddsarchives/nba-odds-2017-18
sbr:2017-18:2017-10-30:DAL:UTA,2017-18,2017-10-30,DAL,UTA,89,104,190.5,-8.5,292,-365,https://www.sportsbookreviewsonline.com/scoresoddsarchives/nba-odds-2017-18
sbr:2017-18:2017-10-30:DEN:NYK,2017-18,2017-10-30,DEN,NYK,110,116,211.0,5.0,-195,166,https://www.sportsbookreviewsonline.com/scoresoddsarchives/nba-odds-2017-18
sbr:2017-18:2017-10-30:GSW:LAC,2017-18,2017-10-30,GSW,LAC,141,113,223.5,6.0,-275,226,https://www.sportsbookreviewsonline.com/scoresoddsarchives/nba-odds-2017-18
sbr:2017-18:2017-10-30:ORL:NOP,2017-18,2017-10-30,ORL,NOP,115,99,222.5,-7.5,263,-325,https://www.sportsbookreviewsonline.com/scoresoddsarchives/nba-odds-2017-18
sbr:2017-18:2017-10-30:PHI:HOU,2017-18,2017-10-30,PHI,HOU,115,107,215.0,-7.0,237,-290,https://www.sportsbookreviewsonline.com/scoresoddsarchives/nba-odds-2017-18
sbr:2017-18:2017-10-30:SAS:BOS,2017-18,2017-10-30,SAS,BOS,94,108,193.5,-3.5,151,-175,https://www.sportsbookreviewsonline.com/scoresoddsarchives/nba-odds-2017-18
sbr:2017-18:2017-10-30:TOR:POR,2017-18,2017-10-30,TOR,POR,99,85,211.5,-4.0,150,-174,https://www.sportsbookreviewsonline.com/scoresoddsarchives/nba-odds-2017-18
sbr:2017-18:2017-10-31:DET:LAL,2017-18,2017-10-31,DET,LAL,93,113,207.5,3.0,-152,132,https://www.sportsbookreviewsonline.com/scoresoddsarchives/nba-odds-2017-18
sbr:2017-18:2017-10-31:OKC:MIL,2017-18,2017-10-31,OKC,MIL,110,91,210.5,2.5,-140,120,https://www.sportsbookreviewsonline.com/scoresoddsarchives/nba-odds-2017-18
sbr:2017-18:2017-10-31:PHX:BKN,2017-18,2017-10-31,PHX,BKN,122,114,229.5,-4.5,163,-190,https://www.sportsbookreviewsonline.com/scoresoddsarchives/nba-odds-2017-18
sbr:2017-18:2017-10-31:SAC:IND,2017-18,2017-10-31,SAC,IND,83,101,206.0,-5.5,207,-250,https://www.sportsbookreviewsonline.com/scoresoddsarchives/nba-odds-2017-18
sbr:2017-18:2017-11-01:ATL:PHI,2017-18,2017-11-01,ATL,PHI,109,119,209.0,-7.5,260,-330,https://www.sportsbookreviewsonline.com/scoresoddsarchives/nba-odds-2017-18
sbr:2017-18:2017-11-01:CHI:MIA,2017-18,2017-11-01,CHI,MIA,91,97,196.0,-9.5,375,-500,https://www.sportsbookreviewsonline.com/scoresoddsarchives/nba-odds-2017-18
sbr:2017-18:2017-11-01:DAL:LAC,2017-18,2017-11-01,DAL,LAC,98,119,207.5,-10.5,425,-600,https://www.sportsbookreviewsonline.com/scoresoddsarchives/nba-odds-2017-18
sbr:2017-18:2017-11-01:HOU:NYK,2017-18,2017-11-01,HOU,NYK,119,97,213.5,6.0,-250,200,https://www.sportsbookreviewsonline.com/scoresoddsarchives/nba-odds-2017-18
sbr:2017-18:2017-11-01:IND:CLE,2017-18,2017-11-01,IND,CLE,124,107,217.5,-10.5,400,-550,https://www.sportsbookreviewsonline.com/scoresoddsarchives/nba-odds-2017-18
sbr:2017-18:2017-11-01:MIL:CHA,2017-18,2017-11-01,MIL,CHA,121,126,203.0,-4.0,145,-170,https://www.sportsbookreviewsonline.com/scoresoddsarchives/nba-odds-2017-18
sbr:2017-18:2017-11-01:MIN:NOP,2017-18,2017-11-01,MIN,NOP,104,98,224.0,-2.0,115,-135,https://www.sportsbookreviewsonline.com/scoresoddsarchives/nba-odds-2017-18
sbr:2017-18:2017-11-01:ORL:MEM,2017-18,2017-11-01,ORL,MEM,101,99,205.5,-2.5,125,-145,https://www.sportsbookreviewsonline.com/scoresoddsarchives/nba-odds-2017-18
sbr:2017-18:2017-11-01:PHX:WAS,2017-18,2017-11-01,PHX,WAS,122,116,228.0,-11.0,525,-750,https://www.sportsbookreviewsonline.com/scoresoddsarchives/nba-odds-2017-18
sbr:2017-18:2017-11-01:SAC:BOS,2017-18,2017-11-01,SAC,BOS,86,113,195.5,-11.5,600,-900,https://www.sportsbookreviewsonline.com/scoresoddsarchives/nba-odds-2017-18
sbr:2017-18:2017-11-01:TOR:DEN,2017-18,2017-11-01,TOR,DEN,111,129,217.0,-1.5,105,-125,https://www.sportsbookreviewsonline.com/scoresoddsarchives/nba-odds-2017-18
sbr:2017-18:2017-11-02:GSW:SAS,2017-18,2017-11-02,GSW,SAS,112,92,220.0,8.5,-350,275,https://www.sportsbookreviewsonline.com/scoresoddsarchives/nba-odds-2017-18
sbr:2017-18:2017-11-02:LAL:POR,2017-18,2017-11-02,LAL,POR,110,113,212.0,-6.0,190,-240,https://www.sportsbookreviewsonline.com/scoresoddsarchives/nba-odds-2017-18
sbr:2017-18:2017-11-03:BKN:LAL,2017-18,2017-11-03,BKN,LAL,112,124,228.0,-3.0,135,-155,https://www.sportsbookreviewsonline.com/scoresoddsarchives/nba-odds-2017-18
sbr:2017-18:2017-11-03:BOS:OKC,2017-18,2017-11-03,BOS,OKC,101,94,207.0,-6.5,210,-260,https://www.sportsbookreviewsonline.com/scoresoddsarchives/nba-odds-2017-18
sbr:2017-18:2017-11-03:CHA:SAS,2017-18,2017-11-03,CHA,SAS,101,108,200.5,-4.5,165,-195,https://www.sportsbookreviewsonline.com/scoresoddsarchives/nba-odds-2017-18
sbr:2017-18:2017-11-03:CHI:ORL,2017-18,2017-11-03,CHI,ORL,105,83,204.5,-7.5,275,-350,https://www.sportsbookreviewsonline.com/scoresoddsarchives/nba-odds-2017-18
sbr:2017-18:2017-11-03:CLE:WAS,2017-18,2017-11-03,CLE,WAS,130,122,224.5,-3.5,135,-155,https://www.sportsbookreviewsonline.com/scoresoddsarchives/nba-odds-2017-18
sbr:2017-18:2017-11-03:HOU:ATL,2017-18,2017-11-03,HOU,ATL,119,104,214.0,9.0,-420,320,https://www.sportsbookreviewsonline.com/scoresoddsarchives/nba-odds-2017-18
sbr:2017-18:2017-11-03:IND:PHI,2017-18,2017-11-03,IND,PHI,110,121,217.0,-5.0,170,-200,https://www.sportsbookreviewsonline.com/scoresoddsarchives/nba-odds-2017-18
sbr:2017-18:2017-11-03:MIA:DEN,2017-18,2017-11-03,MIA,DEN,94,95,216.5,-5.5,190,-240,https://www.sportsbookreviewsonline.com/scoresoddsarchives/nba-odds-2017-18
sbr:2017-18:2017-11-03:MIL:DET,2017-18,2017-11-03,MIL,DET,96,105,204.0,-1.5,100,-120,https://www.sportsbookreviewsonline.com/scoresoddsarchives/nba-odds-2017-18
sbr:2017-18:2017-11-03:NOP:DAL,2017-18,2017-11-03,NOP,DAL,99,94,211.0,5.0,-200,170,https://www.sportsbookreviewsonline.com/scoresoddsarchives/nba-odds-2017-18
sbr:2017-18:2017-11-03:PHX:NYK,2017-18,2017-11-03,PHX,NYK,107,120,221.0,-4.5,160,-190,https://www.sportsbookreviewsonline.com/scoresoddsarchives/nba-odds-2017-18
sbr:2017-18:2017-11-03:TOR:UTA,2017-18,2017-11-03,TOR,UTA,109,100,195.0,-2.0,110,-130,https://www.sportsbookreviewsonline.com/scoresoddsarchives/nba-odds-2017-18
sbr:2017-18:2017-11-04:DAL:MIN,2017-18,2017-11-04,DAL,MIN,99,112,214.0,-12.0,600,-900,https://www.sportsbookreviewsonline.com/scoresoddsarchives/nba-odds-2017-18
sbr:2017-18:2017-11-04:GSW:DEN,2017-18,2017-11-04,GSW,DEN,127,108,232.5,9.0,-430,330,https://www.sportsbookreviewsonline.com/scoresoddsarchives/nba-odds-2017-18
sbr:2017-18:2017-11-04:MEM:LAC,2017-18,2017-11-04,MEM,LAC,113,104,199.5,-5.0,180,-220,https://www.sportsbookreviewsonline.com/scoresoddsarchives/nba-odds-2017-18
sbr:2017-18:2017-11-04:SAC:DET,2017-18,2017-11-04,SAC,DET,99,108,195.5,-9.0,325,-425,https://www.sportsbookreviewsonline.com/scoresoddsarchives/nba-odds-2017-18
sbr:2017-18:2017-11-05:ATL:CLE,2017-18,2017-11-05,ATL,CLE,117,115,220.5,-11.5,650,-1000,https://www.sportsbookreviewsonline.com/scoresoddsarchives/nba-odds-2017-18
sbr:2017-18:2017-11-05:BOS:ORL,2017-18,2017-11-05,BOS,ORL,104,88,209.5,3.0,-155,135,https://www.sportsbookreviewsonline.com/scoresoddsarchives/nba-odds-2017-18
sbr:2017-18:2017-11-05:CHA:MIN,2017-18,2017-11-05,CHA,MIN,94,112,218.0,-4.5,160,-190,https://www.sportsbookreviewsonline.com/scoresoddsarchives/nba-odds-2017-18
sbr:2017-18:2017-11-05:IND:NYK,2017-18,2017-11-05,IND,NYK,101,108,216.0,0.0,-110,-110,https://www.sportsbookreviewsonline.com/scoresoddsarchives/nba-odds-2017-18
sbr:2017-18:2017-11-05:MEM:LAL,2017-18,2017-11-05,MEM,LAL,102,107,206.5,2.5,-140,120,https://www.sportsbookreviewsonline.com/scoresoddsarchives/nba-odds-2017-18
sbr:2017-18:2017-11-05:MIA:LAC,2017-18,2017-11-05,MIA,LAC,104,101,205.5,-5.5,190,-240,https://www.sportsbookreviewsonline.com/scoresoddsarchives/nba-odds-2017-18
sbr:2017-18:2017-11-05:OKC:POR,2017-18,2017-11-05,OKC,POR,99,103,211.5,3.0,-155,135,https://www.sportsbookreviewsonline.com/scoresoddsarchives/nba-odds-2017-18
sbr:2017-18:2017-11-05:PHX:SAS,2017-18,2017-11-05,PHX,SAS,95,112,211.5,-9.5,425,-600,https://www.sportsbookreviewsonline.com/scoresoddsarchives/nba-odds-2017-18
sbr:2017-18:2017-11-05:UTA:HOU,2017-18,2017-11-05,UTA,HOU,110,137,205.0,-6.0,200,-250,https://www.sportsbookreviewsonline.com/scoresoddsarchives/nba-odds-2017-18
sbr:2017-18:2017-11-05:WAS:TOR,2017-18,2017-11-05,WAS,TOR,107,96,213.5,-6.5,220,-270,https://www.sportsbookreviewsonline.com/scoresoddsarchives/nba-odds-2017-18
sbr:2017-18:2017-11-06:BKN:PHX,2017-18,2017-11-06,BKN,PHX,98,92,233.5,0.0,-110,-110,https://www.sportsbookreviewsonline.com/scoresoddsarchives/nba-odds-2017-18
sbr:2017-18:2017-11-06:BOS:ATL,2017-18,2017-11-06,BOS,ATL,110,107,204.0,7.5,-350,275,https://www.sportsbookreviewsonline.com/scoresoddsarchives/nba-odds-2017-18
sbr:2017-18:2017-11-06:MIA:GSW,2017-18,2017-11-06,MIA,GSW,80,97,223.0,-14.5,950,-1800,https://www.sportsbookreviewsonline.com/scoresoddsarchives/nba-odds-2017-18
sbr:2017-18:2017-11-07:BKN:DEN,2017-18,2017-11-07,BKN,DEN,104,112,230.0,-12.5,650,-1000,https://www.sportsbookreviewsonline.com/scoresoddsarchives/nba-odds-2017-18
sbr:2017-18:2017-11-07:CHA:NYK,2017-18,2017-11-07,CHA,NYK,113,118,209.0,2.0,-135,115,https://www.sportsbookreviewsonline.com/scoresoddsarchives/nba-odds-2017-18
sbr:2017-18:2017-11-07:CHI:TOR,2017-18,2017-11-07,CHI,TOR,114,119,201.0,-11.5,575,-850,https://www.sportsbookreviewsonline.com/scoresoddsarchives/nba-odds-2017-18
sbr:2017-18:2017-11-07:DAL:WAS,2017-18,2017-11-07,DAL,WAS,113,99,213.5,-10.0,425,-600,https://www.sportsbookreviewsonline.com/scoresoddsarchives/nba-odds-2017-18
sbr:2017-18:2017-11-07:LAC:SAS,2017-18,2017-11-07,LAC,SAS,107,120,204.0,-4.0,155,-185,https://www.sportsbookreviewsonline.com/scoresoddsarchives/nba-odds-2017-18
sbr:2017-18:2017-11-07:MEM:POR,2017-18,2017-11-07,MEM,POR,98,97,200.0,-2.5,120,-140,https://www.sportsbookreviewsonline.com/scoresoddsarchives/nba-odds-2017-18
sbr:2017-18:2017-11-07:MIL:CLE,2017-18,2017-11-07,MIL,CLE,119,124,221.5,-5.0,180,-220,https://www.sportsbookreviewsonline.com/scoresoddsarchives/nba-odds-2017-18
sbr:2017-18:2017-11-07:OKC:SAC,2017-18,2017-11-07,OKC,SAC,86,94,202.5,11.0,-700,500,https://www.sportsbookreviewsonline.com/scoresoddsarchives/nba-odds-2017-18
sbr:2017-18:2017-11-07:PHI:UTA,2017-18,2017-11-07,PHI,UTA,104,97,203.5,-6.5,215,-265,https://www.sportsbookreviewsonline.com/scoresoddsarchives/nba-odds-2017-18
sbr:2017-18:2017-11-08:IND:DET,2017-18,2017-11-08,IND,DET,97,114,210.5,-6.5,225,-275,https://www.sportsbookreviewsonline.com/scoresoddsarchives/nba-odds-2017-18
sbr:2017-18:2017-11-08:LAL:BOS,2017-18,2017-11-08,LAL,BOS,96,107,214.5,-6.5,240,-300,https://www.sportsbookreviewsonline.com/scoresoddsarchives/nba-odds-2017-18
sbr:2017-18:2017-11-08:MIA:PHX,2017-18,2017-11-08,MIA,PHX,126,115,216.5,6.0,-240,190,https://www.sportsbookreviewsonline.com/scoresoddsarchives/nba-odds-2017-18
sbr:2017-18:2017-11-08:MIN:GSW,2017-18,2017-11-08,MIN,GSW,101,125,227.5,-8.5,300,-400,https://www.sportsbookreviewsonline.com/scoresoddsarchives/nba-odds-2017-18
sbr:2017-18:2017-11-08:NYK:ORL,2017-18,2017-11-08,NYK,ORL,99,112,215.0,-8.5,300,-400,https://www.sportsbookreviewsonline.com/scoresoddsarchives/nba-odds-2017-18
sbr:2017-18:2017-11-09:CLE:HOU,2017-18,2017-11-09,CLE,HOU,113,117,228.5,-5.5,185,-230,https://www.sportsbookreviewsonline.com/scoresoddsarchives/nba-odds-2017-18
sbr:2017-18:2017-11-09:LAL:WAS,2017-18,2017-11-09,LAL,WAS,95,111,224.0,-9.5,400,-550,https://www.sportsbookreviewsonline.com/scoresoddsarchives/nba-odds-2017-18
sbr:2017-18:2017-11-09:NOP:TOR,2017-18,2017-11-09,NOP,TOR,118,122,215.0,-5.0,180,-220,https://www.sportsbookreviewsonline.com/scoresoddsarchives/nba-odds-2017-18
sbr:2017-18:2017-11-09:OKC:DEN,2017-18,2017-11-09,OKC,DEN,94,102,215.5,2.0,-135,115,https://www.sportsbookreviewsonline.com/scoresoddsarchives/nba-odds-2017-18
sbr:2017-18:2017-11-09:PHI:SAC,2017-18,2017-11-09,PHI,SAC,108,109,208.0,6.5,-250,200,https://www.sportsbookreviewsonline.com/scoresoddsarchives/nba-odds-2017-18
sbr:2017-18:2017-11-10:ATL:DET,2017-18,2017-11-10,ATL,DET,104,111,209.0,-7.5,260,-330,https://www.sportsbookreviewsonline.com/scoresoddsarchives/nba-odds-2017-18
sbr:2017-18:2017-11-10:BKN:POR,2017-18,2017-11-10,BKN,POR,101,97,218.0,-8.5,330,-430,https://www.sportsbookreviewsonline.com/scoresoddsarchives/nba-odds-2017-18
sbr:2017-18:2017-11-10:CHA:BOS,2017-18,2017-11-10,CHA,BOS,87,90,205.0,-2.5,125,-145,https://www.sportsbookreviewsonline.com/scoresoddsarchives/nba-odds-2017-18
sbr:2017-18:2017-11-10:IND:CHI,2017-18,2017-11-10,IND,CHI,105,87,202.0,3.0,-155,135,https://www.sportsbookreviewsonline.com/scoresoddsarchives/nba-odds-2017-18
sbr:2017-18:2017-11-10:LAC:OKC,2017-18,2017-11-10,LAC,OKC,111,120,210.0,-5.5,190,-240,https://www.sportsbookreviewsonline.com/scoresoddsarchives/nba-odds-2017-18
sbr:2017-18:2017-11-10:MIA:UTA,2017-18,2017-11-10,MIA,UTA,84,74,194.0,-2.5,125,-145,https://www.sportsbookreviewsonline.com/scoresoddsarchives/nba-odds-2017-18
sbr:2017-18:2017-11-10:MIL:SAS,2017-18,2017-11-10,MIL,SAS,94,87,204.5,-4.5,170,-200,https://www.sportsbookreviewsonline.com/scoresoddsarchives/nba-odds-2017-18
sbr:2017-18:2017-11-10:ORL:PHX,2017-18,2017-11-10,ORL,PHX,128,112,227.0,3.5,-170,145,https://www.sportsbookreviewsonline.com/scoresoddsarchives/nba-odds-2017-18
sbr:2017-18:2017-11-11:ATL:WAS,2017-18,2017-11-11,ATL,WAS,94,113,216.5,-10.0,400,-550,https://www.sportsbookreviewsonline.com/scoresoddsarchives/nba-odds-2017-18
sbr:2017-18:2017-11-11:BKN:UTA,2017-18,2017-11-11,BKN,UTA,106,114,208.5,-7.0,240,-300,https://www.sportsbookreviewsonline.com/scoresoddsarchives/nba-odds-2017-18
sbr:2017-18:2017-11-11:CHI:SAS,2017-18,2017-11-11,CHI,SAS,94,133,189.5,-10.5,450,-650,https://www.sportsbookreviewsonline.com/scoresoddsarchives/nba-odds-2017-18
sbr:2017-18:2017-11-11:CLE:DAL,2017-18,2017-11-11,CLE,DAL,111,104,214.5,6.0,-250,200,https://www.sportsbookreviewsonline.com/scoresoddsarchives/nba-odds-2017-18
sbr:2017-18:2017-11-11:LAC:NOP,2017-18,2017-11-11,LAC,NOP,103,111,218.0,-5.5,200,-250,https://www.sportsbookreviewsonline.com/scoresoddsarchives/nba-odds-2017-18
sbr:2017-18:2017-11-11:LAL:MIL,2017-18,2017-11-11,LAL,MIL,90,98,217.0,-6.5,210,-260,https://www.sportsbookreviewsonline.com/scoresoddsarchives/nba-odds-2017-18
sbr:2017-18:2017-11-11:MEM:HOU,2017-18,2017-11-11,MEM,HOU,96,111,210.0,-6.5,230,-280,https://www.sportsbookreviewsonline.com/scoresoddsarchives/nba-odds-2017-18
sbr:2017-18:2017-11-11:MIN:PHX,2017-18,2017-11-11,MIN,PHX,110,118,231.5,10.0,-550,400,https://www.sportsbookreviewsonline.com/scoresoddsarchives/nba-odds-2017-18
sbr:2017-18:2017-11-11:ORL:DEN,2017-18,2017-11-11,ORL,DEN,107,125,216.5,-9.0,310,-410,https://www.sportsbookreviewsonline.com/scoresoddsarchives/nba-odds-2017-18
sbr:2017-18:2017-11-11:PHI:GSW,2017-18,2017-11-11,PHI,GSW,114,135,230.5,-13.5,800,-1400,https://www.sportsbookreviewsonline.com/scoresoddsarchives/nba-odds-2017-18
sbr:2017-18:2017-11-11:SAC:NYK,2017-18,2017-11-11,SAC,NYK,91,118,202.0,-6.5,215,-265,https://www.sportsbookreviewsonline.com/scoresoddsarchives/nba-odds-2017-18
sbr:2017-18:2017-11-12:DAL:OKC,2017-18,2017-11-12,DAL,OKC,99,112,203.0,-10.5,450,-650,https://www.sportsbookreviewsonline.com/scoresoddsarchives/nba-odds-2017-18
sbr:2017-18:2017-11-12:HOU:IND,2017-18,2017-11-12,HOU,IND,118,95,226.5,3.5,-180,150,https://www.sportsbookreviewsonline.com/scoresoddsarchives/nba-odds-2017-18
sbr:2017-18:2017-11-12:MIA:DET,2017-18,2017-11-12,MIA,DET,103,112,201.0,-2.5,115,-135,https://www.sportsbookreviewsonline.com/scoresoddsarchives/nba-odds-2017-18
sbr:2017-18:2017-11-12:TOR:BOS,2017-18,2017-11-12,TOR,BOS,94,95,201.5,3.5,-160,140,https://www.sportsbookreviewsonline.com/scoresoddsarchives/nba-odds-2017-18
sbr:2017-18:2017-11-13:ATL:NOP,2017-18,2017-11-13,ATL,NOP,105,106,217.0,-9.5,384,-500,https://www.sportsbookreviewsonline.com/scoresoddsarchives/nba-odds-2017-18
sbr:2017-18:2017-11-13:CLE:NYK,2017-18,2017-11-13,CLE,NYK,104,101,221.0,5.0,-225,188,https://www.sportsbookreviewsonline.com/scoresoddsarchives/nba-odds-2017-18
sbr:2017-18:2017-11-13:DEN:POR,2017-18,2017-11-13,DEN,POR,82,99,212.0,-2.0,110,-130,https://www.sportsbookreviewsonline.com/scoresoddsarchives/nba-odds-2017-18
sbr:2017-18:2017-11-13:MEM:MIL,2017-18,2017-11-13,MEM,MIL,103,110,199.5,-4.0,151,-175,https://www.sportsbookreviewsonline.com/scoresoddsarchives/nba-odds-2017-18
sbr:2017-18:2017-11-13:MIN:UTA,2017-18,2017-11-13,MIN,UTA,109,98,210.0,3.0,-145,125,https://www.sportsbookreviewsonline.com/scoresoddsarchives/nba-odds-2017-18
sbr:2017-18:2017-11-13:ORL:GSW,2017-18,2017-11-13,ORL,GSW,100,110,223.5,-12.5,711,-1100,https://www.sportsbookreviewsonline.com/scoresoddsarchives/nba-odds-2017-18
sbr:2017-18:2017-11-13:PHI:LAC,2017-18,2017-11-13,PHI,LAC,109,105,224.0,-2.0,110,-130,https://www.sportsbookreviewsonline.com/scoresoddsarchives/nba-odds-2017-18
sbr:2017-18:2017-11-13:SAC:WAS,2017-18,2017-11-13,SAC,WAS,92,110,208.0,-11.0,534,-750,https://www.sportsbookreviewsonline.com/scoresoddsarchives/nba-odds-2017-18
sbr:2017-18:2017-11-14:BOS:BKN,2017-18,2017-11-14,BOS,BKN,109,102,209.5,6.5,-280,230,https://www.sportsbookreviewsonline.com/scoresoddsarchives/nba-odds-2017-18
sbr:2017-18:2017-11-14:SAS:DAL,2017-18,2017-11-14,SAS,DAL,97,91,200.0,6.0,-260,210,https://www.sportsbookreviewsonline.com/scoresoddsarchives/nba-odds-2017-18
sbr:2017-18:2017-11-14:TOR:HOU,2017-18,2017-11-14,TOR,HOU,129,113,218.5,-6.5,230,-280,https://www.sportsbookreviewsonline.com/scoresoddsarchives/nba-odds-2017-18
sbr:2017-18:2017-11-15:CHI:OKC,2017-18,2017-11-15,CHI,OKC,79,92,203.5,-13.0,750,-1200,https://www.sportsbookreviewsonline.com/scoresoddsarchives/nba-odds-2017-18
sbr:2017-18:2017-11-15:CLE:CHA,2017-18,2017-11-15,CLE,CHA,115,107,218.0,0.0,-110,-110,https://www.sportsbookreviewsonline.com/scoresoddsarchives/nba-odds-2017-18
sbr:2017-18:2017-11-15:DET:MIL,2017-18,2017-11-15,DET,MIL,95,99,205.0,-5.0,160,-190,https://www.sportsbookreviewsonline.com/scoresoddsarchives/nba-odds-2017-18
sbr:2017-18:2017-11-15:IND:MEM,2017-18,2017-11-15,IND,MEM,116,113,203.0,-3.0,130,-150,https://www.sportsbookreviewsonline.com/scoresoddsarchives/nba-odds-2017-18
sbr:2017-18:2017-11-15:ORL:POR,2017-18,2017-11-15,ORL,POR,94,99,213.5,-5.5,180,-220,https://www.sportsbookreviewsonline.com/scoresoddsarchives/nba-odds-2017-18
sbr:2017-18:2017-11-15:PHI:LAL,2017-18,2017-11-15,PHI,LAL,115,109,221.0,4.0,-170,145,https://www.sportsbookreviewsonline.com/scoresoddsarchives/nba-odds-2017-18
sbr:2017-18:2017-11-15:SAC:ATL,2017-18,2017-11-15,SAC,ATL,80,126,205.5,-4.5,170,-200,https://www.sportsbookreviewsonline.com/scoresoddsarchives/nba-odds-2017-18
sbr:2017-18:2017-11-15:SAS:MIN,2017-18,2017-11-15,SAS,MIN,86,98,208.5,-5.0,175,-210,https://www.sportsbookreviewsonline.com/scoresoddsarchives/nba-odds-2017-18
sbr:2017-18:2017-11-15:TOR:NOP,2017-18,2017-11-15,TOR,NOP,125,116,218.5,-3.0,130,-150,https://www.sportsbookreviewsonline.com/scoresoddsarchives/nba-odds-2017-18
sbr:2017-18:2017-11-15:UTA:NYK,2017-18,2017-11-15,UTA,NYK,101,106,202.0,-3.5,145,-170,https://www.sportsbookreviewsonline.com/scoresoddsarchives/nba-odds-2017-18
sbr:2017-18:2017-11-15:WAS:MIA,2017-18,2017-11-15,WAS,MIA,102,93,211.0,-1.5,110,-130,https://www.sportsbookreviewsonline.com/scoresoddsarchives/nba-odds-2017-18
sbr:2017-18:2017-11-16:GSW:BOS,2017-18,2017-11-16,GSW,BOS,88,92,219.0,7.0,-310,250,https://www.sportsbookreviewsonline.com/scoresoddsarchives/nba-odds-2017-18
sbr:2017-18:2017-11-16:HOU:PHX,2017-18,2017-11-16,HOU,PHX,142,116,230.5,12.5,-1000,650,https://www.sportsbookreviewsonline.com/scoresoddsarchives/nba-odds-2017-18
sbr:2017-18:2017-11-17:CHA:CHI,2017-18,2017-11-17,CHA,CHI,120,123,198.5,6.5,-280,230,https://www.sportsbookreviewsonline.com/scoresoddsarchives/nba-odds-2017-18
sbr:2017-18:2017-11-17:DET:IND,2017-18,2017-11-17,DET,IND,100,107,211.5,-1.5,100,-120,https://www.sportsbookreviewsonline.com/scoresoddsarchives/nba-odds-2017-18
sbr:2017-18:2017-11-17:MIA:WAS,2017-18,2017-11-17,MIA,WAS,91,88,205.5,-5.0,160,-190,https://www.sportsbookreviewsonline.com/scoresoddsarchives/nba-odds-2017-18
sbr:2017-18:2017-11-17:MIN:DAL,2017-18,2017-11-17,MIN,DAL,111,87,212.0,6.0,-250,200,https://www.sportsbookreviewsonline.com/scoresoddsarchives/nba-odds-2017-18
sbr:2017-18:2017-11-17:NOP:DEN,2017-18,2017-11-17,NOP,DEN,114,146,222.0,-5.0,170,-200,https://www.sportsbookreviewsonline.com/scoresoddsarchives/nba-odds-2017-18
sbr:2017-18:2017-11-17:NYK:TOR,2017-18,2017-11-17,NYK,TOR,84,107,217.0,-7.5,270,-340,https://www.sportsbookreviewsonline.com/scoresoddsarchives/nba-odds-2017-18
sbr:2017-18:2017-11-17:PHX:LAL,2017-18,2017-11-17,PHX,LAL,122,113,229.0,-7.5,255,-320,https://www.sportsbookreviewsonline.com/scoresoddsarchives/nba-odds-2017-18
sbr:2017-18:2017-11-17:POR:SAC,2017-18,2017-11-17,POR,SAC,82,86,199.0,7.0,-290,235,https://www.sportsbookreviewsonline.com/scoresoddsarchives/nba-odds-2017-18
sbr:2017-18:2017-11-18:BOS:ATL,2017-18,2017-11-18,BOS,ATL,110,99,202.5,6.0,-260,220,https://www.sportsbookreviewsonline.com/scoresoddsarchives/nba-odds-2017-18
sbr:2017-18:2017-11-18:GSW:PHI,2017-18,2017-11-18,GSW,PHI,124,116,233.0,9.0,-400,330,https://www.sportsbookreviewsonline.com/scoresoddsarchives/nba-odds-2017-18
sbr:2017-18:2017-11-18:HOU:MEM,2017-18,2017-11-18,HOU,MEM,105,83,214.0,7.5,-285,240,https://www.sportsbookreviewsonline.com/scoresoddsarchives/nba-odds-2017-18
sbr:2017-18:2017-11-18:LAC:CHA,2017-18,2017-11-18,LAC,CHA,87,102,213.0,-5.0,170,-195,https://www.sportsbookreviewsonline.com/scoresoddsarchives/nba-odds-2017-18
sbr:2017-18:2017-11-18:MIL:DAL,2017-18,2017-11-18,MIL,DAL,79,111,203.5,6.0,-250,210,https://www.sportsbookreviewsonline.com/scoresoddsarchives/nba-odds-2017-18
sbr:2017-18:2017-11-18:SAC:POR,2017-18,2017-11-18,SAC,POR,90,102,194.5,-12.0,600,-800,https://www.sportsbookreviewsonline.com/scoresoddsarchives/nba-odds-2017-18
sbr:2017-18:2017-11-18:UTA:ORL,2017-18,2017-11-18,UTA,ORL,125,85,208.0,-6.0,220,-260,https://www.sportsbookreviewsonline.com/scoresoddsarchives/nba-odds-2017-18
sbr:2017-18:2017-11-19:CHI:PHX,2017-18,2017-11-19,CHI,PHX,105,113,215.5,-2.5,125,-145,https://www.sportsbookreviewsonline.com/scoresoddsarchives/nba-odds-2017-18
sbr:2017-18:2017-11-19:DEN:LAL,2017-18,2017-11-19,DEN,LAL,109,127,223.0,5.0,-200,170,https://www.sportsbookreviewsonline.com/scoresoddsarchives/nba-odds-2017-18
sbr:2017-18:2017-11-19:DET:MIN,2017-18,2017-11-19,DET,MIN,100,97,208.5,-6.0,200,-250,https://www.sportsbookreviewsonline.com/scoresoddsarchives/nba-odds-2017-18
sbr:2017-18:2017-11-19:GSW:BKN,2017-18,2017-11-19,GSW,BKN,118,111,230.5,11.5,-800,550,https://www.sportsbookreviewsonline.com/scoresoddsarchives/nba-odds-2017-18
sbr:2017-18:2017-11-19:IND:MIA,2017-18,2017-11-19,IND,MIA,120,95,208.5,-5.5,190,-240,https://www.sportsbookreviewsonline.com/scoresoddsarchives/nba-odds-2017-18
sbr:2017-18:2017-11-19:WAS:TOR,2017-18,2017-11-19,WAS,TOR,91,100,208.5,-6.0,210,-260,https://www.sportsbookreviewsonline.com/scoresoddsarchives/nba-odds-2017-18
sbr:2017-18:2017-11-20:ATL:SAS,2017-18,2017-11-20,ATL,SAS,85,96,203.5,-9.0,350,-450,https://www.sportsbookreviewsonline.com/scoresoddsarchives/nba-odds-2017-18
sbr:2017-18:2017-11-20:CLE:DET,2017-18,2017-11-20,CLE,DET,116,88,216.0,2.5,-135,115,https://www.sportsbookreviewsonline.com/scoresoddsarchives/nba-odds-2017-18
sbr:2017-18:2017-11-20:DEN:SAC,2017-18,2017-11-20,DEN,SAC,114,98,210.5,5.0,-240,190,https://www.sportsbookreviewsonline.com/scoresoddsarchives/nba-odds-2017-18
sbr:2017-18:2017-11-20:IND:ORL,2017-18,2017-11-20,IND,ORL,105,97,220.0,-3.5,140,-160,https://www.sportsbookreviewsonline.com/scoresoddsarchives/nba-odds-2017-18
sbr:2017-18:2017-11-20:MIN:CHA,2017-18,2017-11-20,MIN,CHA,102,118,211.5,-2.5,120,-140,https://www.sportsbookreviewsonline.com/scoresoddsarchives/nba-odds-2017-18
sbr:2017-18:2017-11-20:OKC:NOP,2017-18,2017-11-20,OKC,NOP,107,114,213.5,3.0,-150,130,https://www.sportsbookreviewsonline.com/scoresoddsarchives/nba-odds-2017-18
sbr:2017-18:2017-11-20:POR:MEM,2017-18,2017-11-20,POR,MEM,100,92,197.0,1.5,-120,100,https://www.sportsbookreviewsonline.com/scoresoddsarchives/nba-odds-2017-18
sbr:2017-18:2017-11-20:UTA:PHI,2017-18,2017-11-20,UTA,PHI,86,107,210.0,-6.5,220,-270,https://www.sportsbookreviewsonline.com/scoresoddsarchives/nba-odds-2017-18
sbr:2017-18:2017-11-20:WAS:MIL,2017-18,2017-11-20,WAS,MIL,99,88,208.0,-3.5,140,-160,https://www.sportsbookreviewsonline.com/scoresoddsarchives/nba-odds-2017-18
sbr:2017-18:2017-11-21:CHI:LAL,2017-18,2017-11-21,CHI,LAL,94,103,212.0,-5.5,185,-230,https://www.sportsbookreviewsonline.com/scoresoddsarchives/nba-odds-2017-18
sbr:2017-18:2017-11-22:BKN:CLE,2017-18,2017-11-22,BKN,CLE,109,119,228.0,-11.0,600,-900,https://www.sportsbookreviewsonline.com/scoresoddsarchives/nba-odds-2017-18
sbr:2017-18:2017-11-22:BOS:MIA,2017-18,2017-11-22,BOS,MIA,98,104,195.5,1.5,-125,105,https://www.sportsbookreviewsonline.com/scoresoddsarchives/nba-odds-2017-18
sbr:2017-18:2017-11-22:CHI:UTA,2017-18,2017-11-22,CHI,UTA,80,110,195.5,-8.5,300,-400,https://www.sportsbookreviewsonline.com/scoresoddsarchives/nba-odds-2017-18
sbr:2017-18:2017-11-22:DAL:MEM,2017-18,2017-11-22,DAL,MEM,95,94,199.5,-6.0,200,-250,https://www.sportsbookreviewsonline.com/scoresoddsarchives/nba-odds-2017-18
sbr:2017-18:2017-11-22:DEN:HOU,2017-18,2017-11-22,DEN,HOU,95,125,223.5,-9.0,350,-450,https://www.sportsbookreviewsonline.com/scoresoddsarchives/nba-odds-2017-18
sbr:2017-18:2017-11-22:GSW:OKC,2017-18,2017-11-22,GSW,OKC,91,108,221.5,5.5,-240,190,https://www.sportsbookreviewsonline.com/scoresoddsarchives/nba-odds-2017-18
sbr:2017-18:2017-11-22:LAC:ATL,2017-18,2017-11-22,LAC,ATL,116,103,209.0,3.0,-150,130,https://www.sportsbookreviewsonline.com/scoresoddsarchives/nba-odds-2017-18
sbr:2017-18:2017-11-22:ORL:MIN,2017-18,2017-11-22,ORL,MIN,118,124,217.0,-7.0,230,-280,https://www.sportsbookreviewsonline.com/scoresoddsarchives/nba-odds-2017-18
sbr:2017-18:2017-11-22:POR:PHI,2017-18,2017-11-22,POR,PHI,81,101,210.5,-4.5,155,-185,https://www.sportsbookreviewsonline.com/scoresoddsarchives/nba-odds-2017-18
sbr:2017-18:2017-11-22:SAS:NOP,2017-18,2017-11-22,SAS,NOP,90,107,207.0,-1.0,-105,-115,https://www.sportsbookreviewsonline.com/scoresoddsarchives/nba-odds-2017-18
sbr:2017-18:2017-11-22:TOR:NYK,2017-18,2017-11-22,TOR,NYK,100,108,210.0,4.0,-180,150,https://www.sportsbookreviewsonline.com/scoresoddsarchives/nba-odds-2017-18
sbr:2017-18:2017-11-24:CHA:CLE,2017-18,2017-11-24,CHA,CLE,99,100,217.0,-5.5,192,-230,https://www.sportsbookreviewsonline.com/scoresoddsarchives/nba-odds-2017-18
sbr:2017-18:2017-11-24:CHI:GSW,2017-18,2017-11-24,CHI,GSW,94,143,211.5,-16.0,1098,-2200,https://www.sportsbookreviewsonline.com/scoresoddsarchives/nba-odds-2017-18
sbr:2017-18:2017-11-24:DET:OKC,2017-18,2017-11-24,DET,OKC,99,98,201.5,-8.5,314,-396,https://www.sportsbookreviewsonline.com/scoresoddsarchives/nba-odds-2017-18
sbr:2017-18:2017-11-24:MEM:DEN,2017-18,2017-11-24,MEM,DEN,92,104,210.0,-6.0,207,-250,https://www.sportsbookreviewsonline.com/scoresoddsarchives/nba-odds-2017-18
sbr:2017-18:2017-11-24:MIA:MIN,2017-18,2017-11-24,MIA,MIN,109,97,207.5,-3.0,135,-155,https://www.sportsbookreviewsonline.com/scoresoddsarchives/nba-odds-2017-18
sbr:2017-18:2017-11-24:NOP:PHX,2017-18,2017-11-24,NOP,PHX,115,91,225.5,6.5,-280,230,https://www.sportsbookreviewsonline.com/scoresoddsarchives/nba-odds-2017-18
sbr:2017-18:2017-11-24:ORL:BOS,2017-18,2017-11-24,ORL,BOS,103,118,208.5,-6.5,230,-280,https://www.sportsbookreviewsonline.com/scoresoddsarchives/nba-odds-2017-18
sbr:2017-18:2017-11-24:POR:BKN,2017-18,2017-11-24,POR,BKN,127,125,210.5,4.5,-180,155,https://www.sportsbookreviewsonline.com/scoresoddsarchives/nba-odds-2017-18
sbr:2017-18:2017-11-24:TOR:IND,2017-18,2017-11-24,TOR,IND,104,107,217.0,2.0,-125,105,https://www.sportsbookreviewsonline.com/scoresoddsarchives/nba-odds-2017-18
sbr:2017-18:2017-11-25:BOS:IND,2017-18,2017-11-25,BOS,IND,108,98,204.5,3.5,-160,140,https://www.sportsbookreviewsonline.com/scoresoddsarchives/nba-odds-2017-18
sbr:2017-18:2017-11-25:LAC:SAC,2017-18,2017-11-25,LAC,SAC,97,95,202.5,4.5,-190,160,https://www.sportsbookreviewsonline.com/scoresoddsarchives/nba-odds-2017-18
sbr:2017-18:2017-11-25:MIL:UTA,2017-18,2017-11-25,MIL,UTA,108,121,197.0,1.0,-115,-105,https://www.sportsbookreviewsonline.com/scoresoddsarchives/nba-odds-2017-18
sbr:2017-18:2017-11-25:NOP:GSW,2017-18,2017-11-25,NOP,GSW,95,110,227.5,-10.5,500,-700,https://www.sportsbookreviewsonline.com/scoresoddsarchives/nba-odds-2017-18
sbr:2017-18:2017-11-25:NYK:HOU,2017-18,2017-11-25,NYK,HOU,102,117,213.5,-19.0,750,-1400,https://www.sportsbookreviewsonline.com/scoresoddsarchives/nba-odds-2017-18
sbr:2017-18:2017-11-25:OKC:DAL,2017-18,2017-11-25,OKC,DAL,81,97,204.0,6.5,-270,220,https://www.sportsbookreviewsonline.com/scoresoddsarchives/nba-odds-2017-18
sbr:2017-18:2017-11-25:ORL:PHI,2017-18,2017-11-25,ORL,PHI,111,130,221.0,-5.5,180,-220,https://www.sportsbookreviewsonline.com/scoresoddsarchives/nba-odds-2017-18
sbr:2017-18:2017-11-25:POR:WAS,2017-18,2017-11-25,POR,WAS,108,105,201.5,-4.5,145,-170,https://www.sportsbookreviewsonline.com/scoresoddsarchives/nba-odds-2017-18
sbr:2017-18:2017-11-25:TOR:ATL,2017-18,2017-11-25,TOR,ATL,112,78,209.0,6.5,-260,210,https://www.sportsbookreviewsonline.com/scoresoddsarchives/nba-odds-2017-18
sbr:2017-18:2017-11-26:BKN:MEM,2017-18,2017-11-26,BKN,MEM,98,88,212.0,-5.5,190,-240,https://www.sportsbookreviewsonline.com/scoresoddsarchives/nba-odds-2017-18
sbr:2017-18:2017-11-26:MIA:CHI,2017-18,2017-11-26,MIA,CHI,100,93,193.5,7.5,-310,250,https://www.sportsbookreviewsonline.com/scoresoddsarchives/nba-odds-2017-18
sbr:2017-18:2017-11-26:PHX:MIN,2017-18,2017-11-26,PHX,MIN,108,119,220.5,-11.0,550,-800,https://www.sportsbookreviewsonline.com/scoresoddsarchives/nba-odds-2017-18
sbr:2017-18:2017-11-27:BKN:HOU,2017-18,2017-11-27,BKN,HOU,103,117,224.0,-18.0,1453,-4000,https://www.sportsbookreviewsonline.com/scoresoddsarchives/nba-odds-2017-18
sbr:2017-18:2017-11-27:DAL:SAS,2017-18,2017-11-27,DAL,SAS,108,115,194.0,-9.0,344,-440,https://www.sportsbookreviewsonline.com/scoresoddsarchives/nba-odds-2017-18
sbr:2017-18:2017-11-27:DET:BOS,2017-18,2017-11-27,DET,BOS,118,108,199.0,-6.0,199,-240,https://www.sportsbookreviewsonline.com/scoresoddsarchives/nba-odds-2017-18
sbr:2017-18:2017-11-27:LAL:LAC,2017-18,2017-11-27,LAL,LAC,115,120,217.0,-4.5,163,-190,https://www.sportsbookreviewsonline.com/scoresoddsarchives/nba-odds-2017-18
sbr:2017-18:2017-11-27:ORL:IND,2017-18,2017-11-27,ORL,IND,109,121,219.0,-4.5,160,-185,https://www.sportsbookreviewsonline.com/scoresoddsarchives/nba-odds-2017-18
sbr:2017-18:2017-11-27:POR:NYK,2017-18,2017-11-27,POR,NYK,103,91,203.5,1.5,-125,105,https://www.sportsbookreviewsonline.com/scoresoddsarchives/nba-odds-2017-18
sbr:2017-18:2017-11-27:SAC:GSW,2017-18,2017-11-27,SAC,GSW,110,106,204.0,-12.5,711,-1100,https://www.sportsbookreviewsonline.com/scoresoddsarchives/nba-odds-2017-18
sbr:2017-18:2017-11-28:MIA:CLE,2017-18,2017-11-28,MIA,CLE,97,108,209.5,-4.0,155,-185,https://www.sportsbookreviewsonline.com/scoresoddsarchives/nba-odds-2017-18
sbr:2017-18:2017-11-28:MIL:SAC,2017-18,2017-11-28,MIL,SAC,112,87,197.0,6.5,-270,220,https://www.sportsbookreviewsonline.com/scoresoddsarchives/nba-odds-2017-18
sbr:2017-18:2017-11-28:PHX:CHI,2017-18,2017-11-28,PHX,CHI,104,99,212.5,0.0,-110,-110,https://www.sportsbookreviewsonline.com/scoresoddsarchives/nba-odds-2017-18
sbr:2017-18:2017-11-28:WAS:MIN,2017-18,2017-11-28,WAS,MIN,92,89,209.0,-5.0,180,-220,https://www.sportsbookreviewsonline.com/scoresoddsarchives/nba-odds-2017-18
sbr:2017-18:2017-11-29:BKN:DAL,2017-18,2017-11-29,BKN,DAL,109,104,211.0,-5.5,190,-240,https://www.sportsbookreviewsonline.com/scoresoddsarchives/nba-odds-2017-18
sbr:2017-18:2017-11-29:CHA:TOR,2017-18,2017-11-29,CHA,TOR,113,126,204.5,-7.5,270,-340,https://www.sportsbookreviewsonline.com/scoresoddsarchives/nba-odds-2017-18
sbr:2017-18:2017-11-29:IND:HOU,2017-18,2017-11-29,IND,HOU,97,118,224.5,-11.0,500,-700,https://www.sportsbookreviewsonline.com/scoresoddsarchives/nba-odds-2017-18
sbr:2017-18:2017-11-29:MEM:SAS,2017-18,2017-11-29,MEM,SAS,95,104,194.5,-9.0,350,-450,https://www.sportsbookreviewsonline.com/scoresoddsarchives/nba-odds-2017-18
sbr:2017-18:2017-11-29:MIA:NYK,2017-18,2017-11-29,MIA,NYK,86,115,206.5,-1.5,100,-120,https://www.sportsbookreviewsonline.com/scoresoddsarchives/nba-odds-2017-18
sbr:2017-18:2017-11-29:MIN:NOP,2017-18,2017-11-29,MIN,NOP,120,102,214.5,-6.0,190,-240,https://www.sportsbookreviewsonline.com/scoresoddsarchives/nba-odds-2017-18
sbr:2017-18:2017-11-29:OKC:ORL,2017-18,2017-11-29,OKC,ORL,108,121,212.5,6.0,-260,210,https://www.sportsbookreviewsonline.com/scoresoddsarchives/nba-odds-2017-18
sbr:2017-18:2017-11-29:PHX:DET,2017-18,2017-11-29,PHX,DET,107,131,216.0,-11.5,550,-800,https://www.sportsbookreviewsonline.com/scoresoddsarchives/nba-odds-2017-18
sbr:2017-18:2017-11-29:WAS:PHI,2017-18,2017-11-29,WAS,PHI,113,118,211.0,-7.0,250,-310,https://www.sportsbookreviewsonline.com/scoresoddsarchives/nba-odds-2017-18
sbr:2017-18:2017-11-30:CHI:DEN,2017-18,2017-11-30,CHI,DEN,110,111,209.5,-10.0,462,-625,https://www.sportsbookreviewsonline.com/scoresoddsarchives/nba-odds-2017-18
sbr:2017-18:2017-11-30:CLE:ATL,2017-18,2017-11-30,CLE,ATL,121,114,217.5,7.5,-330,267,https://www.sportsbookreviewsonline.com/scoresoddsarchives/nba-odds-2017-18
sbr:2017-18:2017-11-30:MIL:POR,2017-18,2017-11-30,MIL,POR,103,91,201.0,-4.0,151,-175,https://www.sportsbookreviewsonline.com/scoresoddsarchives/nba-odds-2017-18
sbr:2017-18:2017-11-30:PHI:BOS,2017-18,2017-11-30,PHI,BOS,97,108,212.0,-8.0,288,-360,https://www.sportsbookreviewsonline.com/scoresoddsarchives/nba-odds-2017-18
sbr:2017-18:2017-11-30:UTA:LAC,2017-18,2017-11-30,UTA,LAC,126,107,202.0,1.0,-120,100,https://www.sportsbookreviewsonline.com/scoresoddsarchives/nba-odds-2017-18
sbr:2017-18:2017-12-01:CHA:MIA,2017-18,2017-12-01,CHA,MIA,100,105,205.0,-2.0,115,-135,https://www.sportsbookreviewsonline.com/scoresoddsarchives/nba-odds-2017-18
sbr:2017-18:2017-12-01:DET:WAS,2017-18,2017-12-01,DET,WAS,91,109,204.5,0.0,-110,-110,https://www.sportsbookreviewsonline.com/scoresoddsarchives/nba-odds-2017-18
sbr:2017-18:2017-12-01:GSW:ORL,2017-18,2017-12-01,GSW,ORL,133,112,228.5,10.5,-675,475,https://www.sportsbookreviewsonline.com/scoresoddsarchives/nba-odds-2017-18
sbr:2017-18:2017-12-01:IND:TOR,2017-18,2017-12-01,IND,TOR,115,120,217.5,-7.0,240,-300,https://www.sportsbookreviewsonline.com/scoresoddsarchives/nba-odds-2017-18
sbr:2017-18:2017-12-01:MIN:OKC,2017-18,2017-12-01,MIN,OKC,107,111,208.5,-5.5,190,-240,https://www.sportsbookreviewsonline.com/scoresoddsarchives/nba-odds-2017-18
sbr:2017-18:2017-12-01:NOP:UTA,2017-18,2017-12-01,NOP,UTA,108,114,205.0,3.5,-155,135,https://www.sportsbookreviewsonline.com/scoresoddsarchives/nba-odds-2017-18
sbr:2017-18:2017-12-01:SAC:CHI,2017-18,2017-12-01,SAC,CHI,107,106,195.5,1.0,-115,-105,https://www.sportsbookreviewsonline.com/scoresoddsarchives/nba-odds-2017-18
sbr:2017-18:2017-12-01:SAS:MEM,2017-18,2017-12-01,SAS,MEM,95,79,192.5,3.5,-155,135,https://www.sportsbookreviewsonline.com/scoresoddsarchives/nba-odds-2017-18
sbr:2017-18:2017-12-02:ATL:BKN,2017-18,2017-12-02,ATL,BKN,114,102,217.0,-4.5,175,-210,https://www.sportsbookreviewsonline.com/scoresoddsarchives/nba-odds-2017-18
sbr:2017-18:2017-12-02:DET:PHI,2017-18,2017-12-02,DET,PHI,103,108,213.0,-4.0,150,-180,https://www.sportsbookreviewsonline.com/scoresoddsarchives/nba-odds-2017-18
sbr:2017-18:2017-12-02:LAC:DAL,2017-18,2017-12-02,LAC,DAL,82,108,209.0,-4.5,160,-190,https://www.sportsbookreviewsonline.com/scoresoddsarchives/nba-odds-2017-18
sbr:2017-18:2017-12-02:LAL:DEN,2017-18,2017-12-02,LAL,DEN,100,115,222.0,-3.5,145,-170,https://www.sportsbookreviewsonline.com/scoresoddsarchives/nba-odds-2017-18
sbr:2017-18:2017-12-02:MEM:CLE,2017-18,2017-12-02,MEM,CLE,111,116,205.5,-11.5,550,-800,https://www.sportsbookreviewsonline.com/scoresoddsarchives/nba-odds-2017-18
sbr:2017-18:2017-12-02:NOP:POR,2017-18,2017-12-02,NOP,POR,123,116,211.0,-7.5,250,-310,https://www.sportsbookreviewsonline.com/scoresoddsarchives/nba-odds-2017-18
sbr:2017-18:2017-12-02:PHX:BOS,2017-18,2017-12-02,PHX,BOS,111,116,217.0,-12.0,600,-900,https://www.sportsbookreviewsonline.com/scoresoddsarchives/nba-odds-2017-18
sbr:2017-18:2017-12-02:SAC:MIL,2017-18,2017-12-02,SAC,MIL,104,109,199.5,-13.0,750,-1200,https://www.sportsbookreviewsonline.com/scoresoddsarchives/nba-odds-2017-18
sbr:2017-18:2017-12-03:GSW:MIA,2017-18,2017-12-03,GSW,MIA,123,95,221.5,10.5,-650,450,https://www.sportsbookreviewsonline.com/scoresoddsarchives/nba-odds-2017-18
sbr:2017-18:2017-12-03:HOU:LAL,2017-18,2017-12-03,HOU,LAL,118,95,224.5,12.0,-900,600,https://www.sportsbookreviewsonline.com/scoresoddsarchives/nba-odds-2017-18
sbr:2017-18:2017-12-03:LAC:MIN,2017-18,2017-12-03,LAC,MIN,106,112,214.0,-12.0,600,-900,https://www.sportsbookreviewsonline.com/scoresoddsarchives/nba-odds-2017-18
sbr:2017-18:2017-12-03:SAS:OKC,2017-18,2017-12-03,SAS,OKC,87,90,199.5,-8.5,300,-400,https://www.sportsbookreviewsonline.com/scoresoddsarchives/nba-odds-2017-18
sbr:2017-18:2017-12-04:BKN:ATL,2017-18,2017-12-04,BKN,ATL,110,90,221.5,-1.0,-105,-115,https://www.sportsbookreviewsonline.com/scoresoddsarchives/nba-odds-2017-18
sbr:2017-18:2017-12-04:CLE:CHI,2017-18,2017-12-04,CLE,CHI,113,91,210.0,9.0,-500,375,https://www.sportsbookreviewsonline.com/scoresoddsarchives/nba-odds-2017-18
sbr:2017-18:2017-12-04:DEN:DAL,2017-18,2017-12-04,DEN,DAL,105,122,209.0,-2.0,110,-130,https://www.sportsbookreviewsonline.com/scoresoddsarchives/nba-odds-2017-18
sbr:2017-18:2017-12-04:DET:SAS,2017-18,2017-12-04,DET,SAS,93,96,200.0,-4.0,145,-170,https://www.sportsbookreviewsonline.com/scoresoddsarchives/nba-odds-2017-18
sbr:2017-18:2017-12-04:GSW:NOP,2017-18,2017-12-04,GSW,NOP,125,115,228.0,9.5,-450,350,https://www.sportsbookreviewsonline.com/scoresoddsarchives/nba-odds-2017-18
sbr:2017-18:2017-12-04:MIL:BOS,2017-18,2017-12-04,MIL,BOS,100,111,203.5,-5.0,175,-210,https://www.sportsbookreviewsonline.com/scoresoddsarchives/nba-odds-2017-18
sbr:2017-18:2017-12-04:MIN:MEM,2017-18,2017-12-04,MIN,MEM,92,95,201.5,2.5,-145,125,https://www.sportsbookreviewsonline.com/scoresoddsarchives/nba-odds-2017-18
sbr:2017-18:2017-12-04:NYK:IND,2017-18,2017-12-04,NYK,IND,97,115,211.0,-11.0,500,-700,https://www.sportsbookreviewsonline.com/scoresoddsarchives/nba-odds-2017-18
sbr:2017-18:2017-12-04:ORL:CHA,2017-18,2017-12-04,ORL,CHA,94,104,218.5,-7.5,240,-300,https://www.sportsbookreviewsonline.com/scoresoddsarchives/nba-odds-2017-18
sbr:2017-18:2017-12-04:PHX:PHI,2017-18,2017-12-04,PHX,PHI,115,101,227.0,-10.5,450,-650,https://www.sportsbookreviewsonline.com/scoresoddsarchives/nba-odds-2017-18
sbr:2017-18:2017-12-04:WAS:UTA,2017-18,2017-12-04,WAS,UTA,69,116,196.5,-4.0,145,-170,https://www.sportsbookreviewsonline.com/scoresoddsarchives/nba-odds-2017-18
sbr:2017-18:2017-12-05:PHX:TOR,2017-18,2017-12-05,PHX,TOR,113,126,224.5,-14.5,1000,-2000,https://www.sportsbookreviewsonline.com/scoresoddsarchives/nba-odds-2017-18
sbr:2017-18:2017-12-05:UTA:OKC,2017-18,2017-12-05,UTA,OKC,94,100,199.0,-8.5,300,-400,https://www.sportsbookreviewsonline.com/scoresoddsarchives/nba-odds-2017-18
sbr:2017-18:2017-12-05:WAS:POR,2017-18,2017-12-05,WAS,POR,106,92,202.0,-6.5,210,-260,https://www.sportsbookreviewsonline.com/scoresoddsarchives/nba-odds-2017-18
sbr:2017-18:2017-12-06:CHI:IND,2017-18,2017-12-06,CHI,IND,96,98,207.0,-10.0,425,-600,https://www.sportsbookreviewsonline.com/scoresoddsarchives/nba-odds-2017-18
sbr:2017-18:2017-12-06:DAL:BOS,2017-18,2017-12-06,DAL,BOS,90,97,201.0,-7.5,275,-350,https://www.sportsbookreviewsonline.com/scoresoddsarchives/nba-odds-2017-18
sbr:2017-18:2017-12-06:DEN:NOP,2017-18,2017-12-06,DEN,NOP,114,123,221.5,-5.0,180,-220,https://www.sportsbookreviewsonline.com/scoresoddsarchives/nba-odds-2017-18
sbr:2017-18:2017-12-06:DET:MIL,2017-18,2017-12-06,DET,MIL,100,104,204.0,-4.5,155,-185,https://www.sportsbookreviewsonline.com/scoresoddsarchives/nba-odds-2017-18
sbr:2017-18:2017-12-06:GSW:CHA,2017-18,2017-12-06,GSW,CHA,101,87,215.0,4.0,-165,142,https://www.sportsbookreviewsonline.com/scoresoddsarchives/nba-odds-2017-18
sbr:2017-18:2017-12-06:MEM:NYK,2017-18,2017-12-06,MEM,NYK,88,99,197.5,-1.5,105,-125,https://www.sportsbookreviewsonline.com/scoresoddsarchives/nba-odds-2017-18
sbr:2017-18:2017-12-06:MIA:SAS,2017-18,2017-12-06,MIA,SAS,105,117,197.5,-8.0,300,-400,https://www.sportsbookreviewsonline.com/scoresoddsarchives/nba-odds-2017-18
sbr:2017-18:2017-12-06:MIN:LAC,2017-18,2017-12-06,MIN,LAC,113,107,210.5,5.5,-220,180,https://www.sportsbookreviewsonline.com/scoresoddsarchives/nba-odds-2017-18
sbr:2017-18:2017-12-06:SAC:CLE,2017-18,2017-12-06,SAC,CLE,95,101,210.0,-12.5,750,-1200,https://www.sportsbookreviewsonline.com/scoresoddsarchives/nba-odds-2017-18
sbr:2017-18:2017-12-07:HOU:UTA,2017-18,2017-12-07,HOU,UTA,112,101,211.5,6.0,-250,200,https://www.sportsbookreviewsonline.com/scoresoddsarchives/nba-odds-2017-18
sbr:2017-18:2017-12-07:LAL:PHI,2017-18,2017-12-07,LAL,PHI,107,104,221.0,-9.0,320,-420,https://www.sportsbookreviewsonline.com/scoresoddsarchives/nba-odds-2017-18
sbr:2017-18:2017-12-07:OKC:BKN,2017-18,2017-12-07,OKC,BKN,95,100,215.5,7.0,-280,230,https://www.sportsbookreviewsonline.com/scoresoddsarchives/nba-odds-2017-18
sbr:2017-18:2017-12-07:WAS:PHX,2017-18,2017-12-07,WAS,PHX,109,99,213.0,6.5,-270,220,https://www.sportsbookreviewsonline.com/scoresoddsarchives/nba-odds-2017-18
sbr:2017-18:2017-12-08:BOS:SAS,2017-18,2017-12-08,BOS,SAS,102,105,199.0,-2.5,115,-135,https://www.sportsbookreviewsonline.com/scoresoddsarchives/nba-odds-2017-18
sbr:2017-18:2017-12-08:CLE:IND,2017-18,2017-12-08,CLE,IND,102,106,221.0,3.0,-170,148,https://www.sportsbookreviewsonline.com/scoresoddsarchives/nba-odds-2017-18
sbr:2017-18:2017-12-08:DAL:MIL,2017-18,2017-12-08,DAL,MIL,102,109,201.0,-6.5,230,-280,https://www.sportsbookreviewsonline.com/scoresoddsarchives/nba-odds-2017-18
sbr:2017-18:2017-12-08:DEN:ORL,2017-18,2017-12-08,DEN,ORL,103,89,218.0,-2.0,105,-125,https://www.sportsbookreviewsonline.com/scoresoddsarchives/nba-odds-2017-18
sbr:2017-18:2017-12-08:GSW:DET,2017-18,2017-12-08,GSW,DET,102,98,212.0,5.5,-240,199,https://www.sportsbookreviewsonline.com/scoresoddsarchives/nba-odds-2017-18
sbr:2017-18:2017-12-08:TOR:MEM,2017-18,2017-12-08,TOR,MEM,116,107,201.0,5.0,-200,170,https://www.sportsbookreviewsonline.com/scoresoddsarchives/nba-odds-2017-18
sbr:2017-18:2017-12-09:HOU:POR,2017-18,2017-12-09,HOU,POR,124,117,217.5,8.5,-420,320,https://www.sportsbookreviewsonline.com/scoresoddsarchives/nba-odds-2017-18
sbr:2017-18:2017-12-09:LAL:CHA,2017-18,2017-12-09,LAL,CHA,110,99,212.0,-3.5,140,-160,https://www.sportsbookreviewsonline.com/scoresoddsarchives/nba-odds-2017-18
sbr:2017-18:2017-12-09:MIA:BKN,2017-18,2017-12-09,MIA,BKN,101,89,212.5,2.5,-135,115,https://www.sportsbookreviewsonline.com/scoresoddsarchives/nba-odds-2017-18
sbr:2017-18:2017-12-09:NYK:CHI,2017-18,2017-12-09,NYK,CHI,102,104,200.0,3.5,-170,145,https://www.sportsbookreviewsonline.com/scoresoddsarchives/nba-odds-2017-18
sbr:2017-18:2017-12-09:ORL:ATL,2017-18,2017-12-09,ORL,ATL,110,117,208.5,-5.5,190,-240,https://www.sportsbookreviewsonline.com/scoresoddsarchives/nba-odds-2017-18
sbr:2017-18:2017-12-09:PHI:CLE,2017-18,2017-12-09,PHI,CLE,98,105,220.5,-5.5,190,-240,https://www.sportsbookreviewsonline.com/scoresoddsarchives/nba-odds-2017-18
sbr:2017-18:2017-12-09:SAS:PHX,2017-18,2017-12-09,SAS,PHX,104,101,205.5,5.0,-230,185,https://www.sportsbookreviewsonline.com/scoresoddsarchives/nba-odds-2017-18
sbr:2017-18:2017-12-09:UTA:MIL,2017-18,2017-12-09,UTA,MIL,100,117,197.0,-1.0,-105,-115,https://www.sportsbookreviewsonline.com/scoresoddsarchives/nba-odds-2017-18
sbr:2017-18:2017-12-09:WAS:LAC,2017-18,2017-12-09,WAS,LAC,112,113,204.5,2.0,-130,110,https://www.sportsbookreviewsonline.com/scoresoddsarchives/nba-odds-2017-18
sbr:2017-18:2017-12-10:ATL:NYK,2017-18,2017-12-10,ATL,NYK,107,111,206.5,-5.5,180,-220,https://www.sportsbookreviewsonline.com/scoresoddsarchives/nba-odds-2017-18
sbr:2017-18:2017-12-10:BOS:DET,2017-18,2017-12-10,BOS,DET,91,81,201.0,1.0,-120,100,https://www.sportsbookreviewsonline.com/scoresoddsarchives/nba-odds-2017-18
sbr:2017-18:2017-12-10:DAL:MIN,2017-18,2017-12-10,DAL,MIN,92,97,208.0,-8.0,275,-350,https://www.sportsbookreviewsonline.com/scoresoddsarchives/nba-odds-2017-18
sbr:2017-18:2017-12-10:PHI:NOP,2017-18,2017-12-10,PHI,NOP,124,131,218.0,-6.5,225,-275,https://www.sportsbookreviewsonline.com/scoresoddsarchives/nba-odds-2017-18
sbr:2017-18:2017-12-10:TOR:SAC,2017-18,2017-12-10,TOR,SAC,102,87,207.0,9.0,-425,325,https://www.sportsbookreviewsonline.com/scoresoddsarchives/nba-odds-2017-18
sbr:2017-18:2017-12-11:BOS:CHI,2017-18,2017-12-11,BOS,CHI,85,108,193.5,5.5,-240,190,https://www.sportsbookreviewsonline.com/scoresoddsarchives/nba-odds-2017-18
sbr:2017-18:2017-12-11:CHA:OKC,2017-18,2017-12-11,CHA,OKC,116,103,207.0,-7.5,275,-350,https://www.sportsbookreviewsonline.com/scoresoddsarchives/nba-odds-2017-18
sbr:2017-18:2017-12-11:MIA:MEM,2017-18,2017-12-11,MIA,MEM,107,82,193.5,-1.5,105,-125,https://www.sportsbookreviewsonline.com/scoresoddsarchives/nba-odds-2017-18
sbr:2017-18:2017-12-11:NOP:HOU,2017-18,2017-12-11,NOP,HOU,123,130,227.5,-14.0,800,-1400,https://www.sportsbookreviewsonline.com/scoresoddsarchives/nba-odds-2017-18
sbr:2017-18:2017-12-11:POR:GSW,2017-18,2017-12-11,POR,GSW,104,111,216.5,-8.0,300,-400,https://www.sportsbookreviewsonline.com/scoresoddsarchives/nba-odds-2017-18
sbr:2017-18:2017-12-11:TOR:LAC,2017-18,2017-12-11,TOR,LAC,91,96,214.5,6.0,-250,200,https://www.sportsbookreviewsonline.com/scoresoddsarchives/nba-odds-2017-18
sbr:2017-18:2017-12-12:ATL:CLE,2017-18,2017-12-12,ATL,CLE,114,123,215.0,-12.0,639,-950,https://www.sportsbookreviewsonline.com/scoresoddsarchives/nba-odds-2017-18
sbr:2017-18:2017-12-12:DEN:DET,2017-18,2017-12-12,DEN,DET,103,84,211.0,-7.0,226,-275,https://www.sportsbookreviewsonline.com/scoresoddsarchives/nba-odds-2017-18
sbr:2017-18:2017-12-12:PHX:SAC,2017-18,2017-12-12,PHX,SAC,92,99,210.0,-5.0,171,-201,https://www.sportsbookreviewsonline.com/scoresoddsarchives/nba-odds-2017-18
sbr:2017-18:2017-12-12:SAS:DAL,2017-18,2017-12-12,SAS,DAL,89,95,200.0,5.5,-255,211,https://www.sportsbookreviewsonline.com/scoresoddsarchives/nba-odds-2017-18
sbr:2017-18:2017-12-12:WAS:BKN,2017-18,2017-12-12,WAS,BKN,98,103,214.0,3.0,-155,135,https://www.sportsbookreviewsonline.com/scoresoddsarchives/nba-odds-2017-18
sbr:2017-18:2017-12-13:CHA:HOU,2017-18,2017-12-13,CHA,HOU,96,108,220.0,-12.0,619,-910,https://www.sportsbookreviewsonline.com/scoresoddsarchives/nba-odds-2017-18
sbr:2017-18:2017-12-13:DEN:BOS,2017-18,2017-12-13,DEN,BOS,118,124,210.0,-6.0,199,-240,https://www.sportsbookreviewsonline.com/scoresoddsarchives/nba-odds-2017-18
sbr:2017-18:2017-12-13:MEM:WAS,2017-18,2017-12-13,MEM,WAS,87,93,199.5,-7.5,263,-325,https://www.sportsbookreviewsonline.com/scoresoddsarchives/nba-odds-2017-18
sbr:2017-18:2017-12-13:MIL:NOP,2017-18,2017-12-13,MIL,NOP,108,115,217.5,-2.0,110,-130,https://www.sportsbookreviewsonline.com/scoresoddsarchives/nba-odds-2017-18
sbr:2017-18:2017-12-13:POR:MIA,2017-18,2017-12-13,POR,MIA,102,95,204.5,-2.5,115,-135,https://www.sportsbookreviewsonline.com/scoresoddsarchives/nba-odds-2017-18
sbr:2017-18:2017-12-13:TOR:PHX,2017-18,2017-12-13,TOR,PHX,115,109,220.5,12.0,-850,588,https://www.sportsbookreviewsonline.com/scoresoddsarchives/nba-odds-2017-18
sbr:2017-18:2017-12-13:UTA:CHI,2017-18,2017-12-13,UTA,CHI,100,103,196.5,5.5,-215,180,https://www.sportsbookreviewsonline.com/scoresoddsarchives/nba-odds-2017-18
sbr:2017-18:2017-12-14:DAL:GSW,2017-18,2017-12-14,DAL,GSW,97,112,209.5,-10.0,450,-650,https://www.sportsbookreviewsonline.com/scoresoddsarchives/nba-odds-2017-18
sbr:2017-18:2017-12-14:DET:ATL,2017-18,2017-12-14,DET,ATL,105,91,206.0,4.0,-180,150,https://www.sportsbookreviewsonline.com/scoresoddsarchives/nba-odds-2017-18
sbr:2017-18:2017-12-14:LAL:CLE,2017-18,2017-12-14,LAL,CLE,112,121,220.5,-10.0,450,-650,https://www.sportsbookreviewsonline.com/scoresoddsarchives/nba-odds-2017-18
sbr:2017-18:2017-12-14:NYK:BKN,2017-18,2017-12-14,NYK,BKN,111,104,212.0,-1.5,105,-125,https://www.sportsbookreviewsonline.com/scoresoddsarchives/nba-odds-2017-18
sbr:2017-18:2017-12-14:SAC:MIN,2017-18,2017-12-14,SAC,MIN,96,119,202.0,-11.0,500,-700,https://www.sportsbookreviewsonline.com/scoresoddsarchives/nba-odds-2017-18
sbr:2017-18:2017-12-15:ATL:MEM,2017-18,2017-12-15,ATL,MEM,94,96,198.0,-6.5,220,-270,https://www.sportsbookreviewsonline.com/scoresoddsarchives/nba-odds-2017-18
sbr:2017-18:2017-12-15:BKN:TOR,2017-18,2017-12-15,BKN,TOR,87,120,218.5,-13.0,700,-1100,https://www.sportsbookreviewsonline.com/scoresoddsarchives/nba-odds-2017-18
sbr:2017-18:2017-12-15:CHI:MIL,2017-18,2017-12-15,CHI,MIL,115,109,205.0,-8.5,300,-400,https://www.sportsbookreviewsonline.com/scoresoddsarchives/nba-odds-2017-18
sbr:2017-18:2017-12-15:DET:IND,2017-18,2017-12-15,DET,IND,104,98,207.5,-5.5,185,-230,https://www.sportsbookreviewsonline.com/scoresoddsarchives/nba-odds-2017-18
sbr:2017-18:2017-12-15:LAC:WAS,2017-18,2017-12-15,LAC,WAS,91,100,208.5,-10.5,425,-600,https://www.sportsbookreviewsonline.com/scoresoddsarchives/nba-odds-2017-18
sbr:2017-18:2017-12-15:MIA:CHA,2017-18,2017-12-15,MIA,CHA,104,98,203.5,-5.0,175,-210,https://www.sportsbookreviewsonline.com/scoresoddsarchives/nba-odds-2017-18
sbr:2017-18:2017-12-15:POR:ORL,2017-18,2017-12-15,POR,ORL,95,88,208.5,4.0,-185,155,https://www.sportsbookreviewsonline.com/scoresoddsarchives/nba-odds-2017-18
sbr:2017-18:2017-12-15:SAS:HOU,2017-18,2017-12-15,SAS,HOU,109,124,213.5,-8.0,295,-390,https://www.sportsbookreviewsonline.com/scoresoddsarchives/nba-odds-2017-18
sbr:2017-18:2017-12-15:UTA:BOS,2017-18,2017-12-15,UTA,BOS,107,95,197.0,-4.5,170,-200,https://www.sportsbookreviewsonline.com/scoresoddsarchives/nba-odds-2017-18
sbr:2017-18:2017-12-16:BOS:MEM,2017-18,2017-12-16,BOS,MEM,102,93,194.5,5.5,-240,190,https://www.sportsbookreviewsonline.com/scoresoddsarchives/nba-odds-2017-18
sbr:2017-18:2017-12-16:DAL:SAS,2017-18,2017-12-16,DAL,SAS,96,98,198.0,-6.0,200,-250,https://www.sportsbookreviewsonline.com/scoresoddsarchives/nba-odds-2017-18
sbr:2017-18:2017-12-16:LAC:MIA,2017-18,2017-12-16,LAC,MIA,85,90,205.5,-6.5,220,-270,https://www.sportsbookreviewsonline.com/scoresoddsarchives/nba-odds-2017-18
sbr:2017-18:2017-12-16:MIL:HOU,2017-18,2017-12-16,MIL,HOU,111,115,221.5,-10.5,450,-650,https://www.sportsbookreviewsonline.com/scoresoddsarchives/nba-odds-2017-18
sbr:2017-18:2017-12-16:OKC:NYK,2017-18,2017-12-16,OKC,NYK,96,111,202.0,4.5,-190,160,https://www.sportsbookreviewsonline.com/scoresoddsarchives/nba-odds-2017-18
sbr:2017-18:2017-12-16:PHX:MIN,2017-18,2017-12-16,PHX,MIN,108,106,218.0,-12.0,600,-900,https://www.sportsbookreviewsonline.com/scoresoddsarchives/nba-odds-2017-18
sbr:2017-18:2017-12-16:POR:CHA,2017-18,2017-12-16,POR,CHA,93,91,204.0,-3.5,145,-170,https://www.sportsbookreviewsonline.com/scoresoddsarchives/nba-odds-2017-18
sbr:2017-18:2017-12-16:UTA:CLE,2017-18,2017-12-16,UTA,CLE,100,109,212.0,-9.5,400,-550,https://www.sportsbookreviewsonline.com/scoresoddsarchives/nba-odds-2017-18
sbr:2017-18:2017-12-17:IND:BKN,2017-18,2017-12-17,IND,BKN,109,97,220.0,3.5,-165,142,https://www.sportsbookreviewsonline.com/scoresoddsarchives/nba-odds-2017-18
sbr:2017-18:2017-12-17:ORL:DET,2017-18,2017-12-17,ORL,DET,110,114,204.0,-9.0,320,-420,https://www.sportsbookreviewsonline.com/scoresoddsarchives/nba-odds-2017-18
sbr:2017-18:2017-12-17:SAC:TOR,2017-18,2017-12-17,SAC,TOR,93,108,203.0,-12.0,600,-900,https://www.sportsbookreviewsonline.com/scoresoddsarchives/nba-odds-2017-18
sbr:2017-18:2017-12-18:BOS:IND,2017-18,2017-12-18,BOS,IND,112,111,205.5,2.5,-140,120,https://www.sportsbookreviewsonline.com/scoresoddsarchives/nba-odds-2017-18
sbr:2017-18:2017-12-18:DEN:OKC,2017-18,2017-12-18,DEN,OKC,94,95,211.0,-5.0,170,-200,https://www.sportsbookreviewsonline.com/scoresoddsarchives/nba-odds-2017-18
sbr:2017-18:2017-12-18:LAC:SAS,2017-18,2017-12-18,LAC,SAS,91,109,199.5,-11.5,600,-900,https://www.sportsbookreviewsonline.com/scoresoddsarchives/nba-odds-2017-18
sbr:2017-18:2017-12-18:NYK:CHA,2017-18,2017-12-18,NYK,CHA,91,109,205.5,-8.0,260,-330,https://www.sportsbookreviewsonline.com/scoresoddsarchives/nba-odds-2017-18
sbr:2017-18:2017-12-18:PHI:CHI,2017-18,2017-12-18,PHI,CHI,115,117,210.5,2.0,-130,110,https://www.sportsbookreviewsonline.com/scoresoddsarchives/nba-odds-2017-18
sbr:2017-18:2017-12-18:PHX:DAL,2017-18,2017-12-18,PHX,DAL,97,91,209.0,-7.5,240,-300,https://www.sportsbookreviewsonline.com/scoresoddsarchives/nba-odds-2017-18
sbr:2017-18:2017-12-18:POR:MIN,2017-18,2017-12-18,POR,MIN,107,108,207.5,-4.0,150,-180,https://www.sportsbookreviewsonline.com/scoresoddsarchives/nba-odds-2017-18
sbr:2017-18:2017-12-18:UTA:HOU,2017-18,2017-12-18,UTA,HOU,99,120,217.0,-12.0,650,-1000,https://www.sportsbookreviewsonline.com/scoresoddsarchives/nba-odds-2017-18
sbr:2017-18:2017-12-19:CLE:MIL,2017-18,2017-12-19,CLE,MIL,116,119,215.0,1.0,-115,-105,https://www.sportsbookreviewsonline.com/scoresoddsarchives/nba-odds-2017-18
sbr:2017-18:2017-12-19:NOP:WAS,2017-18,2017-12-19,NOP,WAS,106,116,217.0,-2.0,110,-130,https://www.sportsbookreviewsonline.com/scoresoddsarchives/nba-odds-2017-18
sbr:2017-18:2017-12-19:SAC:PHI,2017-18,2017-12-19,SAC,PHI,101,95,207.5,-8.5,310,-410,https://www.sportsbookreviewsonline.com/scoresoddsarchives/nba-odds-2017-18
sbr:2017-18:2017-12-20:IND:ATL,2017-18,2017-12-20,IND,ATL,105,95,213.0,5.0,-200,170,https://www.sportsbookreviewsonline.com/scoresoddsarchives/nba-odds-2017-18
sbr:2017-18:2017-12-20:LAL:HOU,2017-18,2017-12-20,LAL,HOU,122,116,225.5,-15.0,1000,-2000,https://www.sportsbookreviewsonline.com/scoresoddsarchives/nba-odds-2017-18
sbr:2017-18:2017-12-20:MEM:GSW,2017-18,2017-12-20,MEM,GSW,84,97,204.5,-10.0,425,-600,https://www.sportsbookreviewsonline.com/scoresoddsarchives/nba-odds-2017-18
sbr:2017-18:2017-12-20:MIA:BOS,2017-18,2017-12-20,MIA,BOS,90,89,200.0,-9.0,350,-450,https://www.sportsbookreviewsonline.com/scoresoddsarchives/nba-odds-2017-18
sbr:2017-18:2017-12-20:MIN:DEN,2017-18,2017-12-20,MIN,DEN,112,104,215.0,0.0,-110,-110,https://www.sportsbookreviewsonline.com/scoresoddsarchives/nba-odds-2017-18
sbr:2017-18:2017-12-20:ORL:CHI,2017-18,2017-12-20,ORL,CHI,94,112,210.5,-5.5,180,-220,https://www.sportsbookreviewsonline.com/scoresoddsarchives/nba-odds-2017-18
sbr:2017-18:2017-12-20:PHX:LAC,2017-18,2017-12-20,PHX,LAC,95,108,215.5,-5.5,190,-240,https://www.sportsbookreviewsonline.com/scoresoddsarchives/nba-odds-2017-18
sbr:2017-18:2017-12-20:SAC:BKN,2017-18,2017-12-20,SAC,BKN,104,99,206.0,-5.5,190,-240,https://www.sportsbookreviewsonline.com/scoresoddsarchives/nba-odds-2017-18
sbr:2017-18:2017-12-20:SAS:POR,2017-18,2017-12-20,SAS,POR,93,91,198.5,-3.0,130,-150,https://www.sportsbookreviewsonline.com/scoresoddsarchives/nba-odds-2017-18
sbr:2017-18:2017-12-20:TOR:CHA,2017-18,2017-12-20,TOR,CHA,129,111,211.5,2.0,-135,115,https://www.sportsbookreviewsonline.com/scoresoddsarchives/nba-odds-2017-18
sbr:2017-18:2017-12-20:UTA:OKC,2017-18,2017-12-20,UTA,OKC,79,107,197.0,-8.0,285,-370,https://www.sportsbookreviewsonline.com/scoresoddsarchives/nba-odds-2017-18
sbr:2017-18:2017-12-21:BOS:NYK,2017-18,2017-12-21,BOS,NYK,93,102,203.5,3.0,-150,130,https://www.sportsbookreviewsonline.com/scoresoddsarchives/nba-odds-2017-18
sbr:2017-18:2017-12-21:CHI:CLE,2017-18,2017-12-21,CHI,CLE,112,115,216.0,-10.0,550,-800,https://www.sportsbookreviewsonline.com/scoresoddsarchives/nba-odds-2017-18
sbr:2017-18:2017-12-21:SAS:UTA,2017-18,2017-12-21,SAS,UTA,89,100,195.0,2.0,-135,115,https://www.sportsbookreviewsonline.com/scoresoddsarchives/nba-odds-2017-18
sbr:2017-18:2017-12-21:TOR:PHI,2017-18,2017-12-21,TOR,PHI,114,109,217.5,4.0,-180,150,https://www.sportsbookreviewsonline.com/scoresoddsarchives/nba-odds-2017-18
sbr:2017-18:2017-12-22:ATL:OKC,2017-18,2017-12-22,ATL,OKC,117,120,204.0,-11.0,500,-700,https://www.sportsbookreviewsonline.com/scoresoddsarchives/nba-odds-2017-18
sbr:2017-18:2017-12-22:CHA:MIL,2017-18,2017-12-22,CHA,MIL,104,109,209.0,-5.0,175,-210,https://www.sportsbookreviewsonline.com/scoresoddsarchives/nba-odds-2017-18
sbr:2017-18:2017-12-22:LAC:HOU,2017-18,2017-12-22,LAC,HOU,128,118,221.0,-12.0,600,-900,https://www.sportsbookreviewsonline.com/scoresoddsarchives/nba-odds-2017-18
sbr:2017-18:2017-12-22:LAL:GSW,2017-18,2017-12-22,LAL,GSW,106,113,216.0,-12.0,600,-900,https://www.sportsbookreviewsonline.com/scoresoddsarchives/nba-odds-2017-18
sbr:2017-18:2017-12-22:NOP:ORL,2017-18,2017-12-22,NOP,ORL,111,97,218.0,6.0,-250,200,https://www.sportsbookreviewsonline.com/scoresoddsarchives/nba-odds-2017-18
sbr:2017-18:2017-12-22:NYK:DET,2017-18,2017-12-22,NYK,DET,101,104,202.5,-6.5,230,-280,https://www.sportsbookreviewsonline.com/scoresoddsarchives/nba-odds-2017-18
sbr:2017-18:2017-12-22:WAS:BKN,2017-18,2017-12-22,WAS,BKN,84,119,215.5,6.5,-270,220,https://www.sportsbookreviewsonline.com/scoresoddsarchives/nba-odds-2017-18
sbr:2017-18:2017-12-23:CHI:BOS,2017-18,2017-12-23,CHI,BOS,92,117,204.5,-8.0,280,-360,https://www.sportsbookreviewsonline.com/scoresoddsarchives/nba-odds-2017-18
sbr:2017-18:2017-12-23:DAL:ATL,2017-18,2017-12-23,DAL,ATL,107,112,202.5,1.5,-125,105,https://www.sportsbookreviewsonline.com/scoresoddsarchives/nba-odds-2017-18
sbr:2017-18:2017-12-23:DEN:GSW,2017-18,2017-12-23,DEN,GSW,96,81,216.5,-8.0,300,-400,https://www.sportsbookreviewsonline.com/scoresoddsarchives/nba-odds-2017-18
sbr:2017-18:2017-12-23:LAC:MEM,2017-18,2017-12-23,LAC,MEM,112,115,197.5,-3.0,125,-145,https://www.sportsbookreviewsonline.com/scoresoddsarchives/nba-odds-2017-18
sbr:2017-18:2017-12-23:MIL:CHA,2017-18,2017-12-23,MIL,CHA,106,111,207.5,-4.5,150,-180,https://www.sportsbookreviewsonline.com/scoresoddsarchives/nba-odds-2017-18
sbr:2017-18:2017-12-23:MIN:PHX,2017-18,2017-12-23,MIN,PHX,115,106,217.0,8.0,-360,280,https://www.sportsbookreviewsonline.com/scoresoddsarchives/nba-odds-2017-18
sbr:2017-18:2017-12-23:NOP:MIA,2017-18,2017-12-23,NOP,MIA,109,94,209.0,3.0,-150,130,https://www.sportsbookreviewsonline.com/scoresoddsarchives/nba-odds-2017-18
sbr:2017-18:2017-12-23:OKC:UTA,2017-18,2017-12-23,OKC,UTA,103,89,197.5,-1.5,105,-125,https://www.sportsbookreviewsonline.com/scoresoddsarchives/nba-odds-2017-18
sbr:2017-18:2017-12-23:ORL:WAS,2017-18,2017-12-23,ORL,WAS,103,130,211.5,-12.0,650,-1000,https://www.sportsbookreviewsonline.com/scoresoddsarchives/nba-odds-2017-18
sbr:2017-18:2017-12-23:PHI:TOR,2017-18,2017-12-23,PHI,TOR,86,102,218.0,-7.5,255,-320,https://www.sportsbookreviewsonline.com/scoresoddsarchives/nba-odds-2017-18
sbr:2017-18:2017-12-23:POR:LAL,2017-18,2017-12-23,POR,LAL,95,92,200.5,-3.0,140,-160,https://www.sportsbookreviewsonline.com/scoresoddsarchives/nba-odds-2017-18
sbr:2017-18:2017-12-23:SAS:SAC,2017-18,2017-12-23,SAS,SAC,108,99,196.0,6.0,-260,210,https://www.sportsbookreviewsonline.com/scoresoddsarchives/nba-odds-2017-18
sbr:2017-18:2017-12-25:CLE:GSW,2017-18,2017-12-25,CLE,GSW,92,99,216.0,-4.0,150,-180,https://www.sportsbookreviewsonline.com/scoresoddsarchives/nba-odds-2017-18
sbr:2017-18:2017-12-25:MIN:LAL,2017-18,2017-12-25,MIN,LAL,121,104,216.0,6.0,-250,200,https://www.sportsbookreviewsonline.com/scoresoddsarchives/nba-odds-2017-18
sbr:2017-18:2017-12-25:WAS:BOS,2017-18,2017-12-25,WAS,BOS,111,103,208.5,-4.0,150,-180,https://www.sportsbookreviewsonline.com/scoresoddsarchives/nba-odds-2017-18
sbr:2017-18:2017-12-26:BKN:SAS,2017-18,2017-12-26,BKN,SAS,97,109,207.0,-11.5,575,-850,https://www.sportsbookreviewsonline.com/scoresoddsarchives/nba-odds-2017-18
sbr:2017-18:2017-12-26:CHI:MIL,2017-18,2017-12-26,CHI,MIL,115,106,211.5,-7.5,250,-310,https://www.sportsbookreviewsonline.com/scoresoddsarchives/nba-odds-2017-18
sbr:2017-18:2017-12-26:IND:DET,2017-18,2017-12-26,IND,DET,83,107,207.5,-2.0,110,-130,https://www.sportsbookreviewsonline.com/scoresoddsarchives/nba-odds-2017-18
sbr:2017-18:2017-12-26:ORL:MIA,2017-18,2017-12-26,ORL,MIA,89,107,204.5,-8.5,300,-400,https://www.sportsbookreviewsonline.com/scoresoddsarchives/nba-odds-2017-18
sbr:2017-18:2017-12-26:SAC:LAC,2017-18,2017-12-26,SAC,LAC,95,122,205.5,-5.5,190,-240,https://www.sportsbookreviewsonline.com/scoresoddsarchives/nba-odds-2017-18
sbr:2017-18:2017-12-26:TOR:DAL,2017-18,2017-12-26,TOR,DAL,93,98,209.5,6.0,-250,200,https://www.sportsbookreviewsonline.com/scoresoddsarchives/nba-odds-2017-18
sbr:2017-18:2017-12-26:UTA:DEN,2017-18,2017-12-26,UTA,DEN,83,107,204.0,-6.0,210,-260,https://www.sportsbookreviewsonline.com/scoresoddsarchives/nba-odds-2017-18
sbr:2017-18:2017-12-27:BKN:NOP,2017-18,2017-12-27,BKN,NOP,113,128,222.5,-9.0,351,-450,https://www.sportsbookreviewsonline.com/scoresoddsarchives/nba-odds-2017-18
sbr:2017-18:2017-12-27:BOS:CHA,2017-18,2017-12-27,BOS,CHA,102,91,206.5,1.0,-111,-109,https://www.sportsbookreviewsonline.com/scoresoddsarchives/nba-odds-2017-18
sbr:2017-18:2017-12-27:CLE:SAC,2017-18,2017-12-27,CLE,SAC,95,109,208.0,9.5,-525,400,https://www.sportsbookreviewsonline.com/scoresoddsarchives/nba-odds-2017-18
sbr:2017-18:2017-12-27:DAL:IND,2017-18,2017-12-27,DAL,IND,98,94,202.5,-3.5,144,-165,https://www.sportsbookreviewsonline.com/scoresoddsarchives/nba-odds-2017-18
sbr:2017-18:2017-12-27:MEM:LAL,2017-18,2017-12-27,MEM,LAL,109,99,202.0,-3.5,140,-160,https://www.sportsbookreviewsonline.com/scoresoddsarchives/nba-odds-2017-18
sbr:2017-18:2017-12-27:NYK:CHI,2017-18,2017-12-27,NYK,CHI,87,92,208.0,-1.5,105,-125,https://www.sportsbookreviewsonline.com/scoresoddsarchives/nba-odds-2017-18
sbr:2017-18:2017-12-27:TOR:OKC,2017-18,2017-12-27,TOR,OKC,107,124,209.5,-3.5,148,-170,https://www.sportsbookreviewsonline.com/scoresoddsarchives/nba-odds-2017-18
sbr:2017-18:2017-12-27:UTA:GSW,2017-18,2017-12-27,UTA,GSW,101,126,203.5,-11.0,534,-750,https://www.sportsbookreviewsonline.com/scoresoddsarchives/nba-odds-2017-18
sbr:2017-18:2017-12-27:WAS:ATL,2017-18,2017-12-27,WAS,ATL,99,113,214.0,5.5,-215,180,https://www.sportsbookreviewsonline.com/scoresoddsarchives/nba-odds-2017-18
sbr:2017-18:2017-12-28:DET:ORL,2017-18,2017-12-28,DET,ORL,89,102,205.5,4.0,-180,150,https://www.sportsbookreviewsonline.com/scoresoddsarchives/nba-odds-2017-18
sbr:2017-18:2017-12-28:HOU:BOS,2017-18,2017-12-28,HOU,BOS,98,99,216.0,1.5,-120,100,https://www.sportsbookreviewsonline.com/scoresoddsarchives/nba-odds-2017-18
sbr:2017-18:2017-12-28:MIN:MIL,2017-18,2017-12-28,MIN,MIL,96,102,212.0,-4.5,160,-190,https://www.sportsbookreviewsonline.com/scoresoddsarchives/nba-odds-2017-18
sbr:2017-18:2017-12-28:NYK:SAS,2017-18,2017-12-28,NYK,SAS,107,119,199.0,-10.0,450,-650,https://www.sportsbookreviewsonline.com/scoresoddsarchives/nba-odds-2017-18
sbr:2017-18:2017-12-29:ATL:TOR,2017-18,2017-12-29,ATL,TOR,98,111,218.0,-11.0,500,-700,https://www.sportsbookreviewsonline.com/scoresoddsarchives/nba-odds-2017-18
sbr:2017-18:2017-12-29:BKN:MIA,2017-18,2017-12-29,BKN,MIA,111,87,204.0,-6.0,200,-250,https://www.sportsbookreviewsonline.com/scoresoddsarchives/nba-odds-2017-18
sbr:2017-18:2017-12-29:CHA:GSW,2017-18,2017-12-29,CHA,GSW,111,100,211.5,-10.0,450,-650,https://www.sportsbookreviewsonline.com/scoresoddsarchives/nba-odds-2017-18
sbr:2017-18:2017-12-29:DAL:NOP,2017-18,2017-12-29,DAL,NOP,128,120,213.0,-7.0,235,-290,https://www.sportsbookreviewsonline.com/scoresoddsarchives/nba-odds-2017-18
sbr:2017-18:2017-12-29:HOU:WAS,2017-18,2017-12-29,HOU,WAS,103,121,223.5,1.5,-125,105,https://www.sportsbookreviewsonline.com/scoresoddsarchives/nba-odds-2017-18
sbr:2017-18:2017-12-29:IND:CHI,2017-18,2017-12-29,IND,CHI,107,119,206.5,-3.0,135,-155,https://www.sportsbookreviewsonline.com/scoresoddsarchives/nba-odds-2017-18
sbr:2017-18:2017-12-29:LAC:LAL,2017-18,2017-12-29,LAC,LAL,121,106,218.0,3.0,-155,135,https://www.sportsbookreviewsonline.com/scoresoddsarchives/nba-odds-2017-18
sbr:2017-18:2017-12-29:MIL:OKC,2017-18,2017-12-29,MIL,OKC,97,95,208.5,-6.5,220,-270,https://www.sportsbookreviewsonline.com/scoresoddsarchives/nba-odds-2017-18
sbr:2017-18:2017-12-29:PHX:SAC,2017-18,2017-12-29,PHX,SAC,111,101,210.5,-2.5,120,-140,https://www.sportsbookreviewsonline.com/scoresoddsarchives/nba-odds-2017-18
sbr:2017-18:2017-12-30:CLE:UTA,2017-18,2017-12-30,CLE,UTA,101,104,207.5,3.0,-155,135,https://www.sportsbookreviewsonline.com/scoresoddsarchives/nba-odds-2017-18
sbr:2017-18:2017-12-30:MEM:GSW,2017-18,2017-12-30,MEM,GSW,128,141,206.5,-14.5,900,-1600,https://www.sportsbookreviewsonline.com/scoresoddsarchives/nba-odds-2017-18
sbr:2017-18:2017-12-30:MIA:ORL,2017-18,2017-12-30,MIA,ORL,117,111,206.0,1.5,-125,105,https://www.sportsbookreviewsonline.com/scoresoddsarchives/nba-odds-2017-18
sbr:2017-18:2017-12-30:NYK:NOP,2017-18,2017-12-30,NYK,NOP,105,103,216.5,-5.5,180,-220,https://www.sportsbookreviewsonline.com/scoresoddsarchives/nba-odds-2017-18
sbr:2017-18:2017-12-30:PHI:DEN,2017-18,2017-12-30,PHI,DEN,107,102,213.0,-7.0,240,-300,https://www.sportsbookreviewsonline.com/scoresoddsarchives/nba-odds-2017-18
sbr:2017-18:2017-12-30:POR:ATL,2017-18,2017-12-30,POR,ATL,89,104,204.0,2.0,-135,115,https://www.sportsbookreviewsonline.com/scoresoddsarchives/nba-odds-2017-18
sbr:2017-18:2017-12-30:SAS:DET,2017-18,2017-12-30,SAS,DET,79,93,197.5,4.5,-190,160,https://www.sportsbookreviewsonline.com/scoresoddsarchives/nba-odds-2017-18
sbr:2017-18:2017-12-31:BKN:BOS,2017-18,2017-12-31,BKN,BOS,105,108,209.5,-9.5,375,-500,https://www.sportsbookreviewsonline.com/scoresoddsarchives/nba-odds-2017-18
sbr:2017-18:2017-12-31:CHA:LAC,2017-18,2017-12-31,CHA,LAC,98,106,211.0,-2.0,115,-135,https://www.sportsbookreviewsonline.com/scoresoddsarchives/nba-odds-2017-18
sbr:2017-18:2017-12-31:CHI:WAS,2017-18,2017-12-31,CHI,WAS,110,114,211.0,-8.0,280,-360,https://www.sportsbookreviewsonline.com/scoresoddsarchives/nba-odds-2017-18
sbr:2017-18:2017-12-31:DAL:OKC,2017-18,2017-12-31,DAL,OKC,116,113,204.0,-8.0,280,-360,https://www.sportsbookreviewsonline.com/scoresoddsarchives/nba-odds-2017-18
sbr:2017-18:2017-12-31:MEM:SAC,2017-18,2017-12-31,MEM,SAC,114,96,192.0,-2.0,110,-130,https://www.sportsbookreviewsonline.com/scoresoddsarchives/nba-odds-2017-18
sbr:2017-18:2017-12-31:MIN:IND,2017-18,2017-12-31,MIN,IND,107,90,208.5,3.0,-150,130,https://www.sportsbookreviewsonline.com/scoresoddsarchives/nba-odds-2017-18
sbr:2017-18:2017-12-31:PHI:PHX,2017-18,2017-12-31,PHI,PHX,123,110,221.0,3.5,-160,140,https://www.sportsbookreviewsonline.com/scoresoddsarchives/nba-odds-2017-18
sbr:2018-19:2018-10-16:OKC:GSW,2018-19,2018-10-16,OKC,GSW,100,108,220.5,-12.0,711,-1100,https://www.sportsbookreviewsonline.com/scoresoddsarchives/nba-odds-2018-19
sbr:2018-19:2018-10-16:PHI:BOS,2018-19,2018-10-16,PHI,BOS,87,105,211.5,-4.5,170,-200,https://www.sportsbookreviewsonline.com/scoresoddsarchives/nba-odds-2018-19
sbr:2018-19:2018-10-17:ATL:NYK,2018-19,2018-10-17,ATL,NYK,107,126,216.5,-4.0,148,-170,https://www.sportsbookreviewsonline.com/scoresoddsarchives/nba-odds-2018-19
sbr:2018-19:2018-10-17:BKN:DET,2018-19,2018-10-17,BKN,DET,100,103,213.0,-6.0,211,-255,https://www.sportsbookreviewsonline.com/scoresoddsarchives/nba-odds-2018-19
sbr:2018-19:2018-10-17:CLE:TOR,2018-19,2018-10-17,CLE,TOR,104,116,215.5,-12.5,797,-1300,https://www.sportsbookreviewsonline.com/scoresoddsarchives/nba-odds-2018-19
sbr:2018-19:2018-10-17:MEM:IND,2018-19,2018-10-17,MEM,IND,83,111,204.5,-7.5,263,-325,https://www.sportsbookreviewsonline.com/scoresoddsarchives/nba-odds-2018-19
sbr:2018-19:2018-10-17:MIA:ORL,2018-19,2018-10-17,MIA,ORL,101,104,208.0,2.5,-135,115,https://www.sportsbookreviewsonline.com/scoresoddsarchives/nba-odds-2018-19
sbr:2018-19:2018-10-17:MIL:CHA,2018-19,2018-10-17,MIL,CHA,113,112,222.0,3.0,-165,144,https://www.sportsbookreviewsonline.com/scoresoddsarchives/nba-odds-2018-19
sbr:2018-19:2018-10-17:MIN:SAS,2018-19,2018-10-17,MIN,SAS,108,112,212.0,-2.5,125,-145,https://www.sportsbookreviewsonline.com/scoresoddsarchives/nba-odds-2018-19
sbr:2018-19:2018-10-17:NOP:HOU,2018-19,2018-10-17,NOP,HOU,131,112,233.0,-8.0,278,-345,https://www.sportsbookreviewsonline.com/scoresoddsarchives/nba-odds-2018-19
sbr:2018-19:2018-10-17:UTA:SAC,2018-19,2018-10-17,UTA,SAC,123,117,205.5,8.5,-400,317,https://www.sportsbookreviewsonline.com/scoresoddsarchives/nba-odds-2018-19
sbr:2018-19:2018-10-18:CHI:PHI,2018-19,2018-10-18,CHI,PHI,108,127,221.0,-12.5,733,-1150,https://www.sportsbookreviewsonline.com/scoresoddsarchives/nba-odds-2018-19
sbr:2018-19:2018-10-18:LAL:POR,2018-19,2018-10-18,LAL,POR,119,128,224.0,-3.0,135,-155,https://www.sportsbookreviewsonline.com/scoresoddsarchives/nba-odds-2018-19
sbr:2018-19:2018-10-18:MIA:WAS,2018-19,2018-10-18,MIA,WAS,113,112,215.0,-6.0,215,-260,https://www.sportsbookreviewsonline.com/scoresoddsarchives/nba-odds-2018-19
sbr:2018-19:2018-10-19:ATL:MEM,2018-19,2018-10-19,ATL,MEM,117,131,217.0,-7.0,237,-290,https://www.sportsbookreviewsonline.com/scoresoddsarchives/nba-odds-2018-19
sbr:2018-19:2018-10-19:BOS:TOR,2018-19,2018-10-19,BOS,TOR,101,113,209.5,-3.0,135,-155,https://www.sportsbookreviewsonline.com/scoresoddsarchives/nba-odds-2018-19
sbr:2018-19:2018-10-19:CHA:ORL,2018-19,2018-10-19,CHA,ORL,120,88,215.5,1.5,-125,105,https://www.sportsbookreviewsonline.com/scoresoddsarchives/nba-odds-2018-19
sbr:2018-19:2018-10-19:CLE:MIN,2018-19,2018-10-19,CLE,MIN,123,131,223.0,-8.5,334,-425,https://www.sportsbookreviewsonline.com/scoresoddsarchives/nba-odds-2018-19
sbr:2018-19:2018-10-19:GSW:UTA,2018-19,2018-10-19,GSW,UTA,124,123,217.5,2.5,-135,115,https://www.sportsbookreviewsonline.com/scoresoddsarchives/nba-odds-2018-19
sbr:2018-19:2018-10-19:IND:MIL,2018-19,2018-10-19,IND,MIL,101,118,217.0,-3.5,144,-165,https://www.sportsbookreviewsonline.com/scoresoddsarchives/nba-odds-2018-19
sbr:2018-19:2018-10-19:NYK:BKN,2018-19,2018-10-19,NYK,BKN,105,107,222.0,-4.0,148,-170,https://www.sportsbookreviewsonline.com/scoresoddsarchives/nba-odds-2018-19
sbr:2018-19:2018-10-19:OKC:LAC,2018-19,2018-10-19,OKC,LAC,92,108,214.0,-3.0,130,-150,https://www.sportsbookreviewsonline.com/scoresoddsarchives/nba-odds-2018-19
sbr:2018-19:2018-10-19:SAC:NOP,2018-19,2018-10-19,SAC,NOP,129,149,232.5,-11.5,664,-1000,https://www.sportsbookreviewsonline.com/scoresoddsarchives/nba-odds-2018-19
sbr:2018-19:2018-10-20:BKN:IND,2018-19,2018-10-20,BKN,IND,112,132,214.5,-8.0,303,-380,https://www.sportsbookreviewsonline.com/scoresoddsarchives/nba-odds-2018-19
sbr:2018-19:2018-10-20:BOS:NYK,2018-19,2018-10-20,BOS,NYK,103,101,210.5,9.5,-500,384,https://www.sportsbookreviewsonline.com/scoresoddsarchives/nba-odds-2018-19
sbr:2018-19:2018-10-20:CHA:MIA,2018-19,2018-10-20,CHA,MIA,113,112,220.5,-3.5,135,-155,https://www.sportsbookreviewsonline.com/scoresoddsarchives/nba-odds-2018-19
sbr:2018-19:2018-10-20:DET:CHI,2018-19,2018-10-20,DET,CHI,118,116,217.0,5.0,-200,170,https://www.sportsbookreviewsonline.com/scoresoddsarchives/nba-odds-2018-19
sbr:2018-19:2018-10-20:HOU:LAL,2018-19,2018-10-20,HOU,LAL,124,115,237.5,3.5,-160,140,https://www.sportsbookreviewsonline.com/scoresoddsarchives/nba-odds-2018-19
sbr:2018-19:2018-10-20:ORL:PHI,2018-19,2018-10-20,ORL,PHI,115,116,217.5,-12.5,797,-1300,https://www.sportsbookreviewsonline.com/scoresoddsarchives/nba-odds-2018-19
sbr:2018-19:2018-10-20:PHX:DEN,2018-19,2018-10-20,PHX,DEN,91,119,224.5,-10.5,459,-620,https://www.sportsbookreviewsonline.com/scoresoddsarchives/nba-odds-2018-19
sbr:2018-19:2018-10-20:SAS:POR,2018-19,2018-10-20,SAS,POR,108,121,214.0,-5.0,172,-205,https://www.sportsbookreviewsonline.com/scoresoddsarchives/nba-odds-2018-19
sbr:2018-19:2018-10-21:ATL:CLE,2018-19,2018-10-21,ATL,CLE,133,111,232.5,-8.0,303,-380,https://www.sportsbookreviewsonline.com/scoresoddsarchives/nba-odds-2018-19
sbr:2018-19:2018-10-21:GSW:DEN,2018-19,2018-10-21,GSW,DEN,98,100,230.5,4.5,-189,163,https://www.sportsbookreviewsonline.com/scoresoddsarchives/nba-odds-2018-19
sbr:2018-19:2018-10-21:SAC:OKC,2018-19,2018-10-21,SAC,OKC,131,120,222.5,-10.5,477,-650,https://www.sportsbookreviewsonline.com/scoresoddsarchives/nba-odds-2018-19
sbr:2018-19:2018-10-22:CHA:TOR,2018-19,2018-10-22,CHA,TOR,106,127,225.0,-8.5,317,-400,https://www.sportsbookreviewsonline.com/scoresoddsarchives/nba-odds-2018-19
sbr:2018-19:2018-10-22:CHI:DAL,2018-19,2018-10-22,CHI,DAL,109,115,229.0,-5.0,170,-200,https://www.sportsbookreviewsonline.com/scoresoddsarchives/nba-odds-2018-19
sbr:2018-19:2018-10-22:IND:MIN,2018-19,2018-10-22,IND,MIN,91,101,229.5,-2.0,110,-130,https://www.sportsbookreviewsonline.com/scoresoddsarchives/nba-odds-2018-19
sbr:2018-19:2018-10-22:MEM:UTA,2018-19,2018-10-22,MEM,UTA,92,84,213.5,-11.0,506,-700,https://www.sportsbookreviewsonline.com/scoresoddsarchives/nba-odds-2018-19
sbr:2018-19:2018-10-22:NYK:MIL,2018-19,2018-10-22,NYK,MIL,113,124,227.0,-11.5,614,-900,https://www.sportsbookreviewsonline.com/scoresoddsarchives/nba-odds-2018-19
sbr:2018-19:2018-10-22:ORL:BOS,2018-19,2018-10-22,ORL,BOS,93,90,211.5,-11.0,611,-894,https://www.sportsbookreviewsonline.com/scoresoddsarchives/nba-odds-2018-19
sbr:2018-19:2018-10-22:PHX:GSW,2018-19,2018-10-22,PHX,GSW,103,123,227.5,-12.5,797,-1300,https://www.sportsbookreviewsonline.com/scoresoddsarchives/nba-odds-2018-19
sbr:2018-19:2018-10-23:LAC:NOP,2018-19,2018-10-23,LAC,NOP,109,116,237.5,-5.5,203,-245,https://www.sportsbookreviewsonline.com/scoresoddsarchives/nba-odds-2018-19
sbr:2018-19:2018-10-23:SAC:DEN,2018-19,2018-10-23,SAC,DEN,112,126,229.5,-12.0,614,-900,https://www.sportsbookreviewsonline.com/scoresoddsarchives/nba-odds-2018-19
sbr:2018-19:2018-10-24:BKN:CLE,2018-19,2018-10-24,BKN,CLE,102,86,226.0,-2.5,125,-145,https://www.sportsbookreviewsonline.com/scoresoddsarchives/nba-odds-2018-19
sbr:2018-19:2018-10-24:CHA:CHI,2018-19,2018-10-24,CHA,CHI,110,112,229.5,4.5,-200,170,https://www.sportsbookreviewsonline.com/scoresoddsarchives/nba-odds-2018-19
sbr:2018-19:2018-10-24:DAL:ATL,2018-19,2018-10-24,DAL,ATL,104,111,235.5,2.0,-130,110,https://www.sportsbookreviewsonline.com/scoresoddsarchives/nba-odds-2018-19
sbr:2018-19:2018-10-24:IND:SAS,2018-19,2018-10-24,IND,SAS,116,96,210.5,-1.5,105,-125,https://www.sportsbookreviewsonline.com/scoresoddsarchives/nba-odds-2018-19
sbr:2018-19:2018-10-24:LAL:PHX,2018-19,2018-10-24,LAL,PHX,131,113,238.0,5.5,-230,185,https://www.sportsbookreviewsonline.com/scoresoddsarchives/nba-odds-2018-19
sbr:2018-19:2018-10-24:MEM:SAC,2018-19,2018-10-24,MEM,SAC,92,97,220.5,2.5,-140,120,https://www.sportsbookreviewsonline.com/scoresoddsarchives/nba-odds-2018-19
sbr:2018-19:2018-10-24:MIN:TOR,2018-19,2018-10-24,MIN,TOR,105,112,226.5,-8.5,325,-425,https://www.sportsbookreviewsonline.com/scoresoddsarchives/nba-odds-2018-19
sbr:2018-19:2018-10-24:NYK:MIA,2018-19,2018-10-24,NYK,MIA,87,110,218.0,-8.0,300,-400,https://www.sportsbookreviewsonline.com/scoresoddsarchives/nba-odds-2018-19
sbr:2018-19:2018-10-24:PHI:MIL,2018-19,2018-10-24,PHI,MIL,108,123,228.5,-5.0,180,-220,https://www.sportsbookreviewsonline.com/scoresoddsarchives/nba-odds-2018-19
sbr:2018-19:2018-10-24:UTA:HOU,2018-19,2018-10-24,UTA,HOU,100,89,217.5,-1.0,-105,-115,https://www.sportsbookreviewsonline.com/scoresoddsarchives/nba-odds-2018-19
sbr:2018-19:2018-10-24:WAS:GSW,2018-19,2018-10-24,WAS,GSW,122,144,235.5,-10.0,450,-650,https://www.sportsbookreviewsonline.com/scoresoddsarchives/nba-odds-2018-19
sbr:2018-19:2018-10-25:BOS:OKC,2018-19,2018-10-25,BOS,OKC,101,95,219.0,0.0,-110,-110,https://www.sportsbookreviewsonline.com/scoresoddsarchives/nba-odds-2018-19
sbr:2018-19:2018-10-25:CLE:DET,2018-19,2018-10-25,CLE,DET,103,110,216.5,-9.5,375,-500,https://www.sportsbookreviewsonline.com/scoresoddsarchives/nba-odds-2018-19
sbr:2018-19:2018-10-25:DEN:LAL,2018-19,2018-10-25,DEN,LAL,114,121,235.0,1.5,-120,100,https://www.sportsbookreviewsonline.com/scoresoddsarchives/nba-odds-2018-19
sbr:2018-19:2018-10-25:POR:ORL,2018-19,2018-10-25,POR,ORL,128,114,213.5,3.5,-170,145,https://www.sportsbookreviewsonline.com/scoresoddsarchives/nba-odds-2018-19
sbr:2018-19:2018-10-26:BKN:NOP,2018-19,2018-10-26,BKN,NOP,115,117,231.5,-9.0,375,-500,https://www.sportsbookreviewsonline.com/scoresoddsarchives/nba-odds-2018-19
sbr:2018-19:2018-10-26:CHI:CHA,2018-19,2018-10-26,CHI,CHA,106,135,223.0,-10.5,450,-650,https://www.sportsbookreviewsonline.com/scoresoddsarchives/nba-odds-2018-19
sbr:2018-19:2018-10-26:DAL:TOR,2018-19,2018-10-26,DAL,TOR,107,116,221.5,-11.5,650,-1000,https://www.sportsbookreviewsonline.com/scoresoddsarchives/nba-odds-2018-19
sbr:2018-19:2018-10-26:GSW:NYK,2018-19,2018-10-26,GSW,NYK,128,100,225.0,11.5,-1000,650,https://www.sportsbookreviewsonline.com/scoresoddsarchives/nba-odds-2018-19
sbr:2018-19:2018-10-26:LAC:HOU,2018-19,2018-10-26,LAC,HOU,133,113,217.5,-4.0,150,-180,https://www.sportsbookreviewsonline.com/scoresoddsarchives/nba-odds-2018-19
sbr:2018-19:2018-10-26:MIL:MIN,2018-19,2018-10-26,MIL,MIN,125,95,233.0,2.0,-130,110,https://www.sportsbookreviewsonline.com/scoresoddsarchives/nba-odds-2018-19
sbr:2018-19:2018-10-26:WAS:SAC,2018-19,2018-10-26,WAS,SAC,112,116,236.0,5.5,-240,190,https://www.sportsbookreviewsonline.com/scoresoddsarchives/nba-odds-2018-19
sbr:2018-19:2018-10-27:BOS:DET,2018-19,2018-10-27,BOS,DET,109,89,212.0,3.5,-160,140,https://www.sportsbookreviewsonline.com/scoresoddsarchives/nba-odds-2018-19
sbr:2018-19:2018-10-27:CHA:PHI,2018-19,2018-10-27,CHA,PHI,103,105,232.5,-7.0,230,-280,https://www.sportsbookreviewsonline.com/scoresoddsarchives/nba-odds-2018-19
sbr:2018-19:2018-10-27:CHI:ATL,2018-19,2018-10-27,CHI,ATL,97,85,232.5,-5.5,190,-240,https://www.sportsbookreviewsonline.com/scoresoddsarchives/nba-odds-2018-19
sbr:2018-19:2018-10-27:IND:CLE,2018-19,2018-10-27,IND,CLE,119,107,213.5,7.5,-350,275,https://www.sportsbookreviewsonline.com/scoresoddsarchives/nba-odds-2018-19
sbr:2018-19:2018-10-27:ORL:MIL,2018-19,2018-10-27,ORL,MIL,91,113,220.0,-9.0,375,-500,https://www.sportsbookreviewsonline.com/scoresoddsarchives/nba-odds-2018-19
sbr:2018-19:2018-10-27:PHX:MEM,2018-19,2018-10-27,PHX,MEM,96,117,207.0,-7.5,275,-350,https://www.sportsbookreviewsonline.com/scoresoddsarchives/nba-odds-2018-19
sbr:2018-19:2018-10-27:POR:MIA,2018-19,2018-10-27,POR,MIA,111,120,220.5,-1.5,105,-125,https://www.sportsbookreviewsonline.com/scoresoddsarchives/nba-odds-2018-19
sbr:2018-19:2018-10-28:GSW:BKN,2018-19,2018-10-28,GSW,BKN,120,114,227.0,9.5,-650,450,https://www.sportsbookreviewsonline.com/scoresoddsarchives/nba-odds-2018-19
sbr:2018-19:2018-10-28:PHX:OKC,2018-19,2018-10-28,PHX,OKC,110,117,220.5,-13.0,1000,-2000,https://www.sportsbookreviewsonline.com/scoresoddsarchives/nba-odds-2018-19
sbr:2018-19:2018-10-28:UTA:DAL,2018-19,2018-10-28,UTA,DAL,113,104,214.0,4.5,-200,170,https://www.sportsbookreviewsonline.com/scoresoddsarchives/nba-odds-2018-19
sbr:2018-19:2018-10-28:WAS:LAC,2018-19,2018-10-28,WAS,LAC,104,136,229.0,-3.5,145,-170,https://www.sportsbookreviewsonline.com/scoresoddsarchives/nba-odds-2018-19
sbr:2018-19:2018-10-29:ATL:PHI,2018-19,2018-10-29,ATL,PHI,92,113,231.0,-11.0,650,-1000,https://www.sportsbookreviewsonline.com/scoresoddsarchives/nba-odds-2018-19
sbr:2018-19:2018-10-29:BKN:NYK,2018-19,2018-10-29,BKN,NYK,96,115,215.0,-1.0,100,-120,https://www.sportsbookreviewsonline.com/scoresoddsarchives/nba-odds-2018-19
sbr:2018-19:2018-10-29:GSW:CHI,2018-19,2018-10-29,GSW,CHI,149,124,227.0,11.0,-900,600,https://www.sportsbookreviewsonline.com/scoresoddsarchives/nba-odds-2018-19
sbr:2018-19:2018-10-29:NOP:DEN,2018-19,2018-10-29,NOP,DEN,111,116,229.5,-9.5,375,-500,https://www.sportsbookreviewsonline.com/scoresoddsarchives/nba-odds-2018-19
sbr:2018-19:2018-10-29:POR:IND,2018-19,2018-10-29,POR,IND,103,93,215.5,-4.0,145,-170,https://www.sportsbookreviewsonline.com/scoresoddsarchives/nba-odds-2018-19
sbr:2018-19:2018-10-29:SAC:MIA,2018-19,2018-10-29,SAC,MIA,123,113,227.0,-9.5,375,-500,https://www.sportsbookreviewsonline.com/scoresoddsarchives/nba-odds-2018-19
sbr:2018-19:2018-10-29:TOR:MIL,2018-19,2018-10-29,TOR,MIL,109,124,222.5,2.0,-130,110,https://www.sportsbookreviewsonline.com/scoresoddsarchives/nba-odds-2018-19
sbr:2018-19:2018-10-30:ATL:CLE,2018-19,2018-10-30,ATL,CLE,114,136,226.5,-4.5,172,-205,https://www.sportsbookreviewsonline.com/scoresoddsarchives/nba-odds-2018-19
sbr:2018-19:2018-10-30:DET:BOS,2018-19,2018-10-30,DET,BOS,105,108,212.0,-8.5,371,-480,https://www.sportsbookreviewsonline.com/scoresoddsarchives/nba-odds-2018-19
sbr:2018-19:2018-10-30:LAC:OKC,2018-19,2018-10-30,LAC,OKC,110,128,228.5,-4.0,144,-165,https://www.sportsbookreviewsonline.com/scoresoddsarchives/nba-odds-2018-19
sbr:2018-19:2018-10-30:MIA:CHA,2018-19,2018-10-30,MIA,CHA,113,125,221.0,-3.5,140,-160,https://www.sportsbookreviewsonline.com/scoresoddsarchives/nba-odds-2018-19
sbr:2018-19:2018-10-30:PHI:TOR,2018-19,2018-10-30,PHI,TOR,112,129,228.0,-6.0,215,-260,https://www.sportsbookreviewsonline.com/scoresoddsarchives/nba-odds-2018-19
sbr:2018-19:2018-10-30:POR:HOU,2018-19,2018-10-30,POR,HOU,104,85,223.5,-4.5,170,-200,https://www.sportsbookreviewsonline.com/scoresoddsarchives/nba-odds-2018-19
sbr:2018-19:2018-10-30:SAC:ORL,2018-19,2018-10-30,SAC,ORL,107,99,220.5,-4.5,170,-200,https://www.sportsbookreviewsonline.com/scoresoddsarchives/nba-odds-2018-19
sbr:2018-19:2018-10-30:WAS:MEM,2018-19,2018-10-30,WAS,MEM,95,107,220.5,-1.0,-105,-115,https://www.sportsbookreviewsonline.com/scoresoddsarchives/nba-odds-2018-19
sbr:2018-19:2018-10-31:DAL:LAL,2018-19,2018-10-31,DAL,LAL,113,114,234.0,-7.5,318,-402,https://www.sportsbookreviewsonline.com/scoresoddsarchives/nba-odds-2018-19
sbr:2018-19:2018-10-31:IND:NYK,2018-19,2018-10-31,IND,NYK,107,101,208.5,6.0,-256,212,https://www.sportsbookreviewsonline.com/scoresoddsarchives/nba-odds-2018-19
sbr:2018-19:2018-10-31:NOP:GSW,2018-19,2018-10-31,NOP,GSW,121,131,241.0,-8.5,386,-502,https://www.sportsbookreviewsonline.com/scoresoddsarchives/nba-odds-2018-19
sbr:2018-19:2018-10-31:SAS:PHX,2018-19,2018-10-31,SAS,PHX,120,90,215.0,6.5,-350,281,https://www.sportsbookreviewsonline.com/scoresoddsarchives/nba-odds-2018-19
sbr:2018-19:2018-10-31:UTA:MIN,2018-19,2018-10-31,UTA,MIN,125,128,222.0,7.0,-320,260,https://www.sportsbookreviewsonline.com/scoresoddsarchives/nba-odds-2018-19
sbr:2018-19:2018-11-01:DEN:CLE,2018-19,2018-11-01,DEN,CLE,110,91,218.5,5.0,-230,185,https://www.sportsbookreviewsonline.com/scoresoddsarchives/nba-odds-2018-19
sbr:2018-19:2018-11-01:LAC:PHI,2018-19,2018-11-01,LAC,PHI,113,122,229.0,-5.5,190,-240,https://www.sportsbookreviewsonline.com/scoresoddsarchives/nba-odds-2018-19
sbr:2018-19:2018-11-01:MIL:BOS,2018-19,2018-11-01,MIL,BOS,113,117,220.5,-2.5,120,-140,https://www.sportsbookreviewsonline.com/scoresoddsarchives/nba-odds-2018-19
sbr:2018-19:2018-11-01:NOP:POR,2018-19,2018-11-01,NOP,POR,119,132,229.5,-8.0,275,-350,https://www.sportsbookreviewsonline.com/scoresoddsarchives/nba-odds-2018-19
sbr:2018-19:2018-11-01:OKC:CHA,2018-19,2018-11-01,OKC,CHA,111,107,231.0,-1.0,100,-120,https://www.sportsbookreviewsonline.com/scoresoddsarchives/nba-odds-2018-19
sbr:2018-19:2018-11-01:SAC:ATL,2018-19,2018-11-01,SAC,ATL,146,115,234.0,2.0,-135,115,https://www.sportsbookreviewsonline.com/scoresoddsarchives/nba-odds-2018-19
sbr:2018-19:2018-11-02:HOU:BKN,2018-19,2018-11-02,HOU,BKN,119,111,220.5,4.0,-190,160,https://www.sportsbookreviewsonline.com/scoresoddsarchives/nba-odds-2018-19
sbr:2018-19:2018-11-02:IND:CHI,2018-19,2018-11-02,IND,CHI,107,105,213.5,7.0,-310,250,https://www.sportsbookreviewsonline.com/scoresoddsarchives/nba-odds-2018-19
sbr:2018-19:2018-11-02:LAC:ORL,2018-19,2018-11-02,LAC,ORL,120,95,219.5,3.5,-170,145,https://www.sportsbookreviewsonline.com/scoresoddsarchives/nba-odds-2018-19
sbr:2018-19:2018-11-02:MEM:UTA,2018-19,2018-11-02,MEM,UTA,110,100,201.5,-8.0,275,-350,https://www.sportsbookreviewsonline.com/scoresoddsarchives/nba-odds-2018-19
sbr:2018-19:2018-11-02:MIN:GSW,2018-19,2018-11-02,MIN,GSW,99,116,243.5,-10.5,550,-800,https://www.sportsbookreviewsonline.com/scoresoddsarchives/nba-odds-2018-19
sbr:2018-19:2018-11-02:NYK:DAL,2018-19,2018-11-02,NYK,DAL,118,106,216.0,-5.5,200,-250,https://www.sportsbookreviewsonline.com/scoresoddsarchives/nba-odds-2018-19
sbr:2018-19:2018-11-02:OKC:WAS,2018-19,2018-11-02,OKC,WAS,134,111,233.0,-3.5,145,-170,https://www.sportsbookreviewsonline.com/scoresoddsarchives/nba-odds-2018-19
sbr:2018-19:2018-11-02:TOR:PHX,2018-19,2018-11-02,TOR,PHX,107,98,226.5,10.0,-650,450,https://www.sportsbookreviewsonline.com/scoresoddsarchives/nba-odds-2018-19
sbr:2018-19:2018-11-03:BOS:IND,2018-19,2018-11-03,BOS,IND,101,102,205.5,3.5,-165,142,https://www.sportsbookreviewsonline.com/scoresoddsarchives/nba-odds-2018-19
sbr:2018-19:2018-11-03:CLE:CHA,2018-19,2018-11-03,CLE,CHA,94,126,222.0,-10.0,450,-650,https://www.sportsbookreviewsonline.com/scoresoddsarchives/nba-odds-2018-19
sbr:2018-19:2018-11-03:DET:PHI,2018-19,2018-11-03,DET,PHI,99,109,221.0,-7.5,275,-350,https://www.sportsbookreviewsonline.com/scoresoddsarchives/nba-odds-2018-19
sbr:2018-19:2018-11-03:HOU:CHI,2018-19,2018-11-03,HOU,CHI,96,88,223.5,8.5,-425,325,https://www.sportsbookreviewsonline.com/scoresoddsarchives/nba-odds-2018-19
sbr:2018-19:2018-11-03:LAL:POR,2018-19,2018-11-03,LAL,POR,114,110,236.0,-3.5,135,-155,https://www.sportsbookreviewsonline.com/scoresoddsarchives/nba-odds-2018-19
sbr:2018-19:2018-11-03:MIA:ATL,2018-19,2018-11-03,MIA,ATL,118,123,225.5,5.5,-240,190,https://www.sportsbookreviewsonline.com/scoresoddsarchives/nba-odds-2018-19
sbr:2018-19:2018-11-03:NOP:SAS,2018-19,2018-11-03,NOP,SAS,95,109,227.0,-2.0,105,-125,https://www.sportsbookreviewsonline.com/scoresoddsarchives/nba-odds-2018-19
sbr:2018-19:2018-11-03:UTA:DEN,2018-19,2018-11-03,UTA,DEN,88,103,209.5,-4.5,160,-190,https://www.sportsbookreviewsonline.com/scoresoddsarchives/nba-odds-2018-19
sbr:2018-19:2018-11-04:MEM:PHX,2018-19,2018-11-04,MEM,PHX,100,102,211.0,4.0,-190,160,https://www.sportsbookreviewsonline.com/scoresoddsarchives/nba-odds-2018-19
sbr:2018-19:2018-11-04:MIN:POR,2018-19,2018-11-04,MIN,POR,81,111,228.0,-6.0,225,-275,https://www.sportsbookreviewsonline.com/scoresoddsarchives/nba-odds-2018-19
sbr:2018-19:2018-11-04:NYK:WAS,2018-19,2018-11-04,NYK,WAS,95,108,223.5,-6.5,240,-300,https://www.sportsbookreviewsonline.com/scoresoddsarchives/nba-odds-2018-19
sbr:2018-19:2018-11-04:ORL:SAS,2018-19,2018-11-04,ORL,SAS,117,110,207.0,-7.5,280,-360,https://www.sportsbookreviewsonline.com/scoresoddsarchives/nba-odds-2018-19
sbr:2018-19:2018-11-04:PHI:BKN,2018-19,2018-11-04,PHI,BKN,97,122,224.0,4.0,-180,150,https://www.sportsbookreviewsonline.com/scoresoddsarchives/nba-odds-2018-19
sbr:2018-19:2018-11-04:SAC:MIL,2018-19,2018-11-04,SAC,MIL,109,144,235.0,-10.0,450,-650,https://www.sportsbookreviewsonline.com/scoresoddsarchives/nba-odds-2018-19
sbr:2018-19:2018-11-05:BOS:DEN,2018-19,2018-11-05,BOS,DEN,107,115,209.5,-1.0,100,-120,https://www.sportsbookreviewsonline.com/scoresoddsarchives/nba-odds-2018-19
sbr:2018-19:2018-11-05:CLE:ORL,2018-19,2018-11-05,CLE,ORL,100,102,214.0,-4.0,150,-180,https://www.sportsbookreviewsonline.com/scoresoddsarchives/nba-odds-2018-19
sbr:2018-19:2018-11-05:HOU:IND,2018-19,2018-11-05,HOU,IND,98,94,216.0,0.0,-110,-110,https://www.sportsbookreviewsonline.com/scoresoddsarchives/nba-odds-2018-19
sbr:2018-19:2018-11-05:MEM:GSW,2018-19,2018-11-05,MEM,GSW,101,117,221.0,-14.0,1000,-2000,https://www.sportsbookreviewsonline.com/scoresoddsarchives/nba-odds-2018-19
sbr:2018-19:2018-11-05:MIN:LAC,2018-19,2018-11-05,MIN,LAC,109,120,233.0,-5.5,190,-240,https://www.sportsbookreviewsonline.com/scoresoddsarchives/nba-odds-2018-19
sbr:2018-19:2018-11-05:NOP:OKC,2018-19,2018-11-05,NOP,OKC,116,122,235.5,-3.5,140,-160,https://www.sportsbookreviewsonline.com/scoresoddsarchives/nba-odds-2018-19
sbr:2018-19:2018-11-06:ATL:CHA,2018-19,2018-11-06,ATL,CHA,102,113,232.0,-11.5,600,-900,https://www.sportsbookreviewsonline.com/scoresoddsarchives/nba-odds-2018-19
sbr:2018-19:2018-11-07:CHI:NOP,2018-19,2018-11-07,CHI,NOP,98,107,228.0,-11.0,550,-800,https://www.sportsbookreviewsonline.com/scoresoddsarchives/nba-odds-2018-19
sbr:2018-19:2018-11-07:DAL:UTA,2018-19,2018-11-07,DAL,UTA,102,117,213.5,-9.5,400,-550,https://www.sportsbookreviewsonline.com/scoresoddsarchives/nba-odds-2018-19
sbr:2018-19:2018-11-07:DEN:MEM,2018-19,2018-11-07,DEN,MEM,87,89,203.5,3.5,-160,140,https://www.sportsbookreviewsonline.com/scoresoddsarchives/nba-odds-2018-19
sbr:2018-19:2018-11-07:DET:ORL,2018-19,2018-11-07,DET,ORL,103,96,213.0,3.0,-155,135,https://www.sportsbookreviewsonline.com/scoresoddsarchives/nba-odds-2018-19
sbr:2018-19:2018-11-07:MIN:LAL,2018-19,2018-11-07,MIN,LAL,110,114,238.5,-6.0,220,-270,https://www.sportsbookreviewsonline.com/scoresoddsarchives/nba-odds-2018-19
sbr:2018-19:2018-11-07:NYK:ATL,2018-19,2018-11-07,NYK,ATL,112,107,225.0,1.5,-120,100,https://www.sportsbookreviewsonline.com/scoresoddsarchives/nba-odds-2018-19
sbr:2018-19:2018-11-07:OKC:CLE,2018-19,2018-11-07,OKC,CLE,95,86,217.0,6.5,-280,230,https://www.sportsbookreviewsonline.com/scoresoddsarchives/nba-odds-2018-19
sbr:2018-19:2018-11-07:PHI:IND,2018-19,2018-11-07,PHI,IND,100,94,215.5,-2.5,125,-145,https://www.sportsbookreviewsonline.com/scoresoddsarchives/nba-odds-2018-19
sbr:2018-19:2018-11-07:SAS:MIA,2018-19,2018-11-07,SAS,MIA,88,95,215.5,-1.0,-105,-115,https://www.sportsbookreviewsonline.com/scoresoddsarchives/nba-odds-2018-19
sbr:2018-19:2018-11-07:TOR:SAC,2018-19,2018-11-07,TOR,SAC,114,105,233.5,9.0,-550,400,https://www.sportsbookreviewsonline.com/scoresoddsarchives/nba-odds-2018-19
sbr:2018-19:2018-11-08:HOU:OKC,2018-19,2018-11-08,HOU,OKC,80,98,214.0,5.0,-210,175,https://www.sportsbookreviewsonline.com/scoresoddsarchives/nba-odds-2018-19
sbr:2018-19:2018-11-08:LAC:POR,2018-19,2018-11-08,LAC,POR,105,116,225.5,-5.0,180,-220,https://www.sportsbookreviewsonline.com/scoresoddsarchives/nba-odds-2018-19
sbr:2018-19:2018-11-08:MIL:GSW,2018-19,2018-11-08,MIL,GSW,134,111,242.0,-5.5,220,-270,https://www.sportsbookreviewsonline.com/scoresoddsarchives/nba-odds-2018-19
sbr:2018-19:2018-11-09:BOS:UTA,2018-19,2018-11-09,BOS,UTA,115,123,205.0,-6.0,220,-270,https://www.sportsbookreviewsonline.com/scoresoddsarchives/nba-odds-2018-19
sbr:2018-19:2018-11-09:DET:ATL,2018-19,2018-11-09,DET,ATL,124,109,228.0,5.5,-250,200,https://www.sportsbookreviewsonline.com/scoresoddsarchives/nba-odds-2018-19
sbr:2018-19:2018-11-09:MIN:SAC,2018-19,2018-11-09,MIN,SAC,110,121,234.0,2.0,-135,115,https://www.sportsbookreviewsonline.com/scoresoddsarchives/nba-odds-2018-19
sbr:2018-19:2018-11-09:WAS:ORL,2018-19,2018-11-09,WAS,ORL,108,117,221.5,4.0,-170,145,https://www.sportsbookreviewsonline.com/scoresoddsarchives/nba-odds-2018-19
sbr:2018-19:2018-11-10:BKN:GSW,2018-19,2018-11-10,BKN,GSW,100,116,223.5,-8.0,300,-400,https://www.sportsbookreviewsonline.com/scoresoddsarchives/nba-odds-2018-19
sbr:2018-19:2018-11-10:CLE:CHI,2018-19,2018-11-10,CLE,CHI,98,99,212.0,-4.5,170,-200,https://www.sportsbookreviewsonline.com/scoresoddsarchives/nba-odds-2018-19
sbr:2018-19:2018-11-10:LAL:SAC,2018-19,2018-11-10,LAL,SAC,101,86,237.5,5.5,-250,200,https://www.sportsbookreviewsonline.com/scoresoddsarchives/nba-odds-2018-19
sbr:2018-19:2018-11-10:NYK:TOR,2018-19,2018-11-10,NYK,TOR,112,128,217.5,-14.5,1000,-2000,https://www.sportsbookreviewsonline.com/scoresoddsarchives/nba-odds-2018-19
sbr:2018-19:2018-11-10:PHX:NOP,2018-19,2018-11-10,PHX,NOP,99,119,228.5,-9.0,375,-500,https://www.sportsbookreviewsonline.com/scoresoddsarchives/nba-odds-2018-19
sbr:2018-19:2018-11-10:WAS:MIA,2018-19,2018-11-10,WAS,MIA,116,110,224.0,-3.5,145,-170,https://www.sportsbookreviewsonline.com/scoresoddsarchives/nba-odds-2018-19
sbr:2018-19:2018-11-11:ATL:LAL,2018-19,2018-11-11,ATL,LAL,106,107,237.0,-11.0,550,-800,https://www.sportsbookreviewsonline.com/scoresoddsarchives/nba-odds-2018-19
sbr:2018-19:2018-11-11:BOS:POR,2018-19,2018-11-11,BOS,POR,94,100,214.5,-2.0,110,-130,https://www.sportsbookreviewsonline.com/scoresoddsarchives/nba-odds-2018-19
sbr:2018-19:2018-11-11:CHA:DET,2018-19,2018-11-11,CHA,DET,113,103,221.5,-2.5,120,-140,https://www.sportsbookreviewsonline.com/scoresoddsarchives/nba-odds-2018-19
sbr:2018-19:2018-11-11:IND:HOU,2018-19,2018-11-11,IND,HOU,103,115,209.5,-2.5,125,-145,https://www.sportsbookreviewsonline.com/scoresoddsarchives/nba-odds-2018-19
sbr:2018-19:2018-11-11:MIL:DEN,2018-19,2018-11-11,MIL,DEN,121,114,224.5,-3.5,140,-160,https://www.sportsbookreviewsonline.com/scoresoddsarchives/nba-odds-2018-19
sbr:2018-19:2018-11-11:ORL:NYK,2018-19,2018-11-11,ORL,NYK,115,89,210.5,-3.5,142,-165,https://www.sportsbookreviewsonline.com/scoresoddsarchives/nba-odds-2018-19
sbr:2018-19:2018-11-12:BKN:MIN,2018-19,2018-11-12,BKN,MIN,113,120,226.5,-4.0,145,-170,https://www.sportsbookreviewsonline.com/scoresoddsarchives/nba-odds-2018-19
sbr:2018-19:2018-11-12:NOP:TOR,2018-19,2018-11-12,NOP,TOR,126,110,228.5,-10.0,400,-550,https://www.sportsbookreviewsonline.com/scoresoddsarchives/nba-odds-2018-19
sbr:2018-19:2018-11-12:ORL:WAS,2018-19,2018-11-12,ORL,WAS,109,117,222.0,-7.5,280,-360,https://www.sportsbookreviewsonline.com/scoresoddsarchives/nba-odds-2018-19
sbr:2018-19:2018-11-12:PHI:MIA,2018-19,2018-11-12,PHI,MIA,124,114,225.0,-2.5,120,-140,https://www.sportsbookreviewsonline.com/scoresoddsarchives/nba-odds-2018-19
sbr:2018-19:2018-11-12:PHX:OKC,2018-19,2018-11-12,PHX,OKC,101,118,215.0,-8.0,300,-400,https://www.sportsbookreviewsonline.com/scoresoddsarchives/nba-odds-2018-19
sbr:2018-19:2018-11-12:SAS:SAC,2018-19,2018-11-12,SAS,SAC,99,104,220.5,2.5,-140,120,https://www.sportsbookreviewsonline.com/scoresoddsarchives/nba-odds-2018-19
sbr:2018-19:2018-11-12:UTA:MEM,2018-19,2018-11-12,UTA,MEM,96,88,203.0,3.5,-170,145,https://www.sportsbookreviewsonline.com/scoresoddsarchives/nba-odds-2018-19
sbr:2018-19:2018-11-13:ATL:GSW,2018-19,2018-11-13,ATL,GSW,103,110,229.5,-11.5,650,-1000,https://www.sportsbookreviewsonline.com/scoresoddsarchives/nba-odds-2018-19
sbr:2018-19:2018-11-13:CHA:CLE,2018-19,2018-11-13,CHA,CLE,89,113,215.0,9.0,-450,350,https://www.sportsbookreviewsonline.com/scoresoddsarchives/nba-odds-2018-19
sbr:2018-19:2018-11-13:HOU:DEN,2018-19,2018-11-13,HOU,DEN,109,99,217.0,-4.5,150,-180,https://www.sportsbookreviewsonline.com/scoresoddsarchives/nba-odds-2018-19
sbr:2018-19:2018-11-14:CHI:BOS,2018-19,2018-11-14,CHI,BOS,82,111,213.0,-13.0,800,-1400,https://www.sportsbookreviewsonline.com/scoresoddsarchives/nba-odds-2018-19
sbr:2018-19:2018-11-14:CLE:WAS,2018-19,2018-11-14,CLE,WAS,95,119,215.0,-12.5,700,-1100,https://www.sportsbookreviewsonline.com/scoresoddsarchives/nba-odds-2018-19
sbr:2018-19:2018-11-14:DET:TOR,2018-19,2018-11-14,DET,TOR,106,104,222.0,-9.5,400,-550,https://www.sportsbookreviewsonline.com/scoresoddsarchives/nba-odds-2018-19
sbr:2018-19:2018-11-14:MEM:MIL,2018-19,2018-11-14,MEM,MIL,116,113,212.5,-9.5,400,-550,https://www.sportsbookreviewsonline.com/scoresoddsarchives/nba-odds-2018-19
sbr:2018-19:2018-11-14:MIA:BKN,2018-19,2018-11-14,MIA,BKN,120,107,214.0,2.0,-135,115,https://www.sportsbookreviewsonline.com/scoresoddsarchives/nba-odds-2018-19
sbr:2018-19:2018-11-14:NYK:OKC,2018-19,2018-11-14,NYK,OKC,103,128,213.5,-8.0,320,-420,https://www.sportsbookreviewsonline.com/scoresoddsarchives/nba-odds-2018-19
sbr:2018-19:2018-11-14:PHI:ORL,2018-19,2018-11-14,PHI,ORL,106,111,218.0,5.5,-240,190,https://www.sportsbookreviewsonline.com/scoresoddsarchives/nba-odds-2018-19
sbr:2018-19:2018-11-14:POR:LAL,2018-19,2018-11-14,POR,LAL,117,126,223.0,-2.0,115,-135,https://www.sportsbookreviewsonline.com/scoresoddsarchives/nba-odds-2018-19
sbr:2018-19:2018-11-14:SAS:PHX,2018-19,2018-11-14,SAS,PHX,96,116,213.0,6.0,-250,200,https://www.sportsbookreviewsonline.com/scoresoddsarchives/nba-odds-2018-19
sbr:2018-19:2018-11-14:UTA:DAL,2018-19,2018-11-14,UTA,DAL,68,118,212.0,5.0,-220,180,https://www.sportsbookreviewsonline.com/scoresoddsarchives/nba-odds-2018-19
sbr:2018-19:2018-11-15:ATL:DEN,2018-19,2018-11-15,ATL,DEN,93,138,222.5,-14.0,850,-1500,https://www.sportsbookreviewsonline.com/scoresoddsarchives/nba-odds-2018-19
sbr:2018-19:2018-11-15:GSW:HOU,2018-19,2018-11-15,GSW,HOU,86,107,217.5,-4.5,160,-190,https://www.sportsbookreviewsonline.com/scoresoddsarchives/nba-odds-2018-19
sbr:2018-19:2018-11-15:SAS:LAC,2018-19,2018-11-15,SAS,LAC,111,116,217.0,-6.5,230,-280,https://www.sportsbookreviewsonline.com/scoresoddsarchives/nba-odds-2018-19
sbr:2018-19:2018-11-16:BKN:WAS,2018-19,2018-11-16,BKN,WAS,115,104,224.0,-6.0,220,-270,https://www.sportsbookreviewsonline.com/scoresoddsarchives/nba-odds-2018-19
sbr:2018-19:2018-11-16:CHI:MIL,2018-19,2018-11-16,CHI,MIL,104,123,225.5,-14.5,1000,-2000,https://www.sportsbookreviewsonline.com/scoresoddsarchives/nba-odds-2018-19
sbr:2018-19:2018-11-16:MIA:IND,2018-19,2018-11-16,MIA,IND,91,99,214.0,-5.5,180,-220,https://www.sportsbookreviewsonline.com/scoresoddsarchives/nba-odds-2018-19
sbr:2018-19:2018-11-16:NYK:NOP,2018-19,2018-11-16,NYK,NOP,124,129,227.0,-11.0,500,-700,https://www.sportsbookreviewsonline.com/scoresoddsarchives/nba-odds-2018-19
sbr:2018-19:2018-11-16:SAC:MEM,2018-19,2018-11-16,SAC,MEM,104,112,212.0,-6.5,225,-275,https://www.sportsbookreviewsonline.com/scoresoddsarchives/nba-odds-2018-19
sbr:2018-19:2018-11-16:UTA:PHI,2018-19,2018-11-16,UTA,PHI,107,113,216.5,-2.5,125,-145,https://www.sportsbookreviewsonline.com/scoresoddsarchives/nba-odds-2018-19
sbr:2018-19:2018-11-17:ATL:IND,2018-19,2018-11-17,ATL,IND,89,97,219.0,-11.0,550,-800,https://www.sportsbookreviewsonline.com/scoresoddsarchives/nba-odds-2018-19
sbr:2018-19:2018-11-17:GSW:DAL,2018-19,2018-11-17,GSW,DAL,109,112,215.5,2.5,-135,115,https://www.sportsbookreviewsonline.com/scoresoddsarchives/nba-odds-2018-19
sbr:2018-19:2018-11-17:LAC:BKN,2018-19,2018-11-17,LAC,BKN,127,119,221.5,4.0,-180,150,https://www.sportsbookreviewsonline.com/scoresoddsarchives/nba-odds-2018-19
sbr:2018-19:2018-11-17:LAL:ORL,2018-19,2018-11-17,LAL,ORL,117,130,222.5,4.0,-185,155,https://www.sportsbookreviewsonline.com/scoresoddsarchives/nba-odds-2018-19
sbr:2018-19:2018-11-17:OKC:PHX,2018-19,2018-11-17,OKC,PHX,110,100,217.5,4.5,-200,170,https://www.sportsbookreviewsonline.com/scoresoddsarchives/nba-odds-2018-19
sbr:2018-19:2018-11-17:SAC:HOU,2018-19,2018-11-17,SAC,HOU,112,132,220.0,-12.5,750,-1200,https://www.sportsbookreviewsonline.com/scoresoddsarchives/nba-odds-2018-19
sbr:2018-19:2018-11-17:TOR:CHI,2018-19,2018-11-17,TOR,CHI,122,83,215.5,10.0,-600,425,https://www.sportsbookreviewsonline.com/scoresoddsarchives/nba-odds-2018-19
sbr:2018-19:2018-11-17:UTA:BOS,2018-19,2018-11-17,UTA,BOS,98,86,206.5,-4.0,155,-185,https://www.sportsbookreviewsonline.com/scoresoddsarchives/nba-odds-2018-19
sbr:2018-19:2018-11-18:GSW:SAS,2018-19,2018-11-18,GSW,SAS,92,104,212.5,-3.0,135,-155,https://www.sportsbookreviewsonline.com/scoresoddsarchives/nba-odds-2018-19
sbr:2018-19:2018-11-18:MEM:MIN,2018-19,2018-11-18,MEM,MIN,100,87,209.0,-5.0,175,-210,https://www.sportsbookreviewsonline.com/scoresoddsarchives/nba-odds-2018-19
sbr:2018-19:2018-11-18:NYK:ORL,2018-19,2018-11-18,NYK,ORL,117,131,217.0,-4.5,170,-200,https://www.sportsbookreviewsonline.com/scoresoddsarchives/nba-odds-2018-19
sbr:2018-19:2018-11-18:POR:WAS,2018-19,2018-11-18,POR,WAS,119,109,221.0,1.5,-125,105,https://www.sportsbookreviewsonline.com/scoresoddsarchives/nba-odds-2018-19
sbr:2018-19:2018-11-19:BOS:CHA,2018-19,2018-11-19,BOS,CHA,112,117,217.5,3.5,-180,150,https://www.sportsbookreviewsonline.com/scoresoddsarchives/nba-odds-2018-19
sbr:2018-19:2018-11-19:CLE:DET,2018-19,2018-11-19,CLE,DET,102,113,213.5,-9.5,400,-550,https://www.sportsbookreviewsonline.com/scoresoddsarchives/nba-odds-2018-19
sbr:2018-19:2018-11-19:DAL:MEM,2018-19,2018-11-19,DAL,MEM,88,98,200.5,-3.0,135,-155,https://www.sportsbookreviewsonline.com/scoresoddsarchives/nba-odds-2018-19
sbr:2018-19:2018-11-19:DEN:MIL,2018-19,2018-11-19,DEN,MIL,98,104,224.5,-5.5,200,-250,https://www.sportsbookreviewsonline.com/scoresoddsarchives/nba-odds-2018-19
sbr:2018-19:2018-11-19:LAC:ATL,2018-19,2018-11-19,LAC,ATL,127,119,232.5,6.5,-275,225,https://www.sportsbookreviewsonline.com/scoresoddsarchives/nba-odds-2018-19
sbr:2018-19:2018-11-19:OKC:SAC,2018-19,2018-11-19,OKC,SAC,113,117,227.0,5.0,-200,170,https://www.sportsbookreviewsonline.com/scoresoddsarchives/nba-odds-2018-19
sbr:2018-19:2018-11-19:PHX:PHI,2018-19,2018-11-19,PHX,PHI,114,119,219.5,-11.0,600,-900,https://www.sportsbookreviewsonline.com/scoresoddsarchives/nba-odds-2018-19
sbr:2018-19:2018-11-19:SAS:NOP,2018-19,2018-11-19,SAS,NOP,126,140,222.0,-7.5,260,-330,https://www.sportsbookreviewsonline.com/scoresoddsarchives/nba-odds-2018-19
sbr:2018-19:2018-11-19:UTA:IND,2018-19,2018-11-19,UTA,IND,94,121,205.5,4.0,-180,150,https://www.sportsbookreviewsonline.com/scoresoddsarchives/nba-odds-2018-19
sbr:2018-19:2018-11-20:BKN:MIA,2018-19,2018-11-20,BKN,MIA,104,92,215.0,-2.5,125,-145,https://www.sportsbookreviewsonline.com/scoresoddsarchives/nba-odds-2018-19
sbr:2018-19:2018-11-20:LAC:WAS,2018-19,2018-11-20,LAC,WAS,118,125,233.5,0.0,-110,-110,https://www.sportsbookreviewsonline.com/scoresoddsarchives/nba-odds-2018-19
sbr:2018-19:2018-11-20:POR:NYK,2018-19,2018-11-20,POR,NYK,118,114,221.0,7.0,-300,240,https://www.sportsbookreviewsonline.com/scoresoddsarchives/nba-odds-2018-19
sbr:2018-19:2018-11-20:TOR:ORL,2018-19,2018-11-20,TOR,ORL,93,91,219.0,7.0,-330,260,https://www.sportsbookreviewsonline.com/scoresoddsarchives/nba-odds-2018-19
sbr:2018-19:2018-11-21:BKN:DAL,2018-19,2018-11-21,BKN,DAL,113,119,215.0,-5.0,180,-220,https://www.sportsbookreviewsonline.com/scoresoddsarchives/nba-odds-2018-19
sbr:2018-19:2018-11-21:DEN:MIN,2018-19,2018-11-21,DEN,MIN,103,101,220.5,0.0,-110,-110,https://www.sportsbookreviewsonline.com/scoresoddsarchives/nba-odds-2018-19
sbr:2018-19:2018-11-21:DET:HOU,2018-19,2018-11-21,DET,HOU,124,126,214.5,-9.0,350,-450,https://www.sportsbookreviewsonline.com/scoresoddsarchives/nba-odds-2018-19
sbr:2018-19:2018-11-21:IND:CHA,2018-19,2018-11-21,IND,CHA,109,127,215.5,-3.5,142,-165,https://www.sportsbookreviewsonline.com/scoresoddsarchives/nba-odds-2018-19
sbr:2018-19:2018-11-21:LAL:CLE,2018-19,2018-11-21,LAL,CLE,109,105,221.5,9.0,-500,375,https://www.sportsbookreviewsonline.com/scoresoddsarchives/nba-odds-2018-19
sbr:2018-19:2018-11-21:MEM:SAS,2018-19,2018-11-21,MEM,SAS,104,103,199.5,-3.0,135,-155,https://www.sportsbookreviewsonline.com/scoresoddsarchives/nba-odds-2018-19
sbr:2018-19:2018-11-21:NOP:PHI,2018-19,2018-11-21,NOP,PHI,120,121,237.5,-3.5,145,-170,https://www.sportsbookreviewsonline.com/scoresoddsarchives/nba-odds-2018-19
sbr:2018-19:2018-11-21:NYK:BOS,2018-19,2018-11-21,NYK,BOS,117,109,215.5,-14.5,1000,-2000,https://www.sportsbookreviewsonline.com/scoresoddsarchives/nba-odds-2018-19
sbr:2018-19:2018-11-21:OKC:GSW,2018-19,2018-11-21,OKC,GSW,123,95,223.5,0.0,-110,-110,https://www.sportsbookreviewsonline.com/scoresoddsarchives/nba-odds-2018-19
sbr:2018-19:2018-11-21:POR:MIL,2018-19,2018-11-21,POR,MIL,100,143,226.5,-7.5,260,-330,https://www.sportsbookreviewsonline.com/scoresoddsarchives/nba-odds-2018-19
sbr:2018-19:2018-11-21:SAC:UTA,2018-19,2018-11-21,SAC,UTA,119,110,222.5,-9.5,400,-550,https://www.sportsbookreviewsonline.com/scoresoddsarchives/nba-odds-2018-19
sbr:2018-19:2018-11-21:TOR:ATL,2018-19,2018-11-21,TOR,ATL,124,108,225.0,8.0,-400,300,https://www.sportsbookreviewsonline.com/scoresoddsarchives/nba-odds-2018-19
sbr:2018-19:2018-11-23:BOS:ATL,2018-19,2018-11-23,BOS,ATL,114,96,223.5,8.0,-350,281,https://www.sportsbookreviewsonline.com/scoresoddsarchives/nba-odds-2018-19
sbr:2018-19:2018-11-23:CHA:OKC,2018-19,2018-11-23,CHA,OKC,104,109,230.0,-7.0,227,-277,https://www.sportsbookreviewsonline.com/scoresoddsarchives/nba-odds-2018-19
sbr:2018-19:2018-11-23:CLE:PHI,2018-19,2018-11-23,CLE,PHI,121,112,217.5,-13.0,797,-1300,https://www.sportsbookreviewsonline.com/scoresoddsarchives/nba-odds-2018-19
sbr:2018-19:2018-11-23:MIA:CHI,2018-19,2018-11-23,MIA,CHI,103,96,213.0,4.0,-170,148,https://www.sportsbookreviewsonline.com/scoresoddsarchives/nba-odds-2018-19
sbr:2018-19:2018-11-23:MIN:BKN,2018-19,2018-11-23,MIN,BKN,112,102,221.5,2.0,-125,105,https://www.sportsbookreviewsonline.com/scoresoddsarchives/nba-odds-2018-19
sbr:2018-19:2018-11-23:NOP:NYK,2018-19,2018-11-23,NOP,NYK,109,114,235.0,7.5,-300,245,https://www.sportsbookreviewsonline.com/scoresoddsarchives/nba-odds-2018-19
sbr:2018-19:2018-11-23:ORL:DEN,2018-19,2018-11-23,ORL,DEN,87,112,210.0,-8.5,317,-400,https://www.sportsbookreviewsonline.com/scoresoddsarchives/nba-odds-2018-19
sbr:2018-19:2018-11-23:PHX:MIL,2018-19,2018-11-23,PHX,MIL,116,114,232.5,-13.5,837,-1400,https://www.sportsbookreviewsonline.com/scoresoddsarchives/nba-odds-2018-19
sbr:2018-19:2018-11-23:POR:GSW,2018-19,2018-11-23,POR,GSW,97,125,218.5,-1.0,-107,-114,https://www.sportsbookreviewsonline.com/scoresoddsarchives/nba-odds-2018-19
sbr:2018-19:2018-11-23:SAS:IND,2018-19,2018-11-23,SAS,IND,111,100,207.5,-1.5,105,-125,https://www.sportsbookreviewsonline.com/scoresoddsarchives/nba-odds-2018-19
sbr:2018-19:2018-11-23:UTA:LAL,2018-19,2018-11-23,UTA,LAL,83,90,219.5,-3.0,125,-145,https://www.sportsbookreviewsonline.com/scoresoddsarchives/nba-odds-2018-19
sbr:2018-19:2018-11-23:WAS:TOR,2018-19,2018-11-23,WAS,TOR,107,125,230.5,-10.5,435,-580,https://www.sportsbookreviewsonline.com/scoresoddsarchives/nba-odds-2018-19
sbr:2018-19:2018-11-24:BOS:DAL,2018-19,2018-11-24,BOS,DAL,104,113,213.0,2.5,-140,120,https://www.sportsbookreviewsonline.com/scoresoddsarchives/nba-odds-2018-19
sbr:2018-19:2018-11-24:CHI:MIN,2018-19,2018-11-24,CHI,MIN,96,111,219.0,-11.5,520,-725,https://www.sportsbookreviewsonline.com/scoresoddsarchives/nba-odds-2018-19
sbr:2018-19:2018-11-24:DEN:OKC,2018-19,2018-11-24,DEN,OKC,105,98,217.0,-6.0,199,-240,https://www.sportsbookreviewsonline.com/scoresoddsarchives/nba-odds-2018-19
sbr:2018-19:2018-11-24:HOU:CLE,2018-19,2018-11-24,HOU,CLE,108,117,208.5,6.5,-330,267,https://www.sportsbookreviewsonline.com/scoresoddsarchives/nba-odds-2018-19
sbr:2018-19:2018-11-24:SAC:GSW,2018-19,2018-11-24,SAC,GSW,116,117,226.0,-6.5,222,-270,https://www.sportsbookreviewsonline.com/scoresoddsarchives/nba-odds-2018-19
sbr:2018-19:2018-11-24:SAS:MIL,2018-19,2018-11-24,SAS,MIL,129,135,227.0,-10.0,398,-522,https://www.sportsbookreviewsonline.com/scoresoddsarchives/nba-odds-2018-19
sbr:2018-19:2018-11-25:CHA:ATL,2018-19,2018-11-25,CHA,ATL,123,124,228.5,6.5,-300,240,https://www.sportsbookreviewsonline.com/scoresoddsarchives/nba-odds-2018-19
sbr:2018-19:2018-11-25:LAC:POR,2018-19,2018-11-25,LAC,POR,104,100,227.0,-4.0,150,-180,https://www.sportsbookreviewsonline.com/scoresoddsarchives/nba-odds-2018-19
sbr:2018-19:2018-11-25:MIA:TOR,2018-19,2018-11-25,MIA,TOR,115,125,215.0,-12.0,650,-1000,https://www.sportsbookreviewsonline.com/scoresoddsarchives/nba-odds-2018-19
sbr:2018-19:2018-11-25:NYK:MEM,2018-19,2018-11-25,NYK,MEM,103,98,205.5,-8.0,285,-370,https://www.sportsbookreviewsonline.com/scoresoddsarchives/nba-odds-2018-19
sbr:2018-19:2018-11-25:ORL:LAL,2018-19,2018-11-25,ORL,LAL,108,104,217.0,-7.5,275,-350,https://www.sportsbookreviewsonline.com/scoresoddsarchives/nba-odds-2018-19
sbr:2018-19:2018-11-25:PHI:BKN,2018-19,2018-11-25,PHI,BKN,127,125,225.5,4.5,-200,170,https://www.sportsbookreviewsonline.com/scoresoddsarchives/nba-odds-2018-19
sbr:2018-19:2018-11-25:PHX:DET,2018-19,2018-11-25,PHX,DET,107,118,221.5,-8.5,300,-400,https://www.sportsbookreviewsonline.com/scoresoddsarchives/nba-odds-2018-19
sbr:2018-19:2018-11-25:UTA:SAC,2018-19,2018-11-25,UTA,SAC,133,112,218.5,4.0,-180,150,https://www.sportsbookreviewsonline.com/scoresoddsarchives/nba-odds-2018-19
sbr:2018-19:2018-11-26:IND:UTA,2018-19,2018-11-26,IND,UTA,121,88,206.5,-4.5,170,-200,https://www.sportsbookreviewsonline.com/scoresoddsarchives/nba-odds-2018-19
sbr:2018-19:2018-11-26:MIL:CHA,2018-19,2018-11-26,MIL,CHA,107,110,234.0,4.5,-200,170,https://www.sportsbookreviewsonline.com/scoresoddsarchives/nba-odds-2018-19
sbr:2018-19:2018-11-26:MIN:CLE,2018-19,2018-11-26,MIN,CLE,102,95,214.5,6.0,-240,190,https://www.sportsbookreviewsonline.com/scoresoddsarchives/nba-odds-2018-19
sbr:2018-19:2018-11-26:ORL:GSW,2018-19,2018-11-26,ORL,GSW,110,116,215.0,-7.0,240,-300,https://www.sportsbookreviewsonline.com/scoresoddsarchives/nba-odds-2018-19
sbr:2018-19:2018-11-26:SAS:CHI,2018-19,2018-11-26,SAS,CHI,108,107,215.0,6.5,-280,230,https://www.sportsbookreviewsonline.com/scoresoddsarchives/nba-odds-2018-19
sbr:2018-19:2018-11-27:ATL:MIA,2018-19,2018-11-27,ATL,MIA,115,113,224.0,-7.5,260,-330,https://www.sportsbookreviewsonline.com/scoresoddsarchives/nba-odds-2018-19
sbr:2018-19:2018-11-27:IND:PHX,2018-19,2018-11-27,IND,PHX,109,104,216.5,2.5,-145,125,https://www.sportsbookreviewsonline.com/scoresoddsarchives/nba-odds-2018-19
sbr:2018-19:2018-11-27:LAL:DEN,2018-19,2018-11-27,LAL,DEN,85,117,219.0,-3.0,130,-150,https://www.sportsbookreviewsonline.com/scoresoddsarchives/nba-odds-2018-19
sbr:2018-19:2018-11-27:NYK:DET,2018-19,2018-11-27,NYK,DET,108,115,220.0,-7.5,275,-350,https://www.sportsbookreviewsonline.com/scoresoddsarchives/nba-odds-2018-19
sbr:2018-19:2018-11-27:TOR:MEM,2018-19,2018-11-27,TOR,MEM,122,114,208.5,5.5,-250,200,https://www.sportsbookreviewsonline.com/scoresoddsarchives/nba-odds-2018-19
sbr:2018-19:2018-11-28:ATL:CHA,2018-19,2018-11-28,ATL,CHA,94,108,231.0,-12.0,650,-1000,https://www.sportsbookreviewsonline.com/scoresoddsarchives/nba-odds-2018-19
sbr:2018-19:2018-11-28:CHI:MIL,2018-19,2018-11-28,CHI,MIL,113,116,230.0,-15.0,1100,-2500,https://www.sportsbookreviewsonline.com/scoresoddsarchives/nba-odds-2018-19
sbr:2018-19:2018-11-28:CLE:OKC,2018-19,2018-11-28,CLE,OKC,83,100,215.5,-12.5,750,-1200,https://www.sportsbookreviewsonline.com/scoresoddsarchives/nba-odds-2018-19
sbr:2018-19:2018-11-28:DAL:HOU,2018-19,2018-11-28,DAL,HOU,128,108,217.0,-5.5,200,-250,https://www.sportsbookreviewsonline.com/scoresoddsarchives/nba-odds-2018-19
sbr:2018-19:2018-11-28:NYK:PHI,2018-19,2018-11-28,NYK,PHI,91,117,227.0,-12.5,750,-1200,https://www.sportsbookreviewsonline.com/scoresoddsarchives/nba-odds-2018-19
sbr:2018-19:2018-11-28:ORL:POR,2018-19,2018-11-28,ORL,POR,112,115,215.0,-10.0,400,-550,https://www.sportsbookreviewsonline.com/scoresoddsarchives/nba-odds-2018-19
sbr:2018-19:2018-11-28:PHX:LAC,2018-19,2018-11-28,PHX,LAC,99,115,230.0,-12.0,600,-900,https://www.sportsbookreviewsonline.com/scoresoddsarchives/nba-odds-2018-19
sbr:2018-19:2018-11-28:SAS:MIN,2018-19,2018-11-28,SAS,MIN,89,128,215.5,-4.5,155,-185,https://www.sportsbookreviewsonline.com/scoresoddsarchives/nba-odds-2018-19
sbr:2018-19:2018-11-28:UTA:BKN,2018-19,2018-11-28,UTA,BKN,101,91,215.0,3.5,-170,145,https://www.sportsbookreviewsonline.com/scoresoddsarchives/nba-odds-2018-19
sbr:2018-19:2018-11-28:WAS:NOP,2018-19,2018-11-28,WAS,NOP,104,125,242.0,-6.5,230,-280,https://www.sportsbookreviewsonline.com/scoresoddsarchives/nba-odds-2018-19
sbr:2018-19:2018-11-29:IND:LAL,2018-19,2018-11-29,IND,LAL,96,104,220.0,-5.0,180,-220,https://www.sportsbookreviewsonline.com/scoresoddsarchives/nba-odds-2018-19
sbr:2018-19:2018-11-29:LAC:SAC,2018-19,2018-11-29,LAC,SAC,133,121,236.0,2.0,-135,115,https://www.sportsbookreviewsonline.com/scoresoddsarchives/nba-odds-2018-19
sbr:2018-19:2018-11-30:ATL:OKC,2018-19,2018-11-30,ATL,OKC,109,124,230.0,-13.0,850,-1500,https://www.sportsbookreviewsonline.com/scoresoddsarchives/nba-odds-2018-19
sbr:2018-19:2018-11-30:CHI:DET,2018-19,2018-11-30,CHI,DET,88,107,217.0,-8.5,340,-440,https://www.sportsbookreviewsonline.com/scoresoddsarchives/nba-odds-2018-19
sbr:2018-19:2018-11-30:CLE:BOS,2018-19,2018-11-30,CLE,BOS,95,128,206.5,-12.5,850,-1500,https://www.sportsbookreviewsonline.com/scoresoddsarchives/nba-odds-2018-19
sbr:2018-19:2018-11-30:DAL:LAL,2018-19,2018-11-30,DAL,LAL,103,114,223.0,-4.0,150,-180,https://www.sportsbookreviewsonline.com/scoresoddsarchives/nba-odds-2018-19
sbr:2018-19:2018-11-30:DEN:POR,2018-19,2018-11-30,DEN,POR,113,112,214.5,-1.5,105,-125,https://www.sportsbookreviewsonline.com/scoresoddsarchives/nba-odds-2018-19
sbr:2018-19:2018-11-30:NOP:MIA,2018-19,2018-11-30,NOP,MIA,101,106,228.5,3.0,-150,130,https://www.sportsbookreviewsonline.com/scoresoddsarchives/nba-odds-2018-19
sbr:2018-19:2018-11-30:ORL:PHX,2018-19,2018-11-30,ORL,PHX,99,85,215.5,4.5,-190,160,https://www.sportsbookreviewsonline.com/scoresoddsarchives/nba-odds-2018-19
sbr:2018-19:2018-11-30:UTA:CHA,2018-19,2018-11-30,UTA,CHA,119,111,218.0,-2.0,110,-130,https://www.sportsbookreviewsonline.com/scoresoddsarchives/nba-odds-2018-19
sbr:2018-19:2018-11-30:WAS:PHI,2018-19,2018-11-30,WAS,PHI,98,123,233.5,-8.5,340,-440,https://www.sportsbookreviewsonline.com/scoresoddsarchives/nba-odds-2018-19
sbr:2018-19:2018-12-01:BKN:WAS,2018-19,2018-12-01,BKN,WAS,88,102,227.5,-6.5,225,-275,https://www.sportsbookreviewsonline.com/scoresoddsarchives/nba-odds-2018-19
sbr:2018-19:2018-12-01:BOS:MIN,2018-19,2018-12-01,BOS,MIN,118,109,216.5,-1.5,105,-125,https://www.sportsbookreviewsonline.com/scoresoddsarchives/nba-odds-2018-19
sbr:2018-19:2018-12-01:CHI:HOU,2018-19,2018-12-01,CHI,HOU,105,121,219.0,-13.5,900,-1600,https://www.sportsbookreviewsonline.com/scoresoddsarchives/nba-odds-2018-19
sbr:2018-19:2018-12-01:GSW:DET,2018-19,2018-12-01,GSW,DET,102,111,229.5,4.5,-210,175,https://www.sportsbookreviewsonline.com/scoresoddsarchives/nba-odds-2018-19
sbr:2018-19:2018-12-01:TOR:CLE,2018-19,2018-12-01,TOR,CLE,106,95,213.0,12.5,-1200,750,https://www.sportsbookreviewsonline.com/scoresoddsarchives/nba-odds-2018-19
sbr:2018-19:2018-12-02:LAC:DAL,2018-19,2018-12-02,LAC,DAL,110,114,224.0,3.0,-160,140,https://www.sportsbookreviewsonline.com/scoresoddsarchives/nba-odds-2018-19
sbr:2018-19:2018-12-02:MEM:PHI,2018-19,2018-12-02,MEM,PHI,95,103,212.0,-6.5,225,-275,https://www.sportsbookreviewsonline.com/scoresoddsarchives/nba-odds-2018-19
sbr:2018-19:2018-12-02:NOP:CHA,2018-19,2018-12-02,NOP,CHA,119,109,232.5,-3.0,130,-150,https://www.sportsbookreviewsonline.com/scoresoddsarchives/nba-odds-2018-19
sbr:2018-19:2018-12-02:PHX:LAL,2018-19,2018-12-02,PHX,LAL,96,120,221.0,-12.0,600,-900,https://www.sportsbookreviewsonline.com/scoresoddsarchives/nba-odds-2018-19
sbr:2018-19:2018-12-02:UTA:MIA,2018-19,2018-12-02,UTA,MIA,100,102,208.5,4.0,-180,150,https://www.sportsbookreviewsonline.com/scoresoddsarchives/nba-odds-2018-19
sbr:2018-19:2018-12-03:CLE:BKN,2018-19,2018-12-03,CLE,BKN,99,97,211.0,-6.0,210,-260,https://www.sportsbookreviewsonline.com/scoresoddsarchives/nba-odds-2018-19
sbr:2018-19:2018-12-03:DEN:TOR,2018-19,2018-12-03,DEN,TOR,106,103,219.5,-7.0,240,-300,https://www.sportsbookreviewsonline.com/scoresoddsarchives/nba-odds-2018-19
sbr:2018-19:2018-12-03:GSW:ATL,2018-19,2018-12-03,GSW,ATL,128,111,236.0,11.0,-800,550,https://www.sportsbookreviewsonline.com/scoresoddsarchives/nba-odds-2018-19
sbr:2018-19:2018-12-03:HOU:MIN,2018-19,2018-12-03,HOU,MIN,91,103,222.5,2.5,-140,120,https://www.sportsbookreviewsonline.com/scoresoddsarchives/nba-odds-2018-19
sbr:2018-19:2018-12-03:LAC:NOP,2018-19,2018-12-03,LAC,NOP,129,126,235.0,-1.5,105,-125,https://www.sportsbookreviewsonline.com/scoresoddsarchives/nba-odds-2018-19
sbr:2018-19:2018-12-03:OKC:DET,2018-19,2018-12-03,OKC,DET,110,83,218.0,2.0,-135,115,https://www.sportsbookreviewsonline.com/scoresoddsarchives/nba-odds-2018-19
sbr:2018-19:2018-12-03:WAS:NYK,2018-19,2018-12-03,WAS,NYK,110,107,229.0,2.0,-130,110,https://www.sportsbookreviewsonline.com/scoresoddsarchives/nba-odds-2018-19
sbr:2018-19:2018-12-04:CHI:IND,2018-19,2018-12-04,CHI,IND,90,96,210.5,-8.5,320,-420,https://www.sportsbookreviewsonline.com/scoresoddsarchives/nba-odds-2018-19
sbr:2018-19:2018-12-04:ORL:MIA,2018-19,2018-12-04,ORL,MIA,105,90,208.0,-2.5,125,-145,https://www.sportsbookreviewsonline.com/scoresoddsarchives/nba-odds-2018-19
sbr:2018-19:2018-12-04:POR:DAL,2018-19,2018-12-04,POR,DAL,102,111,217.0,-1.5,105,-125,https://www.sportsbookreviewsonline.com/scoresoddsarchives/nba-odds-2018-19
sbr:2018-19:2018-12-04:SAC:PHX,2018-19,2018-12-04,SAC,PHX,122,105,223.0,5.5,-240,190,https://www.sportsbookreviewsonline.com/scoresoddsarchives/nba-odds-2018-19
sbr:2018-19:2018-12-04:SAS:UTA,2018-19,2018-12-04,SAS,UTA,105,139,215.5,-8.0,275,-350,https://www.sportsbookreviewsonline.com/scoresoddsarchives/nba-odds-2018-19
sbr:2018-19:2018-12-05:CHA:MIN,2018-19,2018-12-05,CHA,MIN,104,121,222.5,-4.5,170,-200,https://www.sportsbookreviewsonline.com/scoresoddsarchives/nba-odds-2018-19
sbr:2018-19:2018-12-05:DAL:NOP,2018-19,2018-12-05,DAL,NOP,106,132,227.0,-5.5,180,-220,https://www.sportsbookreviewsonline.com/scoresoddsarchives/nba-odds-2018-19
sbr:2018-19:2018-12-05:DET:MIL,2018-19,2018-12-05,DET,MIL,92,115,226.0,-7.5,260,-330,https://www.sportsbookreviewsonline.com/scoresoddsarchives/nba-odds-2018-19
sbr:2018-19:2018-12-05:GSW:CLE,2018-19,2018-12-05,GSW,CLE,129,105,219.5,11.0,-850,575,https://www.sportsbookreviewsonline.com/scoresoddsarchives/nba-odds-2018-19
sbr:2018-19:2018-12-05:LAC:MEM,2018-19,2018-12-05,LAC,MEM,86,96,209.5,-2.0,110,-130,https://www.sportsbookreviewsonline.com/scoresoddsarchives/nba-odds-2018-19
sbr:2018-19:2018-12-05:OKC:BKN,2018-19,2018-12-05,OKC,BKN,114,112,221.0,6.0,-270,220,https://www.sportsbookreviewsonline.com/scoresoddsarchives/nba-odds-2018-19
sbr:2018-19:2018-12-05:PHI:TOR,2018-19,2018-12-05,PHI,TOR,102,113,229.0,-6.5,220,-270,https://www.sportsbookreviewsonline.com/scoresoddsarchives/nba-odds-2018-19
sbr:2018-19:2018-12-05:SAS:LAL,2018-19,2018-12-05,SAS,LAL,113,121,225.5,-7.5,300,-400,https://www.sportsbookreviewsonline.com/scoresoddsarchives/nba-odds-2018-19
sbr:2018-19:2018-12-05:WAS:ATL,2018-19,2018-12-05,WAS,ATL,131,117,228.5,3.5,-160,140,https://www.sportsbookreviewsonline.com/scoresoddsarchives/nba-odds-2018-19
sbr:2018-19:2018-12-06:HOU:UTA,2018-19,2018-12-06,HOU,UTA,91,118,216.0,-1.5,105,-125,https://www.sportsbookreviewsonline.com/scoresoddsarchives/nba-odds-2018-19
sbr:2018-19:2018-12-06:NYK:BOS,2018-19,2018-12-06,NYK,BOS,100,128,218.0,-13.5,850,-1500,https://www.sportsbookreviewsonline.com/scoresoddsarchives/nba-odds-2018-19
sbr:2018-19:2018-12-06:PHX:POR,2018-19,2018-12-06,PHX,POR,86,108,211.0,-13.0,800,-1400,https://www.sportsbookreviewsonline.com/scoresoddsarchives/nba-odds-2018-19
sbr:2018-19:2018-12-07:GSW:MIL,2018-19,2018-12-07,GSW,MIL,105,95,241.5,-2.0,110,-130,https://www.sportsbookreviewsonline.com/scoresoddsarchives/nba-odds-2018-19
sbr:2018-19:2018-12-07:IND:ORL,2018-19,2018-12-07,IND,ORL,112,90,206.5,-3.5,145,-170,https://www.sportsbookreviewsonline.com/scoresoddsarchives/nba-odds-2018-19
sbr:2018-19:2018-12-07:LAL:SAS,2018-19,2018-12-07,LAL,SAS,120,133,223.5,1.0,-120,100,https://www.sportsbookreviewsonline.com/scoresoddsarchives/nba-odds-2018-19
sbr:2018-19:2018-12-07:MEM:NOP,2018-19,2018-12-07,MEM,NOP,107,103,214.0,-5.0,190,-240,https://www.sportsbookreviewsonline.com/scoresoddsarchives/nba-odds-2018-19
sbr:2018-19:2018-12-07:MIA:PHX,2018-19,2018-12-07,MIA,PHX,115,98,210.5,8.5,-420,320,https://www.sportsbookreviewsonline.com/scoresoddsarchives/nba-odds-2018-19
sbr:2018-19:2018-12-07:OKC:CHI,2018-19,2018-12-07,OKC,CHI,112,114,218.5,8.5,-500,375,https://www.sportsbookreviewsonline.com/scoresoddsarchives/nba-odds-2018-19
sbr:2018-19:2018-12-07:SAC:CLE,2018-19,2018-12-07,SAC,CLE,129,110,222.5,3.0,-155,135,https://www.sportsbookreviewsonline.com/scoresoddsarchives/nba-odds-2018-19
sbr:2018-19:2018-12-08:BKN:NYK,2018-19,2018-12-08,BKN,NYK,112,104,219.5,-2.0,105,-125,https://www.sportsbookreviewsonline.com/scoresoddsarchives/nba-odds-2018-19
sbr:2018-19:2018-12-08:BOS:CHI,2018-19,2018-12-08,BOS,CHI,133,77,214.0,7.5,-345,278,https://www.sportsbookreviewsonline.com/scoresoddsarchives/nba-odds-2018-19
sbr:2018-19:2018-12-08:DEN:ATL,2018-19,2018-12-08,DEN,ATL,98,106,225.0,5.5,-230,192,https://www.sportsbookreviewsonline.com/scoresoddsarchives/nba-odds-2018-19
sbr:2018-19:2018-12-08:HOU:DAL,2018-19,2018-12-08,HOU,DAL,104,107,219.0,3.5,-169,146,https://www.sportsbookreviewsonline.com/scoresoddsarchives/nba-odds-2018-19
sbr:2018-19:2018-12-08:LAL:MEM,2018-19,2018-12-08,LAL,MEM,111,88,208.5,-2.5,120,-140,https://www.sportsbookreviewsonline.com/scoresoddsarchives/nba-odds-2018-19
sbr:2018-19:2018-12-08:MIA:LAC,2018-19,2018-12-08,MIA,LAC,121,98,219.0,-9.5,428,-570,https://www.sportsbookreviewsonline.com/scoresoddsarchives/nba-odds-2018-19
sbr:2018-19:2018-12-08:MIN:POR,2018-19,2018-12-08,MIN,POR,105,113,220.5,-3.5,144,-165,https://www.sportsbookreviewsonline.com/scoresoddsarchives/nba-odds-2018-19
sbr:2018-19:2018-12-08:SAC:IND,2018-19,2018-12-08,SAC,IND,97,107,222.5,-5.0,172,-205,https://www.sportsbookreviewsonline.com/scoresoddsarchives/nba-odds-2018-19
sbr:2018-19:2018-12-08:WAS:CLE,2018-19,2018-12-08,WAS,CLE,101,116,216.5,7.5,-350,281,https://www.sportsbookreviewsonline.com/scoresoddsarchives/nba-odds-2018-19
sbr:2018-19:2018-12-09:CHA:NYK,2018-19,2018-12-09,CHA,NYK,119,107,225.5,6.0,-250,200,https://www.sportsbookreviewsonline.com/scoresoddsarchives/nba-odds-2018-19
sbr:2018-19:2018-12-09:MIL:TOR,2018-19,2018-12-09,MIL,TOR,104,99,229.5,-5.0,175,-210,https://www.sportsbookreviewsonline.com/scoresoddsarchives/nba-odds-2018-19
sbr:2018-19:2018-12-09:NOP:DET,2018-19,2018-12-09,NOP,DET,116,108,224.5,2.5,-140,120,https://www.sportsbookreviewsonline.com/scoresoddsarchives/nba-odds-2018-19
sbr:2018-19:2018-12-09:UTA:SAS,2018-19,2018-12-09,UTA,SAS,97,110,218.0,4.0,-180,150,https://www.sportsbookreviewsonline.com/scoresoddsarchives/nba-odds-2018-19
sbr:2018-19:2018-12-10:CLE:MIL,2018-19,2018-12-10,CLE,MIL,92,108,217.0,-10.0,425,-600,https://www.sportsbookreviewsonline.com/scoresoddsarchives/nba-odds-2018-19
sbr:2018-19:2018-12-10:DET:PHI,2018-19,2018-12-10,DET,PHI,102,116,218.0,-11.5,600,-900,https://www.sportsbookreviewsonline.com/scoresoddsarchives/nba-odds-2018-19
sbr:2018-19:2018-12-10:MEM:DEN,2018-19,2018-12-10,MEM,DEN,99,105,197.5,-3.0,140,-160,https://www.sportsbookreviewsonline.com/scoresoddsarchives/nba-odds-2018-19
sbr:2018-19:2018-12-10:MIA:LAL,2018-19,2018-12-10,MIA,LAL,105,108,222.0,-5.0,180,-220,https://www.sportsbookreviewsonline.com/scoresoddsarchives/nba-odds-2018-19
sbr:2018-19:2018-12-10:MIN:GSW,2018-19,2018-12-10,MIN,GSW,108,116,228.5,-10.0,425,-600,https://www.sportsbookreviewsonline.com/scoresoddsarchives/nba-odds-2018-19
sbr:2018-19:2018-12-10:NOP:BOS,2018-19,2018-12-10,NOP,BOS,100,113,222.5,-2.5,120,-140,https://www.sportsbookreviewsonline.com/scoresoddsarchives/nba-odds-2018-19
sbr:2018-19:2018-12-10:ORL:DAL,2018-19,2018-12-10,ORL,DAL,76,101,210.5,-4.5,160,-190,https://www.sportsbookreviewsonline.com/scoresoddsarchives/nba-odds-2018-19
sbr:2018-19:2018-12-10:SAC:CHI,2018-19,2018-12-10,SAC,CHI,108,89,226.5,2.0,-130,110,https://www.sportsbookreviewsonline.com/scoresoddsarchives/nba-odds-2018-19
sbr:2018-19:2018-12-10:UTA:OKC,2018-19,2018-12-10,UTA,OKC,113,122,217.5,-5.0,180,-220,https://www.sportsbookreviewsonline.com/scoresoddsarchives/nba-odds-2018-19
sbr:2018-19:2018-12-10:WAS:IND,2018-19,2018-12-10,WAS,IND,101,109,216.5,-6.0,200,-250,https://www.sportsbookreviewsonline.com/scoresoddsarchives/nba-odds-2018-19
sbr:2018-19:2018-12-11:PHX:SAS,2018-19,2018-12-11,PHX,SAS,86,111,217.5,-12.5,775,-1300,https://www.sportsbookreviewsonline.com/scoresoddsarchives/nba-odds-2018-19
sbr:2018-19:2018-12-11:POR:HOU,2018-19,2018-12-11,POR,HOU,104,111,220.5,-6.5,225,-275,https://www.sportsbookreviewsonline.com/scoresoddsarchives/nba-odds-2018-19
sbr:2018-19:2018-12-11:TOR:LAC,2018-19,2018-12-11,TOR,LAC,123,99,219.0,3.0,-160,140,https://www.sportsbookreviewsonline.com/scoresoddsarchives/nba-odds-2018-19
sbr:2018-19:2018-12-12:ATL:DAL,2018-19,2018-12-12,ATL,DAL,107,114,226.0,-9.5,400,-550,https://www.sportsbookreviewsonline.com/scoresoddsarchives/nba-odds-2018-19
sbr:2018-19:2018-12-12:BKN:PHI,2018-19,2018-12-12,BKN,PHI,127,124,224.5,-6.0,210,-260,https://www.sportsbookreviewsonline.com/scoresoddsarchives/nba-odds-2018-19
sbr:2018-19:2018-12-12:DET:CHA,2018-19,2018-12-12,DET,CHA,107,108,216.5,-5.5,185,-230,https://www.sportsbookreviewsonline.com/scoresoddsarchives/nba-odds-2018-19
sbr:2018-19:2018-12-12:MIA:UTA,2018-19,2018-12-12,MIA,UTA,84,111,211.0,-8.5,325,-425,https://www.sportsbookreviewsonline.com/scoresoddsarchives/nba-odds-2018-19
sbr:2018-19:2018-12-12:MIL:IND,2018-19,2018-12-12,MIL,IND,97,113,218.5,2.0,-130,110,https://www.sportsbookreviewsonline.com/scoresoddsarchives/nba-odds-2018-19
sbr:2018-19:2018-12-12:MIN:SAC,2018-19,2018-12-12,MIN,SAC,130,141,227.0,3.0,-150,130,https://www.sportsbookreviewsonline.com/scoresoddsarchives/nba-odds-2018-19
sbr:2018-19:2018-12-12:NYK:CLE,2018-19,2018-12-12,NYK,CLE,106,113,215.0,1.0,-115,-105,https://www.sportsbookreviewsonline.com/scoresoddsarchives/nba-odds-2018-19
sbr:2018-19:2018-12-12:POR:MEM,2018-19,2018-12-12,POR,MEM,83,92,201.5,-3.5,145,-170,https://www.sportsbookreviewsonline.com/scoresoddsarchives/nba-odds-2018-19
sbr:2018-19:2018-12-12:TOR:GSW,2018-19,2018-12-12,TOR,GSW,113,93,226.5,-8.0,275,-350,https://www.sportsbookreviewsonline.com/scoresoddsarchives/nba-odds-2018-19
sbr:2018-19:2018-12-13:CHI:ORL,2018-19,2018-12-13,CHI,ORL,91,97,212.5,-5.5,190,-240,https://www.sportsbookreviewsonline.com/scoresoddsarchives/nba-odds-2018-19
sbr:2018-19:2018-12-13:DAL:PHX,2018-19,2018-12-13,DAL,PHX,89,99,210.0,6.0,-260,210,https://www.sportsbookreviewsonline.com/scoresoddsarchives/nba-odds-2018-19
sbr:2018-19:2018-12-13:LAC:SAS,2018-19,2018-12-13,LAC,SAS,87,125,221.5,-3.0,130,-150,https://www.sportsbookreviewsonline.com/scoresoddsarchives/nba-odds-2018-19
sbr:2018-19:2018-12-13:LAL:HOU,2018-19,2018-12-13,LAL,HOU,111,126,226.5,-6.0,200,-250,https://www.sportsbookreviewsonline.com/scoresoddsarchives/nba-odds-2018-19
sbr:2018-19:2018-12-14:ATL:BOS,2018-19,2018-12-14,ATL,BOS,108,129,221.5,-12.0,650,-1000,https://www.sportsbookreviewsonline.com/scoresoddsarchives/nba-odds-2018-19
sbr:2018-19:2018-12-14:GSW:SAC,2018-19,2018-12-14,GSW,SAC,130,125,236.5,7.0,-370,285,https://www.sportsbookreviewsonline.com/scoresoddsarchives/nba-odds-2018-19
sbr:2018-19:2018-12-14:IND:PHI,2018-19,2018-12-14,IND,PHI,113,101,219.5,-3.0,130,-150,https://www.sportsbookreviewsonline.com/scoresoddsarchives/nba-odds-2018-19
sbr:2018-19:2018-12-14:MIA:MEM,2018-19,2018-12-14,MIA,MEM,100,97,195.0,-4.0,160,-190,https://www.sportsbookreviewsonline.com/scoresoddsarchives/nba-odds-2018-19
sbr:2018-19:2018-12-14:MIL:CLE,2018-19,2018-12-14,MIL,CLE,114,102,220.5,9.5,-550,400,https://www.sportsbookreviewsonline.com/scoresoddsarchives/nba-odds-2018-19
sbr:2018-19:2018-12-14:OKC:DEN,2018-19,2018-12-14,OKC,DEN,98,109,217.5,2.0,-130,110,https://www.sportsbookreviewsonline.com/scoresoddsarchives/nba-odds-2018-19
sbr:2018-19:2018-12-14:TOR:POR,2018-19,2018-12-14,TOR,POR,122,128,216.0,1.5,-125,105,https://www.sportsbookreviewsonline.com/scoresoddsarchives/nba-odds-2018-19
sbr:2018-19:2018-12-14:WAS:BKN,2018-19,2018-12-14,WAS,BKN,118,125,224.0,-3.0,130,-150,https://www.sportsbookreviewsonline.com/scoresoddsarchives/nba-odds-2018-19
sbr:2018-19:2018-12-15:BOS:DET,2018-19,2018-12-15,BOS,DET,104,113,215.5,2.0,-130,110,https://www.sportsbookreviewsonline.com/scoresoddsarchives/nba-odds-2018-19
sbr:2018-19:2018-12-15:CHI:SAS,2018-19,2018-12-15,CHI,SAS,98,93,213.5,-9.5,500,-700,https://www.sportsbookreviewsonline.com/scoresoddsarchives/nba-odds-2018-19
sbr:2018-19:2018-12-15:HOU:MEM,2018-19,2018-12-15,HOU,MEM,105,97,201.5,5.0,-200,170,https://www.sportsbookreviewsonline.com/scoresoddsarchives/nba-odds-2018-19
sbr:2018-19:2018-12-15:LAC:OKC,2018-19,2018-12-15,LAC,OKC,104,110,222.5,-6.5,225,-275,https://www.sportsbookreviewsonline.com/scoresoddsarchives/nba-odds-2018-19
sbr:2018-19:2018-12-15:MIN:PHX,2018-19,2018-12-15,MIN,PHX,99,107,219.5,7.5,-350,275,https://www.sportsbookreviewsonline.com/scoresoddsarchives/nba-odds-2018-19
sbr:2018-19:2018-12-15:UTA:ORL,2018-19,2018-12-15,UTA,ORL,89,96,207.0,6.0,-260,210,https://www.sportsbookreviewsonline.com/scoresoddsarchives/nba-odds-2018-19
sbr:2018-19:2018-12-16:ATL:BKN,2018-19,2018-12-16,ATL,BKN,127,144,225.5,-7.0,250,-310,https://www.sportsbookreviewsonline.com/scoresoddsarchives/nba-odds-2018-19
sbr:2018-19:2018-12-16:MIA:NOP,2018-19,2018-12-16,MIA,NOP,102,96,221.5,-5.5,200,-250,https://www.sportsbookreviewsonline.com/scoresoddsarchives/nba-odds-2018-19
sbr:2018-19:2018-12-16:NYK:IND,2018-19,2018-12-16,NYK,IND,99,110,217.0,-12.0,650,-1000,https://www.sportsbookreviewsonline.com/scoresoddsarchives/nba-odds-2018-19
sbr:2018-19:2018-12-16:PHI:CLE,2018-19,2018-12-16,PHI,CLE,128,105,218.0,9.0,-500,375,https://www.sportsbookreviewsonline.com/scoresoddsarchives/nba-odds-2018-19
sbr:2018-19:2018-12-16:SAC:DAL,2018-19,2018-12-16,SAC,DAL,120,113,222.5,-4.5,160,-190,https://www.sportsbookreviewsonline.com/scoresoddsarchives/nba-odds-2018-19
sbr:2018-19:2018-12-17:CHI:OKC,2018-19,2018-12-17,CHI,OKC,96,121,212.0,-12.5,750,-1200,https://www.sportsbookreviewsonline.com/scoresoddsarchives/nba-odds-2018-19
sbr:2018-19:2018-12-17:MEM:GSW,2018-19,2018-12-17,MEM,GSW,93,110,210.0,-13.0,775,-1300,https://www.sportsbookreviewsonline.com/scoresoddsarchives/nba-odds-2018-19
sbr:2018-19:2018-12-17:MIL:DET,2018-19,2018-12-17,MIL,DET,107,104,225.5,3.0,-150,130,https://www.sportsbookreviewsonline.com/scoresoddsarchives/nba-odds-2018-19
sbr:2018-19:2018-12-17:POR:LAC,2018-19,2018-12-17,POR,LAC,131,127,216.5,-1.5,100,-120,https://www.sportsbookreviewsonline.com/scoresoddsarchives/nba-odds-2018-19
sbr:2018-19:2018-12-17:SAC:MIN,2018-19,2018-12-17,SAC,MIN,105,132,231.0,-8.5,280,-360,https://www.sportsbookreviewsonline.com/scoresoddsarchives/nba-odds-2018-19
sbr:2018-19:2018-12-17:UTA:HOU,2018-19,2018-12-17,UTA,HOU,97,102,212.0,-5.0,180,-220,https://www.sportsbookreviewsonline.com/scoresoddsarchives/nba-odds-2018-19
sbr:2018-19:2018-12-18:CLE:IND,2018-19,2018-12-18,CLE,IND,92,91,207.0,-12.5,750,-1200,https://www.sportsbookreviewsonline.com/scoresoddsarchives/nba-odds-2018-19
sbr:2018-19:2018-12-18:DAL:DEN,2018-19,2018-12-18,DAL,DEN,118,126,208.0,-4.5,170,-200,https://www.sportsbookreviewsonline.com/scoresoddsarchives/nba-odds-2018-19
sbr:2018-19:2018-12-18:LAL:BKN,2018-19,2018-12-18,LAL,BKN,110,115,229.0,1.5,-120,100,https://www.sportsbookreviewsonline.com/scoresoddsarchives/nba-odds-2018-19
sbr:2018-19:2018-12-18:WAS:ATL,2018-19,2018-12-18,WAS,ATL,110,118,238.0,3.0,-160,140,https://www.sportsbookreviewsonline.com/scoresoddsarchives/nba-odds-2018-19
sbr:2018-19:2018-12-19:BKN:CHI,2018-19,2018-12-19,BKN,CHI,96,93,211.5,1.5,-125,105,https://www.sportsbookreviewsonline.com/scoresoddsarchives/nba-odds-2018-19
sbr:2018-19:2018-12-19:CLE:CHA,2018-19,2018-12-19,CLE,CHA,99,110,214.0,-13.5,850,-1500,https://www.sportsbookreviewsonline.com/scoresoddsarchives/nba-odds-2018-19
sbr:2018-19:2018-12-19:GSW:UTA,2018-19,2018-12-19,GSW,UTA,103,108,223.0,2.0,-130,110,https://www.sportsbookreviewsonline.com/scoresoddsarchives/nba-odds-2018-19
sbr:2018-19:2018-12-19:IND:TOR,2018-19,2018-12-19,IND,TOR,96,99,210.5,-4.5,155,-185,https://www.sportsbookreviewsonline.com/scoresoddsarchives/nba-odds-2018-19
sbr:2018-19:2018-12-19:MEM:POR,2018-19,2018-12-19,MEM,POR,92,99,201.5,-5.5,210,-260,https://www.sportsbookreviewsonline.com/scoresoddsarchives/nba-odds-2018-19
sbr:2018-19:2018-12-19:NOP:MIL,2018-19,2018-12-19,NOP,MIL,115,123,230.5,-9.0,350,-450,https://www.sportsbookreviewsonline.com/scoresoddsarchives/nba-odds-2018-19
sbr:2018-19:2018-12-19:NYK:PHI,2018-19,2018-12-19,NYK,PHI,109,131,228.5,-12.5,750,-1200,https://www.sportsbookreviewsonline.com/scoresoddsarchives/nba-odds-2018-19
sbr:2018-19:2018-12-19:OKC:SAC,2018-19,2018-12-19,OKC,SAC,132,113,233.0,4.5,-200,170,https://www.sportsbookreviewsonline.com/scoresoddsarchives/nba-odds-2018-19
sbr:2018-19:2018-12-19:PHX:BOS,2018-19,2018-12-19,PHX,BOS,111,103,222.5,-12.0,700,-1100,https://www.sportsbookreviewsonline.com/scoresoddsarchives/nba-odds-2018-19
sbr:2018-19:2018-12-19:SAS:ORL,2018-19,2018-12-19,SAS,ORL,129,90,209.5,3.0,-155,135,https://www.sportsbookreviewsonline.com/scoresoddsarchives/nba-odds-2018-19
sbr:2018-19:2018-12-19:WAS:HOU,2018-19,2018-12-19,WAS,HOU,118,136,225.0,-11.0,600,-900,https://www.sportsbookreviewsonline.com/scoresoddsarchives/nba-odds-2018-19
sbr:2018-19:2018-12-20:DAL:LAC,2018-19,2018-12-20,DAL,LAC,121,125,222.5,-3.0,135,-155,https://www.sportsbookreviewsonline.com/scoresoddsarchives/nba-odds-2018-19
sbr:2018-19:2018-12-20:HOU:MIA,2018-19,2018-12-20,HOU,MIA,99,101,210.5,3.0,-150,130,https://www.sportsbookreviewsonline.com/scoresoddsarchives/nba-odds-2018-19
sbr:2018-19:2018-12-21:ATL:NYK,2018-19,2018-12-21,ATL,NYK,114,107,233.5,-2.0,120,-140,https://www.sportsbookreviewsonline.com/scoresoddsarchives/nba-odds-2018-19
sbr:2018-19:2018-12-21:CLE:TOR,2018-19,2018-12-21,CLE,TOR,110,126,210.5,-11.5,600,-900,https://www.sportsbookreviewsonline.com/scoresoddsarchives/nba-odds-2018-19
sbr:2018-19:2018-12-21:DET:CHA,2018-19,2018-12-21,DET,CHA,86,98,220.5,-4.0,150,-180,https://www.sportsbookreviewsonline.com/scoresoddsarchives/nba-odds-2018-19
sbr:2018-19:2018-12-21:IND:BKN,2018-19,2018-12-21,IND,BKN,114,106,209.5,2.5,-145,125,https://www.sportsbookreviewsonline.com/scoresoddsarchives/nba-odds-2018-19
sbr:2018-19:2018-12-21:MEM:SAC,2018-19,2018-12-21,MEM,SAC,99,102,211.5,-2.0,105,-125,https://www.sportsbookreviewsonline.com/scoresoddsarchives/nba-odds-2018-19
sbr:2018-19:2018-12-21:MIN:SAS,2018-19,2018-12-21,MIN,SAS,98,124,219.5,-4.0,150,-180,https://www.sportsbookreviewsonline.com/scoresoddsarchives/nba-odds-2018-19
sbr:2018-19:2018-12-21:NOP:LAL,2018-19,2018-12-21,NOP,LAL,104,112,235.0,-5.0,180,-220,https://www.sportsbookreviewsonline.com/scoresoddsarchives/nba-odds-2018-19
sbr:2018-19:2018-12-21:ORL:CHI,2018-19,2018-12-21,ORL,CHI,80,90,202.0,3.0,-160,140,https://www.sportsbookreviewsonline.com/scoresoddsarchives/nba-odds-2018-19
sbr:2018-19:2018-12-21:UTA:POR,2018-19,2018-12-21,UTA,POR,120,90,213.5,-1.0,100,-120,https://www.sportsbookreviewsonline.com/scoresoddsarchives/nba-odds-2018-19
sbr:2018-19:2018-12-22:DAL:GSW,2018-19,2018-12-22,DAL,GSW,116,120,227.0,-11.0,600,-900,https://www.sportsbookreviewsonline.com/scoresoddsarchives/nba-odds-2018-19
sbr:2018-19:2018-12-22:DEN:LAC,2018-19,2018-12-22,DEN,LAC,111,132,221.0,-2.5,120,-140,https://www.sportsbookreviewsonline.com/scoresoddsarchives/nba-odds-2018-19
sbr:2018-19:2018-12-22:MIL:MIA,2018-19,2018-12-22,MIL,MIA,87,94,215.0,1.5,-125,105,https://www.sportsbookreviewsonline.com/scoresoddsarchives/nba-odds-2018-19
sbr:2018-19:2018-12-22:OKC:UTA,2018-19,2018-12-22,OKC,UTA,107,106,219.5,-2.0,105,-125,https://www.sportsbookreviewsonline.com/scoresoddsarchives/nba-odds-2018-19
sbr:2018-19:2018-12-22:SAS:HOU,2018-19,2018-12-22,SAS,HOU,101,108,217.5,-4.5,160,-190,https://www.sportsbookreviewsonline.com/scoresoddsarchives/nba-odds-2018-19
sbr:2018-19:2018-12-22:TOR:PHI,2018-19,2018-12-22,TOR,PHI,101,126,222.5,-8.0,320,-420,https://www.sportsbookreviewsonline.com/scoresoddsarchives/nba-odds-2018-19
sbr:2018-19:2018-12-23:ATL:DET,2018-19,2018-12-23,ATL,DET,98,95,221.5,-9.5,375,-500,https://www.sportsbookreviewsonline.com/scoresoddsarchives/nba-odds-2018-19
sbr:2018-19:2018-12-23:CHA:BOS,2018-19,2018-12-23,CHA,BOS,103,119,217.0,-7.5,275,-350,https://www.sportsbookreviewsonline.com/scoresoddsarchives/nba-odds-2018-19
sbr:2018-19:2018-12-23:CHI:CLE,2018-19,2018-12-23,CHI,CLE,112,92,201.0,-1.0,-105,-115,https://www.sportsbookreviewsonline.com/scoresoddsarchives/nba-odds-2018-19
sbr:2018-19:2018-12-23:LAC:GSW,2018-19,2018-12-23,LAC,GSW,127,129,233.5,-10.5,500,-700,https://www.sportsbookreviewsonline.com/scoresoddsarchives/nba-odds-2018-19
sbr:2018-19:2018-12-23:MEM:LAL,2018-19,2018-12-23,MEM,LAL,107,99,210.5,-5.0,180,-220,https://www.sportsbookreviewsonline.com/scoresoddsarchives/nba-odds-2018-19
sbr:2018-19:2018-12-23:MIA:ORL,2018-19,2018-12-23,MIA,ORL,115,91,201.5,-2.5,120,-140,https://www.sportsbookreviewsonline.com/scoresoddsarchives/nba-odds-2018-19
sbr:2018-19:2018-12-23:MIN:OKC,2018-19,2018-12-23,MIN,OKC,114,112,222.0,-6.5,240,-300,https://www.sportsbookreviewsonline.com/scoresoddsarchives/nba-odds-2018-19
sbr:2018-19:2018-12-23:NOP:SAC,2018-19,2018-12-23,NOP,SAC,117,122,237.5,1.0,-115,-105,https://www.sportsbookreviewsonline.com/scoresoddsarchives/nba-odds-2018-19
sbr:2018-19:2018-12-23:PHX:BKN,2018-19,2018-12-23,PHX,BKN,103,111,218.5,-9.0,350,-450,https://www.sportsbookreviewsonline.com/scoresoddsarchives/nba-odds-2018-19
sbr:2018-19:2018-12-23:WAS:IND,2018-19,2018-12-23,WAS,IND,89,105,219.0,-11.0,500,-700,https://www.sportsbookreviewsonline.com/scoresoddsarchives/nba-odds-2018-19
sbr:2018-19:2018-12-25:LAL:GSW,2018-19,2018-12-25,LAL,GSW,127,101,233.5,-9.0,375,-500,https://www.sportsbookreviewsonline.com/scoresoddsarchives/nba-odds-2018-19
sbr:2018-19:2018-12-25:MIL:NYK,2018-19,2018-12-25,MIL,NYK,109,95,226.0,10.0,-600,425,https://www.sportsbookreviewsonline.com/scoresoddsarchives/nba-odds-2018-19
sbr:2018-19:2018-12-25:POR:UTA,2018-19,2018-12-25,POR,UTA,96,117,214.5,-7.0,240,-300,https://www.sportsbookreviewsonline.com/scoresoddsarchives/nba-odds-2018-19
sbr:2018-19:2018-12-26:CLE:MEM,2018-19,2018-12-26,CLE,MEM,87,95,196.5,-9.5,400,-550,https://www.sportsbookreviewsonline.com/scoresoddsarchives/nba-odds-2018-19
sbr:2018-19:2018-12-26:DEN:SAS,2018-19,2018-12-26,DEN,SAS,103,111,216.0,-4.0,150,-180,https://www.sportsbookreviewsonline.com/scoresoddsarchives/nba-odds-2018-19
sbr:2018-19:2018-12-26:IND:ATL,2018-19,2018-12-26,IND,ATL,129,121,220.0,6.5,-280,230,https://www.sportsbookreviewsonline.com/scoresoddsarchives/nba-odds-2018-19
sbr:2018-19:2018-12-26:MIN:CHI,2018-19,2018-12-26,MIN,CHI,119,94,210.0,4.0,-185,155,https://www.sportsbookreviewsonline.com/scoresoddsarchives/nba-odds-2018-19
sbr:2018-19:2018-12-26:NOP:DAL,2018-19,2018-12-26,NOP,DAL,119,122,228.5,-2.0,110,-130,https://www.sportsbookreviewsonline.com/scoresoddsarchives/nba-odds-2018-19
sbr:2018-19:2018-12-26:SAC:LAC,2018-19,2018-12-26,SAC,LAC,118,127,239.0,-4.5,170,-200,https://www.sportsbookreviewsonline.com/scoresoddsarchives/nba-odds-2018-19
sbr:2018-19:2018-12-26:TOR:MIA,2018-19,2018-12-26,TOR,MIA,106,104,207.5,2.0,-130,110,https://www.sportsbookreviewsonline.com/scoresoddsarchives/nba-odds-2018-19
sbr:2018-19:2018-12-26:WAS:DET,2018-19,2018-12-26,WAS,DET,95,106,221.5,-4.5,160,-190,https://www.sportsbookreviewsonline.com/scoresoddsarchives/nba-odds-2018-19
sbr:2018-19:2018-12-27:LAL:SAC,2018-19,2018-12-27,LAL,SAC,116,117,229.0,-4.5,155,-185,https://www.sportsbookreviewsonline.com/scoresoddsarchives/nba-odds-2018-19
sbr:2018-19:2018-12-27:NYK:MIL,2018-19,2018-12-27,NYK,MIL,96,112,227.0,-14.5,950,-1800,https://www.sportsbookreviewsonline.com/scoresoddsarchives/nba-odds-2018-19
sbr:2018-19:2018-12-27:PHI:UTA,2018-19,2018-12-27,PHI,UTA,114,97,219.5,-4.5,170,-200,https://www.sportsbookreviewsonline.com/scoresoddsarchives/nba-odds-2018-19
sbr:2018-19:2018-12-28:BKN:CHA,2018-19,2018-12-28,BKN,CHA,87,100,220.0,-4.5,170,-200,https://www.sportsbookreviewsonline.com/scoresoddsarchives/nba-odds-2018-19
sbr:2018-19:2018-12-28:CHI:WAS,2018-19,2018-12-28,CHI,WAS,101,92,212.5,-4.5,170,-200,https://www.sportsbookreviewsonline.com/scoresoddsarchives/nba-odds-2018-19
sbr:2018-19:2018-12-28:CLE:MIA,2018-19,2018-12-28,CLE,MIA,94,118,202.5,-10.5,450,-650,https://www.sportsbookreviewsonline.com/scoresoddsarchives/nba-odds-2018-19
sbr:2018-19:2018-12-28:DAL:NOP,2018-19,2018-12-28,DAL,NOP,112,114,228.5,-4.0,148,-175,https://www.sportsbookreviewsonline.com/scoresoddsarchives/nba-odds-2018-19
sbr:2018-19:2018-12-28:DET:IND,2018-19,2018-12-28,DET,IND,88,125,206.5,-7.0,240,-300,https://www.sportsbookreviewsonline.com/scoresoddsarchives/nba-odds-2018-19
sbr:2018-19:2018-12-28:LAC:LAL,2018-19,2018-12-28,LAC,LAL,118,107,229.0,7.0,-310,250,https://www.sportsbookreviewsonline.com/scoresoddsarchives/nba-odds-2018-19
sbr:2018-19:2018-12-28:OKC:PHX,2018-19,2018-12-28,OKC,PHX,118,102,226.0,4.5,-190,160,https://www.sportsbookreviewsonline.com/scoresoddsarchives/nba-odds-2018-19
sbr:2018-19:2018-12-28:SAS:DEN,2018-19,2018-12-28,SAS,DEN,99,102,216.5,-4.5,160,-190,https://www.sportsbookreviewsonline.com/scoresoddsarchives/nba-odds-2018-19
sbr:2018-19:2018-12-28:TOR:ORL,2018-19,2018-12-28,TOR,ORL,87,116,207.5,4.5,-200,170,https://www.sportsbookreviewsonline.com/scoresoddsarchives/nba-odds-2018-19
sbr:2018-19:2018-12-29:BKN:MIL,2018-19,2018-12-29,BKN,MIL,115,129,222.0,-11.0,500,-700,https://www.sportsbookreviewsonline.com/scoresoddsarchives/nba-odds-2018-19
sbr:2018-19:2018-12-29:BOS:MEM,2018-19,2018-12-29,BOS,MEM,112,103,202.0,3.5,-170,145,https://www.sportsbookreviewsonline.com/scoresoddsarchives/nba-odds-2018-19
sbr:2018-19:2018-12-29:CHA:WAS,2018-19,2018-12-29,CHA,WAS,126,130,217.5,3.5,-170,145,https://www.sportsbookreviewsonline.com/scoresoddsarchives/nba-odds-2018-19
sbr:2018-19:2018-12-29:CLE:ATL,2018-19,2018-12-29,CLE,ATL,108,111,219.5,-4.0,150,-180,https://www.sportsbookreviewsonline.com/scoresoddsarchives/nba-odds-2018-19
sbr:2018-19:2018-12-29:DEN:PHX,2018-19,2018-12-29,DEN,PHX,122,118,215.5,5.0,-210,175,https://www.sportsbookreviewsonline.com/scoresoddsarchives/nba-odds-2018-19
sbr:2018-19:2018-12-29:GSW:POR,2018-19,2018-12-29,GSW,POR,115,105,226.5,5.5,-230,185,https://www.sportsbookreviewsonline.com/scoresoddsarchives/nba-odds-2018-19
sbr:2018-19:2018-12-29:HOU:NOP,2018-19,2018-12-29,HOU,NOP,108,104,229.5,3.5,-160,140,https://www.sportsbookreviewsonline.com/scoresoddsarchives/nba-odds-2018-19
sbr:2018-19:2018-12-29:NYK:UTA,2018-19,2018-12-29,NYK,UTA,97,129,215.0,-12.0,700,-1100,https://www.sportsbookreviewsonline.com/scoresoddsarchives/nba-odds-2018-19
sbr:2018-19:2018-12-29:SAS:LAC,2018-19,2018-12-29,SAS,LAC,122,111,227.0,-2.5,120,-140,https://www.sportsbookreviewsonline.com/scoresoddsarchives/nba-odds-2018-19
sbr:2018-19:2018-12-30:CHI:TOR,2018-19,2018-12-30,CHI,TOR,89,95,206.5,-11.0,550,-800,https://www.sportsbookreviewsonline.com/scoresoddsarchives/nba-odds-2018-19
sbr:2018-19:2018-12-30:DET:ORL,2018-19,2018-12-30,DET,ORL,107,109,203.5,-1.5,105,-125,https://www.sportsbookreviewsonline.com/scoresoddsarchives/nba-odds-2018-19
sbr:2018-19:2018-12-30:MIN:MIA,2018-19,2018-12-30,MIN,MIA,113,104,207.0,-3.5,142,-165,https://www.sportsbookreviewsonline.com/scoresoddsarchives/nba-odds-2018-19
sbr:2018-19:2018-12-30:OKC:DAL,2018-19,2018-12-30,OKC,DAL,103,105,226.0,2.5,-140,120,https://www.sportsbookreviewsonline.com/scoresoddsarchives/nba-odds-2018-19
sbr:2018-19:2018-12-30:PHI:POR,2018-19,2018-12-30,PHI,POR,95,129,225.0,-3.0,135,-155,https://www.sportsbookreviewsonline.com/scoresoddsarchives/nba-odds-2018-19
sbr:2018-19:2018-12-31:ATL:IND,2018-19,2018-12-31,ATL,IND,108,116,220.5,-13.5,800,-1400,https://www.sportsbookreviewsonline.com/scoresoddsarchives/nba-odds-2018-19
sbr:2018-19:2018-12-31:DAL:OKC,2018-19,2018-12-31,DAL,OKC,102,122,224.0,-7.5,270,-340,https://www.sportsbookreviewsonline.com/scoresoddsarchives/nba-odds-2018-19
sbr:2018-19:2018-12-31:GSW:PHX,2018-19,2018-12-31,GSW,PHX,132,109,231.0,10.0,-650,450,https://www.sportsbookreviewsonline.com/scoresoddsarchives/nba-odds-2018-19
sbr:2018-19:2018-12-31:MEM:HOU,2018-19,2018-12-31,MEM,HOU,101,113,200.5,-4.0,160,-190,https://www.sportsbookreviewsonline.com/scoresoddsarchives/nba-odds-2018-19
sbr:2018-19:2018-12-31:MIN:NOP,2018-19,2018-12-31,MIN,NOP,114,123,224.0,-1.0,100,-120,https://www.sportsbookreviewsonline.com/scoresoddsarchives/nba-odds-2018-19
sbr:2018-19:2018-12-31:ORL:CHA,2018-19,2018-12-31,ORL,CHA,100,125,211.0,-8.0,290,-380,https://www.sportsbookreviewsonline.com/scoresoddsarchives/nba-odds-2018-19
sbr:2019-20:2019-10-23:BOS:PHI,2019-20,2019-10-23,BOS,PHI,93,107,214.5,-5.5,190,-240,https://www.sportsbookreviewsonline.com/scoresoddsarchives/nba-odds-2019-20
sbr:2019-20:2019-10-23:CHI:CHA,2019-20,2019-10-23,CHI,CHA,125,126,216.5,3.5,-170,145,https://www.sportsbookreviewsonline.com/scoresoddsarchives/nba-odds-2019-20
sbr:2019-20:2019-10-23:CLE:ORL,2019-20,2019-10-23,CLE,ORL,85,94,211.5,-9.5,400,-550,https://www.sportsbookreviewsonline.com/scoresoddsarchives/nba-odds-2019-20
sbr:2019-20:2019-10-23:DET:IND,2019-20,2019-10-23,DET,IND,119,110,211.0,-7.0,240,-300,https://www.sportsbookreviewsonline.com/scoresoddsarchives/nba-odds-2019-20
sbr:2019-20:2019-10-23:MEM:MIA,2019-20,2019-10-23,MEM,MIA,101,120,213.0,-6.5,240,-300,https://www.sportsbookreviewsonline.com/scoresoddsarchives/nba-odds-2019-20
sbr:2019-20:2019-10-23:NYK:SAS,2019-20,2019-10-23,NYK,SAS,111,120,214.5,-11.0,525,-750,https://www.sportsbookreviewsonline.com/scoresoddsarchives/nba-odds-2019-20
sbr:2019-20:2019-10-23:OKC:UTA,2019-20,2019-10-23,OKC,UTA,95,100,221.5,-9.0,375,-500,https://www.sportsbookreviewsonline.com/scoresoddsarchives/nba-odds-2019-20
sbr:2019-20:2019-10-23:SAC:PHX,2019-20,2019-10-23,SAC,PHX,95,124,232.5,1.0,-115,-105,https://www.sportsbookreviewsonline.com/scoresoddsarchives/nba-odds-2019-20
sbr:2019-20:2019-10-23:WAS:DAL,2019-20,2019-10-23,WAS,DAL,100,108,220.0,-9.0,350,-450,https://www.sportsbookreviewsonline.com/scoresoddsarchives/nba-odds-2019-20
sbr:2019-20:2019-10-24:ATL:DET,2019-20,2019-10-24,ATL,DET,117,100,221.5,-1.5,105,-125,https://www.sportsbookreviewsonline.com/scoresoddsarchives/nba-odds-2019-20
sbr:2019-20:2019-10-24:LAC:GSW,2019-20,2019-10-24,LAC,GSW,141,122,229.5,0.0,-110,-110,https://www.sportsbookreviewsonline.com/scoresoddsarchives/nba-odds-2019-20
sbr:2019-20:2019-10-24:MIL:HOU,2019-20,2019-10-24,MIL,HOU,117,111,231.0,-1.5,100,-120,https://www.sportsbookreviewsonline.com/scoresoddsarchives/nba-odds-2019-20
sbr:2019-20:2019-10-25:DAL:NOP,2019-20,2019-10-25,DAL,NOP,123,116,227.0,-2.0,110,-130,https://www.sportsbookreviewsonline.com/scoresoddsarchives/nba-odds-2019-20
sbr:2019-20:2019-10-25:MIN:CHA,2019-20,2019-10-25,MIN,CHA,121,99,225.0,5.0,-220,180,https://www.sportsbookreviewsonline.com/scoresoddsarchives/nba-odds-2019-20
sbr:2019-20:2019-10-25:NYK:BKN,2019-20,2019-10-25,NYK,BKN,109,113,228.0,-8.0,280,-360,https://www.sportsbookreviewsonline.com/scoresoddsarchives/nba-odds-2019-20
sbr:2019-20:2019-10-25:TOR:BOS,2019-20,2019-10-25,TOR,BOS,106,112,213.0,-2.5,120,-140,https://www.sportsbookreviewsonline.com/scoresoddsarchives/nba-odds-2019-20
sbr:2019-20:2019-10-25:UTA:LAL,2019-20,2019-10-25,UTA,LAL,86,95,215.5,-3.5,140,-160,https://www.sportsbookreviewsonline.com/scoresoddsarchives/nba-odds-2019-20
sbr:2019-20:2019-10-25:WAS:OKC,2019-20,2019-10-25,WAS,OKC,97,85,218.0,-8.5,300,-400,https://www.sportsbookreviewsonline.com/scoresoddsarchives/nba-odds-2019-20
sbr:2019-20:2019-10-26:IND:CLE,2019-20,2019-10-26,IND,CLE,99,110,213.0,4.5,-190,160,https://www.sportsbookreviewsonline.com/scoresoddsarchives/nba-odds-2019-20
sbr:2019-20:2019-10-26:LAC:PHX,2019-20,2019-10-26,LAC,PHX,122,130,225.5,10.0,-550,400,https://www.sportsbookreviewsonline.com/scoresoddsarchives/nba-odds-2019-20
sbr:2019-20:2019-10-26:NOP:HOU,2019-20,2019-10-26,NOP,HOU,123,126,238.5,-12.0,650,-1000,https://www.sportsbookreviewsonline.com/scoresoddsarchives/nba-odds-2019-20
sbr:2019-20:2019-10-26:PHI:DET,2019-20,2019-10-26,PHI,DET,117,111,213.0,4.5,-190,160,https://www.sportsbookreviewsonline.com/scoresoddsarchives/nba-odds-2019-20
sbr:2019-20:2019-10-26:SAC:UTA,2019-20,2019-10-26,SAC,UTA,81,113,221.5,-9.0,350,-450,https://www.sportsbookreviewsonline.com/scoresoddsarchives/nba-odds-2019-20
sbr:2019-20:2019-10-26:TOR:CHI,2019-20,2019-10-26,TOR,CHI,108,84,219.5,3.0,-155,135,https://www.sportsbookreviewsonline.com/scoresoddsarchives/nba-odds-2019-20
sbr:2019-20:2019-10-26:WAS:SAS,2019-20,2019-10-26,WAS,SAS,122,124,219.5,-11.5,650,-1000,https://www.sportsbookreviewsonline.com/scoresoddsarchives/nba-odds-2019-20
sbr:2019-20:2019-10-27:CHA:LAL,2019-20,2019-10-27,CHA,LAL,101,120,216.5,-13.0,800,-1400,https://www.sportsbookreviewsonline.com/scoresoddsarchives/nba-odds-2019-20
sbr:2019-20:2019-10-27:MIA:MIN,2019-20,2019-10-27,MIA,MIN,109,116,224.0,-7.0,240,-300,https://www.sportsbookreviewsonline.com/scoresoddsarchives/nba-odds-2019-20
sbr:2019-20:2019-10-27:POR:DAL,2019-20,2019-10-27,POR,DAL,121,119,219.0,-2.5,125,-145,https://www.sportsbookreviewsonline.com/scoresoddsarchives/nba-odds-2019-20
sbr:2019-20:2019-10-28:CHA:LAC,2019-20,2019-10-28,CHA,LAC,96,111,228.0,-15.5,1200,-3000,https://www.sportsbookreviewsonline.com/scoresoddsarchives/nba-odds-2019-20
sbr:2019-20:2019-10-28:CLE:MIL,2019-20,2019-10-28,CLE,MIL,112,129,224.5,-15.5,1200,-3000,https://www.sportsbookreviewsonline.com/scoresoddsarchives/nba-odds-2019-20
sbr:2019-20:2019-10-28:DEN:SAC,2019-20,2019-10-28,DEN,SAC,101,94,218.0,5.5,-220,180,https://www.sportsbookreviewsonline.com/scoresoddsarchives/nba-odds-2019-20
sbr:2019-20:2019-10-28:GSW:NOP,2019-20,2019-10-28,GSW,NOP,134,123,235.5,-2.5,120,-140,https://www.sportsbookreviewsonline.com/scoresoddsarchives/nba-odds-2019-20
sbr:2019-20:2019-10-28:IND:DET,2019-20,2019-10-28,IND,DET,94,96,213.0,2.0,-130,110,https://www.sportsbookreviewsonline.com/scoresoddsarchives/nba-odds-2019-20
sbr:2019-20:2019-10-28:OKC:HOU,2019-20,2019-10-28,OKC,HOU,112,116,228.0,-10.0,425,-600,https://www.sportsbookreviewsonline.com/scoresoddsarchives/nba-odds-2019-20
sbr:2019-20:2019-10-28:ORL:TOR,2019-20,2019-10-28,ORL,TOR,95,104,209.0,-5.0,175,-210,https://www.sportsbookreviewsonline.com/scoresoddsarchives/nba-odds-2019-20
sbr:2019-20:2019-10-28:PHI:ATL,2019-20,2019-10-28,PHI,ATL,105,103,221.0,6.5,-280,230,https://www.sportsbookreviewsonline.com/scoresoddsarchives/nba-odds-2019-20
sbr:2019-20:2019-10-28:POR:SAS,2019-20,2019-10-28,POR,SAS,110,113,223.0,-6.0,200,-250,https://www.sportsbookreviewsonline.com/scoresoddsarchives/nba-odds-2019-20
sbr:2019-20:2019-10-28:UTA:PHX,2019-20,2019-10-28,UTA,PHX,96,95,213.5,5.0,-190,160,https://www.sportsbookreviewsonline.com/scoresoddsarchives/nba-odds-2019-20
sbr:2019-20:2019-10-29:ATL:MIA,2019-20,2019-10-29,ATL,MIA,97,112,223.0,-8.5,300,-400,https://www.sportsbookreviewsonline.com/scoresoddsarchives/nba-odds-2019-20
sbr:2019-20:2019-10-29:DAL:DEN,2019-20,2019-10-29,DAL,DEN,109,106,212.5,-5.5,185,-230,https://www.sportsbookreviewsonline.com/scoresoddsarchives/nba-odds-2019-20
sbr:2019-20:2019-10-29:MEM:LAL,2019-20,2019-10-29,MEM,LAL,91,120,215.0,-11.5,575,-850,https://www.sportsbookreviewsonline.com/scoresoddsarchives/nba-odds-2019-20
sbr:2019-20:2019-10-30:CHA:SAC,2019-20,2019-10-30,CHA,SAC,118,111,223.5,-7.5,275,-350,https://www.sportsbookreviewsonline.com/scoresoddsarchives/nba-odds-2019-20
sbr:2019-20:2019-10-30:CHI:CLE,2019-20,2019-10-30,CHI,CLE,111,117,216.5,2.0,-130,110,https://www.sportsbookreviewsonline.com/scoresoddsarchives/nba-odds-2019-20
sbr:2019-20:2019-10-30:DET:TOR,2019-20,2019-10-30,DET,TOR,113,125,214.0,-9.5,375,-500,https://www.sportsbookreviewsonline.com/scoresoddsarchives/nba-odds-2019-20
sbr:2019-20:2019-10-30:HOU:WAS,2019-20,2019-10-30,HOU,WAS,159,158,234.0,8.0,-350,275,https://www.sportsbookreviewsonline.com/scoresoddsarchives/nba-odds-2019-20
sbr:2019-20:2019-10-30:IND:BKN,2019-20,2019-10-30,IND,BKN,118,108,220.5,-3.0,130,-150,https://www.sportsbookreviewsonline.com/scoresoddsarchives/nba-odds-2019-20
sbr:2019-20:2019-10-30:LAC:UTA,2019-20,2019-10-30,LAC,UTA,96,110,216.5,-7.0,230,-280,https://www.sportsbookreviewsonline.com/scoresoddsarchives/nba-odds-2019-20
sbr:2019-20:2019-10-30:MIL:BOS,2019-20,2019-10-30,MIL,BOS,105,116,224.0,3.5,-165,142,https://www.sportsbookreviewsonline.com/scoresoddsarchives/nba-odds-2019-20
sbr:2019-20:2019-10-30:MIN:PHI,2019-20,2019-10-30,MIN,PHI,95,117,222.5,-7.0,250,-310,https://www.sportsbookreviewsonline.com/scoresoddsarchives/nba-odds-2019-20
sbr:2019-20:2019-10-30:NYK:ORL,2019-20,2019-10-30,NYK,ORL,83,95,209.5,-9.5,375,-500,https://www.sportsbookreviewsonline.com/scoresoddsarchives/nba-odds-2019-20
sbr:2019-20:2019-10-30:PHX:GSW,2019-20,2019-10-30,PHX,GSW,121,110,230.5,-5.5,185,-230,https://www.sportsbookreviewsonline.com/scoresoddsarchives/nba-odds-2019-20
sbr:2019-20:2019-10-30:POR:OKC,2019-20,2019-10-30,POR,OKC,102,99,221.5,1.5,-120,100,https://www.sportsbookreviewsonline.com/scoresoddsarchives/nba-odds-2019-20
sbr:2019-20:2019-10-31:DEN:NOP,2019-20,2019-10-31,DEN,NOP,107,122,223.5,4.0,-180,150,https://www.sportsbookreviewsonline.com/scoresoddsarchives/nba-odds-2019-20
sbr:2019-20:2019-10-31:MIA:ATL,2019-20,2019-10-31,MIA,ATL,106,97,215.5,6.5,-270,220,https://www.sportsbookreviewsonline.com/scoresoddsarchives/nba-odds-2019-20
sbr:2019-20:2019-10-31:SAS:LAC,2019-20,2019-10-31,SAS,LAC,97,103,229.0,-5.0,170,-200,https://www.sportsbookreviewsonline.com/scoresoddsarchives/nba-odds-2019-20
sbr:2019-20:2019-11-01:CLE:IND,2019-20,2019-11-01,CLE,IND,95,102,215.0,-7.5,260,-330,https://www.sportsbookreviewsonline.com/scoresoddsarchives/nba-odds-2019-20
sbr:2019-20:2019-11-01:DET:CHI,2019-20,2019-11-01,DET,CHI,106,112,216.0,-3.5,142,-165,https://www.sportsbookreviewsonline.com/scoresoddsarchives/nba-odds-2019-20
sbr:2019-20:2019-11-01:HOU:BKN,2019-20,2019-11-01,HOU,BKN,116,123,244.0,4.5,-190,160,https://www.sportsbookreviewsonline.com/scoresoddsarchives/nba-odds-2019-20
sbr:2019-20:2019-11-01:MIL:ORL,2019-20,2019-11-01,MIL,ORL,123,91,215.0,4.5,-190,160,https://www.sportsbookreviewsonline.com/scoresoddsarchives/nba-odds-2019-20
sbr:2019-20:2019-11-01:NYK:BOS,2019-20,2019-11-01,NYK,BOS,102,104,212.0,-10.5,500,-700,https://www.sportsbookreviewsonline.com/scoresoddsarchives/nba-odds-2019-20
sbr:2019-20:2019-11-01:SAS:GSW,2019-20,2019-11-01,SAS,GSW,127,110,223.0,7.0,-300,240,https://www.sportsbookreviewsonline.com/scoresoddsarchives/nba-odds-2019-20
sbr:2019-20:2019-11-01:UTA:SAC,2019-20,2019-11-01,UTA,SAC,101,102,214.0,5.0,-210,175,https://www.sportsbookreviewsonline.com/scoresoddsarchives/nba-odds-2019-20
sbr:2019-20:2019-11-02:BKN:DET,2019-20,2019-11-02,BKN,DET,109,113,222.5,4.0,-180,150,https://www.sportsbookreviewsonline.com/scoresoddsarchives/nba-odds-2019-20
sbr:2019-20:2019-11-02:DEN:ORL,2019-20,2019-11-02,DEN,ORL,91,87,199.5,4.0,-180,150,https://www.sportsbookreviewsonline.com/scoresoddsarchives/nba-odds-2019-20
sbr:2019-20:2019-11-02:MIN:WAS,2019-20,2019-11-02,MIN,WAS,131,109,229.5,-3.0,130,-150,https://www.sportsbookreviewsonline.com/scoresoddsarchives/nba-odds-2019-20
sbr:2019-20:2019-11-02:NOP:OKC,2019-20,2019-11-02,NOP,OKC,104,115,228.0,-2.0,110,-130,https://www.sportsbookreviewsonline.com/scoresoddsarchives/nba-odds-2019-20
sbr:2019-20:2019-11-02:PHI:POR,2019-20,2019-11-02,PHI,POR,129,128,223.5,-1.0,-105,-115,https://www.sportsbookreviewsonline.com/scoresoddsarchives/nba-odds-2019-20
sbr:2019-20:2019-11-02:TOR:MIL,2019-20,2019-11-02,TOR,MIL,105,115,226.5,-6.0,210,-260,https://www.sportsbookreviewsonline.com/scoresoddsarchives/nba-odds-2019-20
sbr:2019-20:2019-11-03:CHI:IND,2019-20,2019-11-03,CHI,IND,95,108,217.0,-2.0,110,-130,https://www.sportsbookreviewsonline.com/scoresoddsarchives/nba-odds-2019-20
sbr:2019-20:2019-11-03:DAL:CLE,2019-20,2019-11-03,DAL,CLE,131,111,218.5,5.5,-220,180,https://www.sportsbookreviewsonline.com/scoresoddsarchives/nba-odds-2019-20
sbr:2019-20:2019-11-03:HOU:MIA,2019-20,2019-11-03,HOU,MIA,100,129,233.5,3.0,-155,135,https://www.sportsbookreviewsonline.com/scoresoddsarchives/nba-odds-2019-20
sbr:2019-20:2019-11-03:UTA:LAC,2019-20,2019-11-03,UTA,LAC,94,105,214.0,-4.5,170,-200,https://www.sportsbookreviewsonline.com/scoresoddsarchives/nba-odds-2019-20
sbr:2019-20:2019-11-04:DET:WAS,2019-20,2019-11-04,DET,WAS,99,115,225.5,-4.0,150,-180,https://www.sportsbookreviewsonline.com/scoresoddsarchives/nba-odds-2019-20
sbr:2019-20:2019-11-04:HOU:MEM,2019-20,2019-11-04,HOU,MEM,107,100,230.0,5.5,-240,190,https://www.sportsbookreviewsonline.com/scoresoddsarchives/nba-odds-2019-20
sbr:2019-20:2019-11-04:MIL:MIN,2019-20,2019-11-04,MIL,MIN,134,106,229.5,7.5,-330,260,https://www.sportsbookreviewsonline.com/scoresoddsarchives/nba-odds-2019-20
sbr:2019-20:2019-11-04:NOP:BKN,2019-20,2019-11-04,NOP,BKN,125,135,238.5,-3.5,145,-170,https://www.sportsbookreviewsonline.com/scoresoddsarchives/nba-odds-2019-20
sbr:2019-20:2019-11-04:POR:GSW,2019-20,2019-11-04,POR,GSW,118,127,220.0,12.0,-900,600,https://www.sportsbookreviewsonline.com/scoresoddsarchives/nba-odds-2019-20
sbr:2019-20:2019-11-05:BOS:CLE,2019-20,2019-11-05,BOS,CLE,119,113,215.5,6.0,-260,210,https://www.sportsbookreviewsonline.com/scoresoddsarchives/nba-odds-2019-20
sbr:2019-20:2019-11-05:LAL:CHI,2019-20,2019-11-05,LAL,CHI,118,112,215.5,7.0,-310,250,https://www.sportsbookreviewsonline.com/scoresoddsarchives/nba-odds-2019-20
sbr:2019-20:2019-11-05:MIA:DEN,2019-20,2019-11-05,MIA,DEN,89,109,211.0,-5.0,180,-220,https://www.sportsbookreviewsonline.com/scoresoddsarchives/nba-odds-2019-20
sbr:2019-20:2019-11-05:ORL:OKC,2019-20,2019-11-05,ORL,OKC,94,102,201.0,-2.5,125,-145,https://www.sportsbookreviewsonline.com/scoresoddsarchives/nba-odds-2019-20
sbr:2019-20:2019-11-05:SAS:ATL,2019-20,2019-11-05,SAS,ATL,100,108,222.5,5.5,-240,190,https://www.sportsbookreviewsonline.com/scoresoddsarchives/nba-odds-2019-20
sbr:2019-20:2019-11-06:CHI:ATL,2019-20,2019-11-06,CHI,ATL,113,93,221.5,0.0,-110,-110,https://www.sportsbookreviewsonline.com/scoresoddsarchives/nba-odds-2019-20
sbr:2019-20:2019-11-06:GSW:HOU,2019-20,2019-11-06,GSW,HOU,112,129,229.0,-16.0,1100,-2500,https://www.sportsbookreviewsonline.com/scoresoddsarchives/nba-odds-2019-20
sbr:2019-20:2019-11-06:MIN:MEM,2019-20,2019-11-06,MIN,MEM,121,137,224.5,3.5,-170,145,https://www.sportsbookreviewsonline.com/scoresoddsarchives/nba-odds-2019-20
sbr:2019-20:2019-11-06:NYK:DET,2019-20,2019-11-06,NYK,DET,102,122,206.0,-3.5,142,-165,https://www.sportsbookreviewsonline.com/scoresoddsarchives/nba-odds-2019-20
sbr:2019-20:2019-11-06:ORL:DAL,2019-20,2019-11-06,ORL,DAL,106,107,207.5,-7.0,250,-310,https://www.sportsbookreviewsonline.com/scoresoddsarchives/nba-odds-2019-20
sbr:2019-20:2019-11-06:PHI:UTA,2019-20,2019-11-06,PHI,UTA,104,106,209.0,-3.0,130,-150,https://www.sportsbookreviewsonline.com/scoresoddsarchives/nba-odds-2019-20
sbr:2019-20:2019-11-06:SAC:TOR,2019-20,2019-11-06,SAC,TOR,120,124,219.0,-8.0,275,-350,https://www.sportsbookreviewsonline.com/scoresoddsarchives/nba-odds-2019-20
sbr:2019-20:2019-11-06:WAS:IND,2019-20,2019-11-06,WAS,IND,106,121,227.0,-3.0,130,-150,https://www.sportsbookreviewsonline.com/scoresoddsarchives/nba-odds-2019-20
sbr:2019-20:2019-11-07:BOS:CHA,2019-20,2019-11-07,BOS,CHA,108,87,214.5,7.0,-310,250,https://www.sportsbookreviewsonline.com/scoresoddsarchives/nba-odds-2019-20
sbr:2019-20:2019-11-07:MIA:PHX,2019-20,2019-11-07,MIA,PHX,124,108,220.0,-2.0,110,-130,https://www.sportsbookreviewsonline.com/scoresoddsarchives/nba-odds-2019-20
sbr:2019-20:2019-11-07:OKC:SAS,2019-20,2019-11-07,OKC,SAS,112,121,211.5,-5.0,170,-200,https://www.sportsbookreviewsonline.com/scoresoddsarchives/nba-odds-2019-20
sbr:2019-20:2019-11-07:POR:LAC,2019-20,2019-11-07,POR,LAC,101,107,231.0,-5.5,190,-240,https://www.sportsbookreviewsonline.com/scoresoddsarchives/nba-odds-2019-20
sbr:2019-20:2019-11-08:BKN:POR,2019-20,2019-11-08,BKN,POR,119,115,239.5,-3.5,145,-170,https://www.sportsbookreviewsonline.com/scoresoddsarchives/nba-odds-2019-20
sbr:2019-20:2019-11-08:CLE:WAS,2019-20,2019-11-08,CLE,WAS,113,100,233.0,-4.5,160,-190,https://www.sportsbookreviewsonline.com/scoresoddsarchives/nba-odds-2019-20
sbr:2019-20:2019-11-08:DET:IND,2019-20,2019-11-08,DET,IND,106,112,210.0,-6.0,210,-260,https://www.sportsbookreviewsonline.com/scoresoddsarchives/nba-odds-2019-20
sbr:2019-20:2019-11-08:MEM:ORL,2019-20,2019-11-08,MEM,ORL,86,118,208.5,-7.5,260,-330,https://www.sportsbookreviewsonline.com/scoresoddsarchives/nba-odds-2019-20
sbr:2019-20:2019-11-08:MIA:LAL,2019-20,2019-11-08,MIA,LAL,80,95,218.0,-8.5,325,-425,https://www.sportsbookreviewsonline.com/scoresoddsarchives/nba-odds-2019-20
sbr:2019-20:2019-11-08:NYK:DAL,2019-20,2019-11-08,NYK,DAL,106,102,215.5,-11.0,500,-700,https://www.sportsbookreviewsonline.com/scoresoddsarchives/nba-odds-2019-20
sbr:2019-20:2019-11-08:PHI:DEN,2019-20,2019-11-08,PHI,DEN,97,100,211.5,-5.0,180,-220,https://www.sportsbookreviewsonline.com/scoresoddsarchives/nba-odds-2019-20
sbr:2019-20:2019-11-08:TOR:NOP,2019-20,2019-11-08,TOR,NOP,122,104,232.5,2.5,-135,115,https://www.sportsbookreviewsonline.com/scoresoddsarchives/nba-odds-2019-20
sbr:2019-20:2019-11-09:BOS:SAS,2019-20,2019-11-09,BOS,SAS,135,115,218.5,-1.5,105,-125,https://www.sportsbookreviewsonline.com/scoresoddsarchives/nba-odds-2019-20
sbr:2019-20:2019-11-09:DAL:MEM,2019-20,2019-11-09,DAL,MEM,138,122,222.0,5.5,-240,190,https://www.sportsbookreviewsonline.com/scoresoddsarchives/nba-odds-2019-20
sbr:2019-20:2019-11-09:GSW:OKC,2019-20,2019-11-09,GSW,OKC,108,114,216.0,-12.5,600,-900,https://www.sportsbookreviewsonline.com/scoresoddsarchives/nba-odds-2019-20
sbr:2019-20:2019-11-09:HOU:CHI,2019-20,2019-11-09,HOU,CHI,117,94,234.0,6.5,-275,225,https://www.sportsbookreviewsonline.com/scoresoddsarchives/nba-odds-2019-20
sbr:2019-20:2019-11-09:NOP:CHA,2019-20,2019-11-09,NOP,CHA,115,110,232.0,1.5,-125,105,https://www.sportsbookreviewsonline.com/scoresoddsarchives/nba-odds-2019-20
sbr:2019-20:2019-11-10:BKN:PHX,2019-20,2019-11-10,BKN,PHX,112,138,231.5,-3.0,130,-150,https://www.sportsbookreviewsonline.com/scoresoddsarchives/nba-odds-2019-20
sbr:2019-20:2019-11-10:CHA:PHI,2019-20,2019-11-10,CHA,PHI,106,114,213.5,-14.0,750,-1200,https://www.sportsbookreviewsonline.com/scoresoddsarchives/nba-odds-2019-20
sbr:2019-20:2019-11-10:CLE:NYK,2019-20,2019-11-10,CLE,NYK,108,87,213.0,-2.0,110,-130,https://www.sportsbookreviewsonline.com/scoresoddsarchives/nba-odds-2019-20
sbr:2019-20:2019-11-10:IND:ORL,2019-20,2019-11-10,IND,ORL,109,102,202.5,-4.5,170,-200,https://www.sportsbookreviewsonline.com/scoresoddsarchives/nba-odds-2019-20
sbr:2019-20:2019-11-10:MIL:OKC,2019-20,2019-11-10,MIL,OKC,121,119,219.5,9.0,-425,325,https://www.sportsbookreviewsonline.com/scoresoddsarchives/nba-odds-2019-20
sbr:2019-20:2019-11-10:TOR:LAL,2019-20,2019-11-10,TOR,LAL,113,104,210.5,-10.5,450,-650,https://www.sportsbookreviewsonline.com/scoresoddsarchives/nba-odds-2019-20
sbr:2019-20:2019-11-11:DAL:BOS,2019-20,2019-11-11,DAL,BOS,106,116,220.0,-3.0,125,-145,https://www.sportsbookreviewsonline.com/scoresoddsarchives/nba-odds-2019-20
sbr:2019-20:2019-11-11:HOU:NOP,2019-20,2019-11-11,HOU,NOP,122,116,242.5,7.5,-350,275,https://www.sportsbookreviewsonline.com/scoresoddsarchives/nba-odds-2019-20
sbr:2019-20:2019-11-11:MEM:SAS,2019-20,2019-11-11,MEM,SAS,113,109,224.0,-10.5,450,-650,https://www.sportsbookreviewsonline.com/scoresoddsarchives/nba-odds-2019-20
sbr:2019-20:2019-11-11:MIN:DET,2019-20,2019-11-11,MIN,DET,120,114,223.5,-4.0,155,-185,https://www.sportsbookreviewsonline.com/scoresoddsarchives/nba-odds-2019-20
sbr:2019-20:2019-11-11:TOR:LAC,2019-20,2019-11-11,TOR,LAC,88,98,221.5,-10.0,375,-500,https://www.sportsbookreviewsonline.com/scoresoddsarchives/nba-odds-2019-20
sbr:2019-20:2019-11-11:UTA:GSW,2019-20,2019-11-11,UTA,GSW,122,108,211.5,8.0,-400,300,https://www.sportsbookreviewsonline.com/scoresoddsarchives/nba-odds-2019-20
sbr:2019-20:2019-11-12:ATL:DEN,2019-20,2019-11-12,ATL,DEN,125,121,209.5,-10.5,450,-650,https://www.sportsbookreviewsonline.com/scoresoddsarchives/nba-odds-2019-20
sbr:2019-20:2019-11-12:BKN:UTA,2019-20,2019-11-12,BKN,UTA,114,119,220.0,-7.0,240,-300,https://www.sportsbookreviewsonline.com/scoresoddsarchives/nba-odds-2019-20
sbr:2019-20:2019-11-12:CLE:PHI,2019-20,2019-11-12,CLE,PHI,97,98,220.5,-11.0,525,-750,https://www.sportsbookreviewsonline.com/scoresoddsarchives/nba-odds-2019-20
sbr:2019-20:2019-11-12:DET:MIA,2019-20,2019-11-12,DET,MIA,108,117,215.0,-8.5,300,-400,https://www.sportsbookreviewsonline.com/scoresoddsarchives/nba-odds-2019-20
sbr:2019-20:2019-11-12:LAL:PHX,2019-20,2019-11-12,LAL,PHX,123,115,221.0,3.5,-165,142,https://www.sportsbookreviewsonline.com/scoresoddsarchives/nba-odds-2019-20
sbr:2019-20:2019-11-12:NYK:CHI,2019-20,2019-11-12,NYK,CHI,102,120,212.0,-6.5,225,-275,https://www.sportsbookreviewsonline.com/scoresoddsarchives/nba-odds-2019-20
sbr:2019-20:2019-11-12:OKC:IND,2019-20,2019-11-12,OKC,IND,85,111,212.5,-1.5,100,-120,https://www.sportsbookreviewsonline.com/scoresoddsarchives/nba-odds-2019-20
sbr:2019-20:2019-11-13:GSW:LAL,2019-20,2019-11-13,GSW,LAL,94,120,219.0,-9.0,350,-450,https://www.sportsbookreviewsonline.com/scoresoddsarchives/nba-odds-2019-20
sbr:2019-20:2019-11-13:LAC:HOU,2019-20,2019-11-13,LAC,HOU,93,102,233.5,-2.0,115,-135,https://www.sportsbookreviewsonline.com/scoresoddsarchives/nba-odds-2019-20
sbr:2019-20:2019-11-13:MEM:CHA,2019-20,2019-11-13,MEM,CHA,119,117,221.0,-2.5,120,-140,https://www.sportsbookreviewsonline.com/scoresoddsarchives/nba-odds-2019-20
sbr:2019-20:2019-11-13:SAS:MIN,2019-20,2019-11-13,SAS,MIN,114,129,228.5,-1.5,100,-120,https://www.sportsbookreviewsonline.com/scoresoddsarchives/nba-odds-2019-20
sbr:2019-20:2019-11-13:TOR:POR,2019-20,2019-11-13,TOR,POR,114,106,218.5,-3.5,140,-160,https://www.sportsbookreviewsonline.com/scoresoddsarchives/nba-odds-2019-20
sbr:2019-20:2019-11-13:WAS:BOS,2019-20,2019-11-13,WAS,BOS,133,140,230.0,-7.0,250,-310,https://www.sportsbookreviewsonline.com/scoresoddsarchives/nba-odds-2019-20
sbr:2019-20:2019-11-14:ATL:PHX,2019-20,2019-11-14,ATL,PHX,112,128,229.5,-8.0,270,-340,https://www.sportsbookreviewsonline.com/scoresoddsarchives/nba-odds-2019-20
sbr:2019-20:2019-11-14:BKN:DEN,2019-20,2019-11-14,BKN,DEN,93,101,222.5,-7.5,275,-350,https://www.sportsbookreviewsonline.com/scoresoddsarchives/nba-odds-2019-20
sbr:2019-20:2019-11-14:CHI:MIL,2019-20,2019-11-14,CHI,MIL,115,124,228.5,-11.5,550,-800,https://www.sportsbookreviewsonline.com/scoresoddsarchives/nba-odds-2019-20
sbr:2019-20:2019-11-14:DAL:NYK,2019-20,2019-11-14,DAL,NYK,103,106,214.5,8.0,-340,270,https://www.sportsbookreviewsonline.com/scoresoddsarchives/nba-odds-2019-20
sbr:2019-20:2019-11-14:LAC:NOP,2019-20,2019-11-14,LAC,NOP,127,132,233.0,4.0,-190,160,https://www.sportsbookreviewsonline.com/scoresoddsarchives/nba-odds-2019-20
sbr:2019-20:2019-11-14:MIA:CLE,2019-20,2019-11-14,MIA,CLE,108,97,215.0,4.5,-200,170,https://www.sportsbookreviewsonline.com/scoresoddsarchives/nba-odds-2019-20
sbr:2019-20:2019-11-15:BOS:GSW,2019-20,2019-11-15,BOS,GSW,105,100,223.0,7.0,-310,250,https://www.sportsbookreviewsonline.com/scoresoddsarchives/nba-odds-2019-20
sbr:2019-20:2019-11-15:DET:CHA,2019-20,2019-11-15,DET,CHA,106,109,220.5,4.0,-180,150,https://www.sportsbookreviewsonline.com/scoresoddsarchives/nba-odds-2019-20
sbr:2019-20:2019-11-15:IND:HOU,2019-20,2019-11-15,IND,HOU,102,111,226.5,-6.0,210,-260,https://www.sportsbookreviewsonline.com/scoresoddsarchives/nba-odds-2019-20
sbr:2019-20:2019-11-15:SAC:LAL,2019-20,2019-11-15,SAC,LAL,97,99,214.0,-10.5,425,-600,https://www.sportsbookreviewsonline.com/scoresoddsarchives/nba-odds-2019-20
sbr:2019-20:2019-11-15:SAS:ORL,2019-20,2019-11-15,SAS,ORL,109,111,211.0,-2.5,125,-145,https://www.sportsbookreviewsonline.com/scoresoddsarchives/nba-odds-2019-20
sbr:2019-20:2019-11-15:UTA:MEM,2019-20,2019-11-15,UTA,MEM,106,107,215.0,8.0,-350,275,https://www.sportsbookreviewsonline.com/scoresoddsarchives/nba-odds-2019-20
sbr:2019-20:2019-11-15:WAS:MIN,2019-20,2019-11-15,WAS,MIN,137,116,239.5,-6.0,200,-250,https://www.sportsbookreviewsonline.com/scoresoddsarchives/nba-odds-2019-20
sbr:2019-20:2019-11-16:ATL:LAC,2019-20,2019-11-16,ATL,LAC,101,150,224.0,-9.0,375,-500,https://www.sportsbookreviewsonline.com/scoresoddsarchives/nba-odds-2019-20
sbr:2019-20:2019-11-16:BKN:CHI,2019-20,2019-11-16,BKN,CHI,117,111,225.0,-4.0,150,-180,https://www.sportsbookreviewsonline.com/scoresoddsarchives/nba-odds-2019-20
sbr:2019-20:2019-11-16:CHA:NYK,2019-20,2019-11-16,CHA,NYK,103,102,213.0,-4.0,150,-180,https://www.sportsbookreviewsonline.com/scoresoddsarchives/nba-odds-2019-20
sbr:2019-20:2019-11-16:MIL:IND,2019-20,2019-11-16,MIL,IND,102,83,220.0,7.5,-330,260,https://www.sportsbookreviewsonline.com/scoresoddsarchives/nba-odds-2019-20
sbr:2019-20:2019-11-16:NOP:MIA,2019-20,2019-11-16,NOP,MIA,94,109,226.5,-8.0,260,-330,https://www.sportsbookreviewsonline.com/scoresoddsarchives/nba-odds-2019-20
sbr:2019-20:2019-11-16:POR:SAS,2019-20,2019-11-16,POR,SAS,121,116,226.0,-1.5,110,-130,https://www.sportsbookreviewsonline.com/scoresoddsarchives/nba-odds-2019-20
sbr:2019-20:2019-11-16:TOR:DAL,2019-20,2019-11-16,TOR,DAL,102,110,218.0,-4.5,155,-185,https://www.sportsbookreviewsonline.com/scoresoddsarchives/nba-odds-2019-20
sbr:2019-20:2019-11-17:ATL:LAL,2019-20,2019-11-17,ATL,LAL,101,122,220.5,-14.5,900,-1600,https://www.sportsbookreviewsonline.com/scoresoddsarchives/nba-odds-2019-20
sbr:2019-20:2019-11-17:BOS:SAC,2019-20,2019-11-17,BOS,SAC,99,100,215.0,2.5,-145,125,https://www.sportsbookreviewsonline.com/scoresoddsarchives/nba-odds-2019-20
sbr:2019-20:2019-11-17:DEN:MEM,2019-20,2019-11-17,DEN,MEM,131,114,215.0,6.5,-275,225,https://www.sportsbookreviewsonline.com/scoresoddsarchives/nba-odds-2019-20
sbr:2019-20:2019-11-17:GSW:NOP,2019-20,2019-11-17,GSW,NOP,100,108,226.5,-3.5,140,-160,https://www.sportsbookreviewsonline.com/scoresoddsarchives/nba-odds-2019-20
sbr:2019-20:2019-11-17:PHI:CLE,2019-20,2019-11-17,PHI,CLE,114,95,216.0,7.5,-310,250,https://www.sportsbookreviewsonline.com/scoresoddsarchives/nba-odds-2019-20
sbr:2019-20:2019-11-17:WAS:ORL,2019-20,2019-11-17,WAS,ORL,121,125,226.0,-5.5,190,-240,https://www.sportsbookreviewsonline.com/scoresoddsarchives/nba-odds-2019-20
sbr:2019-20:2019-11-18:BOS:PHX,2019-20,2019-11-18,BOS,PHX,99,85,226.0,-2.5,115,-135,https://www.sportsbookreviewsonline.com/scoresoddsarchives/nba-odds-2019-20
sbr:2019-20:2019-11-18:CHA:TOR,2019-20,2019-11-18,CHA,TOR,96,132,214.5,-8.5,300,-400,https://www.sportsbookreviewsonline.com/scoresoddsarchives/nba-odds-2019-20
sbr:2019-20:2019-11-18:CLE:NYK,2019-20,2019-11-18,CLE,NYK,105,123,210.0,-5.5,190,-240,https://www.sportsbookreviewsonline.com/scoresoddsarchives/nba-odds-2019-20
sbr:2019-20:2019-11-18:IND:BKN,2019-20,2019-11-18,IND,BKN,115,86,214.0,-2.5,120,-140,https://www.sportsbookreviewsonline.com/scoresoddsarchives/nba-odds-2019-20
sbr:2019-20:2019-11-18:MIL:CHI,2019-20,2019-11-18,MIL,CHI,115,101,231.0,8.5,-400,300,https://www.sportsbookreviewsonline.com/scoresoddsarchives/nba-odds-2019-20
sbr:2019-20:2019-11-18:MIN:UTA,2019-20,2019-11-18,MIN,UTA,112,102,219.5,-9.5,375,-500,https://www.sportsbookreviewsonline.com/scoresoddsarchives/nba-odds-2019-20
sbr:2019-20:2019-11-18:OKC:LAC,2019-20,2019-11-18,OKC,LAC,88,90,221.5,-7.5,300,-400,https://www.sportsbookreviewsonline.com/scoresoddsarchives/nba-odds-2019-20
sbr:2019-20:2019-11-18:POR:HOU,2019-20,2019-11-18,POR,HOU,108,132,231.0,-7.0,250,-310,https://www.sportsbookreviewsonline.com/scoresoddsarchives/nba-odds-2019-20
sbr:2019-20:2019-11-18:SAS:DAL,2019-20,2019-11-18,SAS,DAL,110,117,224.0,-5.0,170,-200,https://www.sportsbookreviewsonline.com/scoresoddsarchives/nba-odds-2019-20
sbr:2019-20:2019-11-19:GSW:MEM,2019-20,2019-11-19,GSW,MEM,114,95,221.5,-6.0,210,-260,https://www.sportsbookreviewsonline.com/scoresoddsarchives/nba-odds-2019-20
sbr:2019-20:2019-11-19:OKC:LAL,2019-20,2019-11-19,OKC,LAL,107,112,209.5,-11.0,500,-700,https://www.sportsbookreviewsonline.com/scoresoddsarchives/nba-odds-2019-20
sbr:2019-20:2019-11-19:PHX:SAC,2019-20,2019-11-19,PHX,SAC,116,120,219.0,-3.0,135,-155,https://www.sportsbookreviewsonline.com/scoresoddsarchives/nba-odds-2019-20
sbr:2019-20:2019-11-20:CHA:BKN,2019-20,2019-11-20,CHA,BKN,91,101,219.0,-4.5,160,-190,https://www.sportsbookreviewsonline.com/scoresoddsarchives/nba-odds-2019-20
sbr:2019-20:2019-11-20:CLE:MIA,2019-20,2019-11-20,CLE,MIA,100,124,213.5,-9.5,375,-500,https://www.sportsbookreviewsonline.com/scoresoddsarchives/nba-odds-2019-20
sbr:2019-20:2019-11-20:GSW:DAL,2019-20,2019-11-20,GSW,DAL,94,142,216.0,-15.0,900,-1600,https://www.sportsbookreviewsonline.com/scoresoddsarchives/nba-odds-2019-20
sbr:2019-20:2019-11-20:HOU:DEN,2019-20,2019-11-20,HOU,DEN,95,105,221.5,-1.5,105,-125,https://www.sportsbookreviewsonline.com/scoresoddsarchives/nba-odds-2019-20
sbr:2019-20:2019-11-20:MIL:ATL,2019-20,2019-11-20,MIL,ATL,135,127,232.0,11.0,-700,500,https://www.sportsbookreviewsonline.com/scoresoddsarchives/nba-odds-2019-20
sbr:2019-20:2019-11-20:NYK:PHI,2019-20,2019-11-20,NYK,PHI,104,109,210.5,-12.5,600,-900,https://www.sportsbookreviewsonline.com/scoresoddsarchives/nba-odds-2019-20
sbr:2019-20:2019-11-20:ORL:TOR,2019-20,2019-11-20,ORL,TOR,97,113,207.0,-3.0,130,-150,https://www.sportsbookreviewsonline.com/scoresoddsarchives/nba-odds-2019-20
sbr:2019-20:2019-11-20:SAS:WAS,2019-20,2019-11-20,SAS,WAS,132,138,237.5,2.0,-130,110,https://www.sportsbookreviewsonline.com/scoresoddsarchives/nba-odds-2019-20
sbr:2019-20:2019-11-20:UTA:MIN,2019-20,2019-11-20,UTA,MIN,103,95,222.0,3.0,-150,130,https://www.sportsbookreviewsonline.com/scoresoddsarchives/nba-odds-2019-20
sbr:2019-20:2019-11-21:NOP:PHX,2019-20,2019-11-21,NOP,PHX,124,121,234.0,-3.0,135,-155,https://www.sportsbookreviewsonline.com/scoresoddsarchives/nba-odds-2019-20
sbr:2019-20:2019-11-21:POR:MIL,2019-20,2019-11-21,POR,MIL,129,137,228.5,-14.0,750,-1200,https://www.sportsbookreviewsonline.com/scoresoddsarchives/nba-odds-2019-20
sbr:2019-20:2019-11-22:ATL:DET,2019-20,2019-11-22,ATL,DET,103,128,226.5,-6.0,215,-265,https://www.sportsbookreviewsonline.com/scoresoddsarchives/nba-odds-2019-20
sbr:2019-20:2019-11-22:BOS:DEN,2019-20,2019-11-22,BOS,DEN,92,96,206.5,-5.0,175,-210,https://www.sportsbookreviewsonline.com/scoresoddsarchives/nba-odds-2019-20
sbr:2019-20:2019-11-22:CHA:WAS,2019-20,2019-11-22,CHA,WAS,118,125,234.5,-6.0,200,-250,https://www.sportsbookreviewsonline.com/scoresoddsarchives/nba-odds-2019-20
sbr:2019-20:2019-11-22:CLE:DAL,2019-20,2019-11-22,CLE,DAL,101,143,221.5,-10.0,450,-650,https://www.sportsbookreviewsonline.com/scoresoddsarchives/nba-odds-2019-20
sbr:2019-20:2019-11-22:GSW:UTA,2019-20,2019-11-22,GSW,UTA,109,113,208.5,-16.0,1300,-3500,https://www.sportsbookreviewsonline.com/scoresoddsarchives/nba-odds-2019-20
sbr:2019-20:2019-11-22:HOU:LAC,2019-20,2019-11-22,HOU,LAC,119,122,226.5,-5.5,175,-210,https://www.sportsbookreviewsonline.com/scoresoddsarchives/nba-odds-2019-20
sbr:2019-20:2019-11-22:LAL:OKC,2019-20,2019-11-22,LAL,OKC,130,127,209.5,4.5,-200,170,https://www.sportsbookreviewsonline.com/scoresoddsarchives/nba-odds-2019-20
sbr:2019-20:2019-11-22:MIA:CHI,2019-20,2019-11-22,MIA,CHI,116,108,217.0,4.5,-190,160,https://www.sportsbookreviewsonline.com/scoresoddsarchives/nba-odds-2019-20
sbr:2019-20:2019-11-22:SAC:BKN,2019-20,2019-11-22,SAC,BKN,97,116,214.0,-2.0,115,-135,https://www.sportsbookreviewsonline.com/scoresoddsarchives/nba-odds-2019-20
sbr:2019-20:2019-11-22:SAS:PHI,2019-20,2019-11-22,SAS,PHI,104,115,221.0,-7.0,240,-300,https://www.sportsbookreviewsonline.com/scoresoddsarchives/nba-odds-2019-20
sbr:2019-20:2019-11-23:CHI:CHA,2019-20,2019-11-23,CHI,CHA,116,115,219.5,2.0,-130,110,https://www.sportsbookreviewsonline.com/scoresoddsarchives/nba-odds-2019-20
sbr:2019-20:2019-11-23:DET:MIL,2019-20,2019-11-23,DET,MIL,90,104,225.5,-13.0,750,-1200,https://www.sportsbookreviewsonline.com/scoresoddsarchives/nba-odds-2019-20
sbr:2019-20:2019-11-23:LAL:MEM,2019-20,2019-11-23,LAL,MEM,109,108,225.5,8.0,-360,280,https://www.sportsbookreviewsonline.com/scoresoddsarchives/nba-odds-2019-20
sbr:2019-20:2019-11-23:MIA:PHI,2019-20,2019-11-23,MIA,PHI,86,113,211.5,-5.5,200,-250,https://www.sportsbookreviewsonline.com/scoresoddsarchives/nba-odds-2019-20
sbr:2019-20:2019-11-23:NOP:UTA,2019-20,2019-11-23,NOP,UTA,120,128,226.0,-5.5,190,-240,https://www.sportsbookreviewsonline.com/scoresoddsarchives/nba-odds-2019-20
sbr:2019-20:2019-11-23:ORL:IND,2019-20,2019-11-23,ORL,IND,106,111,201.5,-6.5,225,-275,https://www.sportsbookreviewsonline.com/scoresoddsarchives/nba-odds-2019-20
sbr:2019-20:2019-11-23:PHX:MIN,2019-20,2019-11-23,PHX,MIN,100,98,234.5,-4.5,170,-200,https://www.sportsbookreviewsonline.com/scoresoddsarchives/nba-odds-2019-20
sbr:2019-20:2019-11-23:POR:CLE,2019-20,2019-11-23,POR,CLE,104,110,226.0,6.5,-275,225,https://www.sportsbookreviewsonline.com/scoresoddsarchives/nba-odds-2019-20
sbr:2019-20:2019-11-23:SAS:NYK,2019-20,2019-11-23,SAS,NYK,111,104,217.0,3.0,-155,135,https://www.sportsbookreviewsonline.com/scoresoddsarchives/nba-odds-2019-20
sbr:2019-20:2019-11-23:TOR:ATL,2019-20,2019-11-23,TOR,ATL,119,116,223.5,7.5,-330,260,https://www.sportsbookreviewsonline.com/scoresoddsarchives/nba-odds-2019-20
sbr:2019-20:2019-11-24:BKN:NYK,2019-20,2019-11-24,BKN,NYK,103,101,215.0,2.5,-135,115,https://www.sportsbookreviewsonline.com/scoresoddsarchives/nba-odds-2019-20
sbr:2019-20:2019-11-24:DAL:HOU,2019-20,2019-11-24,DAL,HOU,137,123,230.0,-5.5,190,-240,https://www.sportsbookreviewsonline.com/scoresoddsarchives/nba-odds-2019-20
sbr:2019-20:2019-11-24:NOP:LAC,2019-20,2019-11-24,NOP,LAC,109,134,233.0,-13.0,750,-1200,https://www.sportsbookreviewsonline.com/scoresoddsarchives/nba-odds-2019-20
sbr:2019-20:2019-11-24:PHX:DEN,2019-20,2019-11-24,PHX,DEN,104,116,214.0,-11.0,500,-700,https://www.sportsbookreviewsonline.com/scoresoddsarchives/nba-odds-2019-20
sbr:2019-20:2019-11-24:SAC:WAS,2019-20,2019-11-24,SAC,WAS,113,106,233.0,-2.5,115,-135,https://www.sportsbookreviewsonline.com/scoresoddsarchives/nba-odds-2019-20
sbr:2019-20:2019-11-25:BKN:CLE,2019-20,2019-11-25,BKN,CLE,108,106,218.5,-1.0,100,-120,https://www.sportsbookreviewsonline.com/scoresoddsarchives/nba-odds-2019-20
sbr:2019-20:2019-11-25:CHA:MIA,2019-20,2019-11-25,CHA,MIA,100,117,212.5,-10.5,500,-700,https://www.sportsbookreviewsonline.com/scoresoddsarchives/nba-odds-2019-20
sbr:2019-20:2019-11-25:LAL:SAS,2019-20,2019-11-25,LAL,SAS,114,104,222.5,4.5,-200,170,https://www.sportsbookreviewsonline.com/scoresoddsarchives/nba-odds-2019-20
sbr:2019-20:2019-11-25:MEM:IND,2019-20,2019-11-25,MEM,IND,114,126,217.0,-9.5,375,-500,https://www.sportsbookreviewsonline.com/scoresoddsarchives/nba-odds-2019-20
sbr:2019-20:2019-11-25:MIN:ATL,2019-20,2019-11-25,MIN,ATL,125,113,236.5,4.5,-190,160,https://www.sportsbookreviewsonline.com/scoresoddsarchives/nba-odds-2019-20
sbr:2019-20:2019-11-25:OKC:GSW,2019-20,2019-11-25,OKC,GSW,100,97,213.0,7.5,-330,260,https://www.sportsbookreviewsonline.com/scoresoddsarchives/nba-odds-2019-20
sbr:2019-20:2019-11-25:ORL:DET,2019-20,2019-11-25,ORL,DET,88,103,207.5,-4.5,160,-190,https://www.sportsbookreviewsonline.com/scoresoddsarchives/nba-odds-2019-20
sbr:2019-20:2019-11-25:POR:CHI,2019-20,2019-11-25,POR,CHI,117,94,225.5,1.0,-120,100,https://www.sportsbookreviewsonline.com/scoresoddsarchives/nba-odds-2019-20
sbr:2019-20:2019-11-25:SAC:BOS,2019-20,2019-11-25,SAC,BOS,102,103,205.5,-6.0,235,-290,https://www.sportsbookreviewsonline.com/scoresoddsarchives/nba-odds-2019-20
sbr:2019-20:2019-11-25:UTA:MIL,2019-20,2019-11-25,UTA,MIL,118,122,226.5,-8.5,325,-425,https://www.sportsbookreviewsonline.com/scoresoddsarchives/nba-odds-2019-20
sbr:2019-20:2019-11-26:LAC:DAL,2019-20,2019-11-26,LAC,DAL,114,99,226.5,1.5,-125,105,https://www.sportsbookreviewsonline.com/scoresoddsarchives/nba-odds-2019-20
sbr:2019-20:2019-11-26:WAS:DEN,2019-20,2019-11-26,WAS,DEN,104,117,227.5,-10.5,450,-650,https://www.sportsbookreviewsonline.com/scoresoddsarchives/nba-odds-2019-20
sbr:2019-20:2019-11-27:ATL:MIL,2019-20,2019-11-27,ATL,MIL,102,111,239.5,-14.5,900,-1600,https://www.sportsbookreviewsonline.com/scoresoddsarchives/nba-odds-2019-20
sbr:2019-20:2019-11-27:BKN:BOS,2019-20,2019-11-27,BKN,BOS,110,121,214.0,-8.5,300,-400,https://www.sportsbookreviewsonline.com/scoresoddsarchives/nba-odds-2019-20
sbr:2019-20:2019-11-27:CHI:GSW,2019-20,2019-11-27,CHI,GSW,90,104,215.0,2.0,-130,110,https://www.sportsbookreviewsonline.com/scoresoddsarchives/nba-odds-2019-20
sbr:2019-20:2019-11-27:DET:CHA,2019-20,2019-11-27,DET,CHA,101,102,215.5,3.5,-180,150,https://www.sportsbookreviewsonline.com/scoresoddsarchives/nba-odds-2019-20
sbr:2019-20:2019-11-27:LAC:MEM,2019-20,2019-11-27,LAC,MEM,121,119,226.5,6.5,-275,225,https://www.sportsbookreviewsonline.com/scoresoddsarchives/nba-odds-2019-20
sbr:2019-20:2019-11-27:LAL:NOP,2019-20,2019-11-27,LAL,NOP,114,110,231.5,6.5,-330,260,https://www.sportsbookreviewsonline.com/scoresoddsarchives/nba-odds-2019-20
sbr:2019-20:2019-11-27:MIA:HOU,2019-20,2019-11-27,MIA,HOU,108,117,227.0,-7.0,250,-310,https://www.sportsbookreviewsonline.com/scoresoddsarchives/nba-odds-2019-20
sbr:2019-20:2019-11-27:MIN:SAS,2019-20,2019-11-27,MIN,SAS,113,101,230.0,-3.0,130,-150,https://www.sportsbookreviewsonline.com/scoresoddsarchives/nba-odds-2019-20
sbr:2019-20:2019-11-27:NYK:TOR,2019-20,2019-11-27,NYK,TOR,98,126,211.0,-9.5,425,-600,https://www.sportsbookreviewsonline.com/scoresoddsarchives/nba-odds-2019-20
sbr:2019-20:2019-11-27:OKC:POR,2019-20,2019-11-27,OKC,POR,119,136,219.5,-2.5,125,-145,https://www.sportsbookreviewsonline.com/scoresoddsarchives/nba-odds-2019-20
sbr:2019-20:2019-11-27:SAC:PHI,2019-20,2019-11-27,SAC,PHI,91,97,211.0,-9.0,375,-500,https://www.sportsbookreviewsonline.com/scoresoddsarchives/nba-odds-2019-20
sbr:2019-20:2019-11-27:UTA:IND,2019-20,2019-11-27,UTA,IND,102,121,207.5,0.0,-110,-110,https://www.sportsbookreviewsonline.com/scoresoddsarchives/nba-odds-2019-20
sbr:2019-20:2019-11-27:WAS:PHX,2019-20,2019-11-27,WAS,PHX,140,132,240.5,-6.5,235,-290,https://www.sportsbookreviewsonline.com/scoresoddsarchives/nba-odds-2019-20
sbr:2019-20:2019-11-29:BOS:BKN,2019-20,2019-11-29,BOS,BKN,107,112,213.5,4.0,-180,150,https://www.sportsbookreviewsonline.com/scoresoddsarchives/nba-odds-2019-20
sbr:2019-20:2019-11-29:CHA:DET,2019-20,2019-11-29,CHA,DET,110,107,213.0,-8.0,260,-330,https://www.sportsbookreviewsonline.com/scoresoddsarchives/nba-odds-2019-20
sbr:2019-20:2019-11-29:CHI:POR,2019-20,2019-11-29,CHI,POR,103,107,227.0,-7.0,240,-300,https://www.sportsbookreviewsonline.com/scoresoddsarchives/nba-odds-2019-20
sbr:2019-20:2019-11-29:DAL:PHX,2019-20,2019-11-29,DAL,PHX,120,113,230.5,2.0,-135,115,https://www.sportsbookreviewsonline.com/scoresoddsarchives/nba-odds-2019-20
sbr:2019-20:2019-11-29:GSW:MIA,2019-20,2019-11-29,GSW,MIA,105,122,209.0,-11.5,525,-750,https://www.sportsbookreviewsonline.com/scoresoddsarchives/nba-odds-2019-20
sbr:2019-20:2019-11-29:LAC:SAS,2019-20,2019-11-29,LAC,SAS,97,107,224.5,5.0,-220,180,https://www.sportsbookreviewsonline.com/scoresoddsarchives/nba-odds-2019-20
sbr:2019-20:2019-11-29:MIL:CLE,2019-20,2019-11-29,MIL,CLE,119,110,229.5,11.0,-700,500,https://www.sportsbookreviewsonline.com/scoresoddsarchives/nba-odds-2019-20
sbr:2019-20:2019-11-29:NOP:OKC,2019-20,2019-11-29,NOP,OKC,104,109,229.0,-4.5,165,-195,https://www.sportsbookreviewsonline.com/scoresoddsarchives/nba-odds-2019-20
sbr:2019-20:2019-11-29:PHI:NYK,2019-20,2019-11-29,PHI,NYK,101,95,209.0,6.5,-280,230,https://www.sportsbookreviewsonline.com/scoresoddsarchives/nba-odds-2019-20
sbr:2019-20:2019-11-29:TOR:ORL,2019-20,2019-11-29,TOR,ORL,90,83,209.0,3.0,-150,130,https://www.sportsbookreviewsonline.com/scoresoddsarchives/nba-odds-2019-20
sbr:2019-20:2019-11-29:UTA:MEM,2019-20,2019-11-29,UTA,MEM,103,94,223.0,7.5,-330,260,https://www.sportsbookreviewsonline.com/scoresoddsarchives/nba-odds-2019-20
sbr:2019-20:2019-11-29:WAS:LAL,2019-20,2019-11-29,WAS,LAL,103,125,235.5,-11.5,525,-750,https://www.sportsbookreviewsonline.com/scoresoddsarchives/nba-odds-2019-20
sbr:2019-20:2019-11-30:ATL:HOU,2019-20,2019-11-30,ATL,HOU,111,158,238.0,-14.0,850,-1500,https://www.sportsbookreviewsonline.com/scoresoddsarchives/nba-odds-2019-20
sbr:2019-20:2019-11-30:CHA:MIL,2019-20,2019-11-30,CHA,MIL,96,137,225.0,-14.0,850,-1500,https://www.sportsbookreviewsonline.com/scoresoddsarchives/nba-odds-2019-20
sbr:2019-20:2019-11-30:IND:PHI,2019-20,2019-11-30,IND,PHI,116,119,207.5,-6.0,210,-260,https://www.sportsbookreviewsonline.com/scoresoddsarchives/nba-odds-2019-20
sbr:2019-20:2019-12-01:BOS:NYK,2019-20,2019-12-01,BOS,NYK,113,104,208.5,7.5,-400,300,https://www.sportsbookreviewsonline.com/scoresoddsarchives/nba-odds-2019-20
sbr:2019-20:2019-12-01:DAL:LAL,2019-20,2019-12-01,DAL,LAL,114,100,222.5,-6.5,225,-275,https://www.sportsbookreviewsonline.com/scoresoddsarchives/nba-odds-2019-20
sbr:2019-20:2019-12-01:GSW:ORL,2019-20,2019-12-01,GSW,ORL,96,100,204.5,-7.5,275,-350,https://www.sportsbookreviewsonline.com/scoresoddsarchives/nba-odds-2019-20
sbr:2019-20:2019-12-01:MEM:MIN,2019-20,2019-12-01,MEM,MIN,115,107,231.0,-12.0,650,-1000,https://www.sportsbookreviewsonline.com/scoresoddsarchives/nba-odds-2019-20
sbr:2019-20:2019-12-01:MIA:BKN,2019-20,2019-12-01,MIA,BKN,109,106,215.0,4.0,-185,155,https://www.sportsbookreviewsonline.com/scoresoddsarchives/nba-odds-2019-20
sbr:2019-20:2019-12-01:OKC:NOP,2019-20,2019-12-01,OKC,NOP,107,104,226.5,-2.5,120,-140,https://www.sportsbookreviewsonline.com/scoresoddsarchives/nba-odds-2019-20
sbr:2019-20:2019-12-01:SAS:DET,2019-20,2019-12-01,SAS,DET,98,132,217.5,-2.5,120,-140,https://www.sportsbookreviewsonline.com/scoresoddsarchives/nba-odds-2019-20
sbr:2019-20:2019-12-01:UTA:TOR,2019-20,2019-12-01,UTA,TOR,110,130,208.0,-2.0,110,-130,https://www.sportsbookreviewsonline.com/scoresoddsarchives/nba-odds-2019-20
sbr:2019-20:2019-12-01:WAS:LAC,2019-20,2019-12-01,WAS,LAC,125,150,240.0,-12.0,650,-1000,https://www.sportsbookreviewsonline.com/scoresoddsarchives/nba-odds-2019-20
sbr:2019-20:2019-12-02:CHI:SAC,2019-20,2019-12-02,CHI,SAC,113,106,212.0,-5.0,180,-220,https://www.sportsbookreviewsonline.com/scoresoddsarchives/nba-odds-2019-20
sbr:2019-20:2019-12-02:GSW:ATL,2019-20,2019-12-02,GSW,ATL,79,104,222.5,-6.5,210,-260,https://www.sportsbookreviewsonline.com/scoresoddsarchives/nba-odds-2019-20
sbr:2019-20:2019-12-02:IND:MEM,2019-20,2019-12-02,IND,MEM,117,104,216.5,9.0,-450,350,https://www.sportsbookreviewsonline.com/scoresoddsarchives/nba-odds-2019-20
sbr:2019-20:2019-12-02:NYK:MIL,2019-20,2019-12-02,NYK,MIL,88,132,222.5,-17.0,1200,-3000,https://www.sportsbookreviewsonline.com/scoresoddsarchives/nba-odds-2019-20
sbr:2019-20:2019-12-02:PHX:CHA,2019-20,2019-12-02,PHX,CHA,109,104,221.5,4.0,-170,145,https://www.sportsbookreviewsonline.com/scoresoddsarchives/nba-odds-2019-20
sbr:2019-20:2019-12-02:UTA:PHI,2019-20,2019-12-02,UTA,PHI,94,103,208.5,-5.0,180,-220,https://www.sportsbookreviewsonline.com/scoresoddsarchives/nba-odds-2019-20
sbr:2019-20:2019-12-03:DAL:NOP,2019-20,2019-12-03,DAL,NOP,118,97,233.0,4.5,-200,170,https://www.sportsbookreviewsonline.com/scoresoddsarchives/nba-odds-2019-20
sbr:2019-20:2019-12-03:DET:CLE,2019-20,2019-12-03,DET,CLE,127,94,216.5,3.5,-165,142,https://www.sportsbookreviewsonline.com/scoresoddsarchives/nba-odds-2019-20
sbr:2019-20:2019-12-03:LAL:DEN,2019-20,2019-12-03,LAL,DEN,105,96,207.5,-2.5,115,-135,https://www.sportsbookreviewsonline.com/scoresoddsarchives/nba-odds-2019-20
sbr:2019-20:2019-12-03:ORL:WAS,2019-20,2019-12-03,ORL,WAS,127,120,229.5,0.0,-110,-110,https://www.sportsbookreviewsonline.com/scoresoddsarchives/nba-odds-2019-20
sbr:2019-20:2019-12-03:POR:LAC,2019-20,2019-12-03,POR,LAC,97,117,233.0,-9.0,350,-450,https://www.sportsbookreviewsonline.com/scoresoddsarchives/nba-odds-2019-20
sbr:2019-20:2019-12-04:BKN:ATL,2019-20,2019-12-04,BKN,ATL,130,118,228.0,3.0,-150,130,https://www.sportsbookreviewsonline.com/scoresoddsarchives/nba-odds-2019-20
sbr:2019-20:2019-12-04:GSW:CHA,2019-20,2019-12-04,GSW,CHA,91,106,213.0,-2.5,120,-140,https://www.sportsbookreviewsonline.com/scoresoddsarchives/nba-odds-2019-20
sbr:2019-20:2019-12-04:MEM:CHI,2019-20,2019-12-04,MEM,CHI,99,106,223.0,-6.5,240,-300,https://www.sportsbookreviewsonline.com/scoresoddsarchives/nba-odds-2019-20
sbr:2019-20:2019-12-04:MIA:BOS,2019-20,2019-12-04,MIA,BOS,93,112,209.0,-5.5,185,-230,https://www.sportsbookreviewsonline.com/scoresoddsarchives/nba-odds-2019-20
sbr:2019-20:2019-12-04:MIL:DET,2019-20,2019-12-04,MIL,DET,127,103,223.0,9.0,-500,375,https://www.sportsbookreviewsonline.com/scoresoddsarchives/nba-odds-2019-20
sbr:2019-20:2019-12-04:MIN:DAL,2019-20,2019-12-04,MIN,DAL,114,121,229.0,-5.5,190,-240,https://www.sportsbookreviewsonline.com/scoresoddsarchives/nba-odds-2019-20
sbr:2019-20:2019-12-04:PHX:ORL,2019-20,2019-12-04,PHX,ORL,114,128,213.5,1.5,-125,105,https://www.sportsbookreviewsonline.com/scoresoddsarchives/nba-odds-2019-20
sbr:2019-20:2019-12-04:SAC:POR,2019-20,2019-12-04,SAC,POR,116,127,216.5,-5.0,180,-220,https://www.sportsbookreviewsonline.com/scoresoddsarchives/nba-odds-2019-20
sbr:2019-20:2019-12-05:DEN:NYK,2019-20,2019-12-05,DEN,NYK,129,92,205.0,9.0,-420,320,https://www.sportsbookreviewsonline.com/scoresoddsarchives/nba-odds-2019-20
sbr:2019-20:2019-12-05:HOU:TOR,2019-20,2019-12-05,HOU,TOR,119,109,230.5,-2.0,110,-130,https://www.sportsbookreviewsonline.com/scoresoddsarchives/nba-odds-2019-20
sbr:2019-20:2019-12-05:PHI:WAS,2019-20,2019-12-05,PHI,WAS,113,119,233.0,8.0,-380,290,https://www.sportsbookreviewsonline.com/scoresoddsarchives/nba-odds-2019-20
sbr:2019-20:2019-12-06:BKN:CHA,2019-20,2019-12-06,BKN,CHA,111,104,219.0,3.0,-150,130,https://www.sportsbookreviewsonline.com/scoresoddsarchives/nba-odds-2019-20
sbr:2019-20:2019-12-06:DEN:BOS,2019-20,2019-12-06,DEN,BOS,95,108,205.5,-3.0,140,-160,https://www.sportsbookreviewsonline.com/scoresoddsarchives/nba-odds-2019-20
sbr:2019-20:2019-12-06:GSW:CHI,2019-20,2019-12-06,GSW,CHI,100,98,215.0,-4.5,160,-190,https://www.sportsbookreviewsonline.com/scoresoddsarchives/nba-odds-2019-20
sbr:2019-20:2019-12-06:IND:DET,2019-20,2019-12-06,IND,DET,101,108,212.0,1.5,-125,105,https://www.sportsbookreviewsonline.com/scoresoddsarchives/nba-odds-2019-20
sbr:2019-20:2019-12-06:LAC:MIL,2019-20,2019-12-06,LAC,MIL,91,119,233.5,-4.5,160,-190,https://www.sportsbookreviewsonline.com/scoresoddsarchives/nba-odds-2019-20
sbr:2019-20:2019-12-06:LAL:POR,2019-20,2019-12-06,LAL,POR,136,113,225.0,5.0,-200,170,https://www.sportsbookreviewsonline.com/scoresoddsarchives/nba-odds-2019-20
sbr:2019-20:2019-12-06:ORL:CLE,2019-20,2019-12-06,ORL,CLE,93,87,210.0,4.5,-190,160,https://www.sportsbookreviewsonline.com/scoresoddsarchives/nba-odds-2019-20
sbr:2019-20:2019-12-06:WAS:MIA,2019-20,2019-12-06,WAS,MIA,103,112,229.0,-9.5,400,-550,https://www.sportsbookreviewsonline.com/scoresoddsarchives/nba-odds-2019-20
sbr:2019-20:2019-12-07:CLE:PHI,2019-20,2019-12-07,CLE,PHI,94,141,215.0,-11.0,500,-700,https://www.sportsbookreviewsonline.com/scoresoddsarchives/nba-odds-2019-20
sbr:2019-20:2019-12-07:IND:NYK,2019-20,2019-12-07,IND,NYK,104,103,208.0,5.5,-220,180,https://www.sportsbookreviewsonline.com/scoresoddsarchives/nba-odds-2019-20
sbr:2019-20:2019-12-07:MEM:UTA,2019-20,2019-12-07,MEM,UTA,112,126,217.5,-11.5,550,-800,https://www.sportsbookreviewsonline.com/scoresoddsarchives/nba-odds-2019-20
sbr:2019-20:2019-12-07:NOP:DAL,2019-20,2019-12-07,NOP,DAL,84,130,232.0,-9.0,350,-450,https://www.sportsbookreviewsonline.com/scoresoddsarchives/nba-odds-2019-20
sbr:2019-20:2019-12-07:PHX:HOU,2019-20,2019-12-07,PHX,HOU,109,115,240.5,-11.0,525,-750,https://www.sportsbookreviewsonline.com/scoresoddsarchives/nba-odds-2019-20
sbr:2019-20:2019-12-08:ATL:CHA,2019-20,2019-12-08,ATL,CHA,122,107,223.0,-1.5,105,-125,https://www.sportsbookreviewsonline.com/scoresoddsarchives/nba-odds-2019-20
sbr:2019-20:2019-12-08:DEN:BKN,2019-20,2019-12-08,DEN,BKN,102,105,212.5,4.5,-185,155,https://www.sportsbookreviewsonline.com/scoresoddsarchives/nba-odds-2019-20
sbr:2019-20:2019-12-08:LAC:WAS,2019-20,2019-12-08,LAC,WAS,135,119,236.0,9.0,-450,350,https://www.sportsbookreviewsonline.com/scoresoddsarchives/nba-odds-2019-20
sbr:2019-20:2019-12-08:MIN:LAL,2019-20,2019-12-08,MIN,LAL,125,142,227.5,-10.0,450,-650,https://www.sportsbookreviewsonline.com/scoresoddsarchives/nba-odds-2019-20
sbr:2019-20:2019-12-08:OKC:POR,2019-20,2019-12-08,OKC,POR,108,96,223.0,-4.0,150,-180,https://www.sportsbookreviewsonline.com/scoresoddsarchives/nba-odds-2019-20
sbr:2019-20:2019-12-08:SAC:DAL,2019-20,2019-12-08,SAC,DAL,110,106,216.0,-9.0,330,-430,https://www.sportsbookreviewsonline.com/scoresoddsarchives/nba-odds-2019-20
sbr:2019-20:2019-12-08:TOR:PHI,2019-20,2019-12-08,TOR,PHI,104,110,214.0,-3.0,130,-150,https://www.sportsbookreviewsonline.com/scoresoddsarchives/nba-odds-2019-20
sbr:2019-20:2019-12-09:CLE:BOS,2019-20,2019-12-09,CLE,BOS,88,110,216.0,-13.5,800,-1400,https://www.sportsbookreviewsonline.com/scoresoddsarchives/nba-odds-2019-20
sbr:2019-20:2019-12-09:DET:NOP,2019-20,2019-12-09,DET,NOP,105,103,227.5,0.0,-110,-110,https://www.sportsbookreviewsonline.com/scoresoddsarchives/nba-odds-2019-20
sbr:2019-20:2019-12-09:MEM:GSW,2019-20,2019-12-09,MEM,GSW,110,102,220.0,-3.5,140,-160,https://www.sportsbookreviewsonline.com/scoresoddsarchives/nba-odds-2019-20
sbr:2019-20:2019-12-09:MIN:PHX,2019-20,2019-12-09,MIN,PHX,109,125,233.0,-3.5,140,-160,https://www.sportsbookreviewsonline.com/scoresoddsarchives/nba-odds-2019-20
sbr:2019-20:2019-12-09:ORL:MIL,2019-20,2019-12-09,ORL,MIL,101,110,217.5,-13.0,650,-1000,https://www.sportsbookreviewsonline.com/scoresoddsarchives/nba-odds-2019-20
sbr:2019-20:2019-12-09:SAC:HOU,2019-20,2019-12-09,SAC,HOU,119,118,225.5,-12.0,600,-900,https://www.sportsbookreviewsonline.com/scoresoddsarchives/nba-odds-2019-20
sbr:2019-20:2019-12-09:TOR:CHI,2019-20,2019-12-09,TOR,CHI,93,92,213.5,6.5,-270,220,https://www.sportsbookreviewsonline.com/scoresoddsarchives/nba-odds-2019-20
sbr:2019-20:2019-12-10:DEN:PHI,2019-20,2019-12-10,DEN,PHI,92,97,208.0,-5.5,180,-220,https://www.sportsbookreviewsonline.com/scoresoddsarchives/nba-odds-2019-20
sbr:2019-20:2019-12-10:NYK:POR,2019-20,2019-12-10,NYK,POR,87,115,223.5,-9.5,375,-500,https://www.sportsbookreviewsonline.com/scoresoddsarchives/nba-odds-2019-20
sbr:2019-20:2019-12-10:WAS:CHA,2019-20,2019-12-10,WAS,CHA,107,114,229.0,2.0,-130,110,https://www.sportsbookreviewsonline.com/scoresoddsarchives/nba-odds-2019-20
sbr:2019-20:2019-12-11:ATL:CHI,2019-20,2019-12-11,ATL,CHI,102,136,221.5,-6.5,225,-275,https://www.sportsbookreviewsonline.com/scoresoddsarchives/nba-odds-2019-20
sbr:2019-20:2019-12-11:BOS:IND,2019-20,2019-12-11,BOS,IND,117,122,211.0,-1.0,100,-120,https://www.sportsbookreviewsonline.com/scoresoddsarchives/nba-odds-2019-20
sbr:2019-20:2019-12-11:CHA:BKN,2019-20,2019-12-11,CHA,BKN,113,108,217.0,-10.0,400,-550,https://www.sportsbookreviewsonline.com/scoresoddsarchives/nba-odds-2019-20
sbr:2019-20:2019-12-11:HOU:CLE,2019-20,2019-12-11,HOU,CLE,116,110,230.0,11.5,-800,550,https://www.sportsbookreviewsonline.com/scoresoddsarchives/nba-odds-2019-20
sbr:2019-20:2019-12-11:LAC:TOR,2019-20,2019-12-11,LAC,TOR,112,92,222.5,2.5,-150,130,https://www.sportsbookreviewsonline.com/scoresoddsarchives/nba-odds-2019-20
sbr:2019-20:2019-12-11:LAL:ORL,2019-20,2019-12-11,LAL,ORL,96,87,210.5,8.5,-430,330,https://www.sportsbookreviewsonline.com/scoresoddsarchives/nba-odds-2019-20
sbr:2019-20:2019-12-11:MEM:PHX,2019-20,2019-12-11,MEM,PHX,115,108,230.5,-7.0,240,-300,https://www.sportsbookreviewsonline.com/scoresoddsarchives/nba-odds-2019-20
sbr:2019-20:2019-12-11:NOP:MIL,2019-20,2019-12-11,NOP,MIL,112,127,232.5,-9.5,350,-450,https://www.sportsbookreviewsonline.com/scoresoddsarchives/nba-odds-2019-20
sbr:2019-20:2019-12-11:OKC:SAC,2019-20,2019-12-11,OKC,SAC,93,94,207.5,-1.5,105,-125,https://www.sportsbookreviewsonline.com/scoresoddsarchives/nba-odds-2019-20
sbr:2019-20:2019-12-12:DAL:DET,2019-20,2019-12-12,DAL,DET,122,111,217.5,6.5,-310,250,https://www.sportsbookreviewsonline.com/scoresoddsarchives/nba-odds-2019-20
sbr:2019-20:2019-12-12:PHI:BOS,2019-20,2019-12-12,PHI,BOS,115,109,212.5,-1.0,-105,-115,https://www.sportsbookreviewsonline.com/scoresoddsarchives/nba-odds-2019-20
sbr:2019-20:2019-12-12:POR:DEN,2019-20,2019-12-12,POR,DEN,99,114,216.5,-7.5,260,-330,https://www.sportsbookreviewsonline.com/scoresoddsarchives/nba-odds-2019-20
sbr:2019-20:2019-12-13:CHA:CHI,2019-20,2019-12-13,CHA,CHI,83,73,213.5,-7.0,230,-280,https://www.sportsbookreviewsonline.com/scoresoddsarchives/nba-odds-2019-20
sbr:2019-20:2019-12-13:GSW:UTA,2019-20,2019-12-13,GSW,UTA,106,114,211.0,-14.0,800,-1400,https://www.sportsbookreviewsonline.com/scoresoddsarchives/nba-odds-2019-20
sbr:2019-20:2019-12-13:HOU:ORL,2019-20,2019-12-13,HOU,ORL,130,107,220.5,6.5,-275,225,https://www.sportsbookreviewsonline.com/scoresoddsarchives/nba-odds-2019-20
sbr:2019-20:2019-12-13:IND:ATL,2019-20,2019-12-13,IND,ATL,110,100,224.5,6.0,-265,215,https://www.sportsbookreviewsonline.com/scoresoddsarchives/nba-odds-2019-20
sbr:2019-20:2019-12-13:LAC:MIN,2019-20,2019-12-13,LAC,MIN,124,117,228.0,4.5,-200,170,https://www.sportsbookreviewsonline.com/scoresoddsarchives/nba-odds-2019-20
sbr:2019-20:2019-12-13:LAL:MIA,2019-20,2019-12-13,LAL,MIA,113,110,211.5,5.5,-240,190,https://www.sportsbookreviewsonline.com/scoresoddsarchives/nba-odds-2019-20
sbr:2019-20:2019-12-13:MIL:MEM,2019-20,2019-12-13,MIL,MEM,127,114,229.0,12.5,-1100,700,https://www.sportsbookreviewsonline.com/scoresoddsarchives/nba-odds-2019-20
sbr:2019-20:2019-12-13:NOP:PHI,2019-20,2019-12-13,NOP,PHI,109,116,222.0,-7.0,250,-310,https://www.sportsbookreviewsonline.com/scoresoddsarchives/nba-odds-2019-20
sbr:2019-20:2019-12-13:NYK:SAC,2019-20,2019-12-13,NYK,SAC,103,101,210.5,-9.0,330,-430,https://www.sportsbookreviewsonline.com/scoresoddsarchives/nba-odds-2019-20
sbr:2019-20:2019-12-14:BKN:TOR,2019-20,2019-12-14,BKN,TOR,102,110,218.5,-7.0,255,-320,https://www.sportsbookreviewsonline.com/scoresoddsarchives/nba-odds-2019-20
sbr:2019-20:2019-12-14:CLE:MIL,2019-20,2019-12-14,CLE,MIL,108,125,223.0,-14.0,850,-1500,https://www.sportsbookreviewsonline.com/scoresoddsarchives/nba-odds-2019-20
sbr:2019-20:2019-12-14:DET:HOU,2019-20,2019-12-14,DET,HOU,115,107,225.5,-7.5,260,-330,https://www.sportsbookreviewsonline.com/scoresoddsarchives/nba-odds-2019-20
sbr:2019-20:2019-12-14:LAC:CHI,2019-20,2019-12-14,LAC,CHI,106,109,214.0,3.0,-155,135,https://www.sportsbookreviewsonline.com/scoresoddsarchives/nba-odds-2019-20
sbr:2019-20:2019-12-14:OKC:DEN,2019-20,2019-12-14,OKC,DEN,102,110,204.5,-6.0,210,-260,https://www.sportsbookreviewsonline.com/scoresoddsarchives/nba-odds-2019-20
sbr:2019-20:2019-12-15:CHA:IND,2019-20,2019-12-15,CHA,IND,85,107,210.0,-11.5,550,-800,https://www.sportsbookreviewsonline.com/scoresoddsarchives/nba-odds-2019-20
sbr:2019-20:2019-12-15:LAL:ATL,2019-20,2019-12-15,LAL,ATL,101,96,229.0,12.0,-850,575,https://www.sportsbookreviewsonline.com/scoresoddsarchives/nba-odds-2019-20
sbr:2019-20:2019-12-15:NYK:DEN,2019-20,2019-12-15,NYK,DEN,105,111,208.5,-10.5,500,-700,https://www.sportsbookreviewsonline.com/scoresoddsarchives/nba-odds-2019-20
sbr:2019-20:2019-12-15:ORL:NOP,2019-20,2019-12-15,ORL,NOP,130,119,216.5,0.0,-110,-110,https://www.sportsbookreviewsonline.com/scoresoddsarchives/nba-odds-2019-20
sbr:2019-20:2019-12-15:PHI:BKN,2019-20,2019-12-15,PHI,BKN,89,109,220.0,3.5,-170,145,https://www.sportsbookreviewsonline.com/scoresoddsarchives/nba-odds-2019-20
sbr:2019-20:2019-12-15:SAC:GSW,2019-20,2019-12-15,SAC,GSW,100,79,209.5,4.5,-200,170,https://www.sportsbookreviewsonline.com/scoresoddsarchives/nba-odds-2019-20
sbr:2019-20:2019-12-16:CHI:OKC,2019-20,2019-12-16,CHI,OKC,106,109,208.5,-5.5,190,-240,https://www.sportsbookreviewsonline.com/scoresoddsarchives/nba-odds-2019-20
sbr:2019-20:2019-12-16:CLE:TOR,2019-20,2019-12-16,CLE,TOR,113,133,216.5,-13.0,750,-1200,https://www.sportsbookreviewsonline.com/scoresoddsarchives/nba-odds-2019-20
sbr:2019-20:2019-12-16:DAL:MIL,2019-20,2019-12-16,DAL,MIL,120,116,227.5,-10.5,525,-750,https://www.sportsbookreviewsonline.com/scoresoddsarchives/nba-odds-2019-20
sbr:2019-20:2019-12-16:MIA:MEM,2019-20,2019-12-16,MIA,MEM,111,118,217.0,2.5,-145,125,https://www.sportsbookreviewsonline.com/scoresoddsarchives/nba-odds-2019-20
sbr:2019-20:2019-12-16:POR:PHX,2019-20,2019-12-16,POR,PHX,111,110,227.0,2.5,-135,115,https://www.sportsbookreviewsonline.com/scoresoddsarchives/nba-odds-2019-20
sbr:2019-20:2019-12-16:SAS:HOU,2019-20,2019-12-16,SAS,HOU,107,109,232.0,-10.5,450,-650,https://www.sportsbookreviewsonline.com/scoresoddsarchives/nba-odds-2019-20
sbr:2019-20:2019-12-16:WAS:DET,2019-20,2019-12-16,WAS,DET,133,119,232.0,-2.5,120,-140,https://www.sportsbookreviewsonline.com/scoresoddsarchives/nba-odds-2019-20
sbr:2019-20:2019-12-17:ATL:NYK,2019-20,2019-12-17,ATL,NYK,120,143,226.0,-2.0,110,-130,https://www.sportsbookreviewsonline.com/scoresoddsarchives/nba-odds-2019-20
sbr:2019-20:2019-12-17:LAL:IND,2019-20,2019-12-17,LAL,IND,102,105,213.0,1.0,-120,100,https://www.sportsbookreviewsonline.com/scoresoddsarchives/nba-odds-2019-20
sbr:2019-20:2019-12-17:ORL:UTA,2019-20,2019-12-17,ORL,UTA,102,109,208.0,-6.5,230,-280,https://www.sportsbookreviewsonline.com/scoresoddsarchives/nba-odds-2019-20
sbr:2019-20:2019-12-17:PHX:LAC,2019-20,2019-12-17,PHX,LAC,99,120,225.0,-15.0,850,-1500,https://www.sportsbookreviewsonline.com/scoresoddsarchives/nba-odds-2019-20
sbr:2019-20:2019-12-17:SAC:CHA,2019-20,2019-12-17,SAC,CHA,102,110,208.0,5.0,-220,180,https://www.sportsbookreviewsonline.com/scoresoddsarchives/nba-odds-2019-20
sbr:2019-20:2019-12-18:BOS:DAL,2019-20,2019-12-18,BOS,DAL,109,103,215.5,2.0,-130,110,https://www.sportsbookreviewsonline.com/scoresoddsarchives/nba-odds-2019-20
sbr:2019-20:2019-12-18:CHA:CLE,2019-20,2019-12-18,CHA,CLE,98,100,211.0,-3.0,125,-145,https://www.sportsbookreviewsonline.com/scoresoddsarchives/nba-odds-2019-20
sbr:2019-20:2019-12-18:GSW:POR,2019-20,2019-12-18,GSW,POR,112,122,221.5,-9.0,375,-500,https://www.sportsbookreviewsonline.com/scoresoddsarchives/nba-odds-2019-20
sbr:2019-20:2019-12-18:MEM:OKC,2019-20,2019-12-18,MEM,OKC,122,126,219.5,-6.5,230,-280,https://www.sportsbookreviewsonline.com/scoresoddsarchives/nba-odds-2019-20
sbr:2019-20:2019-12-18:MIA:PHI,2019-20,2019-12-18,MIA,PHI,108,104,208.5,-8.0,290,-380,https://www.sportsbookreviewsonline.com/scoresoddsarchives/nba-odds-2019-20
sbr:2019-20:2019-12-18:NOP:MIN,2019-20,2019-12-18,NOP,MIN,107,99,229.5,-3.5,145,-170,https://www.sportsbookreviewsonline.com/scoresoddsarchives/nba-odds-2019-20
sbr:2019-20:2019-12-18:ORL:DEN,2019-20,2019-12-18,ORL,DEN,104,113,205.0,-9.0,375,-500,https://www.sportsbookreviewsonline.com/scoresoddsarchives/nba-odds-2019-20
sbr:2019-20:2019-12-18:TOR:DET,2019-20,2019-12-18,TOR,DET,112,99,217.0,2.5,-145,125,https://www.sportsbookreviewsonline.com/scoresoddsarchives/nba-odds-2019-20
sbr:2019-20:2019-12-19:BKN:SAS,2019-20,2019-12-19,BKN,SAS,105,118,219.5,-4.0,160,-190,https://www.sportsbookreviewsonline.com/scoresoddsarchives/nba-odds-2019-20
sbr:2019-20:2019-12-19:LAL:MIL,2019-20,2019-12-19,LAL,MIL,104,111,227.0,-3.5,140,-160,https://www.sportsbookreviewsonline.com/scoresoddsarchives/nba-odds-2019-20
sbr:2019-20:2019-12-19:UTA:ATL,2019-20,2019-12-19,UTA,ATL,111,106,224.5,6.5,-280,230,https://www.sportsbookreviewsonline.com/scoresoddsarchives/nba-odds-2019-20
sbr:2019-20:2019-12-20:DAL:PHI,2019-20,2019-12-20,DAL,PHI,117,98,212.0,-8.5,325,-425,https://www.sportsbookreviewsonline.com/scoresoddsarchives/nba-odds-2019-20
sbr:2019-20:2019-12-20:DET:BOS,2019-20,2019-12-20,DET,BOS,93,114,211.0,-9.0,350,-450,https://www.sportsbookreviewsonline.com/scoresoddsarchives/nba-odds-2019-20
sbr:2019-20:2019-12-20:MEM:CLE,2019-20,2019-12-20,MEM,CLE,107,114,222.5,2.5,-140,120,https://www.sportsbookreviewsonline.com/scoresoddsarchives/nba-odds-2019-20
sbr:2019-20:2019-12-20:MIN:DEN,2019-20,2019-12-20,MIN,DEN,100,109,215.5,-11.0,525,-750,https://www.sportsbookreviewsonline.com/scoresoddsarchives/nba-odds-2019-20
sbr:2019-20:2019-12-20:NOP:GSW,2019-20,2019-12-20,NOP,GSW,102,106,221.5,2.0,-130,110,https://www.sportsbookreviewsonline.com/scoresoddsarchives/nba-odds-2019-20
sbr:2019-20:2019-12-20:NYK:MIA,2019-20,2019-12-20,NYK,MIA,114,129,216.5,-9.0,400,-550,https://www.sportsbookreviewsonline.com/scoresoddsarchives/nba-odds-2019-20
sbr:2019-20:2019-12-20:ORL:POR,2019-20,2019-12-20,ORL,POR,103,118,218.5,-3.5,145,-170,https://www.sportsbookreviewsonline.com/scoresoddsarchives/nba-odds-2019-20
sbr:2019-20:2019-12-20:PHX:OKC,2019-20,2019-12-20,PHX,OKC,108,126,224.5,-3.0,130,-150,https://www.sportsbookreviewsonline.com/scoresoddsarchives/nba-odds-2019-20
sbr:2019-20:2019-12-20:SAC:IND,2019-20,2019-12-20,SAC,IND,105,119,209.5,-5.0,180,-220,https://www.sportsbookreviewsonline.com/scoresoddsarchives/nba-odds-2019-20
sbr:2019-20:2019-12-20:WAS:TOR,2019-20,2019-12-20,WAS,TOR,118,122,229.5,-6.5,220,-270,https://www.sportsbookreviewsonline.com/scoresoddsarchives/nba-odds-2019-20
sbr:2019-20:2019-12-21:ATL:BKN,2019-20,2019-12-21,ATL,BKN,112,122,231.5,-7.5,270,-340,https://www.sportsbookreviewsonline.com/scoresoddsarchives/nba-odds-2019-20
sbr:2019-20:2019-12-21:HOU:PHX,2019-20,2019-12-21,HOU,PHX,139,125,234.5,8.5,-425,325,https://www.sportsbookreviewsonline.com/scoresoddsarchives/nba-odds-2019-20
sbr:2019-20:2019-12-21:LAC:SAS,2019-20,2019-12-21,LAC,SAS,134,109,225.5,7.5,-310,250,https://www.sportsbookreviewsonline.com/scoresoddsarchives/nba-odds-2019-20
sbr:2019-20:2019-12-21:MIL:NYK,2019-20,2019-12-21,MIL,NYK,123,102,227.0,13.0,-1200,750,https://www.sportsbookreviewsonline.com/scoresoddsarchives/nba-odds-2019-20
sbr:2019-20:2019-12-21:MIN:POR,2019-20,2019-12-21,MIN,POR,106,113,227.5,-7.0,230,-280,https://www.sportsbookreviewsonline.com/scoresoddsarchives/nba-odds-2019-20
sbr:2019-20:2019-12-21:SAC:MEM,2019-20,2019-12-21,SAC,MEM,115,119,221.5,2.0,-135,115,https://www.sportsbookreviewsonline.com/scoresoddsarchives/nba-odds-2019-20
sbr:2019-20:2019-12-21:UTA:CHA,2019-20,2019-12-21,UTA,CHA,114,107,208.0,7.0,-300,240,https://www.sportsbookreviewsonline.com/scoresoddsarchives/nba-odds-2019-20
sbr:2019-20:2019-12-21:WAS:PHI,2019-20,2019-12-21,WAS,PHI,108,125,227.0,-12.5,700,-1100,https://www.sportsbookreviewsonline.com/scoresoddsarchives/nba-odds-2019-20
sbr:2019-20:2019-12-22:CHA:BOS,2019-20,2019-12-22,CHA,BOS,93,119,210.0,-12.0,650,-1000,https://www.sportsbookreviewsonline.com/scoresoddsarchives/nba-odds-2019-20
sbr:2019-20:2019-12-22:DAL:TOR,2019-20,2019-12-22,DAL,TOR,107,110,218.0,-1.5,105,-125,https://www.sportsbookreviewsonline.com/scoresoddsarchives/nba-odds-2019-20
sbr:2019-20:2019-12-22:DEN:LAL,2019-20,2019-12-22,DEN,LAL,128,104,208.0,-2.5,120,-140,https://www.sportsbookreviewsonline.com/scoresoddsarchives/nba-odds-2019-20
sbr:2019-20:2019-12-22:IND:MIL,2019-20,2019-12-22,IND,MIL,89,117,220.5,-8.5,310,-410,https://www.sportsbookreviewsonline.com/scoresoddsarchives/nba-odds-2019-20
sbr:2019-20:2019-12-23:CHI:ORL,2019-20,2019-12-23,CHI,ORL,95,103,205.5,-5.0,170,-200,https://www.sportsbookreviewsonline.com/scoresoddsarchives/nba-odds-2019-20
sbr:2019-20:2019-12-23:DEN:PHX,2019-20,2019-12-23,DEN,PHX,113,111,218.5,2.5,-140,120,https://www.sportsbookreviewsonline.com/scoresoddsarchives/nba-odds-2019-20
sbr:2019-20:2019-12-23:HOU:SAC,2019-20,2019-12-23,HOU,SAC,113,104,230.0,6.0,-270,220,https://www.sportsbookreviewsonline.com/scoresoddsarchives/nba-odds-2019-20
sbr:2019-20:2019-12-23:NOP:POR,2019-20,2019-12-23,NOP,POR,102,94,229.5,-6.0,200,-250,https://www.sportsbookreviewsonline.com/scoresoddsarchives/nba-odds-2019-20
sbr:2019-20:2019-12-23:PHI:DET,2019-20,2019-12-23,PHI,DET,125,109,215.0,6.5,-275,225,https://www.sportsbookreviewsonline.com/scoresoddsarchives/nba-odds-2019-20
sbr:2019-20:2019-12-23:SAS:MEM,2019-20,2019-12-23,SAS,MEM,145,115,228.5,1.0,-115,-105,https://www.sportsbookreviewsonline.com/scoresoddsarchives/nba-odds-2019-20
sbr:2019-20:2019-12-23:UTA:MIA,2019-20,2019-12-23,UTA,MIA,104,107,213.5,-4.5,160,-190,https://www.sportsbookreviewsonline.com/scoresoddsarchives/nba-odds-2019-20
sbr:2019-20:2019-12-23:WAS:NYK,2019-20,2019-12-23,WAS,NYK,121,115,227.5,-3.5,145,-170,https://www.sportsbookreviewsonline.com/scoresoddsarchives/nba-odds-2019-20
sbr:2019-20:2019-12-25:BOS:TOR,2019-20,2019-12-25,BOS,TOR,118,102,213.5,4.0,-185,155,https://www.sportsbookreviewsonline.com/scoresoddsarchives/nba-odds-2019-20
sbr:2019-20:2019-12-25:HOU:GSW,2019-20,2019-12-25,HOU,GSW,104,116,230.0,11.5,-800,550,https://www.sportsbookreviewsonline.com/scoresoddsarchives/nba-odds-2019-20
sbr:2019-20:2019-12-25:LAC:LAL,2019-20,2019-12-25,LAC,LAL,111,106,223.0,-2.5,120,-140,https://www.sportsbookreviewsonline.com/scoresoddsarchives/nba-odds-2019-20
sbr:2019-20:2019-12-25:MIL:PHI,2019-20,2019-12-25,MIL,PHI,109,121,221.0,3.0,-150,130,https://www.sportsbookreviewsonline.com/scoresoddsarchives/nba-odds-2019-20
sbr:2019-20:2019-12-25:NOP:DEN,2019-20,2019-12-25,NOP,DEN,112,100,216.0,-9.0,375,-500,https://www.sportsbookreviewsonline.com/scoresoddsarchives/nba-odds-2019-20
sbr:2019-20:2019-12-26:MEM:OKC,2019-20,2019-12-26,MEM,OKC,110,97,224.0,-6.0,215,-265,https://www.sportsbookreviewsonline.com/scoresoddsarchives/nba-odds-2019-20
sbr:2019-20:2019-12-26:NYK:BKN,2019-20,2019-12-26,NYK,BKN,94,82,226.0,-7.0,270,-340,https://www.sportsbookreviewsonline.com/scoresoddsarchives/nba-odds-2019-20
sbr:2019-20:2019-12-26:POR:UTA,2019-20,2019-12-26,POR,UTA,115,121,222.0,-5.5,190,-240,https://www.sportsbookreviewsonline.com/scoresoddsarchives/nba-odds-2019-20
sbr:2019-20:2019-12-26:SAS:DAL,2019-20,2019-12-26,SAS,DAL,98,102,226.5,-8.0,280,-360,https://www.sportsbookreviewsonline.com/scoresoddsarchives/nba-odds-2019-20
sbr:2019-20:2019-12-26:WAS:DET,2019-20,2019-12-26,WAS,DET,102,132,228.0,-6.5,230,-280,https://www.sportsbookreviewsonline.com/scoresoddsarchives/nba-odds-2019-20
sbr:2019-20:2019-12-27:CLE:BOS,2019-20,2019-12-27,CLE,BOS,117,129,215.5,-14.0,800,-1400,https://www.sportsbookreviewsonline.com/scoresoddsarchives/nba-odds-2019-20
sbr:2019-20:2019-12-27:IND:MIA,2019-20,2019-12-27,IND,MIA,112,113,211.5,-5.0,175,-210,https://www.sportsbookreviewsonline.com/scoresoddsarchives/nba-odds-2019-20
sbr:2019-20:2019-12-27:MIL:ATL,2019-20,2019-12-27,MIL,ATL,112,86,235.5,7.5,-350,275,https://www.sportsbookreviewsonline.com/scoresoddsarchives/nba-odds-2019-20
sbr:2019-20:2019-12-27:PHI:ORL,2019-20,2019-12-27,PHI,ORL,97,98,210.0,4.0,-185,155,https://www.sportsbookreviewsonline.com/scoresoddsarchives/nba-odds-2019-20
sbr:2019-20:2019-12-27:PHX:GSW,2019-20,2019-12-27,PHX,GSW,96,105,225.0,3.5,-170,145,https://www.sportsbookreviewsonline.com/scoresoddsarchives/nba-odds-2019-20
sbr:2019-20:2019-12-28:ATL:CHI,2019-20,2019-12-28,ATL,CHI,81,116,217.0,-9.5,425,-600,https://www.sportsbookreviewsonline.com/scoresoddsarchives/nba-odds-2019-20
sbr:2019-20:2019-12-28:BKN:HOU,2019-20,2019-12-28,BKN,HOU,98,108,234.5,-9.0,375,-500,https://www.sportsbookreviewsonline.com/scoresoddsarchives/nba-odds-2019-20
sbr:2019-20:2019-12-28:CLE:MIN,2019-20,2019-12-28,CLE,MIN,94,88,217.0,-6.5,230,-280,https://www.sportsbookreviewsonline.com/scoresoddsarchives/nba-odds-2019-20
sbr:2019-20:2019-12-28:DAL:GSW,2019-20,2019-12-28,DAL,GSW,141,121,218.0,11.0,-700,500,https://www.sportsbookreviewsonline.com/scoresoddsarchives/nba-odds-2019-20
sbr:2019-20:2019-12-28:DET:SAS,2019-20,2019-12-28,DET,SAS,109,136,222.5,-5.0,180,-220,https://www.sportsbookreviewsonline.com/scoresoddsarchives/nba-odds-2019-20
sbr:2019-20:2019-12-28:LAL:POR,2019-20,2019-12-28,LAL,POR,128,120,223.0,5.0,-240,190,https://www.sportsbookreviewsonline.com/scoresoddsarchives/nba-odds-2019-20
sbr:2019-20:2019-12-28:MEM:DEN,2019-20,2019-12-28,MEM,DEN,110,119,218.5,-9.0,375,-500,https://www.sportsbookreviewsonline.com/scoresoddsarchives/nba-odds-2019-20
sbr:2019-20:2019-12-28:NYK:WAS,2019-20,2019-12-28,NYK,WAS,107,100,228.5,3.0,-160,140,https://www.sportsbookreviewsonline.com/scoresoddsarchives/nba-odds-2019-20
sbr:2019-20:2019-12-28:ORL:MIL,2019-20,2019-12-28,ORL,MIL,100,111,216.5,-6.0,220,-270,https://www.sportsbookreviewsonline.com/scoresoddsarchives/nba-odds-2019-20
sbr:2019-20:2019-12-28:PHX:SAC,2019-20,2019-12-28,PHX,SAC,112,110,217.0,-2.5,120,-140,https://www.sportsbookreviewsonline.com/scoresoddsarchives/nba-odds-2019-20
sbr:2019-20:2019-12-28:TOR:BOS,2019-20,2019-12-28,TOR,BOS,113,97,216.0,-7.5,260,-330,https://www.sportsbookreviewsonline.com/scoresoddsarchives/nba-odds-2019-20
sbr:2019-20:2019-12-28:UTA:LAC,2019-20,2019-12-28,UTA,LAC,120,107,221.5,-7.5,280,-360,https://www.sportsbookreviewsonline.com/scoresoddsarchives/nba-odds-2019-20
sbr:2019-20:2019-12-29:CHA:MEM,2019-20,2019-12-29,CHA,MEM,104,117,219.5,-2.5,125,-145,https://www.sportsbookreviewsonline.com/scoresoddsarchives/nba-odds-2019-20
sbr:2019-20:2019-12-29:DAL:LAL,2019-20,2019-12-29,DAL,LAL,95,108,224.5,-5.0,175,-210,https://www.sportsbookreviewsonline.com/scoresoddsarchives/nba-odds-2019-20
sbr:2019-20:2019-12-29:OKC:TOR,2019-20,2019-12-29,OKC,TOR,98,97,209.5,-4.5,160,-190,https://www.sportsbookreviewsonline.com/scoresoddsarchives/nba-odds-2019-20
sbr:2019-20:2019-12-29:SAC:DEN,2019-20,2019-12-29,SAC,DEN,115,120,208.0,-7.5,275,-350,https://www.sportsbookreviewsonline.com/scoresoddsarchives/nba-odds-2019-20
sbr:2019-20:2019-12-30:ATL:ORL,2019-20,2019-12-30,ATL,ORL,101,93,209.5,-10.5,500,-700,https://www.sportsbookreviewsonline.com/scoresoddsarchives/nba-odds-2019-20
sbr:2019-20:2019-12-30:DET:UTA,2019-20,2019-12-30,DET,UTA,81,104,217.5,-9.5,375,-500,https://www.sportsbookreviewsonline.com/scoresoddsarchives/nba-odds-2019-20
sbr:2019-20:2019-12-30:MIA:WAS,2019-20,2019-12-30,MIA,WAS,105,123,224.5,11.0,-750,525,https://www.sportsbookreviewsonline.com/scoresoddsarchives/nba-odds-2019-20
sbr:2019-20:2019-12-30:MIL:CHI,2019-20,2019-12-30,MIL,CHI,123,102,220.0,8.5,-450,350,https://www.sportsbookreviewsonline.com/scoresoddsarchives/nba-odds-2019-20
sbr:2019-20:2019-12-30:PHX:POR,2019-20,2019-12-30,PHX,POR,122,116,232.5,-4.0,145,-170,https://www.sportsbookreviewsonline.com/scoresoddsarchives/nba-odds-2019-20
sbr:2019-20:2019-12-31:BOS:CHA,2019-20,2019-12-31,BOS,CHA,109,92,210.5,7.5,-400,300,https://www.sportsbookreviewsonline.com/scoresoddsarchives/nba-odds-2019-20
sbr:2019-20:2019-12-31:CLE:TOR,2019-20,2019-12-31,CLE,TOR,97,117,217.5,-8.0,350,-450,https://www.sportsbookreviewsonline.com/scoresoddsarchives/nba-odds-2019-20
sbr:2019-20:2019-12-31:DAL:OKC,2019-20,2019-12-31,DAL,OKC,101,106,217.0,2.5,-145,125,https://www.sportsbookreviewsonline.com/scoresoddsarchives/nba-odds-2019-20
sbr:2019-20:2019-12-31:DEN:HOU,2019-20,2019-12-31,DEN,HOU,104,130,225.0,-6.5,230,-280,https://www.sportsbookreviewsonline.com/scoresoddsarchives/nba-odds-2019-20
sbr:2019-20:2019-12-31:LAC:SAC,2019-20,2019-12-31,LAC,SAC,105,87,220.0,6.5,-280,230,https://www.sportsbookreviewsonline.com/scoresoddsarchives/nba-odds-2019-20
sbr:2020-21:2020-12-22:GSW:BKN,2020-21,2020-12-22,GSW,BKN,99,125,234.5,-7.5,265,-320,https://www.sportsbookreviewsonline.com/scoresoddsarchives/nba-odds-2020-21
sbr:2020-21:2020-12-22:LAC:LAL,2020-21,2020-12-22,LAC,LAL,116,109,219.0,-2.0,115,-135,https://www.sportsbookreviewsonline.com/scoresoddsarchives/nba-odds-2020-21
sbr:2020-21:2020-12-23:ATL:CHI,2020-21,2020-12-23,ATL,CHI,124,104,234.0,2.0,-130,110,https://www.sportsbookreviewsonline.com/scoresoddsarchives/nba-odds-2020-21
sbr:2020-21:2020-12-23:DAL:PHX,2020-21,2020-12-23,DAL,PHX,102,106,232.5,-1.5,100,-120,https://www.sportsbookreviewsonline.com/scoresoddsarchives/nba-odds-2020-21
sbr:2020-21:2020-12-23:DET:MIN,2020-21,2020-12-23,DET,MIN,101,111,224.5,-5.5,190,-220,https://www.sportsbookreviewsonline.com/scoresoddsarchives/nba-odds-2020-21
sbr:2020-21:2020-12-23:MIA:ORL,2020-21,2020-12-23,MIA,ORL,107,113,219.0,4.5,-190,170,https://www.sportsbookreviewsonline.com/scoresoddsarchives/nba-odds-2020-21
sbr:2020-21:2020-12-23:MIL:BOS,2020-21,2020-12-23,MIL,BOS,121,122,223.0,4.5,-190,170,https://www.sportsbookreviewsonline.com/scoresoddsarchives/nba-odds-2020-21
sbr:2020-21:2020-12-23:NOP:TOR,2020-21,2020-12-23,NOP,TOR,113,99,228.5,-3.5,150,-170,https://www.sportsbookreviewsonline.com/scoresoddsarchives/nba-odds-2020-21
sbr:2020-21:2020-12-23:NYK:IND,2020-21,2020-12-23,NYK,IND,107,121,215.5,-7.5,270,-330,https://www.sportsbookreviewsonline.com/scoresoddsarchives/nba-odds-2020-21
sbr:2020-21:2020-12-23:SAS:MEM,2020-21,2020-12-23,SAS,MEM,131,119,230.0,-2.0,110,-130,https://www.sportsbookreviewsonline.com/scoresoddsarchives/nba-odds-2020-21
sbr:2020-21:2020-12-23:WAS:PHI,2020-21,2020-12-23,WAS,PHI,107,113,230.5,-7.0,250,-300,https://www.sportsbookreviewsonline.com/scoresoddsarchives/nba-odds-2020-21
sbr:2020-21:2020-12-25:DAL:LAL,2020-21,2020-12-25,DAL,LAL,115,138,226.0,-6.0,225,-265,https://www.sportsbookreviewsonline.com/scoresoddsarchives/nba-odds-2020-21
sbr:2020-21:2020-12-25:GSW:MIL,2020-21,2020-12-25,GSW,MIL,99,138,230.5,-10.0,450,-600,https://www.sportsbookreviewsonline.com/scoresoddsarchives/nba-odds-2020-21
sbr:2020-21:2020-12-25:LAC:DEN,2020-21,2020-12-25,LAC,DEN,121,108,226.5,3.5,-160,140,https://www.sportsbookreviewsonline.com/scoresoddsarchives/nba-odds-2020-21
sbr:2020-21:2020-12-25:NOP:MIA,2020-21,2020-12-25,NOP,MIA,98,111,221.0,-3.0,130,-150,https://www.sportsbookreviewsonline.com/scoresoddsarchives/nba-odds-2020-21
sbr:2020-21:2020-12-26:IND:CHI,2020-21,2020-12-26,IND,CHI,125,106,223.5,6.0,-240,200,https://www.sportsbookreviewsonline.com/scoresoddsarchives/nba-odds-2020-21
sbr:2020-21:2020-12-26:MIN:UTA,2020-21,2020-12-26,MIN,UTA,116,111,229.0,-9.5,375,-450,https://www.sportsbookreviewsonline.com/scoresoddsarchives/nba-odds-2020-21
sbr:2020-21:2020-12-26:OKC:CHA,2020-21,2020-12-26,OKC,CHA,109,107,219.5,-3.0,125,-145,https://www.sportsbookreviewsonline.com/scoresoddsarchives/nba-odds-2020-21
sbr:2020-21:2020-12-26:ORL:WAS,2020-21,2020-12-26,ORL,WAS,130,120,232.0,-1.5,110,-130,https://www.sportsbookreviewsonline.com/scoresoddsarchives/nba-odds-2020-21
sbr:2020-21:2020-12-26:PHI:NYK,2020-21,2020-12-26,PHI,NYK,109,89,215.0,8.0,-360,300,https://www.sportsbookreviewsonline.com/scoresoddsarchives/nba-odds-2020-21
sbr:2020-21:2020-12-26:PHX:SAC,2020-21,2020-12-26,PHX,SAC,103,106,227.0,3.5,-160,140,https://www.sportsbookreviewsonline.com/scoresoddsarchives/nba-odds-2020-21
sbr:2020-21:2020-12-26:TOR:SAS,2020-21,2020-12-26,TOR,SAS,114,119,228.5,2.5,-145,125,https://www.sportsbookreviewsonline.com/scoresoddsarchives/nba-odds-2020-21
sbr:2020-21:2020-12-27:BKN:CHA,2020-21,2020-12-27,BKN,CHA,104,106,233.0,11.5,-600,450,https://www.sportsbookreviewsonline.com/scoresoddsarchives/nba-odds-2020-21
sbr:2020-21:2020-12-27:DAL:LAC,2020-21,2020-12-27,DAL,LAC,124,73,226.5,-3.0,140,-160,https://www.sportsbookreviewsonline.com/scoresoddsarchives/nba-odds-2020-21
sbr:2020-21:2020-12-27:GSW:CHI,2020-21,2020-12-27,GSW,CHI,129,128,229.5,3.5,-165,145,https://www.sportsbookreviewsonline.com/scoresoddsarchives/nba-odds-2020-21
sbr:2020-21:2020-12-27:MIL:NYK,2020-21,2020-12-27,MIL,NYK,110,130,222.0,13.0,-1200,750,https://www.sportsbookreviewsonline.com/scoresoddsarchives/nba-odds-2020-21
sbr:2020-21:2020-12-27:PHI:CLE,2020-21,2020-12-27,PHI,CLE,94,118,218.0,6.0,-240,200,https://www.sportsbookreviewsonline.com/scoresoddsarchives/nba-odds-2020-21
sbr:2020-21:2020-12-27:PHX:SAC,2020-21,2020-12-27,PHX,SAC,116,100,225.5,3.0,-160,140,https://www.sportsbookreviewsonline.com/scoresoddsarchives/nba-odds-2020-21
sbr:2020-21:2020-12-27:SAS:NOP,2020-21,2020-12-27,SAS,NOP,95,98,227.5,-5.0,170,-190,https://www.sportsbookreviewsonline.com/scoresoddsarchives/nba-odds-2020-21
sbr:2020-21:2020-12-28:DET:ATL,2020-21,2020-12-28,DET,ATL,120,128,223.5,-10.5,400,-500,https://www.sportsbookreviewsonline.com/scoresoddsarchives/nba-odds-2020-21
sbr:2020-21:2020-12-28:HOU:DEN,2020-21,2020-12-28,HOU,DEN,111,124,222.0,-6.5,225,-265,https://www.sportsbookreviewsonline.com/scoresoddsarchives/nba-odds-2020-21
sbr:2020-21:2020-12-28:MIN:LAL,2020-21,2020-12-28,MIN,LAL,91,127,229.0,-10.5,400,-500,https://www.sportsbookreviewsonline.com/scoresoddsarchives/nba-odds-2020-21
sbr:2020-21:2020-12-28:POR:LAL,2020-21,2020-12-28,POR,LAL,115,107,229.0,-6.0,195,-230,https://www.sportsbookreviewsonline.com/scoresoddsarchives/nba-odds-2020-21
sbr:2020-21:2020-12-28:UTA:OKC,2020-21,2020-12-28,UTA,OKC,110,109,218.0,9.0,-400,330,https://www.sportsbookreviewsonline.com/scoresoddsarchives/nba-odds-2020-21
sbr:2020-21:2020-12-29:CHI:WAS,2020-21,2020-12-29,CHI,WAS,115,107,238.0,-6.5,210,-250,https://www.sportsbookreviewsonline.com/scoresoddsarchives/nba-odds-2020-21
sbr:2020-21:2020-12-29:GSW:DET,2020-21,2020-12-29,GSW,DET,116,106,227.5,4.5,-170,150,https://www.sportsbookreviewsonline.com/scoresoddsarchives/nba-odds-2020-21
sbr:2020-21:2020-12-29:MIL:MIA,2020-21,2020-12-29,MIL,MIA,144,97,227.5,6.0,-240,200,https://www.sportsbookreviewsonline.com/scoresoddsarchives/nba-odds-2020-21
sbr:2020-21:2020-12-29:MIN:LAC,2020-21,2020-12-29,MIN,LAC,101,124,225.5,-10.5,475,-650,https://www.sportsbookreviewsonline.com/scoresoddsarchives/nba-odds-2020-21
sbr:2020-21:2020-12-29:NOP:PHX,2020-21,2020-12-29,NOP,PHX,86,111,222.0,-1.5,105,-125,https://www.sportsbookreviewsonline.com/scoresoddsarchives/nba-odds-2020-21
sbr:2020-21:2020-12-29:NYK:CLE,2020-21,2020-12-29,NYK,CLE,95,86,216.0,-3.5,140,-160,https://www.sportsbookreviewsonline.com/scoresoddsarchives/nba-odds-2020-21
sbr:2020-21:2020-12-29:ORL:OKC,2020-21,2020-12-29,ORL,OKC,118,107,219.0,6.5,-250,210,https://www.sportsbookreviewsonline.com/scoresoddsarchives/nba-odds-2020-21
sbr:2020-21:2020-12-29:TOR:PHI,2020-21,2020-12-29,TOR,PHI,93,100,219.5,-1.5,105,-125,https://www.sportsbookreviewsonline.com/scoresoddsarchives/nba-odds-2020-21
sbr:2020-21:2020-12-30:ATL:BKN,2020-21,2020-12-30,ATL,BKN,141,145,240.0,-5.5,195,-230,https://www.sportsbookreviewsonline.com/scoresoddsarchives/nba-odds-2020-21
sbr:2020-21:2020-12-30:CHA:DAL,2020-21,2020-12-30,CHA,DAL,118,99,225.0,-8.0,300,-360,https://www.sportsbookreviewsonline.com/scoresoddsarchives/nba-odds-2020-21
sbr:2020-21:2020-12-30:LAL:SAS,2020-21,2020-12-30,LAL,SAS,121,107,231.5,7.5,-310,260,https://www.sportsbookreviewsonline.com/scoresoddsarchives/nba-odds-2020-21
sbr:2020-21:2020-12-30:MEM:BOS,2020-21,2020-12-30,MEM,BOS,107,126,218.0,-7.0,245,-285,https://www.sportsbookreviewsonline.com/scoresoddsarchives/nba-odds-2020-21
sbr:2020-21:2020-12-30:MIL:MIA,2020-21,2020-12-30,MIL,MIA,108,119,228.5,6.5,-260,220,https://www.sportsbookreviewsonline.com/scoresoddsarchives/nba-odds-2020-21
sbr:2020-21:2020-12-30:POR:LAC,2020-21,2020-12-30,POR,LAC,105,128,226.0,-6.0,190,-220,https://www.sportsbookreviewsonline.com/scoresoddsarchives/nba-odds-2020-21
sbr:2020-21:2020-12-31:CHI:WAS,2020-21,2020-12-31,CHI,WAS,133,130,235.5,-7.5,250,-300,https://www.sportsbookreviewsonline.com/scoresoddsarchives/nba-odds-2020-21
sbr:2020-21:2020-12-31:CLE:IND,2020-21,2020-12-31,CLE,IND,99,119,219.0,-8.0,270,-330,https://www.sportsbookreviewsonline.com/scoresoddsarchives/nba-odds-2020-21
sbr:2020-21:2020-12-31:NOP:OKC,2020-21,2020-12-31,NOP,OKC,113,80,214.5,5.5,-200,175,https://www.sportsbookreviewsonline.com/scoresoddsarchives/nba-odds-2020-21
sbr:2020-21:2020-12-31:NYK:TOR,2020-21,2020-12-31,NYK,TOR,83,100,215.5,-8.5,300,-360,https://www.sportsbookreviewsonline.com/scoresoddsarchives/nba-odds-2020-21
sbr:2020-21:2020-12-31:PHI:ORL,2020-21,2020-12-31,PHI,ORL,116,92,219.5,4.0,-175,155,https://www.sportsbookreviewsonline.com/scoresoddsarchives/nba-odds-2020-21
sbr:2020-21:2020-12-31:PHX:UTA,2020-21,2020-12-31,PHX,UTA,106,95,219.5,-4.0,150,-170,https://www.sportsbookreviewsonline.com/scoresoddsarchives/nba-odds-2020-21
sbr:2020-21:2020-12-31:SAC:HOU,2020-21,2020-12-31,SAC,HOU,119,122,231.5,-5.5,180,-210,https://www.sportsbookreviewsonline.com/scoresoddsarchives/nba-odds-2020-21
sbr:2021-22:2021-10-19:BKN:MIL,2021-22,2021-10-19,BKN,MIL,104,127,233.5,-1.5,105,-125,https://www.sportsbookreviewsonline.com/scoresoddsarchives/nba-odds-2021-22
sbr:2021-22:2021-10-19:GSW:LAL,2021-22,2021-10-19,GSW,LAL,121,114,226.5,-3.5,140,-160,https://www.sportsbookreviewsonline.com/scoresoddsarchives/nba-odds-2021-22
sbr:2021-22:2021-10-20:CHI:DET,2021-22,2021-10-20,CHI,DET,94,88,218.0,5.0,-220,190,https://www.sportsbookreviewsonline.com/scoresoddsarchives/nba-odds-2021-22
sbr:2021-22:2021-10-20:CLE:MEM,2021-22,2021-10-20,CLE,MEM,121,132,218.5,-7.0,240,-280,https://www.sportsbookreviewsonline.com/scoresoddsarchives/nba-odds-2021-22
sbr:2021-22:2021-10-20:DEN:PHX,2021-22,2021-10-20,DEN,PHX,110,98,224.0,-6.0,200,-240,https://www.sportsbookreviewsonline.com/scoresoddsarchives/nba-odds-2021-22
sbr:2021-22:2021-10-20:HOU:MIN,2021-22,2021-10-20,HOU,MIN,106,124,232.0,-6.5,220,-260,https://www.sportsbookreviewsonline.com/scoresoddsarchives/nba-odds-2021-22
sbr:2021-22:2021-10-20:OKC:UTA,2021-22,2021-10-20,OKC,UTA,86,107,221.5,-14.0,750,-1200,https://www.sportsbookreviewsonline.com/scoresoddsarchives/nba-odds-2021-22
sbr:2021-22:2021-10-20:ORL:SAS,2021-22,2021-10-20,ORL,SAS,97,123,212.5,-7.0,225,-265,https://www.sportsbookreviewsonline.com/scoresoddsarchives/nba-odds-2021-22
sbr:2021-22:2021-10-20:PHI:NOP,2021-22,2021-10-20,PHI,NOP,117,97,224.0,4.0,-170,150,https://www.sportsbookreviewsonline.com/scoresoddsarchives/nba-odds-2021-22
sbr:2021-22:2021-10-20:SAC:POR,2021-22,2021-10-20,SAC,POR,124,121,234.0,-6.5,220,-260,https://www.sportsbookreviewsonline.com/scoresoddsarchives/nba-odds-2021-22
sbr:2021-22:2021-10-20:WAS:TOR,2021-22,2021-10-20,WAS,TOR,98,83,223.0,-2.5,120,-140,https://www.sportsbookreviewsonline.com/scoresoddsarchives/nba-odds-2021-22
sbr:2021-22:2021-10-21:DAL:ATL,2021-22,2021-10-21,DAL,ATL,87,113,225.5,-2.5,120,-140,https://www.sportsbookreviewsonline.com/scoresoddsarchives/nba-odds-2021-22
sbr:2021-22:2021-10-21:LAC:GSW,2021-22,2021-10-21,LAC,GSW,113,115,229.0,-4.0,160,-180,https://www.sportsbookreviewsonline.com/scoresoddsarchives/nba-odds-2021-22
sbr:2021-22:2021-10-22:BKN:PHI,2021-22,2021-10-22,BKN,PHI,114,109,224.5,1.0,-120,100,https://www.sportsbookreviewsonline.com/scoresoddsarchives/nba-odds-2021-22
sbr:2021-22:2021-10-22:CHA:CLE,2021-22,2021-10-22,CHA,CLE,123,112,226.0,2.5,-135,115,https://www.sportsbookreviewsonline.com/scoresoddsarchives/nba-odds-2021-22
sbr:2021-22:2021-10-22:NOP:CHI,2021-22,2021-10-22,NOP,CHI,112,128,222.5,-7.0,235,-275,https://www.sportsbookreviewsonline.com/scoresoddsarchives/nba-odds-2021-22
sbr:2021-22:2021-10-22:NYK:ORL,2021-22,2021-10-22,NYK,ORL,121,96,212.0,7.5,-350,290,https://www.sportsbookreviewsonline.com/scoresoddsarchives/nba-odds-2021-22
sbr:2021-22:2021-10-22:OKC:HOU,2021-22,2021-10-22,OKC,HOU,91,124,221.0,-2.5,130,-150,https://www.sportsbookreviewsonline.com/scoresoddsarchives/nba-odds-2021-22
sbr:2021-22:2021-10-22:PHX:LAL,2021-22,2021-10-22,PHX,LAL,115,105,222.0,-1.5,105,-125,https://www.sportsbookreviewsonline.com/scoresoddsarchives/nba-odds-2021-22
sbr:2021-22:2021-10-22:SAS:DEN,2021-22,2021-10-22,SAS,DEN,96,102,222.0,-7.5,260,-310,https://www.sportsbookreviewsonline.com/scoresoddsarchives/nba-odds-2021-22
sbr:2021-22:2021-10-22:TOR:BOS,2021-22,2021-10-22,TOR,BOS,115,83,217.5,-7.0,240,-280,https://www.sportsbookreviewsonline.com/scoresoddsarchives/nba-odds-2021-22
sbr:2021-22:2021-10-22:UTA:SAC,2021-22,2021-10-22,UTA,SAC,110,101,227.0,6.5,-240,200,https://www.sportsbookreviewsonline.com/scoresoddsarchives/nba-odds-2021-22
sbr:2021-22:2021-10-23:ATL:CLE,2021-22,2021-10-23,ATL,CLE,95,101,223.5,8.5,-360,300,https://www.sportsbookreviewsonline.com/scoresoddsarchives/nba-odds-2021-22
sbr:2021-22:2021-10-23:DAL:TOR,2021-22,2021-10-23,DAL,TOR,103,95,217.5,5.0,-190,170,https://www.sportsbookreviewsonline.com/scoresoddsarchives/nba-odds-2021-22
sbr:2021-22:2021-10-23:DET:CHI,2021-22,2021-10-23,DET,CHI,82,97,213.5,-8.0,280,-340,https://www.sportsbookreviewsonline.com/scoresoddsarchives/nba-odds-2021-22
sbr:2021-22:2021-10-23:MEM:LAC,2021-22,2021-10-23,MEM,LAC,120,114,226.0,-4.0,155,-175,https://www.sportsbookreviewsonline.com/scoresoddsarchives/nba-odds-2021-22
sbr:2021-22:2021-10-23:MIL:SAS,2021-22,2021-10-23,MIL,SAS,121,111,225.5,6.0,-250,210,https://www.sportsbookreviewsonline.com/scoresoddsarchives/nba-odds-2021-22
sbr:2021-22:2021-10-23:NOP:MIN,2021-22,2021-10-23,NOP,MIN,89,96,228.5,-7.5,260,-310,https://www.sportsbookreviewsonline.com/scoresoddsarchives/nba-odds-2021-22
sbr:2021-22:2021-10-23:PHX:POR,2021-22,2021-10-23,PHX,POR,105,134,229.0,-3.0,135,-155,https://www.sportsbookreviewsonline.com/scoresoddsarchives/nba-odds-2021-22
sbr:2021-22:2021-10-24:BOS:HOU,2021-22,2021-10-24,BOS,HOU,107,97,221.5,5.0,-210,180,https://www.sportsbookreviewsonline.com/scoresoddsarchives/nba-odds-2021-22
sbr:2021-22:2021-10-24:CHA:BKN,2021-22,2021-10-24,CHA,BKN,111,95,233.0,-9.0,350,-420,https://www.sportsbookreviewsonline.com/scoresoddsarchives/nba-odds-2021-22
sbr:2021-22:2021-10-24:GSW:SAC,2021-22,2021-10-24,GSW,SAC,119,107,234.5,3.0,-150,130,https://www.sportsbookreviewsonline.com/scoresoddsarchives/nba-odds-2021-22
sbr:2021-22:2021-10-24:MEM:LAL,2021-22,2021-10-24,MEM,LAL,118,121,225.5,-5.5,180,-210,https://www.sportsbookreviewsonline.com/scoresoddsarchives/nba-odds-2021-22
sbr:2021-22:2021-10-24:ORL:NYK,2021-22,2021-10-24,ORL,NYK,110,104,212.0,-12.0,600,-900,https://www.sportsbookreviewsonline.com/scoresoddsarchives/nba-odds-2021-22
sbr:2021-22:2021-10-24:PHI:OKC,2021-22,2021-10-24,PHI,OKC,115,103,216.0,9.5,-500,400,https://www.sportsbookreviewsonline.com/scoresoddsarchives/nba-odds-2021-22
sbr:2021-22:2021-10-25:CHI:TOR,2021-22,2021-10-25,CHI,TOR,111,108,213.5,2.0,-135,115,https://www.sportsbookreviewsonline.com/scoresoddsarchives/nba-odds-2021-22
sbr:2021-22:2021-10-25:CLE:DEN,2021-22,2021-10-25,CLE,DEN,99,87,221.0,-9.5,400,-500,https://www.sportsbookreviewsonline.com/scoresoddsarchives/nba-odds-2021-22
sbr:2021-22:2021-10-25:DET:ATL,2021-22,2021-10-25,DET,ATL,104,122,212.5,-11.5,525,-750,https://www.sportsbookreviewsonline.com/scoresoddsarchives/nba-odds-2021-22
sbr:2021-22:2021-10-25:NOP:MIN,2021-22,2021-10-25,NOP,MIN,107,98,224.5,-5.5,190,-220,https://www.sportsbookreviewsonline.com/scoresoddsarchives/nba-odds-2021-22
sbr:2021-22:2021-10-25:ORL:MIA,2021-22,2021-10-25,ORL,MIA,90,107,211.5,-13.5,700,-1100,https://www.sportsbookreviewsonline.com/scoresoddsarchives/nba-odds-2021-22
sbr:2021-22:2021-10-25:POR:LAC,2021-22,2021-10-25,POR,LAC,86,116,229.5,-2.5,120,-140,https://www.sportsbookreviewsonline.com/scoresoddsarchives/nba-odds-2021-22
sbr:2021-22:2021-10-25:WAS:BKN,2021-22,2021-10-25,WAS,BKN,90,104,229.0,-6.0,200,-240,https://www.sportsbookreviewsonline.com/scoresoddsarchives/nba-odds-2021-22
sbr:2021-22:2021-10-26:DEN:UTA,2021-22,2021-10-26,DEN,UTA,110,122,218.5,-7.5,265,-320,https://www.sportsbookreviewsonline.com/scoresoddsarchives/nba-odds-2021-22
sbr:2021-22:2021-10-26:GSW:OKC,2021-22,2021-10-26,GSW,OKC,106,98,223.5,11.0,-600,450,https://www.sportsbookreviewsonline.com/scoresoddsarchives/nba-odds-2021-22
sbr:2021-22:2021-10-26:HOU:DAL,2021-22,2021-10-26,HOU,DAL,106,116,222.5,-11.0,475,-650,https://www.sportsbookreviewsonline.com/scoresoddsarchives/nba-odds-2021-22
sbr:2021-22:2021-10-26:PHI:NYK,2021-22,2021-10-26,PHI,NYK,99,112,217.0,-1.0,100,-120,https://www.sportsbookreviewsonline.com/scoresoddsarchives/nba-odds-2021-22
sbr:2021-22:2021-10-27:ATL:NOP,2021-22,2021-10-27,ATL,NOP,102,99,220.5,5.0,-200,175,https://www.sportsbookreviewsonline.com/scoresoddsarchives/nba-odds-2021-22
sbr:2021-22:2021-10-27:CHA:ORL,2021-22,2021-10-27,CHA,ORL,120,111,221.0,5.5,-210,180,https://www.sportsbookreviewsonline.com/scoresoddsarchives/nba-odds-2021-22
sbr:2021-22:2021-10-27:CLE:LAC,2021-22,2021-10-27,CLE,LAC,92,79,219.0,-8.5,290,-350,https://www.sportsbookreviewsonline.com/scoresoddsarchives/nba-odds-2021-22
sbr:2021-22:2021-10-27:LAL:OKC,2021-22,2021-10-27,LAL,OKC,115,123,217.0,5.5,-220,190,https://www.sportsbookreviewsonline.com/scoresoddsarchives/nba-odds-2021-22
sbr:2021-22:2021-10-27:MEM:POR,2021-22,2021-10-27,MEM,POR,96,116,233.0,-2.5,115,-135,https://www.sportsbookreviewsonline.com/scoresoddsarchives/nba-odds-2021-22
sbr:2021-22:2021-10-27:MIA:BKN,2021-22,2021-10-27,MIA,BKN,106,93,218.0,-3.5,140,-160,https://www.sportsbookreviewsonline.com/scoresoddsarchives/nba-odds-2021-22
sbr:2021-22:2021-10-27:MIN:MIL,2021-22,2021-10-27,MIN,MIL,113,108,231.0,-5.5,195,-235,https://www.sportsbookreviewsonline.com/scoresoddsarchives/nba-odds-2021-22
sbr:2021-22:2021-10-27:SAC:PHX,2021-22,2021-10-27,SAC,PHX,110,107,224.5,-8.0,300,-360,https://www.sportsbookreviewsonline.com/scoresoddsarchives/nba-odds-2021-22
sbr:2021-22:2021-10-27:WAS:BOS,2021-22,2021-10-27,WAS,BOS,116,107,224.0,-4.0,155,-175,https://www.sportsbookreviewsonline.com/scoresoddsarchives/nba-odds-2021-22
sbr:2021-22:2021-10-28:ATL:WAS,2021-22,2021-10-28,ATL,WAS,111,122,222.5,4.0,-170,150,https://www.sportsbookreviewsonline.com/scoresoddsarchives/nba-odds-2021-22
sbr:2021-22:2021-10-28:DET:PHI,2021-22,2021-10-28,DET,PHI,102,110,211.0,-11.0,450,-600,https://www.sportsbookreviewsonline.com/scoresoddsarchives/nba-odds-2021-22
sbr:2021-22:2021-10-28:NYK:CHI,2021-22,2021-10-28,NYK,CHI,104,103,216.5,-1.5,100,-120,https://www.sportsbookreviewsonline.com/scoresoddsarchives/nba-odds-2021-22
sbr:2021-22:2021-10-28:SAS:DAL,2021-22,2021-10-28,SAS,DAL,99,104,219.5,-6.5,220,-260,https://www.sportsbookreviewsonline.com/scoresoddsarchives/nba-odds-2021-22
sbr:2021-22:2021-10-28:UTA:HOU,2021-22,2021-10-28,UTA,HOU,122,91,222.5,9.5,-450,375,https://www.sportsbookreviewsonline.com/scoresoddsarchives/nba-odds-2021-22
sbr:2021-22:2021-10-29:CHA:MIA,2021-22,2021-10-29,CHA,MIA,99,114,221.5,-7.0,240,-280,https://www.sportsbookreviewsonline.com/scoresoddsarchives/nba-odds-2021-22
sbr:2021-22:2021-10-29:CLE:LAL,2021-22,2021-10-29,CLE,LAL,101,113,221.5,-8.0,290,-350,https://www.sportsbookreviewsonline.com/scoresoddsarchives/nba-odds-2021-22
sbr:2021-22:2021-10-29:DAL:DEN,2021-22,2021-10-29,DAL,DEN,75,106,216.5,-4.0,145,-165,https://www.sportsbookreviewsonline.com/scoresoddsarchives/nba-odds-2021-22
sbr:2021-22:2021-10-29:IND:BKN,2021-22,2021-10-29,IND,BKN,98,105,223.0,-8.5,340,-410,https://www.sportsbookreviewsonline.com/scoresoddsarchives/nba-odds-2021-22
sbr:2021-22:2021-10-29:LAC:POR,2021-22,2021-10-29,LAC,POR,92,111,223.5,-3.5,140,-160,https://www.sportsbookreviewsonline.com/scoresoddsarchives/nba-odds-2021-22
sbr:2021-22:2021-10-29:ORL:TOR,2021-22,2021-10-29,ORL,TOR,109,110,206.5,-9.5,380,-460,https://www.sportsbookreviewsonline.com/scoresoddsarchives/nba-odds-2021-22
sbr:2021-22:2021-10-29:SAC:NOP,2021-22,2021-10-29,SAC,NOP,113,109,221.0,1.5,-120,100,https://www.sportsbookreviewsonline.com/scoresoddsarchives/nba-odds-2021-22
sbr:2021-22:2021-10-30:ATL:PHI,2021-22,2021-10-30,ATL,PHI,94,122,216.5,-3.5,145,-165,https://www.sportsbookreviewsonline.com/scoresoddsarchives/nba-odds-2021-22
sbr:2021-22:2021-10-30:CLE:PHX,2021-22,2021-10-30,CLE,PHX,92,101,216.0,-10.0,400,-500,https://www.sportsbookreviewsonline.com/scoresoddsarchives/nba-odds-2021-22
sbr:2021-22:2021-10-30:DEN:MIN,2021-22,2021-10-30,DEN,MIN,93,91,219.5,-1.5,105,-125,https://www.sportsbookreviewsonline.com/scoresoddsarchives/nba-odds-2021-22
sbr:2021-22:2021-10-30:MIA:MEM,2021-22,2021-10-30,MIA,MEM,129,103,215.0,-3.5,135,-155,https://www.sportsbookreviewsonline.com/scoresoddsarchives/nba-odds-2021-22
sbr:2021-22:2021-10-30:NYK:NOP,2021-22,2021-10-30,NYK,NOP,123,117,214.0,8.0,-360,300,https://www.sportsbookreviewsonline.com/scoresoddsarchives/nba-odds-2021-22
sbr:2021-22:2021-10-30:OKC:GSW,2021-22,2021-10-30,OKC,GSW,82,103,217.0,-12.5,600,-900,https://www.sportsbookreviewsonline.com/scoresoddsarchives/nba-odds-2021-22
sbr:2021-22:2021-10-30:ORL:DET,2021-22,2021-10-30,ORL,DET,103,110,207.5,-6.0,200,-240,https://www.sportsbookreviewsonline.com/scoresoddsarchives/nba-odds-2021-22
sbr:2021-22:2021-10-30:SAS:MIL,2021-22,2021-10-30,SAS,MIL,102,93,223.5,-7.0,240,-280,https://www.sportsbookreviewsonline.com/scoresoddsarchives/nba-odds-2021-22
sbr:2021-22:2021-10-30:TOR:IND,2021-22,2021-10-30,TOR,IND,97,94,212.0,-3.0,125,-145,https://www.sportsbookreviewsonline.com/scoresoddsarchives/nba-odds-2021-22
sbr:2021-22:2021-10-30:UTA:CHI,2021-22,2021-10-30,UTA,CHI,99,107,218.5,3.5,-160,140,https://www.sportsbookreviewsonline.com/scoresoddsarchives/nba-odds-2021-22
sbr:2021-22:2021-10-31:DET:BKN,2021-22,2021-10-31,DET,BKN,91,117,211.0,-12.0,600,-900,https://www.sportsbookreviewsonline.com/scoresoddsarchives/nba-odds-2021-22
sbr:2021-22:2021-10-31:HOU:LAL,2021-22,2021-10-31,HOU,LAL,85,95,224.5,-11.0,475,-650,https://www.sportsbookreviewsonline.com/scoresoddsarchives/nba-odds-2021-22
sbr:2021-22:2021-10-31:POR:CHA,2021-22,2021-10-31,POR,CHA,113,125,231.0,2.0,-125,105,https://www.sportsbookreviewsonline.com/scoresoddsarchives/nba-odds-2021-22
sbr:2021-22:2021-10-31:SAC:DAL,2021-22,2021-10-31,SAC,DAL,99,105,218.5,-4.5,165,-185,https://www.sportsbookreviewsonline.com/scoresoddsarchives/nba-odds-2021-22
sbr:2021-22:2021-11-01:CHI:BOS,2021-22,2021-11-01,CHI,BOS,128,114,215.5,-3.0,120,-140,https://www.sportsbookreviewsonline.com/scoresoddsarchives/nba-odds-2021-22
sbr:2021-22:2021-11-01:CLE:CHA,2021-22,2021-11-01,CLE,CHA,113,110,220.0,-5.0,180,-210,https://www.sportsbookreviewsonline.com/scoresoddsarchives/nba-odds-2021-22
sbr:2021-22:2021-11-01:DEN:MEM,2021-22,2021-11-01,DEN,MEM,97,106,215.5,-2.0,115,-135,https://www.sportsbookreviewsonline.com/scoresoddsarchives/nba-odds-2021-22
sbr:2021-22:2021-11-01:OKC:LAC,2021-22,2021-11-01,OKC,LAC,94,99,210.0,-12.5,550,-800,https://www.sportsbookreviewsonline.com/scoresoddsarchives/nba-odds-2021-22
sbr:2021-22:2021-11-01:ORL:MIN,2021-22,2021-11-01,ORL,MIN,115,97,217.0,-8.5,320,-380,https://www.sportsbookreviewsonline.com/scoresoddsarchives/nba-odds-2021-22
sbr:2021-22:2021-11-01:SAS:IND,2021-22,2021-11-01,SAS,IND,118,131,215.5,-2.5,120,-140,https://www.sportsbookreviewsonline.com/scoresoddsarchives/nba-odds-2021-22
sbr:2021-22:2021-11-01:TOR:NYK,2021-22,2021-11-01,TOR,NYK,113,104,209.0,-7.5,250,-300,https://www.sportsbookreviewsonline.com/scoresoddsarchives/nba-odds-2021-22
sbr:2021-22:2021-11-01:WAS:ATL,2021-22,2021-11-01,WAS,ATL,111,118,222.0,-5.5,175,-200,https://www.sportsbookreviewsonline.com/scoresoddsarchives/nba-odds-2021-22
sbr:2021-22:2021-11-02:HOU:LAL,2021-22,2021-11-02,HOU,LAL,117,119,219.5,-11.0,450,-600,https://www.sportsbookreviewsonline.com/scoresoddsarchives/nba-odds-2021-22
sbr:2021-22:2021-11-02:MIA:DAL,2021-22,2021-11-02,MIA,DAL,125,110,209.5,2.5,-140,120,https://www.sportsbookreviewsonline.com/scoresoddsarchives/nba-odds-2021-22
sbr:2021-22:2021-11-02:MIL:DET,2021-22,2021-11-02,MIL,DET,117,89,211.5,4.5,-180,160,https://www.sportsbookreviewsonline.com/scoresoddsarchives/nba-odds-2021-22
sbr:2021-22:2021-11-02:NOP:PHX,2021-22,2021-11-02,NOP,PHX,100,112,215.0,-10.0,375,-450,https://www.sportsbookreviewsonline.com/scoresoddsarchives/nba-odds-2021-22
sbr:2021-22:2021-11-02:SAC:UTA,2021-22,2021-11-02,SAC,UTA,113,119,223.5,-9.5,340,-410,https://www.sportsbookreviewsonline.com/scoresoddsarchives/nba-odds-2021-22
sbr:2021-22:2021-11-03:ATL:BKN,2021-22,2021-11-03,ATL,BKN,108,117,221.0,-4.5,165,-185,https://www.sportsbookreviewsonline.com/scoresoddsarchives/nba-odds-2021-22
sbr:2021-22:2021-11-03:BOS:ORL,2021-22,2021-11-03,BOS,ORL,92,79,212.5,7.0,-300,250,https://www.sportsbookreviewsonline.com/scoresoddsarchives/nba-odds-2021-22
sbr:2021-22:2021-11-03:CHA:GSW,2021-22,2021-11-03,CHA,GSW,92,114,226.5,-6.0,200,-240,https://www.sportsbookreviewsonline.com/scoresoddsarchives/nba-odds-2021-22
sbr:2021-22:2021-11-03:CHI:PHI,2021-22,2021-11-03,CHI,PHI,98,103,215.5,-2.5,120,-140,https://www.sportsbookreviewsonline.com/scoresoddsarchives/nba-odds-2021-22
sbr:2021-22:2021-11-03:DAL:SAS,2021-22,2021-11-03,DAL,SAS,109,108,217.0,2.0,-130,110,https://www.sportsbookreviewsonline.com/scoresoddsarchives/nba-odds-2021-22
sbr:2021-22:2021-11-03:NOP:SAC,2021-22,2021-11-03,NOP,SAC,99,112,219.0,-6.0,190,-220,https://www.sportsbookreviewsonline.com/scoresoddsarchives/nba-odds-2021-22
sbr:2021-22:2021-11-03:NYK:IND,2021-22,2021-11-03,NYK,IND,98,111,216.0,-1.0,-105,-115,https://www.sportsbookreviewsonline.com/scoresoddsarchives/nba-odds-2021-22
sbr:2021-22:2021-11-03:POR:CLE,2021-22,2021-11-03,POR,CLE,104,107,216.5,5.5,-210,180,https://www.sportsbookreviewsonline.com/scoresoddsarchives/nba-odds-2021-22
sbr:2021-22:2021-11-03:TOR:WAS,2021-22,2021-11-03,TOR,WAS,109,100,212.0,-3.5,140,-160,https://www.sportsbookreviewsonline.com/scoresoddsarchives/nba-odds-2021-22
sbr:2021-22:2021-11-04:BOS:MIA,2021-22,2021-11-04,BOS,MIA,95,78,213.5,-6.5,225,-265,https://www.sportsbookreviewsonline.com/scoresoddsarchives/nba-odds-2021-22
sbr:2021-22:2021-11-04:HOU:PHX,2021-22,2021-11-04,HOU,PHX,111,123,220.0,-11.5,500,-700,https://www.sportsbookreviewsonline.com/scoresoddsarchives/nba-odds-2021-22
sbr:2021-22:2021-11-04:OKC:LAL,2021-22,2021-11-04,OKC,LAL,107,104,214.0,-10.5,475,-650,https://www.sportsbookreviewsonline.com/scoresoddsarchives/nba-odds-2021-22
sbr:2021-22:2021-11-04:PHI:DET,2021-22,2021-11-04,PHI,DET,109,98,207.5,4.5,-190,170,https://www.sportsbookreviewsonline.com/scoresoddsarchives/nba-odds-2021-22
sbr:2021-22:2021-11-05:BKN:DET,2021-22,2021-11-05,BKN,DET,96,90,210.5,9.5,-500,400,https://www.sportsbookreviewsonline.com/scoresoddsarchives/nba-odds-2021-22
sbr:2021-22:2021-11-05:CHA:SAC,2021-22,2021-11-05,CHA,SAC,110,140,232.0,-2.0,115,-135,https://www.sportsbookreviewsonline.com/scoresoddsarchives/nba-odds-2021-22
sbr:2021-22:2021-11-05:CLE:TOR,2021-22,2021-11-05,CLE,TOR,102,101,204.0,-6.0,195,-230,https://www.sportsbookreviewsonline.com/scoresoddsarchives/nba-odds-2021-22
sbr:2021-22:2021-11-05:IND:POR,2021-22,2021-11-05,IND,POR,106,110,222.5,-6.0,180,-210,https://www.sportsbookreviewsonline.com/scoresoddsarchives/nba-odds-2021-22
sbr:2021-22:2021-11-05:LAC:MIN,2021-22,2021-11-05,LAC,MIN,104,84,215.5,2.5,-140,120,https://www.sportsbookreviewsonline.com/scoresoddsarchives/nba-odds-2021-22
sbr:2021-22:2021-11-05:MEM:WAS,2021-22,2021-11-05,MEM,WAS,87,115,220.5,-2.5,120,-140,https://www.sportsbookreviewsonline.com/scoresoddsarchives/nba-odds-2021-22
sbr:2021-22:2021-11-05:NYK:MIL,2021-22,2021-11-05,NYK,MIL,113,98,217.0,-3.5,145,-165,https://www.sportsbookreviewsonline.com/scoresoddsarchives/nba-odds-2021-22
sbr:2021-22:2021-11-05:SAS:ORL,2021-22,2021-11-05,SAS,ORL,102,89,213.0,4.0,-170,150,https://www.sportsbookreviewsonline.com/scoresoddsarchives/nba-odds-2021-22
sbr:2021-22:2021-11-06:ATL:PHX,2021-22,2021-11-06,ATL,PHX,117,121,222.0,-3.0,145,-165,https://www.sportsbookreviewsonline.com/scoresoddsarchives/nba-odds-2021-22
sbr:2021-22:2021-11-06:BOS:DAL,2021-22,2021-11-06,BOS,DAL,104,107,211.0,-3.5,140,-160,https://www.sportsbookreviewsonline.com/scoresoddsarchives/nba-odds-2021-22
sbr:2021-22:2021-11-06:HOU:DEN,2021-22,2021-11-06,HOU,DEN,94,95,215.0,-11.5,500,-700,https://www.sportsbookreviewsonline.com/scoresoddsarchives/nba-odds-2021-22
sbr:2021-22:2021-11-06:LAL:POR,2021-22,2021-11-06,LAL,POR,90,105,223.5,-5.5,180,-205,https://www.sportsbookreviewsonline.com/scoresoddsarchives/nba-odds-2021-22
sbr:2021-22:2021-11-06:PHI:CHI,2021-22,2021-11-06,PHI,CHI,114,105,215.0,-4.0,150,-170,https://www.sportsbookreviewsonline.com/scoresoddsarchives/nba-odds-2021-22
sbr:2021-22:2021-11-06:UTA:MIA,2021-22,2021-11-06,UTA,MIA,115,118,212.0,0.0,-110,-110,https://www.sportsbookreviewsonline.com/scoresoddsarchives/nba-odds-2021-22
sbr:2021-22:2021-11-07:BKN:TOR,2021-22,2021-11-07,BKN,TOR,116,103,210.0,3.5,-155,135,https://www.sportsbookreviewsonline.com/scoresoddsarchives/nba-odds-2021-22
sbr:2021-22:2021-11-07:CHA:LAC,2021-22,2021-11-07,CHA,LAC,106,120,224.5,-6.0,210,-250,https://www.sportsbookreviewsonline.com/scoresoddsarchives/nba-odds-2021-22
sbr:2021-22:2021-11-07:CLE:NYK,2021-22,2021-11-07,CLE,NYK,126,109,207.5,-7.5,260,-310,https://www.sportsbookreviewsonline.com/scoresoddsarchives/nba-odds-2021-22
sbr:2021-22:2021-11-07:HOU:GSW,2021-22,2021-11-07,HOU,GSW,107,120,218.5,-13.0,650,-1000,https://www.sportsbookreviewsonline.com/scoresoddsarchives/nba-odds-2021-22
sbr:2021-22:2021-11-07:IND:SAC,2021-22,2021-11-07,IND,SAC,94,91,225.0,-2.5,120,-140,https://www.sportsbookreviewsonline.com/scoresoddsarchives/nba-odds-2021-22
sbr:2021-22:2021-11-07:MIL:WAS,2021-22,2021-11-07,MIL,WAS,94,101,219.5,1.0,-115,-105,https://www.sportsbookreviewsonline.com/scoresoddsarchives/nba-odds-2021-22
sbr:2021-22:2021-11-07:SAS:OKC,2021-22,2021-11-07,SAS,OKC,94,99,213.5,3.5,-165,145,https://www.sportsbookreviewsonline.com/scoresoddsarchives/nba-odds-2021-22
sbr:2021-22:2021-11-07:UTA:ORL,2021-22,2021-11-07,UTA,ORL,100,107,211.0,11.0,-700,500,https://www.sportsbookreviewsonline.com/scoresoddsarchives/nba-odds-2021-22
sbr:2021-22:2021-11-08:ATL:GSW,2021-22,2021-11-08,ATL,GSW,113,127,222.0,-3.5,140,-160,https://www.sportsbookreviewsonline.com/scoresoddsarchives/nba-odds-2021-22
sbr:2021-22:2021-11-08:BKN:CHI,2021-22,2021-11-08,BKN,CHI,95,118,216.5,0.0,100,-120,https://www.sportsbookreviewsonline.com/scoresoddsarchives/nba-odds-2021-22
sbr:2021-22:2021-11-08:NOP:DAL,2021-22,2021-11-08,NOP,DAL,92,108,210.5,-9.0,330,-400,https://www.sportsbookreviewsonline.com/scoresoddsarchives/nba-odds-2021-22
sbr:2021-22:2021-11-08:PHX:SAC,2021-22,2021-11-08,PHX,SAC,109,104,224.0,3.5,-155,135,https://www.sportsbookreviewsonline.com/scoresoddsarchives/nba-odds-2021-22
sbr:2021-22:2021-11-09:MIL:PHI,2021-22,2021-11-09,MIL,PHI,118,109,215.0,6.5,-280,240,https://www.sportsbookreviewsonline.com/scoresoddsarchives/nba-odds-2021-22
sbr:2021-22:2021-11-09:POR:LAC,2021-22,2021-11-09,POR,LAC,109,117,220.0,-3.0,125,-145,https://www.sportsbookreviewsonline.com/scoresoddsarchives/nba-odds-2021-22
sbr:2021-22:2021-11-10:BKN:ORL,2021-22,2021-11-10,BKN,ORL,123,90,211.0,10.0,-500,400,https://www.sportsbookreviewsonline.com/scoresoddsarchives/nba-odds-2021-22
sbr:2021-22:2021-11-10:CHA:MEM,2021-22,2021-11-10,CHA,MEM,118,108,228.0,-4.5,170,-190,https://www.sportsbookreviewsonline.com/scoresoddsarchives/nba-odds-2021-22
sbr:2021-22:2021-11-10:DAL:CHI,2021-22,2021-11-10,DAL,CHI,107,117,215.0,-3.5,145,-165,https://www.sportsbookreviewsonline.com/scoresoddsarchives/nba-odds-2021-22
sbr:2021-22:2021-11-10:DET:HOU,2021-22,2021-11-10,DET,HOU,112,104,211.5,-2.5,120,-140,https://www.sportsbookreviewsonline.com/scoresoddsarchives/nba-odds-2021-22
sbr:2021-22:2021-11-10:IND:DEN,2021-22,2021-11-10,IND,DEN,98,101,205.0,3.0,-150,130,https://www.sportsbookreviewsonline.com/scoresoddsarchives/nba-odds-2021-22
sbr:2021-22:2021-11-10:MIL:NYK,2021-22,2021-11-10,MIL,NYK,112,100,216.0,-3.5,140,-160,https://www.sportsbookreviewsonline.com/scoresoddsarchives/nba-odds-2021-22
sbr:2021-22:2021-11-10:MIN:GSW,2021-22,2021-11-10,MIN,GSW,110,123,222.5,-7.5,265,-320,https://www.sportsbookreviewsonline.com/scoresoddsarchives/nba-odds-2021-22
sbr:2021-22:2021-11-10:OKC:NOP,2021-22,2021-11-10,OKC,NOP,108,100,208.5,-4.0,160,-180,https://www.sportsbookreviewsonline.com/scoresoddsarchives/nba-odds-2021-22
sbr:2021-22:2021-11-10:POR:PHX,2021-22,2021-11-10,POR,PHX,109,119,225.0,-5.0,180,-210,https://www.sportsbookreviewsonline.com/scoresoddsarchives/nba-odds-2021-22
sbr:2021-22:2021-11-10:SAC:SAS,2021-22,2021-11-10,SAC,SAS,117,136,222.5,-1.0,-105,-115,https://www.sportsbookreviewsonline.com/scoresoddsarchives/nba-odds-2021-22
sbr:2021-22:2021-11-10:TOR:BOS,2021-22,2021-11-10,TOR,BOS,88,104,206.0,-3.0,145,-165,https://www.sportsbookreviewsonline.com/scoresoddsarchives/nba-odds-2021-22
sbr:2021-22:2021-11-10:WAS:CLE,2021-22,2021-11-10,WAS,CLE,97,94,208.5,3.5,-160,140,https://www.sportsbookreviewsonline.com/scoresoddsarchives/nba-odds-2021-22
sbr:2021-22:2021-11-11:IND:UTA,2021-22,2021-11-11,IND,UTA,111,100,215.0,-10.5,425,-550,https://www.sportsbookreviewsonline.com/scoresoddsarchives/nba-odds-2021-22
sbr:2021-22:2021-11-11:MIA:LAC,2021-22,2021-11-11,MIA,LAC,109,112,211.5,-5.5,190,-220,https://www.sportsbookreviewsonline.com/scoresoddsarchives/nba-odds-2021-22
sbr:2021-22:2021-11-11:TOR:PHI,2021-22,2021-11-11,TOR,PHI,115,109,212.0,-4.0,155,-175,https://www.sportsbookreviewsonline.com/scoresoddsarchives/nba-odds-2021-22
sbr:2021-22:2021-11-12:ATL:DEN,2021-22,2021-11-12,ATL,DEN,96,105,214.5,-3.0,140,-160,https://www.sportsbookreviewsonline.com/scoresoddsarchives/nba-odds-2021-22
sbr:2021-22:2021-11-12:BKN:NOP,2021-22,2021-11-12,BKN,NOP,120,112,214.5,9.5,-430,360,https://www.sportsbookreviewsonline.com/scoresoddsarchives/nba-odds-2021-22
sbr:2021-22:2021-11-12:CHI:GSW,2021-22,2021-11-12,CHI,GSW,93,119,222.0,-5.5,190,-220,https://www.sportsbookreviewsonline.com/scoresoddsarchives/nba-odds-2021-22
sbr:2021-22:2021-11-12:DAL:SAS,2021-22,2021-11-12,DAL,SAS,123,109,220.0,2.5,-145,125,https://www.sportsbookreviewsonline.com/scoresoddsarchives/nba-odds-2021-22
sbr:2021-22:2021-11-12:DET:CLE,2021-22,2021-11-12,DET,CLE,78,98,200.0,-4.5,165,-185,https://www.sportsbookreviewsonline.com/scoresoddsarchives/nba-odds-2021-22
sbr:2021-22:2021-11-12:MIN:LAL,2021-22,2021-11-12,MIN,LAL,107,83,223.5,0.0,105,-125,https://www.sportsbookreviewsonline.com/scoresoddsarchives/nba-odds-2021-22
sbr:2021-22:2021-11-12:POR:HOU,2021-22,2021-11-12,POR,HOU,104,92,222.5,7.0,-300,250,https://www.sportsbookreviewsonline.com/scoresoddsarchives/nba-odds-2021-22
sbr:2021-22:2021-11-12:SAC:OKC,2021-22,2021-11-12,SAC,OKC,103,105,218.5,5.0,-200,175,https://www.sportsbookreviewsonline.com/scoresoddsarchives/nba-odds-2021-22
sbr:2021-22:2021-11-13:DET:TOR,2021-22,2021-11-13,DET,TOR,127,121,203.0,-7.5,280,-340,https://www.sportsbookreviewsonline.com/scoresoddsarchives/nba-odds-2021-22
sbr:2021-22:2021-11-13:MIA:UTA,2021-22,2021-11-13,MIA,UTA,111,105,212.0,-9.0,290,-350,https://www.sportsbookreviewsonline.com/scoresoddsarchives/nba-odds-2021-22
sbr:2021-22:2021-11-13:MIN:LAC,2021-22,2021-11-13,MIN,LAC,102,129,221.0,-7.0,235,-275,https://www.sportsbookreviewsonline.com/scoresoddsarchives/nba-odds-2021-22
sbr:2021-22:2021-11-13:PHI:IND,2021-22,2021-11-13,PHI,IND,113,118,214.0,-4.5,160,-180,https://www.sportsbookreviewsonline.com/scoresoddsarchives/nba-odds-2021-22
sbr:2021-22:2021-11-13:WAS:ORL,2021-22,2021-11-13,WAS,ORL,104,92,203.0,5.0,-210,180,https://www.sportsbookreviewsonline.com/scoresoddsarchives/nba-odds-2021-22
sbr:2021-22:2021-11-14:BKN:OKC,2021-22,2021-11-14,BKN,OKC,120,96,215.5,9.0,-400,330,https://www.sportsbookreviewsonline.com/scoresoddsarchives/nba-odds-2021-22
sbr:2021-22:2021-11-14:CHI:LAC,2021-22,2021-11-14,CHI,LAC,100,90,219.0,-3.5,145,-165,https://www.sportsbookreviewsonline.com/scoresoddsarchives/nba-odds-2021-22
sbr:2021-22:2021-11-14:GSW:CHA,2021-22,2021-11-14,GSW,CHA,102,106,227.5,5.5,-210,180,https://www.sportsbookreviewsonline.com/scoresoddsarchives/nba-odds-2021-22
sbr:2021-22:2021-11-14:MIL:ATL,2021-22,2021-11-14,MIL,ATL,100,120,224.0,-2.0,110,-130,https://www.sportsbookreviewsonline.com/scoresoddsarchives/nba-odds-2021-22
sbr:2021-22:2021-11-14:PHX:HOU,2021-22,2021-11-14,PHX,HOU,115,89,221.5,8.5,-380,320,https://www.sportsbookreviewsonline.com/scoresoddsarchives/nba-odds-2021-22
sbr:2021-22:2021-11-14:POR:DEN,2021-22,2021-11-14,POR,DEN,95,124,208.0,-6.0,210,-250,https://www.sportsbookreviewsonline.com/scoresoddsarchives/nba-odds-2021-22
sbr:2021-22:2021-11-14:SAS:LAL,2021-22,2021-11-14,SAS,LAL,106,114,219.5,-2.0,120,-140,https://www.sportsbookreviewsonline.com/scoresoddsarchives/nba-odds-2021-22
sbr:2021-22:2021-11-15:BOS:CLE,2021-22,2021-11-15,BOS,CLE,98,92,199.0,4.0,-170,150,https://www.sportsbookreviewsonline.com/scoresoddsarchives/nba-odds-2021-22
sbr:2021-22:2021-11-15:DEN:DAL,2021-22,2021-11-15,DEN,DAL,101,111,209.0,-5.5,180,-210,https://www.sportsbookreviewsonline.com/scoresoddsarchives/nba-odds-2021-22
sbr:2021-22:2021-11-15:HOU:MEM,2021-22,2021-11-15,HOU,MEM,102,136,219.0,-11.5,525,-750,https://www.sportsbookreviewsonline.com/scoresoddsarchives/nba-odds-2021-22
sbr:2021-22:2021-11-15:IND:NYK,2021-22,2021-11-15,IND,NYK,84,92,211.0,-3.0,130,-150,https://www.sportsbookreviewsonline.com/scoresoddsarchives/nba-odds-2021-22
sbr:2021-22:2021-11-15:MIA:OKC,2021-22,2021-11-15,MIA,OKC,103,90,207.0,6.5,-265,225,https://www.sportsbookreviewsonline.com/scoresoddsarchives/nba-odds-2021-22
sbr:2021-22:2021-11-15:NOP:WAS,2021-22,2021-11-15,NOP,WAS,100,105,208.5,-4.5,150,-170,https://www.sportsbookreviewsonline.com/scoresoddsarchives/nba-odds-2021-22
sbr:2021-22:2021-11-15:ORL:ATL,2021-22,2021-11-15,ORL,ATL,111,129,215.0,-10.5,450,-600,https://www.sportsbookreviewsonline.com/scoresoddsarchives/nba-odds-2021-22
sbr:2021-22:2021-11-15:PHX:MIN,2021-22,2021-11-15,PHX,MIN,99,96,222.0,4.0,-170,150,https://www.sportsbookreviewsonline.com/scoresoddsarchives/nba-odds-2021-22
sbr:2021-22:2021-11-15:SAC:DET,2021-22,2021-11-15,SAC,DET,129,107,214.0,4.0,-180,160,https://www.sportsbookreviewsonline.com/scoresoddsarchives/nba-odds-2021-22
sbr:2021-22:2021-11-15:TOR:POR,2021-22,2021-11-15,TOR,POR,113,118,216.5,-3.0,130,-150,https://www.sportsbookreviewsonline.com/scoresoddsarchives/nba-odds-2021-22
sbr:2021-22:2021-11-16:GSW:BKN,2021-22,2021-11-16,GSW,BKN,117,99,223.5,-2.5,125,-145,https://www.sportsbookreviewsonline.com/scoresoddsarchives/nba-odds-2021-22
sbr:2021-22:2021-11-16:PHI:UTA,2021-22,2021-11-16,PHI,UTA,85,120,216.5,-11.5,450,-600,https://www.sportsbookreviewsonline.com/scoresoddsarchives/nba-odds-2021-22
sbr:2021-22:2021-11-16:SAS:LAC,2021-22,2021-11-16,SAS,LAC,92,106,221.5,-8.0,250,-300,https://www.sportsbookreviewsonline.com/scoresoddsarchives/nba-odds-2021-22
sbr:2021-22:2021-11-17:BOS:ATL,2021-22,2021-11-17,BOS,ATL,99,110,216.5,-5.0,175,-200,https://www.sportsbookreviewsonline.com/scoresoddsarchives/nba-odds-2021-22
sbr:2021-22:2021-11-17:CHI:POR,2021-22,2021-11-17,CHI,POR,107,112,221.5,-3.5,140,-160,https://www.sportsbookreviewsonline.com/scoresoddsarchives/nba-odds-2021-22
sbr:2021-22:2021-11-17:CLE:BKN,2021-22,2021-11-17,CLE,BKN,99,109,206.5,-9.5,450,-600,https://www.sportsbookreviewsonline.com/scoresoddsarchives/nba-odds-2021-22
sbr:2021-22:2021-11-17:DAL:PHX,2021-22,2021-11-17,DAL,PHX,98,105,212.0,-8.0,300,-360,https://www.sportsbookreviewsonline.com/scoresoddsarchives/nba-odds-2021-22
sbr:2021-22:2021-11-17:HOU:OKC,2021-22,2021-11-17,HOU,OKC,89,101,214.5,-3.0,130,-150,https://www.sportsbookreviewsonline.com/scoresoddsarchives/nba-odds-2021-22
sbr:2021-22:2021-11-17:IND:DET,2021-22,2021-11-17,IND,DET,89,97,206.0,6.5,-265,225,https://www.sportsbookreviewsonline.com/scoresoddsarchives/nba-odds-2021-22
sbr:2021-22:2021-11-17:LAL:MIL,2021-22,2021-11-17,LAL,MIL,102,109,223.0,-9.0,350,-420,https://www.sportsbookreviewsonline.com/scoresoddsarchives/nba-odds-2021-22
sbr:2021-22:2021-11-17:NOP:MIA,2021-22,2021-11-17,NOP,MIA,98,113,210.5,-6.5,235,-275,https://www.sportsbookreviewsonline.com/scoresoddsarchives/nba-odds-2021-22
sbr:2021-22:2021-11-17:ORL:NYK,2021-22,2021-11-17,ORL,NYK,104,98,207.0,-11.5,525,-750,https://www.sportsbookreviewsonline.com/scoresoddsarchives/nba-odds-2021-22
sbr:2021-22:2021-11-17:SAC:MIN,2021-22,2021-11-17,SAC,MIN,97,107,228.0,-2.5,125,-145,https://www.sportsbookreviewsonline.com/scoresoddsarchives/nba-odds-2021-22
sbr:2021-22:2021-11-17:WAS:CHA,2021-22,2021-11-17,WAS,CHA,87,97,220.5,-1.0,100,-120,https://www.sportsbookreviewsonline.com/scoresoddsarchives/nba-odds-2021-22
sbr:2021-22:2021-11-18:GSW:CLE,2021-22,2021-11-18,GSW,CLE,104,89,208.5,10.0,-500,400,https://www.sportsbookreviewsonline.com/scoresoddsarchives/nba-odds-2021-22
sbr:2021-22:2021-11-18:LAC:MEM,2021-22,2021-11-18,LAC,MEM,108,120,220.5,0.0,-110,-110,https://www.sportsbookreviewsonline.com/scoresoddsarchives/nba-odds-2021-22
sbr:2021-22:2021-11-18:PHI:DEN,2021-22,2021-11-18,PHI,DEN,103,89,209.0,-7.5,265,-320,https://www.sportsbookreviewsonline.com/scoresoddsarchives/nba-odds-2021-22
sbr:2021-22:2021-11-18:SAS:MIN,2021-22,2021-11-18,SAS,MIN,90,115,220.0,-2.0,110,-130,https://www.sportsbookreviewsonline.com/scoresoddsarchives/nba-odds-2021-22
sbr:2021-22:2021-11-18:TOR:UTA,2021-22,2021-11-18,TOR,UTA,103,119,214.5,-10.0,400,-500,https://www.sportsbookreviewsonline.com/scoresoddsarchives/nba-odds-2021-22
sbr:2021-22:2021-11-18:WAS:MIA,2021-22,2021-11-18,WAS,MIA,97,112,206.5,-6.5,225,-265,https://www.sportsbookreviewsonline.com/scoresoddsarchives/nba-odds-2021-22
sbr:2021-22:2021-11-19:DAL:PHX,2021-22,2021-11-19,DAL,PHX,104,112,211.0,-8.5,290,-350,https://www.sportsbookreviewsonline.com/scoresoddsarchives/nba-odds-2021-22
sbr:2021-22:2021-11-19:LAC:NOP,2021-22,2021-11-19,LAC,NOP,81,94,214.5,4.5,-175,155,https://www.sportsbookreviewsonline.com/scoresoddsarchives/nba-odds-2021-22
sbr:2021-22:2021-11-19:LAL:BOS,2021-22,2021-11-19,LAL,BOS,108,130,213.0,-1.0,-110,-110,https://www.sportsbookreviewsonline.com/scoresoddsarchives/nba-odds-2021-22
sbr:2021-22:2021-11-19:OKC:MIL,2021-22,2021-11-19,OKC,MIL,89,96,215.5,-12.5,650,-1000,https://www.sportsbookreviewsonline.com/scoresoddsarchives/nba-odds-2021-22
sbr:2021-22:2021-11-19:ORL:BKN,2021-22,2021-11-19,ORL,BKN,113,115,209.0,-9.5,400,-500,https://www.sportsbookreviewsonline.com/scoresoddsarchives/nba-odds-2021-22
sbr:2021-22:2021-11-19:TOR:SAC,2021-22,2021-11-19,TOR,SAC,108,89,221.0,-3.5,145,-165,https://www.sportsbookreviewsonline.com/scoresoddsarchives/nba-odds-2021-22
sbr:2021-22:2021-11-20:CHA:ATL,2021-22,2021-11-20,CHA,ATL,105,115,226.5,-7.5,250,-300,https://www.sportsbookreviewsonline.com/scoresoddsarchives/nba-odds-2021-22
sbr:2021-22:2021-11-20:HOU:NYK,2021-22,2021-11-20,HOU,NYK,99,106,213.5,-11.0,425,-550,https://www.sportsbookreviewsonline.com/scoresoddsarchives/nba-odds-2021-22
sbr:2021-22:2021-11-20:MIA:WAS,2021-22,2021-11-20,MIA,WAS,100,103,207.0,2.0,-135,115,https://www.sportsbookreviewsonline.com/scoresoddsarchives/nba-odds-2021-22
sbr:2021-22:2021-11-20:NOP:IND,2021-22,2021-11-20,NOP,IND,94,111,206.5,-7.5,260,-310,https://www.sportsbookreviewsonline.com/scoresoddsarchives/nba-odds-2021-22
sbr:2021-22:2021-11-20:OKC:BOS,2021-22,2021-11-20,OKC,BOS,105,111,205.0,-9.5,375,-450,https://www.sportsbookreviewsonline.com/scoresoddsarchives/nba-odds-2021-22
sbr:2021-22:2021-11-20:ORL:MIL,2021-22,2021-11-20,ORL,MIL,108,117,215.5,-12.5,575,-850,https://www.sportsbookreviewsonline.com/scoresoddsarchives/nba-odds-2021-22
sbr:2021-22:2021-11-20:PHI:POR,2021-22,2021-11-20,PHI,POR,111,118,217.0,-7.5,245,-290,https://www.sportsbookreviewsonline.com/scoresoddsarchives/nba-odds-2021-22
sbr:2021-22:2021-11-20:UTA:SAC,2021-22,2021-11-20,UTA,SAC,123,105,221.0,7.5,-330,270,https://www.sportsbookreviewsonline.com/scoresoddsarchives/nba-odds-2021-22
sbr:2021-22:2021-11-21:DAL:LAC,2021-22,2021-11-21,DAL,LAC,91,97,209.0,-5.5,185,-215,https://www.sportsbookreviewsonline.com/scoresoddsarchives/nba-odds-2021-22
sbr:2021-22:2021-11-21:DEN:PHX,2021-22,2021-11-21,DEN,PHX,97,126,208.5,-11.0,400,-500,https://www.sportsbookreviewsonline.com/scoresoddsarchives/nba-odds-2021-22
sbr:2021-22:2021-11-21:LAL:DET,2021-22,2021-11-21,LAL,DET,121,116,213.0,7.0,-300,250,https://www.sportsbookreviewsonline.com/scoresoddsarchives/nba-odds-2021-22
sbr:2021-22:2021-11-21:NYK:CHI,2021-22,2021-11-21,NYK,CHI,103,109,213.0,-5.5,180,-210,https://www.sportsbookreviewsonline.com/scoresoddsarchives/nba-odds-2021-22
sbr:2021-22:2021-11-21:TOR:GSW,2021-22,2021-11-21,TOR,GSW,104,119,217.0,-9.0,330,-400,https://www.sportsbookreviewsonline.com/scoresoddsarchives/nba-odds-2021-22
sbr:2021-22:2021-11-22:BKN:CLE,2021-22,2021-11-22,BKN,CLE,117,112,208.5,5.5,-220,190,https://www.sportsbookreviewsonline.com/scoresoddsarchives/nba-odds-2021-22
sbr:2021-22:2021-11-22:CHA:WAS,2021-22,2021-11-22,CHA,WAS,109,103,216.0,-4.5,160,-180,https://www.sportsbookreviewsonline.com/scoresoddsarchives/nba-odds-2021-22
sbr:2021-22:2021-11-22:HOU:BOS,2021-22,2021-11-22,HOU,BOS,90,108,213.5,-12.0,500,-700,https://www.sportsbookreviewsonline.com/scoresoddsarchives/nba-odds-2021-22
sbr:2021-22:2021-11-22:IND:CHI,2021-22,2021-11-22,IND,CHI,109,77,216.5,-1.5,105,-125,https://www.sportsbookreviewsonline.com/scoresoddsarchives/nba-odds-2021-22
sbr:2021-22:2021-11-22:MEM:UTA,2021-22,2021-11-22,MEM,UTA,119,118,221.5,-11.0,400,-500,https://www.sportsbookreviewsonline.com/scoresoddsarchives/nba-odds-2021-22
sbr:2021-22:2021-11-22:MIN:NOP,2021-22,2021-11-22,MIN,NOP,110,96,214.0,3.5,-155,135,https://www.sportsbookreviewsonline.com/scoresoddsarchives/nba-odds-2021-22
sbr:2021-22:2021-11-22:OKC:ATL,2021-22,2021-11-22,OKC,ATL,101,113,212.0,-13.5,600,-900,https://www.sportsbookreviewsonline.com/scoresoddsarchives/nba-odds-2021-22
sbr:2021-22:2021-11-22:ORL:MIL,2021-22,2021-11-22,ORL,MIL,92,123,218.5,-13.0,800,-1400,https://www.sportsbookreviewsonline.com/scoresoddsarchives/nba-odds-2021-22
sbr:2021-22:2021-11-22:PHI:SAC,2021-22,2021-11-22,PHI,SAC,102,94,220.5,-5.0,175,-200,https://www.sportsbookreviewsonline.com/scoresoddsarchives/nba-odds-2021-22
sbr:2021-22:2021-11-22:PHX:SAS,2021-22,2021-11-22,PHX,SAS,115,111,220.0,5.5,-210,180,https://www.sportsbookreviewsonline.com/scoresoddsarchives/nba-odds-2021-22
sbr:2021-22:2021-11-23:DEN:POR,2021-22,2021-11-23,DEN,POR,100,119,212.5,-10.0,350,-420,https://www.sportsbookreviewsonline.com/scoresoddsarchives/nba-odds-2021-22
sbr:2021-22:2021-11-23:LAL:NYK,2021-22,2021-11-23,LAL,NYK,100,106,214.5,-4.5,165,-185,https://www.sportsbookreviewsonline.com/scoresoddsarchives/nba-odds-2021-22
sbr:2021-22:2021-11-23:MIA:DET,2021-22,2021-11-23,MIA,DET,100,92,208.5,10.5,-600,450,https://www.sportsbookreviewsonline.com/scoresoddsarchives/nba-odds-2021-22
sbr:2021-22:2021-11-24:ATL:SAS,2021-22,2021-11-24,ATL,SAS,124,106,222.5,3.5,-165,145,https://www.sportsbookreviewsonline.com/scoresoddsarchives/nba-odds-2021-22
sbr:2021-22:2021-11-24:BKN:BOS,2021-22,2021-11-24,BKN,BOS,123,104,217.5,-1.5,105,-125,https://www.sportsbookreviewsonline.com/scoresoddsarchives/nba-odds-2021-22
sbr:2021-22:2021-11-24:CHA:ORL,2021-22,2021-11-24,CHA,ORL,106,99,219.0,8.0,-340,280,https://www.sportsbookreviewsonline.com/scoresoddsarchives/nba-odds-2021-22
sbr:2021-22:2021-11-24:CHI:HOU,2021-22,2021-11-24,CHI,HOU,113,118,217.5,9.5,-500,400,https://www.sportsbookreviewsonline.com/scoresoddsarchives/nba-odds-2021-22
sbr:2021-22:2021-11-24:DET:MIL,2021-22,2021-11-24,DET,MIL,93,114,213.0,-15.0,900,-1600,https://www.sportsbookreviewsonline.com/scoresoddsarchives/nba-odds-2021-22
sbr:2021-22:2021-11-24:MIA:MIN,2021-22,2021-11-24,MIA,MIN,101,113,213.5,-1.0,-110,-110,https://www.sportsbookreviewsonline.com/scoresoddsarchives/nba-odds-2021-22
sbr:2021-22:2021-11-24:PHI:GSW,2021-22,2021-11-24,PHI,GSW,96,116,216.5,-10.0,400,-500,https://www.sportsbookreviewsonline.com/scoresoddsarchives/nba-odds-2021-22
sbr:2021-22:2021-11-24:PHX:CLE,2021-22,2021-11-24,PHX,CLE,120,115,211.5,7.0,-300,250,https://www.sportsbookreviewsonline.com/scoresoddsarchives/nba-odds-2021-22
sbr:2021-22:2021-11-24:POR:SAC,2021-22,2021-11-24,POR,SAC,121,125,225.5,3.5,-160,140,https://www.sportsbookreviewsonline.com/scoresoddsarchives/nba-odds-2021-22
sbr:2021-22:2021-11-24:TOR:MEM,2021-22,2021-11-24,TOR,MEM,126,113,218.0,-3.5,135,-155,https://www.sportsbookreviewsonline.com/scoresoddsarchives/nba-odds-2021-22
sbr:2021-22:2021-11-24:UTA:OKC,2021-22,2021-11-24,UTA,OKC,110,104,208.0,14.0,-1200,750,https://www.sportsbookreviewsonline.com/scoresoddsarchives/nba-odds-2021-22
sbr:2021-22:2021-11-24:WAS:NOP,2021-22,2021-11-24,WAS,NOP,102,127,211.0,3.5,-165,145,https://www.sportsbookreviewsonline.com/scoresoddsarchives/nba-odds-2021-22
sbr:2021-22:2021-11-26:BOS:SAS,2021-22,2021-11-26,BOS,SAS,88,96,213.5,4.5,-180,160,https://www.sportsbookreviewsonline.com/scoresoddsarchives/nba-odds-2021-22
sbr:2021-22:2021-11-26:CHI:ORL,2021-22,2021-11-26,CHI,ORL,123,88,212.5,9.5,-450,375,https://www.sportsbookreviewsonline.com/scoresoddsarchives/nba-odds-2021-22
sbr:2021-22:2021-11-26:DET:LAC,2021-22,2021-11-26,DET,LAC,96,107,205.5,-11.5,525,-750,https://www.sportsbookreviewsonline.com/scoresoddsarchives/nba-odds-2021-22
sbr:2021-22:2021-11-26:MIL:DEN,2021-22,2021-11-26,MIL,DEN,120,109,215.5,6.5,-245,205,https://www.sportsbookreviewsonline.com/scoresoddsarchives/nba-odds-2021-22
sbr:2021-22:2021-11-26:MIN:CHA,2021-22,2021-11-26,MIN,CHA,115,133,226.5,-2.0,110,-130,https://www.sportsbookreviewsonline.com/scoresoddsarchives/nba-odds-2021-22
sbr:2021-22:2021-11-26:NOP:UTA,2021-22,2021-11-26,NOP,UTA,98,97,218.5,-13.5,650,-1000,https://www.sportsbookreviewsonline.com/scoresoddsarchives/nba-odds-2021-22
sbr:2021-22:2021-11-26:PHX:NYK,2021-22,2021-11-26,PHX,NYK,118,97,214.0,4.0,-165,145,https://www.sportsbookreviewsonline.com/scoresoddsarchives/nba-odds-2021-22
sbr:2021-22:2021-11-26:POR:GSW,2021-22,2021-11-26,POR,GSW,103,118,225.0,-6.0,200,-240,https://www.sportsbookreviewsonline.com/scoresoddsarchives/nba-odds-2021-22
sbr:2021-22:2021-11-26:TOR:IND,2021-22,2021-11-26,TOR,IND,97,114,209.0,-5.0,170,-190,https://www.sportsbookreviewsonline.com/scoresoddsarchives/nba-odds-2021-22
sbr:2021-22:2021-11-26:WAS:OKC,2021-22,2021-11-26,WAS,OKC,101,99,209.5,6.0,-275,235,https://www.sportsbookreviewsonline.com/scoresoddsarchives/nba-odds-2021-22
sbr:2021-22:2021-11-27:MIA:CHI,2021-22,2021-11-27,MIA,CHI,107,104,209.5,-1.0,-105,-115,https://www.sportsbookreviewsonline.com/scoresoddsarchives/nba-odds-2021-22
sbr:2021-22:2021-11-27:NOP:UTA,2021-22,2021-11-27,NOP,UTA,105,127,215.0,-12.5,650,-1000,https://www.sportsbookreviewsonline.com/scoresoddsarchives/nba-odds-2021-22
sbr:2021-22:2021-11-27:NYK:ATL,2021-22,2021-11-27,NYK,ATL,99,90,217.0,-8.0,270,-340,https://www.sportsbookreviewsonline.com/scoresoddsarchives/nba-odds-2021-22
sbr:2021-22:2021-11-27:ORL:CLE,2021-22,2021-11-27,ORL,CLE,92,105,204.5,-10.0,375,-500,https://www.sportsbookreviewsonline.com/scoresoddsarchives/nba-odds-2021-22
sbr:2021-22:2021-11-27:PHX:BKN,2021-22,2021-11-27,PHX,BKN,113,107,226.0,-1.5,110,-130,https://www.sportsbookreviewsonline.com/scoresoddsarchives/nba-odds-2021-22
sbr:2021-22:2021-11-27:WAS:DAL,2021-22,2021-11-27,WAS,DAL,120,114,213.0,-6.5,210,-250,https://www.sportsbookreviewsonline.com/scoresoddsarchives/nba-odds-2021-22
sbr:2021-22:2021-11-28:DET:LAL,2021-22,2021-11-28,DET,LAL,106,110,214.5,-10.5,400,-525,https://www.sportsbookreviewsonline.com/scoresoddsarchives/nba-odds-2021-22
sbr:2021-22:2021-11-28:GSW:LAC,2021-22,2021-11-28,GSW,LAC,105,90,215.5,2.5,-140,120,https://www.sportsbookreviewsonline.com/scoresoddsarchives/nba-odds-2021-22
sbr:2021-22:2021-11-28:MIL:IND,2021-22,2021-11-28,MIL,IND,118,100,216.5,2.0,-135,115,https://www.sportsbookreviewsonline.com/scoresoddsarchives/nba-odds-2021-22
sbr:2021-22:2021-11-29:CHA:CHI,2021-22,2021-11-29,CHA,CHI,119,133,224.5,-5.5,175,-200,https://www.sportsbookreviewsonline.com/scoresoddsarchives/nba-odds-2021-22
sbr:2021-22:2021-11-29:CLE:DAL,2021-22,2021-11-29,CLE,DAL,114,96,210.5,-6.5,220,-260,https://www.sportsbookreviewsonline.com/scoresoddsarchives/nba-odds-2021-22
sbr:2021-22:2021-11-29:DEN:MIA,2021-22,2021-11-29,DEN,MIA,120,111,205.5,-3.0,130,-150,https://www.sportsbookreviewsonline.com/scoresoddsarchives/nba-odds-2021-22
sbr:2021-22:2021-11-29:IND:MIN,2021-22,2021-11-29,IND,MIN,98,100,220.5,-4.0,150,-170,https://www.sportsbookreviewsonline.com/scoresoddsarchives/nba-odds-2021-22
sbr:2021-22:2021-11-29:NOP:LAC,2021-22,2021-11-29,NOP,LAC,123,104,210.5,-7.0,240,-280,https://www.sportsbookreviewsonline.com/scoresoddsarchives/nba-odds-2021-22
sbr:2021-22:2021-11-29:OKC:HOU,2021-22,2021-11-29,OKC,HOU,89,102,217.5,-2.5,120,-140,https://www.sportsbookreviewsonline.com/scoresoddsarchives/nba-odds-2021-22
sbr:2021-22:2021-11-29:ORL:PHI,2021-22,2021-11-29,ORL,PHI,96,101,205.5,-14.0,750,-1200,https://www.sportsbookreviewsonline.com/scoresoddsarchives/nba-odds-2021-22
sbr:2021-22:2021-11-29:POR:UTA,2021-22,2021-11-29,POR,UTA,107,129,221.5,-7.0,240,-280,https://www.sportsbookreviewsonline.com/scoresoddsarchives/nba-odds-2021-22
sbr:2021-22:2021-11-29:WAS:SAS,2021-22,2021-11-29,WAS,SAS,99,116,214.5,3.0,-155,135,https://www.sportsbookreviewsonline.com/scoresoddsarchives/nba-odds-2021-22
sbr:2021-22:2021-11-30:DET:POR,2021-22,2021-11-30,DET,POR,92,110,209.5,-7.5,290,-350,https://www.sportsbookreviewsonline.com/scoresoddsarchives/nba-odds-2021-22
sbr:2021-22:2021-11-30:GSW:PHX,2021-22,2021-11-30,GSW,PHX,96,104,222.5,-3.0,135,-155,https://www.sportsbookreviewsonline.com/scoresoddsarchives/nba-odds-2021-22
sbr:2021-22:2021-11-30:MEM:TOR,2021-22,2021-11-30,MEM,TOR,98,91,214.5,-3.0,130,-150,https://www.sportsbookreviewsonline.com/scoresoddsarchives/nba-odds-2021-22
sbr:2021-22:2021-11-30:NYK:BKN,2021-22,2021-11-30,NYK,BKN,110,112,215.0,-6.0,200,-240,https://www.sportsbookreviewsonline.com/scoresoddsarchives/nba-odds-2021-22
sbr:2021-22:2021-12-01:ATL:IND,2021-22,2021-12-01,ATL,IND,114,111,217.5,-2.0,115,-135,https://www.sportsbookreviewsonline.com/scoresoddsarchives/nba-odds-2021-22
sbr:2021-22:2021-12-01:CHA:MIL,2021-22,2021-12-01,CHA,MIL,125,127,230.5,-9.0,300,-360,https://www.sportsbookreviewsonline.com/scoresoddsarchives/nba-odds-2021-22
sbr:2021-22:2021-12-01:CLE:MIA,2021-22,2021-12-01,CLE,MIA,111,85,206.5,-3.0,130,-150,https://www.sportsbookreviewsonline.com/scoresoddsarchives/nba-odds-2021-22
sbr:2021-22:2021-12-01:DAL:NOP,2021-22,2021-12-01,DAL,NOP,139,107,216.0,4.0,-170,150,https://www.sportsbookreviewsonline.com/scoresoddsarchives/nba-odds-2021-22
sbr:2021-22:2021-12-01:DEN:ORL,2021-22,2021-12-01,DEN,ORL,103,108,208.0,8.0,-340,280,https://www.sportsbookreviewsonline.com/scoresoddsarchives/nba-odds-2021-22
sbr:2021-22:2021-12-01:HOU:OKC,2021-22,2021-12-01,HOU,OKC,114,110,216.5,-2.5,115,-135,https://www.sportsbookreviewsonline.com/scoresoddsarchives/nba-odds-2021-22
sbr:2021-22:2021-12-01:MIN:WAS,2021-22,2021-12-01,MIN,WAS,107,115,217.0,-3.5,150,-170,https://www.sportsbookreviewsonline.com/scoresoddsarchives/nba-odds-2021-22
sbr:2021-22:2021-12-01:PHI:BOS,2021-22,2021-12-01,PHI,BOS,87,88,206.5,-3.0,135,-155,https://www.sportsbookreviewsonline.com/scoresoddsarchives/nba-odds-2021-22
sbr:2021-22:2021-12-01:SAC:LAC,2021-22,2021-12-01,SAC,LAC,124,115,215.0,-6.0,205,-245,https://www.sportsbookreviewsonline.com/scoresoddsarchives/nba-odds-2021-22
sbr:2021-22:2021-12-02:CHI:NYK,2021-22,2021-12-02,CHI,NYK,119,115,209.5,2.0,-115,-105,https://www.sportsbookreviewsonline.com/scoresoddsarchives/nba-odds-2021-22
sbr:2021-22:2021-12-02:DET:PHX,2021-22,2021-12-02,DET,PHX,103,114,208.0,-11.5,700,-1100,https://www.sportsbookreviewsonline.com/scoresoddsarchives/nba-odds-2021-22
sbr:2021-22:2021-12-02:OKC:MEM,2021-22,2021-12-02,OKC,MEM,79,152,210.5,-11.5,340,-430,https://www.sportsbookreviewsonline.com/scoresoddsarchives/nba-odds-2021-22
sbr:2021-22:2021-12-02:SAS:POR,2021-22,2021-12-02,SAS,POR,114,83,215.5,-5.0,195,-230,https://www.sportsbookreviewsonline.com/scoresoddsarchives/nba-odds-2021-22
sbr:2021-22:2021-12-03:BOS:UTA,2021-22,2021-12-03,BOS,UTA,130,137,209.5,-8.0,290,-350,https://www.sportsbookreviewsonline.com/scoresoddsarchives/nba-odds-2021-22
sbr:2021-22:2021-12-03:CLE:WAS,2021-22,2021-12-03,CLE,WAS,116,101,208.5,-3.0,130,-150,https://www.sportsbookreviewsonline.com/scoresoddsarchives/nba-odds-2021-22
sbr:2021-22:2021-12-03:MIA:IND,2021-22,2021-12-03,MIA,IND,113,104,206.0,-5.5,190,-220,https://www.sportsbookreviewsonline.com/scoresoddsarchives/nba-odds-2021-22
sbr:2021-22:2021-12-03:MIN:BKN,2021-22,2021-12-03,MIN,BKN,105,110,219.0,-9.0,340,-410,https://www.sportsbookreviewsonline.com/scoresoddsarchives/nba-odds-2021-22
sbr:2021-22:2021-12-03:NOP:DAL,2021-22,2021-12-03,NOP,DAL,107,91,215.0,-7.0,250,-300,https://www.sportsbookreviewsonline.com/scoresoddsarchives/nba-odds-2021-22
sbr:2021-22:2021-12-03:ORL:HOU,2021-22,2021-12-03,ORL,HOU,116,118,217.5,-2.5,130,-150,https://www.sportsbookreviewsonline.com/scoresoddsarchives/nba-odds-2021-22
sbr:2021-22:2021-12-03:PHI:ATL,2021-22,2021-12-03,PHI,ATL,98,96,216.0,-2.5,120,-140,https://www.sportsbookreviewsonline.com/scoresoddsarchives/nba-odds-2021-22
sbr:2021-22:2021-12-03:PHX:GSW,2021-22,2021-12-03,PHX,GSW,96,118,215.0,-7.5,250,-300,https://www.sportsbookreviewsonline.com/scoresoddsarchives/nba-odds-2021-22
sbr:2021-22:2021-12-04:CHI:BKN,2021-22,2021-12-04,CHI,BKN,111,107,222.0,-2.5,120,-140,https://www.sportsbookreviewsonline.com/scoresoddsarchives/nba-odds-2021-22
sbr:2021-22:2021-12-04:DEN:NYK,2021-22,2021-12-04,DEN,NYK,113,99,209.0,-2.5,120,-140,https://www.sportsbookreviewsonline.com/scoresoddsarchives/nba-odds-2021-22
sbr:2021-22:2021-12-04:LAC:SAC,2021-22,2021-12-04,LAC,SAC,99,104,219.0,2.0,-125,105,https://www.sportsbookreviewsonline.com/scoresoddsarchives/nba-odds-2021-22
sbr:2021-22:2021-12-04:MEM:DAL,2021-22,2021-12-04,MEM,DAL,97,90,215.0,0.0,-110,-110,https://www.sportsbookreviewsonline.com/scoresoddsarchives/nba-odds-2021-22
sbr:2021-22:2021-12-04:MIA:MIL,2021-22,2021-12-04,MIA,MIL,102,124,211.0,-6.5,220,-260,https://www.sportsbookreviewsonline.com/scoresoddsarchives/nba-odds-2021-22
sbr:2021-22:2021-12-04:SAS:GSW,2021-22,2021-12-04,SAS,GSW,112,107,219.0,-9.0,330,-400,https://www.sportsbookreviewsonline.com/scoresoddsarchives/nba-odds-2021-22
sbr:2021-22:2021-12-05:CHA:ATL,2021-22,2021-12-05,CHA,ATL,130,127,225.5,-7.5,270,-330,https://www.sportsbookreviewsonline.com/scoresoddsarchives/nba-odds-2021-22
sbr:2021-22:2021-12-05:NOP:HOU,2021-22,2021-12-05,NOP,HOU,108,118,222.0,2.5,-145,125,https://www.sportsbookreviewsonline.com/scoresoddsarchives/nba-odds-2021-22
sbr:2021-22:2021-12-05:UTA:CLE,2021-22,2021-12-05,UTA,CLE,109,108,213.5,5.0,-200,175,https://www.sportsbookreviewsonline.com/scoresoddsarchives/nba-odds-2021-22
sbr:2021-22:2021-12-05:WAS:TOR,2021-22,2021-12-05,WAS,TOR,90,102,212.5,-1.0,100,-120,https://www.sportsbookreviewsonline.com/scoresoddsarchives/nba-odds-2021-22
sbr:2021-22:2021-12-06:ATL:MIN,2021-22,2021-12-06,ATL,MIN,121,110,221.5,-2.0,110,-130,https://www.sportsbookreviewsonline.com/scoresoddsarchives/nba-odds-2021-22
sbr:2021-22:2021-12-06:CLE:MIL,2021-22,2021-12-06,CLE,MIL,104,112,215.0,-9.0,300,-360,https://www.sportsbookreviewsonline.com/scoresoddsarchives/nba-odds-2021-22
sbr:2021-22:2021-12-06:DEN:CHI,2021-22,2021-12-06,DEN,CHI,97,109,213.5,-2.0,115,-135,https://www.sportsbookreviewsonline.com/scoresoddsarchives/nba-odds-2021-22
sbr:2021-22:2021-12-06:LAC:POR,2021-22,2021-12-06,LAC,POR,102,90,213.0,5.0,-200,175,https://www.sportsbookreviewsonline.com/scoresoddsarchives/nba-odds-2021-22
sbr:2021-22:2021-12-06:MEM:MIA,2021-22,2021-12-06,MEM,MIA,105,90,213.0,-5.5,185,-215,https://www.sportsbookreviewsonline.com/scoresoddsarchives/nba-odds-2021-22
sbr:2021-22:2021-12-06:OKC:DET,2021-22,2021-12-06,OKC,DET,114,103,205.0,-3.0,135,-155,https://www.sportsbookreviewsonline.com/scoresoddsarchives/nba-odds-2021-22
sbr:2021-22:2021-12-06:ORL:GSW,2021-22,2021-12-06,ORL,GSW,95,126,217.5,-16.0,950,-1800,https://www.sportsbookreviewsonline.com/scoresoddsarchives/nba-odds-2021-22
sbr:2021-22:2021-12-06:SAS:PHX,2021-22,2021-12-06,SAS,PHX,104,108,215.5,-7.0,250,-300,https://www.sportsbookreviewsonline.com/scoresoddsarchives/nba-odds-2021-22
sbr:2021-22:2021-12-06:WAS:IND,2021-22,2021-12-06,WAS,IND,110,116,211.5,-6.0,190,-220,https://www.sportsbookreviewsonline.com/scoresoddsarchives/nba-odds-2021-22
sbr:2021-22:2021-12-07:BKN:DAL,2021-22,2021-12-07,BKN,DAL,102,99,221.0,1.5,-125,105,https://www.sportsbookreviewsonline.com/scoresoddsarchives/nba-odds-2021-22
sbr:2021-22:2021-12-07:BOS:LAL,2021-22,2021-12-07,BOS,LAL,102,117,220.5,-3.0,130,-150,https://www.sportsbookreviewsonline.com/scoresoddsarchives/nba-odds-2021-22
sbr:2021-22:2021-12-07:NYK:SAS,2021-22,2021-12-07,NYK,SAS,121,109,211.5,1.5,-125,105,https://www.sportsbookreviewsonline.com/scoresoddsarchives/nba-odds-2021-22
sbr:2021-22:2021-12-08:BKN:HOU,2021-22,2021-12-08,BKN,HOU,104,114,223.0,3.5,-160,140,https://www.sportsbookreviewsonline.com/scoresoddsarchives/nba-odds-2021-22
sbr:2021-22:2021-12-08:BOS:LAC,2021-22,2021-12-08,BOS,LAC,111,114,209.0,0.0,100,-120,https://www.sportsbookreviewsonline.com/scoresoddsarchives/nba-odds-2021-22
sbr:2021-22:2021-12-08:CHI:CLE,2021-22,2021-12-08,CHI,CLE,92,115,212.5,-3.0,145,-165,https://www.sportsbookreviewsonline.com/scoresoddsarchives/nba-odds-2021-22
sbr:2021-22:2021-12-08:DAL:MEM,2021-22,2021-12-08,DAL,MEM,104,96,219.0,-1.0,100,-120,https://www.sportsbookreviewsonline.com/scoresoddsarchives/nba-odds-2021-22
sbr:2021-22:2021-12-08:MIL:MIA,2021-22,2021-12-08,MIL,MIA,104,113,217.5,6.5,-260,220,https://www.sportsbookreviewsonline.com/scoresoddsarchives/nba-odds-2021-22
sbr:2021-22:2021-12-08:NYK:IND,2021-22,2021-12-08,NYK,IND,102,122,208.0,-5.0,180,-210,https://www.sportsbookreviewsonline.com/scoresoddsarchives/nba-odds-2021-22
sbr:2021-22:2021-12-08:OKC:TOR,2021-22,2021-12-08,OKC,TOR,110,109,206.0,-7.5,265,-320,https://www.sportsbookreviewsonline.com/scoresoddsarchives/nba-odds-2021-22
sbr:2021-22:2021-12-08:ORL:SAC,2021-22,2021-12-08,ORL,SAC,130,142,223.0,-7.5,250,-300,https://www.sportsbookreviewsonline.com/scoresoddsarchives/nba-odds-2021-22
sbr:2021-22:2021-12-08:PHI:CHA,2021-22,2021-12-08,PHI,CHA,110,106,216.0,6.5,-250,210,https://www.sportsbookreviewsonline.com/scoresoddsarchives/nba-odds-2021-22
sbr:2021-22:2021-12-08:POR:GSW,2021-22,2021-12-08,POR,GSW,94,104,215.5,-14.5,850,-1500,https://www.sportsbookreviewsonline.com/scoresoddsarchives/nba-odds-2021-22
sbr:2021-22:2021-12-08:UTA:MIN,2021-22,2021-12-08,UTA,MIN,136,104,218.0,6.5,-280,240,https://www.sportsbookreviewsonline.com/scoresoddsarchives/nba-odds-2021-22
sbr:2021-22:2021-12-09:LAL:MEM,2021-22,2021-12-09,LAL,MEM,95,108,221.5,4.0,-175,155,https://www.sportsbookreviewsonline.com/scoresoddsarchives/nba-odds-2021-22
sbr:2021-22:2021-12-09:UTA:PHI,2021-22,2021-12-09,UTA,PHI,118,96,216.0,3.0,-140,120,https://www.sportsbookreviewsonline.com/scoresoddsarchives/nba-odds-2021-22
sbr:2021-22:2021-12-10:BOS:PHX,2021-22,2021-12-10,BOS,PHX,90,111,214.5,-3.0,140,-160,https://www.sportsbookreviewsonline.com/scoresoddsarchives/nba-odds-2021-22
sbr:2021-22:2021-12-10:DAL:IND,2021-22,2021-12-10,DAL,IND,93,106,213.5,-2.0,110,-130,https://www.sportsbookreviewsonline.com/scoresoddsarchives/nba-odds-2021-22
sbr:2021-22:2021-12-10:DET:NOP,2021-22,2021-12-10,DET,NOP,93,109,211.5,-6.5,200,-240,https://www.sportsbookreviewsonline.com/scoresoddsarchives/nba-odds-2021-22
sbr:2021-22:2021-12-10:LAL:OKC,2021-22,2021-12-10,LAL,OKC,116,95,217.5,4.0,-170,150,https://www.sportsbookreviewsonline.com/scoresoddsarchives/nba-odds-2021-22
sbr:2021-22:2021-12-10:MIL:HOU,2021-22,2021-12-10,MIL,HOU,123,114,227.5,9.5,-420,350,https://www.sportsbookreviewsonline.com/scoresoddsarchives/nba-odds-2021-22
sbr:2021-22:2021-12-10:NYK:TOR,2021-22,2021-12-10,NYK,TOR,87,90,207.5,-1.5,105,-125,https://www.sportsbookreviewsonline.com/scoresoddsarchives/nba-odds-2021-22
sbr:2021-22:2021-12-10:SAC:CHA,2021-22,2021-12-10,SAC,CHA,123,124,232.5,1.5,-125,105,https://www.sportsbookreviewsonline.com/scoresoddsarchives/nba-odds-2021-22
sbr:2021-22:2021-12-11:DEN:SAS,2021-22,2021-12-11,DEN,SAS,127,112,218.5,0.0,-110,-110,https://www.sportsbookreviewsonline.com/scoresoddsarchives/nba-odds-2021-22
sbr:2021-22:2021-12-11:GSW:PHI,2021-22,2021-12-11,GSW,PHI,93,102,212.5,3.0,-155,135,https://www.sportsbookreviewsonline.com/scoresoddsarchives/nba-odds-2021-22
sbr:2021-22:2021-12-11:HOU:MEM,2021-22,2021-12-11,HOU,MEM,106,113,218.0,-8.0,280,-340,https://www.sportsbookreviewsonline.com/scoresoddsarchives/nba-odds-2021-22
sbr:2021-22:2021-12-11:ORL:LAC,2021-22,2021-12-11,ORL,LAC,104,106,215.5,-8.5,280,-340,https://www.sportsbookreviewsonline.com/scoresoddsarchives/nba-odds-2021-22
sbr:2021-22:2021-12-11:SAC:CLE,2021-22,2021-12-11,SAC,CLE,103,117,222.5,-6.5,220,-260,https://www.sportsbookreviewsonline.com/scoresoddsarchives/nba-odds-2021-22
sbr:2021-22:2021-12-11:UTA:WAS,2021-22,2021-12-11,UTA,WAS,123,98,221.0,7.0,-300,250,https://www.sportsbookreviewsonline.com/scoresoddsarchives/nba-odds-2021-22
sbr:2021-22:2021-12-12:BKN:DET,2021-22,2021-12-12,BKN,DET,116,104,211.5,7.0,-310,260,https://www.sportsbookreviewsonline.com/scoresoddsarchives/nba-odds-2021-22
sbr:2021-22:2021-12-12:DAL:OKC,2021-22,2021-12-12,DAL,OKC,103,84,206.5,4.0,-175,155,https://www.sportsbookreviewsonline.com/scoresoddsarchives/nba-odds-2021-22
sbr:2021-22:2021-12-12:MIL:NYK,2021-22,2021-12-12,MIL,NYK,112,97,216.0,6.0,-240,200,https://www.sportsbookreviewsonline.com/scoresoddsarchives/nba-odds-2021-22
sbr:2021-22:2021-12-12:NOP:SAS,2021-22,2021-12-12,NOP,SAS,97,112,220.5,-2.0,110,-130,https://www.sportsbookreviewsonline.com/scoresoddsarchives/nba-odds-2021-22
sbr:2021-22:2021-12-12:ORL:LAL,2021-22,2021-12-12,ORL,LAL,94,106,221.0,-10.0,360,-430,https://www.sportsbookreviewsonline.com/scoresoddsarchives/nba-odds-2021-22
sbr:2021-22:2021-12-13:CHA:DAL,2021-22,2021-12-13,CHA,DAL,96,120,216.5,-2.5,120,-140,https://www.sportsbookreviewsonline.com/scoresoddsarchives/nba-odds-2021-22
sbr:2021-22:2021-12-13:GSW:IND,2021-22,2021-12-13,GSW,IND,102,100,214.0,4.0,-175,155,https://www.sportsbookreviewsonline.com/scoresoddsarchives/nba-odds-2021-22
sbr:2021-22:2021-12-13:HOU:ATL,2021-22,2021-12-13,HOU,ATL,132,126,227.0,-10.5,400,-500,https://www.sportsbookreviewsonline.com/scoresoddsarchives/nba-odds-2021-22
sbr:2021-22:2021-12-13:MIA:CLE,2021-22,2021-12-13,MIA,CLE,94,105,208.0,-5.5,180,-210,https://www.sportsbookreviewsonline.com/scoresoddsarchives/nba-odds-2021-22
sbr:2021-22:2021-12-13:PHI:MEM,2021-22,2021-12-13,PHI,MEM,91,126,209.0,-1.0,125,-145,https://www.sportsbookreviewsonline.com/scoresoddsarchives/nba-odds-2021-22
sbr:2021-22:2021-12-13:PHX:LAC,2021-22,2021-12-13,PHX,LAC,95,111,212.0,3.5,-155,135,https://www.sportsbookreviewsonline.com/scoresoddsarchives/nba-odds-2021-22
sbr:2021-22:2021-12-13:SAC:TOR,2021-22,2021-12-13,SAC,TOR,101,124,222.0,-4.5,165,-185,https://www.sportsbookreviewsonline.com/scoresoddsarchives/nba-odds-2021-22
sbr:2021-22:2021-12-13:WAS:DEN,2021-22,2021-12-13,WAS,DEN,107,113,215.5,-4.0,145,-165,https://www.sportsbookreviewsonline.com/scoresoddsarchives/nba-odds-2021-22
sbr:2021-22:2021-12-14:GSW:NYK,2021-22,2021-12-14,GSW,NYK,105,96,211.5,5.5,-225,195,https://www.sportsbookreviewsonline.com/scoresoddsarchives/nba-odds-2021-22
sbr:2021-22:2021-12-15:ATL:ORL,2021-22,2021-12-15,ATL,ORL,111,99,223.5,9.0,-380,320,https://www.sportsbookreviewsonline.com/scoresoddsarchives/nba-odds-2021-22
sbr:2021-22:2021-12-15:CHA:SAS,2021-22,2021-12-15,CHA,SAS,131,115,224.0,-2.5,120,-140,https://www.sportsbookreviewsonline.com/scoresoddsarchives/nba-odds-2021-22
sbr:2021-22:2021-12-15:HOU:CLE,2021-22,2021-12-15,HOU,CLE,89,124,217.0,-9.5,350,-420,https://www.sportsbookreviewsonline.com/scoresoddsarchives/nba-odds-2021-22
sbr:2021-22:2021-12-15:LAC:UTA,2021-22,2021-12-15,LAC,UTA,103,124,217.5,-13.5,550,-800,https://www.sportsbookreviewsonline.com/scoresoddsarchives/nba-odds-2021-22
sbr:2021-22:2021-12-15:MEM:POR,2021-22,2021-12-15,MEM,POR,113,103,218.0,0.0,-115,-105,https://www.sportsbookreviewsonline.com/scoresoddsarchives/nba-odds-2021-22
sbr:2021-22:2021-12-15:MIA:PHI,2021-22,2021-12-15,MIA,PHI,101,96,203.0,-7.5,250,-300,https://www.sportsbookreviewsonline.com/scoresoddsarchives/nba-odds-2021-22
sbr:2021-22:2021-12-15:MIN:DEN,2021-22,2021-12-15,MIN,DEN,124,107,223.0,-4.0,155,-175,https://www.sportsbookreviewsonline.com/scoresoddsarchives/nba-odds-2021-22
sbr:2021-22:2021-12-15:NOP:OKC,2021-22,2021-12-15,NOP,OKC,113,110,212.0,4.5,-180,160,https://www.sportsbookreviewsonline.com/scoresoddsarchives/nba-odds-2021-22
sbr:2021-22:2021-12-16:DET:IND,2021-22,2021-12-16,DET,IND,113,122,208.0,-10.5,450,-600,https://www.sportsbookreviewsonline.com/scoresoddsarchives/nba-odds-2021-22
sbr:2021-22:2021-12-16:NYK:HOU,2021-22,2021-12-16,NYK,HOU,116,103,215.5,5.5,-210,180,https://www.sportsbookreviewsonline.com/scoresoddsarchives/nba-odds-2021-22
sbr:2021-22:2021-12-16:WAS:PHX,2021-22,2021-12-16,WAS,PHX,98,118,213.0,-8.5,325,-390,https://www.sportsbookreviewsonline.com/scoresoddsarchives/nba-odds-2021-22
sbr:2021-22:2021-12-17:CHA:POR,2021-22,2021-12-17,CHA,POR,116,125,230.0,-1.5,105,-125,https://www.sportsbookreviewsonline.com/scoresoddsarchives/nba-odds-2021-22
sbr:2021-22:2021-12-17:DEN:ATL,2021-22,2021-12-17,DEN,ATL,133,115,225.0,-3.5,140,-160,https://www.sportsbookreviewsonline.com/scoresoddsarchives/nba-odds-2021-22
sbr:2021-22:2021-12-17:GSW:BOS,2021-22,2021-12-17,GSW,BOS,111,107,216.5,4.0,-185,165,https://www.sportsbookreviewsonline.com/scoresoddsarchives/nba-odds-2021-22
sbr:2021-22:2021-12-17:MEM:SAC,2021-22,2021-12-17,MEM,SAC,124,105,221.0,6.0,-270,230,https://www.sportsbookreviewsonline.com/scoresoddsarchives/nba-odds-2021-22
sbr:2021-22:2021-12-17:MIA:ORL,2021-22,2021-12-17,MIA,ORL,115,105,203.0,9.0,-410,340,https://www.sportsbookreviewsonline.com/scoresoddsarchives/nba-odds-2021-22
sbr:2021-22:2021-12-17:SAS:UTA,2021-22,2021-12-17,SAS,UTA,128,126,226.5,-11.5,500,-700,https://www.sportsbookreviewsonline.com/scoresoddsarchives/nba-odds-2021-22
sbr:2021-22:2021-12-18:GSW:TOR,2021-22,2021-12-18,GSW,TOR,100,119,202.5,-7.5,300,-360,https://www.sportsbookreviewsonline.com/scoresoddsarchives/nba-odds-2021-22
sbr:2021-22:2021-12-18:LAC:OKC,2021-22,2021-12-18,LAC,OKC,103,104,209.5,4.5,-185,165,https://www.sportsbookreviewsonline.com/scoresoddsarchives/nba-odds-2021-22
sbr:2021-22:2021-12-18:NYK:BOS,2021-22,2021-12-18,NYK,BOS,107,114,208.5,-6.0,185,-215,https://www.sportsbookreviewsonline.com/scoresoddsarchives/nba-odds-2021-22
sbr:2021-22:2021-12-18:ORL:BKN,2021-22,2021-12-18,ORL,BKN,100,93,211.0,-5.0,190,-220,https://www.sportsbookreviewsonline.com/scoresoddsarchives/nba-odds-2021-22
sbr:2021-22:2021-12-18:WAS:UTA,2021-22,2021-12-18,WAS,UTA,109,103,222.5,-10.5,240,-280,https://www.sportsbookreviewsonline.com/scoresoddsarchives/nba-odds-2021-22
sbr:2021-22:2021-12-19:CHA:PHX,2021-22,2021-12-19,CHA,PHX,106,137,232.0,-8.5,330,-400,https://www.sportsbookreviewsonline.com/scoresoddsarchives/nba-odds-2021-22
sbr:2021-22:2021-12-19:DAL:MIN,2021-22,2021-12-19,DAL,MIN,105,111,214.0,-3.5,145,-165,https://www.sportsbookreviewsonline.com/scoresoddsarchives/nba-odds-2021-22
sbr:2021-22:2021-12-19:LAL:CHI,2021-22,2021-12-19,LAL,CHI,110,115,217.0,-7.0,240,-280,https://www.sportsbookreviewsonline.com/scoresoddsarchives/nba-odds-2021-22
sbr:2021-22:2021-12-19:MIA:DET,2021-22,2021-12-19,MIA,DET,90,100,208.0,6.0,-260,220,https://www.sportsbookreviewsonline.com/scoresoddsarchives/nba-odds-2021-22
sbr:2021-22:2021-12-19:POR:MEM,2021-22,2021-12-19,POR,MEM,105,100,221.5,-4.0,165,-185,https://www.sportsbookreviewsonline.com/scoresoddsarchives/nba-odds-2021-22
sbr:2021-22:2021-12-19:SAS:SAC,2021-22,2021-12-19,SAS,SAC,114,121,227.0,5.0,-190,170,https://www.sportsbookreviewsonline.com/scoresoddsarchives/nba-odds-2021-22
sbr:2021-22:2021-12-20:CHA:UTA,2021-22,2021-12-20,CHA,UTA,102,112,237.5,-12.5,600,-900,https://www.sportsbookreviewsonline.com/scoresoddsarchives/nba-odds-2021-22
sbr:2021-22:2021-12-20:HOU:CHI,2021-22,2021-12-20,HOU,CHI,118,133,223.0,-7.5,240,-280,https://www.sportsbookreviewsonline.com/scoresoddsarchives/nba-odds-2021-22
sbr:2021-22:2021-12-20:OKC:MEM,2021-22,2021-12-20,OKC,MEM,102,99,215.5,-9.0,330,-400,https://www.sportsbookreviewsonline.com/scoresoddsarchives/nba-odds-2021-22
sbr:2021-22:2021-12-20:PHI:BOS,2021-22,2021-12-20,PHI,BOS,108,103,214.5,-3.0,120,-140,https://www.sportsbookreviewsonline.com/scoresoddsarchives/nba-odds-2021-22
sbr:2021-22:2021-12-20:SAC:GSW,2021-22,2021-12-20,SAC,GSW,98,113,221.5,-13.5,650,-1000,https://www.sportsbookreviewsonline.com/scoresoddsarchives/nba-odds-2021-22
sbr:2021-22:2021-12-20:SAS:LAC,2021-22,2021-12-20,SAS,LAC,116,92,220.0,-6.0,195,-230,https://www.sportsbookreviewsonline.com/scoresoddsarchives/nba-odds-2021-22
sbr:2021-22:2021-12-21:DET:NYK,2021-22,2021-12-21,DET,NYK,91,105,206.0,-7.5,245,-290,https://www.sportsbookreviewsonline.com/scoresoddsarchives/nba-odds-2021-22
sbr:2021-22:2021-12-21:MIN:DAL,2021-22,2021-12-21,MIN,DAL,102,114,213.0,2.0,-140,120,https://www.sportsbookreviewsonline.com/scoresoddsarchives/nba-odds-2021-22
sbr:2021-22:2021-12-21:PHX:LAL,2021-22,2021-12-21,PHX,LAL,108,90,223.5,7.0,-300,250,https://www.sportsbookreviewsonline.com/scoresoddsarchives/nba-odds-2021-22
sbr:2021-22:2021-12-21:POR:NOP,2021-22,2021-12-21,POR,NOP,97,111,219.0,0.0,-120,100,https://www.sportsbookreviewsonline.com/scoresoddsarchives/nba-odds-2021-22
sbr:2021-22:2021-12-22:CLE:BOS,2021-22,2021-12-22,CLE,BOS,101,111,216.5,-6.5,210,-250,https://www.sportsbookreviewsonline.com/scoresoddsarchives/nba-odds-2021-22
sbr:2021-22:2021-12-22:DEN:OKC,2021-22,2021-12-22,DEN,OKC,94,108,213.0,6.5,-260,220,https://www.sportsbookreviewsonline.com/scoresoddsarchives/nba-odds-2021-22
sbr:2021-22:2021-12-22:HOU:MIL,2021-22,2021-12-22,HOU,MIL,106,126,224.0,-8.5,325,-390,https://www.sportsbookreviewsonline.com/scoresoddsarchives/nba-odds-2021-22
sbr:2021-22:2021-12-22:LAC:SAC,2021-22,2021-12-22,LAC,SAC,105,89,216.5,4.0,-175,155,https://www.sportsbookreviewsonline.com/scoresoddsarchives/nba-odds-2021-22
sbr:2021-22:2021-12-22:ORL:ATL,2021-22,2021-12-22,ORL,ATL,104,98,208.5,-8.0,250,-300,https://www.sportsbookreviewsonline.com/scoresoddsarchives/nba-odds-2021-22
sbr:2021-22:2021-12-23:ATL:PHI,2021-22,2021-12-23,ATL,PHI,98,96,205.0,-11.0,500,-700,https://www.sportsbookreviewsonline.com/scoresoddsarchives/nba-odds-2021-22
sbr:2021-22:2021-12-23:CHA:DEN,2021-22,2021-12-23,CHA,DEN,115,107,231.0,-2.0,120,-140,https://www.sportsbookreviewsonline.com/scoresoddsarchives/nba-odds-2021-22
sbr:2021-22:2021-12-23:DET:MIA,2021-22,2021-12-23,DET,MIA,112,115,207.5,-12.0,525,-750,https://www.sportsbookreviewsonline.com/scoresoddsarchives/nba-odds-2021-22
sbr:2021-22:2021-12-23:HOU:IND,2021-22,2021-12-23,HOU,IND,106,118,223.5,-6.5,230,-270,https://www.sportsbookreviewsonline.com/scoresoddsarchives/nba-odds-2021-22
sbr:2021-22:2021-12-23:MEM:GSW,2021-22,2021-12-23,MEM,GSW,104,113,217.0,-5.5,180,-210,https://www.sportsbookreviewsonline.com/scoresoddsarchives/nba-odds-2021-22
sbr:2021-22:2021-12-23:MIL:DAL,2021-22,2021-12-23,MIL,DAL,102,95,208.5,3.5,-160,140,https://www.sportsbookreviewsonline.com/scoresoddsarchives/nba-odds-2021-22
sbr:2021-22:2021-12-23:MIN:UTA,2021-22,2021-12-23,MIN,UTA,116,128,225.5,-15.0,775,-1300,https://www.sportsbookreviewsonline.com/scoresoddsarchives/nba-odds-2021-22
sbr:2021-22:2021-12-23:NOP:ORL,2021-22,2021-12-23,NOP,ORL,110,104,211.0,4.5,-190,170,https://www.sportsbookreviewsonline.com/scoresoddsarchives/nba-odds-2021-22
sbr:2021-22:2021-12-23:OKC:PHX,2021-22,2021-12-23,OKC,PHX,101,113,213.5,-15.0,800,-1400,https://www.sportsbookreviewsonline.com/scoresoddsarchives/nba-odds-2021-22
sbr:2021-22:2021-12-23:SAS:LAL,2021-22,2021-12-23,SAS,LAL,138,110,226.0,-1.5,105,-125,https://www.sportsbookreviewsonline.com/scoresoddsarchives/nba-odds-2021-22
sbr:2021-22:2021-12-25:ATL:NYK,2021-22,2021-12-25,ATL,NYK,87,101,206.5,-5.5,180,-210,https://www.sportsbookreviewsonline.com/scoresoddsarchives/nba-odds-2021-22
sbr:2021-22:2021-12-25:BKN:LAL,2021-22,2021-12-25,BKN,LAL,122,115,222.0,-2.5,115,-135,https://www.sportsbookreviewsonline.com/scoresoddsarchives/nba-odds-2021-22
sbr:2021-22:2021-12-25:BOS:MIL,2021-22,2021-12-25,BOS,MIL,113,117,221.5,-7.5,270,-330,https://www.sportsbookreviewsonline.com/scoresoddsarchives/nba-odds-2021-22
sbr:2021-22:2021-12-25:GSW:PHX,2021-22,2021-12-25,GSW,PHX,116,107,215.5,-6.0,200,-240,https://www.sportsbookreviewsonline.com/scoresoddsarchives/nba-odds-2021-22
sbr:2021-22:2021-12-26:DET:SAS,2021-22,2021-12-26,DET,SAS,109,144,221.0,-10.0,425,-550,https://www.sportsbookreviewsonline.com/scoresoddsarchives/nba-odds-2021-22
sbr:2021-22:2021-12-26:IND:CHI,2021-22,2021-12-26,IND,CHI,105,113,219.5,-4.0,160,-180,https://www.sportsbookreviewsonline.com/scoresoddsarchives/nba-odds-2021-22
sbr:2021-22:2021-12-26:MEM:SAC,2021-22,2021-12-26,MEM,SAC,127,102,227.5,2.0,-140,120,https://www.sportsbookreviewsonline.com/scoresoddsarchives/nba-odds-2021-22
sbr:2021-22:2021-12-26:NOP:OKC,2021-22,2021-12-26,NOP,OKC,112,117,212.5,1.5,-125,105,https://www.sportsbookreviewsonline.com/scoresoddsarchives/nba-odds-2021-22
sbr:2021-22:2021-12-26:ORL:MIA,2021-22,2021-12-26,ORL,MIA,83,93,203.0,-10.5,400,-500,https://www.sportsbookreviewsonline.com/scoresoddsarchives/nba-odds-2021-22
sbr:2021-22:2021-12-26:PHI:WAS,2021-22,2021-12-26,PHI,WAS,117,96,206.0,4.0,-175,155,https://www.sportsbookreviewsonline.com/scoresoddsarchives/nba-odds-2021-22
sbr:2021-22:2021-12-26:TOR:CLE,2021-22,2021-12-26,TOR,CLE,99,144,208.0,-9.0,320,-380,https://www.sportsbookreviewsonline.com/scoresoddsarchives/nba-odds-2021-22
sbr:2021-22:2021-12-27:BKN:LAC,2021-22,2021-12-27,BKN,LAC,124,108,215.0,4.0,-170,150,https://www.sportsbookreviewsonline.com/scoresoddsarchives/nba-odds-2021-22
sbr:2021-22:2021-12-27:BOS:MIN,2021-22,2021-12-27,BOS,MIN,103,108,214.0,5.0,-215,185,https://www.sportsbookreviewsonline.com/scoresoddsarchives/nba-odds-2021-22
sbr:2021-22:2021-12-27:CHI:ATL,2021-22,2021-12-27,CHI,ATL,130,118,219.0,3.0,-160,140,https://www.sportsbookreviewsonline.com/scoresoddsarchives/nba-odds-2021-22
sbr:2021-22:2021-12-27:HOU:CHA,2021-22,2021-12-27,HOU,CHA,99,123,233.0,-8.0,270,-330,https://www.sportsbookreviewsonline.com/scoresoddsarchives/nba-odds-2021-22
sbr:2021-22:2021-12-27:MEM:PHX,2021-22,2021-12-27,MEM,PHX,114,113,222.5,-7.5,265,-320,https://www.sportsbookreviewsonline.com/scoresoddsarchives/nba-odds-2021-22
sbr:2021-22:2021-12-27:UTA:SAS,2021-22,2021-12-27,UTA,SAS,110,104,230.0,7.0,-280,240,https://www.sportsbookreviewsonline.com/scoresoddsarchives/nba-odds-2021-22
sbr:2021-22:2021-12-28:CLE:NOP,2021-22,2021-12-28,CLE,NOP,104,108,209.5,4.5,-185,165,https://www.sportsbookreviewsonline.com/scoresoddsarchives/nba-odds-2021-22
sbr:2021-22:2021-12-28:DEN:GSW,2021-22,2021-12-28,DEN,GSW,89,86,217.0,-8.0,290,-350,https://www.sportsbookreviewsonline.com/scoresoddsarchives/nba-odds-2021-22
sbr:2021-22:2021-12-28:LAL:HOU,2021-22,2021-12-28,LAL,HOU,132,123,227.0,6.0,-220,190,https://www.sportsbookreviewsonline.com/scoresoddsarchives/nba-odds-2021-22
sbr:2021-22:2021-12-28:MIL:ORL,2021-22,2021-12-28,MIL,ORL,127,110,216.0,15.0,-1400,800,https://www.sportsbookreviewsonline.com/scoresoddsarchives/nba-odds-2021-22
sbr:2021-22:2021-12-28:NYK:MIN,2021-22,2021-12-28,NYK,MIN,96,88,211.5,5.0,-190,170,https://www.sportsbookreviewsonline.com/scoresoddsarchives/nba-odds-2021-22
sbr:2021-22:2021-12-28:OKC:SAC,2021-22,2021-12-28,OKC,SAC,111,117,225.0,-5.5,190,-220,https://www.sportsbookreviewsonline.com/scoresoddsarchives/nba-odds-2021-22
sbr:2021-22:2021-12-28:PHI:TOR,2021-22,2021-12-28,PHI,TOR,114,109,215.0,6.0,-250,210,https://www.sportsbookreviewsonline.com/scoresoddsarchives/nba-odds-2021-22
sbr:2021-22:2021-12-28:WAS:MIA,2021-22,2021-12-28,WAS,MIA,112,119,203.0,-8.0,265,-320,https://www.sportsbookreviewsonline.com/scoresoddsarchives/nba-odds-2021-22
sbr:2021-22:2021-12-29:ATL:CHI,2021-22,2021-12-29,ATL,CHI,117,131,227.5,-7.5,270,-330,https://www.sportsbookreviewsonline.com/scoresoddsarchives/nba-odds-2021-22
sbr:2021-22:2021-12-29:CHA:IND,2021-22,2021-12-29,CHA,IND,116,108,225.5,-4.0,145,-165,https://www.sportsbookreviewsonline.com/scoresoddsarchives/nba-odds-2021-22
sbr:2021-22:2021-12-29:LAC:BOS,2021-22,2021-12-29,LAC,BOS,91,82,210.0,-6.0,200,-240,https://www.sportsbookreviewsonline.com/scoresoddsarchives/nba-odds-2021-22
sbr:2021-22:2021-12-29:LAL:MEM,2021-22,2021-12-29,LAL,MEM,99,104,224.5,-6.0,210,-250,https://www.sportsbookreviewsonline.com/scoresoddsarchives/nba-odds-2021-22
sbr:2021-22:2021-12-29:NYK:DET,2021-22,2021-12-29,NYK,DET,94,85,214.5,8.5,-340,280,https://www.sportsbookreviewsonline.com/scoresoddsarchives/nba-odds-2021-22
sbr:2021-22:2021-12-29:OKC:PHX,2021-22,2021-12-29,OKC,PHX,97,115,218.5,-16.0,950,-1800,https://www.sportsbookreviewsonline.com/scoresoddsarchives/nba-odds-2021-22
sbr:2021-22:2021-12-29:UTA:POR,2021-22,2021-12-29,UTA,POR,120,105,228.5,8.0,-320,265,https://www.sportsbookreviewsonline.com/scoresoddsarchives/nba-odds-2021-22
sbr:2021-22:2021-12-30:CLE:WAS,2021-22,2021-12-30,CLE,WAS,93,110,209.0,-4.0,145,-165,https://www.sportsbookreviewsonline.com/scoresoddsarchives/nba-odds-2021-22
sbr:2021-22:2021-12-30:MIL:ORL,2021-22,2021-12-30,MIL,ORL,136,118,218.0,14.0,-1100,700,https://www.sportsbookreviewsonline.com/scoresoddsarchives/nba-odds-2021-22
sbr:2021-22:2021-12-30:PHI:BKN,2021-22,2021-12-30,PHI,BKN,110,102,221.0,-5.0,175,-200,https://www.sportsbookreviewsonline.com/scoresoddsarchives/nba-odds-2021-22
sbr:2021-22:2021-12-31:ATL:CLE,2021-22,2021-12-31,ATL,CLE,121,118,218.0,-1.5,115,-135,https://www.sportsbookreviewsonline.com/scoresoddsarchives/nba-odds-2021-22
sbr:2021-22:2021-12-31:CHI:IND,2021-22,2021-12-31,CHI,IND,108,106,220.0,3.0,-135,115,https://www.sportsbookreviewsonline.com/scoresoddsarchives/nba-odds-2021-22
sbr:2021-22:2021-12-31:LAC:TOR,2021-22,2021-12-31,LAC,TOR,108,116,212.5,-6.5,220,-260,https://www.sportsbookreviewsonline.com/scoresoddsarchives/nba-odds-2021-22
sbr:2021-22:2021-12-31:MIA:HOU,2021-22,2021-12-31,MIA,HOU,120,110,218.5,5.0,-190,170,https://www.sportsbookreviewsonline.com/scoresoddsarchives/nba-odds-2021-22
sbr:2021-22:2021-12-31:MIN:UTA,2021-22,2021-12-31,MIN,UTA,108,120,222.0,-12.5,550,-800,https://www.sportsbookreviewsonline.com/scoresoddsarchives/nba-odds-2021-22
sbr:2021-22:2021-12-31:NYK:OKC,2021-22,2021-12-31,NYK,OKC,80,95,208.5,2.5,-150,130,https://www.sportsbookreviewsonline.com/scoresoddsarchives/nba-odds-2021-22
sbr:2021-22:2021-12-31:PHX:BOS,2021-22,2021-12-31,PHX,BOS,108,123,217.0,3.0,-150,130,https://www.sportsbookreviewsonline.com/scoresoddsarchives/nba-odds-2021-22
sbr:2021-22:2021-12-31:POR:LAL,2021-22,2021-12-31,POR,LAL,106,139,227.0,-5.5,195,-230,https://www.sportsbookreviewsonline.com/scoresoddsarchives/nba-odds-2021-22
sbr:2021-22:2021-12-31:SAS:MEM,2021-22,2021-12-31,SAS,MEM,105,118,227.0,-5.5,190,-220,https://www.sportsbookreviewsonline.com/scoresoddsarchives/nba-odds-2021-22
sbr:2022-23:2022-10-18:LAL:GSW,2022-23,2022-10-18,LAL,GSW,109,123,223.5,-7.5,260,-310,https://www.sportsbookreviewsonline.com/scoresoddsarchives/nba-odds-2022-23
sbr:2022-23:2022-10-18:PHI:BOS,2022-23,2022-10-18,PHI,BOS,117,126,216.0,-3.0,135,-155,https://www.sportsbookreviewsonline.com/scoresoddsarchives/nba-odds-2022-23
sbr:2022-23:2022-10-19:CHA:SAS,2022-23,2022-10-19,CHA,SAS,129,102,221.5,1.0,-120,100,https://www.sportsbookreviewsonline.com/scoresoddsarchives/nba-odds-2022-23
sbr:2022-23:2022-10-19:CHI:MIA,2022-23,2022-10-19,CHI,MIA,116,108,216.0,-7.5,250,-300,https://www.sportsbookreviewsonline.com/scoresoddsarchives/nba-odds-2022-23
sbr:2022-23:2022-10-19:CLE:TOR,2022-23,2022-10-19,CLE,TOR,105,108,216.5,-2.5,125,-145,https://www.sportsbookreviewsonline.com/scoresoddsarchives/nba-odds-2022-23
sbr:2022-23:2022-10-19:DAL:PHX,2022-23,2022-10-19,DAL,PHX,105,107,218.0,-4.0,160,-180,https://www.sportsbookreviewsonline.com/scoresoddsarchives/nba-odds-2022-23
sbr:2022-23:2022-10-19:DEN:UTA,2022-23,2022-10-19,DEN,UTA,102,123,225.5,7.0,-260,220,https://www.sportsbookreviewsonline.com/scoresoddsarchives/nba-odds-2022-23
sbr:2022-23:2022-10-19:HOU:ATL,2022-23,2022-10-19,HOU,ATL,107,117,235.0,-10.5,400,-500,https://www.sportsbookreviewsonline.com/scoresoddsarchives/nba-odds-2022-23
sbr:2022-23:2022-10-19:NOP:BKN,2022-23,2022-10-19,NOP,BKN,130,108,232.5,-3.0,130,-150,https://www.sportsbookreviewsonline.com/scoresoddsarchives/nba-odds-2022-23
sbr:2022-23:2022-10-19:OKC:MIN,2022-23,2022-10-19,OKC,MIN,108,115,226.5,-11.0,475,-650,https://www.sportsbookreviewsonline.com/scoresoddsarchives/nba-odds-2022-23
sbr:2022-23:2022-10-19:ORL:DET,2022-23,2022-10-19,ORL,DET,109,113,216.5,-4.0,155,-175,https://www.sportsbookreviewsonline.com/scoresoddsarchives/nba-odds-2022-23
sbr:2022-23:2022-10-19:POR:SAC,2022-23,2022-10-19,POR,SAC,115,108,230.0,-4.0,140,-160,https://www.sportsbookreviewsonline.com/scoresoddsarchives/nba-odds-2022-23
sbr:2022-23:2022-10-19:WAS:IND,2022-23,2022-10-19,WAS,IND,114,107,229.0,2.5,-135,115,https://www.sportsbookreviewsonline.com/scoresoddsarchives/nba-odds-2022-23
sbr:2022-23:2022-10-20:LAC:LAL,2022-23,2022-10-20,LAC,LAL,103,97,227.0,5.0,-190,170,https://www.sportsbookreviewsonline.com/scoresoddsarchives/nba-odds-2022-23
sbr:2022-23:2022-10-20:MIL:PHI,2022-23,2022-10-20,MIL,PHI,90,88,224.5,-4.0,155,-175,https://www.sportsbookreviewsonline.com/scoresoddsarchives/nba-odds-2022-23
sbr:2022-23:2022-10-21:BOS:MIA,2022-23,2022-10-21,BOS,MIA,111,104,221.0,2.0,-135,115,https://www.sportsbookreviewsonline.com/scoresoddsarchives/nba-odds-2022-23
sbr:2022-23:2022-10-21:DEN:GSW,2022-23,2022-10-21,DEN,GSW,128,123,229.5,-5.5,195,-230,https://www.sportsbookreviewsonline.com/scoresoddsarchives/nba-odds-2022-23
sbr:2022-23:2022-10-21:DET:NYK,2022-23,2022-10-21,DET,NYK,106,130,221.0,-7.5,225,-265,https://www.sportsbookreviewsonline.com/scoresoddsarchives/nba-odds-2022-23
sbr:2022-23:2022-10-21:MEM:HOU,2022-23,2022-10-21,MEM,HOU,129,122,230.5,7.0,-270,230,https://www.sportsbookreviewsonline.com/scoresoddsarchives/nba-odds-2022-23
sbr:2022-23:2022-10-21:NOP:CHA,2022-23,2022-10-21,NOP,CHA,124,112,226.0,7.0,-250,210,https://www.sportsbookreviewsonline.com/scoresoddsarchives/nba-odds-2022-23
sbr:2022-23:2022-10-21:ORL:ATL,2022-23,2022-10-21,ORL,ATL,98,108,225.5,-9.0,330,-400,https://www.sportsbookreviewsonline.com/scoresoddsarchives/nba-odds-2022-23
sbr:2022-23:2022-10-21:SAS:IND,2022-23,2022-10-21,SAS,IND,137,134,232.5,-1.5,105,-125,https://www.sportsbookreviewsonline.com/scoresoddsarchives/nba-odds-2022-23
sbr:2022-23:2022-10-21:TOR:BKN,2022-23,2022-10-21,TOR,BKN,105,109,226.5,-2.5,120,-140,https://www.sportsbookreviewsonline.com/scoresoddsarchives/nba-odds-2022-23
sbr:2022-23:2022-10-22:BOS:ORL,2022-23,2022-10-22,BOS,ORL,126,120,215.5,8.5,-360,300,https://www.sportsbookreviewsonline.com/scoresoddsarchives/nba-odds-2022-23
sbr:2022-23:2022-10-22:DET:IND,2022-23,2022-10-22,DET,IND,115,124,232.0,-1.0,-110,-110,https://www.sportsbookreviewsonline.com/scoresoddsarchives/nba-odds-2022-23
sbr:2022-23:2022-10-22:HOU:MIL,2022-23,2022-10-22,HOU,MIL,105,125,227.5,-13.5,650,-1000,https://www.sportsbookreviewsonline.com/scoresoddsarchives/nba-odds-2022-23
sbr:2022-23:2022-10-22:LAC:SAC,2022-23,2022-10-22,LAC,SAC,111,109,225.5,2.5,-140,120,https://www.sportsbookreviewsonline.com/scoresoddsarchives/nba-odds-2022-23
sbr:2022-23:2022-10-22:MEM:DAL,2022-23,2022-10-22,MEM,DAL,96,137,220.0,-6.0,170,-190,https://www.sportsbookreviewsonline.com/scoresoddsarchives/nba-odds-2022-23
sbr:2022-23:2022-10-22:OKC:DEN,2022-23,2022-10-22,OKC,DEN,117,122,227.0,-9.0,330,-400,https://www.sportsbookreviewsonline.com/scoresoddsarchives/nba-odds-2022-23
sbr:2022-23:2022-10-22:SAS:PHI,2022-23,2022-10-22,SAS,PHI,114,105,224.5,-13.5,700,-1100,https://www.sportsbookreviewsonline.com/scoresoddsarchives/nba-odds-2022-23
sbr:2022-23:2022-10-22:TOR:MIA,2022-23,2022-10-22,TOR,MIA,109,112,216.5,-3.5,140,-160,https://www.sportsbookreviewsonline.com/scoresoddsarchives/nba-odds-2022-23
sbr:2022-23:2022-10-23:CHA:ATL,2022-23,2022-10-23,CHA,ATL,126,109,227.5,-10.0,400,-500,https://www.sportsbookreviewsonline.com/scoresoddsarchives/nba-odds-2022-23
sbr:2022-23:2022-10-23:MIN:OKC,2022-23,2022-10-23,MIN,OKC,116,106,225.5,9.5,-420,350,https://www.sportsbookreviewsonline.com/scoresoddsarchives/nba-odds-2022-23
sbr:2022-23:2022-10-23:POR:LAL,2022-23,2022-10-23,POR,LAL,106,104,227.0,-4.0,150,-170,https://www.sportsbookreviewsonline.com/scoresoddsarchives/nba-odds-2022-23
sbr:2022-23:2022-10-23:SAC:GSW,2022-23,2022-10-23,SAC,GSW,125,130,232.5,-10.0,400,-500,https://www.sportsbookreviewsonline.com/scoresoddsarchives/nba-odds-2022-23
sbr:2022-23:2022-10-24:BKN:MEM,2022-23,2022-10-24,BKN,MEM,124,134,235.5,-1.5,100,-120,https://www.sportsbookreviewsonline.com/scoresoddsarchives/nba-odds-2022-23
sbr:2022-23:2022-10-24:BOS:CHI,2022-23,2022-10-24,BOS,CHI,102,120,225.5,5.5,-210,180,https://www.sportsbookreviewsonline.com/scoresoddsarchives/nba-odds-2022-23
sbr:2022-23:2022-10-24:DEN:POR,2022-23,2022-10-24,DEN,POR,110,135,227.5,5.0,-220,190,https://www.sportsbookreviewsonline.com/scoresoddsarchives/nba-odds-2022-23
sbr:2022-23:2022-10-24:IND:PHI,2022-23,2022-10-24,IND,PHI,106,120,228.5,-12.5,550,-800,https://www.sportsbookreviewsonline.com/scoresoddsarchives/nba-odds-2022-23
sbr:2022-23:2022-10-24:ORL:NYK,2022-23,2022-10-24,ORL,NYK,102,115,223.0,-7.5,250,-300,https://www.sportsbookreviewsonline.com/scoresoddsarchives/nba-odds-2022-23
sbr:2022-23:2022-10-24:SAS:MIN,2022-23,2022-10-24,SAS,MIN,115,106,234.5,-8.5,300,-360,https://www.sportsbookreviewsonline.com/scoresoddsarchives/nba-odds-2022-23
sbr:2022-23:2022-10-24:TOR:MIA,2022-23,2022-10-24,TOR,MIA,98,90,214.0,-3.5,150,-170,https://www.sportsbookreviewsonline.com/scoresoddsarchives/nba-odds-2022-23
sbr:2022-23:2022-10-25:DAL:NOP,2022-23,2022-10-25,DAL,NOP,111,113,218.5,5.0,-210,180,https://www.sportsbookreviewsonline.com/scoresoddsarchives/nba-odds-2022-23
sbr:2022-23:2022-10-25:DET:WAS,2022-23,2022-10-25,DET,WAS,99,120,221.0,-5.5,190,-220,https://www.sportsbookreviewsonline.com/scoresoddsarchives/nba-odds-2022-23
sbr:2022-23:2022-10-25:GSW:PHX,2022-23,2022-10-25,GSW,PHX,105,134,227.5,-1.5,100,-120,https://www.sportsbookreviewsonline.com/scoresoddsarchives/nba-odds-2022-23
sbr:2022-23:2022-10-25:LAC:OKC,2022-23,2022-10-25,LAC,OKC,94,108,217.5,5.5,-220,190,https://www.sportsbookreviewsonline.com/scoresoddsarchives/nba-odds-2022-23
sbr:2022-23:2022-10-26:ATL:DET,2022-23,2022-10-26,ATL,DET,118,113,229.0,7.5,-300,250,https://www.sportsbookreviewsonline.com/scoresoddsarchives/nba-odds-2022-23
sbr:2022-23:2022-10-26:BKN:MIL,2022-23,2022-10-26,BKN,MIL,99,110,230.0,-3.0,140,-160,https://www.sportsbookreviewsonline.com/scoresoddsarchives/nba-odds-2022-23
sbr:2022-23:2022-10-26:HOU:UTA,2022-23,2022-10-26,HOU,UTA,101,109,232.5,-8.5,300,-360,https://www.sportsbookreviewsonline.com/scoresoddsarchives/nba-odds-2022-23
sbr:2022-23:2022-10-26:IND:CHI,2022-23,2022-10-26,IND,CHI,109,124,233.5,-7.0,240,-280,https://www.sportsbookreviewsonline.com/scoresoddsarchives/nba-odds-2022-23
sbr:2022-23:2022-10-26:LAL:DEN,2022-23,2022-10-26,LAL,DEN,99,110,230.5,-5.0,175,-200,https://www.sportsbookreviewsonline.com/scoresoddsarchives/nba-odds-2022-23
sbr:2022-23:2022-10-26:ORL:CLE,2022-23,2022-10-26,ORL,CLE,92,103,215.5,-9.0,325,-390,https://www.sportsbookreviewsonline.com/scoresoddsarchives/nba-odds-2022-23
sbr:2022-23:2022-10-26:PHI:TOR,2022-23,2022-10-26,PHI,TOR,109,119,211.5,-1.0,-105,-115,https://www.sportsbookreviewsonline.com/scoresoddsarchives/nba-odds-2022-23
sbr:2022-23:2022-10-26:SAS:MIN,2022-23,2022-10-26,SAS,MIN,122,134,235.0,-9.5,375,-450,https://www.sportsbookreviewsonline.com/scoresoddsarchives/nba-odds-2022-23
sbr:2022-23:2022-10-27:LAC:OKC,2022-23,2022-10-27,LAC,OKC,110,118,218.5,7.0,-260,220,https://www.sportsbookreviewsonline.com/scoresoddsarchives/nba-odds-2022-23
sbr:2022-23:2022-10-27:MEM:SAC,2022-23,2022-10-27,MEM,SAC,125,110,236.5,2.5,-140,120,https://www.sportsbookreviewsonline.com/scoresoddsarchives/nba-odds-2022-23
sbr:2022-23:2022-10-27:MIA:GSW,2022-23,2022-10-27,MIA,GSW,110,123,228.0,-6.0,200,-240,https://www.sportsbookreviewsonline.com/scoresoddsarchives/nba-odds-2022-23
sbr:2022-23:2022-10-28:ATL:DET,2022-23,2022-10-28,ATL,DET,136,112,229.5,6.0,-240,200,https://www.sportsbookreviewsonline.com/scoresoddsarchives/nba-odds-2022-23
sbr:2022-23:2022-10-28:CHA:ORL,2022-23,2022-10-28,CHA,ORL,93,113,220.5,1.5,-125,105,https://www.sportsbookreviewsonline.com/scoresoddsarchives/nba-odds-2022-23
sbr:2022-23:2022-10-28:CHI:SAS,2022-23,2022-10-28,CHI,SAS,124,129,230.5,4.0,-170,150,https://www.sportsbookreviewsonline.com/scoresoddsarchives/nba-odds-2022-23
sbr:2022-23:2022-10-28:HOU:POR,2022-23,2022-10-28,HOU,POR,111,125,222.5,-4.0,160,-180,https://www.sportsbookreviewsonline.com/scoresoddsarchives/nba-odds-2022-23
sbr:2022-23:2022-10-28:IND:WAS,2022-23,2022-10-28,IND,WAS,127,117,228.5,-4.5,180,-210,https://www.sportsbookreviewsonline.com/scoresoddsarchives/nba-odds-2022-23
sbr:2022-23:2022-10-28:LAL:MIN,2022-23,2022-10-28,LAL,MIN,102,111,232.0,-8.0,260,-310,https://www.sportsbookreviewsonline.com/scoresoddsarchives/nba-odds-2022-23
sbr:2022-23:2022-10-28:NOP:PHX,2022-23,2022-10-28,NOP,PHX,111,124,226.0,-8.0,265,-320,https://www.sportsbookreviewsonline.com/scoresoddsarchives/nba-odds-2022-23
sbr:2022-23:2022-10-28:NYK:MIL,2022-23,2022-10-28,NYK,MIL,108,119,223.5,-6.0,195,-230,https://www.sportsbookreviewsonline.com/scoresoddsarchives/nba-odds-2022-23
sbr:2022-23:2022-10-28:PHI:TOR,2022-23,2022-10-28,PHI,TOR,112,90,214.5,-3.5,140,-160,https://www.sportsbookreviewsonline.com/scoresoddsarchives/nba-odds-2022-23
sbr:2022-23:2022-10-28:UTA:DEN,2022-23,2022-10-28,UTA,DEN,101,117,232.0,-7.5,260,-310,https://www.sportsbookreviewsonline.com/scoresoddsarchives/nba-odds-2022-23
sbr:2022-23:2022-10-29:ATL:MIL,2022-23,2022-10-29,ATL,MIL,115,123,228.5,-5.5,185,-215,https://www.sportsbookreviewsonline.com/scoresoddsarchives/nba-odds-2022-23
sbr:2022-23:2022-10-29:IND:BKN,2022-23,2022-10-29,IND,BKN,125,116,239.5,-11.0,450,-600,https://www.sportsbookreviewsonline.com/scoresoddsarchives/nba-odds-2022-23
sbr:2022-23:2022-10-29:MEM:UTA,2022-23,2022-10-29,MEM,UTA,123,124,225.0,3.0,-160,140,https://www.sportsbookreviewsonline.com/scoresoddsarchives/nba-odds-2022-23
sbr:2022-23:2022-10-29:MIA:SAC,2022-23,2022-10-29,MIA,SAC,113,119,227.5,4.0,-165,145,https://www.sportsbookreviewsonline.com/scoresoddsarchives/nba-odds-2022-23
sbr:2022-23:2022-10-29:PHI:CHI,2022-23,2022-10-29,PHI,CHI,114,109,221.5,2.5,-140,120,https://www.sportsbookreviewsonline.com/scoresoddsarchives/nba-odds-2022-23
sbr:2022-23:2022-10-30:DEN:LAL,2022-23,2022-10-30,DEN,LAL,110,121,228.5,2.5,-150,130,https://www.sportsbookreviewsonline.com/scoresoddsarchives/nba-odds-2022-23
sbr:2022-23:2022-10-30:GSW:DET,2022-23,2022-10-30,GSW,DET,114,128,231.5,7.5,-310,260,https://www.sportsbookreviewsonline.com/scoresoddsarchives/nba-odds-2022-23
sbr:2022-23:2022-10-30:HOU:PHX,2022-23,2022-10-30,HOU,PHX,109,124,227.5,-13.0,600,-900,https://www.sportsbookreviewsonline.com/scoresoddsarchives/nba-odds-2022-23
sbr:2022-23:2022-10-30:MIN:SAS,2022-23,2022-10-30,MIN,SAS,98,107,237.5,6.0,-240,200,https://www.sportsbookreviewsonline.com/scoresoddsarchives/nba-odds-2022-23
sbr:2022-23:2022-10-30:NOP:LAC,2022-23,2022-10-30,NOP,LAC,112,91,226.0,-2.0,110,-130,https://www.sportsbookreviewsonline.com/scoresoddsarchives/nba-odds-2022-23
sbr:2022-23:2022-10-30:NYK:CLE,2022-23,2022-10-30,NYK,CLE,108,121,220.0,-4.0,150,-170,https://www.sportsbookreviewsonline.com/scoresoddsarchives/nba-odds-2022-23
sbr:2022-23:2022-10-30:ORL:DAL,2022-23,2022-10-30,ORL,DAL,105,114,211.5,-9.5,330,-400,https://www.sportsbookreviewsonline.com/scoresoddsarchives/nba-odds-2022-23
sbr:2022-23:2022-10-30:WAS:BOS,2022-23,2022-10-30,WAS,BOS,94,112,221.5,-9.5,350,-420,https://www.sportsbookreviewsonline.com/scoresoddsarchives/nba-odds-2022-23
sbr:2022-23:2022-10-31:ATL:TOR,2022-23,2022-10-31,ATL,TOR,109,139,222.5,-2.0,110,-130,https://www.sportsbookreviewsonline.com/scoresoddsarchives/nba-odds-2022-23
sbr:2022-23:2022-10-31:DET:MIL,2022-23,2022-10-31,DET,MIL,108,110,224.0,-13.5,600,-900,https://www.sportsbookreviewsonline.com/scoresoddsarchives/nba-odds-2022-23
sbr:2022-23:2022-10-31:HOU:LAC,2022-23,2022-10-31,HOU,LAC,93,95,225.5,-8.5,310,-370,https://www.sportsbookreviewsonline.com/scoresoddsarchives/nba-odds-2022-23
sbr:2022-23:2022-10-31:IND:BKN,2022-23,2022-10-31,IND,BKN,109,116,236.5,-8.0,270,-330,https://www.sportsbookreviewsonline.com/scoresoddsarchives/nba-odds-2022-23
sbr:2022-23:2022-10-31:MEM:UTA,2022-23,2022-10-31,MEM,UTA,105,121,231.5,2.5,-140,120,https://www.sportsbookreviewsonline.com/scoresoddsarchives/nba-odds-2022-23
sbr:2022-23:2022-10-31:PHI:WAS,2022-23,2022-10-31,PHI,WAS,118,111,216.0,2.5,-135,115,https://www.sportsbookreviewsonline.com/scoresoddsarchives/nba-odds-2022-23
sbr:2022-23:2022-11-01:CHI:BKN,2022-23,2022-11-01,CHI,BKN,108,99,233.0,-2.0,110,-130,https://www.sportsbookreviewsonline.com/scoresoddsarchives/nba-odds-2022-23
sbr:2022-23:2022-11-01:GSW:MIA,2022-23,2022-11-01,GSW,MIA,109,116,226.0,-1.5,-105,-115,https://www.sportsbookreviewsonline.com/scoresoddsarchives/nba-odds-2022-23
sbr:2022-23:2022-11-01:MIN:PHX,2022-23,2022-11-01,MIN,PHX,107,116,228.0,-4.0,150,-170,https://www.sportsbookreviewsonline.com/scoresoddsarchives/nba-odds-2022-23
sbr:2022-23:2022-11-01:ORL:OKC,2022-23,2022-11-01,ORL,OKC,108,116,216.5,-3.0,135,-155,https://www.sportsbookreviewsonline.com/scoresoddsarchives/nba-odds-2022-23
sbr:2022-23:2022-11-02:ATL:NYK,2022-23,2022-11-02,ATL,NYK,112,99,233.0,-2.5,115,-135,https://www.sportsbookreviewsonline.com/scoresoddsarchives/nba-odds-2022-23
sbr:2022-23:2022-11-02:CHA:CHI,2022-23,2022-11-02,CHA,CHI,88,106,225.0,-6.0,200,-240,https://www.sportsbookreviewsonline.com/scoresoddsarchives/nba-odds-2022-23
sbr:2022-23:2022-11-02:DET:MIL,2022-23,2022-11-02,DET,MIL,91,116,223.0,-11.5,475,-650,https://www.sportsbookreviewsonline.com/scoresoddsarchives/nba-odds-2022-23
sbr:2022-23:2022-11-02:LAC:HOU,2022-23,2022-11-02,LAC,HOU,109,101,223.0,6.0,-220,190,https://www.sportsbookreviewsonline.com/scoresoddsarchives/nba-odds-2022-23
sbr:2022-23:2022-11-02:MEM:POR,2022-23,2022-11-02,MEM,POR,111,106,227.5,5.5,-210,180,https://www.sportsbookreviewsonline.com/scoresoddsarchives/nba-odds-2022-23
sbr:2022-23:2022-11-02:SAC:MIA,2022-23,2022-11-02,SAC,MIA,107,110,220.5,-4.5,170,-190,https://www.sportsbookreviewsonline.com/scoresoddsarchives/nba-odds-2022-23
sbr:2022-23:2022-11-02:TOR:SAS,2022-23,2022-11-02,TOR,SAS,143,100,223.5,6.5,-250,210,https://www.sportsbookreviewsonline.com/scoresoddsarchives/nba-odds-2022-23
sbr:2022-23:2022-11-02:UTA:DAL,2022-23,2022-11-02,UTA,DAL,100,103,222.0,-6.5,210,-250,https://www.sportsbookreviewsonline.com/scoresoddsarchives/nba-odds-2022-23
sbr:2022-23:2022-11-02:WAS:PHI,2022-23,2022-11-02,WAS,PHI,121,111,217.0,-5.5,190,-220,https://www.sportsbookreviewsonline.com/scoresoddsarchives/nba-odds-2022-23
sbr:2022-23:2022-11-03:DEN:OKC,2022-23,2022-11-03,DEN,OKC,122,110,228.5,6.5,-250,210,https://www.sportsbookreviewsonline.com/scoresoddsarchives/nba-odds-2022-23
sbr:2022-23:2022-11-03:GSW:ORL,2022-23,2022-11-03,GSW,ORL,129,130,226.0,9.5,-420,350,https://www.sportsbookreviewsonline.com/scoresoddsarchives/nba-odds-2022-23
sbr:2022-23:2022-11-04:BKN:WAS,2022-23,2022-11-04,BKN,WAS,128,86,222.5,-3.0,130,-150,https://www.sportsbookreviewsonline.com/scoresoddsarchives/nba-odds-2022-23
sbr:2022-23:2022-11-04:CHA:MEM,2022-23,2022-11-04,CHA,MEM,99,130,226.5,-11.0,450,-600,https://www.sportsbookreviewsonline.com/scoresoddsarchives/nba-odds-2022-23
sbr:2022-23:2022-11-04:CHI:BOS,2022-23,2022-11-04,CHI,BOS,119,123,223.5,-7.0,230,-270,https://www.sportsbookreviewsonline.com/scoresoddsarchives/nba-odds-2022-23
sbr:2022-23:2022-11-04:CLE:DET,2022-23,2022-11-04,CLE,DET,112,88,215.0,3.5,-165,145,https://www.sportsbookreviewsonline.com/scoresoddsarchives/nba-odds-2022-23
sbr:2022-23:2022-11-04:GSW:NOP,2022-23,2022-11-04,GSW,NOP,105,114,226.5,-10.5,400,-500,https://www.sportsbookreviewsonline.com/scoresoddsarchives/nba-odds-2022-23
sbr:2022-23:2022-11-04:LAC:SAS,2022-23,2022-11-04,LAC,SAS,113,106,225.5,3.5,-160,140,https://www.sportsbookreviewsonline.com/scoresoddsarchives/nba-odds-2022-23
sbr:2022-23:2022-11-04:MIA:IND,2022-23,2022-11-04,MIA,IND,99,101,225.0,3.0,-150,130,https://www.sportsbookreviewsonline.com/scoresoddsarchives/nba-odds-2022-23
sbr:2022-23:2022-11-04:MIL:MIN,2022-23,2022-11-04,MIL,MIN,115,102,225.5,2.0,-135,115,https://www.sportsbookreviewsonline.com/scoresoddsarchives/nba-odds-2022-23
sbr:2022-23:2022-11-04:NYK:PHI,2022-23,2022-11-04,NYK,PHI,106,104,220.5,-1.0,110,-130,https://www.sportsbookreviewsonline.com/scoresoddsarchives/nba-odds-2022-23
sbr:2022-23:2022-11-04:POR:PHX,2022-23,2022-11-04,POR,PHX,108,106,217.0,-12.5,500,-700,https://www.sportsbookreviewsonline.com/scoresoddsarchives/nba-odds-2022-23
sbr:2022-23:2022-11-04:TOR:DAL,2022-23,2022-11-04,TOR,DAL,110,111,215.5,-4.5,160,-180,https://www.sportsbookreviewsonline.com/scoresoddsarchives/nba-odds-2022-23
sbr:2022-23:2022-11-05:BKN:CHA,2022-23,2022-11-05,BKN,CHA,98,94,224.0,3.5,-160,140,https://www.sportsbookreviewsonline.com/scoresoddsarchives/nba-odds-2022-23
sbr:2022-23:2022-11-05:BOS:NYK,2022-23,2022-11-05,BOS,NYK,133,118,227.0,4.5,-175,155,https://www.sportsbookreviewsonline.com/scoresoddsarchives/nba-odds-2022-23
sbr:2022-23:2022-11-05:HOU:MIN,2022-23,2022-11-05,HOU,MIN,117,129,234.0,-8.0,250,-300,https://www.sportsbookreviewsonline.com/scoresoddsarchives/nba-odds-2022-23
sbr:2022-23:2022-11-05:OKC:MIL,2022-23,2022-11-05,OKC,MIL,94,108,219.0,-5.5,180,-210,https://www.sportsbookreviewsonline.com/scoresoddsarchives/nba-odds-2022-23
sbr:2022-23:2022-11-05:POR:PHX,2022-23,2022-11-05,POR,PHX,82,102,215.5,-12.5,475,-650,https://www.sportsbookreviewsonline.com/scoresoddsarchives/nba-odds-2022-23
sbr:2022-23:2022-11-05:SAS:DEN,2022-23,2022-11-05,SAS,DEN,101,126,235.5,-11.5,450,-600,https://www.sportsbookreviewsonline.com/scoresoddsarchives/nba-odds-2022-23
sbr:2022-23:2022-11-06:CHI:TOR,2022-23,2022-11-06,CHI,TOR,104,113,219.5,-4.0,155,-175,https://www.sportsbookreviewsonline.com/scoresoddsarchives/nba-odds-2022-23
sbr:2022-23:2022-11-06:CLE:LAL,2022-23,2022-11-06,CLE,LAL,114,100,222.5,5.5,-210,180,https://www.sportsbookreviewsonline.com/scoresoddsarchives/nba-odds-2022-23
sbr:2022-23:2022-11-06:UTA:LAC,2022-23,2022-11-06,UTA,LAC,110,102,218.5,-4.0,150,-170,https://www.sportsbookreviewsonline.com/scoresoddsarchives/nba-odds-2022-23
sbr:2022-23:2022-11-06:WAS:MEM,2022-23,2022-11-06,WAS,MEM,97,103,224.0,-9.5,330,-400,https://www.sportsbookreviewsonline.com/scoresoddsarchives/nba-odds-2022-23
sbr:2022-23:2022-11-07:BKN:DAL,2022-23,2022-11-07,BKN,DAL,94,96,216.0,-6.0,190,-220,https://www.sportsbookreviewsonline.com/scoresoddsarchives/nba-odds-2022-23
sbr:2022-23:2022-11-07:BOS:MEM,2022-23,2022-11-07,BOS,MEM,109,106,233.0,3.5,-160,140,https://www.sportsbookreviewsonline.com/scoresoddsarchives/nba-odds-2022-23
sbr:2022-23:2022-11-07:DEN:SAS,2022-23,2022-11-07,DEN,SAS,115,109,234.5,7.5,-330,270,https://www.sportsbookreviewsonline.com/scoresoddsarchives/nba-odds-2022-23
sbr:2022-23:2022-11-07:HOU:ORL,2022-23,2022-11-07,HOU,ORL,134,127,224.0,-5.0,170,-190,https://www.sportsbookreviewsonline.com/scoresoddsarchives/nba-odds-2022-23
sbr:2022-23:2022-11-07:LAL:UTA,2022-23,2022-11-07,LAL,UTA,116,139,224.5,-7.0,235,-275,https://www.sportsbookreviewsonline.com/scoresoddsarchives/nba-odds-2022-23
sbr:2022-23:2022-11-07:MIL:ATL,2022-23,2022-11-07,MIL,ATL,98,117,219.5,5.5,-220,190,https://www.sportsbookreviewsonline.com/scoresoddsarchives/nba-odds-2022-23
sbr:2022-23:2022-11-07:NOP:IND,2022-23,2022-11-07,NOP,IND,122,129,233.5,5.0,-190,170,https://www.sportsbookreviewsonline.com/scoresoddsarchives/nba-odds-2022-23
sbr:2022-23:2022-11-07:NYK:MIN,2022-23,2022-11-07,NYK,MIN,120,107,235.5,-2.5,120,-140,https://www.sportsbookreviewsonline.com/scoresoddsarchives/nba-odds-2022-23
sbr:2022-23:2022-11-07:PHX:PHI,2022-23,2022-11-07,PHX,PHI,88,100,215.0,1.0,-130,110,https://www.sportsbookreviewsonline.com/scoresoddsarchives/nba-odds-2022-23
sbr:2022-23:2022-11-07:POR:MIA,2022-23,2022-11-07,POR,MIA,110,107,216.5,-5.0,175,-200,https://www.sportsbookreviewsonline.com/scoresoddsarchives/nba-odds-2022-23
sbr:2022-23:2022-11-07:SAC:GSW,2022-23,2022-11-07,SAC,GSW,113,116,235.5,-8.0,270,-330,https://www.sportsbookreviewsonline.com/scoresoddsarchives/nba-odds-2022-23
sbr:2022-23:2022-11-07:TOR:CHI,2022-23,2022-11-07,TOR,CHI,97,111,221.5,-2.0,115,-135,https://www.sportsbookreviewsonline.com/scoresoddsarchives/nba-odds-2022-23
sbr:2022-23:2022-11-07:WAS:CHA,2022-23,2022-11-07,WAS,CHA,108,100,213.5,-2.0,110,-130,https://www.sportsbookreviewsonline.com/scoresoddsarchives/nba-odds-2022-23
sbr:2022-23:2022-11-09:CLE:SAC,2022-23,2022-11-09,CLE,SAC,120,127,228.0,4.0,-170,150,https://www.sportsbookreviewsonline.com/scoresoddsarchives/nba-odds-2022-23
sbr:2022-23:2022-11-09:DAL:ORL,2022-23,2022-11-09,DAL,ORL,87,94,212.5,8.5,-380,320,https://www.sportsbookreviewsonline.com/scoresoddsarchives/nba-odds-2022-23
sbr:2022-23:2022-11-09:DEN:IND,2022-23,2022-11-09,DEN,IND,122,119,236.0,5.0,-190,170,https://www.sportsbookreviewsonline.com/scoresoddsarchives/nba-odds-2022-23
sbr:2022-23:2022-11-09:DET:BOS,2022-23,2022-11-09,DET,BOS,112,128,226.0,-13.5,550,-800,https://www.sportsbookreviewsonline.com/scoresoddsarchives/nba-odds-2022-23
sbr:2022-23:2022-11-09:HOU:TOR,2022-23,2022-11-09,HOU,TOR,109,116,224.5,-10.0,375,-450,https://www.sportsbookreviewsonline.com/scoresoddsarchives/nba-odds-2022-23
sbr:2022-23:2022-11-09:LAL:LAC,2022-23,2022-11-09,LAL,LAC,101,114,219.0,-3.0,130,-150,https://www.sportsbookreviewsonline.com/scoresoddsarchives/nba-odds-2022-23
sbr:2022-23:2022-11-09:NYK:BKN,2022-23,2022-11-09,NYK,BKN,85,112,221.0,-3.5,140,-160,https://www.sportsbookreviewsonline.com/scoresoddsarchives/nba-odds-2022-23
sbr:2022-23:2022-11-09:POR:CHA,2022-23,2022-11-09,POR,CHA,105,95,221.5,2.0,-130,110,https://www.sportsbookreviewsonline.com/scoresoddsarchives/nba-odds-2022-23
sbr:2022-23:2022-11-09:UTA:ATL,2022-23,2022-11-09,UTA,ATL,125,119,231.5,-4.5,160,-180,https://www.sportsbookreviewsonline.com/scoresoddsarchives/nba-odds-2022-23
sbr:2022-23:2022-11-10:DAL:WAS,2022-23,2022-11-10,DAL,WAS,105,113,209.5,6.0,-220,190,https://www.sportsbookreviewsonline.com/scoresoddsarchives/nba-odds-2022-23
sbr:2022-23:2022-11-10:PHI:ATL,2022-23,2022-11-10,PHI,ATL,95,104,222.0,-1.0,100,-120,https://www.sportsbookreviewsonline.com/scoresoddsarchives/nba-odds-2022-23
sbr:2022-23:2022-11-10:POR:NOP,2022-23,2022-11-10,POR,NOP,106,95,223.0,-10.0,330,-400,https://www.sportsbookreviewsonline.com/scoresoddsarchives/nba-odds-2022-23
sbr:2022-23:2022-11-11:CLE:GSW,2022-23,2022-11-11,CLE,GSW,101,106,231.5,-3.0,130,-150,https://www.sportsbookreviewsonline.com/scoresoddsarchives/nba-odds-2022-23
sbr:2022-23:2022-11-11:DEN:BOS,2022-23,2022-11-11,DEN,BOS,112,131,230.5,-4.5,160,-180,https://www.sportsbookreviewsonline.com/scoresoddsarchives/nba-odds-2022-23
sbr:2022-23:2022-11-11:DET:NYK,2022-23,2022-11-11,DET,NYK,112,121,224.0,-9.5,320,-380,https://www.sportsbookreviewsonline.com/scoresoddsarchives/nba-odds-2022-23
sbr:2022-23:2022-11-11:MIN:MEM,2022-23,2022-11-11,MIN,MEM,103,114,234.5,-4.0,150,-170,https://www.sportsbookreviewsonline.com/scoresoddsarchives/nba-odds-2022-23
sbr:2022-23:2022-11-11:PHX:ORL,2022-23,2022-11-11,PHX,ORL,97,114,215.5,7.5,-300,250,https://www.sportsbookreviewsonline.com/scoresoddsarchives/nba-odds-2022-23
sbr:2022-23:2022-11-11:SAC:LAL,2022-23,2022-11-11,SAC,LAL,120,114,233.0,4.0,-170,150,https://www.sportsbookreviewsonline.com/scoresoddsarchives/nba-odds-2022-23
sbr:2022-23:2022-11-11:TOR:OKC,2022-23,2022-11-11,TOR,OKC,113,132,219.5,5.0,-200,175,https://www.sportsbookreviewsonline.com/scoresoddsarchives/nba-odds-2022-23
sbr:2022-23:2022-11-12:ATL:PHI,2022-23,2022-11-12,ATL,PHI,109,121,223.0,-3.0,130,-150,https://www.sportsbookreviewsonline.com/scoresoddsarchives/nba-odds-2022-23
sbr:2022-23:2022-11-12:BKN:LAC,2022-23,2022-11-12,BKN,LAC,110,95,212.0,-1.5,100,-120,https://www.sportsbookreviewsonline.com/scoresoddsarchives/nba-odds-2022-23
sbr:2022-23:2022-11-12:BOS:DET,2022-23,2022-11-12,BOS,DET,117,108,225.0,8.5,-370,310,https://www.sportsbookreviewsonline.com/scoresoddsarchives/nba-odds-2022-23
sbr:2022-23:2022-11-12:CHA:MIA,2022-23,2022-11-12,CHA,MIA,115,132,214.5,-8.0,150,-170,https://www.sportsbookreviewsonline.com/scoresoddsarchives/nba-odds-2022-23
sbr:2022-23:2022-11-12:HOU:NOP,2022-23,2022-11-12,HOU,NOP,106,119,233.5,-11.0,400,-500,https://www.sportsbookreviewsonline.com/scoresoddsarchives/nba-odds-2022-23
sbr:2022-23:2022-11-12:POR:DAL,2022-23,2022-11-12,POR,DAL,112,117,219.0,-6.5,215,-255,https://www.sportsbookreviewsonline.com/scoresoddsarchives/nba-odds-2022-23
sbr:2022-23:2022-11-12:UTA:WAS,2022-23,2022-11-12,UTA,WAS,112,121,221.0,4.0,-180,160,https://www.sportsbookreviewsonline.com/scoresoddsarchives/nba-odds-2022-23
sbr:2022-23:2022-11-13:BKN:LAL,2022-23,2022-11-13,BKN,LAL,103,116,217.5,5.0,-200,175,https://www.sportsbookreviewsonline.com/scoresoddsarchives/nba-odds-2022-23
sbr:2022-23:2022-11-13:GSW:SAC,2022-23,2022-11-13,GSW,SAC,115,122,236.5,4.0,-180,160,https://www.sportsbookreviewsonline.com/scoresoddsarchives/nba-odds-2022-23
sbr:2022-23:2022-11-13:MIN:CLE,2022-23,2022-11-13,MIN,CLE,129,124,221.0,0.0,-110,-110,https://www.sportsbookreviewsonline.com/scoresoddsarchives/nba-odds-2022-23
sbr:2022-23:2022-11-13:OKC:NYK,2022-23,2022-11-13,OKC,NYK,145,135,226.0,-5.5,180,-210,https://www.sportsbookreviewsonline.com/scoresoddsarchives/nba-odds-2022-23
sbr:2022-23:2022-11-13:UTA:PHI,2022-23,2022-11-13,UTA,PHI,98,105,217.5,-3.5,140,-160,https://www.sportsbookreviewsonline.com/scoresoddsarchives/nba-odds-2022-23
sbr:2022-23:2022-11-14:ATL:MIL,2022-23,2022-11-14,ATL,MIL,121,106,226.0,-4.0,150,-170,https://www.sportsbookreviewsonline.com/scoresoddsarchives/nba-odds-2022-23
sbr:2022-23:2022-11-14:LAC:HOU,2022-23,2022-11-14,LAC,HOU,122,106,219.5,5.0,-190,170,https://www.sportsbookreviewsonline.com/scoresoddsarchives/nba-odds-2022-23
sbr:2022-23:2022-11-14:OKC:BOS,2022-23,2022-11-14,OKC,BOS,122,126,229.0,-12.0,475,-650,https://www.sportsbookreviewsonline.com/scoresoddsarchives/nba-odds-2022-23
sbr:2022-23:2022-11-14:PHX:MIA,2022-23,2022-11-14,PHX,MIA,112,113,216.0,-2.5,120,-140,https://www.sportsbookreviewsonline.com/scoresoddsarchives/nba-odds-2022-23
sbr:2022-23:2022-11-14:SAS:GSW,2022-23,2022-11-14,SAS,GSW,95,132,234.0,-9.0,320,-380,https://www.sportsbookreviewsonline.com/scoresoddsarchives/nba-odds-2022-23
sbr:2022-23:2022-11-14:TOR:DET,2022-23,2022-11-14,TOR,DET,115,111,218.5,4.5,-170,150,https://www.sportsbookreviewsonline.com/scoresoddsarchives/nba-odds-2022-23
sbr:2022-23:2022-11-15:BKN:SAC,2022-23,2022-11-15,BKN,SAC,121,153,225.0,-2.0,105,-125,https://www.sportsbookreviewsonline.com/scoresoddsarchives/nba-odds-2022-23
sbr:2022-23:2022-11-15:LAC:DAL,2022-23,2022-11-15,LAC,DAL,101,103,212.5,-6.5,220,-260,https://www.sportsbookreviewsonline.com/scoresoddsarchives/nba-odds-2022-23
sbr:2022-23:2022-11-15:MEM:NOP,2022-23,2022-11-15,MEM,NOP,102,113,223.5,-1.5,100,-120,https://www.sportsbookreviewsonline.com/scoresoddsarchives/nba-odds-2022-23
sbr:2022-23:2022-11-15:NYK:UTA,2022-23,2022-11-15,NYK,UTA,118,111,231.5,-4.0,155,-175,https://www.sportsbookreviewsonline.com/scoresoddsarchives/nba-odds-2022-23
sbr:2022-23:2022-11-15:SAS:POR,2022-23,2022-11-15,SAS,POR,110,117,226.0,-8.5,300,-360,https://www.sportsbookreviewsonline.com/scoresoddsarchives/nba-odds-2022-23
sbr:2022-23:2022-11-16:CHI:NOP,2022-23,2022-11-16,CHI,NOP,110,124,226.5,-1.5,105,-125,https://www.sportsbookreviewsonline.com/scoresoddsarchives/nba-odds-2022-23
sbr:2022-23:2022-11-16:CLE:MIL,2022-23,2022-11-16,CLE,MIL,98,113,218.0,-2.0,110,-130,https://www.sportsbookreviewsonline.com/scoresoddsarchives/nba-odds-2022-23
sbr:2022-23:2022-11-16:HOU:DAL,2022-23,2022-11-16,HOU,DAL,101,92,218.0,-6.5,210,-250,https://www.sportsbookreviewsonline.com/scoresoddsarchives/nba-odds-2022-23
sbr:2022-23:2022-11-16:MIA:TOR,2022-23,2022-11-16,MIA,TOR,104,112,216.5,-3.5,140,-160,https://www.sportsbookreviewsonline.com/scoresoddsarchives/nba-odds-2022-23
sbr:2022-23:2022-11-16:MIN:ORL,2022-23,2022-11-16,MIN,ORL,126,108,224.0,8.0,-300,250,https://www.sportsbookreviewsonline.com/scoresoddsarchives/nba-odds-2022-23
sbr:2022-23:2022-11-16:NYK:DEN,2022-23,2022-11-16,NYK,DEN,106,103,226.0,-2.0,110,-130,https://www.sportsbookreviewsonline.com/scoresoddsarchives/nba-odds-2022-23
sbr:2022-23:2022-11-16:OKC:WAS,2022-23,2022-11-16,OKC,WAS,121,120,230.5,-5.0,170,-190,https://www.sportsbookreviewsonline.com/scoresoddsarchives/nba-odds-2022-23
sbr:2022-23:2022-11-17:BKN:POR,2022-23,2022-11-17,BKN,POR,109,107,220.5,-3.0,120,-140,https://www.sportsbookreviewsonline.com/scoresoddsarchives/nba-odds-2022-23
sbr:2022-23:2022-11-17:DET:LAC,2022-23,2022-11-17,DET,LAC,91,96,219.0,-10.5,400,-500,https://www.sportsbookreviewsonline.com/scoresoddsarchives/nba-odds-2022-23
sbr:2022-23:2022-11-17:SAS:SAC,2022-23,2022-11-17,SAS,SAC,112,130,236.5,-7.5,245,-290,https://www.sportsbookreviewsonline.com/scoresoddsarchives/nba-odds-2022-23
sbr:2022-23:2022-11-18:BOS:NOP,2022-23,2022-11-18,BOS,NOP,117,109,227.5,3.0,-150,130,https://www.sportsbookreviewsonline.com/scoresoddsarchives/nba-odds-2022-23
sbr:2022-23:2022-11-18:DEN:DAL,2022-23,2022-11-18,DEN,DAL,99,127,216.0,-10.0,330,-400,https://www.sportsbookreviewsonline.com/scoresoddsarchives/nba-odds-2022-23
sbr:2022-23:2022-11-18:DET:LAL,2022-23,2022-11-18,DET,LAL,121,128,225.5,-6.0,210,-250,https://www.sportsbookreviewsonline.com/scoresoddsarchives/nba-odds-2022-23
sbr:2022-23:2022-11-18:IND:HOU,2022-23,2022-11-18,IND,HOU,99,91,236.0,5.5,-220,190,https://www.sportsbookreviewsonline.com/scoresoddsarchives/nba-odds-2022-23
sbr:2022-23:2022-11-18:NYK:GSW,2022-23,2022-11-18,NYK,GSW,101,111,234.5,-7.5,230,-270,https://www.sportsbookreviewsonline.com/scoresoddsarchives/nba-odds-2022-23
sbr:2022-23:2022-11-18:OKC:MEM,2022-23,2022-11-18,OKC,MEM,110,121,230.0,-6.5,200,-240,https://www.sportsbookreviewsonline.com/scoresoddsarchives/nba-odds-2022-23
sbr:2022-23:2022-11-18:ORL:CHI,2022-23,2022-11-18,ORL,CHI,108,107,221.0,-8.5,320,-385,https://www.sportsbookreviewsonline.com/scoresoddsarchives/nba-odds-2022-23
sbr:2022-23:2022-11-18:PHX:UTA,2022-23,2022-11-18,PHX,UTA,133,134,228.0,1.0,-115,-105,https://www.sportsbookreviewsonline.com/scoresoddsarchives/nba-odds-2022-23
sbr:2022-23:2022-11-19:ORL:IND,2022-23,2022-11-19,ORL,IND,113,114,226.5,-7.5,260,-310,https://www.sportsbookreviewsonline.com/scoresoddsarchives/nba-odds-2022-23
sbr:2022-23:2022-11-19:SAS:LAC,2022-23,2022-11-19,SAS,LAC,97,119,221.0,-8.5,330,-400,https://www.sportsbookreviewsonline.com/scoresoddsarchives/nba-odds-2022-23
sbr:2022-23:2022-11-19:UTA:POR,2022-23,2022-11-19,UTA,POR,118,113,228.0,-4.5,165,-185,https://www.sportsbookreviewsonline.com/scoresoddsarchives/nba-odds-2022-23
sbr:2022-23:2022-11-20:CHA:WAS,2022-23,2022-11-20,CHA,WAS,102,106,220.5,-5.0,170,-190,https://www.sportsbookreviewsonline.com/scoresoddsarchives/nba-odds-2022-23
sbr:2022-23:2022-11-20:DEN:DAL,2022-23,2022-11-20,DEN,DAL,98,97,217.5,-10.5,400,-500,https://www.sportsbookreviewsonline.com/scoresoddsarchives/nba-odds-2022-23
sbr:2022-23:2022-11-20:DET:SAC,2022-23,2022-11-20,DET,SAC,129,137,234.5,-10.5,425,-550,https://www.sportsbookreviewsonline.com/scoresoddsarchives/nba-odds-2022-23
sbr:2022-23:2022-11-20:GSW:HOU,2022-23,2022-11-20,GSW,HOU,127,120,233.0,10.5,-500,400,https://www.sportsbookreviewsonline.com/scoresoddsarchives/nba-odds-2022-23
sbr:2022-23:2022-11-20:MEM:BKN,2022-23,2022-11-20,MEM,BKN,115,127,224.0,-7.5,250,-300,https://www.sportsbookreviewsonline.com/scoresoddsarchives/nba-odds-2022-23
sbr:2022-23:2022-11-20:MIA:CLE,2022-23,2022-11-20,MIA,CLE,87,113,213.0,-7.0,225,-265,https://www.sportsbookreviewsonline.com/scoresoddsarchives/nba-odds-2022-23
sbr:2022-23:2022-11-20:NYK:PHX,2022-23,2022-11-20,NYK,PHX,95,116,227.0,-6.0,200,-240,https://www.sportsbookreviewsonline.com/scoresoddsarchives/nba-odds-2022-23
sbr:2022-23:2022-11-20:SAS:LAL,2022-23,2022-11-20,SAS,LAL,92,123,228.0,-6.0,200,-240,https://www.sportsbookreviewsonline.com/scoresoddsarchives/nba-odds-2022-23
sbr:2022-23:2022-11-21:ATL:CLE,2022-23,2022-11-21,ATL,CLE,102,114,228.0,-3.5,130,-150,https://www.sportsbookreviewsonline.com/scoresoddsarchives/nba-odds-2022-23
sbr:2022-23:2022-11-21:BOS:CHI,2022-23,2022-11-21,BOS,CHI,107,121,230.0,5.5,-200,175,https://www.sportsbookreviewsonline.com/scoresoddsarchives/nba-odds-2022-23
sbr:2022-23:2022-11-21:GSW:NOP,2022-23,2022-11-21,GSW,NOP,83,128,227.5,-11.5,450,-600,https://www.sportsbookreviewsonline.com/scoresoddsarchives/nba-odds-2022-23
sbr:2022-23:2022-11-21:MIA:MIN,2022-23,2022-11-21,MIA,MIN,101,105,220.5,-8.5,300,-360,https://www.sportsbookreviewsonline.com/scoresoddsarchives/nba-odds-2022-23
sbr:2022-23:2022-11-21:NYK:OKC,2022-23,2022-11-21,NYK,OKC,129,119,227.5,-2.0,105,-125,https://www.sportsbookreviewsonline.com/scoresoddsarchives/nba-odds-2022-23
sbr:2022-23:2022-11-21:ORL:IND,2022-23,2022-11-21,ORL,IND,102,123,225.5,-7.0,230,-270,https://www.sportsbookreviewsonline.com/scoresoddsarchives/nba-odds-2022-23
sbr:2022-23:2022-11-21:POR:MIL,2022-23,2022-11-21,POR,MIL,111,119,214.0,-9.5,375,-450,https://www.sportsbookreviewsonline.com/scoresoddsarchives/nba-odds-2022-23
sbr:2022-23:2022-11-21:UTA:LAC,2022-23,2022-11-21,UTA,LAC,114,121,222.5,-2.0,120,-140,https://www.sportsbookreviewsonline.com/scoresoddsarchives/nba-odds-2022-23
sbr:2022-23:2022-11-22:BKN:PHI,2022-23,2022-11-22,BKN,PHI,106,115,217.0,8.0,-320,265,https://www.sportsbookreviewsonline.com/scoresoddsarchives/nba-odds-2022-23
sbr:2022-23:2022-11-22:DET:DEN,2022-23,2022-11-22,DET,DEN,110,108,227.5,-12.0,475,-650,https://www.sportsbookreviewsonline.com/scoresoddsarchives/nba-odds-2022-23
sbr:2022-23:2022-11-22:LAL:PHX,2022-23,2022-11-22,LAL,PHX,105,115,227.0,-9.5,350,-420,https://www.sportsbookreviewsonline.com/scoresoddsarchives/nba-odds-2022-23
sbr:2022-23:2022-11-22:SAC:MEM,2022-23,2022-11-22,SAC,MEM,113,109,237.0,-3.0,130,-150,https://www.sportsbookreviewsonline.com/scoresoddsarchives/nba-odds-2022-23
sbr:2022-23:2022-11-23:CHI:MIL,2022-23,2022-11-23,CHI,MIL,118,113,224.0,-7.0,220,-260,https://www.sportsbookreviewsonline.com/scoresoddsarchives/nba-odds-2022-23
sbr:2022-23:2022-11-23:DAL:BOS,2022-23,2022-11-23,DAL,BOS,112,125,221.0,-6.0,185,-215,https://www.sportsbookreviewsonline.com/scoresoddsarchives/nba-odds-2022-23
sbr:2022-23:2022-11-23:DET:UTA,2022-23,2022-11-23,DET,UTA,125,116,233.5,-12.0,475,-650,https://www.sportsbookreviewsonline.com/scoresoddsarchives/nba-odds-2022-23
sbr:2022-23:2022-11-23:LAC:GSW,2022-23,2022-11-23,LAC,GSW,107,124,222.5,-10.0,375,-450,https://www.sportsbookreviewsonline.com/scoresoddsarchives/nba-odds-2022-23
sbr:2022-23:2022-11-23:NOP:SAS,2022-23,2022-11-23,NOP,SAS,129,110,227.5,5.5,-200,175,https://www.sportsbookreviewsonline.com/scoresoddsarchives/nba-odds-2022-23
sbr:2022-23:2022-11-23:PHI:CHA,2022-23,2022-11-23,PHI,CHA,101,107,215.5,-4.0,155,-175,https://www.sportsbookreviewsonline.com/scoresoddsarchives/nba-odds-2022-23
sbr:2022-23:2022-11-23:POR:CLE,2022-23,2022-11-23,POR,CLE,96,114,213.5,-7.5,240,-280,https://www.sportsbookreviewsonline.com/scoresoddsarchives/nba-odds-2022-23
sbr:2022-23:2022-11-23:SAC:ATL,2022-23,2022-11-23,SAC,ATL,106,115,241.5,-4.5,165,-185,https://www.sportsbookreviewsonline.com/scoresoddsarchives/nba-odds-2022-23
sbr:2022-23:2022-11-23:WAS:MIA,2022-23,2022-11-23,WAS,MIA,105,113,209.5,-5.0,170,-190,https://www.sportsbookreviewsonline.com/scoresoddsarchives/nba-odds-2022-23
sbr:2022-23:2022-11-25:ATL:HOU,2022-23,2022-11-25,ATL,HOU,122,128,232.5,7.0,-290,245,https://www.sportsbookreviewsonline.com/scoresoddsarchives/nba-odds-2022-23
sbr:2022-23:2022-11-25:BKN:IND,2022-23,2022-11-25,BKN,IND,117,128,233.5,3.5,-155,135,https://www.sportsbookreviewsonline.com/scoresoddsarchives/nba-odds-2022-23
sbr:2022-23:2022-11-25:CLE:MIL,2022-23,2022-11-25,CLE,MIL,102,117,215.5,-4.0,160,-180,https://www.sportsbookreviewsonline.com/scoresoddsarchives/nba-odds-2022-23
sbr:2022-23:2022-11-25:DEN:LAC,2022-23,2022-11-25,DEN,LAC,114,104,219.0,4.0,-170,150,https://www.sportsbookreviewsonline.com/scoresoddsarchives/nba-odds-2022-23
sbr:2022-23:2022-11-25:DET:PHX,2022-23,2022-11-25,DET,PHX,102,108,224.5,-12.0,600,-900,https://www.sportsbookreviewsonline.com/scoresoddsarchives/nba-odds-2022-23
sbr:2022-23:2022-11-25:LAL:SAS,2022-23,2022-11-25,LAL,SAS,105,94,235.0,4.0,-165,145,https://www.sportsbookreviewsonline.com/scoresoddsarchives/nba-odds-2022-23
sbr:2022-23:2022-11-25:MIN:CHA,2022-23,2022-11-25,MIN,CHA,108,110,226.5,6.5,-250,210,https://www.sportsbookreviewsonline.com/scoresoddsarchives/nba-odds-2022-23
sbr:2022-23:2022-11-25:NOP:MEM,2022-23,2022-11-25,NOP,MEM,111,132,227.0,-2.5,110,-130,https://www.sportsbookreviewsonline.com/scoresoddsarchives/nba-odds-2022-23
sbr:2022-23:2022-11-25:PHI:ORL,2022-23,2022-11-25,PHI,ORL,107,99,215.0,-1.5,105,-125,https://www.sportsbookreviewsonline.com/scoresoddsarchives/nba-odds-2022-23
sbr:2022-23:2022-11-25:SAC:BOS,2022-23,2022-11-25,SAC,BOS,104,122,238.5,-7.5,250,-300,https://www.sportsbookreviewsonline.com/scoresoddsarchives/nba-odds-2022-23
sbr:2022-23:2022-11-25:UTA:GSW,2022-23,2022-11-25,UTA,GSW,118,129,239.5,-8.0,260,-315,https://www.sportsbookreviewsonline.com/scoresoddsarchives/nba-odds-2022-23
sbr:2022-23:2022-11-25:WAS:MIA,2022-23,2022-11-25,WAS,MIA,107,110,214.5,-3.0,135,-155,https://www.sportsbookreviewsonline.com/scoresoddsarchives/nba-odds-2022-23
sbr:2022-23:2022-11-26:DAL:TOR,2022-23,2022-11-26,DAL,TOR,100,105,215.0,2.5,-140,120,https://www.sportsbookreviewsonline.com/scoresoddsarchives/nba-odds-2022-23
sbr:2022-23:2022-11-26:UTA:PHX,2022-23,2022-11-26,UTA,PHX,112,113,232.0,-6.0,190,-220,https://www.sportsbookreviewsonline.com/scoresoddsarchives/nba-odds-2022-23
sbr:2022-23:2022-11-27:CLE:DET,2022-23,2022-11-27,CLE,DET,102,94,217.5,7.5,-300,250,https://www.sportsbookreviewsonline.com/scoresoddsarchives/nba-odds-2022-23
sbr:2022-23:2022-11-27:DAL:MIL,2022-23,2022-11-27,DAL,MIL,115,124,215.5,-5.5,190,-220,https://www.sportsbookreviewsonline.com/scoresoddsarchives/nba-odds-2022-23
sbr:2022-23:2022-11-27:GSW:MIN,2022-23,2022-11-27,GSW,MIN,137,114,237.0,1.5,-120,100,https://www.sportsbookreviewsonline.com/scoresoddsarchives/nba-odds-2022-23
sbr:2022-23:2022-11-27:MEM:NYK,2022-23,2022-11-27,MEM,NYK,127,123,228.5,1.5,-125,105,https://www.sportsbookreviewsonline.com/scoresoddsarchives/nba-odds-2022-23
sbr:2022-23:2022-11-27:MIA:ATL,2022-23,2022-11-27,MIA,ATL,106,98,226.0,-4.0,145,-165,https://www.sportsbookreviewsonline.com/scoresoddsarchives/nba-odds-2022-23
sbr:2022-23:2022-11-27:PHI:ORL,2022-23,2022-11-27,PHI,ORL,133,103,213.0,-1.0,-110,-110,https://www.sportsbookreviewsonline.com/scoresoddsarchives/nba-odds-2022-23
sbr:2022-23:2022-11-27:POR:BKN,2022-23,2022-11-27,POR,BKN,97,111,223.5,-8.0,260,-310,https://www.sportsbookreviewsonline.com/scoresoddsarchives/nba-odds-2022-23
sbr:2022-23:2022-11-27:WAS:BOS,2022-23,2022-11-27,WAS,BOS,121,130,220.5,-8.0,270,-330,https://www.sportsbookreviewsonline.com/scoresoddsarchives/nba-odds-2022-23
sbr:2022-23:2022-11-28:CHA:BOS,2022-23,2022-11-28,CHA,BOS,105,140,225.0,-11.5,475,-650,https://www.sportsbookreviewsonline.com/scoresoddsarchives/nba-odds-2022-23
sbr:2022-23:2022-11-28:CHI:UTA,2022-23,2022-11-28,CHI,UTA,114,107,235.0,-2.0,115,-135,https://www.sportsbookreviewsonline.com/scoresoddsarchives/nba-odds-2022-23
sbr:2022-23:2022-11-28:CLE:TOR,2022-23,2022-11-28,CLE,TOR,88,100,218.0,-5.0,175,-200,https://www.sportsbookreviewsonline.com/scoresoddsarchives/nba-odds-2022-23
sbr:2022-23:2022-11-28:HOU:DEN,2022-23,2022-11-28,HOU,DEN,113,129,228.0,-11.0,450,-600,https://www.sportsbookreviewsonline.com/scoresoddsarchives/nba-odds-2022-23
sbr:2022-23:2022-11-28:IND:LAL,2022-23,2022-11-28,IND,LAL,116,115,238.0,-3.5,145,-165,https://www.sportsbookreviewsonline.com/scoresoddsarchives/nba-odds-2022-23
sbr:2022-23:2022-11-28:OKC:NOP,2022-23,2022-11-28,OKC,NOP,101,105,232.5,-5.5,180,-210,https://www.sportsbookreviewsonline.com/scoresoddsarchives/nba-odds-2022-23
sbr:2022-23:2022-11-28:ORL:BKN,2022-23,2022-11-28,ORL,BKN,102,109,224.0,-12.0,500,-700,https://www.sportsbookreviewsonline.com/scoresoddsarchives/nba-odds-2022-23
sbr:2022-23:2022-11-28:PHX:SAC,2022-23,2022-11-28,PHX,SAC,122,117,234.0,0.0,-110,-110,https://www.sportsbookreviewsonline.com/scoresoddsarchives/nba-odds-2022-23
sbr:2022-23:2022-11-29:LAC:POR,2022-23,2022-11-29,LAC,POR,118,112,211.0,-4.0,145,-165,https://www.sportsbookreviewsonline.com/scoresoddsarchives/nba-odds-2022-23
sbr:2022-23:2022-11-29:NYK:DET,2022-23,2022-11-29,NYK,DET,140,110,225.5,4.5,-175,155,https://www.sportsbookreviewsonline.com/scoresoddsarchives/nba-odds-2022-23
sbr:2022-23:2022-11-30:ATL:ORL,2022-23,2022-11-30,ATL,ORL,125,108,228.0,6.5,-240,200,https://www.sportsbookreviewsonline.com/scoresoddsarchives/nba-odds-2022-23
sbr:2022-23:2022-11-30:CHI:PHX,2022-23,2022-11-30,CHI,PHX,113,132,226.5,-5.5,180,-210,https://www.sportsbookreviewsonline.com/scoresoddsarchives/nba-odds-2022-23
sbr:2022-23:2022-11-30:HOU:DEN,2022-23,2022-11-30,HOU,DEN,100,120,230.0,-11.0,500,-700,https://www.sportsbookreviewsonline.com/scoresoddsarchives/nba-odds-2022-23
sbr:2022-23:2022-11-30:IND:SAC,2022-23,2022-11-30,IND,SAC,114,137,242.5,-4.5,160,-180,https://www.sportsbookreviewsonline.com/scoresoddsarchives/nba-odds-2022-23
sbr:2022-23:2022-11-30:LAC:UTA,2022-23,2022-11-30,LAC,UTA,112,125,223.0,-7.5,250,-300,https://www.sportsbookreviewsonline.com/scoresoddsarchives/nba-odds-2022-23
sbr:2022-23:2022-11-30:MEM:MIN,2022-23,2022-11-30,MEM,MIN,101,109,231.5,3.0,-150,130,https://www.sportsbookreviewsonline.com/scoresoddsarchives/nba-odds-2022-23
sbr:2022-23:2022-11-30:MIA:BOS,2022-23,2022-11-30,MIA,BOS,121,134,223.5,-9.5,380,-460,https://www.sportsbookreviewsonline.com/scoresoddsarchives/nba-odds-2022-23
sbr:2022-23:2022-11-30:MIL:NYK,2022-23,2022-11-30,MIL,NYK,109,103,227.5,6.0,-240,200,https://www.sportsbookreviewsonline.com/scoresoddsarchives/nba-odds-2022-23
sbr:2022-23:2022-11-30:PHI:CLE,2022-23,2022-11-30,PHI,CLE,85,113,209.0,-4.0,145,-165,https://www.sportsbookreviewsonline.com/scoresoddsarchives/nba-odds-2022-23
sbr:2022-23:2022-11-30:POR:LAL,2022-23,2022-11-30,POR,LAL,109,128,224.0,-6.0,195,-230,https://www.sportsbookreviewsonline.com/scoresoddsarchives/nba-odds-2022-23
sbr:2022-23:2022-11-30:SAS:OKC,2022-23,2022-11-30,SAS,OKC,111,119,230.0,-3.0,130,-150,https://www.sportsbookreviewsonline.com/scoresoddsarchives/nba-odds-2022-23
sbr:2022-23:2022-11-30:WAS:BKN,2022-23,2022-11-30,WAS,BKN,107,113,228.0,-5.5,190,-220,https://www.sportsbookreviewsonline.com/scoresoddsarchives/nba-odds-2022-23
sbr:2022-23:2022-12-02:CHI:GSW,2022-23,2022-12-02,CHI,GSW,111,119,237.5,-7.0,230,-270,https://www.sportsbookreviewsonline.com/scoresoddsarchives/nba-odds-2022-23
sbr:2022-23:2022-12-02:HOU:PHX,2022-23,2022-12-02,HOU,PHX,122,121,229.5,-11.5,475,-650,https://www.sportsbookreviewsonline.com/scoresoddsarchives/nba-odds-2022-23
sbr:2022-23:2022-12-02:IND:UTA,2022-23,2022-12-02,IND,UTA,119,139,240.0,-3.5,150,-170,https://www.sportsbookreviewsonline.com/scoresoddsarchives/nba-odds-2022-23
sbr:2022-23:2022-12-02:LAL:MIL,2022-23,2022-12-02,LAL,MIL,133,129,231.0,-8.5,300,-360,https://www.sportsbookreviewsonline.com/scoresoddsarchives/nba-odds-2022-23
sbr:2022-23:2022-12-02:NOP:SAS,2022-23,2022-12-02,NOP,SAS,117,99,232.5,7.0,-275,235,https://www.sportsbookreviewsonline.com/scoresoddsarchives/nba-odds-2022-23
sbr:2022-23:2022-12-02:ORL:CLE,2022-23,2022-12-02,ORL,CLE,96,107,217.5,-11.0,450,-600,https://www.sportsbookreviewsonline.com/scoresoddsarchives/nba-odds-2022-23
sbr:2022-23:2022-12-02:PHI:MEM,2022-23,2022-12-02,PHI,MEM,109,117,218.0,-4.5,170,-190,https://www.sportsbookreviewsonline.com/scoresoddsarchives/nba-odds-2022-23
sbr:2022-23:2022-12-02:TOR:BKN,2022-23,2022-12-02,TOR,BKN,105,114,223.0,-1.5,105,-125,https://www.sportsbookreviewsonline.com/scoresoddsarchives/nba-odds-2022-23
sbr:2022-23:2022-12-02:WAS:CHA,2022-23,2022-12-02,WAS,CHA,116,117,225.5,4.0,-170,150,https://www.sportsbookreviewsonline.com/scoresoddsarchives/nba-odds-2022-23
sbr:2022-23:2022-12-03:DAL:NYK,2022-23,2022-12-03,DAL,NYK,121,100,224.0,1.5,-120,100,https://www.sportsbookreviewsonline.com/scoresoddsarchives/nba-odds-2022-23
sbr:2022-23:2022-12-03:HOU:GSW,2022-23,2022-12-03,HOU,GSW,101,120,235.0,-11.5,450,-600,https://www.sportsbookreviewsonline.com/scoresoddsarchives/nba-odds-2022-23
sbr:2022-23:2022-12-03:MIL:CHA,2022-23,2022-12-03,MIL,CHA,105,96,220.0,1.5,-125,105,https://www.sportsbookreviewsonline.com/scoresoddsarchives/nba-odds-2022-23
sbr:2022-23:2022-12-03:OKC:MIN,2022-23,2022-12-03,OKC,MIN,135,128,233.5,-5.5,180,-210,https://www.sportsbookreviewsonline.com/scoresoddsarchives/nba-odds-2022-23
sbr:2022-23:2022-12-03:ORL:TOR,2022-23,2022-12-03,ORL,TOR,108,121,220.5,-11.5,450,-600,https://www.sportsbookreviewsonline.com/scoresoddsarchives/nba-odds-2022-23
sbr:2022-23:2022-12-03:POR:UTA,2022-23,2022-12-03,POR,UTA,116,111,227.5,-5.0,170,-190,https://www.sportsbookreviewsonline.com/scoresoddsarchives/nba-odds-2022-23
sbr:2022-23:2022-12-04:BOS:BKN,2022-23,2022-12-04,BOS,BKN,103,92,230.5,2.5,-130,110,https://www.sportsbookreviewsonline.com/scoresoddsarchives/nba-odds-2022-23
sbr:2022-23:2022-12-04:CHI:SAC,2022-23,2022-12-04,CHI,SAC,101,110,239.5,-3.0,130,-150,https://www.sportsbookreviewsonline.com/scoresoddsarchives/nba-odds-2022-23
sbr:2022-23:2022-12-04:CLE:NYK,2022-23,2022-12-04,CLE,NYK,81,92,222.5,2.5,-145,125,https://www.sportsbookreviewsonline.com/scoresoddsarchives/nba-odds-2022-23
sbr:2022-23:2022-12-04:IND:POR,2022-23,2022-12-04,IND,POR,100,116,232.5,-5.0,175,-200,https://www.sportsbookreviewsonline.com/scoresoddsarchives/nba-odds-2022-23
sbr:2022-23:2022-12-04:LAL:WAS,2022-23,2022-12-04,LAL,WAS,130,119,233.0,-2.0,115,-135,https://www.sportsbookreviewsonline.com/scoresoddsarchives/nba-odds-2022-23
sbr:2022-23:2022-12-04:MEM:DET,2022-23,2022-12-04,MEM,DET,122,112,228.5,7.0,-250,210,https://www.sportsbookreviewsonline.com/scoresoddsarchives/nba-odds-2022-23
sbr:2022-23:2022-12-04:PHX:SAS,2022-23,2022-12-04,PHX,SAS,133,95,230.5,10.0,-450,375,https://www.sportsbookreviewsonline.com/scoresoddsarchives/nba-odds-2022-23
sbr:2022-23:2022-12-05:IND:GSW,2022-23,2022-12-05,IND,GSW,112,104,240.0,-12.0,500,-700,https://www.sportsbookreviewsonline.com/scoresoddsarchives/nba-odds-2022-23
sbr:2022-23:2022-12-05:LAC:CHA,2022-23,2022-12-05,LAC,CHA,119,117,215.0,6.0,-240,200,https://www.sportsbookreviewsonline.com/scoresoddsarchives/nba-odds-2022-23
sbr:2022-23:2022-12-05:MIL:ORL,2022-23,2022-12-05,MIL,ORL,109,102,226.0,10.5,-550,425,https://www.sportsbookreviewsonline.com/scoresoddsarchives/nba-odds-2022-23
sbr:2022-23:2022-12-05:OKC:ATL,2022-23,2022-12-05,OKC,ATL,121,114,236.5,-6.5,200,-240,https://www.sportsbookreviewsonline.com/scoresoddsarchives/nba-odds-2022-23
sbr:2022-23:2022-12-05:PHX:DAL,2022-23,2022-12-05,PHX,DAL,111,130,223.0,-3.0,130,-150,https://www.sportsbookreviewsonline.com/scoresoddsarchives/nba-odds-2022-23
sbr:2022-23:2022-12-06:DAL:DEN,2022-23,2022-12-06,DAL,DEN,116,115,223.5,-4.0,165,-185,https://www.sportsbookreviewsonline.com/scoresoddsarchives/nba-odds-2022-23
sbr:2022-23:2022-12-06:DET:MIA,2022-23,2022-12-06,DET,MIA,116,96,220.0,-7.5,250,-300,https://www.sportsbookreviewsonline.com/scoresoddsarchives/nba-odds-2022-23
sbr:2022-23:2022-12-06:LAL:CLE,2022-23,2022-12-06,LAL,CLE,102,116,224.5,-6.0,185,-215,https://www.sportsbookreviewsonline.com/scoresoddsarchives/nba-odds-2022-23
sbr:2022-23:2022-12-07:ATL:NYK,2022-23,2022-12-07,ATL,NYK,89,113,232.5,-2.5,120,-140,https://www.sportsbookreviewsonline.com/scoresoddsarchives/nba-odds-2022-23
sbr:2022-23:2022-12-07:BOS:PHX,2022-23,2022-12-07,BOS,PHX,125,98,230.5,-2.0,110,-130,https://www.sportsbookreviewsonline.com/scoresoddsarchives/nba-odds-2022-23
sbr:2022-23:2022-12-07:CHA:BKN,2022-23,2022-12-07,CHA,BKN,116,122,223.0,-10.0,375,-450,https://www.sportsbookreviewsonline.com/scoresoddsarchives/nba-odds-2022-23
sbr:2022-23:2022-12-07:DET:NOP,2022-23,2022-12-07,DET,NOP,98,104,229.0,-11.0,425,-550,https://www.sportsbookreviewsonline.com/scoresoddsarchives/nba-odds-2022-23
sbr:2022-23:2022-12-07:IND:MIN,2022-23,2022-12-07,IND,MIN,115,121,238.0,-5.0,170,-190,https://www.sportsbookreviewsonline.com/scoresoddsarchives/nba-odds-2022-23
sbr:2022-23:2022-12-07:OKC:MEM,2022-23,2022-12-07,OKC,MEM,102,123,233.0,-8.5,290,-350,https://www.sportsbookreviewsonline.com/scoresoddsarchives/nba-odds-2022-23
sbr:2022-23:2022-12-07:SAC:MIL,2022-23,2022-12-07,SAC,MIL,113,126,236.0,-6.5,210,-250,https://www.sportsbookreviewsonline.com/scoresoddsarchives/nba-odds-2022-23
sbr:2022-23:2022-12-07:WAS:CHI,2022-23,2022-12-07,WAS,CHI,111,115,227.0,-5.0,175,-200,https://www.sportsbookreviewsonline.com/scoresoddsarchives/nba-odds-2022-23
sbr:2022-23:2022-12-08:DEN:POR,2022-23,2022-12-08,DEN,POR,121,120,227.5,2.0,-130,110,https://www.sportsbookreviewsonline.com/scoresoddsarchives/nba-odds-2022-23
sbr:2022-23:2022-12-08:LAC:MIA,2022-23,2022-12-08,LAC,MIA,110,115,211.0,-6.5,210,-250,https://www.sportsbookreviewsonline.com/scoresoddsarchives/nba-odds-2022-23
sbr:2022-23:2022-12-09:ATL:BKN,2022-23,2022-12-09,ATL,BKN,116,120,232.5,-7.0,240,-280,https://www.sportsbookreviewsonline.com/scoresoddsarchives/nba-odds-2022-23
sbr:2022-23:2022-12-09:DET:MEM,2022-23,2022-12-09,DET,MEM,103,114,227.5,-11.0,425,-550,https://www.sportsbookreviewsonline.com/scoresoddsarchives/nba-odds-2022-23
sbr:2022-23:2022-12-09:MIN:UTA,2022-23,2022-12-09,MIN,UTA,118,108,234.5,0.0,-110,-110,https://www.sportsbookreviewsonline.com/scoresoddsarchives/nba-odds-2022-23
sbr:2022-23:2022-12-09:NYK:CHA,2022-23,2022-12-09,NYK,CHA,121,102,224.0,4.0,-175,155,https://www.sportsbookreviewsonline.com/scoresoddsarchives/nba-odds-2022-23
sbr:2022-23:2022-12-09:PHX:NOP,2022-23,2022-12-09,PHX,NOP,117,128,229.0,1.5,-125,105,https://www.sportsbookreviewsonline.com/scoresoddsarchives/nba-odds-2022-23
sbr:2022-23:2022-12-09:SAC:CLE,2022-23,2022-12-09,SAC,CLE,106,95,217.0,-3.5,140,-160,https://www.sportsbookreviewsonline.com/scoresoddsarchives/nba-odds-2022-23
sbr:2022-23:2022-12-09:TOR:ORL,2022-23,2022-12-09,TOR,ORL,109,113,223.5,8.5,-350,290,https://www.sportsbookreviewsonline.com/scoresoddsarchives/nba-odds-2022-23
sbr:2022-23:2022-12-10:BOS:GSW,2022-23,2022-12-10,BOS,GSW,107,123,237.0,2.5,-135,115,https://www.sportsbookreviewsonline.com/scoresoddsarchives/nba-odds-2022-23
sbr:2022-23:2022-12-10:LAC:WAS,2022-23,2022-12-10,LAC,WAS,114,107,218.5,5.0,-200,175,https://www.sportsbookreviewsonline.com/scoresoddsarchives/nba-odds-2022-23
sbr:2022-23:2022-12-10:MIN:POR,2022-23,2022-12-10,MIN,POR,118,124,230.0,-5.5,180,-210,https://www.sportsbookreviewsonline.com/scoresoddsarchives/nba-odds-2022-23
sbr:2022-23:2022-12-10:OKC:CLE,2022-23,2022-12-10,OKC,CLE,102,110,218.5,-4.5,170,-190,https://www.sportsbookreviewsonline.com/scoresoddsarchives/nba-odds-2022-23
sbr:2022-23:2022-12-10:SAS:MIA,2022-23,2022-12-10,SAS,MIA,115,111,223.0,-12.0,500,-700,https://www.sportsbookreviewsonline.com/scoresoddsarchives/nba-odds-2022-23
sbr:2022-23:2022-12-11:CHA:PHI,2022-23,2022-12-11,CHA,PHI,113,131,219.5,-10.5,400,-500,https://www.sportsbookreviewsonline.com/scoresoddsarchives/nba-odds-2022-23
sbr:2022-23:2022-12-11:LAL:DET,2022-23,2022-12-11,LAL,DET,124,117,234.0,5.0,-200,175,https://www.sportsbookreviewsonline.com/scoresoddsarchives/nba-odds-2022-23
sbr:2022-23:2022-12-11:MIL:HOU,2022-23,2022-12-11,MIL,HOU,92,97,227.0,10.0,-450,375,https://www.sportsbookreviewsonline.com/scoresoddsarchives/nba-odds-2022-23
sbr:2022-23:2022-12-11:SAC:NYK,2022-23,2022-12-11,SAC,NYK,99,112,226.0,-2.5,120,-140,https://www.sportsbookreviewsonline.com/scoresoddsarchives/nba-odds-2022-23
sbr:2022-23:2022-12-11:TOR:ORL,2022-23,2022-12-11,TOR,ORL,99,111,223.0,6.5,-250,210,https://www.sportsbookreviewsonline.com/scoresoddsarchives/nba-odds-2022-23
sbr:2022-23:2022-12-12:ATL:MEM,2022-23,2022-12-12,ATL,MEM,103,128,220.5,-9.5,350,-420,https://www.sportsbookreviewsonline.com/scoresoddsarchives/nba-odds-2022-23
sbr:2022-23:2022-12-12:BKN:WAS,2022-23,2022-12-12,BKN,WAS,112,100,227.0,6.0,-200,175,https://www.sportsbookreviewsonline.com/scoresoddsarchives/nba-odds-2022-23
sbr:2022-23:2022-12-12:BOS:LAC,2022-23,2022-12-12,BOS,LAC,93,113,225.0,4.0,-175,155,https://www.sportsbookreviewsonline.com/scoresoddsarchives/nba-odds-2022-23
sbr:2022-23:2022-12-12:CLE:SAS,2022-23,2022-12-12,CLE,SAS,111,112,221.5,9.5,-410,340,https://www.sportsbookreviewsonline.com/scoresoddsarchives/nba-odds-2022-23
sbr:2022-23:2022-12-12:MIA:IND,2022-23,2022-12-12,MIA,IND,87,82,229.0,3.5,-155,135,https://www.sportsbookreviewsonline.com/scoresoddsarchives/nba-odds-2022-23
sbr:2022-23:2022-12-12:MIN:POR,2022-23,2022-12-12,MIN,POR,112,133,229.5,-4.0,150,-170,https://www.sportsbookreviewsonline.com/scoresoddsarchives/nba-odds-2022-23
sbr:2022-23:2022-12-12:OKC:DAL,2022-23,2022-12-12,OKC,DAL,114,121,226.5,-8.5,290,-350,https://www.sportsbookreviewsonline.com/scoresoddsarchives/nba-odds-2022-23
sbr:2022-23:2022-12-13:GSW:MIL,2022-23,2022-12-13,GSW,MIL,111,128,232.0,-3.0,125,-145,https://www.sportsbookreviewsonline.com/scoresoddsarchives/nba-odds-2022-23
sbr:2022-23:2022-12-13:NOP:UTA,2022-23,2022-12-13,NOP,UTA,100,121,232.5,2.0,-130,110,https://www.sportsbookreviewsonline.com/scoresoddsarchives/nba-odds-2022-23
sbr:2022-23:2022-12-13:PHX:HOU,2022-23,2022-12-13,PHX,HOU,97,111,224.0,6.5,-240,200,https://www.sportsbookreviewsonline.com/scoresoddsarchives/nba-odds-2022-23
sbr:2022-23:2022-12-13:SAC:PHI,2022-23,2022-12-13,SAC,PHI,103,123,229.5,-4.0,145,-165,https://www.sportsbookreviewsonline.com/scoresoddsarchives/nba-odds-2022-23
sbr:2022-23:2022-12-14:ATL:ORL,2022-23,2022-12-14,ATL,ORL,124,135,226.0,3.0,-145,125,https://www.sportsbookreviewsonline.com/scoresoddsarchives/nba-odds-2022-23
sbr:2022-23:2022-12-14:CLE:DAL,2022-23,2022-12-14,CLE,DAL,105,90,217.0,-2.5,120,-140,https://www.sportsbookreviewsonline.com/scoresoddsarchives/nba-odds-2022-23
sbr:2022-23:2022-12-14:GSW:IND,2022-23,2022-12-14,GSW,IND,119,125,239.0,1.5,-120,100,https://www.sportsbookreviewsonline.com/scoresoddsarchives/nba-odds-2022-23
sbr:2022-23:2022-12-14:MIA:OKC,2022-23,2022-12-14,MIA,OKC,110,108,222.5,2.5,-140,120,https://www.sportsbookreviewsonline.com/scoresoddsarchives/nba-odds-2022-23
sbr:2022-23:2022-12-14:MIN:LAC,2022-23,2022-12-14,MIN,LAC,88,99,221.5,-7.0,225,-265,https://www.sportsbookreviewsonline.com/scoresoddsarchives/nba-odds-2022-23
sbr:2022-23:2022-12-14:POR:SAS,2022-23,2022-12-14,POR,SAS,128,112,231.0,7.5,-310,260,https://www.sportsbookreviewsonline.com/scoresoddsarchives/nba-odds-2022-23
sbr:2022-23:2022-12-14:SAC:TOR,2022-23,2022-12-14,SAC,TOR,124,123,232.0,-5.0,175,-200,https://www.sportsbookreviewsonline.com/scoresoddsarchives/nba-odds-2022-23
sbr:2022-23:2022-12-14:WAS:DEN,2022-23,2022-12-14,WAS,DEN,128,141,224.5,-11.5,475,-650,https://www.sportsbookreviewsonline.com/scoresoddsarchives/nba-odds-2022-23
sbr:2022-23:2022-12-15:MIA:HOU,2022-23,2022-12-15,MIA,HOU,111,108,216.5,3.0,-155,135,https://www.sportsbookreviewsonline.com/scoresoddsarchives/nba-odds-2022-23
sbr:2022-23:2022-12-15:MIL:MEM,2022-23,2022-12-15,MIL,MEM,101,142,226.5,-3.5,125,-145,https://www.sportsbookreviewsonline.com/scoresoddsarchives/nba-odds-2022-23
sbr:2022-23:2022-12-16:BKN:TOR,2022-23,2022-12-16,BKN,TOR,119,116,224.5,1.0,-120,100,https://www.sportsbookreviewsonline.com/scoresoddsarchives/nba-odds-2022-23
sbr:2022-23:2022-12-16:DEN:LAL,2022-23,2022-12-16,DEN,LAL,108,126,236.5,2.0,-130,110,https://www.sportsbookreviewsonline.com/scoresoddsarchives/nba-odds-2022-23
sbr:2022-23:2022-12-16:GSW:PHI,2022-23,2022-12-16,GSW,PHI,106,118,222.5,-8.5,320,-380,https://www.sportsbookreviewsonline.com/scoresoddsarchives/nba-odds-2022-23
sbr:2022-23:2022-12-16:IND:CLE,2022-23,2022-12-16,IND,CLE,112,118,222.0,-8.0,250,-300,https://www.sportsbookreviewsonline.com/scoresoddsarchives/nba-odds-2022-23
sbr:2022-23:2022-12-16:MIN:OKC,2022-23,2022-12-16,MIN,OKC,112,110,234.5,-4.5,155,-175,https://www.sportsbookreviewsonline.com/scoresoddsarchives/nba-odds-2022-23
sbr:2022-23:2022-12-16:NYK:CHI,2022-23,2022-12-16,NYK,CHI,114,91,226.0,-2.5,120,-140,https://www.sportsbookreviewsonline.com/scoresoddsarchives/nba-odds-2022-23
sbr:2022-23:2022-12-16:ORL:BOS,2022-23,2022-12-16,ORL,BOS,117,109,225.5,-13.0,650,-1000,https://www.sportsbookreviewsonline.com/scoresoddsarchives/nba-odds-2022-23
sbr:2022-23:2022-12-16:SAC:DET,2022-23,2022-12-16,SAC,DET,122,113,237.0,6.0,-240,200,https://www.sportsbookreviewsonline.com/scoresoddsarchives/nba-odds-2022-23
sbr:2022-23:2022-12-17:MEM:OKC,2022-23,2022-12-17,MEM,OKC,109,115,229.5,11.0,-550,425,https://www.sportsbookreviewsonline.com/scoresoddsarchives/nba-odds-2022-23
sbr:2022-23:2022-12-17:MIA:SAS,2022-23,2022-12-17,MIA,SAS,111,101,222.5,8.0,-330,270,https://www.sportsbookreviewsonline.com/scoresoddsarchives/nba-odds-2022-23
sbr:2022-23:2022-12-17:NOP:PHX,2022-23,2022-12-17,NOP,PHX,114,118,227.5,-3.0,130,-150,https://www.sportsbookreviewsonline.com/scoresoddsarchives/nba-odds-2022-23
sbr:2022-23:2022-12-17:POR:HOU,2022-23,2022-12-17,POR,HOU,107,95,228.0,3.0,-150,130,https://www.sportsbookreviewsonline.com/scoresoddsarchives/nba-odds-2022-23
sbr:2022-23:2022-12-17:UTA:MIL,2022-23,2022-12-17,UTA,MIL,97,123,226.5,-1.5,105,-125,https://www.sportsbookreviewsonline.com/scoresoddsarchives/nba-odds-2022-23
sbr:2022-23:2022-12-17:WAS:LAC,2022-23,2022-12-17,WAS,LAC,93,102,219.0,-5.0,175,-200,https://www.sportsbookreviewsonline.com/scoresoddsarchives/nba-odds-2022-23
sbr:2022-23:2022-12-18:BKN:DET,2022-23,2022-12-18,BKN,DET,124,121,227.5,8.0,-350,290,https://www.sportsbookreviewsonline.com/scoresoddsarchives/nba-odds-2022-23
sbr:2022-23:2022-12-18:CHA:DEN,2022-23,2022-12-18,CHA,DEN,115,119,235.0,-9.0,320,-380,https://www.sportsbookreviewsonline.com/scoresoddsarchives/nba-odds-2022-23
sbr:2022-23:2022-12-18:CHI:MIN,2022-23,2022-12-18,CHI,MIN,126,150,234.0,1.5,-130,110,https://www.sportsbookreviewsonline.com/scoresoddsarchives/nba-odds-2022-23
sbr:2022-23:2022-12-18:GSW:TOR,2022-23,2022-12-18,GSW,TOR,126,110,223.0,-6.0,190,-220,https://www.sportsbookreviewsonline.com/scoresoddsarchives/nba-odds-2022-23
sbr:2022-23:2022-12-18:NYK:IND,2022-23,2022-12-18,NYK,IND,109,106,227.0,-1.0,-110,-110,https://www.sportsbookreviewsonline.com/scoresoddsarchives/nba-odds-2022-23
sbr:2022-23:2022-12-18:ORL:BOS,2022-23,2022-12-18,ORL,BOS,95,92,223.0,-10.5,425,-550,https://www.sportsbookreviewsonline.com/scoresoddsarchives/nba-odds-2022-23
sbr:2022-23:2022-12-18:WAS:LAL,2022-23,2022-12-18,WAS,LAL,117,119,236.5,-3.5,130,-150,https://www.sportsbookreviewsonline.com/scoresoddsarchives/nba-odds-2022-23
sbr:2022-23:2022-12-19:CHA:SAC,2022-23,2022-12-19,CHA,SAC,125,119,241.5,-10.0,400,-500,https://www.sportsbookreviewsonline.com/scoresoddsarchives/nba-odds-2022-23
sbr:2022-23:2022-12-19:DAL:MIN,2022-23,2022-12-19,DAL,MIN,106,116,231.0,5.5,-210,180,https://www.sportsbookreviewsonline.com/scoresoddsarchives/nba-odds-2022-23
sbr:2022-23:2022-12-19:LAL:PHX,2022-23,2022-12-19,LAL,PHX,104,130,224.5,-11.0,450,-600,https://www.sportsbookreviewsonline.com/scoresoddsarchives/nba-odds-2022-23
sbr:2022-23:2022-12-19:MIL:NOP,2022-23,2022-12-19,MIL,NOP,128,119,227.5,0.0,-110,-110,https://www.sportsbookreviewsonline.com/scoresoddsarchives/nba-odds-2022-23
sbr:2022-23:2022-12-19:ORL:ATL,2022-23,2022-12-19,ORL,ATL,125,126,230.0,-8.5,290,-350,https://www.sportsbookreviewsonline.com/scoresoddsarchives/nba-odds-2022-23
sbr:2022-23:2022-12-19:POR:OKC,2022-23,2022-12-19,POR,OKC,121,123,232.5,4.0,-170,150,https://www.sportsbookreviewsonline.com/scoresoddsarchives/nba-odds-2022-23
sbr:2022-23:2022-12-19:SAS:HOU,2022-23,2022-12-19,SAS,HOU,124,105,226.5,-4.5,165,-185,https://www.sportsbookreviewsonline.com/scoresoddsarchives/nba-odds-2022-23
sbr:2022-23:2022-12-19:UTA:CLE,2022-23,2022-12-19,UTA,CLE,99,122,220.0,-7.0,210,-250,https://www.sportsbookreviewsonline.com/scoresoddsarchives/nba-odds-2022-23
sbr:2022-23:2022-12-20:CHI:MIA,2022-23,2022-12-20,CHI,MIA,113,103,221.5,-1.5,100,-120,https://www.sportsbookreviewsonline.com/scoresoddsarchives/nba-odds-2022-23
sbr:2022-23:2022-12-20:GSW:NYK,2022-23,2022-12-20,GSW,NYK,94,132,220.5,-6.5,190,-220,https://www.sportsbookreviewsonline.com/scoresoddsarchives/nba-odds-2022-23
sbr:2022-23:2022-12-20:UTA:DET,2022-23,2022-12-20,UTA,DET,126,111,229.0,2.0,-140,120,https://www.sportsbookreviewsonline.com/scoresoddsarchives/nba-odds-2022-23
sbr:2022-23:2022-12-20:WAS:PHX,2022-23,2022-12-20,WAS,PHX,113,110,222.5,-7.5,245,-290,https://www.sportsbookreviewsonline.com/scoresoddsarchives/nba-odds-2022-23
sbr:2022-23:2022-12-21:CHA:LAC,2022-23,2022-12-21,CHA,LAC,105,126,228.5,-9.0,290,-350,https://www.sportsbookreviewsonline.com/scoresoddsarchives/nba-odds-2022-23
sbr:2022-23:2022-12-21:CHI:ATL,2022-23,2022-12-21,CHI,ATL,110,108,236.0,-5.0,175,-200,https://www.sportsbookreviewsonline.com/scoresoddsarchives/nba-odds-2022-23
sbr:2022-23:2022-12-21:DAL:MIN,2022-23,2022-12-21,DAL,MIN,104,99,228.0,2.5,-130,110,https://www.sportsbookreviewsonline.com/scoresoddsarchives/nba-odds-2022-23
sbr:2022-23:2022-12-21:DET:PHI,2022-23,2022-12-21,DET,PHI,93,113,222.0,-12.0,500,-700,https://www.sportsbookreviewsonline.com/scoresoddsarchives/nba-odds-2022-23
sbr:2022-23:2022-12-21:GSW:BKN,2022-23,2022-12-21,GSW,BKN,113,143,223.5,-10.5,425,-550,https://www.sportsbookreviewsonline.com/scoresoddsarchives/nba-odds-2022-23
sbr:2022-23:2022-12-21:IND:BOS,2022-23,2022-12-21,IND,BOS,117,112,232.0,-9.5,375,-450,https://www.sportsbookreviewsonline.com/scoresoddsarchives/nba-odds-2022-23
sbr:2022-23:2022-12-21:LAL:SAC,2022-23,2022-12-21,LAL,SAC,120,134,240.0,-8.0,260,-310,https://www.sportsbookreviewsonline.com/scoresoddsarchives/nba-odds-2022-23
sbr:2022-23:2022-12-21:MIL:CLE,2022-23,2022-12-21,MIL,CLE,106,114,216.5,-2.5,120,-140,https://www.sportsbookreviewsonline.com/scoresoddsarchives/nba-odds-2022-23
sbr:2022-23:2022-12-21:POR:OKC,2022-23,2022-12-21,POR,OKC,98,101,233.5,3.5,-165,145,https://www.sportsbookreviewsonline.com/scoresoddsarchives/nba-odds-2022-23
sbr:2022-23:2022-12-21:TOR:NYK,2022-23,2022-12-21,TOR,NYK,113,106,217.0,-2.0,110,-130,https://www.sportsbookreviewsonline.com/scoresoddsarchives/nba-odds-2022-23
sbr:2022-23:2022-12-22:SAS:NOP,2022-23,2022-12-22,SAS,NOP,117,126,228.0,-8.5,290,-350,https://www.sportsbookreviewsonline.com/scoresoddsarchives/nba-odds-2022-23
sbr:2022-23:2022-12-22:WAS:UTA,2022-23,2022-12-22,WAS,UTA,112,120,231.5,-7.0,220,-260,https://www.sportsbookreviewsonline.com/scoresoddsarchives/nba-odds-2022-23
sbr:2022-23:2022-12-23:CHA:LAL,2022-23,2022-12-23,CHA,LAL,134,130,243.0,-3.0,130,-150,https://www.sportsbookreviewsonline.com/scoresoddsarchives/nba-odds-2022-23
sbr:2022-23:2022-12-23:CHI:NYK,2022-23,2022-12-23,CHI,NYK,118,117,225.0,-6.0,195,-230,https://www.sportsbookreviewsonline.com/scoresoddsarchives/nba-odds-2022-23
sbr:2022-23:2022-12-23:DAL:HOU,2022-23,2022-12-23,DAL,HOU,112,106,220.0,7.0,-260,220,https://www.sportsbookreviewsonline.com/scoresoddsarchives/nba-odds-2022-23
sbr:2022-23:2022-12-23:DET:ATL,2022-23,2022-12-23,DET,ATL,105,130,234.0,-9.5,350,-420,https://www.sportsbookreviewsonline.com/scoresoddsarchives/nba-odds-2022-23
sbr:2022-23:2022-12-23:IND:MIA,2022-23,2022-12-23,IND,MIA,111,108,224.0,-6.0,205,-245,https://www.sportsbookreviewsonline.com/scoresoddsarchives/nba-odds-2022-23
sbr:2022-23:2022-12-23:LAC:PHI,2022-23,2022-12-23,LAC,PHI,114,119,214.0,-4.0,150,-170,https://www.sportsbookreviewsonline.com/scoresoddsarchives/nba-odds-2022-23
sbr:2022-23:2022-12-23:MIL:BKN,2022-23,2022-12-23,MIL,BKN,100,118,230.0,-2.0,120,-140,https://www.sportsbookreviewsonline.com/scoresoddsarchives/nba-odds-2022-23
sbr:2022-23:2022-12-23:MIN:BOS,2022-23,2022-12-23,MIN,BOS,109,121,228.5,-9.5,375,-450,https://www.sportsbookreviewsonline.com/scoresoddsarchives/nba-odds-2022-23
sbr:2022-23:2022-12-23:POR:DEN,2022-23,2022-12-23,POR,DEN,107,120,233.0,-5.5,175,-200,https://www.sportsbookreviewsonline.com/scoresoddsarchives/nba-odds-2022-23
sbr:2022-23:2022-12-23:SAS:ORL,2022-23,2022-12-23,SAS,ORL,113,133,228.5,-6.0,195,-230,https://www.sportsbookreviewsonline.com/scoresoddsarchives/nba-odds-2022-23
sbr:2022-23:2022-12-23:TOR:CLE,2022-23,2022-12-23,TOR,CLE,118,107,214.0,-4.5,170,-190,https://www.sportsbookreviewsonline.com/scoresoddsarchives/nba-odds-2022-23
sbr:2022-23:2022-12-23:WAS:SAC,2022-23,2022-12-23,WAS,SAC,125,111,239.0,-7.5,270,-330,https://www.sportsbookreviewsonline.com/scoresoddsarchives/nba-odds-2022-23
sbr:2022-23:2022-12-25:LAL:DAL,2022-23,2022-12-25,LAL,DAL,115,124,231.5,-7.5,260,-310,https://www.sportsbookreviewsonline.com/scoresoddsarchives/nba-odds-2022-23
sbr:2022-23:2022-12-25:MIL:BOS,2022-23,2022-12-25,MIL,BOS,118,139,227.0,-5.5,190,-220,https://www.sportsbookreviewsonline.com/scoresoddsarchives/nba-odds-2022-23
sbr:2022-23:2022-12-25:PHI:NYK,2022-23,2022-12-25,PHI,NYK,119,112,215.5,2.0,-125,105,https://www.sportsbookreviewsonline.com/scoresoddsarchives/nba-odds-2022-23
sbr:2022-23:2022-12-26:BKN:CLE,2022-23,2022-12-26,BKN,CLE,125,117,220.0,-2.0,110,-130,https://www.sportsbookreviewsonline.com/scoresoddsarchives/nba-odds-2022-23
sbr:2022-23:2022-12-26:CHA:POR,2022-23,2022-12-26,CHA,POR,113,124,239.0,-5.5,180,-210,https://www.sportsbookreviewsonline.com/scoresoddsarchives/nba-odds-2022-23
sbr:2022-23:2022-12-26:HOU:CHI,2022-23,2022-12-26,HOU,CHI,133,118,231.5,-7.0,230,-270,https://www.sportsbookreviewsonline.com/scoresoddsarchives/nba-odds-2022-23
sbr:2022-23:2022-12-26:IND:NOP,2022-23,2022-12-26,IND,NOP,93,113,234.5,-2.0,110,-130,https://www.sportsbookreviewsonline.com/scoresoddsarchives/nba-odds-2022-23
sbr:2022-23:2022-12-26:MIN:MIA,2022-23,2022-12-26,MIN,MIA,110,113,222.0,-1.0,105,-125,https://www.sportsbookreviewsonline.com/scoresoddsarchives/nba-odds-2022-23
sbr:2022-23:2022-12-26:UTA:SAS,2022-23,2022-12-26,UTA,SAS,122,126,236.0,4.5,-185,165,https://www.sportsbookreviewsonline.com/scoresoddsarchives/nba-odds-2022-23
sbr:2022-23:2022-12-27:CHA:GSW,2022-23,2022-12-27,CHA,GSW,105,110,240.0,-5.0,170,-190,https://www.sportsbookreviewsonline.com/scoresoddsarchives/nba-odds-2022-23
sbr:2022-23:2022-12-27:DEN:SAC,2022-23,2022-12-27,DEN,SAC,113,106,237.5,3.0,-155,135,https://www.sportsbookreviewsonline.com/scoresoddsarchives/nba-odds-2022-23
sbr:2022-23:2022-12-27:HOU:BOS,2022-23,2022-12-27,HOU,BOS,102,126,229.5,-15.0,850,-1500,https://www.sportsbookreviewsonline.com/scoresoddsarchives/nba-odds-2022-23
sbr:2022-23:2022-12-27:LAC:TOR,2022-23,2022-12-27,LAC,TOR,124,113,220.0,-4.0,150,-170,https://www.sportsbookreviewsonline.com/scoresoddsarchives/nba-odds-2022-23
sbr:2022-23:2022-12-27:LAL:ORL,2022-23,2022-12-27,LAL,ORL,129,110,237.0,-3.0,130,-150,https://www.sportsbookreviewsonline.com/scoresoddsarchives/nba-odds-2022-23
sbr:2022-23:2022-12-27:PHI:WAS,2022-23,2022-12-27,PHI,WAS,111,116,224.5,4.5,-190,170,https://www.sportsbookreviewsonline.com/scoresoddsarchives/nba-odds-2022-23
sbr:2022-23:2022-12-27:PHX:MEM,2022-23,2022-12-27,PHX,MEM,125,108,224.5,-8.0,260,-310,https://www.sportsbookreviewsonline.com/scoresoddsarchives/nba-odds-2022-23
sbr:2022-23:2022-12-27:SAS:OKC,2022-23,2022-12-27,SAS,OKC,114,130,235.0,-7.0,240,-280,https://www.sportsbookreviewsonline.com/scoresoddsarchives/nba-odds-2022-23
sbr:2022-23:2022-12-28:BKN:ATL,2022-23,2022-12-28,BKN,ATL,108,107,229.0,7.0,-290,245,https://www.sportsbookreviewsonline.com/scoresoddsarchives/nba-odds-2022-23
sbr:2022-23:2022-12-28:LAL:MIA,2022-23,2022-12-28,LAL,MIA,98,112,227.5,-9.0,310,-370,https://www.sportsbookreviewsonline.com/scoresoddsarchives/nba-odds-2022-23
sbr:2022-23:2022-12-28:MIN:NOP,2022-23,2022-12-28,MIN,NOP,118,119,234.0,-6.5,210,-250,https://www.sportsbookreviewsonline.com/scoresoddsarchives/nba-odds-2022-23
sbr:2022-23:2022-12-28:ORL:DET,2022-23,2022-12-28,ORL,DET,101,121,229.0,1.0,-120,100,https://www.sportsbookreviewsonline.com/scoresoddsarchives/nba-odds-2022-23
sbr:2022-23:2022-12-28:PHX:WAS,2022-23,2022-12-28,PHX,WAS,102,127,220.5,2.0,-140,120,https://www.sportsbookreviewsonline.com/scoresoddsarchives/nba-odds-2022-23
sbr:2022-23:2022-12-28:UTA:GSW,2022-23,2022-12-28,UTA,GSW,107,112,232.0,4.5,-180,160,https://www.sportsbookreviewsonline.com/scoresoddsarchives/nba-odds-2022-23
sbr:2022-23:2022-12-29:CLE:IND,2022-23,2022-12-29,CLE,IND,126,135,225.5,4.0,-170,150,https://www.sportsbookreviewsonline.com/scoresoddsarchives/nba-odds-2022-23
sbr:2022-23:2022-12-29:HOU:DAL,2022-23,2022-12-29,HOU,DAL,114,129,226.5,-10.0,375,-450,https://www.sportsbookreviewsonline.com/scoresoddsarchives/nba-odds-2022-23
sbr:2022-23:2022-12-29:LAC:BOS,2022-23,2022-12-29,LAC,BOS,110,116,228.0,-6.5,220,-260,https://www.sportsbookreviewsonline.com/scoresoddsarchives/nba-odds-2022-23
sbr:2022-23:2022-12-29:MEM:TOR,2022-23,2022-12-29,MEM,TOR,119,106,230.0,4.0,-175,155,https://www.sportsbookreviewsonline.com/scoresoddsarchives/nba-odds-2022-23
sbr:2022-23:2022-12-29:NYK:SAS,2022-23,2022-12-29,NYK,SAS,115,122,222.0,4.5,-180,160,https://www.sportsbookreviewsonline.com/scoresoddsarchives/nba-odds-2022-23
sbr:2022-23:2022-12-29:OKC:CHA,2022-23,2022-12-29,OKC,CHA,113,121,238.5,-2.5,110,-130,https://www.sportsbookreviewsonline.com/scoresoddsarchives/nba-odds-2022-23
sbr:2022-23:2022-12-30:DET:CHI,2022-23,2022-12-30,DET,CHI,118,132,230.0,-7.0,250,-300,https://www.sportsbookreviewsonline.com/scoresoddsarchives/nba-odds-2022-23
sbr:2022-23:2022-12-30:LAL:ATL,2022-23,2022-12-30,LAL,ATL,130,121,242.0,-6.0,195,-230,https://www.sportsbookreviewsonline.com/scoresoddsarchives/nba-odds-2022-23
sbr:2022-23:2022-12-30:MIA:DEN,2022-23,2022-12-30,MIA,DEN,119,124,224.0,-4.5,160,-180,https://www.sportsbookreviewsonline.com/scoresoddsarchives/nba-odds-2022-23
sbr:2022-23:2022-12-30:MIN:MIL,2022-23,2022-12-30,MIN,MIL,114,123,229.5,-7.5,260,-310,https://www.sportsbookreviewsonline.com/scoresoddsarchives/nba-odds-2022-23
sbr:2022-23:2022-12-30:PHX:TOR,2022-23,2022-12-30,PHX,TOR,104,113,222.0,-2.0,110,-130,https://www.sportsbookreviewsonline.com/scoresoddsarchives/nba-odds-2022-23
sbr:2022-23:2022-12-30:POR:GSW,2022-23,2022-12-30,POR,GSW,112,118,234.0,1.0,-120,100,https://www.sportsbookreviewsonline.com/scoresoddsarchives/nba-odds-2022-23
sbr:2022-23:2022-12-30:UTA:SAC,2022-23,2022-12-30,UTA,SAC,125,126,242.5,-3.0,130,-150,https://www.sportsbookreviewsonline.com/scoresoddsarchives/nba-odds-2022-23
sbr:2022-23:2022-12-30:WAS:ORL,2022-23,2022-12-30,WAS,ORL,119,100,226.5,4.5,-175,155,https://www.sportsbookreviewsonline.com/scoresoddsarchives/nba-odds-2022-23
sbr:2022-23:2022-12-31:BKN:CHA,2022-23,2022-12-31,BKN,CHA,123,106,237.5,6.5,-250,210,https://www.sportsbookreviewsonline.com/scoresoddsarchives/nba-odds-2022-23
sbr:2022-23:2022-12-31:CLE:CHI,2022-23,2022-12-31,CLE,CHI,103,102,223.5,1.0,-125,105,https://www.sportsbookreviewsonline.com/scoresoddsarchives/nba-odds-2022-23
sbr:2022-23:2022-12-31:DAL:SAS,2022-23,2022-12-31,DAL,SAS,126,125,231.5,7.5,-280,240,https://www.sportsbookreviewsonline.com/scoresoddsarchives/nba-odds-2022-23
sbr:2022-23:2022-12-31:DET:MIN,2022-23,2022-12-31,DET,MIN,116,104,233.5,-7.5,245,-290,https://www.sportsbookreviewsonline.com/scoresoddsarchives/nba-odds-2022-23
sbr:2022-23:2022-12-31:LAC:IND,2022-23,2022-12-31,LAC,IND,130,131,231.0,2.5,-140,120,https://www.sportsbookreviewsonline.com/scoresoddsarchives/nba-odds-2022-23
sbr:2022-23:2022-12-31:MIA:UTA,2022-23,2022-12-31,MIA,UTA,126,123,225.0,-4.0,155,-175,https://www.sportsbookreviewsonline.com/scoresoddsarchives/nba-odds-2022-23
sbr:2022-23:2022-12-31:NOP:MEM,2022-23,2022-12-31,NOP,MEM,101,116,236.5,-7.0,220,-260,https://www.sportsbookreviewsonline.com/scoresoddsarchives/nba-odds-2022-23
sbr:2022-23:2022-12-31:NYK:HOU,2022-23,2022-12-31,NYK,HOU,108,88,222.0,3.5,-165,145,https://www.sportsbookreviewsonline.com/scoresoddsarchives/nba-odds-2022-23
sbr:2022-23:2022-12-31:PHI:OKC,2022-23,2022-12-31,PHI,OKC,115,96,224.5,2.5,-140,120,https://www.sportsbookreviewsonline.com/scoresoddsarchives/nba-odds-2022-23
