game_id,season,game_type,game_date,start_time_utc,away_id,home_id,state,away_score,home_score,venue
2024010001,20242025,1,2024-09-21,2024-09-21T23:00:00Z,5,7,FINAL,3,7,KeyBank Center
2024010002,20242025,1,2024-09-21,2024-09-21T23:00:00Z,19,25,FINAL,1,2,American Airlines Center
2024010003,20242025,1,2024-09-21,2024-09-22T00:00:00Z,30,52,FINAL,5,2,Canada Life Centre
2024010004,20242025,1,2024-09-22,2024-09-22T18:00:00Z,18,13,FINAL,2,3,Amerant Bank Arena
2024010005,20242025,1,2024-09-22,2024-09-22T19:00:00Z,4,15,FINAL,6,2,Capital One Arena
2024010006,20242025,1,2024-09-22,2024-09-22T21:00:00Z,3,6,FINAL,3,2,TD Garden
2024010007,20242025,1,2024-09-22,2024-09-22T22:00:00Z,18,13,FINAL,2,6,Amerant Bank Arena
2024010008,20242025,1,2024-09-22,2024-09-22T22:00:00Z,52,22,FINAL,2,3,Rogers Place
2024010009,20242025,1,2024-09-22,2024-09-22T23:00:00Z,2,1,FINAL,4,2,Prudential Center
2024010010,20242025,1,2024-09-22,2024-09-22T23:00:00Z,9,10,FINAL,6,5,Scotiabank Arena
2024010011,20242025,1,2024-09-22,2024-09-22T23:00:00Z,19,59,FINAL,3,5,Wells Fargo Arena
2024010012,20242025,1,2024-09-22,2024-09-23T00:00:00Z,54,28,FINAL,4,2,SAP Center at San Jose
2024010013,20242025,1,2024-09-22,2024-09-23T02:00:00Z,20,55,FINAL,6,1,Climate Pledge Arena
2024010014,20242025,1,2024-09-23,2024-09-23T21:00:00Z,29,7,FINAL,1,6,KeyBank Center
2024010015,20242025,1,2024-09-23,2024-09-23T23:00:00Z,4,8,FINAL,0,5,Centre Bell
2024010016,20242025,1,2024-09-23,2024-09-24T01:00:00Z,20,22,FINAL,6,3,Rogers Place
2024010017,20242025,1,2024-09-23,2024-09-24T01:00:00Z,25,21,FINAL,3,2,Ball Arena
2024010018,20242025,1,2024-09-23,2024-09-24T01:00:00Z,22,20,FINAL,1,6,Scotiabank Saddledome
2024010019,20242025,1,2024-09-23,2024-09-24T01:00:00Z,26,59,FINAL,2,3,Delta Center
2024010020,20242025,1,2024-09-24,2024-09-24T23:00:00Z,7,5,FINAL,3,2,PPG Paints Arena
2024010021,20242025,1,2024-09-24,2024-09-24T23:00:00Z,12,14,FINAL,2,1,Amalie Arena
2024010022,20242025,1,2024-09-24,2024-09-24T23:00:00Z,1,8,FINAL,0,3,Centre Bell
2024010023,20242025,1,2024-09-24,2024-09-24T23:00:00Z,2,3,FINAL,4,6,Madison Square Garden
2024010024,20242025,1,2024-09-24,2024-09-24T23:00:00Z,10,9,FINAL,1,2,Canadian Tire Centre
2024010025,20242025,1,2024-09-24,2024-09-24T23:00:00Z,15,6,FINAL,2,4,TD Garden
2024010026,20242025,1,2024-09-24,2024-09-25T02:00:00Z,24,28,FINAL,4,3,SAP Center at San Jose
2024010027,20242025,1,2024-09-24,2024-09-25T02:00:00Z,55,23,FINAL,1,3,Rogers Arena
2024010028,20242025,1,2024-09-25,2024-09-25T23:00:00Z,19,29,FINAL,0,3,Nationwide Arena
2024010029,20242025,1,2024-09-25,2024-09-25T23:00:00Z,13,14,FINAL,7,8,Kia Center
2024010030,20242025,1,2024-09-25,2024-09-25T23:00:00Z,15,1,FINAL,5,3,Prudential Center
2024010031,20242025,1,2024-09-25,2024-09-26T00:00:00Z,17,16,FINAL,4,2,United Center
2024010032,20242025,1,2024-09-25,2024-09-26T00:00:00Z,22,52,FINAL,1,6,Canada Life Centre
2024010033,20242025,1,2024-09-25,2024-09-26T00:00:00Z,30,25,FINAL,2,5,American Airlines Center
2024010034,20242025,1,2024-09-25,2024-09-26T02:00:00Z,20,23,FINAL,3,4,Abbotsford Centre
2024010035,20242025,1,2024-09-25,2024-09-26T02:00:00Z,26,54,FINAL,3,2,T-Mobile Arena
2024010036,20242025,1,2024-09-26,2024-09-26T23:00:00Z,6,3,FINAL,2,5,Madison Square Garden
2024010037,20242025,1,2024-09-26,2024-09-26T23:00:00Z,7,9,FINAL,3,2,Canadian Tire Centre
2024010038,20242025,1,2024-09-26,2024-09-26T23:00:00Z,8,10,FINAL,1,2,Scotiabank Arena
2024010039,20242025,1,2024-09-26,2024-09-26T23:00:00Z,2,4,FINAL,0,2,Wells Fargo Center
2024010040,20242025,1,2024-09-26,2024-09-27T02:00:00Z,28,24,FINAL,3,2,Honda Center
2024010041,20242025,1,2024-09-27,2024-09-27T23:00:00Z,16,17,FINAL,0,2,Little Caesars Arena
2024010042,20242025,1,2024-09-27,2024-09-28T00:15:00Z,29,15,FINAL,8,4,Capital One Arena
2024010043,20242025,1,2024-09-27,2024-09-27T22:00:00Z,13,12,FINAL,2,8,Lenovo Center
2024010045,20242025,1,2024-09-27,2024-09-27T23:00:00Z,1,2,FINAL,1,5,UBS Arena
2024010046,20242025,1,2024-09-27,2024-09-28T00:00:00Z,21,25,FINAL,2,4,American Airlines Center
2024010047,20242025,1,2024-09-27,2024-09-28T00:00:00Z,52,30,FINAL,5,8,Xcel Energy Center
2024010048,20242025,1,2024-09-27,2024-09-28T02:00:00Z,59,54,FINAL,2,5,T-Mobile Arena
2024010049,20242025,1,2024-09-27,2024-09-28T02:00:00Z,23,55,FINAL,1,3,Climate Pledge Arena
2024010050,20242025,1,2024-09-28,2024-09-28T22:00:00Z,24,26,FINAL,2,3,Toyota Arena
2024010051,20242025,1,2024-09-28,2024-09-28T23:00:00Z,6,4,FINAL,2,3,Wells Fargo Center
2024010052,20242025,1,2024-09-28,2024-09-28T23:00:00Z,7,29,FINAL,3,6,Nationwide Arena
2024010053,20242025,1,2024-09-28,2024-09-28T22:00:00Z,12,13,FINAL,4,5,Amerant Bank Arena
2024010055,20242025,1,2024-09-28,2024-09-28T23:00:00Z,10,8,FINAL,2,1,Centre Bell
2024010056,20242025,1,2024-09-28,2024-09-28T23:00:00Z,16,19,FINAL,2,3,Enterprise Center
2024010057,20242025,1,2024-09-28,2024-09-29T00:00:00Z,14,18,FINAL,0,6,Bridgestone Arena
2024010058,20242025,1,2024-09-28,2024-09-29T01:00:00Z,55,22,FINAL,4,5,Rogers Place
2024010059,20242025,1,2024-09-28,2024-09-29T01:00:00Z,23,20,FINAL,2,4,Scotiabank Saddledome
2024010060,20242025,1,2024-09-29,2024-09-29T22:00:00Z,25,30,FINAL,4,2,Xcel Energy Center
2024010061,20242025,1,2024-09-29,2024-09-29T23:00:00Z,5,9,FINAL,5,2,Sudbury Community Arena
2024010062,20242025,1,2024-09-29,2024-09-29T23:00:00Z,59,21,FINAL,6,3,Ball Arena
2024010054,20242025,1,2024-09-30,2024-09-30T23:00:00Z,5,17,FINAL,5,1,Little Caesars Arena
2024010063,20242025,1,2024-09-30,2024-09-30T23:00:00Z,17,7,FINAL,3,4,KeyBank Center
2024010064,20242025,1,2024-09-30,2024-09-30T23:00:00Z,3,1,FINAL,1,3,Prudential Center
2024010065,20242025,1,2024-09-30,2024-09-30T23:00:00Z,4,2,FINAL,3,4,UBS Arena
2024010066,20242025,1,2024-09-30,2024-09-30T23:00:00Z,14,13,FINAL,3,1,Amerant Bank Arena
2024010067,20242025,1,2024-09-30,2024-09-30T23:00:00Z,15,29,FINAL,3,2,Nationwide Arena
2024010068,20242025,1,2024-09-30,2024-10-01T01:00:00Z,55,20,FINAL,3,4,Scotiabank Saddledome
2024010069,20242025,1,2024-09-30,2024-10-01T01:00:00Z,23,22,FINAL,2,3,Rogers Place
2024010070,20242025,1,2024-09-30,2024-10-01T02:00:00Z,26,24,FINAL,4,0,Honda Center
2024010071,20242025,1,2024-10-01,2024-10-01T23:00:00Z,17,5,FINAL,2,1,PPG Paints Arena
2024010072,20242025,1,2024-10-01,2024-10-01T23:00:00Z,1,3,FINAL,4,5,Madison Square Garden
2024010073,20242025,1,2024-10-01,2024-10-01T23:00:00Z,9,8,FINAL,4,3,Centre Bell
2024010074,20242025,1,2024-10-01,2024-10-01T23:00:00Z,4,6,FINAL,1,4,TD Garden
2024010075,20242025,1,2024-10-01,2024-10-02T00:00:00Z,16,30,FINAL,2,7,Xcel Energy Center
2024010076,20242025,1,2024-10-01,2024-10-02T00:00:00Z,29,19,FINAL,3,1,Enterprise Center
2024010077,20242025,1,2024-10-01,2024-10-02T01:30:00Z,54,21,FINAL,6,1,Ball Arena
2024010078,20242025,1,2024-10-01,2024-10-02T02:00:00Z,59,28,FINAL,3,1,SAP Center at San Jose
2024010079,20242025,1,2024-10-02,2024-10-02T23:00:00Z,13,14,FINAL,2,1,Amalie Arena
2024010080,20242025,1,2024-10-02,2024-10-02T23:00:00Z,18,12,FINAL,6,4,Lenovo Center
2024010081,20242025,1,2024-10-02,2024-10-03T00:00:00Z,20,52,FINAL,2,5,Canada Life Centre
2024010082,20242025,1,2024-10-02,2024-10-03T02:00:00Z,22,55,FINAL,2,6,Climate Pledge Arena
2024010083,20242025,1,2024-10-02,2024-10-03T02:00:00Z,59,24,FINAL,2,5,Honda Center
2024010084,20242025,1,2024-10-03,2024-10-03T23:00:00Z,1,4,FINAL,4,5,Wells Fargo Center
2024010085,20242025,1,2024-10-03,2024-10-03T23:00:00Z,5,29,FINAL,3,1,Nationwide Arena
2024010086,20242025,1,2024-10-03,2024-10-03T23:00:00Z,10,17,FINAL,2,0,Little Caesars Arena
2024010087,20242025,1,2024-10-03,2024-10-03T23:00:00Z,6,26,FINAL,1,4,Centre Videotron
2024010088,20242025,1,2024-10-03,2024-10-04T00:00:00Z,25,19,FINAL,3,4,Enterprise Center
2024010089,20242025,1,2024-10-03,2024-10-04T02:00:00Z,21,54,FINAL,3,1,T-Mobile Arena
2024010090,20242025,1,2024-10-04,2024-10-04T23:00:00Z,29,5,FINAL,3,7,PPG Paints Arena
2024010091,20242025,1,2024-10-04,2024-10-04T23:00:00Z,3,2,FINAL,2,5,UBS Arena
2024010092,20242025,1,2024-10-04,2024-10-04T23:00:00Z,9,17,FINAL,4,3,Little Caesars Arena
2024010093,20242025,1,2024-10-04,2024-10-04T23:00:00Z,14,12,FINAL,1,2,Lenovo Center
2024010094,20242025,1,2024-10-04,2024-10-05T00:30:00Z,30,16,FINAL,6,1,United Center
2024010095,20242025,1,2024-10-04,2024-10-05T01:00:00Z,52,20,FINAL,3,2,Scotiabank Saddledome
2024010096,20242025,1,2024-10-04,2024-10-05T02:00:00Z,24,28,FINAL,3,2,SAP Center at San Jose
2024010097,20242025,1,2024-10-04,2024-10-05T02:00:00Z,22,23,FINAL,1,4,Rogers Arena
2024020001,20242025,2,2024-10-04,2024-10-04T17:00:00Z,1,7,OFF,4,1,O2 Czech Republic
2024010098,20242025,1,2024-10-05,2024-10-05T21:00:00Z,6,15,FINAL,0,2,Capital One Arena
2024010099,20242025,1,2024-10-05,2024-10-05T21:00:00Z,12,18,FINAL,5,3,Bridgestone Arena
2024010100,20242025,1,2024-10-05,2024-10-05T23:00:00Z,17,10,FINAL,2,3,Scotiabank Arena
2024010101,20242025,1,2024-10-05,2024-10-05T23:00:00Z,8,9,FINAL,2,4,Canadian Tire Centre
2024010102,20242025,1,2024-10-05,2024-10-05T23:00:00Z,21,59,FINAL,1,2,Maverik Center
2024010103,20242025,1,2024-10-05,2024-10-05T23:00:00Z,13,26,FINAL,4,2,Centre Videotron
2024010104,20242025,1,2024-10-05,2024-10-06T00:00:00Z,19,16,FINAL,2,6,Fiserv Forum
2024010105,20242025,1,2024-10-05,2024-10-06T02:00:00Z,28,54,FINAL,6,5,T-Mobile Arena
2024020002,20242025,2,2024-10-05,2024-10-05T14:00:00Z,7,1,OFF,1,3,O2 Czech Republic
2024010044,20242025,1,2024-10-07,2024-10-07T23:00:00Z,18,14,FUT,,,Amalie Arena
2024020003,20242025,2,2024-10-08,2024-10-08T20:30:00Z,19,55,OFF,3,2,Climate Pledge Arena
2024020004,20242025,2,2024-10-08,2024-10-08T23:00:00Z,6,13,OFF,4,6,Amerant Bank Arena
2024020005,20242025,2,2024-10-08,2024-10-09T02:00:00Z,16,59,OFF,2,5,Delta Center
2024020006,20242025,2,2024-10-09,2024-10-09T23:00:00Z,10,8,OFF,0,1,Centre Bell
2024020007,20242025,2,2024-10-09,2024-10-09T23:30:00Z,3,5,OFF,6,0,PPG Paints Arena
2024020008,20242025,2,2024-10-09,2024-10-10T02:00:00Z,52,22,OFF,6,0,Rogers Place
2024020009,20242025,2,2024-10-09,2024-10-10T02:00:00Z,20,23,OFF,6,5,Rogers Arena
2024020010,20242025,2,2024-10-09,2024-10-10T02:00:00Z,21,54,OFF,4,8,T-Mobile Arena
2024020011,20242025,2,2024-10-10,2024-10-10T23:00:00Z,8,6,OFF,4,6,TD Garden
2024020012,20242025,2,2024-10-10,2024-10-10T23:00:00Z,26,7,OFF,3,1,KeyBank Center
2024020013,20242025,2,2024-10-10,2024-10-10T23:00:00Z,13,9,OFF,1,3,Canadian Tire Centre
2024020014,20242025,2,2024-10-10,2024-10-11T00:00:00Z,5,17,OFF,6,3,Little Caesars Arena
2024020015,20242025,2,2024-10-10,2024-10-10T23:00:00Z,10,1,OFF,4,2,Prudential Center
2024020016,20242025,2,2024-10-10,2024-10-10T23:30:00Z,59,2,OFF,5,4,UBS Arena
2024020017,20242025,2,2024-10-10,2024-10-11T00:00:00Z,25,18,OFF,4,3,Bridgestone Arena
2024020018,20242025,2,2024-10-10,2024-10-11T00:00:00Z,29,30,OFF,2,3,Xcel Energy Center
2024020019,20242025,2,2024-10-10,2024-10-11T02:30:00Z,19,28,OFF,5,4,SAP Center at San Jose
2024020020,20242025,2,2024-10-11,2024-10-11T23:00:00Z,14,12,OFF,4,1,Lenovo Center
2024020021,20242025,2,2024-10-11,2024-10-12T00:00:00Z,16,52,OFF,1,2,Canada Life Centre
2024020022,20242025,2,2024-10-11,2024-10-12T02:00:00Z,4,23,OFF,3,2,Rogers Arena
2024020023,20242025,2,2024-10-11,2024-10-12T02:00:00Z,19,54,OFF,3,4,T-Mobile Arena
2024020024,20242025,2,2024-10-12,2024-10-12T17:00:00Z,26,6,OFF,1,2,TD Garden
2024020025,20242025,2,2024-10-12,2024-10-12T23:00:00Z,13,7,OFF,2,5,KeyBank Center
2024020026,20242025,2,2024-10-12,2024-10-12T23:00:00Z,5,10,OFF,2,4,Scotiabank Arena
2024020027,20242025,2,2024-10-12,2024-10-12T23:00:00Z,9,8,OFF,1,4,Centre Bell
2024020028,20242025,2,2024-10-12,2024-10-12T23:00:00Z,18,17,OFF,0,3,Little Caesars Arena
2024020030,20242025,2,2024-10-12,2024-10-12T23:00:00Z,59,3,OFF,6,5,Madison Square Garden
2024020031,20242025,2,2024-10-12,2024-10-12T23:00:00Z,1,15,OFF,5,3,Capital One Arena
2024020032,20242025,2,2024-10-12,2024-10-13T00:00:00Z,2,25,OFF,0,3,American Airlines Center
2024020033,20242025,2,2024-10-12,2024-10-13T00:00:00Z,55,30,OFF,5,4,Xcel Energy Center
2024020034,20242025,2,2024-10-12,2024-10-13T01:00:00Z,29,21,OFF,6,4,Ball Arena
2024020035,20242025,2,2024-10-12,2024-10-13T02:00:00Z,4,20,OFF,3,6,Scotiabank Saddledome
2024020036,20242025,2,2024-10-12,2024-10-13T02:00:00Z,16,22,OFF,5,2,Rogers Place
2024020037,20242025,2,2024-10-12,2024-10-13T02:00:00Z,24,28,OFF,2,0,SAP Center at San Jose
2024020038,20242025,2,2024-10-13,2024-10-13T22:00:00Z,30,52,OFF,1,2,Canada Life Centre
2024020039,20242025,2,2024-10-13,2024-10-14T00:00:00Z,55,25,OFF,0,2,American Airlines Center
2024020040,20242025,2,2024-10-13,2024-10-14T00:00:00Z,20,22,OFF,4,1,Rogers Place
2024020041,20242025,2,2024-10-13,2024-10-14T02:00:00Z,24,54,OFF,1,3,T-Mobile Arena
2024020042,20242025,2,2024-10-14,2024-10-14T17:00:00Z,13,6,OFF,4,3,TD Garden
2024020043,20242025,2,2024-10-14,2024-10-14T17:00:00Z,26,9,OFF,7,8,Canadian Tire Centre
2024020044,20242025,2,2024-10-14,2024-10-14T17:00:00Z,59,1,OFF,0,3,Prudential Center
2024020045,20242025,2,2024-10-14,2024-10-14T23:00:00Z,17,3,OFF,1,4,Madison Square Garden
2024020046,20242025,2,2024-10-14,2024-10-14T23:30:00Z,5,8,OFF,6,3,Centre Bell
2024020047,20242025,2,2024-10-14,2024-10-15T01:00:00Z,2,21,OFF,6,2,Ball Arena
2024020048,20242025,2,2024-10-15,2024-10-15T23:00:00Z,23,14,OFF,1,4,Amalie Arena
2024020049,20242025,2,2024-10-15,2024-10-15T23:00:00Z,54,15,OFF,2,4,Capital One Arena
2024020050,20242025,2,2024-10-15,2024-10-15T23:00:00Z,1,12,OFF,2,4,Lenovo Center
2024020051,20242025,2,2024-10-15,2024-10-15T23:00:00Z,13,29,OFF,4,3,Nationwide Arena
2024020052,20242025,2,2024-10-15,2024-10-15T23:30:00Z,30,19,OFF,4,1,Enterprise Center
2024020053,20242025,2,2024-10-15,2024-10-16T00:00:00Z,55,18,OFF,7,3,Bridgestone Arena
2024020054,20242025,2,2024-10-15,2024-10-16T00:00:00Z,28,25,OFF,2,3,American Airlines Center
2024020055,20242025,2,2024-10-15,2024-10-16T01:00:00Z,16,20,OFF,1,3,Scotiabank Saddledome
2024020056,20242025,2,2024-10-15,2024-10-16T02:00:00Z,4,22,OFF,3,4,Rogers Place
2024020057,20242025,2,2024-10-16,2024-10-16T23:00:00Z,7,5,OFF,5,6,PPG Paints Arena
2024020058,20242025,2,2024-10-16,2024-10-16T23:30:00Z,26,10,OFF,2,6,Scotiabank Arena
2024020059,20242025,2,2024-10-16,2024-10-17T01:30:00Z,6,21,OFF,5,3,Ball Arena
2024020060,20242025,2,2024-10-16,2024-10-17T02:00:00Z,59,24,OFF,4,5,Honda Center
2024020061,20242025,2,2024-10-17,2024-10-17T23:00:00Z,26,8,OFF,4,1,Centre Bell
2024020062,20242025,2,2024-10-17,2024-10-17T23:00:00Z,1,9,OFF,3,1,Canadian Tire Centre
2024020063,20242025,2,2024-10-17,2024-10-17T23:30:00Z,3,17,OFF,5,2,Little Caesars Arena
2024020064,20242025,2,2024-10-17,2024-10-17T23:00:00Z,54,14,OFF,3,4,Amalie Arena
2024020065,20242025,2,2024-10-17,2024-10-17T23:00:00Z,23,13,OFF,3,2,Amerant Bank Arena
2024020066,20242025,2,2024-10-17,2024-10-17T23:00:00Z,25,15,OFF,2,3,Capital One Arena
2024020067,20242025,2,2024-10-17,2024-10-17T23:00:00Z,7,29,OFF,4,6,Nationwide Arena
2024020068,20242025,2,2024-10-17,2024-10-18T00:00:00Z,2,19,OFF,0,1,Enterprise Center
2024020069,20242025,2,2024-10-17,2024-10-18T00:00:00Z,22,18,OFF,4,2,Bridgestone Arena
2024020070,20242025,2,2024-10-17,2024-10-18T00:30:00Z,28,16,OFF,2,4,United Center
2024020071,20242025,2,2024-10-17,2024-10-18T02:00:00Z,4,55,OFF,4,6,Climate Pledge Arena
2024020072,20242025,2,2024-10-18,2024-10-18T23:00:00Z,12,5,OFF,4,1,PPG Paints Arena
2024020073,20242025,2,2024-10-18,2024-10-19T00:00:00Z,28,52,OFF,3,8,Canada Life Centre
2024020074,20242025,2,2024-10-18,2024-10-19T01:00:00Z,24,21,OFF,3,4,Ball Arena
2024020075,20242025,2,2024-10-19,2024-10-19T17:00:00Z,14,9,OFF,4,5,Canadian Tire Centre
2024020076,20242025,2,2024-10-19,2024-10-19T18:00:00Z,17,18,OFF,5,2,Bridgestone Arena
2024020077,20242025,2,2024-10-19,2024-10-19T20:00:00Z,22,25,OFF,1,4,American Airlines Center
2024020078,20242025,2,2024-10-19,2024-10-19T22:00:00Z,54,13,OFF,3,4,Amerant Bank Arena
2024020079,20242025,2,2024-10-19,2024-10-19T23:00:00Z,3,10,OFF,4,1,Scotiabank Arena
2024020080,20242025,2,2024-10-19,2024-10-19T23:00:00Z,15,1,OFF,6,5,Prudential Center
2024020081,20242025,2,2024-10-19,2024-10-19T23:00:00Z,8,2,OFF,3,4,UBS Arena
2024020082,20242025,2,2024-10-19,2024-10-19T23:00:00Z,23,4,OFF,3,0,Wells Fargo Center
2024020083,20242025,2,2024-10-19,2024-10-19T23:00:00Z,30,29,OFF,3,1,Nationwide Arena
2024020084,20242025,2,2024-10-19,2024-10-19T23:00:00Z,12,19,OFF,3,4,Enterprise Center
2024020085,20242025,2,2024-10-19,2024-10-20T00:00:00Z,7,16,OFF,4,2,United Center
2024020086,20242025,2,2024-10-19,2024-10-20T01:00:00Z,6,59,OFF,1,2,Delta Center
2024020087,20242025,2,2024-10-19,2024-10-20T02:00:00Z,20,55,OFF,1,2,Climate Pledge Arena
2024020088,20242025,2,2024-10-20,2024-10-20T19:00:00Z,5,52,OFF,3,6,Canada Life Centre
2024020089,20242025,2,2024-10-20,2024-10-21T00:00:00Z,21,28,OFF,4,1,SAP Center at San Jose
2024020090,20242025,2,2024-10-20,2024-10-21T00:00:00Z,26,24,OFF,4,1,Honda Center
2024020091,20242025,2,2024-10-21,2024-10-21T23:30:00Z,14,10,OFF,2,5,Scotiabank Arena
2024020092,20242025,2,2024-10-22,2024-10-22T22:00:00Z,15,4,OFF,4,1,Wells Fargo Center
2024020093,20242025,2,2024-10-22,2024-10-22T22:30:00Z,30,13,OFF,5,1,Amerant Bank Arena
2024020094,20242025,2,2024-10-22,2024-10-22T22:45:00Z,14,1,OFF,8,5,Prudential Center
2024020095,20242025,2,2024-10-22,2024-10-22T23:00:00Z,25,7,OFF,2,4,KeyBank Center
2024020096,20242025,2,2024-10-22,2024-10-22T23:15:00Z,3,8,OFF,7,2,Centre Bell
2024020097,20242025,2,2024-10-22,2024-10-22T23:30:00Z,10,29,OFF,2,6,Nationwide Arena
2024020098,20242025,2,2024-10-22,2024-10-22T23:45:00Z,17,2,OFF,1,0,UBS Arena
2024020099,20242025,2,2024-10-22,2024-10-23T00:00:00Z,52,19,OFF,3,2,Enterprise Center
2024020100,20242025,2,2024-10-22,2024-10-23T00:15:00Z,23,16,OFF,6,3,United Center
2024020101,20242025,2,2024-10-22,2024-10-23T00:45:00Z,6,18,OFF,0,4,Bridgestone Arena
2024020102,20242025,2,2024-10-22,2024-10-23T01:30:00Z,5,20,OFF,3,4,Scotiabank Saddledome
2024020103,20242025,2,2024-10-22,2024-10-23T01:00:00Z,12,22,OFF,3,2,Rogers Place
2024020104,20242025,2,2024-10-22,2024-10-23T01:15:00Z,9,59,OFF,4,0,Delta Center
2024020105,20242025,2,2024-10-22,2024-10-23T02:15:00Z,28,24,OFF,1,3,Honda Center
2024020106,20242025,2,2024-10-22,2024-10-23T00:30:00Z,21,55,OFF,3,2,Climate Pledge Arena
2024020107,20242025,2,2024-10-22,2024-10-23T03:00:00Z,26,54,OFF,1,6,T-Mobile Arena
2024020108,20242025,2,2024-10-23,2024-10-23T23:30:00Z,4,15,OFF,3,6,Capital One Arena
2024020109,20242025,2,2024-10-24,2024-10-24T23:00:00Z,25,6,OFF,5,2,TD Garden
2024020110,20242025,2,2024-10-24,2024-10-24T23:00:00Z,19,10,OFF,5,1,Scotiabank Arena
2024020111,20242025,2,2024-10-24,2024-10-24T23:00:00Z,1,17,OFF,3,5,Little Caesars Arena
2024020112,20242025,2,2024-10-24,2024-10-24T23:00:00Z,30,14,OFF,4,2,Amalie Arena
2024020113,20242025,2,2024-10-24,2024-10-24T23:00:00Z,13,3,OFF,3,1,Madison Square Garden
2024020114,20242025,2,2024-10-24,2024-10-25T01:00:00Z,12,20,OFF,4,2,Scotiabank Saddledome
2024020115,20242025,2,2024-10-24,2024-10-25T01:00:00Z,21,59,OFF,5,1,Delta Center
2024020116,20242025,2,2024-10-24,2024-10-25T02:00:00Z,52,55,OFF,4,3,Climate Pledge Arena
2024020117,20242025,2,2024-10-24,2024-10-25T02:30:00Z,28,26,OFF,2,3,Crypto.com Arena
2024020118,20242025,2,2024-10-25,2024-10-25T22:00:00Z,9,54,OFF,4,6,T-Mobile Arena
2024020119,20242025,2,2024-10-25,2024-10-25T23:00:00Z,2,1,OFF,4,3,Prudential Center
2024020120,20242025,2,2024-10-25,2024-10-26T00:30:00Z,18,16,OFF,3,2,United Center
2024020121,20242025,2,2024-10-25,2024-10-26T01:00:00Z,5,22,OFF,0,4,Rogers Place
2024020122,20242025,2,2024-10-26,2024-10-26T17:00:00Z,17,7,OFF,3,5,KeyBank Center
2024020123,20242025,2,2024-10-26,2024-10-26T17:00:00Z,30,4,OFF,5,7,Wells Fargo Center
2024020124,20242025,2,2024-10-26,2024-10-26T20:00:00Z,59,26,OFF,2,3,Crypto.com Arena
2024020125,20242025,2,2024-10-26,2024-10-26T23:00:00Z,10,6,OFF,3,4,TD Garden
2024020126,20242025,2,2024-10-26,2024-10-26T23:00:00Z,19,8,OFF,2,5,Centre Bell
2024020127,20242025,2,2024-10-26,2024-10-26T23:00:00Z,15,14,OFF,0,3,Amalie Arena
2024020128,20242025,2,2024-10-26,2024-10-26T23:00:00Z,24,3,OFF,1,2,Madison Square Garden
2024020129,20242025,2,2024-10-26,2024-10-26T23:00:00Z,52,20,OFF,5,3,Scotiabank Saddledome
2024020130,20242025,2,2024-10-26,2024-10-26T23:30:00Z,13,2,OFF,6,3,UBS Arena
2024020131,20242025,2,2024-10-26,2024-10-27T00:00:00Z,29,18,OFF,3,4,Bridgestone Arena
2024020132,20242025,2,2024-10-26,2024-10-27T00:00:00Z,16,25,OFF,2,4,American Airlines Center
2024020133,20242025,2,2024-10-26,2024-10-27T02:00:00Z,5,23,OFF,3,4,Rogers Arena
2024020134,20242025,2,2024-10-26,2024-10-27T02:00:00Z,28,54,OFF,3,7,T-Mobile Arena
2024020135,20242025,2,2024-10-26,2024-10-27T02:00:00Z,12,55,OFF,4,1,Climate Pledge Arena
2024020136,20242025,2,2024-10-27,2024-10-27T22:00:00Z,22,17,OFF,3,2,Little Caesars Arena
2024020137,20242025,2,2024-10-27,2024-10-27T23:00:00Z,24,1,OFF,2,6,Prudential Center
2024020138,20242025,2,2024-10-27,2024-10-27T23:00:00Z,8,4,OFF,4,3,Wells Fargo Center
2024020139,20242025,2,2024-10-27,2024-10-28T01:00:00Z,9,21,OFF,4,5,Ball Arena
2024020140,20242025,2,2024-10-28,2024-10-28T23:00:00Z,13,7,OFF,5,2,KeyBank Center
2024020141,20242025,2,2024-10-28,2024-10-28T23:30:00Z,18,14,OFF,2,3,Amalie Arena
2024020142,20242025,2,2024-10-28,2024-10-28T23:00:00Z,22,29,OFF,1,6,Nationwide Arena
2024020143,20242025,2,2024-10-28,2024-10-28T23:30:00Z,10,52,OFF,6,4,Canada Life Centre
2024020144,20242025,2,2024-10-28,2024-10-29T01:00:00Z,16,21,OFF,5,2,Ball Arena
2024020145,20242025,2,2024-10-28,2024-10-29T01:00:00Z,28,59,OFF,5,4,Delta Center
2024020146,20242025,2,2024-10-28,2024-10-29T02:00:00Z,12,23,OFF,4,3,Rogers Arena
2024020147,20242025,2,2024-10-28,2024-10-29T02:00:00Z,20,54,OFF,0,5,T-Mobile Arena
2024020148,20242025,2,2024-10-29,2024-10-29T23:00:00Z,4,6,OFF,2,0,TD Garden
2024020149,20242025,2,2024-10-29,2024-10-29T23:00:00Z,55,8,OFF,8,2,Centre Bell
2024020150,20242025,2,2024-10-29,2024-10-29T23:00:00Z,19,9,OFF,1,8,Canadian Tire Centre
2024020151,20242025,2,2024-10-29,2024-10-29T23:30:00Z,3,15,OFF,3,5,Capital One Arena
2024020152,20242025,2,2024-10-29,2024-10-29T23:00:00Z,24,2,OFF,3,1,UBS Arena
2024020153,20242025,2,2024-10-29,2024-10-29T23:00:00Z,30,5,OFF,5,3,PPG Paints Arena
2024020154,20242025,2,2024-10-29,2024-10-30T02:00:00Z,26,28,OFF,2,4,SAP Center at San Jose
2024020155,20242025,2,2024-10-30,2024-10-30T23:00:00Z,2,29,OFF,0,2,Nationwide Arena
2024020156,20242025,2,2024-10-30,2024-10-30T23:30:00Z,52,17,OFF,6,2,Little Caesars Arena
2024020157,20242025,2,2024-10-30,2024-10-31T01:00:00Z,14,21,OFF,5,2,Ball Arena
2024020158,20242025,2,2024-10-30,2024-10-31T01:30:00Z,20,59,OFF,1,5,Delta Center
2024020159,20242025,2,2024-10-30,2024-10-31T02:30:00Z,1,23,OFF,6,0,Rogers Arena
2024020160,20242025,2,2024-10-30,2024-10-31T02:00:00Z,54,26,OFF,3,6,Crypto.com Arena
2024020161,20242025,2,2024-10-31,2024-10-31T23:00:00Z,55,10,OFF,1,4,Scotiabank Arena
2024020162,20242025,2,2024-10-31,2024-10-31T23:00:00Z,19,4,OFF,1,2,Wells Fargo Center
2024020163,20242025,2,2024-10-31,2024-10-31T23:00:00Z,24,5,OFF,1,2,PPG Paints Arena
2024020164,20242025,2,2024-10-31,2024-10-31T23:00:00Z,8,15,OFF,3,6,Capital One Arena
2024020165,20242025,2,2024-10-31,2024-10-31T23:00:00Z,6,12,OFF,2,8,Lenovo Center
2024020166,20242025,2,2024-10-31,2024-11-01T00:00:00Z,22,18,OFF,5,1,Bridgestone Arena
2024020167,20242025,2,2024-10-31,2024-11-01T02:30:00Z,16,28,OFF,2,3,SAP Center at San Jose
2024020168,20242025,2,2024-11-01,2024-11-01T18:00:00Z,13,25,OFF,6,4,Nokia Arena
2024020169,20242025,2,2024-11-01,2024-11-01T23:00:00Z,2,7,OFF,4,3,KeyBank Center
2024020170,20242025,2,2024-11-01,2024-11-01T23:00:00Z,9,3,OFF,1,2,Madison Square Garden
2024020171,20242025,2,2024-11-01,2024-11-01T23:00:00Z,52,29,OFF,6,2,Nationwide Arena
2024020172,20242025,2,2024-11-01,2024-11-02T00:00:00Z,14,30,OFF,3,5,Xcel Energy Center
2024020173,20242025,2,2024-11-01,2024-11-02T01:00:00Z,1,20,OFF,0,3,Scotiabank Saddledome
2024020174,20242025,2,2024-11-02,2024-11-02T16:00:00Z,25,13,OFF,2,4,Nokia Arena
2024020175,20242025,2,2024-11-02,2024-11-02T17:00:00Z,6,4,OFF,3,0,Wells Fargo Center
2024020176,20242025,2,2024-11-02,2024-11-02T20:00:00Z,16,26,OFF,4,3,Crypto.com Arena
2024020177,20242025,2,2024-11-02,2024-11-02T21:00:00Z,29,15,OFF,2,7,Capital One Arena
2024020178,20242025,2,2024-11-02,2024-11-02T23:00:00Z,55,9,OFF,0,3,Canadian Tire Centre
2024020179,20242025,2,2024-11-02,2024-11-02T23:00:00Z,7,17,OFF,1,2,Little Caesars Arena
2024020180,20242025,2,2024-11-02,2024-11-02T23:00:00Z,8,5,OFF,1,3,PPG Paints Arena
2024020181,20242025,2,2024-11-02,2024-11-02T23:00:00Z,10,19,OFF,2,4,Enterprise Center
2024020182,20242025,2,2024-11-02,2024-11-03T00:00:00Z,21,18,OFF,2,5,Bridgestone Arena
2024020183,20242025,2,2024-11-02,2024-11-03T02:00:00Z,59,54,OFF,3,4,T-Mobile Arena
2024020184,20242025,2,2024-11-02,2024-11-03T02:00:00Z,23,28,OFF,3,2,SAP Center at San Jose
2024020185,20242025,2,2024-11-03,2024-11-03T18:00:00Z,2,3,OFF,2,5,Madison Square Garden
2024020186,20242025,2,2024-11-03,2024-11-03T20:00:00Z,14,52,OFF,4,7,Canada Life Centre
2024020187,20242025,2,2024-11-03,2024-11-03T22:00:00Z,55,6,OFF,0,2,TD Garden
2024020188,20242025,2,2024-11-03,2024-11-03T22:00:00Z,15,12,OFF,2,4,Lenovo Center
2024020189,20242025,2,2024-11-03,2024-11-03T23:00:00Z,10,30,OFF,1,2,Xcel Energy Center
2024020190,20242025,2,2024-11-03,2024-11-04T01:00:00Z,22,20,OFF,4,2,Scotiabank Saddledome
2024020191,20242025,2,2024-11-03,2024-11-04T01:00:00Z,16,24,OFF,4,2,Honda Center
2024020192,20242025,2,2024-11-04,2024-11-05T01:00:00Z,26,18,OFF,3,0,Bridgestone Arena
2024020193,20242025,2,2024-11-04,2024-11-05T01:30:00Z,1,22,OFF,3,0,Rogers Place
2024020194,20242025,2,2024-11-05,2024-11-06T00:00:00Z,9,7,OFF,1,5,KeyBank Center
2024020195,20242025,2,2024-11-05,2024-11-06T00:00:00Z,6,10,OFF,0,4,Scotiabank Arena
2024020196,20242025,2,2024-11-05,2024-11-06T00:00:00Z,20,8,OFF,3,2,Centre Bell
2024020197,20242025,2,2024-11-05,2024-11-06T00:00:00Z,4,12,OFF,4,6,Lenovo Center
2024020198,20242025,2,2024-11-05,2024-11-06T00:30:00Z,5,2,OFF,3,4,UBS Arena
2024020199,20242025,2,2024-11-05,2024-11-06T01:00:00Z,14,19,OFF,2,3,Enterprise Center
2024020200,20242025,2,2024-11-05,2024-11-06T01:00:00Z,26,30,OFF,5,1,Xcel Energy Center
2024020201,20242025,2,2024-11-05,2024-11-06T01:00:00Z,59,52,OFF,0,3,Canada Life Centre
2024020202,20242025,2,2024-11-05,2024-11-06T02:00:00Z,55,21,OFF,3,6,Ball Arena
2024020203,20242025,2,2024-11-05,2024-11-06T03:00:00Z,23,24,OFF,5,1,Honda Center
2024020204,20242025,2,2024-11-05,2024-11-06T03:30:00Z,29,28,OFF,1,2,SAP Center at San Jose
2024020205,20242025,2,2024-11-06,2024-11-07T00:00:00Z,18,15,OFF,2,3,Capital One Arena
2024020206,20242025,2,2024-11-06,2024-11-07T01:00:00Z,17,16,OFF,4,1,United Center
2024020207,20242025,2,2024-11-06,2024-11-07T01:30:00Z,54,22,OFF,4,2,Rogers Place
2024020208,20242025,2,2024-11-07,2024-11-08T00:00:00Z,20,6,OFF,3,4,TD Garden
2024020209,20242025,2,2024-11-07,2024-11-08T00:00:00Z,2,9,OFF,4,2,Canadian Tire Centre
2024020210,20242025,2,2024-11-07,2024-11-08T00:30:00Z,4,14,OFF,2,1,Amalie Arena
2024020211,20242025,2,2024-11-07,2024-11-08T00:00:00Z,18,13,OFF,2,6,Amerant Bank Arena
2024020212,20242025,2,2024-11-07,2024-11-08T00:00:00Z,8,1,OFF,3,5,Prudential Center
2024020213,20242025,2,2024-11-07,2024-11-08T00:00:00Z,7,3,OFF,6,1,Madison Square Garden
2024020214,20242025,2,2024-11-07,2024-11-08T00:00:00Z,5,12,OFF,1,5,Lenovo Center
2024020215,20242025,2,2024-11-07,2024-11-08T01:00:00Z,59,19,OFF,4,2,Enterprise Center
2024020216,20242025,2,2024-11-07,2024-11-08T01:00:00Z,16,25,OFF,1,3,American Airlines Center
2024020217,20242025,2,2024-11-07,2024-11-08T01:00:00Z,21,52,OFF,0,1,Canada Life Centre
2024020218,20242025,2,2024-11-07,2024-11-08T03:30:00Z,23,26,OFF,4,2,Crypto.com Arena
2024020219,20242025,2,2024-11-07,2024-11-08T03:30:00Z,30,28,OFF,5,2,SAP Center at San Jose
2024020220,20242025,2,2024-11-08,2024-11-09T00:00:00Z,17,10,OFF,1,3,Scotiabank Arena
2024020221,20242025,2,2024-11-08,2024-11-09T00:30:00Z,5,15,OFF,4,2,Capital One Arena
2024020222,20242025,2,2024-11-08,2024-11-09T03:00:00Z,30,24,OFF,5,2,Honda Center
2024020223,20242025,2,2024-11-08,2024-11-09T03:00:00Z,54,55,OFF,3,4,Climate Pledge Arena
2024020224,20242025,2,2024-11-09,2024-11-09T18:00:00Z,20,7,OFF,2,3,KeyBank Center
2024020225,20242025,2,2024-11-09,2024-11-09T23:00:00Z,4,13,OFF,3,4,Amerant Bank Arena
2024020226,20242025,2,2024-11-09,2024-11-10T00:00:00Z,9,6,OFF,3,2,TD Garden
2024020227,20242025,2,2024-11-09,2024-11-10T00:00:00Z,8,10,OFF,1,4,Scotiabank Arena
2024020228,20242025,2,2024-11-09,2024-11-10T00:00:00Z,3,17,OFF,4,0,Little Caesars Arena
2024020229,20242025,2,2024-11-09,2024-11-10T00:00:00Z,15,19,OFF,8,1,Enterprise Center
2024020230,20242025,2,2024-11-09,2024-11-09T20:00:00Z,25,52,OFF,1,4,Canada Life Centre
2024020231,20242025,2,2024-11-09,2024-11-10T00:30:00Z,1,2,OFF,4,3,UBS Arena
2024020232,20242025,2,2024-11-09,2024-11-10T01:00:00Z,59,18,OFF,0,4,Bridgestone Arena
2024020233,20242025,2,2024-11-09,2024-11-10T02:00:00Z,12,21,OFF,4,6,Ball Arena
2024020234,20242025,2,2024-11-09,2024-11-10T02:00:00Z,29,26,OFF,2,5,Crypto.com Arena
2024020235,20242025,2,2024-11-09,2024-11-10T03:00:00Z,22,23,OFF,7,3,Rogers Arena
2024020236,20242025,2,2024-11-10,2024-11-11T00:00:00Z,28,1,OFF,1,0,Prudential Center
2024020237,20242025,2,2024-11-10,2024-11-11T00:00:00Z,30,16,OFF,1,2,United Center
2024020238,20242025,2,2024-11-10,2024-11-11T01:00:00Z,29,24,OFF,2,4,Honda Center
2024020239,20242025,2,2024-11-11,2024-11-11T17:30:00Z,8,7,OFF,7,5,KeyBank Center
2024020240,20242025,2,2024-11-11,2024-11-12T00:00:00Z,28,4,OFF,3,4,Wells Fargo Center
2024020241,20242025,2,2024-11-11,2024-11-12T00:00:00Z,25,5,OFF,7,1,PPG Paints Arena
2024020242,20242025,2,2024-11-11,2024-11-12T01:30:00Z,26,20,OFF,1,3,Scotiabank Saddledome
2024020243,20242025,2,2024-11-11,2024-11-12T02:00:00Z,18,21,OFF,2,3,Ball Arena
2024020244,20242025,2,2024-11-11,2024-11-12T03:00:00Z,12,54,OFF,5,2,T-Mobile Arena
2024020245,20242025,2,2024-11-12,2024-11-13T00:00:00Z,9,10,OFF,3,0,Scotiabank Arena
2024020246,20242025,2,2024-11-12,2024-11-13T00:30:00Z,1,13,OFF,4,1,Amerant Bank Arena
2024020247,20242025,2,2024-11-12,2024-11-13T00:00:00Z,52,3,OFF,6,3,Madison Square Garden
2024020248,20242025,2,2024-11-12,2024-11-13T01:00:00Z,6,19,OFF,3,2,Enterprise Center
2024020249,20242025,2,2024-11-12,2024-11-13T02:00:00Z,2,22,OFF,3,4,Rogers Place
2024020250,20242025,2,2024-11-12,2024-11-13T03:00:00Z,20,23,OFF,1,3,Rogers Arena
2024020251,20242025,2,2024-11-12,2024-11-13T03:00:00Z,29,55,OFF,2,5,Climate Pledge Arena
2024020252,20242025,2,2024-11-13,2024-11-14T00:30:00Z,17,5,OFF,3,2,PPG Paints Arena
2024020253,20242025,2,2024-11-13,2024-11-14T00:30:00Z,10,15,OFF,4,3,Capital One Arena
2024020254,20242025,2,2024-11-13,2024-11-14T02:00:00Z,12,59,OFF,1,4,Delta Center
2024020255,20242025,2,2024-11-13,2024-11-14T03:00:00Z,26,21,OFF,2,4,Ball Arena
2024020256,20242025,2,2024-11-13,2024-11-14T03:00:00Z,54,24,OFF,3,2,Honda Center
2024020257,20242025,2,2024-11-14,2024-11-15T00:30:00Z,19,7,OFF,3,4,KeyBank Center
2024020258,20242025,2,2024-11-14,2024-11-15T00:00:00Z,4,9,OFF,5,4,Canadian Tire Centre
2024020259,20242025,2,2024-11-14,2024-11-15T00:00:00Z,52,14,OFF,1,4,Amalie Arena
2024020260,20242025,2,2024-11-14,2024-11-15T00:00:00Z,1,13,OFF,6,2,Amerant Bank Arena
2024020261,20242025,2,2024-11-14,2024-11-15T00:00:00Z,28,3,OFF,2,3,Madison Square Garden
2024020262,20242025,2,2024-11-14,2024-11-15T01:00:00Z,6,25,OFF,2,7,American Airlines Center
2024020263,20242025,2,2024-11-14,2024-11-15T01:00:00Z,8,30,OFF,0,3,Xcel Energy Center
2024020264,20242025,2,2024-11-14,2024-11-15T02:00:00Z,18,22,OFF,2,3,Rogers Place
2024020265,20242025,2,2024-11-14,2024-11-15T03:00:00Z,2,23,OFF,5,2,Rogers Arena
2024020266,20242025,2,2024-11-14,2024-11-15T03:00:00Z,16,55,OFF,1,3,Climate Pledge Arena
2024020267,20242025,2,2024-11-15,2024-11-16T00:00:00Z,5,29,OFF,2,6,Nationwide Arena
2024020268,20242025,2,2024-11-15,2024-11-16T02:00:00Z,15,21,OFF,5,2,Ball Arena
2024020269,20242025,2,2024-11-15,2024-11-16T02:00:00Z,18,20,OFF,0,2,Scotiabank Saddledome
2024020270,20242025,2,2024-11-15,2024-11-16T02:00:00Z,54,59,OFF,4,2,Delta Center
2024020271,20242025,2,2024-11-15,2024-11-16T03:00:00Z,17,24,OFF,4,6,Honda Center
2024020272,20242025,2,2024-11-16,2024-11-16T18:00:00Z,19,6,OFF,3,2,TD Garden
2024020273,20242025,2,2024-11-16,2024-11-16T21:00:00Z,2,55,OFF,2,3,Climate Pledge Arena
2024020274,20242025,2,2024-11-16,2024-11-17T00:00:00Z,22,10,OFF,3,4,Scotiabank Arena
2024020275,20242025,2,2024-11-16,2024-11-17T00:00:00Z,29,8,OFF,1,5,Centre Bell
2024020276,20242025,2,2024-11-16,2024-11-17T00:00:00Z,1,14,OFF,0,4,Amalie Arena
2024020277,20242025,2,2024-11-16,2024-11-17T00:00:00Z,52,13,OFF,0,5,Amerant Bank Arena
2024020278,20242025,2,2024-11-16,2024-11-17T00:00:00Z,7,4,OFF,2,5,Wells Fargo Center
2024020279,20242025,2,2024-11-16,2024-11-17T00:00:00Z,28,5,OFF,3,4,PPG Paints Arena
2024020280,20242025,2,2024-11-16,2024-11-17T00:00:00Z,9,12,OFF,0,4,Lenovo Center
2024020281,20242025,2,2024-11-16,2024-11-17T01:00:00Z,25,30,OFF,2,1,Xcel Energy Center
2024020282,20242025,2,2024-11-16,2024-11-17T01:00:00Z,17,26,OFF,1,4,Crypto.com Arena
2024020283,20242025,2,2024-11-16,2024-11-17T03:00:00Z,16,23,OFF,1,4,Rogers Arena
2024020284,20242025,2,2024-11-17,2024-11-17T22:00:00Z,19,12,OFF,1,4,Lenovo Center
2024020285,20242025,2,2024-11-17,2024-11-18T03:00:00Z,18,23,OFF,5,3,Rogers Arena
2024020286,20242025,2,2024-11-17,2024-11-18T01:00:00Z,15,54,OFF,5,2,T-Mobile Arena
2024020287,20242025,2,2024-11-17,2024-11-18T02:00:00Z,3,55,OFF,2,0,Climate Pledge Arena
2024020288,20242025,2,2024-11-18,2024-11-19T00:00:00Z,29,6,OFF,5,1,TD Garden
2024020289,20242025,2,2024-11-18,2024-11-19T00:00:00Z,21,4,OFF,3,2,Wells Fargo Center
2024020290,20242025,2,2024-11-18,2024-11-19T00:30:00Z,22,8,OFF,0,3,Centre Bell
2024020291,20242025,2,2024-11-18,2024-11-19T01:00:00Z,24,25,OFF,4,2,American Airlines Center
2024020292,20242025,2,2024-11-18,2024-11-19T02:00:00Z,15,59,OFF,6,2,Delta Center
2024020293,20242025,2,2024-11-18,2024-11-19T03:30:00Z,17,28,OFF,4,5,SAP Center at San Jose
2024020294,20242025,2,2024-11-19,2024-11-20T00:00:00Z,22,9,OFF,5,2,Canadian Tire Centre
2024020295,20242025,2,2024-11-19,2024-11-20T00:00:00Z,14,5,OFF,3,2,PPG Paints Arena
2024020296,20242025,2,2024-11-19,2024-11-20T01:00:00Z,30,19,OFF,4,2,Enterprise Center
2024020297,20242025,2,2024-11-19,2024-11-20T01:00:00Z,13,52,OFF,3,6,Canada Life Centre
2024020298,20242025,2,2024-11-19,2024-11-20T01:30:00Z,24,16,OFF,3,2,United Center
2024020299,20242025,2,2024-11-19,2024-11-20T02:00:00Z,2,20,OFF,1,2,Scotiabank Saddledome
2024020300,20242025,2,2024-11-19,2024-11-20T03:00:00Z,3,23,OFF,4,3,Rogers Arena
2024020301,20242025,2,2024-11-20,2024-11-21T00:30:00Z,54,10,OFF,0,3,Scotiabank Arena
2024020302,20242025,2,2024-11-20,2024-11-21T00:30:00Z,12,4,OFF,4,1,Wells Fargo Center
2024020303,20242025,2,2024-11-20,2024-11-21T01:00:00Z,28,25,OFF,2,5,American Airlines Center
2024020304,20242025,2,2024-11-20,2024-11-21T03:00:00Z,18,55,OFF,0,3,Climate Pledge Arena
2024020305,20242025,2,2024-11-20,2024-11-21T03:30:00Z,7,26,OFF,1,0,Crypto.com Arena
2024020306,20242025,2,2024-11-21,2024-11-22T00:00:00Z,59,6,OFF,0,1,TD Garden
2024020307,20242025,2,2024-11-21,2024-11-22T00:00:00Z,54,9,OFF,3,2,Canadian Tire Centre
2024020308,20242025,2,2024-11-21,2024-11-22T00:00:00Z,2,17,OFF,1,2,Little Caesars Arena
2024020309,20242025,2,2024-11-21,2024-11-22T00:00:00Z,12,1,OFF,2,4,Prudential Center
2024020310,20242025,2,2024-11-21,2024-11-22T00:00:00Z,21,15,OFF,2,1,Capital One Arena
2024020311,20242025,2,2024-11-21,2024-11-22T00:00:00Z,14,29,OFF,6,7,Nationwide Arena
2024020312,20242025,2,2024-11-21,2024-11-22T01:00:00Z,28,19,OFF,2,3,Enterprise Center
2024020313,20242025,2,2024-11-21,2024-11-22T01:30:00Z,13,16,OFF,1,3,United Center
2024020314,20242025,2,2024-11-21,2024-11-22T02:00:00Z,3,20,OFF,2,3,Scotiabank Saddledome
2024020315,20242025,2,2024-11-21,2024-11-22T02:00:00Z,30,22,OFF,5,3,Rogers Place
2024020316,20242025,2,2024-11-22,2024-11-23T00:00:00Z,52,5,OFF,4,1,PPG Paints Arena
2024020317,20242025,2,2024-11-22,2024-11-23T03:00:00Z,7,24,OFF,3,2,Honda Center
2024020318,20242025,2,2024-11-23,2024-11-23T18:00:00Z,16,4,OFF,2,3,Wells Fargo Center
2024020319,20242025,2,2024-11-23,2024-11-23T21:00:00Z,30,20,OFF,3,4,Scotiabank Saddledome
2024020320,20242025,2,2024-11-23,2024-11-23T21:00:00Z,55,26,OFF,1,2,Crypto.com Arena
2024020321,20242025,2,2024-11-23,2024-11-23T23:00:00Z,21,13,OFF,7,4,Amerant Bank Arena
2024020322,20242025,2,2024-11-23,2024-11-24T00:00:00Z,54,8,OFF,6,2,Centre Bell
2024020323,20242025,2,2024-11-23,2024-11-24T00:00:00Z,23,9,OFF,4,3,Canadian Tire Centre
2024020324,20242025,2,2024-11-23,2024-11-24T00:00:00Z,6,17,OFF,2,1,Little Caesars Arena
2024020325,20242025,2,2024-11-23,2024-11-24T00:00:00Z,25,14,OFF,4,2,Amalie Arena
2024020326,20242025,2,2024-11-23,2024-11-24T00:00:00Z,59,5,OFF,6,1,PPG Paints Arena
2024020327,20242025,2,2024-11-23,2024-11-24T00:00:00Z,1,15,OFF,3,2,Capital One Arena
2024020328,20242025,2,2024-11-23,2024-11-24T00:00:00Z,12,29,OFF,4,5,Nationwide Arena
2024020329,20242025,2,2024-11-23,2024-11-24T00:00:00Z,52,18,OFF,1,4,Bridgestone Arena
2024020330,20242025,2,2024-11-23,2024-11-24T00:30:00Z,19,2,OFF,1,3,UBS Arena
2024020331,20242025,2,2024-11-23,2024-11-24T01:00:00Z,7,28,OFF,4,2,SAP Center at San Jose
2024020332,20242025,2,2024-11-23,2024-11-24T03:00:00Z,3,22,OFF,2,6,Rogers Place
2024020333,20242025,2,2024-11-24,2024-11-25T00:00:00Z,59,10,OFF,2,3,Scotiabank Arena
2024020334,20242025,2,2024-11-25,2024-11-26T00:00:00Z,21,14,OFF,2,8,Amalie Arena
2024020335,20242025,2,2024-11-25,2024-11-26T00:00:00Z,15,13,OFF,4,1,Amerant Bank Arena
2024020336,20242025,2,2024-11-25,2024-11-26T00:00:00Z,18,1,OFF,2,5,Prudential Center
2024020337,20242025,2,2024-11-25,2024-11-26T00:00:00Z,19,3,OFF,5,2,Madison Square Garden
2024020338,20242025,2,2024-11-25,2024-11-26T00:00:00Z,54,4,OFF,5,4,Wells Fargo Center
2024020339,20242025,2,2024-11-25,2024-11-26T00:00:00Z,25,12,OFF,4,6,Lenovo Center
2024020340,20242025,2,2024-11-25,2024-11-26T00:30:00Z,20,9,OFF,3,4,Canadian Tire Centre
2024020341,20242025,2,2024-11-25,2024-11-26T00:30:00Z,17,2,OFF,4,2,UBS Arena
2024020342,20242025,2,2024-11-25,2024-11-26T01:00:00Z,52,30,OFF,4,1,Xcel Energy Center
2024020343,20242025,2,2024-11-25,2024-11-26T03:00:00Z,55,24,OFF,3,2,Honda Center
2024020344,20242025,2,2024-11-25,2024-11-26T03:30:00Z,26,28,OFF,2,7,SAP Center at San Jose
2024020345,20242025,2,2024-11-26,2024-11-27T00:00:00Z,23,6,OFF,2,0,TD Garden
2024020346,20242025,2,2024-11-26,2024-11-27T00:00:00Z,59,8,OFF,3,2,Centre Bell
2024020347,20242025,2,2024-11-27,2024-11-28T00:00:00Z,30,7,OFF,1,0,KeyBank Center
2024020348,20242025,2,2024-11-27,2024-11-28T00:00:00Z,19,1,OFF,3,0,Prudential Center
2024020349,20242025,2,2024-11-27,2024-11-28T00:00:00Z,3,12,OFF,3,4,Lenovo Center
2024020350,20242025,2,2024-11-27,2024-11-28T00:30:00Z,20,17,OFF,1,2,Little Caesars Arena
2024020351,20242025,2,2024-11-27,2024-11-28T00:30:00Z,15,14,OFF,5,4,Amalie Arena
2024020352,20242025,2,2024-11-27,2024-11-28T00:30:00Z,10,13,OFF,1,5,Amerant Bank Arena
2024020353,20242025,2,2024-11-27,2024-11-28T00:30:00Z,6,2,OFF,6,3,UBS Arena
2024020354,20242025,2,2024-11-27,2024-11-28T00:30:00Z,23,5,OFF,4,5,PPG Paints Arena
2024020355,20242025,2,2024-11-27,2024-11-28T00:30:00Z,8,29,OFF,4,3,Nationwide Arena
2024020356,20242025,2,2024-11-27,2024-11-28T01:00:00Z,4,18,OFF,3,2,Bridgestone Arena
2024020357,20242025,2,2024-11-27,2024-11-28T01:30:00Z,25,16,OFF,2,6,United Center
2024020358,20242025,2,2024-11-27,2024-11-28T03:00:00Z,54,21,OFF,1,2,Ball Arena
2024020359,20242025,2,2024-11-27,2024-11-28T03:00:00Z,52,26,OFF,1,4,Crypto.com Arena
2024020360,20242025,2,2024-11-27,2024-11-28T03:00:00Z,24,55,OFF,5,2,Climate Pledge Arena
2024020361,20242025,2,2024-11-27,2024-11-28T03:30:00Z,9,28,OFF,4,3,SAP Center at San Jose
2024020362,20242025,2,2024-11-29,2024-11-29T18:00:00Z,3,4,OFF,1,3,Wells Fargo Center
2024020363,20242025,2,2024-11-29,2024-11-29T19:00:00Z,16,30,OFF,2,3,Xcel Energy Center
2024020364,20242025,2,2024-11-29,2024-11-29T20:00:00Z,23,7,OFF,4,3,KeyBank Center
2024020365,20242025,2,2024-11-29,2024-11-29T20:00:00Z,1,17,OFF,5,4,Little Caesars Arena
2024020366,20242025,2,2024-11-29,2024-11-29T20:00:00Z,2,15,OFF,4,5,Capital One Arena
2024020367,20242025,2,2024-11-29,2024-11-29T20:00:00Z,13,12,OFF,6,3,Lenovo Center
2024020368,20242025,2,2024-11-29,2024-11-29T20:00:00Z,20,29,OFF,2,5,Nationwide Arena
2024020369,20242025,2,2024-11-29,2024-11-29T20:00:00Z,14,18,OFF,3,2,Bridgestone Arena
2024020370,20242025,2,2024-11-29,2024-11-29T20:30:00Z,26,24,OFF,2,1,Honda Center
2024020371,20242025,2,2024-11-29,2024-11-29T20:30:00Z,55,28,OFF,5,8,SAP Center at San Jose
2024020372,20242025,2,2024-11-29,2024-11-29T23:30:00Z,5,6,OFF,2,1,TD Garden
2024020373,20242025,2,2024-11-29,2024-11-30T02:00:00Z,21,25,OFF,3,5,American Airlines Center
2024020374,20242025,2,2024-11-29,2024-11-30T01:30:00Z,52,54,OFF,3,4,T-Mobile Arena
2024020375,20242025,2,2024-11-29,2024-11-30T02:00:00Z,22,59,OFF,4,3,Delta Center
2024020376,20242025,2,2024-11-30,2024-11-30T18:00:00Z,8,3,OFF,3,4,Madison Square Garden
2024020377,20242025,2,2024-11-30,2024-11-30T21:00:00Z,12,13,OFF,0,6,Amerant Bank Arena
2024020378,20242025,2,2024-11-30,2024-12-01T00:00:00Z,10,14,OFF,5,3,Amalie Arena
2024020379,20242025,2,2024-11-30,2024-12-01T00:00:00Z,15,1,OFF,6,5,Prudential Center
2024020380,20242025,2,2024-11-30,2024-12-01T00:00:00Z,20,5,OFF,2,6,PPG Paints Arena
2024020381,20242025,2,2024-11-30,2024-12-01T00:00:00Z,4,19,OFF,3,2,Enterprise Center
2024020382,20242025,2,2024-11-30,2024-12-01T00:00:00Z,9,26,OFF,2,5,Crypto.com Arena
2024020383,20242025,2,2024-11-30,2024-12-01T00:30:00Z,7,2,OFF,0,3,UBS Arena
2024020384,20242025,2,2024-11-30,2024-12-01T01:00:00Z,18,30,OFF,2,3,Xcel Energy Center
2024020385,20242025,2,2024-11-30,2024-12-01T03:00:00Z,22,21,OFF,4,1,Ball Arena
2024020386,20242025,2,2024-11-30,2024-12-01T03:00:00Z,59,54,OFF,6,0,T-Mobile Arena
2024020387,20242025,2,2024-11-30,2024-12-01T03:00:00Z,28,55,OFF,4,2,Climate Pledge Arena
2024020388,20242025,2,2024-12-01,2024-12-01T17:30:00Z,23,17,OFF,5,4,Little Caesars Arena
2024020389,20242025,2,2024-12-01,2024-12-01T20:00:00Z,8,6,OFF,3,6,TD Garden
2024020390,20242025,2,2024-12-01,2024-12-01T20:00:00Z,29,16,OFF,6,3,United Center
2024020391,20242025,2,2024-12-01,2024-12-01T21:30:00Z,52,25,OFF,1,3,American Airlines Center
2024020392,20242025,2,2024-12-01,2024-12-02T01:00:00Z,9,24,OFF,3,4,Honda Center
2024020393,20242025,2,2024-12-02,2024-12-03T00:00:00Z,1,3,OFF,5,1,Madison Square Garden
2024020394,20242025,2,2024-12-02,2024-12-03T00:30:00Z,16,10,OFF,1,4,Scotiabank Arena
2024020395,20242025,2,2024-12-02,2024-12-03T02:00:00Z,25,59,OFF,2,1,Delta Center
2024020396,20242025,2,2024-12-03,2024-12-04T00:00:00Z,17,6,OFF,2,3,TD Garden
2024020397,20242025,2,2024-12-03,2024-12-04T00:00:00Z,21,7,OFF,5,4,KeyBank Center
2024020398,20242025,2,2024-12-03,2024-12-04T00:00:00Z,2,8,OFF,1,2,Centre Bell
2024020399,20242025,2,2024-12-03,2024-12-04T00:00:00Z,13,5,OFF,4,5,PPG Paints Arena
2024020400,20242025,2,2024-12-03,2024-12-04T00:00:00Z,28,15,OFF,2,1,Capital One Arena
2024020401,20242025,2,2024-12-03,2024-12-04T00:00:00Z,55,12,OFF,4,2,Lenovo Center
2024020402,20242025,2,2024-12-03,2024-12-04T01:00:00Z,23,30,OFF,2,3,Xcel Energy Center
2024020403,20242025,2,2024-12-03,2024-12-04T01:00:00Z,19,52,OFF,4,1,Canada Life Centre
2024020404,20242025,2,2024-12-03,2024-12-04T02:00:00Z,29,20,OFF,0,3,Scotiabank Saddledome
2024020405,20242025,2,2024-12-03,2024-12-04T03:00:00Z,22,54,OFF,0,1,T-Mobile Arena
2024020406,20242025,2,2024-12-04,2024-12-05T00:30:00Z,18,10,OFF,2,3,Scotiabank Arena
2024020407,20242025,2,2024-12-04,2024-12-05T00:30:00Z,6,16,OFF,4,2,United Center
2024020408,20242025,2,2024-12-04,2024-12-05T03:00:00Z,54,24,OFF,4,1,Honda Center
2024020409,20242025,2,2024-12-04,2024-12-05T03:00:00Z,25,26,OFF,2,3,Crypto.com Arena
2024020410,20242025,2,2024-12-05,2024-12-06T00:00:00Z,52,7,OFF,3,2,KeyBank Center
2024020411,20242025,2,2024-12-05,2024-12-06T00:00:00Z,18,8,OFF,0,3,Centre Bell
2024020412,20242025,2,2024-12-05,2024-12-06T00:00:00Z,17,9,OFF,1,2,Canadian Tire Centre
2024020413,20242025,2,2024-12-05,2024-12-06T00:00:00Z,28,14,OFF,1,8,Amalie Arena
2024020414,20242025,2,2024-12-05,2024-12-06T00:00:00Z,13,4,OFF,7,5,Wells Fargo Center
2024020415,20242025,2,2024-12-05,2024-12-06T00:00:00Z,21,12,OFF,3,5,Lenovo Center
2024020416,20242025,2,2024-12-05,2024-12-06T00:30:00Z,55,2,OFF,5,2,UBS Arena
2024020417,20242025,2,2024-12-05,2024-12-06T02:00:00Z,19,20,OFF,4,3,Scotiabank Saddledome
2024020418,20242025,2,2024-12-05,2024-12-06T02:00:00Z,29,22,OFF,3,6,Rogers Place
2024020419,20242025,2,2024-12-06,2024-12-07T00:00:00Z,15,10,OFF,3,1,Scotiabank Arena
2024020420,20242025,2,2024-12-06,2024-12-07T00:00:00Z,55,1,OFF,2,3,Prudential Center
2024020421,20242025,2,2024-12-06,2024-12-07T00:30:00Z,5,3,OFF,2,4,Madison Square Garden
2024020422,20242025,2,2024-12-06,2024-12-07T03:00:00Z,29,23,OFF,2,5,Rogers Arena
2024020423,20242025,2,2024-12-06,2024-12-07T03:00:00Z,25,54,OFF,2,3,T-Mobile Arena
2024020424,20242025,2,2024-12-06,2024-12-07T03:00:00Z,30,24,OFF,5,1,Honda Center
2024020425,20242025,2,2024-12-07,2024-12-07T18:00:00Z,4,6,OFF,3,4,TD Garden
2024020426,20242025,2,2024-12-07,2024-12-07T18:00:00Z,59,7,OFF,5,2,KeyBank Center
2024020427,20242025,2,2024-12-07,2024-12-07T21:00:00Z,52,16,OFF,4,2,United Center
2024020428,20242025,2,2024-12-07,2024-12-07T22:00:00Z,12,2,OFF,3,4,UBS Arena
2024020429,20242025,2,2024-12-07,2024-12-07T23:00:00Z,28,13,OFF,1,3,Amerant Bank Arena
2024020430,20242025,2,2024-12-07,2024-12-08T00:00:00Z,15,8,OFF,4,2,Centre Bell
2024020431,20242025,2,2024-12-07,2024-12-08T00:00:00Z,18,9,OFF,1,3,Canadian Tire Centre
2024020432,20242025,2,2024-12-07,2024-12-08T00:00:00Z,21,17,OFF,2,1,Little Caesars Arena
2024020433,20242025,2,2024-12-07,2024-12-08T00:00:00Z,10,5,OFF,2,5,PPG Paints Arena
2024020434,20242025,2,2024-12-07,2024-12-08T01:00:00Z,30,26,OFF,1,4,Crypto.com Arena
2024020435,20242025,2,2024-12-07,2024-12-08T03:00:00Z,19,22,OFF,2,4,Rogers Place
2024020436,20242025,2,2024-12-08,2024-12-08T18:00:00Z,55,3,OFF,7,5,Madison Square Garden
2024020437,20242025,2,2024-12-08,2024-12-08T21:00:00Z,14,23,OFF,4,2,Rogers Arena
2024020438,20242025,2,2024-12-08,2024-12-08T22:00:00Z,2,9,OFF,4,2,Canadian Tire Centre
2024020439,20242025,2,2024-12-08,2024-12-08T23:00:00Z,29,52,OFF,4,1,Canada Life Centre
2024020440,20242025,2,2024-12-08,2024-12-09T00:00:00Z,21,1,OFF,4,0,Prudential Center
2024020441,20242025,2,2024-12-08,2024-12-09T00:30:00Z,59,4,OFF,4,2,Wells Fargo Center
2024020442,20242025,2,2024-12-08,2024-12-09T01:00:00Z,20,25,OFF,2,6,American Airlines Center
2024020443,20242025,2,2024-12-09,2024-12-10T00:00:00Z,17,7,OFF,6,5,KeyBank Center
2024020444,20242025,2,2024-12-09,2024-12-10T00:00:00Z,16,3,OFF,2,1,Madison Square Garden
2024020445,20242025,2,2024-12-09,2024-12-10T00:30:00Z,24,8,OFF,2,3,Centre Bell
2024020446,20242025,2,2024-12-10,2024-12-11T00:00:00Z,10,1,OFF,2,1,Prudential Center
2024020447,20242025,2,2024-12-10,2024-12-11T00:00:00Z,21,5,OFF,6,2,PPG Paints Arena
2024020448,20242025,2,2024-12-10,2024-12-11T00:00:00Z,28,12,OFF,2,3,Lenovo Center
2024020449,20242025,2,2024-12-10,2024-12-11T00:00:00Z,4,29,OFF,5,3,Nationwide Arena
2024020450,20242025,2,2024-12-10,2024-12-11T00:30:00Z,26,2,OFF,3,1,UBS Arena
2024020451,20242025,2,2024-12-10,2024-12-11T01:00:00Z,20,18,OFF,4,3,Bridgestone Arena
2024020452,20242025,2,2024-12-10,2024-12-11T01:00:00Z,6,52,OFF,1,8,Canada Life Centre
2024020453,20242025,2,2024-12-10,2024-12-11T02:00:00Z,14,22,OFF,1,2,Rogers Place
2024020454,20242025,2,2024-12-10,2024-12-11T02:30:00Z,30,59,OFF,5,4,Delta Center
2024020455,20242025,2,2024-12-10,2024-12-11T03:00:00Z,19,23,OFF,4,3,Rogers Arena
2024020456,20242025,2,2024-12-10,2024-12-11T03:00:00Z,13,55,OFF,2,1,Climate Pledge Arena
2024020457,20242025,2,2024-12-11,2024-12-12T00:00:00Z,3,7,OFF,3,2,KeyBank Center
2024020458,20242025,2,2024-12-11,2024-12-12T00:30:00Z,24,9,OFF,1,5,Canadian Tire Centre
2024020459,20242025,2,2024-12-12,2024-12-13T00:00:00Z,24,10,OFF,2,3,Scotiabank Arena
2024020460,20242025,2,2024-12-12,2024-12-13T00:00:00Z,5,8,OFF,9,2,Centre Bell
2024020461,20242025,2,2024-12-12,2024-12-13T00:00:00Z,26,1,OFF,1,3,Prudential Center
2024020462,20242025,2,2024-12-12,2024-12-13T00:00:00Z,17,4,OFF,1,4,Wells Fargo Center
2024020463,20242025,2,2024-12-12,2024-12-13T00:00:00Z,15,29,OFF,2,1,Nationwide Arena
2024020464,20242025,2,2024-12-12,2024-12-13T00:30:00Z,16,2,OFF,4,5,UBS Arena
2024020465,20242025,2,2024-12-12,2024-12-13T01:00:00Z,28,19,OFF,4,3,Enterprise Center
2024020466,20242025,2,2024-12-12,2024-12-13T01:00:00Z,18,25,OFF,4,1,American Airlines Center
2024020467,20242025,2,2024-12-12,2024-12-13T01:30:00Z,22,30,OFF,7,1,Xcel Energy Center
2024020468,20242025,2,2024-12-12,2024-12-13T01:00:00Z,54,52,OFF,3,2,Canada Life Centre
2024020469,20242025,2,2024-12-12,2024-12-13T02:00:00Z,59,21,OFF,4,1,Ball Arena
2024020470,20242025,2,2024-12-12,2024-12-13T02:00:00Z,14,20,OFF,8,3,Scotiabank Saddledome
2024020471,20242025,2,2024-12-12,2024-12-13T03:00:00Z,13,23,OFF,0,4,Rogers Arena
2024020472,20242025,2,2024-12-12,2024-12-13T03:00:00Z,6,55,OFF,1,5,Climate Pledge Arena
2024020473,20242025,2,2024-12-13,2024-12-14T00:00:00Z,9,12,OFF,3,0,Lenovo Center
2024020474,20242025,2,2024-12-14,2024-12-14T18:00:00Z,16,1,OFF,1,4,Prudential Center
2024020475,20242025,2,2024-12-14,2024-12-14T18:00:00Z,26,3,OFF,5,1,Madison Square Garden
2024020476,20242025,2,2024-12-14,2024-12-14T19:00:00Z,4,30,OFF,1,4,Xcel Energy Center
2024020477,20242025,2,2024-12-14,2024-12-14T21:00:00Z,54,22,OFF,3,6,Rogers Place
2024020478,20242025,2,2024-12-14,2024-12-15T00:00:00Z,5,9,OFF,2,3,Canadian Tire Centre
2024020479,20242025,2,2024-12-14,2024-12-15T00:00:00Z,10,17,OFF,2,4,Little Caesars Arena
2024020480,20242025,2,2024-12-14,2024-12-15T00:00:00Z,7,15,OFF,2,4,Capital One Arena
2024020481,20242025,2,2024-12-14,2024-12-15T00:00:00Z,24,29,OFF,4,3,Nationwide Arena
2024020482,20242025,2,2024-12-14,2024-12-15T00:00:00Z,8,52,OFF,2,4,Canada Life Centre
2024020483,20242025,2,2024-12-14,2024-12-15T01:00:00Z,19,25,OFF,1,2,American Airlines Center
2024020484,20242025,2,2024-12-14,2024-12-15T02:00:00Z,18,21,OFF,2,5,Ball Arena
2024020485,20242025,2,2024-12-14,2024-12-15T03:00:00Z,13,20,OFF,0,3,Scotiabank Saddledome
2024020486,20242025,2,2024-12-14,2024-12-15T03:00:00Z,6,23,OFF,5,1,Rogers Arena
2024020487,20242025,2,2024-12-14,2024-12-15T03:00:00Z,59,28,OFF,4,3,SAP Center at San Jose
2024020488,20242025,2,2024-12-14,2024-12-15T03:00:00Z,14,55,OFF,5,1,Climate Pledge Arena
2024020489,20242025,2,2024-12-15,2024-12-15T20:00:00Z,2,16,OFF,3,5,United Center
2024020490,20242025,2,2024-12-15,2024-12-15T22:00:00Z,7,10,OFF,3,5,Scotiabank Arena
2024020491,20242025,2,2024-12-15,2024-12-15T22:00:00Z,29,12,OFF,1,4,Lenovo Center
2024020492,20242025,2,2024-12-15,2024-12-15T23:00:00Z,3,19,OFF,2,3,Enterprise Center
2024020493,20242025,2,2024-12-15,2024-12-15T23:00:00Z,54,30,OFF,3,2,Xcel Energy Center
2024020494,20242025,2,2024-12-16,2024-12-17T01:00:00Z,15,25,OFF,1,3,American Airlines Center
2024020495,20242025,2,2024-12-16,2024-12-17T01:30:00Z,13,22,OFF,6,5,Rogers Place
2024020496,20242025,2,2024-12-16,2024-12-17T03:30:00Z,21,23,OFF,1,3,Rogers Arena
2024020497,20242025,2,2024-12-17,2024-12-18T00:00:00Z,7,8,OFF,1,6,Centre Bell
2024020498,20242025,2,2024-12-17,2024-12-18T00:00:00Z,29,14,OFF,3,5,Amalie Arena
2024020499,20242025,2,2024-12-17,2024-12-18T00:00:00Z,26,5,OFF,2,3,PPG Paints Arena
2024020500,20242025,2,2024-12-17,2024-12-18T00:30:00Z,2,12,OFF,0,4,Lenovo Center
2024020501,20242025,2,2024-12-17,2024-12-18T01:00:00Z,1,19,OFF,4,1,Enterprise Center
2024020502,20242025,2,2024-12-17,2024-12-18T01:00:00Z,3,18,OFF,0,2,Bridgestone Arena
2024020503,20242025,2,2024-12-17,2024-12-18T01:30:00Z,15,16,OFF,2,3,United Center
2024020504,20242025,2,2024-12-17,2024-12-18T02:00:00Z,6,20,OFF,4,3,Scotiabank Saddledome
2024020505,20242025,2,2024-12-17,2024-12-18T03:00:00Z,9,55,OFF,3,0,Climate Pledge Arena
2024020506,20242025,2,2024-12-17,2024-12-18T03:30:00Z,52,28,OFF,4,3,SAP Center at San Jose
2024020507,20242025,2,2024-12-18,2024-12-19T00:00:00Z,4,17,OFF,4,6,Little Caesars Arena
2024020508,20242025,2,2024-12-18,2024-12-19T00:30:00Z,10,25,OFF,5,3,American Airlines Center
2024020509,20242025,2,2024-12-18,2024-12-19T02:30:00Z,13,30,OFF,6,1,Xcel Energy Center
2024020510,20242025,2,2024-12-18,2024-12-19T03:00:00Z,23,59,OFF,2,3,Delta Center
2024020511,20242025,2,2024-12-18,2024-12-19T03:00:00Z,52,24,OFF,2,3,Honda Center
2024020512,20242025,2,2024-12-19,2024-12-20T00:00:00Z,19,14,OFF,1,3,Amalie Arena
2024020513,20242025,2,2024-12-19,2024-12-20T00:30:00Z,26,4,OFF,7,3,Wells Fargo Center
2024020514,20242025,2,2024-12-19,2024-12-20T00:00:00Z,1,29,OFF,2,4,Nationwide Arena
2024020515,20242025,2,2024-12-19,2024-12-20T01:00:00Z,5,18,OFF,5,4,Bridgestone Arena
2024020516,20242025,2,2024-12-19,2024-12-20T01:30:00Z,55,16,OFF,1,3,United Center
2024020517,20242025,2,2024-12-19,2024-12-20T02:00:00Z,9,20,OFF,3,2,Scotiabank Saddledome
2024020518,20242025,2,2024-12-19,2024-12-20T02:00:00Z,6,22,OFF,2,3,Rogers Place
2024020519,20242025,2,2024-12-19,2024-12-20T03:00:00Z,23,54,OFF,1,3,T-Mobile Arena
2024020520,20242025,2,2024-12-19,2024-12-20T03:30:00Z,21,28,OFF,4,2,SAP Center at San Jose
2024020521,20242025,2,2024-12-20,2024-12-21T00:00:00Z,10,7,OFF,6,3,KeyBank Center
2024020522,20242025,2,2024-12-20,2024-12-21T00:00:00Z,8,17,OFF,4,3,Little Caesars Arena
2024020523,20242025,2,2024-12-20,2024-12-21T00:00:00Z,19,13,OFF,1,2,Amerant Bank Arena
2024020524,20242025,2,2024-12-20,2024-12-21T00:00:00Z,12,15,OFF,1,3,Capital One Arena
2024020525,20242025,2,2024-12-20,2024-12-21T01:00:00Z,3,25,OFF,3,1,American Airlines Center
2024020526,20242025,2,2024-12-20,2024-12-21T01:00:00Z,59,30,OFF,2,1,Xcel Energy Center
2024020527,20242025,2,2024-12-20,2024-12-21T03:00:00Z,21,24,OFF,4,2,Honda Center
2024020528,20242025,2,2024-12-21,2024-12-21T18:30:00Z,26,18,OFF,2,3,Bridgestone Arena
2024020529,20242025,2,2024-12-21,2024-12-21T21:00:00Z,16,20,OFF,4,6,Scotiabank Saddledome
2024020530,20242025,2,2024-12-21,2024-12-21T21:00:00Z,28,22,OFF,2,3,Rogers Place
2024020531,20242025,2,2024-12-21,2024-12-22T00:00:00Z,7,6,OFF,1,3,TD Garden
2024020532,20242025,2,2024-12-21,2024-12-22T00:00:00Z,2,10,OFF,6,3,Scotiabank Arena
2024020533,20242025,2,2024-12-21,2024-12-22T00:00:00Z,17,8,OFF,1,5,Centre Bell
2024020534,20242025,2,2024-12-21,2024-12-22T00:00:00Z,5,1,OFF,0,3,Prudential Center
2024020535,20242025,2,2024-12-21,2024-12-22T00:00:00Z,29,4,OFF,4,5,Wells Fargo Center
2024020536,20242025,2,2024-12-21,2024-12-22T00:00:00Z,30,52,OFF,0,5,Canada Life Centre
2024020537,20242025,2,2024-12-21,2024-12-22T03:00:00Z,9,23,OFF,5,4,Rogers Arena
2024020538,20242025,2,2024-12-21,2024-12-22T03:00:00Z,55,54,OFF,2,6,T-Mobile Arena
2024020539,20242025,2,2024-12-22,2024-12-22T17:30:00Z,12,3,OFF,3,1,Madison Square Garden
2024020540,20242025,2,2024-12-22,2024-12-22T22:00:00Z,13,14,OFF,4,2,Amalie Arena
2024020541,20242025,2,2024-12-22,2024-12-22T22:00:00Z,26,15,OFF,1,3,Capital One Arena
2024020542,20242025,2,2024-12-22,2024-12-22T22:00:00Z,24,59,OFF,5,4,Delta Center
2024020543,20242025,2,2024-12-22,2024-12-23T01:00:00Z,55,21,OFF,2,5,Ball Arena
2024020544,20242025,2,2024-12-22,2024-12-23T01:00:00Z,9,22,OFF,1,3,Rogers Place
2024020545,20242025,2,2024-12-23,2024-12-23T18:00:00Z,3,1,OFF,0,5,Prudential Center
2024020546,20242025,2,2024-12-23,2024-12-23T19:00:00Z,52,10,OFF,5,2,Scotiabank Arena
2024020547,20242025,2,2024-12-23,2024-12-24T00:00:00Z,15,6,OFF,1,4,TD Garden
2024020548,20242025,2,2024-12-23,2024-12-24T00:00:00Z,19,17,OFF,4,0,Little Caesars Arena
2024020549,20242025,2,2024-12-23,2024-12-24T00:00:00Z,14,13,OFF,4,0,Amerant Bank Arena
2024020550,20242025,2,2024-12-23,2024-12-24T00:00:00Z,4,5,OFF,3,7,PPG Paints Arena
2024020551,20242025,2,2024-12-23,2024-12-24T00:00:00Z,8,29,OFF,4,5,Nationwide Arena
2024020552,20242025,2,2024-12-23,2024-12-24T00:30:00Z,7,2,OFF,7,1,UBS Arena
2024020553,20242025,2,2024-12-23,2024-12-24T01:00:00Z,12,18,OFF,2,5,Bridgestone Arena
2024020554,20242025,2,2024-12-23,2024-12-24T01:00:00Z,16,30,OFF,3,4,Xcel Energy Center
2024020555,20242025,2,2024-12-23,2024-12-24T02:00:00Z,28,23,OFF,3,4,Rogers Arena
2024020556,20242025,2,2024-12-23,2024-12-24T02:00:00Z,25,59,OFF,3,2,Delta Center
2024020557,20242025,2,2024-12-23,2024-12-24T03:00:00Z,24,54,OFF,1,3,T-Mobile Arena
2024020558,20242025,2,2024-12-27,2024-12-28T00:00:00Z,16,7,OFF,2,6,KeyBank Center
2024020559,20242025,2,2024-12-27,2024-12-28T00:00:00Z,10,17,OFF,5,2,Little Caesars Arena
2024020560,20242025,2,2024-12-27,2024-12-28T00:00:00Z,12,1,OFF,2,4,Prudential Center
2024020561,20242025,2,2024-12-27,2024-12-28T00:00:00Z,6,29,OFF,2,6,Nationwide Arena
2024020562,20242025,2,2024-12-27,2024-12-28T01:00:00Z,18,19,OFF,4,7,Enterprise Center
2024020563,20242025,2,2024-12-27,2024-12-28T01:00:00Z,30,25,OFF,3,2,American Airlines Center
2024020564,20242025,2,2024-12-27,2024-12-28T02:30:00Z,21,59,OFF,4,1,Delta Center
2024020565,20242025,2,2024-12-27,2024-12-28T03:30:00Z,54,28,OFF,6,3,SAP Center at San Jose
2024020566,20242025,2,2024-12-28,2024-12-28T18:00:00Z,8,13,OFF,4,0,Amerant Bank Arena
2024020567,20242025,2,2024-12-28,2024-12-28T21:00:00Z,55,23,OFF,5,4,Rogers Arena
2024020568,20242025,2,2024-12-28,2024-12-28T21:00:00Z,4,24,OFF,3,1,Honda Center
2024020569,20242025,2,2024-12-28,2024-12-28T21:00:00Z,22,26,OFF,3,4,Crypto.com Arena
2024020570,20242025,2,2024-12-28,2024-12-29T00:00:00Z,29,6,OFF,0,4,TD Garden
2024020571,20242025,2,2024-12-28,2024-12-29T00:00:00Z,15,10,OFF,5,2,Scotiabank Arena
2024020572,20242025,2,2024-12-28,2024-12-29T00:00:00Z,3,14,OFF,2,6,Amalie Arena
2024020573,20242025,2,2024-12-28,2024-12-29T00:00:00Z,1,12,OFF,2,5,Lenovo Center
2024020574,20242025,2,2024-12-28,2024-12-29T00:00:00Z,9,52,OFF,2,4,Canada Life Centre
2024020575,20242025,2,2024-12-28,2024-12-29T00:30:00Z,5,2,OFF,3,6,UBS Arena
2024020576,20242025,2,2024-12-28,2024-12-29T03:00:00Z,20,28,OFF,3,1,SAP Center at San Jose
2024020577,20242025,2,2024-12-29,2024-12-30T01:30:00Z,25,16,OFF,5,1,United Center
2024020578,20242025,2,2024-12-29,2024-12-29T21:00:00Z,22,24,OFF,3,5,Honda Center
2024020579,20242025,2,2024-12-29,2024-12-29T22:00:00Z,15,17,OFF,2,4,Little Caesars Arena
2024020580,20242025,2,2024-12-29,2024-12-29T22:00:00Z,8,14,OFF,5,2,Amalie Arena
2024020581,20242025,2,2024-12-29,2024-12-29T22:30:00Z,2,5,OFF,2,3,PPG Paints Arena
2024020582,20242025,2,2024-12-29,2024-12-29T20:00:00Z,7,19,OFF,4,2,Enterprise Center
2024020583,20242025,2,2024-12-29,2024-12-30T01:00:00Z,9,30,OFF,3,1,Xcel Energy Center
2024020584,20242025,2,2024-12-29,2024-12-30T01:00:00Z,20,54,OFF,0,3,T-Mobile Arena
2024020585,20242025,2,2024-12-29,2024-12-30T02:00:00Z,4,26,OFF,4,5,Crypto.com Arena
2024020586,20242025,2,2024-12-30,2024-12-31T00:00:00Z,3,13,OFF,3,5,Amerant Bank Arena
2024020587,20242025,2,2024-12-30,2024-12-31T00:30:00Z,18,52,OFF,0,3,Canada Life Centre
2024020588,20242025,2,2024-12-30,2024-12-31T01:00:00Z,59,55,OFF,2,5,Climate Pledge Arena
2024020589,20242025,2,2024-12-31,2024-12-31T17:30:00Z,6,15,OFF,1,3,Capital One Arena
2024020590,20242025,2,2024-12-31,2024-12-31T18:00:00Z,2,10,OFF,1,3,Scotiabank Arena
2024020591,20242025,2,2024-12-31,2024-12-31T20:00:00Z,8,54,OFF,3,2,T-Mobile Arena
2024020592,20242025,2,2024-12-31,2024-12-31T22:00:00Z,19,16,OFF,6,2,Wrigley Field
2024020593,20242025,2,2024-12-31,2025-01-01T01:00:00Z,5,17,OFF,2,4,Little Caesars Arena
2024020594,20242025,2,2024-12-31,2025-01-01T01:00:00Z,12,29,OFF,3,4,Nationwide Arena
2024020595,20242025,2,2024-12-31,2025-01-01T01:00:00Z,7,25,OFF,2,4,American Airlines Center
2024020596,20242025,2,2024-12-31,2025-01-01T01:00:00Z,18,30,OFF,3,5,Xcel Energy Center
2024020597,20242025,2,2024-12-31,2025-01-01T01:00:00Z,52,21,OFF,2,5,Ball Arena
2024020598,20242025,2,2024-12-31,2025-01-01T01:00:00Z,1,24,OFF,2,3,Honda Center
2024020599,20242025,2,2024-12-31,2025-01-01T01:00:00Z,4,28,OFF,4,0,SAP Center at San Jose
2024020600,20242025,2,2024-12-31,2025-01-01T02:00:00Z,23,20,OFF,1,3,Scotiabank Saddledome
2024020601,20242025,2,2024-12-31,2025-01-01T02:00:00Z,59,22,OFF,1,4,Rogers Place
2024020602,20242025,2,2025-01-01,2025-01-01T23:00:00Z,1,26,OFF,0,3,Crypto.com Arena
2024020603,20242025,2,2025-01-02,2025-01-03T00:00:00Z,12,13,OFF,3,1,Amerant Bank Arena
2024020604,20242025,2,2025-01-02,2025-01-03T00:00:00Z,6,3,OFF,1,2,Madison Square Garden
2024020605,20242025,2,2025-01-02,2025-01-03T00:00:00Z,30,15,OFF,4,3,Capital One Arena
2024020606,20242025,2,2025-01-02,2025-01-03T00:00:00Z,17,29,OFF,5,4,Nationwide Arena
2024020607,20242025,2,2025-01-02,2025-01-03T00:30:00Z,10,2,OFF,2,1,UBS Arena
2024020608,20242025,2,2025-01-02,2025-01-03T01:00:00Z,9,25,OFF,2,4,American Airlines Center
2024020609,20242025,2,2025-01-02,2025-01-03T01:00:00Z,24,52,OFF,4,3,Canada Life Centre
2024020610,20242025,2,2025-01-02,2025-01-03T02:00:00Z,7,21,OFF,5,6,Ball Arena
2024020611,20242025,2,2025-01-02,2025-01-03T02:00:00Z,59,20,OFF,5,3,Scotiabank Saddledome
2024020612,20242025,2,2025-01-02,2025-01-03T03:00:00Z,4,54,OFF,2,5,T-Mobile Arena
2024020613,20242025,2,2025-01-02,2025-01-03T03:00:00Z,23,55,OFF,4,3,Climate Pledge Arena
2024020614,20242025,2,2025-01-02,2025-01-03T03:30:00Z,14,28,OFF,1,2,SAP Center at San Jose
2024020615,20242025,2,2025-01-03,2025-01-04T00:00:00Z,5,13,OFF,2,3,Amerant Bank Arena
2024020616,20242025,2,2025-01-03,2025-01-04T01:00:00Z,8,16,OFF,2,4,United Center
2024020617,20242025,2,2025-01-03,2025-01-04T01:00:00Z,9,19,OFF,0,4,Enterprise Center
2024020618,20242025,2,2025-01-03,2025-01-04T02:00:00Z,24,22,OFF,2,3,Rogers Place
2024020619,20242025,2,2025-01-03,2025-01-04T03:00:00Z,18,23,OFF,3,0,Rogers Arena
2024020620,20242025,2,2025-01-04,2025-01-04T17:00:00Z,3,15,OFF,4,7,Capital One Arena
2024020621,20242025,2,2025-01-04,2025-01-05T00:00:00Z,17,52,OFF,4,2,Canada Life Centre
2024020622,20242025,2,2025-01-04,2025-01-04T21:00:00Z,1,28,OFF,2,3,SAP Center at San Jose
2024020623,20242025,2,2025-01-04,2025-01-05T00:00:00Z,6,10,OFF,4,6,Scotiabank Arena
2024020624,20242025,2,2025-01-04,2025-01-05T00:00:00Z,30,12,OFF,4,0,Lenovo Center
2024020625,20242025,2,2025-01-04,2025-01-05T00:00:00Z,19,29,OFF,4,6,Nationwide Arena
2024020626,20242025,2,2025-01-04,2025-01-05T00:00:00Z,8,21,OFF,2,1,Ball Arena
2024020627,20242025,2,2025-01-04,2025-01-05T03:00:00Z,18,20,OFF,4,1,Scotiabank Saddledome
2024020628,20242025,2,2025-01-04,2025-01-05T01:00:00Z,59,25,OFF,2,3,American Airlines Center
2024020629,20242025,2,2025-01-04,2025-01-05T02:00:00Z,14,26,OFF,1,2,Crypto.com Arena
2024020630,20242025,2,2025-01-04,2025-01-05T03:00:00Z,7,54,OFF,1,3,T-Mobile Arena
2024020631,20242025,2,2025-01-04,2025-01-05T03:00:00Z,22,55,OFF,4,2,Climate Pledge Arena
2024020632,20242025,2,2025-01-05,2025-01-05T20:00:00Z,3,16,OFF,6,2,United Center
2024020633,20242025,2,2025-01-05,2025-01-05T23:00:00Z,2,6,OFF,5,4,TD Garden
2024020634,20242025,2,2025-01-05,2025-01-05T23:00:00Z,5,12,OFF,3,4,Lenovo Center
2024020635,20242025,2,2025-01-05,2025-01-06T00:00:00Z,4,10,OFF,2,3,Scotiabank Arena
2024020636,20242025,2,2025-01-05,2025-01-06T01:00:00Z,14,24,OFF,1,4,Honda Center
2024020637,20242025,2,2025-01-06,2025-01-07T00:00:00Z,15,7,OFF,3,4,KeyBank Center
2024020638,20242025,2,2025-01-06,2025-01-07T00:30:00Z,23,8,OFF,4,5,Centre Bell
2024020639,20242025,2,2025-01-06,2025-01-07T02:00:00Z,13,21,OFF,1,3,Ball Arena
2024020640,20242025,2,2025-01-06,2025-01-07T03:00:00Z,1,55,OFF,3,2,Climate Pledge Arena
2024020029,20242025,2,2025-01-07,2025-01-08T00:00:00Z,12,14,OFF,2,3,Amalie Arena
2024020641,20242025,2,2025-01-07,2025-01-08T00:00:00Z,22,6,OFF,4,0,TD Garden
2024020642,20242025,2,2025-01-07,2025-01-08T00:00:00Z,9,17,OFF,2,3,Little Caesars Arena
2024020643,20242025,2,2025-01-07,2025-01-08T00:00:00Z,25,3,OFF,5,4,Madison Square Garden
2024020644,20242025,2,2025-01-07,2025-01-08T00:30:00Z,10,4,OFF,3,2,Wells Fargo Center
2024020645,20242025,2,2025-01-07,2025-01-08T00:00:00Z,29,5,OFF,4,3,PPG Paints Arena
2024020646,20242025,2,2025-01-07,2025-01-08T01:00:00Z,19,30,OFF,4,6,Xcel Energy Center
2024020647,20242025,2,2025-01-07,2025-01-08T01:00:00Z,18,52,OFF,2,5,Canada Life Centre
2024020648,20242025,2,2025-01-07,2025-01-08T03:00:00Z,20,24,OFF,3,2,Honda Center
2024020649,20242025,2,2025-01-07,2025-01-08T03:30:00Z,54,28,OFF,4,2,SAP Center at San Jose
2024020650,20242025,2,2025-01-08,2025-01-09T00:30:00Z,23,15,OFF,1,2,Capital One Arena
2024020651,20242025,2,2025-01-08,2025-01-09T00:30:00Z,21,16,OFF,1,3,United Center
2024020652,20242025,2,2025-01-08,2025-01-09T03:00:00Z,13,59,OFF,4,1,Delta Center
2024020654,20242025,2,2025-01-09,2025-01-10T00:00:00Z,7,9,OFF,4,0,Canadian Tire Centre
2024020655,20242025,2,2025-01-09,2025-01-10T00:00:00Z,6,14,OFF,1,4,Amalie Arena
2024020656,20242025,2,2025-01-09,2025-01-10T00:00:00Z,1,3,OFF,2,3,Madison Square Garden
2024020657,20242025,2,2025-01-09,2025-01-10T00:00:00Z,25,4,OFF,4,1,Wells Fargo Center
2024020658,20242025,2,2025-01-09,2025-01-10T00:00:00Z,22,5,OFF,3,5,PPG Paints Arena
2024020659,20242025,2,2025-01-09,2025-01-10T00:30:00Z,10,12,OFF,3,6,Lenovo Center
2024020660,20242025,2,2025-01-09,2025-01-10T00:00:00Z,55,29,OFF,2,6,Nationwide Arena
2024020661,20242025,2,2025-01-09,2025-01-10T01:00:00Z,24,19,OFF,2,6,Enterprise Center
2024020662,20242025,2,2025-01-09,2025-01-10T01:00:00Z,21,30,OFF,6,1,Xcel Energy Center
2024020663,20242025,2,2025-01-09,2025-01-10T03:00:00Z,2,54,OFF,4,0,T-Mobile Arena
2024020664,20242025,2,2025-01-10,2025-01-11T00:00:00Z,16,17,OFF,3,5,Little Caesars Arena
2024020665,20242025,2,2025-01-10,2025-01-11T00:00:00Z,8,15,OFF,3,2,Capital One Arena
2024020666,20242025,2,2025-01-10,2025-01-11T00:00:00Z,23,12,OFF,0,2,Lenovo Center
2024020667,20242025,2,2025-01-10,2025-01-11T01:00:00Z,26,52,OFF,2,1,Canada Life Centre
2024020668,20242025,2,2025-01-10,2025-01-11T02:00:00Z,28,59,OFF,1,2,Delta Center
2024020669,20242025,2,2025-01-11,2025-01-11T18:00:00Z,6,13,OFF,4,3,Amerant Bank Arena
2024020670,20242025,2,2025-01-11,2025-01-11T21:00:00Z,55,7,OFF,6,2,KeyBank Center
2024020671,20242025,2,2025-01-11,2025-01-11T21:00:00Z,9,5,OFF,5,0,PPG Paints Arena
2024020672,20242025,2,2025-01-11,2025-01-12T00:00:00Z,23,10,OFF,3,0,Scotiabank Arena
2024020673,20242025,2,2025-01-11,2025-01-12T00:00:00Z,25,8,OFF,2,1,Centre Bell
2024020674,20242025,2,2025-01-11,2025-01-12T00:00:00Z,14,1,OFF,2,3,Prudential Center
2024020675,20242025,2,2025-01-11,2025-01-12T00:00:00Z,24,4,OFF,0,6,Wells Fargo Center
2024020676,20242025,2,2025-01-11,2025-01-12T00:00:00Z,22,16,OFF,4,3,United Center
2024020677,20242025,2,2025-01-11,2025-01-12T00:00:00Z,29,19,OFF,2,1,Enterprise Center
2024020678,20242025,2,2025-01-11,2025-01-12T00:00:00Z,21,52,OFF,0,3,Canada Life Centre
2024020679,20242025,2,2025-01-11,2025-01-12T01:00:00Z,15,18,OFF,4,1,Bridgestone Arena
2024020680,20242025,2,2025-01-11,2025-01-12T02:00:00Z,2,59,OFF,2,1,Delta Center
2024020681,20242025,2,2025-01-11,2025-01-12T03:00:00Z,26,20,OFF,1,2,Scotiabank Saddledome
2024020682,20242025,2,2025-01-11,2025-01-12T03:00:00Z,3,54,OFF,2,1,T-Mobile Arena
2024020683,20242025,2,2025-01-11,2025-01-12T03:00:00Z,30,28,OFF,3,1,SAP Center at San Jose
2024020684,20242025,2,2025-01-12,2025-01-12T20:00:00Z,55,17,OFF,2,6,Little Caesars Arena
2024020685,20242025,2,2025-01-12,2025-01-12T22:00:00Z,25,9,OFF,2,3,Canadian Tire Centre
2024020686,20242025,2,2025-01-12,2025-01-12T22:00:00Z,14,5,OFF,5,2,PPG Paints Arena
2024020687,20242025,2,2025-01-12,2025-01-12T22:00:00Z,24,12,OFF,3,2,Lenovo Center
2024020688,20242025,2,2025-01-12,2025-01-13T01:00:00Z,30,54,OFF,1,4,T-Mobile Arena
2024020689,20242025,2,2025-01-13,2025-01-14T00:00:00Z,13,4,OFF,3,4,Wells Fargo Center
2024020690,20242025,2,2025-01-13,2025-01-14T00:30:00Z,20,16,OFF,5,2,United Center
2024020691,20242025,2,2025-01-13,2025-01-14T02:30:00Z,26,22,OFF,0,1,Rogers Place
2024020692,20242025,2,2025-01-14,2025-01-15T00:00:00Z,14,6,OFF,2,6,TD Garden
2024020693,20242025,2,2025-01-14,2025-01-15T00:00:00Z,25,10,OFF,4,1,Scotiabank Arena
2024020694,20242025,2,2025-01-14,2025-01-15T00:00:00Z,28,17,OFF,6,3,Little Caesars Arena
2024020695,20242025,2,2025-01-14,2025-01-15T00:30:00Z,13,1,OFF,2,1,Prudential Center
2024020696,20242025,2,2025-01-14,2025-01-15T00:00:00Z,55,5,OFF,4,2,PPG Paints Arena
2024020697,20242025,2,2025-01-14,2025-01-15T00:00:00Z,24,15,OFF,0,3,Capital One Arena
2024020698,20242025,2,2025-01-14,2025-01-15T00:00:00Z,4,29,OFF,2,3,Nationwide Arena
2024020699,20242025,2,2025-01-14,2025-01-15T00:30:00Z,9,2,OFF,2,0,UBS Arena
2024020700,20242025,2,2025-01-14,2025-01-15T01:00:00Z,20,19,OFF,1,2,Enterprise Center
2024020701,20242025,2,2025-01-14,2025-01-15T01:00:00Z,54,18,OFF,3,5,Bridgestone Arena
2024020702,20242025,2,2025-01-14,2025-01-15T01:00:00Z,23,52,OFF,1,6,Canada Life Centre
2024020703,20242025,2,2025-01-14,2025-01-15T02:00:00Z,3,21,OFF,2,3,Ball Arena
2024020704,20242025,2,2025-01-14,2025-01-15T02:00:00Z,8,59,OFF,5,3,Delta Center
2024020705,20242025,2,2025-01-15,2025-01-15T23:00:00Z,12,7,OFF,2,4,KeyBank Center
2024020706,20242025,2,2025-01-15,2025-01-16T01:30:00Z,22,30,OFF,5,3,Xcel Energy Center
2024020707,20242025,2,2025-01-16,2025-01-17T00:00:00Z,1,10,OFF,3,4,Scotiabank Arena
2024020708,20242025,2,2025-01-16,2025-01-17T00:00:00Z,15,9,OFF,1,0,Canadian Tire Centre
2024020709,20242025,2,2025-01-16,2025-01-17T00:00:00Z,24,14,OFF,3,4,Amalie Arena
2024020710,20242025,2,2025-01-16,2025-01-17T00:00:00Z,17,13,OFF,5,2,Amerant Bank Arena
2024020711,20242025,2,2025-01-16,2025-01-17T00:00:00Z,28,29,OFF,1,4,Nationwide Arena
2024020712,20242025,2,2025-01-16,2025-01-17T00:30:00Z,4,2,OFF,5,3,UBS Arena
2024020713,20242025,2,2025-01-16,2025-01-17T01:00:00Z,20,19,OFF,1,4,Enterprise Center
2024020714,20242025,2,2025-01-16,2025-01-17T01:00:00Z,16,18,OFF,2,3,Bridgestone Arena
2024020715,20242025,2,2025-01-16,2025-01-17T01:00:00Z,8,25,OFF,3,1,American Airlines Center
2024020716,20242025,2,2025-01-16,2025-01-17T01:00:00Z,55,52,OFF,1,2,Canada Life Centre
2024020717,20242025,2,2025-01-16,2025-01-17T02:00:00Z,3,59,OFF,5,3,Delta Center
2024020718,20242025,2,2025-01-16,2025-01-17T02:30:00Z,22,21,OFF,4,3,Ball Arena
2024020719,20242025,2,2025-01-16,2025-01-17T03:00:00Z,26,23,OFF,5,1,Rogers Arena
2024020720,20242025,2,2025-01-17,2025-01-18T00:00:00Z,5,7,OFF,5,2,KeyBank Center
2024020721,20242025,2,2025-01-17,2025-01-18T00:00:00Z,54,12,OFF,2,3,Lenovo Center
2024020722,20242025,2,2025-01-18,2025-01-18T17:30:00Z,4,1,OFF,3,1,Prudential Center
2024020723,20242025,2,2025-01-18,2025-01-18T20:00:00Z,6,9,OFF,5,6,Canadian Tire Centre
2024020724,20242025,2,2025-01-18,2025-01-18T21:00:00Z,25,21,OFF,3,6,Ball Arena
2024020725,20242025,2,2025-01-18,2025-01-18T23:00:00Z,24,13,OFF,0,3,Amerant Bank Arena
2024020726,20242025,2,2025-01-18,2025-01-19T00:00:00Z,10,8,OFF,7,3,Centre Bell
2024020727,20242025,2,2025-01-18,2025-01-19T00:00:00Z,17,14,OFF,1,5,Amalie Arena
2024020728,20242025,2,2025-01-18,2025-01-19T00:00:00Z,29,3,OFF,0,1,Madison Square Garden
2024020729,20242025,2,2025-01-18,2025-01-19T00:00:00Z,5,15,OFF,1,4,Capital One Arena
2024020730,20242025,2,2025-01-18,2025-01-19T00:00:00Z,20,52,OFF,3,1,Canada Life Centre
2024020731,20242025,2,2025-01-18,2025-01-19T00:30:00Z,28,2,OFF,1,4,UBS Arena
2024020732,20242025,2,2025-01-18,2025-01-19T01:00:00Z,54,16,OFF,3,5,United Center
2024020733,20242025,2,2025-01-18,2025-01-19T01:00:00Z,30,18,OFF,2,6,Bridgestone Arena
2024020734,20242025,2,2025-01-18,2025-01-19T02:00:00Z,19,59,OFF,2,4,Delta Center
2024020735,20242025,2,2025-01-18,2025-01-19T03:00:00Z,22,23,OFF,2,3,Rogers Arena
2024020736,20242025,2,2025-01-18,2025-01-19T03:00:00Z,26,55,OFF,2,4,Climate Pledge Arena
2024020737,20242025,2,2025-01-19,2025-01-19T18:00:00Z,9,1,OFF,2,1,Prudential Center
2024020738,20242025,2,2025-01-19,2025-01-20T00:00:00Z,3,8,OFF,4,5,Centre Bell
2024020739,20242025,2,2025-01-19,2025-01-20T01:00:00Z,17,25,OFF,1,4,American Airlines Center
2024020740,20242025,2,2025-01-20,2025-01-20T18:00:00Z,28,6,OFF,3,6,TD Garden
2024020741,20242025,2,2025-01-20,2025-01-20T20:00:00Z,30,21,OFF,3,1,Ball Arena
2024020742,20242025,2,2025-01-20,2025-01-20T21:00:00Z,7,55,OFF,4,6,Climate Pledge Arena
2024020743,20242025,2,2025-01-20,2025-01-20T23:00:00Z,19,54,OFF,5,4,T-Mobile Arena
2024020744,20242025,2,2025-01-20,2025-01-21T00:30:00Z,14,10,OFF,3,5,Scotiabank Arena
2024020745,20242025,2,2025-01-20,2025-01-21T00:30:00Z,29,2,OFF,1,3,UBS Arena
2024020746,20242025,2,2025-01-20,2025-01-21T01:30:00Z,12,16,OFF,4,3,United Center
2024020747,20242025,2,2025-01-20,2025-01-21T02:30:00Z,52,59,OFF,2,5,Delta Center
2024020748,20242025,2,2025-01-20,2025-01-21T03:30:00Z,5,26,OFF,5,1,Crypto.com Arena
2024020749,20242025,2,2025-01-21,2025-01-22T00:00:00Z,14,8,OFF,2,3,Centre Bell
2024020750,20242025,2,2025-01-21,2025-01-22T00:00:00Z,9,3,OFF,0,5,Madison Square Garden
2024020751,20242025,2,2025-01-21,2025-01-22T00:00:00Z,17,4,OFF,1,2,Wells Fargo Center
2024020752,20242025,2,2025-01-21,2025-01-22T01:00:00Z,28,18,OFF,5,7,Bridgestone Arena
2024020753,20242025,2,2025-01-21,2025-01-22T01:00:00Z,12,25,OFF,2,1,American Airlines Center
2024020754,20242025,2,2025-01-21,2025-01-22T02:00:00Z,15,22,OFF,3,2,Rogers Place
2024020755,20242025,2,2025-01-21,2025-01-22T03:00:00Z,7,23,OFF,3,2,Rogers Arena
2024020756,20242025,2,2025-01-21,2025-01-22T03:00:00Z,13,24,OFF,5,2,Honda Center
2024020757,20242025,2,2025-01-22,2025-01-23T00:30:00Z,29,10,OFF,5,1,Scotiabank Arena
2024020758,20242025,2,2025-01-22,2025-01-23T00:00:00Z,6,1,OFF,1,5,Prudential Center
2024020759,20242025,2,2025-01-22,2025-01-23T02:30:00Z,52,21,OFF,3,2,Ball Arena
2024020760,20242025,2,2025-01-22,2025-01-23T03:00:00Z,13,26,OFF,1,2,Crypto.com Arena
2024020761,20242025,2,2025-01-23,2025-01-24T00:00:00Z,9,6,OFF,0,2,TD Garden
2024020762,20242025,2,2025-01-23,2025-01-24T00:00:00Z,8,17,OFF,2,4,Little Caesars Arena
2024020763,20242025,2,2025-01-23,2025-01-24T00:00:00Z,4,3,OFF,1,6,Madison Square Garden
2024020764,20242025,2,2025-01-23,2025-01-24T00:00:00Z,29,12,OFF,4,7,Lenovo Center
2024020765,20242025,2,2025-01-23,2025-01-24T01:00:00Z,54,19,OFF,4,2,Enterprise Center
2024020766,20242025,2,2025-01-23,2025-01-24T01:00:00Z,59,30,OFF,4,0,Xcel Energy Center
2024020767,20242025,2,2025-01-23,2025-01-24T02:00:00Z,7,20,OFF,2,5,Scotiabank Saddledome
2024020768,20242025,2,2025-01-23,2025-01-24T02:00:00Z,23,22,OFF,2,6,Rogers Place
2024020769,20242025,2,2025-01-23,2025-01-24T03:00:00Z,5,24,OFF,1,5,Honda Center
2024020770,20242025,2,2025-01-23,2025-01-24T03:00:00Z,15,55,OFF,3,0,Climate Pledge Arena
2024020771,20242025,2,2025-01-23,2025-01-24T03:30:00Z,18,28,OFF,6,5,SAP Center at San Jose
2024020772,20242025,2,2025-01-24,2025-01-25T00:30:00Z,4,2,OFF,1,3,UBS Arena
2024020773,20242025,2,2025-01-24,2025-01-25T01:00:00Z,14,16,OFF,4,3,United Center
2024020774,20242025,2,2025-01-24,2025-01-25T00:30:00Z,54,25,OFF,3,4,American Airlines Center
2024020775,20242025,2,2025-01-24,2025-01-25T01:00:00Z,59,52,OFF,2,5,Canada Life Centre
2024020776,20242025,2,2025-01-25,2025-01-25T18:00:00Z,21,6,OFF,1,3,TD Garden
2024020777,20242025,2,2025-01-25,2025-01-25T21:00:00Z,7,22,OFF,2,3,Rogers Place
2024020778,20242025,2,2025-01-25,2025-01-25T21:00:00Z,5,55,OFF,1,4,Climate Pledge Arena
2024020779,20242025,2,2025-01-25,2025-01-26T00:00:00Z,1,8,OFF,4,3,Centre Bell
2024020780,20242025,2,2025-01-25,2025-01-26T00:00:00Z,10,9,OFF,1,2,Canadian Tire Centre
2024020781,20242025,2,2025-01-25,2025-01-26T00:00:00Z,14,17,OFF,0,2,Little Caesars Arena
2024020782,20242025,2,2025-01-25,2025-01-26T00:00:00Z,26,29,OFF,2,3,Nationwide Arena
2024020783,20242025,2,2025-01-25,2025-01-26T00:00:00Z,25,19,OFF,2,0,Enterprise Center
2024020784,20242025,2,2025-01-25,2025-01-26T00:00:00Z,20,30,OFF,5,4,Xcel Energy Center
2024020785,20242025,2,2025-01-25,2025-01-26T00:30:00Z,12,2,OFF,2,3,UBS Arena
2024020786,20242025,2,2025-01-25,2025-01-26T03:00:00Z,15,23,OFF,1,2,Rogers Arena
2024020787,20242025,2,2025-01-25,2025-01-26T03:00:00Z,18,24,OFF,2,5,Honda Center
2024020788,20242025,2,2025-01-25,2025-01-26T03:00:00Z,13,28,OFF,7,2,SAP Center at San Jose
2024020789,20242025,2,2025-01-26,2025-01-26T18:00:00Z,21,3,OFF,5,4,Madison Square Garden
2024020790,20242025,2,2025-01-26,2025-01-26T22:00:00Z,59,9,OFF,1,3,Canadian Tire Centre
2024020791,20242025,2,2025-01-26,2025-01-26T23:00:00Z,20,52,OFF,2,5,Canada Life Centre
2024020792,20242025,2,2025-01-26,2025-01-27T00:00:00Z,30,16,OFF,4,2,United Center
2024020793,20242025,2,2025-01-26,2025-01-27T01:00:00Z,13,54,OFF,1,4,T-Mobile Arena
2024020794,20242025,2,2025-01-27,2025-01-28T00:00:00Z,26,17,OFF,2,5,Little Caesars Arena
2024020795,20242025,2,2025-01-27,2025-01-28T00:00:00Z,1,4,OFF,2,4,Wells Fargo Center
2024020796,20242025,2,2025-01-27,2025-01-28T00:30:00Z,23,19,OFF,5,2,Enterprise Center
2024020797,20242025,2,2025-01-27,2025-01-28T02:30:00Z,55,22,OFF,2,4,Rogers Place
2024020798,20242025,2,2025-01-27,2025-01-28T03:30:00Z,5,28,OFF,1,2,SAP Center at San Jose
2024020799,20242025,2,2025-01-28,2025-01-29T00:00:00Z,6,7,OFF,2,7,KeyBank Center
2024020800,20242025,2,2025-01-28,2025-01-29T00:00:00Z,52,8,OFF,4,1,Centre Bell
2024020801,20242025,2,2025-01-28,2025-01-29T00:00:00Z,16,14,OFF,4,1,Amalie Arena
2024020802,20242025,2,2025-01-28,2025-01-29T00:00:00Z,12,3,OFF,4,0,Madison Square Garden
2024020803,20242025,2,2025-01-28,2025-01-29T00:30:00Z,21,2,OFF,2,5,UBS Arena
2024020804,20242025,2,2025-01-28,2025-01-29T02:00:00Z,15,20,OFF,3,1,Scotiabank Saddledome
2024020805,20242025,2,2025-01-28,2025-01-29T03:00:00Z,25,54,OFF,4,3,T-Mobile Arena
2024020806,20242025,2,2025-01-28,2025-01-29T03:00:00Z,24,55,OFF,6,4,Climate Pledge Arena
2024020807,20242025,2,2025-01-29,2025-01-30T00:00:00Z,30,10,OFF,3,1,Scotiabank Arena
2024020808,20242025,2,2025-01-29,2025-01-30T00:00:00Z,26,13,OFF,0,3,Amerant Bank Arena
2024020809,20242025,2,2025-01-29,2025-01-30T00:00:00Z,4,1,OFF,0,5,Prudential Center
2024020810,20242025,2,2025-01-29,2025-01-30T02:00:00Z,23,18,OFF,3,1,Bridgestone Arena
2024020811,20242025,2,2025-01-29,2025-01-30T02:30:00Z,5,59,OFF,3,2,Delta Center
2024020812,20242025,2,2025-01-30,2025-01-31T00:00:00Z,52,6,OFF,6,2,TD Garden
2024020813,20242025,2,2025-01-30,2025-01-31T00:00:00Z,30,8,OFF,4,0,Centre Bell
2024020814,20242025,2,2025-01-30,2025-01-31T00:00:00Z,15,9,OFF,4,5,Canadian Tire Centre
2024020815,20242025,2,2025-01-30,2025-01-31T00:00:00Z,26,14,OFF,0,3,Amalie Arena
2024020816,20242025,2,2025-01-30,2025-01-31T00:30:00Z,2,4,OFF,3,0,Wells Fargo Center
2024020817,20242025,2,2025-01-30,2025-01-31T00:00:00Z,16,12,OFF,2,3,Lenovo Center
2024020818,20242025,2,2025-01-30,2025-01-31T02:00:00Z,24,20,OFF,1,4,Scotiabank Saddledome
2024020819,20242025,2,2025-01-30,2025-01-31T02:00:00Z,17,22,OFF,3,2,Rogers Place
2024020820,20242025,2,2025-01-30,2025-01-31T03:00:00Z,29,54,OFF,2,1,T-Mobile Arena
2024020821,20242025,2,2025-01-30,2025-01-31T03:30:00Z,28,55,OFF,2,6,Climate Pledge Arena
2024020822,20242025,2,2025-01-31,2025-02-01T00:00:00Z,18,7,OFF,3,4,KeyBank Center
2024020823,20242025,2,2025-01-31,2025-02-01T01:00:00Z,23,25,OFF,3,5,American Airlines Center
2024020824,20242025,2,2025-01-31,2025-02-01T02:00:00Z,19,21,OFF,0,5,Ball Arena
2024020825,20242025,2,2025-01-31,2025-02-01T02:00:00Z,29,59,OFF,3,2,Delta Center
2024020826,20242025,2,2025-02-01,2025-02-01T18:00:00Z,16,13,OFF,1,5,Amerant Bank Arena
2024020827,20242025,2,2025-02-01,2025-02-01T20:30:00Z,3,6,OFF,3,6,TD Garden
2024020828,20242025,2,2025-02-01,2025-02-02T00:00:00Z,30,9,OFF,0,6,Canadian Tire Centre
2024020829,20242025,2,2025-02-01,2025-02-02T00:00:00Z,2,14,OFF,3,2,Amalie Arena
2024020830,20242025,2,2025-02-01,2025-02-02T00:00:00Z,18,5,OFF,0,3,PPG Paints Arena
2024020831,20242025,2,2025-02-01,2025-02-02T00:00:00Z,52,15,OFF,5,4,Capital One Arena
2024020832,20242025,2,2025-02-01,2025-02-02T00:00:00Z,26,12,OFF,4,2,Lenovo Center
2024020833,20242025,2,2025-02-01,2025-02-02T00:00:00Z,10,22,OFF,4,3,Rogers Place
2024020834,20242025,2,2025-02-01,2025-02-02T03:00:00Z,17,20,OFF,3,1,Scotiabank Saddledome
2024020835,20242025,2,2025-02-02,2025-02-02T18:00:00Z,1,7,OFF,3,4,KeyBank Center
2024020836,20242025,2,2025-02-02,2025-02-02T20:00:00Z,4,21,OFF,0,2,Ball Arena
2024020837,20242025,2,2025-02-02,2025-02-02T21:00:00Z,8,24,OFF,2,3,Honda Center
2024020838,20242025,2,2025-02-02,2025-02-02T23:00:00Z,2,13,OFF,3,6,Amerant Bank Arena
2024020839,20242025,2,2025-02-02,2025-02-02T23:00:00Z,54,3,OFF,2,4,Madison Square Garden
2024020840,20242025,2,2025-02-02,2025-02-02T23:00:00Z,29,25,OFF,3,5,American Airlines Center
2024020841,20242025,2,2025-02-02,2025-02-03T00:00:00Z,19,59,OFF,2,1,Delta Center
2024020842,20242025,2,2025-02-02,2025-02-03T01:00:00Z,17,23,OFF,3,2,Rogers Arena
2024020843,20242025,2,2025-02-02,2025-02-03T02:00:00Z,20,55,OFF,3,2,Climate Pledge Arena
2024020844,20242025,2,2025-02-03,2025-02-04T00:30:00Z,9,18,OFF,5,2,Bridgestone Arena
2024020845,20242025,2,2025-02-04,2025-02-05T00:00:00Z,30,6,OFF,0,3,TD Garden
2024020846,20242025,2,2025-02-04,2025-02-05T00:00:00Z,29,7,OFF,2,3,KeyBank Center
2024020847,20242025,2,2025-02-04,2025-02-05T00:00:00Z,9,14,OFF,3,4,Amalie Arena
2024020848,20242025,2,2025-02-04,2025-02-05T00:00:00Z,1,5,OFF,3,2,PPG Paints Arena
2024020849,20242025,2,2025-02-04,2025-02-05T00:00:00Z,13,15,OFF,3,6,Capital One Arena
2024020850,20242025,2,2025-02-04,2025-02-05T00:30:00Z,54,2,OFF,1,2,UBS Arena
2024020851,20242025,2,2025-02-04,2025-02-05T01:00:00Z,22,19,OFF,3,2,Enterprise Center
2024020852,20242025,2,2025-02-04,2025-02-05T01:00:00Z,12,52,OFF,0,3,Canada Life Centre
2024020853,20242025,2,2025-02-04,2025-02-05T02:00:00Z,10,20,OFF,6,3,Scotiabank Saddledome
2024020854,20242025,2,2025-02-04,2025-02-05T02:00:00Z,4,59,OFF,2,3,Delta Center
2024020855,20242025,2,2025-02-04,2025-02-05T03:00:00Z,21,23,OFF,0,3,Rogers Arena
2024020856,20242025,2,2025-02-04,2025-02-05T03:30:00Z,25,24,OFF,1,2,Honda Center
2024020857,20242025,2,2025-02-04,2025-02-05T03:00:00Z,17,55,OFF,5,4,Climate Pledge Arena
2024020858,20242025,2,2025-02-04,2025-02-05T03:30:00Z,8,28,OFF,4,3,SAP Center at San Jose
2024020859,20242025,2,2025-02-05,2025-02-06T00:00:00Z,6,3,OFF,2,3,Madison Square Garden
2024020860,20242025,2,2025-02-05,2025-02-06T02:30:00Z,22,16,OFF,4,3,United Center
2024020861,20242025,2,2025-02-05,2025-02-06T03:30:00Z,8,26,OFF,3,6,Crypto.com Arena
2024020862,20242025,2,2025-02-06,2025-02-07T00:00:00Z,9,14,OFF,1,5,Amalie Arena
2024020863,20242025,2,2025-02-06,2025-02-07T00:00:00Z,54,1,OFF,3,1,Prudential Center
2024020864,20242025,2,2025-02-06,2025-02-07T00:00:00Z,15,4,OFF,4,3,Wells Fargo Center
2024020865,20242025,2,2025-02-06,2025-02-07T00:00:00Z,59,29,OFF,3,2,Nationwide Arena
2024020866,20242025,2,2025-02-06,2025-02-07T01:00:00Z,13,19,OFF,3,2,Enterprise Center
2024020867,20242025,2,2025-02-06,2025-02-07T00:30:00Z,12,30,OFF,1,2,Xcel Energy Center
2024020868,20242025,2,2025-02-06,2025-02-07T02:00:00Z,21,20,OFF,4,2,Scotiabank Saddledome
2024020869,20242025,2,2025-02-06,2025-02-07T03:00:00Z,10,55,OFF,3,1,Climate Pledge Arena
2024020870,20242025,2,2025-02-06,2025-02-07T03:30:00Z,23,28,OFF,2,1,SAP Center at San Jose
2024020871,20242025,2,2025-02-07,2025-02-08T00:00:00Z,5,3,OFF,3,2,Madison Square Garden
2024020872,20242025,2,2025-02-07,2025-02-08T01:00:00Z,2,52,OFF,3,4,Canada Life Centre
2024020873,20242025,2,2025-02-07,2025-02-08T01:30:00Z,18,16,OFF,2,6,United Center
2024020874,20242025,2,2025-02-07,2025-02-08T02:00:00Z,21,22,OFF,5,4,Rogers Place
2024020875,20242025,2,2025-02-07,2025-02-08T03:30:00Z,25,26,OFF,4,5,Crypto.com Arena
2024020876,20242025,2,2025-02-08,2025-02-08T18:00:00Z,1,8,OFF,4,0,Centre Bell
2024020877,20242025,2,2025-02-08,2025-02-08T18:00:00Z,14,17,OFF,6,3,Little Caesars Arena
2024020878,20242025,2,2025-02-08,2025-02-08T18:00:00Z,59,12,OFF,3,7,Lenovo Center
2024020879,20242025,2,2025-02-08,2025-02-08T20:30:00Z,54,6,OFF,4,3,TD Garden
2024020880,20242025,2,2025-02-08,2025-02-09T00:00:00Z,9,13,OFF,1,5,Amerant Bank Arena
2024020881,20242025,2,2025-02-08,2025-02-09T00:00:00Z,5,4,OFF,2,3,Wells Fargo Center
2024020882,20242025,2,2025-02-08,2025-02-09T00:00:00Z,3,29,OFF,4,3,Nationwide Arena
2024020883,20242025,2,2025-02-08,2025-02-09T00:00:00Z,16,19,OFF,5,6,Enterprise Center
2024020884,20242025,2,2025-02-08,2025-02-09T00:00:00Z,10,23,OFF,1,2,Rogers Arena
2024020885,20242025,2,2025-02-08,2025-02-09T01:00:00Z,7,18,OFF,4,6,Bridgestone Arena
2024020886,20242025,2,2025-02-08,2025-02-09T01:00:00Z,2,30,OFF,3,6,Xcel Energy Center
2024020887,20242025,2,2025-02-08,2025-02-09T03:00:00Z,55,20,OFF,3,2,Scotiabank Saddledome
2024020888,20242025,2,2025-02-08,2025-02-09T03:30:00Z,24,26,OFF,2,1,Crypto.com Arena
2024020889,20242025,2,2025-02-08,2025-02-09T03:00:00Z,25,28,OFF,8,3,SAP Center at San Jose
2024020890,20242025,2,2025-02-09,2025-02-09T17:30:00Z,59,15,OFF,5,4,Capital One Arena
2024020891,20242025,2,2025-02-09,2025-02-09T18:00:00Z,14,8,OFF,5,3,Centre Bell
2024020892,20242025,2,2025-02-22,2025-02-22T18:00:00Z,22,4,OFF,3,6,Wells Fargo Center
2024020893,20242025,2,2025-02-22,2025-02-22T20:00:00Z,15,5,OFF,8,3,PPG Paints Arena
2024020894,20242025,2,2025-02-22,2025-02-22T17:30:00Z,30,17,OFF,4,3,Little Caesars Arena
2024020895,20242025,2,2025-02-22,2025-02-22T22:30:00Z,3,7,OFF,2,8,KeyBank Center
2024020896,20242025,2,2025-02-22,2025-02-22T23:00:00Z,55,13,OFF,2,1,Amerant Bank Arena
2024020897,20242025,2,2025-02-22,2025-02-22T23:00:00Z,25,1,OFF,4,2,Prudential Center
2024020898,20242025,2,2025-02-22,2025-02-22T23:00:00Z,21,18,OFF,1,2,Bridgestone Arena
2024020899,20242025,2,2025-02-22,2025-02-23T00:00:00Z,24,6,OFF,3,2,TD Garden
2024020900,20242025,2,2025-02-22,2025-02-23T00:00:00Z,12,10,OFF,3,6,Scotiabank Arena
2024020901,20242025,2,2025-02-22,2025-02-23T00:00:00Z,8,9,OFF,5,2,Canadian Tire Centre
2024020902,20242025,2,2025-02-22,2025-02-23T00:00:00Z,16,29,OFF,1,5,Nationwide Arena
2024020903,20242025,2,2025-02-22,2025-02-23T00:00:00Z,52,19,OFF,4,3,Enterprise Center
2024020904,20242025,2,2025-02-22,2025-02-23T02:00:00Z,59,26,OFF,3,5,Crypto.com Arena
2024020905,20242025,2,2025-02-22,2025-02-23T03:00:00Z,23,54,OFF,1,3,T-Mobile Arena
2024020906,20242025,2,2025-02-23,2025-02-23T18:00:00Z,22,15,OFF,3,7,Capital One Arena
2024020907,20242025,2,2025-02-23,2025-02-23T20:30:00Z,3,5,OFF,5,3,PPG Paints Arena
2024020908,20242025,2,2025-02-23,2025-02-23T23:00:00Z,24,17,OFF,4,5,Little Caesars Arena
2024020909,20242025,2,2025-02-23,2025-02-23T23:00:00Z,55,14,OFF,1,4,Amalie Arena
2024020910,20242025,2,2025-02-23,2025-02-23T23:00:00Z,21,19,OFF,1,3,Enterprise Center
2024020911,20242025,2,2025-02-23,2025-02-23T23:00:00Z,1,18,OFF,5,0,Bridgestone Arena
2024020912,20242025,2,2025-02-23,2025-02-24T00:00:00Z,10,16,OFF,5,2,United Center
2024020913,20242025,2,2025-02-23,2025-02-24T00:30:00Z,25,2,OFF,4,3,UBS Arena
2024020914,20242025,2,2025-02-23,2025-02-24T01:00:00Z,28,20,OFF,2,3,Scotiabank Saddledome
2024020915,20242025,2,2025-02-23,2025-02-24T01:00:00Z,23,59,OFF,1,2,Delta Center
2024020916,20242025,2,2025-02-24,2025-02-25T00:30:00Z,28,52,OFF,1,2,Canada Life Centre
2024020917,20242025,2,2025-02-24,2025-02-25T03:30:00Z,54,26,OFF,2,5,Crypto.com Arena
2024020918,20242025,2,2025-02-25,2025-02-26T00:00:00Z,10,6,OFF,5,4,TD Garden
2024020919,20242025,2,2025-02-25,2025-02-26T00:00:00Z,24,7,OFF,2,3,KeyBank Center
2024020920,20242025,2,2025-02-25,2025-02-26T00:00:00Z,12,8,OFF,0,4,Centre Bell
2024020921,20242025,2,2025-02-25,2025-02-26T00:30:00Z,22,14,OFF,1,4,Amalie Arena
2024020922,20242025,2,2025-02-25,2025-02-26T00:00:00Z,5,4,OFF,1,6,Wells Fargo Center
2024020923,20242025,2,2025-02-25,2025-02-26T00:00:00Z,20,15,OFF,3,1,Capital One Arena
2024020924,20242025,2,2025-02-25,2025-02-26T00:00:00Z,25,29,OFF,4,6,Nationwide Arena
2024020925,20242025,2,2025-02-25,2025-02-26T00:30:00Z,3,2,OFF,5,1,UBS Arena
2024020926,20242025,2,2025-02-25,2025-02-26T01:00:00Z,55,19,OFF,2,7,Enterprise Center
2024020927,20242025,2,2025-02-25,2025-02-26T01:00:00Z,13,18,OFF,4,1,Bridgestone Arena
2024020928,20242025,2,2025-02-25,2025-02-26T01:00:00Z,17,30,OFF,3,2,Xcel Energy Center
2024020929,20242025,2,2025-02-25,2025-02-26T02:00:00Z,16,59,OFF,1,2,Delta Center
2024020930,20242025,2,2025-02-26,2025-02-27T00:00:00Z,52,9,OFF,4,1,Canadian Tire Centre
2024020931,20242025,2,2025-02-26,2025-02-27T02:30:00Z,1,21,OFF,1,5,Ball Arena
2024020932,20242025,2,2025-02-26,2025-02-27T03:00:00Z,23,26,OFF,3,2,Crypto.com Arena
2024020933,20242025,2,2025-02-27,2025-02-28T00:00:00Z,2,6,OFF,2,1,TD Garden
2024020934,20242025,2,2025-02-27,2025-02-28T00:00:00Z,28,8,OFF,3,4,Centre Bell
2024020935,20242025,2,2025-02-27,2025-02-28T00:00:00Z,29,17,OFF,5,2,Little Caesars Arena
2024020936,20242025,2,2025-02-27,2025-02-28T00:00:00Z,20,14,OFF,0,3,Amalie Arena
2024020937,20242025,2,2025-02-27,2025-02-28T00:00:00Z,22,13,OFF,3,4,Amerant Bank Arena
2024020938,20242025,2,2025-02-27,2025-02-28T00:30:00Z,4,5,OFF,4,5,PPG Paints Arena
2024020939,20242025,2,2025-02-27,2025-02-28T00:00:00Z,19,15,OFF,5,2,Capital One Arena
2024020940,20242025,2,2025-02-27,2025-02-28T00:00:00Z,7,12,OFF,2,5,Lenovo Center
2024020941,20242025,2,2025-02-27,2025-02-28T01:00:00Z,52,18,OFF,1,2,Bridgestone Arena
2024020942,20242025,2,2025-02-27,2025-02-28T02:00:00Z,30,59,OFF,1,6,Delta Center
2024020943,20242025,2,2025-02-27,2025-02-28T03:00:00Z,16,54,OFF,5,7,T-Mobile Arena
2024020944,20242025,2,2025-02-27,2025-02-28T03:00:00Z,23,24,OFF,2,5,Honda Center
2024020945,20242025,2,2025-02-28,2025-03-01T00:00:00Z,10,3,OFF,3,2,Madison Square Garden
2024020946,20242025,2,2025-02-28,2025-03-01T01:00:00Z,26,25,OFF,2,6,American Airlines Center
2024020947,20242025,2,2025-02-28,2025-03-01T02:00:00Z,30,21,OFF,2,5,Ball Arena
2024020948,20242025,2,2025-03-01,2025-03-01T23:00:00Z,17,29,OFF,3,5,Ohio Stadium
2024020949,20242025,2,2025-03-01,2025-03-01T17:30:00Z,18,2,OFF,4,7,UBS Arena
2024020950,20242025,2,2025-03-01,2025-03-01T17:30:00Z,14,15,OFF,3,1,Capital One Arena
2024020951,20242025,2,2025-03-01,2025-03-01T20:00:00Z,20,13,OFF,0,3,Amerant Bank Arena
2024020952,20242025,2,2025-03-01,2025-03-01T20:00:00Z,6,5,OFF,3,2,PPG Paints Arena
2024020953,20242025,2,2025-03-01,2025-03-02T00:00:00Z,8,7,OFF,4,2,KeyBank Center
2024020954,20242025,2,2025-03-01,2025-03-02T00:00:00Z,28,9,OFF,3,5,Canadian Tire Centre
2024020955,20242025,2,2025-03-01,2025-03-02T00:00:00Z,22,12,OFF,3,1,Lenovo Center
2024020956,20242025,2,2025-03-01,2025-03-02T00:00:00Z,4,52,OFF,2,1,Canada Life Centre
2024020957,20242025,2,2025-03-01,2025-03-02T01:00:00Z,26,19,OFF,1,4,Enterprise Center
2024020958,20242025,2,2025-03-01,2025-03-02T02:00:00Z,1,59,OFF,3,1,Delta Center
2024020959,20242025,2,2025-03-01,2025-03-02T03:00:00Z,16,24,OFF,6,3,Honda Center
2024020960,20242025,2,2025-03-01,2025-03-02T03:00:00Z,23,55,OFF,3,6,Climate Pledge Arena
2024020961,20242025,2,2025-03-02,2025-03-02T18:00:00Z,10,5,OFF,6,5,PPG Paints Arena
2024020962,20242025,2,2025-03-02,2025-03-02T20:30:00Z,6,30,OFF,0,1,Xcel Energy Center
2024020963,20242025,2,2025-03-02,2025-03-02T22:00:00Z,20,12,OFF,1,2,Lenovo Center
2024020964,20242025,2,2025-03-02,2025-03-02T23:00:00Z,19,25,OFF,3,6,American Airlines Center
2024020965,20242025,2,2025-03-02,2025-03-03T00:00:00Z,18,3,OFF,0,4,Madison Square Garden
2024020966,20242025,2,2025-03-02,2025-03-03T01:00:00Z,1,54,OFF,0,2,T-Mobile Arena
2024020967,20242025,2,2025-03-03,2025-03-03T23:30:00Z,9,15,OFF,4,5,Capital One Arena
2024020968,20242025,2,2025-03-03,2025-03-04T00:00:00Z,7,8,OFF,3,4,Centre Bell
2024020969,20242025,2,2025-03-03,2025-03-04T00:00:00Z,14,13,OFF,1,2,Amerant Bank Arena
2024020970,20242025,2,2025-03-03,2025-03-04T00:00:00Z,2,3,OFF,0,4,Madison Square Garden
2024020971,20242025,2,2025-03-03,2025-03-04T00:30:00Z,28,10,OFF,3,2,Scotiabank Arena
2024020972,20242025,2,2025-03-03,2025-03-04T01:30:00Z,26,16,OFF,1,5,United Center
2024020973,20242025,2,2025-03-04,2025-03-05T00:00:00Z,18,6,OFF,6,3,TD Garden
2024020974,20242025,2,2025-03-04,2025-03-05T00:00:00Z,28,7,OFF,6,2,KeyBank Center
2024020975,20242025,2,2025-03-04,2025-03-05T00:00:00Z,12,17,OFF,2,1,Little Caesars Arena
2024020976,20242025,2,2025-03-04,2025-03-05T00:00:00Z,29,14,OFF,2,6,Amalie Arena
2024020977,20242025,2,2025-03-04,2025-03-05T00:00:00Z,20,4,OFF,6,3,Wells Fargo Center
2024020978,20242025,2,2025-03-04,2025-03-05T00:30:00Z,52,2,OFF,2,3,UBS Arena
2024020979,20242025,2,2025-03-04,2025-03-05T01:00:00Z,1,25,OFF,3,4,American Airlines Center
2024020980,20242025,2,2025-03-04,2025-03-05T02:00:00Z,5,21,OFF,1,4,Ball Arena
2024020981,20242025,2,2025-03-04,2025-03-05T02:00:00Z,24,22,OFF,6,2,Rogers Place
2024020982,20242025,2,2025-03-04,2025-03-05T03:00:00Z,30,55,OFF,4,3,Climate Pledge Arena
2024020983,20242025,2,2025-03-05,2025-03-06T00:30:00Z,15,3,OFF,3,2,Madison Square Garden
2024020984,20242025,2,2025-03-05,2025-03-06T00:30:00Z,9,16,OFF,4,3,United Center
2024020985,20242025,2,2025-03-05,2025-03-06T03:00:00Z,10,54,OFF,2,5,T-Mobile Arena
2024020986,20242025,2,2025-03-05,2025-03-06T03:30:00Z,24,23,OFF,2,3,Rogers Arena
2024020987,20242025,2,2025-03-05,2025-03-06T03:30:00Z,19,26,OFF,3,2,Crypto.com Arena
2024020988,20242025,2,2025-03-06,2025-03-07T00:00:00Z,59,17,OFF,4,2,Little Caesars Arena
2024020989,20242025,2,2025-03-06,2025-03-07T00:00:00Z,7,14,OFF,5,6,Amalie Arena
2024020990,20242025,2,2025-03-06,2025-03-07T00:00:00Z,29,13,OFF,0,3,Amerant Bank Arena
2024020991,20242025,2,2025-03-06,2025-03-07T00:00:00Z,52,4,OFF,4,1,Wells Fargo Center
2024020992,20242025,2,2025-03-06,2025-03-07T00:00:00Z,6,12,OFF,2,3,Lenovo Center
2024020993,20242025,2,2025-03-06,2025-03-07T01:00:00Z,55,18,OFF,3,5,Bridgestone Arena
2024020994,20242025,2,2025-03-06,2025-03-07T01:00:00Z,20,25,OFF,2,3,American Airlines Center
2024020995,20242025,2,2025-03-06,2025-03-07T02:00:00Z,8,22,OFF,2,3,Rogers Place
2024020996,20242025,2,2025-03-06,2025-03-07T02:30:00Z,28,21,OFF,3,7,Ball Arena
2024020997,20242025,2,2025-03-07,2025-03-08T00:00:00Z,52,1,OFF,6,1,Prudential Center
2024020998,20242025,2,2025-03-07,2025-03-08T00:00:00Z,17,15,OFF,2,5,Capital One Arena
2024020999,20242025,2,2025-03-07,2025-03-08T01:30:00Z,59,16,OFF,3,4,United Center
2024021000,20242025,2,2025-03-07,2025-03-08T03:00:00Z,30,23,OFF,1,3,Rogers Arena
2024021001,20242025,2,2025-03-07,2025-03-08T03:00:00Z,5,54,OFF,0,4,T-Mobile Arena
2024021002,20242025,2,2025-03-07,2025-03-08T03:00:00Z,19,24,OFF,4,3,Honda Center
2024021003,20242025,2,2025-03-08,2025-03-08T17:30:00Z,3,9,OFF,3,4,Canadian Tire Centre
2024021004,20242025,2,2025-03-08,2025-03-08T17:30:00Z,55,4,OFF,4,1,Wells Fargo Center
2024021005,20242025,2,2025-03-08,2025-03-08T20:00:00Z,6,14,OFF,4,0,Amalie Arena
2024021006,20242025,2,2025-03-08,2025-03-08T23:00:00Z,7,13,OFF,0,4,Amerant Bank Arena
2024021007,20242025,2,2025-03-08,2025-03-09T00:00:00Z,10,21,OFF,4,7,Ball Arena
2024021008,20242025,2,2025-03-08,2025-03-09T00:00:00Z,8,20,OFF,0,1,Scotiabank Saddledome
2024021009,20242025,2,2025-03-08,2025-03-09T01:00:00Z,16,18,OFF,2,3,Bridgestone Arena
2024021010,20242025,2,2025-03-08,2025-03-09T01:00:00Z,19,26,OFF,1,2,Crypto.com Arena
2024021011,20242025,2,2025-03-08,2025-03-09T03:00:00Z,25,22,OFF,4,5,Rogers Place
2024021012,20242025,2,2025-03-08,2025-03-09T03:00:00Z,2,28,OFF,4,2,SAP Center at San Jose
2024021013,20242025,2,2025-03-09,2025-03-09T17:00:00Z,1,4,OFF,3,1,Wells Fargo Center
2024021014,20242025,2,2025-03-09,2025-03-09T19:30:00Z,55,15,OFF,2,4,Capital One Arena
2024021015,20242025,2,2025-03-09,2025-03-09T19:30:00Z,5,30,OFF,3,1,Xcel Energy Center
2024021016,20242025,2,2025-03-09,2025-03-09T21:00:00Z,52,12,OFF,2,4,Lenovo Center
2024021017,20242025,2,2025-03-09,2025-03-09T22:00:00Z,29,3,OFF,7,3,Madison Square Garden
2024021018,20242025,2,2025-03-09,2025-03-10T00:00:00Z,26,54,OFF,6,5,T-Mobile Arena
2024021019,20242025,2,2025-03-09,2025-03-10T01:00:00Z,25,23,OFF,4,1,Rogers Arena
2024021020,20242025,2,2025-03-09,2025-03-10T01:00:00Z,2,24,OFF,1,4,Honda Center
2024021021,20242025,2,2025-03-10,2025-03-10T23:00:00Z,22,7,OFF,2,3,KeyBank Center
2024021022,20242025,2,2025-03-10,2025-03-10T23:30:00Z,17,9,OFF,1,2,Canadian Tire Centre
2024021023,20242025,2,2025-03-10,2025-03-11T01:00:00Z,16,21,OFF,0,3,Ball Arena
2024021024,20242025,2,2025-03-10,2025-03-11T02:00:00Z,10,59,OFF,4,3,Delta Center
2024021025,20242025,2,2025-03-11,2025-03-11T23:00:00Z,13,6,OFF,2,3,TD Garden
2024021026,20242025,2,2025-03-11,2025-03-11T23:00:00Z,29,1,OFF,3,5,Prudential Center
2024021027,20242025,2,2025-03-11,2025-03-11T23:00:00Z,9,4,OFF,5,2,Wells Fargo Center
2024021028,20242025,2,2025-03-11,2025-03-11T23:00:00Z,54,5,OFF,2,3,PPG Paints Arena
2024021029,20242025,2,2025-03-11,2025-03-11T23:30:00Z,14,12,OFF,1,4,Lenovo Center
2024021030,20242025,2,2025-03-11,2025-03-12T00:00:00Z,21,30,OFF,1,2,Xcel Energy Center
2024021031,20242025,2,2025-03-11,2025-03-12T00:00:00Z,3,52,OFF,1,2,Canada Life Centre
2024021032,20242025,2,2025-03-11,2025-03-12T02:00:00Z,8,23,OFF,4,2,Rogers Arena
2024021033,20242025,2,2025-03-11,2025-03-12T02:00:00Z,15,24,OFF,7,4,Honda Center
2024021034,20242025,2,2025-03-11,2025-03-12T02:30:00Z,2,26,OFF,1,4,Crypto.com Arena
2024021035,20242025,2,2025-03-11,2025-03-12T02:30:00Z,18,28,OFF,3,2,SAP Center at San Jose
2024021036,20242025,2,2025-03-12,2025-03-12T23:30:00Z,7,17,OFF,3,7,Little Caesars Arena
2024021037,20242025,2,2025-03-12,2025-03-13T01:00:00Z,23,20,OFF,4,3,Scotiabank Saddledome
2024021038,20242025,2,2025-03-12,2025-03-13T02:00:00Z,24,59,OFF,2,3,Delta Center
2024021039,20242025,2,2025-03-12,2025-03-13T02:30:00Z,8,55,OFF,4,5,Climate Pledge Arena
2024021040,20242025,2,2025-03-13,2025-03-13T23:00:00Z,13,10,OFF,3,2,Scotiabank Arena
2024021041,20242025,2,2025-03-13,2025-03-13T23:00:00Z,6,9,OFF,3,6,Canadian Tire Centre
2024021042,20242025,2,2025-03-13,2025-03-13T23:30:00Z,22,1,OFF,2,3,Prudential Center
2024021043,20242025,2,2025-03-13,2025-03-13T23:00:00Z,14,4,OFF,3,4,Wells Fargo Center
2024021044,20242025,2,2025-03-13,2025-03-13T23:00:00Z,19,5,OFF,3,5,PPG Paints Arena
2024021045,20242025,2,2025-03-13,2025-03-13T23:00:00Z,54,29,OFF,4,0,Nationwide Arena
2024021046,20242025,2,2025-03-13,2025-03-14T00:00:00Z,3,30,OFF,3,2,Xcel Energy Center
2024021047,20242025,2,2025-03-13,2025-03-14T02:30:00Z,15,26,OFF,0,3,Crypto.com Arena
2024021048,20242025,2,2025-03-13,2025-03-14T02:30:00Z,16,28,OFF,2,4,SAP Center at San Jose
2024021049,20242025,2,2025-03-14,2025-03-14T23:00:00Z,17,12,OFF,2,4,Lenovo Center
2024021050,20242025,2,2025-03-14,2025-03-14T23:30:00Z,22,2,OFF,2,1,UBS Arena
2024021051,20242025,2,2025-03-14,2025-03-15T00:00:00Z,25,52,OFF,1,4,Canada Life Centre
2024021052,20242025,2,2025-03-14,2025-03-15T01:00:00Z,21,20,OFF,4,2,Scotiabank Saddledome
2024021053,20242025,2,2025-03-14,2025-03-15T02:00:00Z,18,24,OFF,1,2,Honda Center
2024021054,20242025,2,2025-03-14,2025-03-15T02:00:00Z,59,55,OFF,2,4,Climate Pledge Arena
2024021055,20242025,2,2025-03-15,2025-03-15T16:30:00Z,54,7,OFF,3,4,KeyBank Center
2024021056,20242025,2,2025-03-15,2025-03-15T19:00:00Z,1,5,OFF,3,7,PPG Paints Arena
2024021057,20242025,2,2025-03-15,2025-03-15T21:00:00Z,15,28,OFF,5,1,SAP Center at San Jose
2024021058,20242025,2,2025-03-15,2025-03-15T23:00:00Z,14,6,OFF,6,2,TD Garden
2024021059,20242025,2,2025-03-15,2025-03-15T23:00:00Z,9,10,OFF,4,2,Scotiabank Arena
2024021060,20242025,2,2025-03-15,2025-03-15T23:00:00Z,13,8,OFF,1,3,Centre Bell
2024021061,20242025,2,2025-03-15,2025-03-15T23:00:00Z,12,4,OFF,5,0,Wells Fargo Center
2024021062,20242025,2,2025-03-15,2025-03-15T23:00:00Z,3,29,OFF,4,0,Nationwide Arena
2024021063,20242025,2,2025-03-15,2025-03-16T00:00:00Z,19,30,OFF,5,1,Xcel Energy Center
2024021064,20242025,2,2025-03-15,2025-03-16T00:00:00Z,18,26,OFF,0,1,Crypto.com Arena
2024021065,20242025,2,2025-03-15,2025-03-16T02:00:00Z,16,23,OFF,2,6,Rogers Arena
2024021066,20242025,2,2025-03-16,2025-03-16T17:00:00Z,54,17,OFF,0,3,Little Caesars Arena
2024021067,20242025,2,2025-03-16,2025-03-16T19:30:00Z,25,21,OFF,3,4,Ball Arena
2024021068,20242025,2,2025-03-16,2025-03-17T00:00:00Z,24,19,OFF,2,7,Enterprise Center
2024021069,20242025,2,2025-03-16,2025-03-16T23:00:00Z,22,3,OFF,3,1,Madison Square Garden
2024021070,20242025,2,2025-03-16,2025-03-16T23:30:00Z,13,2,OFF,2,4,UBS Arena
2024021071,20242025,2,2025-03-16,2025-03-17T00:00:00Z,59,23,OFF,3,1,Rogers Arena
2024021072,20242025,2,2025-03-16,2025-03-17T01:00:00Z,52,55,OFF,3,2,Climate Pledge Arena
2024021073,20242025,2,2025-03-17,2025-03-17T23:00:00Z,7,6,OFF,3,2,TD Garden
2024021074,20242025,2,2025-03-17,2025-03-17T23:00:00Z,4,14,OFF,0,2,Amalie Arena
2024021075,20242025,2,2025-03-17,2025-03-17T23:00:00Z,1,29,OFF,2,1,Nationwide Arena
2024021076,20242025,2,2025-03-17,2025-03-17T23:30:00Z,20,10,OFF,2,6,Scotiabank Arena
2024021077,20242025,2,2025-03-17,2025-03-18T00:00:00Z,26,30,OFF,1,3,Xcel Energy Center
2024021078,20242025,2,2025-03-18,2025-03-18T23:00:00Z,9,8,OFF,3,6,Centre Bell
2024021079,20242025,2,2025-03-18,2025-03-18T23:00:00Z,20,3,OFF,2,1,Madison Square Garden
2024021080,20242025,2,2025-03-18,2025-03-18T23:00:00Z,2,5,OFF,4,2,PPG Paints Arena
2024021081,20242025,2,2025-03-18,2025-03-18T23:00:00Z,17,15,OFF,1,4,Capital One Arena
2024021082,20242025,2,2025-03-18,2025-03-19T00:00:00Z,19,18,OFF,4,1,Bridgestone Arena
2024021083,20242025,2,2025-03-18,2025-03-19T00:00:00Z,24,25,OFF,3,4,American Airlines Center
2024021084,20242025,2,2025-03-18,2025-03-19T00:30:00Z,55,16,OFF,6,2,United Center
2024021085,20242025,2,2025-03-18,2025-03-19T01:00:00Z,59,22,OFF,1,7,Rogers Place
2024021086,20242025,2,2025-03-18,2025-03-19T02:00:00Z,52,23,OFF,2,6,Rogers Arena
2024021087,20242025,2,2025-03-19,2025-03-19T23:00:00Z,21,10,OFF,1,2,Scotiabank Arena
2024021088,20242025,2,2025-03-19,2025-03-20T01:30:00Z,55,30,OFF,0,4,Xcel Energy Center
2024021089,20242025,2,2025-03-20,2025-03-20T23:00:00Z,21,9,OFF,5,1,Canadian Tire Centre
2024021090,20242025,2,2025-03-20,2025-03-20T23:00:00Z,20,1,OFF,5,3,Prudential Center
2024021091,20242025,2,2025-03-20,2025-03-20T23:00:00Z,10,3,OFF,4,3,Madison Square Garden
2024021092,20242025,2,2025-03-20,2025-03-20T23:00:00Z,4,15,OFF,2,3,Capital One Arena
2024021093,20242025,2,2025-03-20,2025-03-20T23:00:00Z,13,29,OFF,1,0,Nationwide Arena
2024021094,20242025,2,2025-03-20,2025-03-20T23:30:00Z,8,2,OFF,3,4,UBS Arena
2024021095,20242025,2,2025-03-20,2025-03-20T23:30:00Z,23,19,OFF,3,4,Enterprise Center
2024021096,20242025,2,2025-03-20,2025-03-21T00:00:00Z,24,18,OFF,4,1,Bridgestone Arena
2024021097,20242025,2,2025-03-20,2025-03-21T00:00:00Z,14,25,OFF,3,2,American Airlines Center
2024021098,20242025,2,2025-03-20,2025-03-21T00:30:00Z,26,16,OFF,3,1,United Center
2024021099,20242025,2,2025-03-20,2025-03-21T01:00:00Z,52,22,OFF,4,3,Rogers Place
2024021100,20242025,2,2025-03-20,2025-03-21T01:00:00Z,7,59,OFF,2,5,Delta Center
2024021101,20242025,2,2025-03-20,2025-03-21T02:00:00Z,6,54,OFF,1,5,T-Mobile Arena
2024021102,20242025,2,2025-03-20,2025-03-21T02:30:00Z,12,28,OFF,3,1,SAP Center at San Jose
2024021103,20242025,2,2025-03-21,2025-03-21T23:00:00Z,29,5,OFF,3,6,PPG Paints Arena
2024021104,20242025,2,2025-03-22,2025-03-22T17:00:00Z,23,3,OFF,3,5,Madison Square Garden
2024021105,20242025,2,2025-03-22,2025-03-22T18:00:00Z,4,25,OFF,2,3,American Airlines Center
2024021106,20242025,2,2025-03-22,2025-03-22T18:00:00Z,7,30,OFF,1,4,Xcel Energy Center
2024021107,20242025,2,2025-03-22,2025-03-22T19:00:00Z,16,19,OFF,1,4,Enterprise Center
2024021108,20242025,2,2025-03-22,2025-03-22T20:00:00Z,20,2,OFF,4,3,UBS Arena
2024021109,20242025,2,2025-03-22,2025-03-22T20:00:00Z,12,26,OFF,2,7,Crypto.com Arena
2024021110,20242025,2,2025-03-22,2025-03-22T21:00:00Z,13,15,OFF,3,6,Capital One Arena
2024021111,20242025,2,2025-03-22,2025-03-22T21:00:00Z,14,59,OFF,4,6,Delta Center
2024021112,20242025,2,2025-03-22,2025-03-22T23:00:00Z,21,8,OFF,5,4,Centre Bell
2024021113,20242025,2,2025-03-22,2025-03-22T23:00:00Z,9,1,OFF,3,2,Prudential Center
2024021114,20242025,2,2025-03-22,2025-03-22T23:00:00Z,10,18,OFF,2,5,Bridgestone Arena
2024021115,20242025,2,2025-03-22,2025-03-23T00:00:00Z,17,54,OFF,3,6,T-Mobile Arena
2024021116,20242025,2,2025-03-22,2025-03-23T02:00:00Z,55,22,OFF,4,5,Rogers Place
2024021117,20242025,2,2025-03-22,2025-03-23T02:30:00Z,6,28,OFF,1,3,SAP Center at San Jose
2024021118,20242025,2,2025-03-23,2025-03-23T19:00:00Z,4,16,OFF,4,7,United Center
2024021119,20242025,2,2025-03-23,2025-03-23T19:00:00Z,7,52,OFF,5,3,Canada Life Centre
2024021120,20242025,2,2025-03-23,2025-03-23T22:00:00Z,5,13,OFF,3,4,Amerant Bank Arena
2024021121,20242025,2,2025-03-23,2025-03-23T22:00:00Z,18,19,OFF,1,4,Enterprise Center
2024021122,20242025,2,2025-03-23,2025-03-24T00:00:00Z,14,54,OFF,2,4,T-Mobile Arena
2024021123,20242025,2,2025-03-23,2025-03-24T00:00:00Z,12,24,OFF,5,2,Honda Center
2024021124,20242025,2,2025-03-23,2025-03-24T01:00:00Z,6,26,OFF,2,7,Crypto.com Arena
2024021125,20242025,2,2025-03-24,2025-03-24T23:30:00Z,23,1,OFF,4,3,Prudential Center
2024021126,20242025,2,2025-03-24,2025-03-24T23:30:00Z,29,2,OFF,4,3,UBS Arena
2024021127,20242025,2,2025-03-24,2025-03-25T00:00:00Z,30,25,OFF,0,3,American Airlines Center
2024021128,20242025,2,2025-03-24,2025-03-25T01:00:00Z,17,59,OFF,5,1,Delta Center
2024021129,20242025,2,2025-03-25,2025-03-25T23:00:00Z,9,7,OFF,2,3,KeyBank Center
2024021130,20242025,2,2025-03-25,2025-03-25T23:00:00Z,4,10,OFF,2,7,Scotiabank Arena
2024021131,20242025,2,2025-03-25,2025-03-25T23:00:00Z,5,14,OFF,1,6,Amalie Arena
2024021132,20242025,2,2025-03-25,2025-03-25T23:00:00Z,18,12,OFF,3,1,Lenovo Center
2024021133,20242025,2,2025-03-25,2025-03-26T00:00:00Z,8,19,OFF,1,6,Enterprise Center
2024021134,20242025,2,2025-03-25,2025-03-26T00:00:00Z,54,30,OFF,5,1,Xcel Energy Center
2024021135,20242025,2,2025-03-25,2025-03-26T00:00:00Z,15,52,OFF,2,3,Canada Life Centre
2024021136,20242025,2,2025-03-25,2025-03-26T01:00:00Z,17,21,OFF,2,5,Ball Arena
2024021137,20242025,2,2025-03-25,2025-03-26T01:00:00Z,55,20,OFF,3,4,Scotiabank Saddledome
2024021138,20242025,2,2025-03-25,2025-03-26T02:30:00Z,3,26,OFF,1,3,Crypto.com Arena
2024021139,20242025,2,2025-03-26,2025-03-26T23:30:00Z,23,2,OFF,5,2,UBS Arena
2024021140,20242025,2,2025-03-26,2025-03-26T23:30:00Z,1,16,OFF,5,3,United Center
2024021141,20242025,2,2025-03-26,2025-03-27T02:00:00Z,25,22,OFF,4,3,Rogers Place
2024021142,20242025,2,2025-03-26,2025-03-27T02:00:00Z,6,24,OFF,2,6,Honda Center
2024021143,20242025,2,2025-03-27,2025-03-27T23:00:00Z,5,7,OFF,3,7,KeyBank Center
2024021144,20242025,2,2025-03-27,2025-03-27T23:00:00Z,9,17,OFF,4,3,Little Caesars Arena
2024021145,20242025,2,2025-03-27,2025-03-27T23:00:00Z,59,14,OFF,0,8,Amalie Arena
2024021146,20242025,2,2025-03-27,2025-03-27T23:00:00Z,8,4,OFF,4,6,Wells Fargo Center
2024021147,20242025,2,2025-03-27,2025-03-28T00:00:00Z,19,18,OFF,3,2,Bridgestone Arena
2024021148,20242025,2,2025-03-27,2025-03-27T23:30:00Z,15,30,OFF,2,4,Xcel Energy Center
2024021149,20242025,2,2025-03-27,2025-03-28T02:00:00Z,26,21,OFF,0,4,Ball Arena
2024021150,20242025,2,2025-03-27,2025-03-28T01:00:00Z,25,20,OFF,5,2,Scotiabank Saddledome
2024021151,20242025,2,2025-03-27,2025-03-28T02:00:00Z,22,55,OFF,1,6,Climate Pledge Arena
2024021152,20242025,2,2025-03-27,2025-03-28T02:30:00Z,10,28,OFF,5,6,SAP Center at San Jose
2024021153,20242025,2,2025-03-28,2025-03-28T23:00:00Z,59,13,OFF,1,2,Amerant Bank Arena
2024021154,20242025,2,2025-03-28,2025-03-28T23:00:00Z,8,12,OFF,1,4,Lenovo Center
2024021155,20242025,2,2025-03-28,2025-03-28T23:00:00Z,23,29,OFF,6,7,Nationwide Arena
2024021156,20242025,2,2025-03-28,2025-03-29T00:00:00Z,1,52,OFF,0,4,Canada Life Centre
2024021157,20242025,2,2025-03-28,2025-03-29T00:30:00Z,54,16,OFF,5,3,United Center
2024021158,20242025,2,2025-03-28,2025-03-29T02:00:00Z,3,24,OFF,4,5,Honda Center
2024021159,20242025,2,2025-03-29,2025-03-29T17:00:00Z,7,4,OFF,4,7,Wells Fargo Center
2024021160,20242025,2,2025-03-29,2025-03-29T18:00:00Z,2,14,OFF,3,5,Amalie Arena
2024021161,20242025,2,2025-03-29,2025-03-29T20:30:00Z,19,21,OFF,2,1,Ball Arena
2024021162,20242025,2,2025-03-29,2025-03-29T22:00:00Z,1,30,OFF,5,2,Xcel Energy Center
2024021163,20242025,2,2025-03-29,2025-03-29T22:30:00Z,54,18,OFF,3,1,Bridgestone Arena
2024021164,20242025,2,2025-03-29,2025-03-29T23:00:00Z,29,9,OFF,2,3,Canadian Tire Centre
2024021165,20242025,2,2025-03-29,2025-03-29T23:00:00Z,10,26,OFF,3,1,Crypto.com Arena
2024021166,20242025,2,2025-03-29,2025-03-30T00:00:00Z,6,17,OFF,1,2,Little Caesars Arena
2024021167,20242025,2,2025-03-29,2025-03-30T02:00:00Z,20,22,OFF,2,3,Rogers Place
2024021168,20242025,2,2025-03-29,2025-03-30T02:30:00Z,3,28,OFF,6,1,SAP Center at San Jose
2024021169,20242025,2,2025-03-29,2025-03-30T02:30:00Z,25,55,OFF,5,1,Climate Pledge Arena
2024021170,20242025,2,2025-03-30,2025-03-30T17:00:00Z,8,13,OFF,4,2,Amerant Bank Arena
2024021171,20242025,2,2025-03-30,2025-03-30T19:00:00Z,7,15,OFF,8,5,Capital One Arena
2024021172,20242025,2,2025-03-30,2025-03-30T19:00:00Z,23,52,OFF,1,3,Canada Life Centre
2024021173,20242025,2,2025-03-30,2025-03-30T20:00:00Z,59,16,OFF,5,2,United Center
2024021174,20242025,2,2025-03-30,2025-03-30T21:00:00Z,9,5,OFF,0,1,PPG Paints Arena
2024021175,20242025,2,2025-03-30,2025-03-30T21:00:00Z,2,12,OFF,4,6,Lenovo Center
2024021176,20242025,2,2025-03-30,2025-03-31T00:00:00Z,10,24,OFF,3,2,Honda Center
2024021177,20242025,2,2025-03-30,2025-03-31T02:00:00Z,28,26,OFF,1,8,Crypto.com Arena
2024021178,20242025,2,2025-03-31,2025-03-31T23:00:00Z,30,1,OFF,2,3,Prudential Center
2024021179,20242025,2,2025-03-31,2025-03-31T23:00:00Z,18,4,OFF,1,2,Wells Fargo Center
2024021180,20242025,2,2025-03-31,2025-04-01T00:30:00Z,20,21,OFF,3,2,Ball Arena
2024021181,20242025,2,2025-03-31,2025-04-01T02:00:00Z,25,55,OFF,3,1,Climate Pledge Arena
2024021182,20242025,2,2025-04-01,2025-04-01T23:00:00Z,15,6,OFF,4,3,TD Garden
2024021183,20242025,2,2025-04-01,2025-04-01T23:00:00Z,13,8,OFF,2,3,Centre Bell
2024021184,20242025,2,2025-04-01,2025-04-01T23:00:00Z,7,9,OFF,5,2,Canadian Tire Centre
2024021185,20242025,2,2025-04-01,2025-04-01T23:00:00Z,18,29,OFF,4,8,Nationwide Arena
2024021186,20242025,2,2025-04-01,2025-04-01T23:30:00Z,14,2,OFF,4,1,UBS Arena
2024021187,20242025,2,2025-04-01,2025-04-02T00:00:00Z,17,19,OFF,1,2,Enterprise Center
2024021188,20242025,2,2025-04-01,2025-04-02T01:00:00Z,20,59,OFF,1,3,Delta Center
2024021189,20242025,2,2025-04-01,2025-04-02T02:00:00Z,22,54,OFF,3,2,T-Mobile Arena
2024021190,20242025,2,2025-04-01,2025-04-02T02:00:00Z,28,24,OFF,3,4,Honda Center
2024021191,20242025,2,2025-04-01,2025-04-02T02:30:00Z,52,26,OFF,1,4,Crypto.com Arena
2024021192,20242025,2,2025-04-02,2025-04-02T23:00:00Z,30,3,OFF,4,5,Madison Square Garden
2024021193,20242025,2,2025-04-02,2025-04-02T23:00:00Z,15,12,OFF,1,5,Lenovo Center
2024021194,20242025,2,2025-04-02,2025-04-02T23:30:00Z,13,10,OFF,2,3,Scotiabank Arena
2024021195,20242025,2,2025-04-02,2025-04-03T01:30:00Z,21,16,OFF,3,2,United Center
2024021196,20242025,2,2025-04-02,2025-04-03T02:30:00Z,55,23,OFF,5,0,Rogers Arena
2024021197,20242025,2,2025-04-03,2025-04-03T23:00:00Z,6,8,OFF,1,4,Centre Bell
2024021198,20242025,2,2025-04-03,2025-04-03T23:00:00Z,14,9,OFF,1,2,Canadian Tire Centre
2024021199,20242025,2,2025-04-03,2025-04-03T23:30:00Z,21,29,OFF,7,3,Nationwide Arena
2024021200,20242025,2,2025-04-03,2025-04-04T00:00:00Z,5,19,OFF,4,5,Enterprise Center
2024021201,20242025,2,2025-04-03,2025-04-04T00:00:00Z,18,25,OFF,1,5,American Airlines Center
2024021202,20242025,2,2025-04-03,2025-04-04T01:00:00Z,26,59,OFF,4,2,Delta Center
2024021203,20242025,2,2025-04-03,2025-04-04T01:30:00Z,24,20,OFF,1,4,Scotiabank Saddledome
2024021204,20242025,2,2025-04-03,2025-04-04T02:00:00Z,52,54,OFF,4,0,T-Mobile Arena
2024021205,20242025,2,2025-04-03,2025-04-04T02:30:00Z,22,28,OFF,3,2,SAP Center at San Jose
2024021206,20242025,2,2025-04-04,2025-04-04T23:00:00Z,12,17,OFF,3,5,Little Caesars Arena
2024021207,20242025,2,2025-04-04,2025-04-04T23:00:00Z,16,15,OFF,3,5,Capital One Arena
2024021208,20242025,2,2025-04-04,2025-04-04T23:30:00Z,30,2,OFF,1,3,UBS Arena
2024021209,20242025,2,2025-04-05,2025-04-05T16:30:00Z,3,1,OFF,0,4,Prudential Center
2024021210,20242025,2,2025-04-05,2025-04-05T18:00:00Z,13,9,OFF,0,3,Canadian Tire Centre
2024021211,20242025,2,2025-04-05,2025-04-05T19:00:00Z,5,25,OFF,5,3,American Airlines Center
2024021212,20242025,2,2025-04-05,2025-04-05T20:00:00Z,24,23,OFF,2,6,Rogers Arena
2024021213,20242025,2,2025-04-05,2025-04-05T20:00:00Z,22,26,OFF,0,3,Crypto.com Arena
2024021214,20242025,2,2025-04-05,2025-04-05T23:00:00Z,12,6,OFF,1,5,TD Garden
2024021215,20242025,2,2025-04-05,2025-04-05T23:00:00Z,14,7,OFF,2,3,KeyBank Center
2024021216,20242025,2,2025-04-05,2025-04-05T23:00:00Z,29,10,OFF,0,5,Scotiabank Arena
2024021217,20242025,2,2025-04-05,2025-04-05T23:00:00Z,4,8,OFF,2,3,Centre Bell
2024021218,20242025,2,2025-04-05,2025-04-05T23:00:00Z,21,19,OFF,4,5,Enterprise Center
2024021219,20242025,2,2025-04-05,2025-04-05T23:00:00Z,52,59,OFF,1,4,Delta Center
2024021220,20242025,2,2025-04-05,2025-04-06T02:00:00Z,54,20,OFF,3,2,Scotiabank Saddledome
2024021221,20242025,2,2025-04-05,2025-04-06T02:00:00Z,55,28,OFF,5,1,SAP Center at San Jose
2024021222,20242025,2,2025-04-06,2025-04-06T16:30:00Z,15,2,OFF,1,4,UBS Arena
2024021223,20242025,2,2025-04-06,2025-04-06T19:00:00Z,25,30,OFF,2,3,Xcel Energy Center
2024021224,20242025,2,2025-04-06,2025-04-06T21:00:00Z,29,9,OFF,0,4,Canadian Tire Centre
2024021225,20242025,2,2025-04-06,2025-04-06T21:30:00Z,13,17,OFF,1,2,Little Caesars Arena
2024021226,20242025,2,2025-04-06,2025-04-06T22:00:00Z,6,7,OFF,3,6,KeyBank Center
2024021227,20242025,2,2025-04-06,2025-04-06T22:00:00Z,5,16,OFF,1,3,United Center
2024021228,20242025,2,2025-04-06,2025-04-06T23:00:00Z,8,18,OFF,2,1,Bridgestone Arena
2024021229,20242025,2,2025-04-06,2025-04-07T02:00:00Z,54,23,OFF,3,2,Rogers Arena
2024021230,20242025,2,2025-04-07,2025-04-07T23:00:00Z,14,3,OFF,5,1,Madison Square Garden
2024021231,20242025,2,2025-04-07,2025-04-07T23:30:00Z,19,52,OFF,1,3,Canada Life Centre
2024021232,20242025,2,2025-04-07,2025-04-08T02:30:00Z,22,24,OFF,2,3,Honda Center
2024021233,20242025,2,2025-04-07,2025-04-08T02:30:00Z,55,26,OFF,2,1,Crypto.com Arena
2024021234,20242025,2,2025-04-07,2025-04-08T02:30:00Z,20,28,OFF,3,2,SAP Center at San Jose
2024021235,20242025,2,2025-04-08,2025-04-08T23:00:00Z,12,7,OFF,0,3,KeyBank Center
2024021236,20242025,2,2025-04-08,2025-04-08T23:00:00Z,17,8,OFF,1,4,Centre Bell
2024021237,20242025,2,2025-04-08,2025-04-08T23:00:00Z,10,13,OFF,1,3,Amerant Bank Arena
2024021238,20242025,2,2025-04-08,2025-04-08T23:00:00Z,6,1,OFF,7,2,Prudential Center
2024021239,20242025,2,2025-04-08,2025-04-08T23:00:00Z,9,29,OFF,2,5,Nationwide Arena
2024021240,20242025,2,2025-04-08,2025-04-08T23:00:00Z,16,5,OFF,0,5,PPG Paints Arena
2024021241,20242025,2,2025-04-08,2025-04-09T00:00:00Z,2,18,OFF,6,7,Bridgestone Arena
2024021242,20242025,2,2025-04-08,2025-04-09T00:00:00Z,23,25,OFF,6,5,American Airlines Center
2024021243,20242025,2,2025-04-08,2025-04-09T01:00:00Z,55,59,OFF,1,7,Delta Center
2024021244,20242025,2,2025-04-08,2025-04-09T01:30:00Z,54,21,OFF,2,3,Ball Arena
2024021245,20242025,2,2025-04-09,2025-04-09T23:00:00Z,10,14,OFF,4,3,Amalie Arena
2024021246,20242025,2,2025-04-09,2025-04-09T23:30:00Z,4,3,OFF,8,5,Madison Square Garden
2024021247,20242025,2,2025-04-09,2025-04-10T00:00:00Z,28,30,OFF,7,8,Xcel Energy Center
2024021248,20242025,2,2025-04-09,2025-04-10T02:00:00Z,19,22,OFF,3,4,Rogers Place
2024021249,20242025,2,2025-04-09,2025-04-10T02:00:00Z,20,24,OFF,3,4,Honda Center
2024021250,20242025,2,2025-04-10,2025-04-10T23:00:00Z,16,6,OFF,5,2,TD Garden
2024021251,20242025,2,2025-04-10,2025-04-10T23:00:00Z,17,13,OFF,1,4,Amerant Bank Arena
2024021252,20242025,2,2025-04-10,2025-04-10T23:30:00Z,12,15,OFF,4,5,Capital One Arena
2024021253,20242025,2,2025-04-10,2025-04-10T23:00:00Z,7,29,OFF,2,3,Nationwide Arena
2024021254,20242025,2,2025-04-10,2025-04-10T23:30:00Z,3,2,OFF,9,2,UBS Arena
2024021255,20242025,2,2025-04-10,2025-04-11T00:00:00Z,52,25,OFF,4,0,American Airlines Center
2024021256,20242025,2,2025-04-10,2025-04-11T01:00:00Z,23,21,OFF,4,1,Ball Arena
2024021257,20242025,2,2025-04-10,2025-04-11T01:00:00Z,18,59,OFF,4,3,Delta Center
2024021258,20242025,2,2025-04-10,2025-04-11T02:00:00Z,55,54,OFF,1,2,T-Mobile Arena
2024021259,20242025,2,2025-04-10,2025-04-11T02:00:00Z,24,26,OFF,1,6,Crypto.com Arena
2024021260,20242025,2,2025-04-11,2025-04-11T23:00:00Z,8,9,OFF,2,5,Canadian Tire Centre
2024021261,20242025,2,2025-04-11,2025-04-11T23:00:00Z,17,14,OFF,4,3,Amalie Arena
2024021262,20242025,2,2025-04-11,2025-04-11T23:00:00Z,5,1,OFF,4,2,Prudential Center
2024021263,20242025,2,2025-04-11,2025-04-12T01:30:00Z,28,22,OFF,2,4,Rogers Place
2024021264,20242025,2,2025-04-11,2025-04-12T02:00:00Z,30,20,OFF,2,4,Scotiabank Saddledome
2024021265,20242025,2,2025-04-12,2025-04-12T16:30:00Z,2,4,OFF,3,4,Wells Fargo Center
2024021266,20242025,2,2025-04-12,2025-04-12T19:00:00Z,3,12,OFF,3,7,Lenovo Center
2024021267,20242025,2,2025-04-12,2025-04-12T20:00:00Z,21,26,OFF,4,5,Crypto.com Arena
2024021268,20242025,2,2025-04-12,2025-04-12T22:00:00Z,7,13,OFF,2,3,Amerant Bank Arena
2024021269,20242025,2,2025-04-12,2025-04-12T23:00:00Z,8,10,OFF,0,1,Scotiabank Arena
2024021270,20242025,2,2025-04-12,2025-04-12T16:30:00Z,15,29,OFF,0,7,Nationwide Arena
2024021271,20242025,2,2025-04-12,2025-04-12T23:00:00Z,52,16,OFF,5,4,United Center
2024021272,20242025,2,2025-04-12,2025-04-13T00:00:00Z,59,25,OFF,5,3,American Airlines Center
2024021273,20242025,2,2025-04-12,2025-04-13T02:00:00Z,30,23,OFF,3,2,Rogers Arena
2024021274,20242025,2,2025-04-12,2025-04-13T02:00:00Z,18,54,OFF,3,5,T-Mobile Arena
2024021275,20242025,2,2025-04-12,2025-04-13T02:00:00Z,19,55,OFF,3,4,Climate Pledge Arena
2024021276,20242025,2,2025-04-13,2025-04-13T17:00:00Z,4,9,OFF,3,4,Canadian Tire Centre
2024021277,20242025,2,2025-04-13,2025-04-13T17:00:00Z,2,1,OFF,1,0,Prudential Center
2024021278,20242025,2,2025-04-13,2025-04-13T19:30:00Z,6,5,OFF,4,1,PPG Paints Arena
2024021279,20242025,2,2025-04-13,2025-04-13T21:00:00Z,10,12,OFF,4,1,Lenovo Center
2024021280,20242025,2,2025-04-13,2025-04-13T22:00:00Z,7,14,OFF,4,7,Amalie Arena
2024021281,20242025,2,2025-04-13,2025-04-13T22:00:00Z,29,15,OFF,4,1,Capital One Arena
2024021282,20242025,2,2025-04-13,2025-04-13T23:00:00Z,22,52,OFF,4,1,Canada Life Centre
2024021283,20242025,2,2025-04-13,2025-04-14T00:00:00Z,28,20,OFF,2,5,Scotiabank Saddledome
2024021284,20242025,2,2025-04-13,2025-04-14T02:00:00Z,21,24,OFF,4,2,Honda Center
2024021285,20242025,2,2025-04-14,2025-04-14T23:00:00Z,16,8,OFF,4,3,Centre Bell
2024021286,20242025,2,2025-04-14,2025-04-14T23:00:00Z,25,17,OFF,4,6,Little Caesars Arena
2024021287,20242025,2,2025-04-14,2025-04-14T23:00:00Z,3,13,OFF,5,3,Amerant Bank Arena
2024021288,20242025,2,2025-04-14,2025-04-15T00:00:00Z,59,18,OFF,7,3,Bridgestone Arena
2024021289,20242025,2,2025-04-14,2025-04-15T02:00:00Z,26,22,OFF,5,0,Rogers Place
2024021290,20242025,2,2025-04-14,2025-04-15T02:00:00Z,28,23,OFF,1,2,Rogers Arena
2024021291,20242025,2,2025-04-15,2025-04-15T23:00:00Z,1,6,OFF,5,4,TD Garden
2024021292,20242025,2,2025-04-15,2025-04-15T23:00:00Z,10,7,OFF,4,0,KeyBank Center
2024021293,20242025,2,2025-04-15,2025-04-15T23:00:00Z,16,9,OFF,4,3,Canadian Tire Centre
2024021294,20242025,2,2025-04-15,2025-04-15T23:30:00Z,13,14,OFF,1,5,Amalie Arena
2024021295,20242025,2,2025-04-15,2025-04-15T23:00:00Z,29,4,OFF,3,0,Wells Fargo Center
2024021296,20242025,2,2025-04-15,2025-04-15T23:30:00Z,15,2,OFF,3,1,UBS Arena
2024021297,20242025,2,2025-04-15,2025-04-16T00:00:00Z,59,19,OFF,1,6,Enterprise Center
2024021298,20242025,2,2025-04-15,2025-04-16T00:00:00Z,24,30,OFF,2,3,Xcel Energy Center
2024021299,20242025,2,2025-04-15,2025-04-16T01:00:00Z,54,20,OFF,4,5,Scotiabank Saddledome
2024021300,20242025,2,2025-04-15,2025-04-16T02:30:00Z,26,55,OFF,6,5,Climate Pledge Arena
2024021301,20242025,2,2025-04-16,2025-04-16T23:00:00Z,12,8,OFF,2,4,Centre Bell
2024021302,20242025,2,2025-04-16,2025-04-16T23:00:00Z,24,52,OFF,1,2,Canada Life Centre
2024021303,20242025,2,2025-04-16,2025-04-16T23:30:00Z,17,1,OFF,5,2,Prudential Center
2024021304,20242025,2,2025-04-16,2025-04-17T00:00:00Z,25,18,OFF,1,5,Bridgestone Arena
2024021305,20242025,2,2025-04-16,2025-04-17T02:00:00Z,54,23,OFF,4,1,Rogers Arena
2024021306,20242025,2,2025-04-16,2025-04-17T02:30:00Z,22,28,OFF,3,0,SAP Center at San Jose
2024020653,20242025,2,2025-04-17,2025-04-18T01:30:00Z,20,26,OFF,5,1,Crypto.com Arena
2024021307,20242025,2,2025-04-17,2025-04-17T23:00:00Z,4,7,OFF,4,5,KeyBank Center
2024021308,20242025,2,2025-04-17,2025-04-17T23:00:00Z,17,10,OFF,3,4,Scotiabank Arena
2024021309,20242025,2,2025-04-17,2025-04-17T23:00:00Z,12,9,OFF,5,7,Canadian Tire Centre
2024021310,20242025,2,2025-04-17,2025-04-17T23:00:00Z,14,3,OFF,0,4,Madison Square Garden
2024021311,20242025,2,2025-04-17,2025-04-17T23:00:00Z,15,5,OFF,2,5,PPG Paints Arena
2024021312,20242025,2,2025-04-17,2025-04-17T23:00:00Z,2,29,OFF,1,6,Nationwide Arena
2024030151,20242025,3,2025-04-19,2025-04-19T22:00:00Z,19,52,OFF,3,5,Canada Life Centre
2024030161,20242025,3,2025-04-19,2025-04-20T00:30:00Z,21,25,OFF,5,1,American Airlines Center
2024030111,20242025,3,2025-04-20,2025-04-20T23:00:00Z,9,10,OFF,2,6,Scotiabank Arena
2024030141,20242025,3,2025-04-20,2025-04-20T19:00:00Z,1,12,OFF,1,4,Lenovo Center
2024030171,20242025,3,2025-04-20,2025-04-21T02:00:00Z,30,54,OFF,2,4,T-Mobile Arena
2024030131,20242025,3,2025-04-21,2025-04-21T23:00:00Z,8,15,OFF,2,3,Capital One Arena
2024030152,20242025,3,2025-04-21,2025-04-21T23:30:00Z,19,52,OFF,1,2,Canada Life Centre
2024030162,20242025,3,2025-04-21,2025-04-22T01:30:00Z,21,25,OFF,3,4,American Airlines Center
2024030181,20242025,3,2025-04-21,2025-04-22T02:00:00Z,22,26,OFF,5,6,Crypto.com Arena
2024030112,20242025,3,2025-04-22,2025-04-22T23:30:00Z,9,10,OFF,2,3,Scotiabank Arena
2024030121,20242025,3,2025-04-22,2025-04-23T00:30:00Z,13,14,OFF,6,2,Amalie Arena
2024030142,20242025,3,2025-04-22,2025-04-22T22:00:00Z,1,12,OFF,1,3,Lenovo Center
2024030172,20242025,3,2025-04-22,2025-04-23T03:00:00Z,30,54,OFF,5,2,T-Mobile Arena
2024030132,20242025,3,2025-04-23,2025-04-23T23:00:00Z,8,15,OFF,1,3,Capital One Arena
2024030163,20242025,3,2025-04-23,2025-04-24T01:30:00Z,25,21,OFF,2,1,Ball Arena
2024030182,20242025,3,2025-04-23,2025-04-24T02:00:00Z,22,26,OFF,2,6,Crypto.com Arena
2024030113,20242025,3,2025-04-24,2025-04-24T23:00:00Z,10,9,OFF,3,2,Canadian Tire Centre
2024030122,20242025,3,2025-04-24,2025-04-24T22:30:00Z,13,14,OFF,2,0,Amalie Arena
2024030153,20242025,3,2025-04-24,2025-04-25T01:30:00Z,52,19,OFF,2,7,Enterprise Center
2024030173,20242025,3,2025-04-24,2025-04-25T01:00:00Z,54,30,OFF,2,5,Xcel Energy Center
2024030133,20242025,3,2025-04-25,2025-04-25T23:00:00Z,15,8,OFF,3,6,Centre Bell
2024030143,20242025,3,2025-04-25,2025-04-26T00:00:00Z,12,1,OFF,2,3,Prudential Center
2024030183,20242025,3,2025-04-25,2025-04-26T02:00:00Z,26,22,OFF,4,7,Rogers Place
2024030114,20242025,3,2025-04-26,2025-04-26T23:00:00Z,10,9,OFF,3,4,Canadian Tire Centre
2024030123,20242025,3,2025-04-26,2025-04-26T17:00:00Z,14,13,OFF,5,1,Amerant Bank Arena
2024030164,20242025,3,2025-04-26,2025-04-27T01:30:00Z,25,21,OFF,0,4,Ball Arena
2024030174,20242025,3,2025-04-26,2025-04-26T20:00:00Z,54,30,OFF,4,3,Xcel Energy Center
2024030134,20242025,3,2025-04-27,2025-04-27T22:30:00Z,15,8,OFF,5,2,Centre Bell
2024030144,20242025,3,2025-04-27,2025-04-27T19:30:00Z,12,1,OFF,5,2,Prudential Center
2024030154,20242025,3,2025-04-27,2025-04-27T17:00:00Z,52,19,OFF,1,5,Enterprise Center
2024030184,20242025,3,2025-04-27,2025-04-28T01:30:00Z,26,22,OFF,3,4,Rogers Place
2024030124,20242025,3,2025-04-28,2025-04-28T23:00:00Z,14,13,OFF,2,4,Amerant Bank Arena
2024030165,20242025,3,2025-04-28,2025-04-29T01:30:00Z,21,25,OFF,2,6,American Airlines Center
2024030115,20242025,3,2025-04-29,2025-04-29T23:00:00Z,9,10,OFF,4,0,Scotiabank Arena
2024030145,20242025,3,2025-04-29,2025-04-29T23:30:00Z,1,12,OFF,4,5,Lenovo Center
2024030175,20242025,3,2025-04-29,2025-04-30T01:30:00Z,30,54,OFF,2,3,T-Mobile Arena
2024030185,20242025,3,2025-04-29,2025-04-30T02:00:00Z,22,26,OFF,3,1,Crypto.com Arena
2024030125,20242025,3,2025-04-30,2025-04-30T23:30:00Z,13,14,OFF,6,3,Amalie Arena
2024030135,20242025,3,2025-04-30,2025-04-30T23:00:00Z,8,15,OFF,1,4,Capital One Arena
2024030155,20242025,3,2025-04-30,2025-05-01T01:30:00Z,19,52,OFF,3,5,Canada Life Centre
2024030116,20242025,3,2025-05-01,2025-05-01T23:00:00Z,10,9,OFF,4,2,Canadian Tire Centre
2024030166,20242025,3,2025-05-01,2025-05-02T01:30:00Z,25,21,OFF,4,7,Ball Arena
2024030176,20242025,3,2025-05-01,2025-05-01T23:30:00Z,54,30,OFF,3,2,Xcel Energy Center
2024030186,20242025,3,2025-05-01,2025-05-02T02:00:00Z,26,22,OFF,4,6,Rogers Place
2024030156,20242025,3,2025-05-02,2025-05-03T00:00:00Z,52,19,OFF,2,5,Enterprise Center
2024030167,20242025,3,2025-05-03,2025-05-04T00:00:00Z,21,25,OFF,2,4,American Airlines Center
2024030157,20242025,3,2025-05-04,2025-05-04T23:00:00Z,19,52,OFF,3,4,Canada Life Centre
2024030211,20242025,3,2025-05-05,2025-05-06T00:00:00Z,13,10,OFF,4,5,Scotiabank Arena
2024030221,20242025,3,2025-05-06,2025-05-06T23:00:00Z,12,15,OFF,2,1,Capital One Arena
2024030241,20242025,3,2025-05-06,2025-05-07T01:30:00Z,22,54,OFF,4,2,T-Mobile Arena
2024030212,20242025,3,2025-05-07,2025-05-07T23:00:00Z,13,10,OFF,3,4,Scotiabank Arena
2024030231,20242025,3,2025-05-07,2025-05-08T01:30:00Z,25,52,OFF,3,2,Canada Life Centre
2024030222,20242025,3,2025-05-08,2025-05-08T23:00:00Z,12,15,OFF,1,3,Capital One Arena
2024030242,20242025,3,2025-05-08,2025-05-09T01:30:00Z,22,54,OFF,5,4,T-Mobile Arena
2024030213,20242025,3,2025-05-09,2025-05-09T23:00:00Z,10,13,OFF,4,5,Amerant Bank Arena
2024030232,20242025,3,2025-05-09,2025-05-10T01:30:00Z,25,52,OFF,0,4,Canada Life Centre
2024030223,20242025,3,2025-05-10,2025-05-10T22:00:00Z,15,12,OFF,0,4,Lenovo Center
2024030243,20242025,3,2025-05-10,2025-05-11T01:00:00Z,54,22,OFF,4,3,Rogers Place
2024030214,20242025,3,2025-05-11,2025-05-11T23:30:00Z,10,13,OFF,0,2,Amerant Bank Arena
2024030233,20242025,3,2025-05-11,2025-05-11T20:30:00Z,52,25,OFF,2,5,American Airlines Center
2024030224,20242025,3,2025-05-12,2025-05-12T23:00:00Z,15,12,OFF,2,5,Lenovo Center
2024030244,20242025,3,2025-05-12,2025-05-13T01:30:00Z,54,22,OFF,0,3,Rogers Place
2024030234,20242025,3,2025-05-13,2025-05-14T00:00:00Z,52,25,OFF,1,3,American Airlines Center
2024030215,20242025,3,2025-05-14,2025-05-14T23:00:00Z,13,10,OFF,6,1,Scotiabank Arena
2024030245,20242025,3,2025-05-14,2025-05-15T01:30:00Z,22,54,OFF,1,0,T-Mobile Arena
2024030225,20242025,3,2025-05-15,2025-05-15T23:00:00Z,12,15,OFF,3,1,Capital One Arena
2024030235,20242025,3,2025-05-15,2025-05-16T01:30:00Z,25,52,OFF,0,4,Canada Life Centre
2024030216,20242025,3,2025-05-16,2025-05-17T00:00:00Z,10,13,OFF,2,0,Amerant Bank Arena
2024030236,20242025,3,2025-05-17,2025-05-18T00:00:00Z,52,25,OFF,1,2,American Airlines Center
2024030217,20242025,3,2025-05-18,2025-05-18T23:30:00Z,13,10,OFF,6,1,Scotiabank Arena
2024030311,20242025,3,2025-05-20,2025-05-21T00:00:00Z,13,12,OFF,5,2,Lenovo Center
2024030321,20242025,3,2025-05-21,2025-05-22T00:00:00Z,22,25,OFF,3,6,American Airlines Center
2024030312,20242025,3,2025-05-22,2025-05-23T00:00:00Z,13,12,OFF,5,0,Lenovo Center
2024030322,20242025,3,2025-05-23,2025-05-24T00:00:00Z,22,25,OFF,3,0,American Airlines Center
2024030313,20242025,3,2025-05-24,2025-05-25T00:00:00Z,12,13,OFF,2,6,Amerant Bank Arena
2024030323,20242025,3,2025-05-25,2025-05-25T19:00:00Z,25,22,OFF,1,6,Rogers Place
2024030314,20242025,3,2025-05-26,2025-05-27T00:00:00Z,12,13,OFF,3,0,Amerant Bank Arena
2024030324,20242025,3,2025-05-27,2025-05-28T00:00:00Z,25,22,OFF,1,4,Rogers Place
2024030315,20242025,3,2025-05-28,2025-05-29T00:00:00Z,13,12,OFF,5,3,Lenovo Center
2024030325,20242025,3,2025-05-29,2025-05-30T00:00:00Z,22,25,OFF,6,3,American Airlines Center
2024030411,20242025,3,2025-06-04,2025-06-05T00:00:00Z,13,22,OFF,3,4,Rogers Place
2024030412,20242025,3,2025-06-06,2025-06-07T00:00:00Z,13,22,OFF,5,4,Rogers Place
2024030413,20242025,3,2025-06-09,2025-06-10T00:00:00Z,22,13,OFF,1,6,Amerant Bank Arena
2024030414,20242025,3,2025-06-12,2025-06-13T00:00:00Z,22,13,OFF,5,4,Amerant Bank Arena
2024030415,20242025,3,2025-06-14,2025-06-15T00:00:00Z,13,22,OFF,5,2,Rogers Place
2024030416,20242025,3,2025-06-17,2025-06-18T00:00:00Z,22,13,OFF,1,5,Amerant Bank Arena
2025010101,20252026,1,2025-09-20,2025-09-20T23:00:00Z,19,25,FINAL,1,2,American Airlines Center
2025010001,20252026,1,2025-09-21,2025-09-21T22:00:00Z,24,26,FINAL,1,3,Toyota Arena
2025010002,20252026,1,2025-09-21,2025-09-22T00:00:00Z,20,22,FINAL,3,2,Rogers Place
2025010003,20252026,1,2025-09-21,2025-09-22T00:00:00Z,22,20,FINAL,3,0,Scotiabank Saddledome
2025010004,20252026,1,2025-09-21,2025-09-21T19:00:00Z,13,18,FINAL,0,5,Bridgestone Arena
2025010005,20252026,1,2025-09-21,2025-09-21T23:00:00Z,13,18,FINAL,3,5,Bridgestone Arena
2025010006,20252026,1,2025-09-21,2025-09-21T21:00:00Z,30,52,FINAL,3,2,Canada Life Centre
2025010007,20252026,1,2025-09-21,2025-09-21T17:00:00Z,3,1,FINAL,5,3,Prudential Center
2025010008,20252026,1,2025-09-21,2025-09-21T23:00:00Z,4,2,FINAL,3,2,UBS Arena
2025010009,20252026,1,2025-09-21,2025-09-21T21:00:00Z,19,29,FINAL,1,4,Nationwide Arena
2025010010,20252026,1,2025-09-21,2025-09-21T19:00:00Z,10,9,FINAL,4,3,Canadian Tire Centre
2025010011,20252026,1,2025-09-21,2025-09-22T00:00:00Z,23,55,FINAL,3,5,Climate Pledge Arena
2025010012,20252026,1,2025-09-21,2025-09-22T00:00:00Z,54,28,FINAL,0,3,SAP Center at San Jose
2025010013,20252026,1,2025-09-21,2025-09-21T21:00:00Z,15,6,FINAL,5,2,TD Garden
2025010103,20252026,1,2025-09-21,2025-09-21T23:00:00Z,21,68,FINAL,5,1,Magness Arena
2025010104,20252026,1,2025-09-21,2025-09-22T01:30:00Z,68,21,FINAL,2,3,Ball Arena
2025010014,20252026,1,2025-09-22,2025-09-22T23:00:00Z,7,29,FINAL,4,0,Nationwide Arena
2025010015,20252026,1,2025-09-22,2025-09-22T23:00:00Z,5,8,FINAL,1,2,Centre Bell
2025010016,20252026,1,2025-09-22,2025-09-22T23:00:00Z,14,12,FINAL,2,1,Lenovo Center
2025010017,20252026,1,2025-09-22,2025-09-23T02:00:00Z,68,24,FINAL,1,6,Honda Center
2025010018,20252026,1,2025-09-23,2025-09-23T23:00:00Z,6,3,FINAL,5,4,Madison Square Garden
2025010019,20252026,1,2025-09-23,2025-09-23T23:00:00Z,16,17,FINAL,2,3,Little Caesars Arena
2025010020,20252026,1,2025-09-23,2025-09-23T23:00:00Z,29,7,FINAL,1,2,KeyBank Center
2025010021,20252026,1,2025-09-23,2025-09-24T00:00:00Z,30,25,FINAL,2,3,American Airlines Center
2025010022,20252026,1,2025-09-23,2025-09-24T00:00:00Z,22,52,FINAL,3,2,Canada Life Centre
2025010023,20252026,1,2025-09-23,2025-09-24T02:00:00Z,26,54,FINAL,3,1,T-Mobile Arena
2025010024,20252026,1,2025-09-23,2025-09-23T23:00:00Z,2,1,FINAL,2,6,Prudential Center
2025010025,20252026,1,2025-09-23,2025-09-23T23:00:00Z,9,10,FINAL,3,2,Scotiabank Arena
2025010026,20252026,1,2025-09-23,2025-09-23T23:00:00Z,4,8,FINAL,2,4,Centre Bell
2025010027,20252026,1,2025-09-23,2025-09-24T01:00:00Z,55,20,FINAL,1,4,Scotiabank Saddledome
2025010028,20252026,1,2025-09-23,2025-09-24T00:00:00Z,14,18,FINAL,3,2,Bridgestone Arena
2025010029,20252026,1,2025-09-24,2025-09-25T02:00:00Z,20,23,FINAL,1,3,Abbotsford Entertainment Centre
2025010030,20252026,1,2025-09-24,2025-09-24T22:00:00Z,13,12,FINAL,4,2,Lenovo Center
2025010031,20252026,1,2025-09-24,2025-09-25T02:00:00Z,26,24,FINAL,3,0,Honda Center
2025010032,20252026,1,2025-09-24,2025-09-24T23:00:00Z,5,29,FINAL,1,4,Nationwide Arena
2025010033,20252026,1,2025-09-24,2025-09-25T01:00:00Z,55,22,FINAL,4,1,Rogers Place
2025010034,20252026,1,2025-09-25,2025-09-25T23:00:00Z,7,17,FINAL,2,5,Little Caesars Arena
2025010035,20252026,1,2025-09-25,2025-09-25T23:00:00Z,2,3,FINAL,5,4,Madison Square Garden
2025010036,20252026,1,2025-09-25,2025-09-25T23:00:00Z,4,15,FINAL,1,5,Giant Center
2025010037,20252026,1,2025-09-25,2025-09-25T23:00:00Z,10,8,FINAL,7,2,Centre Bell
2025010038,20252026,1,2025-09-25,2025-09-26T00:00:00Z,25,30,FINAL,5,2,Grand Casino Arena
2025010039,20252026,1,2025-09-25,2025-09-26T02:00:00Z,68,54,FINAL,2,3,T-Mobile Arena
2025010040,20252026,1,2025-09-26,2025-09-26T23:00:00Z,12,14,FINAL,5,6,Benchmark International Arena
2025010041,20252026,1,2025-09-26,2025-09-26T23:00:00Z,17,5,FINAL,2,3,PPG Paints Arena
2025010042,20252026,1,2025-09-26,2025-09-26T23:00:00Z,1,2,FINAL,4,2,UBS Arena
2025010043,20252026,1,2025-09-26,2025-09-27T02:00:00Z,55,23,FINAL,2,4,Rogers Arena
2025010044,20252026,1,2025-09-26,2025-09-27T02:00:00Z,54,28,FINAL,2,1,SAP Center at San Jose
2025010045,20252026,1,2025-09-26,2025-09-27T01:00:00Z,52,22,FINAL,0,4,Rogers Place
2025010046,20252026,1,2025-09-27,2025-09-27T22:00:00Z,24,26,FINAL,5,3,Dignity Health Arena
2025010047,20252026,1,2025-09-27,2025-09-27T21:00:00Z,6,4,FINAL,4,3,Xfinity Mobile Arena
2025010048,20252026,1,2025-09-27,2025-09-27T23:00:00Z,16,19,FINAL,4,2,Enterprise Center
2025010049,20252026,1,2025-09-27,2025-09-28T00:00:00Z,20,52,FINAL,2,4,Canada Life Centre
2025010050,20252026,1,2025-09-27,2025-09-27T23:00:00Z,29,5,FINAL,1,4,PPG Paints Arena
2025010051,20252026,1,2025-09-27,2025-09-27T23:00:00Z,25,21,FINAL,1,4,Ball Arena
2025010052,20252026,1,2025-09-27,2025-09-27T19:00:00Z,17,7,FINAL,2,5,KeyBank Center
2025010053,20252026,1,2025-09-27,2025-09-27T23:00:00Z,8,10,FINAL,4,2,Scotiabank Arena
2025010054,20252026,1,2025-09-27,2025-09-27T23:00:00Z,18,14,FINAL,1,4,Benchmark International Arena
2025010055,20252026,1,2025-09-28,2025-09-28T23:00:00Z,18,12,FINAL,2,4,Lenovo Center
2025010056,20252026,1,2025-09-28,2025-09-28T19:00:00Z,1,9,FINAL,0,2,Centre Videotron
2025010057,20252026,1,2025-09-28,2025-09-28T22:00:00Z,16,30,FINAL,4,1,Grand Casino Arena
2025010058,20252026,1,2025-09-28,2025-09-29T00:00:00Z,23,22,FINAL,3,4,Rogers Place
2025010059,20252026,1,2025-09-28,2025-09-28T19:00:00Z,15,1,FINAL,3,2,Prudential Center
2025010060,20252026,1,2025-09-29,2025-09-30T02:00:00Z,20,55,FINAL,2,1,Climate Pledge Arena
2025010061,20252026,1,2025-09-29,2025-09-29T22:00:00Z,12,13,FINAL,3,4,Amerant Bank Arena
2025010062,20252026,1,2025-09-29,2025-09-29T23:00:00Z,3,2,FINAL,3,2,UBS Arena
2025010063,20252026,1,2025-09-29,2025-09-29T23:00:00Z,4,6,FINAL,3,2,TD Garden
2025010064,20252026,1,2025-09-29,2025-09-29T23:00:00Z,5,17,FINAL,2,1,Little Caesars Arena
2025010065,20252026,1,2025-09-29,2025-09-30T02:00:00Z,28,24,FINAL,2,3,Honda Center
2025010066,20252026,1,2025-09-30,2025-10-01T00:00:00Z,17,16,FINAL,3,1,United Center
2025010067,20252026,1,2025-09-30,2025-09-30T23:00:00Z,13,14,FINAL,2,3,Kia Center
2025010068,20252026,1,2025-09-30,2025-10-01T01:00:00Z,26,68,FINAL,3,2,Idaho Central Arena
2025010069,20252026,1,2025-09-30,2025-09-30T23:00:00Z,8,9,FINAL,5,0,Centre Videotron
2025010070,20252026,1,2025-09-30,2025-10-01T00:00:00Z,54,21,FINAL,2,4,Ball Arena
2025010071,20252026,1,2025-09-30,2025-09-30T23:00:00Z,15,29,FINAL,4,3,Nationwide Arena
2025010072,20252026,1,2025-09-30,2025-10-01T00:00:00Z,52,30,FINAL,2,3,Grand Casino Arena
2025010102,20252026,1,2025-09-30,2025-10-01T00:00:00Z,25,19,FINAL,5,3,Enterprise Center
2025010073,20252026,1,2025-10-01,2025-10-02T02:00:00Z,24,28,FINAL,5,2,SAP Center at San Jose
2025010074,20252026,1,2025-10-01,2025-10-02T01:00:00Z,21,54,FINAL,1,2,T-Mobile Arena
2025010075,20252026,1,2025-10-01,2025-10-02T02:00:00Z,22,55,FINAL,2,4,Climate Pledge Arena
2025010076,20252026,1,2025-10-01,2025-10-01T23:00:00Z,5,7,FINAL,5,3,KeyBank Center
2025010077,20252026,1,2025-10-01,2025-10-02T01:00:00Z,23,20,FINAL,8,1,Scotiabank Saddledome
2025010078,20252026,1,2025-10-02,2025-10-02T23:00:00Z,6,15,FINAL,3,1,Capital One Arena
2025010079,20252026,1,2025-10-02,2025-10-02T23:00:00Z,17,10,FINAL,3,1,Scotiabank Arena
2025010080,20252026,1,2025-10-02,2025-10-02T23:00:00Z,13,14,FINAL,2,5,Benchmark International Arena
2025010081,20252026,1,2025-10-02,2025-10-03T01:00:00Z,26,68,FINAL,1,2,Delta Center
2025010082,20252026,1,2025-10-02,2025-10-02T23:00:00Z,1,3,FINAL,3,1,Madison Square Garden
2025010083,20252026,1,2025-10-02,2025-10-02T23:00:00Z,2,4,FINAL,4,3,Xfinity Mobile Arena
2025010084,20252026,1,2025-10-02,2025-10-03T00:00:00Z,9,19,FINAL,1,7,Enterprise Center
2025010085,20252026,1,2025-10-03,2025-10-03T23:00:00Z,7,5,FINAL,4,5,PPG Paints Arena
2025010086,20252026,1,2025-10-03,2025-10-04T00:00:00Z,30,16,FINAL,3,2,United Center
2025010087,20252026,1,2025-10-03,2025-10-04T02:00:00Z,22,23,FINAL,2,3,Rogers Arena
2025010088,20252026,1,2025-10-03,2025-10-04T02:00:00Z,28,54,FINAL,4,1,T-Mobile Arena
2025010089,20252026,1,2025-10-03,2025-10-04T01:00:00Z,52,20,FINAL,5,4,Scotiabank Saddledome
2025010090,20252026,1,2025-10-04,2025-10-04T20:00:00Z,24,26,FINAL,4,5,Crypto.com Arena
2025010091,20252026,1,2025-10-04,2025-10-04T20:00:00Z,12,18,FINAL,2,3,Bridgestone Arena
2025010092,20252026,1,2025-10-04,2025-10-04T22:00:00Z,21,25,FINAL,2,3,American Airlines Center
2025010093,20252026,1,2025-10-04,2025-10-04T23:00:00Z,29,15,FINAL,1,2,Capital One Arena
2025010094,20252026,1,2025-10-04,2025-10-04T16:30:00Z,1,4,FINAL,3,4,Xfinity Mobile Arena
2025010095,20252026,1,2025-10-04,2025-10-04T18:00:00Z,3,6,FINAL,1,4,TD Garden
2025010096,20252026,1,2025-10-04,2025-10-04T23:00:00Z,9,8,FINAL,3,1,Centre Bell
2025010097,20252026,1,2025-10-04,2025-10-04T23:00:00Z,19,16,FINAL,4,0,United Center
2025010098,20252026,1,2025-10-04,2025-10-05T00:00:00Z,28,68,FINAL,4,6,Delta Center
2025010099,20252026,1,2025-10-04,2025-10-04T23:00:00Z,14,13,FINAL,0,7,Amerant Bank Arena
2025010100,20252026,1,2025-10-04,2025-10-04T23:00:00Z,10,17,FINAL,5,6,Little Caesars Arena
2025020001,20252026,2,2025-10-07,2025-10-07T21:00:00Z,16,13,OFF,2,3,Amerant Bank Arena
2025020002,20252026,2,2025-10-07,2025-10-08T00:00:00Z,5,3,OFF,3,0,Madison Square Garden
2025020003,20252026,2,2025-10-07,2025-10-08T02:30:00Z,21,26,OFF,4,1,Crypto.com Arena
2025020004,20252026,2,2025-10-08,2025-10-08T23:00:00Z,8,10,OFF,2,5,Scotiabank Arena
2025020005,20252026,2,2025-10-08,2025-10-08T23:30:00Z,6,15,OFF,3,1,Capital One Arena
2025020006,20252026,2,2025-10-08,2025-10-09T02:00:00Z,20,22,OFF,4,3,Rogers Place
2025020007,20252026,2,2025-10-08,2025-10-09T02:00:00Z,26,54,OFF,6,5,T-Mobile Arena
2025020008,20252026,2,2025-10-09,2025-10-09T23:00:00Z,16,6,OFF,3,4,TD Garden
2025020009,20252026,2,2025-10-09,2025-10-09T23:00:00Z,3,7,OFF,4,0,KeyBank Center
2025020010,20252026,2,2025-10-09,2025-10-09T23:00:00Z,8,17,OFF,5,1,Little Caesars Arena
2025020011,20252026,2,2025-10-09,2025-10-09T23:00:00Z,9,14,OFF,5,4,Benchmark International Arena
2025020012,20252026,2,2025-10-09,2025-10-09T23:00:00Z,4,13,OFF,1,2,Amerant Bank Arena
2025020013,20252026,2,2025-10-09,2025-10-09T23:00:00Z,2,5,OFF,3,4,PPG Paints Arena
2025020014,20252026,2,2025-10-09,2025-10-09T23:30:00Z,1,12,OFF,3,6,Lenovo Center
2025020015,20252026,2,2025-10-09,2025-10-10T00:00:00Z,30,19,OFF,5,0,Enterprise Center
2025020016,20252026,2,2025-10-09,2025-10-10T00:00:00Z,29,18,OFF,1,2,Bridgestone Arena
2025020017,20252026,2,2025-10-09,2025-10-10T00:00:00Z,25,52,OFF,5,4,Canada Life Centre
2025020018,20252026,2,2025-10-09,2025-10-10T01:00:00Z,68,21,OFF,1,2,Ball Arena
2025020019,20252026,2,2025-10-09,2025-10-10T02:00:00Z,20,23,OFF,1,5,Rogers Arena
2025020020,20252026,2,2025-10-09,2025-10-10T02:00:00Z,54,28,OFF,4,3,SAP Center at San Jose
2025020021,20252026,2,2025-10-09,2025-10-10T02:00:00Z,24,55,OFF,1,3,Climate Pledge Arena
2025020022,20252026,2,2025-10-11,2025-10-11T17:30:00Z,26,52,OFF,2,3,Canada Life Centre
2025020023,20252026,2,2025-10-11,2025-10-11T20:00:00Z,19,20,OFF,4,2,Scotiabank Saddledome
2025020024,20252026,2,2025-10-11,2025-10-11T23:00:00Z,7,6,OFF,1,3,TD Garden
2025020025,20252026,2,2025-10-11,2025-10-11T23:00:00Z,10,17,OFF,3,6,Little Caesars Arena
2025020026,20252026,2,2025-10-11,2025-10-11T23:00:00Z,1,14,OFF,5,3,Benchmark International Arena
2025020027,20252026,2,2025-10-11,2025-10-11T23:00:00Z,9,13,OFF,2,6,Amerant Bank Arena
2025020028,20252026,2,2025-10-11,2025-10-11T23:00:00Z,15,2,OFF,4,2,UBS Arena
2025020029,20252026,2,2025-10-11,2025-10-11T23:00:00Z,3,5,OFF,6,1,PPG Paints Arena
2025020030,20252026,2,2025-10-11,2025-10-11T23:00:00Z,4,12,OFF,3,4,Lenovo Center
2025020031,20252026,2,2025-10-11,2025-10-11T23:00:00Z,8,16,OFF,3,2,United Center
2025020032,20252026,2,2025-10-11,2025-10-12T00:00:00Z,68,18,OFF,3,2,Bridgestone Arena
2025020033,20252026,2,2025-10-11,2025-10-12T00:00:00Z,29,30,OFF,7,4,Grand Casino Arena
2025020034,20252026,2,2025-10-11,2025-10-12T01:00:00Z,25,21,OFF,5,4,Ball Arena
2025020035,20252026,2,2025-10-11,2025-10-12T02:00:00Z,23,22,OFF,1,3,Rogers Place
2025020036,20252026,2,2025-10-11,2025-10-12T02:00:00Z,24,28,OFF,7,6,SAP Center at San Jose
2025020037,20252026,2,2025-10-11,2025-10-12T02:00:00Z,54,55,OFF,1,2,Climate Pledge Arena
2025020038,20252026,2,2025-10-12,2025-10-12T23:00:00Z,15,3,OFF,1,0,Madison Square Garden
2025020039,20252026,2,2025-10-13,2025-10-13T16:30:00Z,21,7,OFF,3,1,KeyBank Center
2025020040,20252026,2,2025-10-13,2025-10-13T17:00:00Z,14,6,OFF,4,3,TD Garden
2025020041,20252026,2,2025-10-13,2025-10-13T17:00:00Z,18,9,OFF,4,1,Canadian Tire Centre
2025020042,20252026,2,2025-10-13,2025-10-13T17:00:00Z,52,2,OFF,5,2,UBS Arena
2025020043,20252026,2,2025-10-13,2025-10-13T18:00:00Z,17,10,OFF,3,2,Scotiabank Arena
2025020044,20252026,2,2025-10-13,2025-10-13T23:00:00Z,13,4,OFF,2,5,Xfinity Mobile Arena
2025020045,20252026,2,2025-10-13,2025-10-13T23:00:00Z,1,29,OFF,3,2,Nationwide Arena
2025020046,20252026,2,2025-10-13,2025-10-13T23:30:00Z,19,23,OFF,5,2,Rogers Arena
2025020047,20252026,2,2025-10-13,2025-10-14T00:00:00Z,26,30,OFF,3,4,Grand Casino Arena
2025020048,20252026,2,2025-10-13,2025-10-14T00:30:00Z,68,16,OFF,1,3,United Center
2025020049,20252026,2,2025-10-14,2025-10-14T23:00:00Z,18,10,OFF,4,7,Scotiabank Arena
2025020050,20252026,2,2025-10-14,2025-10-14T23:00:00Z,55,8,OFF,4,5,Centre Bell
2025020051,20252026,2,2025-10-14,2025-10-14T23:00:00Z,22,3,OFF,2,0,Madison Square Garden
2025020052,20252026,2,2025-10-14,2025-10-14T23:00:00Z,14,15,OFF,2,3,Capital One Arena
2025020053,20252026,2,2025-10-14,2025-10-15T01:00:00Z,54,20,OFF,4,2,Scotiabank Saddledome
2025020054,20252026,2,2025-10-14,2025-10-15T01:30:00Z,30,25,OFF,2,5,American Airlines Center
2025020055,20252026,2,2025-10-14,2025-10-15T02:00:00Z,12,28,OFF,5,1,SAP Center at San Jose
2025020056,20252026,2,2025-10-14,2025-10-15T02:30:00Z,5,24,OFF,3,4,Honda Center
2025020057,20252026,2,2025-10-15,2025-10-15T23:00:00Z,9,7,OFF,4,8,KeyBank Center
2025020058,20252026,2,2025-10-15,2025-10-15T23:00:00Z,13,17,OFF,1,4,Little Caesars Arena
2025020059,20252026,2,2025-10-15,2025-10-16T01:30:00Z,16,19,OFF,8,3,Enterprise Center
2025020060,20252026,2,2025-10-15,2025-10-16T01:30:00Z,20,68,OFF,1,3,Delta Center
2025020061,20252026,2,2025-10-16,2025-10-16T23:00:00Z,3,10,OFF,1,2,Scotiabank Arena
2025020062,20252026,2,2025-10-16,2025-10-16T23:00:00Z,18,8,OFF,2,3,Centre Bell
2025020063,20252026,2,2025-10-16,2025-10-16T23:00:00Z,55,9,OFF,3,4,Canadian Tire Centre
2025020064,20252026,2,2025-10-16,2025-10-16T23:00:00Z,13,1,OFF,1,3,Prudential Center
2025020065,20252026,2,2025-10-16,2025-10-16T23:30:00Z,22,2,OFF,2,4,UBS Arena
2025020066,20252026,2,2025-10-16,2025-10-16T23:00:00Z,52,4,OFF,5,2,Xfinity Mobile Arena
2025020067,20252026,2,2025-10-16,2025-10-16T23:00:00Z,21,29,OFF,4,1,Nationwide Arena
2025020068,20252026,2,2025-10-16,2025-10-17T00:00:00Z,23,25,OFF,5,3,American Airlines Center
2025020069,20252026,2,2025-10-16,2025-10-17T02:00:00Z,6,54,OFF,5,6,T-Mobile Arena
2025020070,20252026,2,2025-10-16,2025-10-17T02:00:00Z,12,24,OFF,4,1,Honda Center
2025020071,20252026,2,2025-10-16,2025-10-17T02:00:00Z,5,26,OFF,4,2,Crypto.com Arena
2025020072,20252026,2,2025-10-17,2025-10-17T23:00:00Z,14,17,OFF,1,2,Little Caesars Arena
2025020073,20252026,2,2025-10-17,2025-10-17T23:00:00Z,30,15,OFF,1,5,Capital One Arena
2025020074,20252026,2,2025-10-17,2025-10-18T00:30:00Z,23,16,OFF,3,2,United Center
2025020075,20252026,2,2025-10-17,2025-10-18T01:00:00Z,28,68,OFF,3,6,Delta Center
2025020076,20252026,2,2025-10-18,2025-10-18T17:00:00Z,13,7,OFF,0,3,KeyBank Center
2025020077,20252026,2,2025-10-18,2025-10-18T19:00:00Z,2,9,OFF,5,4,Canadian Tire Centre
2025020078,20252026,2,2025-10-18,2025-10-18T19:30:00Z,22,1,OFF,3,5,Prudential Center
2025020079,20252026,2,2025-10-18,2025-10-18T23:00:00Z,55,10,OFF,4,3,Scotiabank Arena
2025020080,20252026,2,2025-10-18,2025-10-18T23:00:00Z,3,8,OFF,4,3,Centre Bell
2025020081,20252026,2,2025-10-18,2025-10-18T23:00:00Z,30,4,OFF,1,2,Xfinity Mobile Arena
2025020082,20252026,2,2025-10-18,2025-10-18T23:00:00Z,14,29,OFF,2,3,Nationwide Arena
2025020083,20252026,2,2025-10-18,2025-10-18T23:00:00Z,25,19,OFF,1,3,Enterprise Center
2025020084,20252026,2,2025-10-18,2025-10-18T23:00:00Z,18,52,OFF,1,4,Canada Life Centre
2025020085,20252026,2,2025-10-18,2025-10-19T01:00:00Z,6,21,OFF,1,4,Ball Arena
2025020086,20252026,2,2025-10-18,2025-10-19T01:00:00Z,12,26,OFF,4,3,Crypto.com Arena
2025020087,20252026,2,2025-10-18,2025-10-19T02:00:00Z,20,54,OFF,1,6,T-Mobile Arena
2025020088,20252026,2,2025-10-18,2025-10-19T02:00:00Z,5,28,OFF,3,0,SAP Center at San Jose
2025020089,20252026,2,2025-10-19,2025-10-19T16:30:00Z,23,15,OFF,4,3,Capital One Arena
2025020090,20252026,2,2025-10-19,2025-10-19T19:00:00Z,22,17,OFF,2,4,Little Caesars Arena
2025020091,20252026,2,2025-10-19,2025-10-19T23:00:00Z,24,16,OFF,1,2,United Center
2025020092,20252026,2,2025-10-19,2025-10-19T23:00:00Z,6,68,OFF,2,3,Delta Center
2025020093,20252026,2,2025-10-20,2025-10-20T23:00:00Z,30,3,OFF,3,1,Madison Square Garden
2025020094,20252026,2,2025-10-20,2025-10-20T23:00:00Z,55,4,OFF,2,5,Xfinity Mobile Arena
2025020095,20252026,2,2025-10-20,2025-10-20T23:30:00Z,7,8,OFF,2,4,Centre Bell
2025020096,20252026,2,2025-10-20,2025-10-21T01:30:00Z,52,20,OFF,2,1,Scotiabank Saddledome
2025020097,20252026,2,2025-10-20,2025-10-21T02:00:00Z,12,54,OFF,1,4,T-Mobile Arena
2025020098,20252026,2,2025-10-21,2025-10-21T23:00:00Z,1,10,OFF,5,2,Scotiabank Arena
2025020099,20252026,2,2025-10-21,2025-10-21T23:00:00Z,22,9,OFF,3,2,Canadian Tire Centre
2025020100,20252026,2,2025-10-21,2025-10-21T23:00:00Z,28,2,OFF,3,4,UBS Arena
2025020101,20252026,2,2025-10-21,2025-10-21T23:00:00Z,23,5,OFF,1,5,PPG Paints Arena
2025020102,20252026,2,2025-10-21,2025-10-21T23:00:00Z,55,15,OFF,1,4,Capital One Arena
2025020103,20252026,2,2025-10-21,2025-10-21T23:30:00Z,13,6,OFF,4,3,TD Garden
2025020104,20252026,2,2025-10-21,2025-10-22T00:00:00Z,26,19,OFF,2,1,Enterprise Center
2025020105,20252026,2,2025-10-21,2025-10-22T00:00:00Z,24,18,OFF,5,2,Bridgestone Arena
2025020106,20252026,2,2025-10-21,2025-10-22T00:00:00Z,29,25,OFF,5,1,American Airlines Center
2025020107,20252026,2,2025-10-21,2025-10-22T02:00:00Z,21,68,OFF,3,4,Delta Center
2025020108,20252026,2,2025-10-22,2025-10-22T23:00:00Z,30,1,OFF,1,4,Prudential Center
2025020109,20252026,2,2025-10-22,2025-10-22T23:30:00Z,17,7,OFF,2,4,KeyBank Center
2025020110,20252026,2,2025-10-22,2025-10-23T00:30:00Z,8,20,OFF,2,1,Scotiabank Saddledome
2025020111,20252026,2,2025-10-23,2025-10-23T23:00:00Z,24,6,OFF,7,5,TD Garden
2025020112,20252026,2,2025-10-23,2025-10-23T23:00:00Z,4,9,OFF,1,2,Canadian Tire Centre
2025020113,20252026,2,2025-10-23,2025-10-23T22:45:00Z,16,14,OFF,3,2,Benchmark International Arena
2025020114,20252026,2,2025-10-23,2025-10-23T23:00:00Z,5,13,OFF,5,3,Amerant Bank Arena
2025020115,20252026,2,2025-10-23,2025-10-23T23:00:00Z,17,2,OFF,2,7,UBS Arena
2025020116,20252026,2,2025-10-23,2025-10-23T23:00:00Z,28,3,OFF,6,5,Madison Square Garden
2025020117,20252026,2,2025-10-23,2025-10-24T00:00:00Z,68,19,OFF,7,4,Enterprise Center
2025020118,20252026,2,2025-10-23,2025-10-24T00:00:00Z,23,18,OFF,1,2,Bridgestone Arena
2025020119,20252026,2,2025-10-23,2025-10-24T01:00:00Z,26,25,OFF,3,2,American Airlines Center
2025020120,20252026,2,2025-10-23,2025-10-24T00:00:00Z,55,52,OFF,3,0,Canada Life Centre
2025020121,20252026,2,2025-10-23,2025-10-24T01:00:00Z,12,21,OFF,5,4,Ball Arena
2025020122,20252026,2,2025-10-23,2025-10-24T01:00:00Z,8,22,OFF,5,6,Rogers Place
2025020123,20252026,2,2025-10-24,2025-10-24T23:00:00Z,10,7,OFF,3,5,KeyBank Center
2025020124,20252026,2,2025-10-24,2025-10-24T23:00:00Z,28,1,OFF,1,3,Prudential Center
2025020125,20252026,2,2025-10-24,2025-10-24T23:00:00Z,15,29,OFF,5,1,Nationwide Arena
2025020126,20252026,2,2025-10-24,2025-10-25T00:00:00Z,20,52,OFF,3,5,Canada Life Centre
2025020127,20252026,2,2025-10-25,2025-10-25T16:30:00Z,2,4,OFF,3,4,Xfinity Mobile Arena
2025020128,20252026,2,2025-10-25,2025-10-25T19:00:00Z,21,6,OFF,2,3,TD Garden
2025020129,20252026,2,2025-10-25,2025-10-25T21:00:00Z,24,14,OFF,3,4,Benchmark International Arena
2025020130,20252026,2,2025-10-25,2025-10-25T22:00:00Z,54,13,OFF,0,3,Amerant Bank Arena
2025020131,20252026,2,2025-10-25,2025-10-25T22:00:00Z,68,30,OFF,6,2,Grand Casino Arena
2025020132,20252026,2,2025-10-25,2025-10-25T21:00:00Z,7,10,OFF,3,4,Scotiabank Arena
2025020133,20252026,2,2025-10-25,2025-10-25T23:00:00Z,19,17,OFF,4,6,Little Caesars Arena
2025020134,20252026,2,2025-10-25,2025-10-25T23:00:00Z,29,5,OFF,5,4,PPG Paints Arena
2025020135,20252026,2,2025-10-25,2025-10-25T23:00:00Z,9,15,OFF,7,1,Capital One Arena
2025020136,20252026,2,2025-10-25,2025-10-25T23:00:00Z,8,23,OFF,4,3,Rogers Arena
2025020137,20252026,2,2025-10-25,2025-10-26T00:00:00Z,26,18,OFF,4,5,Bridgestone Arena
2025020138,20252026,2,2025-10-25,2025-10-26T00:00:00Z,12,25,OFF,2,3,American Airlines Center
2025020139,20252026,2,2025-10-25,2025-10-26T02:00:00Z,22,55,OFF,2,3,Climate Pledge Arena
2025020140,20252026,2,2025-10-26,2025-10-26T17:00:00Z,21,1,OFF,3,4,Prudential Center
2025020141,20252026,2,2025-10-26,2025-10-26T21:00:00Z,54,14,OFF,1,2,Benchmark International Arena
2025020142,20252026,2,2025-10-26,2025-10-26T22:00:00Z,28,30,OFF,6,5,Grand Casino Arena
2025020143,20252026,2,2025-10-26,2025-10-26T22:00:00Z,68,52,OFF,3,2,Canada Life Centre
2025020144,20252026,2,2025-10-26,2025-10-26T23:00:00Z,26,16,OFF,3,1,United Center
2025020145,20252026,2,2025-10-26,2025-10-26T23:00:00Z,25,18,OFF,3,2,Bridgestone Arena
2025020146,20252026,2,2025-10-26,2025-10-27T00:00:00Z,3,20,OFF,1,5,Scotiabank Saddledome
2025020147,20252026,2,2025-10-26,2025-10-27T02:00:00Z,22,23,OFF,3,4,Rogers Arena
2025020148,20252026,2,2025-10-27,2025-10-27T23:00:00Z,19,5,OFF,3,6,PPG Paints Arena
2025020149,20252026,2,2025-10-27,2025-10-27T23:30:00Z,6,9,OFF,2,7,Canadian Tire Centre
2025020150,20252026,2,2025-10-28,2025-10-28T22:00:00Z,5,4,OFF,2,3,Xfinity Mobile Arena
2025020151,20252026,2,2025-10-28,2025-10-28T22:00:00Z,20,10,OFF,3,4,Scotiabank Arena
2025020152,20252026,2,2025-10-28,2025-10-28T22:45:00Z,29,7,OFF,4,3,KeyBank Center
2025020153,20252026,2,2025-10-28,2025-10-28T23:00:00Z,24,13,OFF,3,2,Amerant Bank Arena
2025020154,20252026,2,2025-10-28,2025-10-28T23:15:00Z,2,6,OFF,2,5,TD Garden
2025020155,20252026,2,2025-10-28,2025-10-28T22:30:00Z,54,12,OFF,6,3,Lenovo Center
2025020156,20252026,2,2025-10-28,2025-10-28T23:45:00Z,14,18,OFF,5,2,Bridgestone Arena
2025020157,20252026,2,2025-10-28,2025-10-29T00:00:00Z,52,30,OFF,4,3,Grand Casino Arena
2025020158,20252026,2,2025-10-28,2025-10-29T00:15:00Z,17,19,OFF,5,2,Enterprise Center
2025020159,20252026,2,2025-10-28,2025-10-29T00:30:00Z,15,25,OFF,0,1,American Airlines Center
2025020160,20252026,2,2025-10-28,2025-10-29T00:45:00Z,9,16,OFF,3,7,United Center
2025020161,20252026,2,2025-10-28,2025-10-29T01:00:00Z,1,21,OFF,4,8,Ball Arena
2025020162,20252026,2,2025-10-28,2025-10-29T01:30:00Z,68,22,OFF,3,6,Rogers Place
2025020163,20252026,2,2025-10-28,2025-10-29T02:00:00Z,3,23,OFF,2,0,Rogers Arena
2025020164,20252026,2,2025-10-28,2025-10-29T02:30:00Z,8,55,OFF,4,3,Climate Pledge Arena
2025020165,20252026,2,2025-10-28,2025-10-29T03:00:00Z,26,28,OFF,4,3,SAP Center at San Jose
2025020166,20252026,2,2025-10-29,2025-10-29T23:30:00Z,10,29,OFF,3,6,Nationwide Arena
2025020167,20252026,2,2025-10-30,2025-10-30T23:00:00Z,7,6,OFF,3,4,TD Garden
2025020168,20252026,2,2025-10-30,2025-10-30T23:00:00Z,20,9,OFF,3,4,Canadian Tire Centre
2025020169,20252026,2,2025-10-30,2025-10-30T23:00:00Z,25,14,OFF,1,2,Benchmark International Arena
2025020170,20252026,2,2025-10-30,2025-10-30T23:00:00Z,18,4,OFF,1,4,Xfinity Mobile Arena
2025020171,20252026,2,2025-10-30,2025-10-30T23:30:00Z,2,12,OFF,2,6,Lenovo Center
2025020172,20252026,2,2025-10-30,2025-10-31T00:00:00Z,23,19,OFF,4,3,Enterprise Center
2025020173,20252026,2,2025-10-30,2025-10-31T00:00:00Z,5,30,OFF,4,1,Grand Casino Arena
2025020174,20252026,2,2025-10-30,2025-10-31T00:00:00Z,16,52,OFF,3,6,Canada Life Centre
2025020175,20252026,2,2025-10-30,2025-10-31T01:00:00Z,3,22,OFF,4,3,Rogers Place
2025020176,20252026,2,2025-10-30,2025-10-31T02:00:00Z,1,28,OFF,2,5,SAP Center at San Jose
2025020177,20252026,2,2025-10-30,2025-10-31T02:30:00Z,17,26,OFF,4,3,Crypto.com Arena
2025020178,20252026,2,2025-10-31,2025-10-31T20:00:00Z,21,54,OFF,4,2,T-Mobile Arena
2025020179,20252026,2,2025-10-31,2025-10-31T23:00:00Z,2,15,OFF,3,1,Capital One Arena
2025020180,20252026,2,2025-10-31,2025-11-01T02:00:00Z,17,24,OFF,2,5,Honda Center
2025020181,20252026,2,2025-11-01,2025-11-01T17:00:00Z,12,6,OFF,1,2,TD Garden
2025020182,20252026,2,2025-11-01,2025-11-01T19:00:00Z,5,52,OFF,2,5,Canada Life Centre
2025020183,20252026,2,2025-11-01,2025-11-01T19:30:00Z,20,18,OFF,2,4,Bridgestone Arena
2025020184,20252026,2,2025-11-01,2025-11-01T20:00:00Z,21,28,OFF,2,3,SAP Center at San Jose
2025020185,20252026,2,2025-11-01,2025-11-01T22:00:00Z,25,13,OFF,3,4,Amerant Bank Arena
2025020186,20252026,2,2025-11-01,2025-11-01T23:00:00Z,15,7,OFF,3,4,KeyBank Center
2025020187,20252026,2,2025-11-01,2025-11-01T23:00:00Z,9,8,OFF,3,4,Centre Bell
2025020188,20252026,2,2025-11-01,2025-11-01T23:00:00Z,10,4,OFF,5,2,Xfinity Mobile Arena
2025020189,20252026,2,2025-11-01,2025-11-01T23:00:00Z,19,29,OFF,2,3,Nationwide Arena
2025020190,20252026,2,2025-11-01,2025-11-01T23:00:00Z,23,30,OFF,2,5,Grand Casino Arena
2025020191,20252026,2,2025-11-01,2025-11-02T01:00:00Z,1,26,OFF,4,1,Crypto.com Arena
2025020192,20252026,2,2025-11-01,2025-11-02T02:00:00Z,16,22,OFF,2,3,Rogers Place
2025020193,20252026,2,2025-11-01,2025-11-02T02:00:00Z,3,55,OFF,3,2,Climate Pledge Arena
2025020194,20252026,2,2025-11-02,2025-11-02T20:30:00Z,14,68,OFF,4,2,Delta Center
2025020195,20252026,2,2025-11-02,2025-11-02T22:00:00Z,29,2,OFF,2,3,UBS Arena
2025020196,20252026,2,2025-11-02,2025-11-03T00:00:00Z,20,4,OFF,2,1,Xfinity Mobile Arena
2025020197,20252026,2,2025-11-02,2025-11-03T01:00:00Z,1,24,OFF,1,4,Honda Center
2025020198,20252026,2,2025-11-02,2025-11-03T01:00:00Z,17,28,OFF,3,2,SAP Center at San Jose
2025020199,20252026,2,2025-11-03,2025-11-04T00:30:00Z,5,10,OFF,3,4,Scotiabank Arena
2025020200,20252026,2,2025-11-03,2025-11-04T01:30:00Z,22,19,OFF,2,3,Enterprise Center
2025020201,20252026,2,2025-11-03,2025-11-04T01:30:00Z,23,18,OFF,5,4,Bridgestone Arena
2025020202,20252026,2,2025-11-03,2025-11-04T03:00:00Z,16,55,OFF,1,3,Climate Pledge Arena
2025020203,20252026,2,2025-11-04,2025-11-05T00:00:00Z,68,7,OFF,2,1,KeyBank Center
2025020204,20252026,2,2025-11-04,2025-11-05T00:00:00Z,4,8,OFF,5,4,Centre Bell
2025020205,20252026,2,2025-11-04,2025-11-05T00:00:00Z,6,2,OFF,4,3,UBS Arena
2025020206,20252026,2,2025-11-04,2025-11-05T00:00:00Z,12,3,OFF,3,0,Madison Square Garden
2025020207,20252026,2,2025-11-04,2025-11-05T01:00:00Z,22,25,OFF,3,4,American Airlines Center
2025020208,20252026,2,2025-11-04,2025-11-05T01:00:00Z,18,30,OFF,2,3,Grand Casino Arena
2025020209,20252026,2,2025-11-04,2025-11-05T02:30:00Z,14,21,OFF,2,3,Ball Arena
2025020210,20252026,2,2025-11-04,2025-11-05T03:00:00Z,17,54,OFF,0,1,T-Mobile Arena
2025020211,20252026,2,2025-11-04,2025-11-05T03:00:00Z,13,24,OFF,3,7,Honda Center
2025020212,20252026,2,2025-11-04,2025-11-05T03:30:00Z,52,26,OFF,0,3,Crypto.com Arena
2025020213,20252026,2,2025-11-05,2025-11-06T00:00:00Z,68,10,OFF,3,5,Scotiabank Arena
2025020214,20252026,2,2025-11-05,2025-11-06T00:30:00Z,19,15,OFF,1,6,Capital One Arena
2025020215,20252026,2,2025-11-05,2025-11-06T02:30:00Z,29,20,OFF,1,5,Scotiabank Saddledome
2025020216,20252026,2,2025-11-05,2025-11-06T03:00:00Z,16,23,OFF,5,2,Rogers Arena
2025020217,20252026,2,2025-11-05,2025-11-06T03:00:00Z,28,55,OFF,6,1,Climate Pledge Arena
2025020218,20252026,2,2025-11-06,2025-11-07T00:00:00Z,9,6,OFF,2,3,TD Garden
2025020219,20252026,2,2025-11-06,2025-11-07T00:00:00Z,19,7,OFF,3,0,KeyBank Center
2025020220,20252026,2,2025-11-06,2025-11-07T00:00:00Z,8,1,OFF,3,4,Prudential Center
2025020221,20252026,2,2025-11-06,2025-11-07T00:30:00Z,15,5,OFF,3,5,PPG Paints Arena
2025020222,20252026,2,2025-11-06,2025-11-07T00:00:00Z,30,12,OFF,3,4,Lenovo Center
2025020223,20252026,2,2025-11-06,2025-11-07T01:00:00Z,4,18,OFF,3,1,Bridgestone Arena
2025020224,20252026,2,2025-11-06,2025-11-07T01:00:00Z,24,25,OFF,7,5,American Airlines Center
2025020225,20252026,2,2025-11-06,2025-11-07T03:00:00Z,14,54,OFF,6,3,T-Mobile Arena
2025020226,20252026,2,2025-11-06,2025-11-07T03:00:00Z,13,26,OFF,5,2,Crypto.com Arena
2025020227,20252026,2,2025-11-07,2025-11-08T00:00:00Z,3,17,OFF,4,1,Little Caesars Arena
2025020228,20252026,2,2025-11-07,2025-11-08T00:00:00Z,30,2,OFF,5,2,UBS Arena
2025020229,20252026,2,2025-11-07,2025-11-08T02:00:00Z,16,20,OFF,4,0,Scotiabank Saddledome
2025020230,20252026,2,2025-11-07,2025-11-08T03:00:00Z,52,28,OFF,1,2,SAP Center at San Jose
2025020231,20252026,2,2025-11-08,2025-11-08T17:30:00Z,5,1,OFF,1,2,Prudential Center
2025020232,20252026,2,2025-11-08,2025-11-08T18:00:00Z,9,4,OFF,3,2,Xfinity Mobile Arena
2025020233,20252026,2,2025-11-08,2025-11-08T20:30:00Z,25,18,OFF,5,4,Bridgestone Arena
2025020234,20252026,2,2025-11-08,2025-11-09T00:00:00Z,6,10,OFF,5,3,Scotiabank Arena
2025020235,20252026,2,2025-11-08,2025-11-09T00:00:00Z,68,8,OFF,2,6,Centre Bell
2025020236,20252026,2,2025-11-08,2025-11-09T00:00:00Z,15,14,OFF,2,3,Benchmark International Arena
2025020237,20252026,2,2025-11-08,2025-11-09T00:00:00Z,2,3,OFF,5,0,Madison Square Garden
2025020238,20252026,2,2025-11-08,2025-11-09T00:00:00Z,7,12,OFF,3,6,Lenovo Center
2025020239,20252026,2,2025-11-08,2025-11-09T00:00:00Z,55,19,OFF,4,3,Enterprise Center
2025020240,20252026,2,2025-11-08,2025-11-09T03:00:00Z,21,22,OFF,9,1,Rogers Place
2025020241,20252026,2,2025-11-08,2025-11-09T03:00:00Z,29,23,OFF,3,4,Rogers Arena
2025020242,20252026,2,2025-11-08,2025-11-09T03:00:00Z,24,54,OFF,4,3,T-Mobile Arena
2025020243,20252026,2,2025-11-08,2025-11-09T03:00:00Z,13,28,OFF,1,3,SAP Center at San Jose
2025020244,20252026,2,2025-11-09,2025-11-09T18:00:00Z,16,17,OFF,5,1,Little Caesars Arena
2025020245,20252026,2,2025-11-09,2025-11-09T19:00:00Z,26,5,OFF,3,2,PPG Paints Arena
2025020246,20252026,2,2025-11-09,2025-11-10T00:00:00Z,12,10,OFF,5,4,Scotiabank Arena
2025020247,20252026,2,2025-11-09,2025-11-10T00:00:00Z,68,9,OFF,2,4,Canadian Tire Centre
2025020248,20252026,2,2025-11-09,2025-11-10T00:00:00Z,55,25,OFF,1,2,American Airlines Center
2025020249,20252026,2,2025-11-09,2025-11-10T01:00:00Z,20,30,OFF,0,2,Grand Casino Arena
2025020250,20252026,2,2025-11-09,2025-11-10T03:00:00Z,21,23,OFF,5,4,Rogers Arena
2025020251,20252026,2,2025-11-09,2025-11-10T03:00:00Z,52,24,OFF,1,4,Honda Center
2025020252,20252026,2,2025-11-10,2025-11-11T00:00:00Z,2,1,OFF,3,2,Prudential Center
2025020253,20252026,2,2025-11-10,2025-11-11T00:00:00Z,18,3,OFF,3,6,Madison Square Garden
2025020254,20252026,2,2025-11-10,2025-11-11T01:30:00Z,29,22,OFF,4,5,Rogers Place
2025020255,20252026,2,2025-11-10,2025-11-11T03:00:00Z,13,54,OFF,3,2,T-Mobile Arena
2025020256,20252026,2,2025-11-11,2025-11-12T00:00:00Z,10,6,OFF,3,5,TD Garden
2025020257,20252026,2,2025-11-11,2025-11-12T00:00:00Z,26,8,OFF,5,1,Centre Bell
2025020258,20252026,2,2025-11-11,2025-11-12T00:00:00Z,25,9,OFF,3,2,Canadian Tire Centre
2025020259,20252026,2,2025-11-11,2025-11-12T00:00:00Z,15,12,OFF,4,1,Lenovo Center
2025020260,20252026,2,2025-11-11,2025-11-12T01:00:00Z,20,19,OFF,2,3,Enterprise Center
2025020261,20252026,2,2025-11-11,2025-11-12T01:00:00Z,28,30,OFF,2,1,Grand Casino Arena
2025020262,20252026,2,2025-11-11,2025-11-12T02:30:00Z,24,21,OFF,1,4,Ball Arena
2025020263,20252026,2,2025-11-11,2025-11-12T03:00:00Z,52,23,OFF,5,3,Rogers Arena
2025020264,20252026,2,2025-11-11,2025-11-12T03:00:00Z,29,55,OFF,2,1,Climate Pledge Arena
2025020265,20252026,2,2025-11-12,2025-11-13T00:00:00Z,3,14,OFF,7,3,Benchmark International Arena
2025020266,20252026,2,2025-11-12,2025-11-13T00:30:00Z,22,4,OFF,2,1,Xfinity Mobile Arena
2025020267,20252026,2,2025-11-12,2025-11-13T02:00:00Z,7,68,OFF,2,5,Delta Center
2025020268,20252026,2,2025-11-12,2025-11-13T02:30:00Z,1,16,OFF,4,3,United Center
2025020269,20252026,2,2025-11-13,2025-11-14T00:00:00Z,26,10,OFF,4,3,Scotiabank Arena
2025020270,20252026,2,2025-11-13,2025-11-14T00:00:00Z,25,8,OFF,7,0,Centre Bell
2025020271,20252026,2,2025-11-13,2025-11-14T00:00:00Z,6,9,OFF,3,5,Canadian Tire Centre
2025020272,20252026,2,2025-11-13,2025-11-14T00:00:00Z,24,17,OFF,3,6,Little Caesars Arena
2025020273,20252026,2,2025-11-13,2025-11-14T00:00:00Z,15,13,OFF,3,6,Amerant Bank Arena
2025020274,20252026,2,2025-11-13,2025-11-14T00:30:00Z,22,29,OFF,4,5,Nationwide Arena
2025020275,20252026,2,2025-11-13,2025-11-14T02:00:00Z,7,21,OFF,3,6,Ball Arena
2025020276,20252026,2,2025-11-13,2025-11-14T02:00:00Z,28,20,OFF,0,2,Scotiabank Saddledome
2025020277,20252026,2,2025-11-13,2025-11-14T03:00:00Z,2,54,OFF,4,3,T-Mobile Arena
2025020278,20252026,2,2025-11-13,2025-11-14T03:00:00Z,52,55,OFF,3,5,Climate Pledge Arena
2025020279,20252026,2,2025-11-14,2025-11-15T00:00:00Z,23,12,OFF,3,4,Lenovo Center
2025020280,20252026,2,2025-11-14,2025-11-15T01:00:00Z,4,19,OFF,6,5,Enterprise Center
2025020281,20252026,2,2025-11-14,2025-11-14T19:00:00Z,5,18,OFF,1,2,Avicii Arena
2025020282,20252026,2,2025-11-14,2025-11-15T02:00:00Z,2,68,OFF,3,2,Delta Center
2025020283,20252026,2,2025-11-15,2025-11-15T22:00:00Z,14,13,OFF,3,1,Amerant Bank Arena
2025020284,20252026,2,2025-11-15,2025-11-15T23:00:00Z,24,30,OFF,0,2,Grand Casino Arena
2025020285,20252026,2,2025-11-15,2025-11-16T00:00:00Z,6,8,OFF,3,2,Centre Bell
2025020286,20252026,2,2025-11-15,2025-11-16T00:00:00Z,26,9,OFF,1,0,Canadian Tire Centre
2025020287,20252026,2,2025-11-15,2025-11-16T00:00:00Z,7,17,OFF,5,4,Little Caesars Arena
2025020288,20252026,2,2025-11-15,2025-11-16T00:00:00Z,1,15,OFF,3,2,Capital One Arena
2025020289,20252026,2,2025-11-15,2025-11-16T00:00:00Z,22,12,OFF,4,3,Lenovo Center
2025020290,20252026,2,2025-11-15,2025-11-16T00:00:00Z,3,29,OFF,2,1,Nationwide Arena
2025020291,20252026,2,2025-11-15,2025-11-16T00:00:00Z,10,16,OFF,2,3,United Center
2025020292,20252026,2,2025-11-15,2025-11-16T01:00:00Z,54,19,OFF,4,1,Enterprise Center
2025020293,20252026,2,2025-11-15,2025-11-16T01:00:00Z,4,25,OFF,1,5,American Airlines Center
2025020294,20252026,2,2025-11-15,2025-11-16T03:00:00Z,52,20,OFF,4,3,Scotiabank Saddledome
2025020295,20252026,2,2025-11-15,2025-11-16T03:00:00Z,28,55,OFF,1,4,Climate Pledge Arena
2025020296,20252026,2,2025-11-16,2025-11-16T14:00:00Z,18,5,OFF,0,4,Avicii Arena
2025020297,20252026,2,2025-11-16,2025-11-16T22:00:00Z,23,14,OFF,6,2,Benchmark International Arena
2025020298,20252026,2,2025-11-16,2025-11-16T23:00:00Z,54,30,OFF,2,3,Grand Casino Arena
2025020299,20252026,2,2025-11-16,2025-11-17T00:00:00Z,17,3,OFF,2,1,Madison Square Garden
2025020300,20252026,2,2025-11-16,2025-11-17T02:00:00Z,2,21,OFF,1,4,Ball Arena
2025020301,20252026,2,2025-11-17,2025-11-18T00:00:00Z,12,6,OFF,3,1,TD Garden
2025020302,20252026,2,2025-11-17,2025-11-18T00:00:00Z,22,7,OFF,1,5,KeyBank Center
2025020303,20252026,2,2025-11-17,2025-11-18T00:00:00Z,23,13,OFF,5,8,Amerant Bank Arena
2025020304,20252026,2,2025-11-17,2025-11-18T00:00:00Z,26,15,OFF,1,2,Capital One Arena
2025020305,20252026,2,2025-11-17,2025-11-18T00:30:00Z,8,29,OFF,3,4,Nationwide Arena
2025020306,20252026,2,2025-11-17,2025-11-18T03:00:00Z,68,24,OFF,2,3,Honda Center
2025020307,20252026,2,2025-11-18,2025-11-19T00:00:00Z,19,10,OFF,2,3,Scotiabank Arena
2025020308,20252026,2,2025-11-18,2025-11-19T00:00:00Z,55,17,OFF,2,4,Little Caesars Arena
2025020309,20252026,2,2025-11-18,2025-11-19T00:00:00Z,1,14,OFF,1,5,Benchmark International Arena
2025020310,20252026,2,2025-11-18,2025-11-19T01:00:00Z,2,25,OFF,3,2,American Airlines Center
2025020311,20252026,2,2025-11-18,2025-11-19T01:00:00Z,29,52,OFF,2,5,Canada Life Centre
2025020312,20252026,2,2025-11-18,2025-11-19T01:30:00Z,20,16,OFF,2,5,United Center
2025020313,20252026,2,2025-11-18,2025-11-19T03:00:00Z,3,54,OFF,2,3,T-Mobile Arena
2025020314,20252026,2,2025-11-18,2025-11-19T03:00:00Z,68,28,OFF,2,3,SAP Center at San Jose
2025020315,20252026,2,2025-11-19,2025-11-20T00:00:00Z,22,15,OFF,4,7,Capital One Arena
2025020316,20252026,2,2025-11-19,2025-11-20T00:30:00Z,20,7,OFF,6,2,KeyBank Center
2025020317,20252026,2,2025-11-19,2025-11-20T02:30:00Z,12,30,OFF,3,4,Grand Casino Arena
2025020318,20252026,2,2025-11-19,2025-11-20T03:00:00Z,6,24,OFF,3,4,Honda Center
2025020319,20252026,2,2025-11-20,2025-11-21T00:00:00Z,29,10,OFF,3,2,Scotiabank Arena
2025020320,20252026,2,2025-11-20,2025-11-21T00:00:00Z,15,8,OFF,8,4,Centre Bell
2025020321,20252026,2,2025-11-20,2025-11-21T00:00:00Z,2,17,OFF,5,0,Little Caesars Arena
2025020322,20252026,2,2025-11-20,2025-11-21T00:30:00Z,22,14,OFF,1,2,Benchmark International Arena
2025020323,20252026,2,2025-11-20,2025-11-21T00:00:00Z,1,13,OFF,0,1,Amerant Bank Arena
2025020324,20252026,2,2025-11-20,2025-11-21T00:00:00Z,19,4,OFF,2,3,Xfinity Mobile Arena
2025020325,20252026,2,2025-11-20,2025-11-21T01:00:00Z,55,16,OFF,3,2,United Center
2025020326,20252026,2,2025-11-20,2025-11-21T02:00:00Z,3,21,OFF,3,6,Ball Arena
2025020327,20252026,2,2025-11-20,2025-11-21T02:00:00Z,54,68,OFF,4,1,Delta Center
2025020328,20252026,2,2025-11-20,2025-11-21T03:00:00Z,25,23,OFF,4,2,Rogers Arena
2025020329,20252026,2,2025-11-20,2025-11-21T03:00:00Z,9,24,OFF,3,2,Honda Center
2025020330,20252026,2,2025-11-20,2025-11-21T03:00:00Z,26,28,OFF,3,4,SAP Center at San Jose
2025020331,20252026,2,2025-11-21,2025-11-22T00:00:00Z,16,7,OFF,3,9,KeyBank Center
2025020332,20252026,2,2025-11-21,2025-11-22T00:00:00Z,30,5,OFF,5,0,PPG Paints Arena
2025020333,20252026,2,2025-11-21,2025-11-22T01:00:00Z,12,52,OFF,4,3,Canada Life Centre
2025020334,20252026,2,2025-11-21,2025-11-22T03:30:00Z,6,26,OFF,2,1,Crypto.com Arena
2025020335,20252026,2,2025-11-22,2025-11-22T18:00:00Z,29,17,OFF,3,4,Little Caesars Arena
2025020336,20252026,2,2025-11-22,2025-11-22T20:30:00Z,19,2,OFF,2,1,UBS Arena
2025020337,20252026,2,2025-11-22,2025-11-23T00:00:00Z,10,8,OFF,2,5,Centre Bell
2025020338,20252026,2,2025-11-22,2025-11-23T00:00:00Z,22,13,OFF,6,3,Amerant Bank Arena
2025020339,20252026,2,2025-11-22,2025-11-23T00:00:00Z,1,4,OFF,3,6,Xfinity Mobile Arena
2025020340,20252026,2,2025-11-22,2025-11-23T00:00:00Z,55,5,OFF,3,2,PPG Paints Arena
2025020341,20252026,2,2025-11-22,2025-11-23T00:00:00Z,14,15,OFF,5,3,Capital One Arena
2025020342,20252026,2,2025-11-22,2025-11-23T00:00:00Z,9,28,OFF,3,2,SAP Center at San Jose
2025020343,20252026,2,2025-11-22,2025-11-23T01:00:00Z,21,18,OFF,3,0,Bridgestone Arena
2025020344,20252026,2,2025-11-22,2025-11-23T02:00:00Z,3,68,OFF,2,3,Delta Center
2025020345,20252026,2,2025-11-22,2025-11-23T03:00:00Z,25,20,OFF,2,3,Scotiabank Saddledome
2025020346,20252026,2,2025-11-22,2025-11-23T03:00:00Z,54,24,OFF,3,4,Honda Center
2025020347,20252026,2,2025-11-23,2025-11-23T18:00:00Z,12,7,OFF,1,4,KeyBank Center
2025020348,20252026,2,2025-11-23,2025-11-23T21:00:00Z,30,52,OFF,3,0,Canada Life Centre
2025020349,20252026,2,2025-11-23,2025-11-23T22:00:00Z,55,2,OFF,0,1,UBS Arena
2025020350,20252026,2,2025-11-23,2025-11-24T00:00:00Z,21,16,OFF,1,0,United Center
2025020351,20252026,2,2025-11-23,2025-11-24T01:00:00Z,6,28,OFF,1,3,SAP Center at San Jose
2025020352,20252026,2,2025-11-23,2025-11-24T02:00:00Z,20,23,OFF,5,2,Rogers Arena
2025020353,20252026,2,2025-11-24,2025-11-25T00:00:00Z,4,14,OFF,0,3,Benchmark International Arena
2025020354,20252026,2,2025-11-24,2025-11-25T00:00:00Z,17,1,OFF,3,4,Prudential Center
2025020355,20252026,2,2025-11-24,2025-11-25T00:00:00Z,19,3,OFF,2,3,Madison Square Garden
2025020356,20252026,2,2025-11-24,2025-11-25T00:00:00Z,29,15,OFF,1,5,Capital One Arena
2025020357,20252026,2,2025-11-24,2025-11-25T01:00:00Z,13,18,OFF,8,3,Bridgestone Arena
2025020358,20252026,2,2025-11-24,2025-11-25T02:00:00Z,54,68,OFF,1,5,Delta Center
2025020359,20252026,2,2025-11-24,2025-11-25T02:00:00Z,9,26,OFF,1,2,Crypto.com Arena
2025020360,20252026,2,2025-11-25,2025-11-26T02:00:00Z,25,22,OFF,8,3,Rogers Place
2025020361,20252026,2,2025-11-26,2025-11-27T00:00:00Z,18,17,OFF,6,3,Little Caesars Arena
2025020362,20252026,2,2025-11-26,2025-11-27T00:00:00Z,20,14,OFF,1,5,Benchmark International Arena
2025020363,20252026,2,2025-11-26,2025-11-27T00:00:00Z,4,13,OFF,4,2,Amerant Bank Arena
2025020364,20252026,2,2025-11-26,2025-11-27T00:00:00Z,19,1,OFF,2,3,Prudential Center
2025020365,20252026,2,2025-11-26,2025-11-27T00:00:00Z,6,2,OFF,3,1,UBS Arena
2025020366,20252026,2,2025-11-26,2025-11-27T00:00:00Z,7,5,OFF,2,4,PPG Paints Arena
2025020367,20252026,2,2025-11-26,2025-11-27T00:00:00Z,52,15,OFF,3,4,Capital One Arena
2025020368,20252026,2,2025-11-26,2025-11-27T00:00:00Z,3,12,OFF,4,2,Lenovo Center
2025020369,20252026,2,2025-11-26,2025-11-27T00:00:00Z,10,29,OFF,2,1,Nationwide Arena
2025020370,20252026,2,2025-11-26,2025-11-27T01:30:00Z,30,16,OFF,4,3,United Center
2025020371,20252026,2,2025-11-26,2025-11-27T02:00:00Z,28,21,OFF,0,6,Ball Arena
2025020372,20252026,2,2025-11-26,2025-11-27T02:30:00Z,8,68,OFF,4,3,Delta Center
2025020373,20252026,2,2025-11-26,2025-11-27T03:00:00Z,9,54,OFF,4,3,T-Mobile Arena
2025020374,20252026,2,2025-11-26,2025-11-27T03:00:00Z,23,24,OFF,5,4,Honda Center
2025020375,20252026,2,2025-11-26,2025-11-27T03:00:00Z,25,55,OFF,3,2,Climate Pledge Arena
2025020376,20252026,2,2025-11-28,2025-11-28T18:00:00Z,3,6,OFF,6,2,TD Garden
2025020377,20252026,2,2025-11-28,2025-11-28T17:00:00Z,14,17,OFF,6,3,Little Caesars Arena
2025020378,20252026,2,2025-11-28,2025-11-28T20:30:00Z,21,30,OFF,2,3,Grand Casino Arena
2025020379,20252026,2,2025-11-28,2025-11-28T21:00:00Z,1,7,OFF,5,0,KeyBank Center
2025020380,20252026,2,2025-11-28,2025-11-28T21:00:00Z,20,13,OFF,5,3,Amerant Bank Arena
2025020381,20252026,2,2025-11-28,2025-11-28T21:00:00Z,4,2,OFF,4,3,UBS Arena
2025020382,20252026,2,2025-11-28,2025-11-28T21:00:00Z,9,19,OFF,3,4,Enterprise Center
2025020383,20252026,2,2025-11-28,2025-11-28T21:00:00Z,8,54,OFF,4,1,T-Mobile Arena
2025020384,20252026,2,2025-11-28,2025-11-28T21:00:00Z,26,24,OFF,4,5,Honda Center
2025020385,20252026,2,2025-11-28,2025-11-28T21:00:00Z,23,28,OFF,2,3,SAP Center at San Jose
2025020386,20252026,2,2025-11-28,2025-11-28T22:00:00Z,10,15,OFF,2,4,Capital One Arena
2025020387,20252026,2,2025-11-28,2025-11-28T22:00:00Z,52,12,OFF,1,5,Lenovo Center
2025020388,20252026,2,2025-11-28,2025-11-29T00:00:00Z,5,29,OFF,4,3,Nationwide Arena
2025020389,20252026,2,2025-11-28,2025-11-29T01:00:00Z,18,16,OFF,4,3,United Center
2025020390,20252026,2,2025-11-28,2025-11-29T01:00:00Z,68,25,OFF,3,4,American Airlines Center
2025020391,20252026,2,2025-11-29,2025-11-29T19:00:00Z,14,3,OFF,4,1,Madison Square Garden
2025020392,20252026,2,2025-11-29,2025-11-29T20:00:00Z,8,21,OFF,2,7,Ball Arena
2025020393,20252026,2,2025-11-29,2025-11-29T21:00:00Z,22,55,OFF,4,0,Climate Pledge Arena
2025020394,20252026,2,2025-11-29,2025-11-30T00:00:00Z,17,6,OFF,2,3,TD Garden
2025020395,20252026,2,2025-11-29,2025-11-30T00:00:00Z,4,1,OFF,5,3,Prudential Center
2025020396,20252026,2,2025-11-29,2025-11-30T00:00:00Z,10,5,OFF,7,2,PPG Paints Arena
2025020397,20252026,2,2025-11-29,2025-11-30T00:00:00Z,52,18,OFF,5,2,Bridgestone Arena
2025020398,20252026,2,2025-11-29,2025-11-30T01:00:00Z,68,19,OFF,0,1,Enterprise Center
2025020399,20252026,2,2025-11-29,2025-11-30T01:00:00Z,7,30,OFF,3,2,Grand Casino Arena
2025020400,20252026,2,2025-11-29,2025-11-30T03:00:00Z,28,54,OFF,3,4,T-Mobile Arena
2025020401,20252026,2,2025-11-29,2025-11-30T03:00:00Z,23,26,OFF,1,2,Crypto.com Arena
2025020402,20252026,2,2025-11-30,2025-11-30T18:00:00Z,15,2,OFF,4,1,UBS Arena
2025020403,20252026,2,2025-11-30,2025-11-30T20:30:00Z,24,16,OFF,3,5,United Center
2025020404,20252026,2,2025-11-30,2025-11-30T22:00:00Z,20,12,OFF,0,1,Lenovo Center
2025020405,20252026,2,2025-11-30,2025-11-30T23:00:00Z,9,25,OFF,1,6,American Airlines Center
2025020406,20252026,2,2025-12-01,2025-12-02T00:00:00Z,29,1,OFF,5,3,Prudential Center
2025020407,20252026,2,2025-12-01,2025-12-02T00:00:00Z,5,4,OFF,5,1,Xfinity Mobile Arena
2025020408,20252026,2,2025-12-01,2025-12-02T00:30:00Z,52,7,OFF,1,5,KeyBank Center
2025020409,20252026,2,2025-12-01,2025-12-02T01:00:00Z,24,19,OFF,4,1,Enterprise Center
2025020410,20252026,2,2025-12-01,2025-12-02T03:00:00Z,68,28,OFF,3,6,SAP Center at San Jose
2025020411,20252026,2,2025-12-02,2025-12-03T00:00:00Z,9,8,OFF,5,2,Centre Bell
2025020412,20252026,2,2025-12-02,2025-12-03T00:00:00Z,6,17,OFF,4,5,Little Caesars Arena
2025020413,20252026,2,2025-12-02,2025-12-03T00:30:00Z,10,13,OFF,4,1,Amerant Bank Arena
2025020414,20252026,2,2025-12-02,2025-12-03T00:00:00Z,14,2,OFF,1,2,UBS Arena
2025020415,20252026,2,2025-12-02,2025-12-03T00:00:00Z,25,3,OFF,2,3,Madison Square Garden
2025020416,20252026,2,2025-12-02,2025-12-03T01:00:00Z,20,18,OFF,1,5,Bridgestone Arena
2025020417,20252026,2,2025-12-02,2025-12-03T02:00:00Z,23,21,OFF,1,3,Ball Arena
2025020418,20252026,2,2025-12-02,2025-12-03T02:00:00Z,30,22,OFF,1,0,Rogers Place
2025020419,20252026,2,2025-12-02,2025-12-03T03:00:00Z,16,54,OFF,3,4,T-Mobile Arena
2025020420,20252026,2,2025-12-02,2025-12-03T03:30:00Z,15,26,OFF,3,1,Crypto.com Arena
2025020421,20252026,2,2025-12-03,2025-12-04T00:00:00Z,25,1,OFF,3,0,Prudential Center
2025020422,20252026,2,2025-12-03,2025-12-04T00:30:00Z,52,8,OFF,2,3,Centre Bell
2025020423,20252026,2,2025-12-03,2025-12-04T00:30:00Z,7,4,OFF,2,5,Xfinity Mobile Arena
2025020424,20252026,2,2025-12-03,2025-12-04T03:00:00Z,68,24,OFF,7,0,Honda Center
2025020425,20252026,2,2025-12-03,2025-12-04T03:00:00Z,15,28,OFF,7,1,SAP Center at San Jose
2025020426,20252026,2,2025-12-04,2025-12-05T00:00:00Z,19,6,OFF,2,5,TD Garden
2025020427,20252026,2,2025-12-04,2025-12-05T00:00:00Z,3,9,OFF,4,2,Canadian Tire Centre
2025020428,20252026,2,2025-12-04,2025-12-05T00:00:00Z,5,14,OFF,4,3,Benchmark International Arena
2025020429,20252026,2,2025-12-04,2025-12-05T00:00:00Z,18,13,OFF,2,1,Amerant Bank Arena
2025020430,20252026,2,2025-12-04,2025-12-05T00:00:00Z,21,2,OFF,3,6,UBS Arena
2025020431,20252026,2,2025-12-04,2025-12-05T00:00:00Z,10,12,OFF,5,1,Lenovo Center
2025020432,20252026,2,2025-12-04,2025-12-05T00:30:00Z,17,29,OFF,5,6,Nationwide Arena
2025020433,20252026,2,2025-12-04,2025-12-05T02:00:00Z,30,20,OFF,1,4,Scotiabank Saddledome
2025020434,20252026,2,2025-12-04,2025-12-05T02:00:00Z,55,22,OFF,4,9,Rogers Place
2025020435,20252026,2,2025-12-04,2025-12-05T03:00:00Z,16,26,OFF,2,1,Crypto.com Arena
2025020436,20252026,2,2025-12-05,2025-12-06T00:00:00Z,54,1,OFF,3,0,Prudential Center
2025020437,20252026,2,2025-12-05,2025-12-06T00:00:00Z,7,52,OFF,1,4,Canada Life Centre
2025020438,20252026,2,2025-12-05,2025-12-06T01:00:00Z,28,25,OFF,1,4,American Airlines Center
2025020439,20252026,2,2025-12-05,2025-12-06T02:00:00Z,68,23,OFF,4,1,Rogers Arena
2025020440,20252026,2,2025-12-05,2025-12-06T03:00:00Z,15,24,OFF,3,4,Honda Center
2025020441,20252026,2,2025-12-06,2025-12-06T17:30:00Z,21,3,OFF,3,2,Madison Square Garden
2025020442,20252026,2,2025-12-06,2025-12-06T20:30:00Z,29,13,OFF,6,7,Amerant Bank Arena
2025020443,20252026,2,2025-12-06,2025-12-07T00:00:00Z,1,6,OFF,1,4,TD Garden
2025020444,20252026,2,2025-12-06,2025-12-07T00:00:00Z,8,10,OFF,2,1,Scotiabank Arena
2025020445,20252026,2,2025-12-06,2025-12-07T00:00:00Z,19,9,OFF,2,1,Canadian Tire Centre
2025020446,20252026,2,2025-12-06,2025-12-07T00:00:00Z,2,14,OFF,2,0,Benchmark International Arena
2025020447,20252026,2,2025-12-06,2025-12-07T00:00:00Z,18,12,OFF,3,6,Lenovo Center
2025020448,20252026,2,2025-12-06,2025-12-07T00:00:00Z,68,20,OFF,0,2,Scotiabank Saddledome
2025020449,20252026,2,2025-12-06,2025-12-07T02:00:00Z,16,26,OFF,0,6,Crypto.com Arena
2025020450,20252026,2,2025-12-06,2025-12-07T03:00:00Z,52,22,OFF,2,6,Rogers Place
2025020451,20252026,2,2025-12-06,2025-12-07T03:00:00Z,30,23,OFF,2,4,Rogers Arena
2025020452,20252026,2,2025-12-06,2025-12-07T03:00:00Z,17,55,OFF,4,3,Climate Pledge Arena
2025020453,20252026,2,2025-12-07,2025-12-07T18:00:00Z,21,4,OFF,3,2,Xfinity Mobile Arena
2025020454,20252026,2,2025-12-07,2025-12-07T22:00:00Z,2,13,OFF,1,4,Amerant Bank Arena
2025020455,20252026,2,2025-12-07,2025-12-07T22:00:00Z,28,12,OFF,4,1,Lenovo Center
2025020456,20252026,2,2025-12-07,2025-12-07T23:00:00Z,5,25,OFF,2,3,American Airlines Center
2025020457,20252026,2,2025-12-07,2025-12-08T00:00:00Z,19,8,OFF,4,3,Centre Bell
2025020458,20252026,2,2025-12-07,2025-12-08T00:00:00Z,54,3,OFF,3,2,Madison Square Garden
2025020459,20252026,2,2025-12-07,2025-12-08T00:00:00Z,29,15,OFF,0,2,Capital One Arena
2025020460,20252026,2,2025-12-07,2025-12-08T01:00:00Z,16,24,OFF,1,7,Honda Center
2025020461,20252026,2,2025-12-08,2025-12-09T00:30:00Z,14,10,OFF,0,2,Scotiabank Arena
2025020462,20252026,2,2025-12-08,2025-12-09T02:00:00Z,26,68,OFF,4,2,Delta Center
2025020463,20252026,2,2025-12-08,2025-12-09T02:00:00Z,7,20,OFF,4,7,Scotiabank Saddledome
2025020464,20252026,2,2025-12-08,2025-12-09T03:00:00Z,17,23,OFF,4,0,Rogers Arena
2025020465,20252026,2,2025-12-08,2025-12-09T03:00:00Z,30,55,OFF,4,1,Climate Pledge Arena
2025020466,20252026,2,2025-12-09,2025-12-10T00:00:00Z,14,8,OFF,6,1,Centre Bell
2025020467,20252026,2,2025-12-09,2025-12-10T00:00:00Z,1,9,OFF,4,3,Canadian Tire Centre
2025020468,20252026,2,2025-12-09,2025-12-10T00:00:00Z,54,2,OFF,4,5,UBS Arena
2025020469,20252026,2,2025-12-09,2025-12-10T00:00:00Z,28,4,OFF,1,4,Xfinity Mobile Arena
2025020470,20252026,2,2025-12-09,2025-12-10T00:00:00Z,24,5,OFF,4,3,PPG Paints Arena
2025020471,20252026,2,2025-12-09,2025-12-10T00:30:00Z,29,12,OFF,1,4,Lenovo Center
2025020472,20252026,2,2025-12-09,2025-12-10T01:00:00Z,6,19,OFF,5,2,Enterprise Center
2025020473,20252026,2,2025-12-09,2025-12-10T01:00:00Z,25,52,OFF,4,3,Canada Life Centre
2025020474,20252026,2,2025-12-09,2025-12-10T02:00:00Z,7,22,OFF,4,3,Rogers Place
2025020475,20252026,2,2025-12-09,2025-12-10T02:30:00Z,21,18,OFF,3,4,Bridgestone Arena
2025020476,20252026,2,2025-12-10,2025-12-11T00:30:00Z,3,16,OFF,0,3,United Center
2025020477,20252026,2,2025-12-10,2025-12-11T01:30:00Z,17,20,OFF,4,3,Scotiabank Saddledome
2025020478,20252026,2,2025-12-10,2025-12-11T02:00:00Z,13,68,OFF,4,3,Delta Center
2025020479,20252026,2,2025-12-10,2025-12-11T03:00:00Z,26,55,OFF,2,3,Climate Pledge Arena
2025020480,20252026,2,2025-12-11,2025-12-12T00:00:00Z,28,10,OFF,3,2,Scotiabank Arena
2025020481,20252026,2,2025-12-11,2025-12-12T00:00:00Z,14,1,OFF,8,4,Prudential Center
2025020482,20252026,2,2025-12-11,2025-12-12T00:00:00Z,24,2,OFF,2,5,UBS Arena
2025020483,20252026,2,2025-12-11,2025-12-12T00:00:00Z,54,4,OFF,3,2,Xfinity Mobile Arena
2025020484,20252026,2,2025-12-11,2025-12-12T00:00:00Z,8,5,OFF,4,2,PPG Paints Arena
2025020485,20252026,2,2025-12-11,2025-12-12T00:00:00Z,12,15,OFF,3,2,Capital One Arena
2025020486,20252026,2,2025-12-11,2025-12-12T00:00:00Z,9,29,OFF,6,3,Nationwide Arena
2025020487,20252026,2,2025-12-11,2025-12-12T01:00:00Z,19,18,OFF,2,7,Bridgestone Arena
2025020488,20252026,2,2025-12-11,2025-12-12T01:00:00Z,25,30,OFF,2,5,Grand Casino Arena
2025020489,20252026,2,2025-12-11,2025-12-12T01:00:00Z,6,52,OFF,6,3,Canada Life Centre
2025020490,20252026,2,2025-12-11,2025-12-12T02:30:00Z,13,21,OFF,2,6,Ball Arena
2025020491,20252026,2,2025-12-11,2025-12-12T02:00:00Z,17,22,OFF,1,4,Rogers Place
2025020492,20252026,2,2025-12-11,2025-12-12T03:00:00Z,7,23,OFF,3,2,Rogers Arena
2025020493,20252026,2,2025-12-12,2025-12-13T01:00:00Z,16,19,OFF,2,3,Enterprise Center
2025020494,20252026,2,2025-12-12,2025-12-13T02:00:00Z,55,68,OFF,3,5,Delta Center
2025020495,20252026,2,2025-12-13,2025-12-13T17:30:00Z,24,1,OFF,1,4,Prudential Center
2025020496,20252026,2,2025-12-13,2025-12-13T19:00:00Z,9,30,OFF,2,3,Grand Casino Arena
2025020497,20252026,2,2025-12-13,2025-12-13T20:00:00Z,28,5,OFF,6,5,PPG Paints Arena
2025020498,20252026,2,2025-12-13,2025-12-13T20:30:00Z,14,2,OFF,2,3,UBS Arena
2025020499,20252026,2,2025-12-13,2025-12-14T00:00:00Z,22,10,OFF,6,3,Scotiabank Arena
2025020500,20252026,2,2025-12-13,2025-12-14T00:00:00Z,8,3,OFF,4,5,Madison Square Garden
2025020501,20252026,2,2025-12-13,2025-12-14T00:00:00Z,12,4,OFF,4,3,Xfinity Mobile Arena
2025020502,20252026,2,2025-12-13,2025-12-14T00:00:00Z,54,29,OFF,3,2,Nationwide Arena
2025020503,20252026,2,2025-12-13,2025-12-14T00:00:00Z,15,52,OFF,1,5,Canada Life Centre
2025020504,20252026,2,2025-12-13,2025-12-14T01:00:00Z,17,16,OFF,4,0,United Center
2025020505,20252026,2,2025-12-13,2025-12-14T01:00:00Z,13,25,OFF,4,0,American Airlines Center
2025020506,20252026,2,2025-12-13,2025-12-14T02:00:00Z,18,21,OFF,2,4,Ball Arena
2025020507,20252026,2,2025-12-13,2025-12-14T03:00:00Z,20,26,OFF,2,1,Crypto.com Arena
2025020508,20252026,2,2025-12-14,2025-12-14T17:30:00Z,23,1,OFF,2,1,Prudential Center
2025020509,20252026,2,2025-12-14,2025-12-14T20:00:00Z,68,5,OFF,5,4,PPG Paints Arena
2025020510,20252026,2,2025-12-14,2025-12-14T22:00:00Z,4,12,OFF,2,3,Lenovo Center
2025020511,20252026,2,2025-12-14,2025-12-14T23:00:00Z,6,30,OFF,2,6,Grand Casino Arena
2025020512,20252026,2,2025-12-14,2025-12-15T00:00:00Z,22,8,OFF,1,4,Centre Bell
2025020513,20252026,2,2025-12-14,2025-12-15T01:00:00Z,7,55,OFF,3,1,Climate Pledge Arena
2025020514,20252026,2,2025-12-15,2025-12-16T00:00:00Z,13,14,OFF,5,2,Benchmark International Arena
2025020515,20252026,2,2025-12-15,2025-12-16T00:00:00Z,24,3,OFF,4,1,Madison Square Garden
2025020516,20252026,2,2025-12-15,2025-12-16T00:30:00Z,9,52,OFF,3,2,Canada Life Centre
2025020517,20252026,2,2025-12-15,2025-12-16T01:00:00Z,18,19,OFF,5,2,Enterprise Center
2025020518,20252026,2,2025-12-15,2025-12-16T01:00:00Z,26,25,OFF,1,4,American Airlines Center
2025020519,20252026,2,2025-12-16,2025-12-17T00:00:00Z,68,6,OFF,1,4,TD Garden
2025020520,20252026,2,2025-12-16,2025-12-17T00:00:00Z,16,10,OFF,2,3,Scotiabank Arena
2025020521,20252026,2,2025-12-16,2025-12-17T00:00:00Z,4,8,OFF,4,1,Centre Bell
2025020522,20252026,2,2025-12-16,2025-12-17T00:00:00Z,2,17,OFF,2,3,Little Caesars Arena
2025020523,20252026,2,2025-12-16,2025-12-17T00:00:00Z,23,3,OFF,3,0,Madison Square Garden
2025020524,20252026,2,2025-12-16,2025-12-17T00:30:00Z,22,5,OFF,6,4,PPG Paints Arena
2025020525,20252026,2,2025-12-16,2025-12-17T00:00:00Z,24,29,OFF,3,4,Nationwide Arena
2025020526,20252026,2,2025-12-16,2025-12-17T01:00:00Z,15,30,OFF,0,5,Grand Casino Arena
2025020527,20252026,2,2025-12-16,2025-12-17T03:00:00Z,20,28,OFF,3,6,SAP Center at San Jose
2025020528,20252026,2,2025-12-16,2025-12-17T03:00:00Z,21,55,OFF,5,3,Climate Pledge Arena
2025020529,20252026,2,2025-12-17,2025-12-18T00:00:00Z,26,13,OFF,2,3,Amerant Bank Arena
2025020530,20252026,2,2025-12-17,2025-12-18T00:30:00Z,68,17,OFF,4,1,Little Caesars Arena
2025020531,20252026,2,2025-12-17,2025-12-18T01:00:00Z,52,19,OFF,0,1,Enterprise Center
2025020532,20252026,2,2025-12-17,2025-12-18T01:00:00Z,12,18,OFF,4,1,Bridgestone Arena
2025020533,20252026,2,2025-12-17,2025-12-18T03:00:00Z,1,54,OFF,2,1,T-Mobile Arena
2025020534,20252026,2,2025-12-18,2025-12-19T00:00:00Z,22,6,OFF,3,1,TD Garden
2025020535,20252026,2,2025-12-18,2025-12-19T00:30:00Z,4,7,OFF,3,5,KeyBank Center
2025020536,20252026,2,2025-12-18,2025-12-19T00:00:00Z,16,8,OFF,1,4,Centre Bell
2025020537,20252026,2,2025-12-18,2025-12-19T00:00:00Z,5,9,OFF,0,4,Canadian Tire Centre
2025020538,20252026,2,2025-12-18,2025-12-19T00:00:00Z,26,14,OFF,2,1,Benchmark International Arena
2025020539,20252026,2,2025-12-18,2025-12-19T00:00:00Z,10,15,OFF,0,4,Capital One Arena
2025020540,20252026,2,2025-12-18,2025-12-19T00:00:00Z,30,29,OFF,5,2,Nationwide Arena
2025020541,20252026,2,2025-12-18,2025-12-19T01:00:00Z,3,19,OFF,2,1,Enterprise Center
2025020542,20252026,2,2025-12-18,2025-12-19T02:00:00Z,55,20,OFF,2,4,Scotiabank Saddledome
2025020543,20252026,2,2025-12-18,2025-12-19T03:00:00Z,25,28,OFF,5,3,SAP Center at San Jose
2025020544,20252026,2,2025-12-19,2025-12-20T00:00:00Z,12,13,OFF,3,4,Amerant Bank Arena
2025020545,20252026,2,2025-12-19,2025-12-20T00:00:00Z,23,2,OFF,4,1,UBS Arena
2025020546,20252026,2,2025-12-19,2025-12-20T02:00:00Z,52,21,OFF,2,3,Ball Arena
2025020547,20252026,2,2025-12-19,2025-12-20T02:00:00Z,1,68,OFF,2,1,Delta Center
2025020548,20252026,2,2025-12-19,2025-12-20T03:00:00Z,25,24,OFF,8,3,Honda Center
2025020549,20252026,2,2025-12-20,2025-12-20T17:30:00Z,4,3,OFF,4,5,Madison Square Garden
2025020550,20252026,2,2025-12-20,2025-12-20T17:30:00Z,17,15,OFF,5,2,Capital One Arena
2025020551,20252026,2,2025-12-20,2025-12-20T20:00:00Z,16,9,OFF,4,6,Canadian Tire Centre
2025020552,20252026,2,2025-12-20,2025-12-20T20:00:00Z,22,30,OFF,2,5,Grand Casino Arena
2025020553,20252026,2,2025-12-20,2025-12-20T22:00:00Z,2,7,OFF,2,3,KeyBank Center
2025020554,20252026,2,2025-12-20,2025-12-20T23:00:00Z,19,13,OFF,6,2,Amerant Bank Arena
2025020555,20252026,2,2025-12-20,2025-12-21T00:00:00Z,23,6,OFF,5,4,TD Garden
2025020556,20252026,2,2025-12-20,2025-12-21T00:00:00Z,5,8,OFF,0,4,Centre Bell
2025020557,20252026,2,2025-12-20,2025-12-21T00:00:00Z,12,14,OFF,4,6,Benchmark International Arena
2025020558,20252026,2,2025-12-20,2025-12-21T00:00:00Z,10,18,OFF,3,5,Bridgestone Arena
2025020559,20252026,2,2025-12-20,2025-12-21T03:00:00Z,54,20,OFF,3,6,Scotiabank Saddledome
2025020560,20252026,2,2025-12-20,2025-12-21T03:00:00Z,29,24,OFF,3,4,Honda Center
2025020561,20252026,2,2025-12-20,2025-12-21T03:00:00Z,55,28,OFF,4,2,SAP Center at San Jose
2025020562,20252026,2,2025-12-21,2025-12-21T18:00:00Z,15,17,OFF,2,3,Little Caesars Arena
2025020563,20252026,2,2025-12-21,2025-12-21T23:00:00Z,21,30,OFF,5,1,Grand Casino Arena
2025020564,20252026,2,2025-12-21,2025-12-22T00:00:00Z,9,6,OFF,6,2,TD Garden
2025020565,20252026,2,2025-12-21,2025-12-22T00:00:00Z,7,1,OFF,3,1,Prudential Center
2025020566,20252026,2,2025-12-21,2025-12-22T00:00:00Z,8,5,OFF,3,4,PPG Paints Arena
2025020567,20252026,2,2025-12-21,2025-12-22T00:00:00Z,3,18,OFF,1,2,Bridgestone Arena
2025020568,20252026,2,2025-12-21,2025-12-22T00:00:00Z,10,25,OFF,1,5,American Airlines Center
2025020569,20252026,2,2025-12-21,2025-12-22T00:00:00Z,52,68,OFF,3,4,Delta Center
2025020570,20252026,2,2025-12-21,2025-12-22T01:00:00Z,54,22,OFF,3,4,Rogers Place
2025020571,20252026,2,2025-12-22,2025-12-23T00:00:00Z,19,14,OFF,1,4,Benchmark International Arena
2025020572,20252026,2,2025-12-22,2025-12-23T00:30:00Z,23,4,OFF,2,5,Xfinity Mobile Arena
2025020573,20252026,2,2025-12-22,2025-12-23T03:00:00Z,55,24,OFF,3,1,Honda Center
2025020574,20252026,2,2025-12-22,2025-12-23T03:00:00Z,29,26,OFF,3,1,Crypto.com Arena
2025020575,20252026,2,2025-12-23,2025-12-23T21:00:00Z,5,10,OFF,3,6,Scotiabank Arena
2025020576,20252026,2,2025-12-23,2025-12-24T00:00:00Z,3,15,OFF,7,3,Capital One Arena
2025020577,20252026,2,2025-12-23,2025-12-24T00:00:00Z,8,6,OFF,6,2,TD Garden
2025020578,20252026,2,2025-12-23,2025-12-24T00:00:00Z,7,9,OFF,3,2,Canadian Tire Centre
2025020579,20252026,2,2025-12-23,2025-12-23T23:30:00Z,25,17,OFF,3,4,Little Caesars Arena
2025020580,20252026,2,2025-12-23,2025-12-24T00:00:00Z,1,2,OFF,1,2,UBS Arena
2025020581,20252026,2,2025-12-23,2025-12-24T00:00:00Z,13,12,OFF,5,2,Lenovo Center
2025020582,20252026,2,2025-12-23,2025-12-24T01:00:00Z,18,30,OFF,3,2,Grand Casino Arena
2025020583,20252026,2,2025-12-23,2025-12-24T02:00:00Z,4,16,OFF,3,1,United Center
2025020584,20252026,2,2025-12-23,2025-12-24T02:00:00Z,68,21,OFF,0,1,Ball Arena
2025020585,20252026,2,2025-12-23,2025-12-24T02:00:00Z,20,22,OFF,1,5,Rogers Place
2025020586,20252026,2,2025-12-23,2025-12-24T03:00:00Z,28,54,OFF,2,7,T-Mobile Arena
2025020587,20252026,2,2025-12-23,2025-12-24T03:00:00Z,55,26,OFF,3,2,Crypto.com Arena
2025020588,20252026,2,2025-12-27,2025-12-27T23:00:00Z,3,2,OFF,0,2,UBS Arena
2025020589,20252026,2,2025-12-27,2025-12-28T00:00:00Z,6,7,OFF,1,4,KeyBank Center
2025020590,20252026,2,2025-12-27,2025-12-28T00:00:00Z,9,10,OFF,5,7,Scotiabank Arena
2025020591,20252026,2,2025-12-27,2025-12-28T00:00:00Z,14,13,OFF,4,2,Amerant Bank Arena
2025020592,20252026,2,2025-12-27,2025-12-28T00:00:00Z,15,1,OFF,4,3,Prudential Center
2025020593,20252026,2,2025-12-27,2025-12-28T00:00:00Z,17,12,OFF,2,5,Lenovo Center
2025020594,20252026,2,2025-12-27,2025-12-28T00:00:00Z,30,52,OFF,4,3,Canada Life Centre
2025020595,20252026,2,2025-12-27,2025-12-28T01:00:00Z,18,19,OFF,2,3,Enterprise Center
2025020596,20252026,2,2025-12-27,2025-12-28T01:00:00Z,16,25,OFF,4,3,American Airlines Center
2025020597,20252026,2,2025-12-27,2025-12-28T02:00:00Z,24,26,OFF,1,6,Crypto.com Arena
2025020598,20252026,2,2025-12-27,2025-12-28T03:00:00Z,22,20,OFF,2,3,Scotiabank Saddledome
2025020599,20252026,2,2025-12-27,2025-12-28T03:00:00Z,28,23,OFF,6,3,Rogers Arena
2025020600,20252026,2,2025-12-27,2025-12-28T03:00:00Z,21,54,OFF,6,5,T-Mobile Arena
2025020601,20252026,2,2025-12-28,2025-12-29T00:00:00Z,10,17,OFF,2,3,Little Caesars Arena
2025020602,20252026,2,2025-12-28,2025-12-28T22:00:00Z,8,14,OFF,4,5,Benchmark International Arena
2025020603,20252026,2,2025-12-28,2025-12-28T22:00:00Z,2,29,OFF,2,4,Nationwide Arena
2025020604,20252026,2,2025-12-28,2025-12-29T00:00:00Z,5,16,OFF,7,3,United Center
2025020605,20252026,2,2025-12-28,2025-12-29T01:00:00Z,4,55,OFF,1,4,Climate Pledge Arena
2025020606,20252026,2,2025-12-29,2025-12-30T00:30:00Z,29,9,OFF,4,1,Canadian Tire Centre
2025020607,20252026,2,2025-12-29,2025-12-30T00:00:00Z,15,13,OFF,3,5,Amerant Bank Arena
2025020608,20252026,2,2025-12-29,2025-12-30T00:00:00Z,3,12,OFF,2,3,Lenovo Center
2025020609,20252026,2,2025-12-29,2025-12-30T00:30:00Z,22,52,OFF,3,1,Canada Life Centre
2025020610,20252026,2,2025-12-29,2025-12-30T01:00:00Z,7,19,OFF,4,2,Enterprise Center
2025020611,20252026,2,2025-12-29,2025-12-30T02:00:00Z,26,21,OFF,2,5,Ball Arena
2025020612,20252026,2,2025-12-29,2025-12-30T02:00:00Z,18,68,OFF,4,3,Delta Center
2025020613,20252026,2,2025-12-29,2025-12-30T02:00:00Z,6,20,OFF,1,2,Scotiabank Saddledome
2025020614,20252026,2,2025-12-29,2025-12-30T03:00:00Z,30,54,OFF,5,2,T-Mobile Arena
2025020615,20252026,2,2025-12-29,2025-12-30T03:00:00Z,28,24,OFF,5,4,Honda Center
2025020616,20252026,2,2025-12-29,2025-12-30T03:00:00Z,23,55,OFF,3,2,Climate Pledge Arena
2025020617,20252026,2,2025-12-30,2025-12-31T00:00:00Z,1,10,OFF,0,4,Scotiabank Arena
2025020618,20252026,2,2025-12-30,2025-12-31T00:00:00Z,8,13,OFF,3,2,Amerant Bank Arena
2025020619,20252026,2,2025-12-30,2025-12-31T00:00:00Z,12,5,OFF,1,5,PPG Paints Arena
2025020620,20252026,2,2025-12-30,2025-12-31T01:30:00Z,2,16,OFF,3,2,United Center
2025020621,20252026,2,2025-12-30,2025-12-31T03:00:00Z,4,23,OFF,6,3,Rogers Arena
2025020622,20252026,2,2025-12-31,2025-12-31T17:30:00Z,3,15,OFF,3,6,Capital One Arena
2025020623,20252026,2,2025-12-31,2025-12-31T20:00:00Z,18,54,OFF,4,2,T-Mobile Arena
2025020624,20252026,2,2025-12-31,2025-12-31T21:00:00Z,14,24,OFF,4,3,Honda Center
2025020625,20252026,2,2025-12-31,2025-12-31T21:00:00Z,30,28,OFF,3,4,SAP Center at San Jose
2025020626,20252026,2,2025-12-31,2025-12-31T23:30:00Z,52,17,OFF,1,2,Little Caesars Arena
2025020627,20252026,2,2025-12-31,2026-01-01T00:00:00Z,1,29,OFF,3,2,Nationwide Arena
2025020628,20252026,2,2025-12-31,2026-01-01T01:00:00Z,7,25,OFF,4,1,American Airlines Center
2025020629,20252026,2,2025-12-31,2026-01-01T02:00:00Z,19,21,OFF,1,6,Ball Arena
2025020630,20252026,2,2025-12-31,2026-01-01T02:30:00Z,4,20,OFF,1,5,Scotiabank Saddledome
2025020631,20252026,2,2025-12-31,2026-01-01T02:30:00Z,6,22,OFF,6,2,Rogers Place
2025020632,20252026,2,2026-01-01,2026-01-01T18:00:00Z,15,9,OFF,3,4,Canadian Tire Centre
2025020633,20252026,2,2026-01-01,2026-01-01T20:00:00Z,68,2,OFF,7,2,UBS Arena
2025020634,20252026,2,2026-01-01,2026-01-02T00:00:00Z,52,10,OFF,5,6,Scotiabank Arena
2025020635,20252026,2,2026-01-01,2026-01-02T00:00:00Z,17,5,OFF,3,4,PPG Paints Arena
2025020636,20252026,2,2026-01-01,2026-01-02T00:00:00Z,8,12,OFF,7,5,Lenovo Center
2025020637,20252026,2,2026-01-01,2026-01-02T01:30:00Z,25,16,OFF,3,4,United Center
2025020638,20252026,2,2026-01-01,2026-01-02T03:00:00Z,18,55,OFF,1,4,Climate Pledge Arena
2025020639,20252026,2,2026-01-01,2026-01-02T00:00:00Z,14,26,OFF,5,3,Crypto.com Arena
2025020640,20252026,2,2026-01-02,2026-01-02T20:00:00Z,54,19,OFF,3,4,Enterprise Center
2025020641,20252026,2,2026-01-02,2026-01-03T01:00:00Z,3,13,OFF,5,1,loanDepot park
2025020642,20252026,2,2026-01-02,2026-01-03T03:30:00Z,55,23,OFF,4,3,Rogers Arena
2025020643,20252026,2,2026-01-02,2026-01-03T03:30:00Z,30,24,OFF,5,2,Honda Center
2025020644,20252026,2,2026-01-03,2026-01-03T17:00:00Z,5,17,OFF,4,1,Little Caesars Arena
2025020645,20252026,2,2026-01-03,2026-01-03T20:00:00Z,68,1,OFF,1,4,Prudential Center
2025020646,20252026,2,2026-01-03,2026-01-03T20:00:00Z,7,29,OFF,1,5,Nationwide Arena
2025020647,20252026,2,2026-01-03,2026-01-03T20:30:00Z,4,22,OFF,5,2,Rogers Place
2025020648,20252026,2,2026-01-03,2026-01-03T21:00:00Z,8,19,OFF,0,2,Enterprise Center
2025020649,20252026,2,2026-01-03,2026-01-03T21:00:00Z,14,28,OFF,7,3,SAP Center at San Jose
2025020650,20252026,2,2026-01-03,2026-01-04T00:00:00Z,52,9,OFF,2,4,Canadian Tire Centre
2025020651,20252026,2,2026-01-03,2026-01-04T00:00:00Z,10,2,OFF,3,4,UBS Arena
2025020652,20252026,2,2026-01-03,2026-01-04T00:00:00Z,16,15,OFF,3,2,Capital One Arena
2025020653,20252026,2,2026-01-03,2026-01-04T00:00:00Z,21,12,OFF,5,3,Lenovo Center
2025020654,20252026,2,2026-01-03,2026-01-04T00:00:00Z,18,20,OFF,4,3,Scotiabank Saddledome
2025020655,20252026,2,2026-01-03,2026-01-04T02:00:00Z,30,26,OFF,4,5,Crypto.com Arena
2025020656,20252026,2,2026-01-03,2026-01-04T03:00:00Z,6,23,OFF,3,2,Rogers Arena
2025020657,20252026,2,2026-01-04,2026-01-04T19:00:00Z,8,25,OFF,4,3,American Airlines Center
2025020658,20252026,2,2026-01-04,2026-01-04T20:00:00Z,5,29,OFF,5,4,Nationwide Arena
2025020659,20252026,2,2026-01-04,2026-01-04T22:00:00Z,21,13,OFF,1,2,Amerant Bank Arena
2025020660,20252026,2,2026-01-04,2026-01-05T00:00:00Z,12,1,OFF,3,1,Prudential Center
2025020661,20252026,2,2026-01-04,2026-01-05T00:00:00Z,54,16,OFF,2,3,United Center
2025020662,20252026,2,2026-01-05,2026-01-06T00:00:00Z,68,3,OFF,3,2,Madison Square Garden
2025020663,20252026,2,2026-01-05,2026-01-06T00:00:00Z,24,15,OFF,4,7,Capital One Arena
2025020664,20252026,2,2026-01-05,2026-01-06T00:30:00Z,17,9,OFF,5,3,Canadian Tire Centre
2025020665,20252026,2,2026-01-05,2026-01-06T02:30:00Z,55,20,OFF,5,1,Scotiabank Saddledome
2025020666,20252026,2,2026-01-05,2026-01-06T03:30:00Z,30,26,OFF,2,4,Crypto.com Arena
2025020667,20252026,2,2026-01-06,2026-01-07T00:00:00Z,23,7,OFF,3,5,KeyBank Center
2025020668,20252026,2,2026-01-06,2026-01-07T00:00:00Z,21,14,OFF,2,4,Benchmark International Arena
2025020669,20252026,2,2026-01-06,2026-01-07T00:30:00Z,1,2,OFF,0,9,UBS Arena
2025020670,20252026,2,2026-01-06,2026-01-07T00:00:00Z,24,4,OFF,2,5,Xfinity Mobile Arena
2025020671,20252026,2,2026-01-06,2026-01-07T00:00:00Z,25,12,OFF,3,6,Lenovo Center
2025020672,20252026,2,2026-01-06,2026-01-07T00:30:00Z,13,10,OFF,1,4,Scotiabank Arena
2025020673,20252026,2,2026-01-06,2026-01-07T01:00:00Z,54,52,OFF,4,3,Canada Life Centre
2025020674,20252026,2,2026-01-06,2026-01-07T02:00:00Z,18,22,OFF,2,6,Rogers Place
2025020675,20252026,2,2026-01-06,2026-01-07T03:00:00Z,29,28,OFF,2,5,SAP Center at San Jose
2025020676,20252026,2,2026-01-06,2026-01-07T03:00:00Z,6,55,OFF,4,7,Climate Pledge Arena
2025020677,20252026,2,2026-01-07,2026-01-08T00:00:00Z,25,15,OFF,4,1,Capital One Arena
2025020678,20252026,2,2026-01-07,2026-01-08T00:30:00Z,20,8,OFF,1,4,Centre Bell
2025020679,20252026,2,2026-01-07,2026-01-08T02:30:00Z,19,16,OFF,3,7,United Center
2025020680,20252026,2,2026-01-07,2026-01-08T02:30:00Z,9,68,OFF,1,3,Delta Center
2025020681,20252026,2,2026-01-07,2026-01-08T03:30:00Z,28,26,OFF,4,3,Crypto.com Arena
2025020682,20252026,2,2026-01-08,2026-01-09T00:00:00Z,20,6,OFF,1,4,TD Garden
2025020683,20252026,2,2026-01-08,2026-01-09T00:00:00Z,13,8,OFF,2,6,Centre Bell
2025020684,20252026,2,2026-01-08,2026-01-09T00:00:00Z,23,17,OFF,1,5,Little Caesars Arena
2025020685,20252026,2,2026-01-08,2026-01-09T00:00:00Z,7,3,OFF,5,2,Madison Square Garden
2025020686,20252026,2,2026-01-08,2026-01-09T00:00:00Z,10,4,OFF,2,1,Xfinity Mobile Arena
2025020687,20252026,2,2026-01-08,2026-01-09T00:00:00Z,1,5,OFF,1,4,PPG Paints Arena
2025020688,20252026,2,2026-01-08,2026-01-09T00:00:00Z,24,12,OFF,2,5,Lenovo Center
2025020689,20252026,2,2026-01-08,2026-01-09T01:00:00Z,2,18,OFF,1,2,Bridgestone Arena
2025020690,20252026,2,2026-01-08,2026-01-09T01:00:00Z,22,52,OFF,4,3,Canada Life Centre
2025020691,20252026,2,2026-01-08,2026-01-09T02:00:00Z,9,21,OFF,2,8,Ball Arena
2025020692,20252026,2,2026-01-08,2026-01-09T03:00:00Z,29,54,OFF,3,5,T-Mobile Arena
2025020693,20252026,2,2026-01-08,2026-01-09T03:00:00Z,30,55,OFF,3,2,Climate Pledge Arena
2025020694,20252026,2,2026-01-09,2026-01-10T01:00:00Z,15,16,OFF,5,1,United Center
2025020695,20252026,2,2026-01-09,2026-01-10T01:00:00Z,26,52,OFF,1,5,Canada Life Centre
2025020696,20252026,2,2026-01-09,2026-01-10T02:00:00Z,19,68,OFF,2,4,Delta Center
2025020697,20252026,2,2026-01-10,2026-01-10T18:00:00Z,3,6,OFF,2,10,TD Garden
2025020698,20252026,2,2026-01-10,2026-01-10T20:30:00Z,20,5,OFF,2,1,PPG Paints Arena
2025020699,20252026,2,2026-01-10,2026-01-10T21:00:00Z,29,21,OFF,0,4,Ball Arena
2025020700,20252026,2,2026-01-10,2026-01-10T21:00:00Z,25,28,OFF,4,5,SAP Center at San Jose
2025020701,20252026,2,2026-01-10,2026-01-11T00:00:00Z,24,7,OFF,3,5,KeyBank Center
2025020702,20252026,2,2026-01-10,2026-01-11T00:00:00Z,23,10,OFF,0,5,Scotiabank Arena
2025020703,20252026,2,2026-01-10,2026-01-11T00:00:00Z,17,8,OFF,4,0,Centre Bell
2025020704,20252026,2,2026-01-10,2026-01-11T00:00:00Z,13,9,OFF,3,2,Canadian Tire Centre
2025020705,20252026,2,2026-01-10,2026-01-11T00:00:00Z,14,4,OFF,7,2,Xfinity Mobile Arena
2025020706,20252026,2,2026-01-10,2026-01-11T00:00:00Z,55,12,OFF,2,3,Lenovo Center
2025020707,20252026,2,2026-01-10,2026-01-11T01:00:00Z,16,18,OFF,3,0,Bridgestone Arena
2025020708,20252026,2,2026-01-10,2026-01-11T01:00:00Z,2,30,OFF,4,3,Grand Casino Arena
2025020709,20252026,2,2026-01-10,2026-01-11T03:00:00Z,26,22,OFF,4,3,Rogers Place
2025020710,20252026,2,2026-01-10,2026-01-11T03:00:00Z,19,54,OFF,2,4,T-Mobile Arena
2025020711,20252026,2,2026-01-11,2026-01-11T19:00:00Z,1,52,OFF,3,4,Canada Life Centre
2025020712,20252026,2,2026-01-11,2026-01-11T22:00:00Z,5,6,OFF,0,1,TD Garden
2025020713,20252026,2,2026-01-11,2026-01-12T00:00:00Z,15,18,OFF,2,3,Bridgestone Arena
2025020714,20252026,2,2026-01-11,2026-01-12T00:00:00Z,29,68,OFF,3,2,Delta Center
2025020715,20252026,2,2026-01-11,2026-01-12T01:00:00Z,54,28,OFF,7,2,SAP Center at San Jose
2025020716,20252026,2,2026-01-12,2026-01-13T00:00:00Z,13,7,OFF,4,3,KeyBank Center
2025020717,20252026,2,2026-01-12,2026-01-13T00:00:00Z,12,17,OFF,3,4,Little Caesars Arena
2025020718,20252026,2,2026-01-12,2026-01-13T00:00:00Z,55,3,OFF,4,2,Madison Square Garden
2025020719,20252026,2,2026-01-12,2026-01-13T00:00:00Z,14,4,OFF,5,1,Xfinity Mobile Arena
2025020720,20252026,2,2026-01-12,2026-01-13T00:30:00Z,23,8,OFF,3,6,Centre Bell
2025020721,20252026,2,2026-01-12,2026-01-13T01:00:00Z,1,30,OFF,5,2,Grand Casino Arena
2025020722,20252026,2,2026-01-12,2026-01-13T01:30:00Z,22,16,OFF,4,1,United Center
2025020723,20252026,2,2026-01-12,2026-01-13T03:00:00Z,10,21,OFF,4,3,Ball Arena
2025020724,20252026,2,2026-01-12,2026-01-13T03:00:00Z,25,26,OFF,3,1,Crypto.com Arena
2025020725,20252026,2,2026-01-13,2026-01-14T00:00:00Z,23,9,OFF,1,2,Canadian Tire Centre
2025020726,20252026,2,2026-01-13,2026-01-14T00:00:00Z,14,5,OFF,2,1,PPG Paints Arena
2025020727,20252026,2,2026-01-13,2026-01-14T00:00:00Z,8,15,OFF,2,3,Capital One Arena
2025020728,20252026,2,2026-01-13,2026-01-14T00:00:00Z,20,29,OFF,3,5,Nationwide Arena
2025020729,20252026,2,2026-01-13,2026-01-14T00:30:00Z,17,6,OFF,0,3,TD Garden
2025020730,20252026,2,2026-01-13,2026-01-14T00:30:00Z,12,19,OFF,0,3,Enterprise Center
2025020731,20252026,2,2026-01-13,2026-01-14T01:00:00Z,22,18,OFF,3,4,Bridgestone Arena
2025020732,20252026,2,2026-01-13,2026-01-14T01:00:00Z,2,52,OFF,4,5,Canada Life Centre
2025020733,20252026,2,2026-01-13,2026-01-14T03:00:00Z,10,68,OFF,1,6,Delta Center
2025020734,20252026,2,2026-01-13,2026-01-14T03:00:00Z,25,24,OFF,1,3,Honda Center
2025020735,20252026,2,2026-01-14,2026-01-15T00:00:00Z,55,1,OFF,2,3,Prudential Center
2025020736,20252026,2,2026-01-14,2026-01-15T00:30:00Z,4,7,OFF,2,5,KeyBank Center
2025020737,20252026,2,2026-01-14,2026-01-15T00:30:00Z,9,3,OFF,8,4,Madison Square Garden
2025020738,20252026,2,2026-01-14,2026-01-15T03:00:00Z,54,26,OFF,3,2,Crypto.com Arena
2025020739,20252026,2,2026-01-15,2026-01-16T01:00:00Z,55,6,OFF,2,4,TD Garden
2025020740,20252026,2,2026-01-15,2026-01-16T00:00:00Z,8,7,OFF,3,5,KeyBank Center
2025020741,20252026,2,2026-01-15,2026-01-16T00:00:00Z,4,5,OFF,3,6,PPG Paints Arena
2025020742,20252026,2,2026-01-15,2026-01-16T00:00:00Z,28,15,OFF,3,2,Capital One Arena
2025020743,20252026,2,2026-01-15,2026-01-16T00:00:00Z,23,29,OFF,1,4,Nationwide Arena
2025020744,20252026,2,2026-01-15,2026-01-16T01:00:00Z,52,30,OFF,6,2,Grand Casino Arena
2025020745,20252026,2,2026-01-15,2026-01-16T01:30:00Z,20,16,OFF,3,1,United Center
2025020746,20252026,2,2026-01-15,2026-01-16T02:00:00Z,25,68,OFF,1,2,Delta Center
2025020747,20252026,2,2026-01-15,2026-01-16T02:00:00Z,2,22,OFF,1,0,Rogers Place
2025020748,20252026,2,2026-01-15,2026-01-16T02:30:00Z,10,54,OFF,5,6,T-Mobile Arena
2025020749,20252026,2,2026-01-16,2026-01-17T00:00:00Z,28,17,OFF,2,4,Little Caesars Arena
2025020750,20252026,2,2026-01-16,2026-01-17T00:00:00Z,13,12,OFF,1,9,Lenovo Center
2025020751,20252026,2,2026-01-16,2026-01-17T01:00:00Z,14,19,OFF,2,3,Enterprise Center
2025020752,20252026,2,2026-01-16,2026-01-17T02:00:00Z,18,21,OFF,7,3,Ball Arena
2025020753,20252026,2,2026-01-16,2026-01-17T03:30:00Z,24,26,OFF,3,2,Crypto.com Arena
2025020754,20252026,2,2026-01-17,2026-01-17T17:30:00Z,30,7,OFF,5,4,KeyBank Center
2025020755,20252026,2,2026-01-17,2026-01-17T18:00:00Z,3,4,OFF,6,3,Xfinity Mobile Arena
2025020756,20252026,2,2026-01-17,2026-01-17T20:00:00Z,2,20,OFF,2,4,Scotiabank Saddledome
2025020757,20252026,2,2026-01-17,2026-01-17T22:00:00Z,55,68,OFF,3,6,Delta Center
2025020758,20252026,2,2026-01-17,2026-01-18T00:00:00Z,8,9,OFF,6,5,Canadian Tire Centre
2025020759,20252026,2,2026-01-17,2026-01-18T00:00:00Z,12,1,OFF,4,1,Prudential Center
2025020760,20252026,2,2026-01-17,2026-01-18T00:00:00Z,29,5,OFF,4,3,PPG Paints Arena
2025020761,20252026,2,2026-01-17,2026-01-18T00:00:00Z,13,15,OFF,5,2,Capital One Arena
2025020762,20252026,2,2026-01-17,2026-01-18T00:00:00Z,10,52,OFF,4,3,Canada Life Centre
2025020763,20252026,2,2026-01-17,2026-01-18T01:00:00Z,6,16,OFF,5,2,United Center
2025020764,20252026,2,2026-01-17,2026-01-18T03:00:00Z,22,23,OFF,6,0,Rogers Arena
2025020765,20252026,2,2026-01-17,2026-01-18T03:00:00Z,18,54,OFF,2,7,T-Mobile Arena
2025020766,20252026,2,2026-01-17,2026-01-18T03:00:00Z,26,24,OFF,1,2,Honda Center
2025020767,20252026,2,2026-01-18,2026-01-18T19:00:00Z,14,25,OFF,4,1,American Airlines Center
2025020768,20252026,2,2026-01-18,2026-01-18T22:00:00Z,9,17,OFF,3,4,Little Caesars Arena
2025020769,20252026,2,2026-01-18,2026-01-19T01:00:00Z,19,22,OFF,0,5,Rogers Place
2025020770,20252026,2,2026-01-19,2026-01-19T18:30:00Z,7,12,OFF,1,2,Lenovo Center
2025020771,20252026,2,2026-01-19,2026-01-19T21:00:00Z,15,21,OFF,2,5,Ball Arena
2025020772,20252026,2,2026-01-19,2026-01-19T22:00:00Z,5,55,OFF,6,3,Climate Pledge Arena
2025020773,20252026,2,2026-01-19,2026-01-19T23:00:00Z,28,13,OFF,4,1,Amerant Bank Arena
2025020774,20252026,2,2026-01-19,2026-01-20T00:30:00Z,30,10,OFF,6,3,Scotiabank Arena
2025020775,20252026,2,2026-01-19,2026-01-20T01:00:00Z,4,54,OFF,2,1,T-Mobile Arena
2025020776,20252026,2,2026-01-19,2026-01-20T01:30:00Z,52,16,OFF,0,2,United Center
2025020777,20252026,2,2026-01-19,2026-01-20T02:00:00Z,1,20,OFF,2,1,Scotiabank Saddledome
2025020778,20252026,2,2026-01-19,2026-01-20T03:00:00Z,2,23,OFF,4,3,Rogers Arena
2025020779,20252026,2,2026-01-19,2026-01-20T03:00:00Z,3,24,OFF,3,5,Honda Center
2025020780,20252026,2,2026-01-20,2026-01-21T00:00:00Z,30,8,OFF,3,4,Centre Bell
2025020781,20252026,2,2026-01-20,2026-01-21T00:00:00Z,28,14,OFF,1,4,Benchmark International Arena
2025020782,20252026,2,2026-01-20,2026-01-21T00:00:00Z,9,29,OFF,4,1,Nationwide Arena
2025020783,20252026,2,2026-01-20,2026-01-21T00:30:00Z,6,25,OFF,2,6,American Airlines Center
2025020784,20252026,2,2026-01-20,2026-01-21T01:00:00Z,7,18,OFF,5,3,Bridgestone Arena
2025020785,20252026,2,2026-01-20,2026-01-21T01:00:00Z,19,52,OFF,1,3,Canada Life Centre
2025020786,20252026,2,2026-01-20,2026-01-21T03:00:00Z,1,22,OFF,2,1,Rogers Place
2025020787,20252026,2,2026-01-20,2026-01-21T03:00:00Z,3,26,OFF,3,4,Crypto.com Arena
2025020788,20252026,2,2026-01-21,2026-01-22T00:00:00Z,17,10,OFF,2,1,Scotiabank Arena
2025020789,20252026,2,2026-01-21,2026-01-22T02:00:00Z,24,21,OFF,2,1,Ball Arena
2025020790,20252026,2,2026-01-21,2026-01-22T02:00:00Z,4,68,OFF,4,5,Delta Center
2025020791,20252026,2,2026-01-21,2026-01-22T02:30:00Z,5,20,OFF,4,1,Scotiabank Saddledome
2025020792,20252026,2,2026-01-21,2026-01-22T03:00:00Z,15,23,OFF,3,4,Rogers Arena
2025020793,20252026,2,2026-01-21,2026-01-22T02:30:00Z,2,55,OFF,1,4,Climate Pledge Arena
2025020794,20252026,2,2026-01-22,2026-01-23T00:00:00Z,54,6,OFF,3,4,TD Garden
2025020795,20252026,2,2026-01-22,2026-01-23T00:00:00Z,7,8,OFF,4,2,Centre Bell
2025020796,20252026,2,2026-01-22,2026-01-23T00:00:00Z,16,12,OFF,4,3,Lenovo Center
2025020797,20252026,2,2026-01-22,2026-01-23T00:00:00Z,25,29,OFF,0,1,Nationwide Arena
2025020798,20252026,2,2026-01-22,2026-01-23T01:00:00Z,9,18,OFF,3,5,Bridgestone Arena
2025020799,20252026,2,2026-01-22,2026-01-23T01:00:00Z,13,52,OFF,2,1,Canada Life Centre
2025020800,20252026,2,2026-01-22,2026-01-23T02:00:00Z,5,22,OFF,6,2,Rogers Place
2025020801,20252026,2,2026-01-22,2026-01-23T02:30:00Z,17,30,OFF,3,4,Grand Casino Arena
2025020802,20252026,2,2026-01-23,2026-01-24T00:00:00Z,54,10,OFF,6,3,Scotiabank Arena
2025020803,20252026,2,2026-01-23,2026-01-24T00:00:00Z,14,16,OFF,2,1,United Center
2025020804,20252026,2,2026-01-23,2026-01-24T01:00:00Z,19,25,OFF,2,3,American Airlines Center
2025020805,20252026,2,2026-01-23,2026-01-24T02:00:00Z,4,21,OFF,7,3,Ball Arena
2025020806,20252026,2,2026-01-23,2026-01-24T02:00:00Z,15,20,OFF,3,1,Scotiabank Saddledome
2025020807,20252026,2,2026-01-23,2026-01-24T03:00:00Z,1,23,OFF,5,4,Rogers Arena
2025020808,20252026,2,2026-01-23,2026-01-24T03:00:00Z,3,28,OFF,1,3,SAP Center at San Jose
2025020809,20252026,2,2026-01-23,2026-01-24T03:00:00Z,24,55,OFF,4,2,Climate Pledge Arena
2025020810,20252026,2,2026-01-24,2026-01-24T18:00:00Z,7,2,OFF,5,0,UBS Arena
2025020811,20252026,2,2026-01-24,2026-01-24T18:30:00Z,68,18,OFF,5,2,Bridgestone Arena
2025020812,20252026,2,2026-01-24,2026-01-25T00:00:00Z,8,6,OFF,3,4,TD Garden
2025020813,20252026,2,2026-01-24,2026-01-25T00:00:00Z,12,9,OFF,4,1,Canadian Tire Centre
2025020814,20252026,2,2026-01-24,2026-01-25T00:00:00Z,14,29,OFF,5,8,Nationwide Arena
2025020815,20252026,2,2026-01-24,2026-01-25T00:00:00Z,17,52,OFF,5,1,Canada Life Centre
2025020816,20252026,2,2026-01-24,2026-01-25T01:00:00Z,26,19,OFF,5,4,Enterprise Center
2025020817,20252026,2,2026-01-24,2026-01-25T02:00:00Z,13,30,OFF,4,3,Grand Casino Arena
2025020818,20252026,2,2026-01-24,2026-01-25T03:00:00Z,15,22,OFF,5,6,Rogers Place
2025020819,20252026,2,2026-01-25,2026-01-25T18:30:00Z,21,10,OFF,4,1,Scotiabank Arena
2025020820,20252026,2,2026-01-25,2026-01-25T20:00:00Z,1,55,OFF,2,4,Climate Pledge Arena
2025020821,20252026,2,2026-01-25,2026-01-25T22:00:00Z,54,9,OFF,1,7,Canadian Tire Centre
2025020822,20252026,2,2026-01-25,2026-01-25T23:00:00Z,5,23,OFF,3,2,Rogers Arena
2025020823,20252026,2,2026-01-25,2026-01-26T00:00:00Z,13,16,OFF,5,1,United Center
2025020824,20252026,2,2026-01-25,2026-01-26T01:00:00Z,24,20,OFF,4,3,Scotiabank Saddledome
2025020825,20252026,2,2026-01-26,2026-01-27T00:00:00Z,68,14,OFF,0,2,Benchmark International Arena
2025020826,20252026,2,2026-01-26,2026-01-27T00:00:00Z,6,3,OFF,3,4,Madison Square Garden
2025020827,20252026,2,2026-01-26,2026-01-27T00:00:00Z,2,4,OFF,4,0,Xfinity Mobile Arena
2025020829,20252026,2,2026-01-26,2026-01-27T01:30:00Z,24,22,OFF,4,7,Rogers Place
2025020830,20252026,2,2026-01-27,2026-01-28T00:00:00Z,18,6,OFF,2,3,TD Garden
2025020831,20252026,2,2026-01-27,2026-01-28T00:00:00Z,7,10,OFF,7,4,Scotiabank Arena
2025020832,20252026,2,2026-01-27,2026-01-28T00:00:00Z,54,8,OFF,2,3,Centre Bell
2025020833,20252026,2,2026-01-27,2026-01-28T00:00:00Z,26,17,OFF,3,1,Little Caesars Arena
2025020834,20252026,2,2026-01-27,2026-01-28T00:00:00Z,68,13,OFF,4,3,Amerant Bank Arena
2025020835,20252026,2,2026-01-27,2026-01-28T00:00:00Z,52,1,OFF,4,3,Prudential Center
2025020836,20252026,2,2026-01-27,2026-01-28T01:00:00Z,25,19,OFF,4,3,Enterprise Center
2025020837,20252026,2,2026-01-27,2026-01-28T01:00:00Z,16,30,OFF,3,4,Grand Casino Arena
2025020838,20252026,2,2026-01-27,2026-01-28T03:00:00Z,28,23,OFF,5,2,Rogers Arena
2025020839,20252026,2,2026-01-27,2026-01-28T03:00:00Z,15,55,OFF,1,5,Climate Pledge Arena
2025020840,20252026,2,2026-01-28,2026-01-29T00:30:00Z,4,29,OFF,3,5,Nationwide Arena
2025020841,20252026,2,2026-01-28,2026-01-29T00:30:00Z,21,9,OFF,2,5,Canadian Tire Centre
2025020842,20252026,2,2026-01-28,2026-01-29T00:00:00Z,3,2,OFF,2,5,UBS Arena
2025020843,20252026,2,2026-01-29,2026-01-30T00:00:00Z,4,6,OFF,3,6,TD Garden
2025020844,20252026,2,2026-01-29,2026-01-30T00:00:00Z,26,7,OFF,1,4,KeyBank Center
2025020845,20252026,2,2026-01-29,2026-01-30T00:00:00Z,21,8,OFF,3,7,Centre Bell
2025020846,20252026,2,2026-01-29,2026-01-30T00:30:00Z,15,17,OFF,4,3,Little Caesars Arena
2025020847,20252026,2,2026-01-29,2026-01-30T00:00:00Z,52,14,OFF,1,4,Benchmark International Arena
2025020848,20252026,2,2026-01-29,2026-01-30T00:00:00Z,18,1,OFF,2,3,Prudential Center
2025020849,20252026,2,2026-01-29,2026-01-30T00:00:00Z,2,3,OFF,2,1,Madison Square Garden
2025020850,20252026,2,2026-01-29,2026-01-30T00:00:00Z,16,5,OFF,2,6,PPG Paints Arena
2025020851,20252026,2,2026-01-29,2026-01-30T00:00:00Z,68,12,OFF,4,5,Lenovo Center
2025020852,20252026,2,2026-01-29,2026-01-30T01:00:00Z,13,19,OFF,4,5,Enterprise Center
2025020853,20252026,2,2026-01-29,2026-01-30T01:00:00Z,20,30,OFF,1,4,Grand Casino Arena
2025020854,20252026,2,2026-01-29,2026-01-30T02:00:00Z,28,22,OFF,3,4,Rogers Place
2025020855,20252026,2,2026-01-29,2026-01-30T03:00:00Z,24,23,OFF,0,2,Rogers Arena
2025020856,20252026,2,2026-01-29,2026-01-30T03:00:00Z,25,54,OFF,5,4,T-Mobile Arena
2025020857,20252026,2,2026-01-29,2026-01-30T03:00:00Z,10,55,OFF,2,5,Climate Pledge Arena
2025020858,20252026,2,2026-01-30,2026-01-31T01:30:00Z,29,16,OFF,4,2,United Center
2025020859,20252026,2,2026-01-31,2026-01-31T17:30:00Z,26,4,OFF,3,2,Xfinity Mobile Arena
2025020860,20252026,2,2026-01-31,2026-01-31T18:00:00Z,21,17,OFF,5,0,Little Caesars Arena
2025020861,20252026,2,2026-01-31,2026-01-31T20:30:00Z,3,5,OFF,5,6,PPG Paints Arena
2025020862,20252026,2,2026-01-31,2026-01-31T21:00:00Z,52,13,OFF,2,1,Amerant Bank Arena
2025020863,20252026,2,2026-01-31,2026-01-31T21:00:00Z,28,20,OFF,2,3,Scotiabank Saddledome
2025020864,20252026,2,2026-01-31,2026-01-31T22:00:00Z,12,15,OFF,3,4,Capital One Arena
2025020865,20252026,2,2026-01-31,2026-02-01T00:00:00Z,8,7,OFF,4,2,KeyBank Center
2025020866,20252026,2,2026-01-31,2026-02-01T00:00:00Z,1,9,OFF,1,4,Canadian Tire Centre
2025020867,20252026,2,2026-01-31,2026-02-01T00:00:00Z,18,2,OFF,4,3,UBS Arena
2025020868,20252026,2,2026-01-31,2026-02-01T00:00:00Z,29,19,OFF,5,3,Enterprise Center
2025020869,20252026,2,2026-01-31,2026-02-01T00:00:00Z,10,23,OFF,3,2,Rogers Arena
2025020870,20252026,2,2026-01-31,2026-02-01T02:00:00Z,25,68,OFF,3,2,Delta Center
2025020871,20252026,2,2026-01-31,2026-02-01T03:00:00Z,30,22,OFF,7,3,Rogers Place
2025020872,20252026,2,2026-01-31,2026-02-01T03:00:00Z,55,54,OFF,3,2,T-Mobile Arena
2025020873,20252026,2,2026-02-01,2026-02-01T23:30:00Z,6,14,OFF,5,6,Raymond James Stadium
2025020874,20252026,2,2026-02-01,2026-02-01T20:00:00Z,26,12,OFF,2,3,Lenovo Center
2025020875,20252026,2,2026-02-01,2026-02-02T02:30:00Z,54,24,OFF,3,4,Honda Center
2025020876,20252026,2,2026-02-02,2026-02-03T00:00:00Z,7,13,OFF,5,3,Amerant Bank Arena
2025020877,20252026,2,2026-02-02,2026-02-03T00:00:00Z,9,5,OFF,3,2,PPG Paints Arena
2025020878,20252026,2,2026-02-02,2026-02-03T00:00:00Z,2,15,OFF,1,4,Capital One Arena
2025020879,20252026,2,2026-02-02,2026-02-03T00:30:00Z,8,30,OFF,3,4,Grand Casino Arena
2025020880,20252026,2,2026-02-02,2026-02-03T01:00:00Z,19,18,OFF,5,6,Bridgestone Arena
2025020881,20252026,2,2026-02-02,2026-02-03T01:30:00Z,28,16,OFF,3,6,United Center
2025020882,20252026,2,2026-02-02,2026-02-03T01:30:00Z,52,25,OFF,3,4,American Airlines Center
2025020883,20252026,2,2026-02-02,2026-02-03T02:00:00Z,17,21,OFF,2,0,Ball Arena
2025020884,20252026,2,2026-02-02,2026-02-03T02:30:00Z,23,68,OFF,2,6,Delta Center
2025020885,20252026,2,2026-02-02,2026-02-03T03:00:00Z,10,20,OFF,4,2,Scotiabank Saddledome
2025020886,20252026,2,2026-02-03,2026-02-04T00:30:00Z,7,14,OFF,3,4,Benchmark International Arena
2025020887,20252026,2,2026-02-03,2026-02-04T00:00:00Z,29,1,OFF,3,0,Prudential Center
2025020888,20252026,2,2026-02-03,2026-02-04T00:30:00Z,5,2,OFF,4,5,UBS Arena
2025020889,20252026,2,2026-02-03,2026-02-04T00:00:00Z,15,4,OFF,2,4,Xfinity Mobile Arena
2025020890,20252026,2,2026-02-03,2026-02-04T00:00:00Z,9,12,OFF,3,4,Lenovo Center
2025020891,20252026,2,2026-02-03,2026-02-04T01:30:00Z,10,22,OFF,5,2,Rogers Place
2025020892,20252026,2,2026-02-03,2026-02-04T03:00:00Z,55,24,OFF,2,4,Honda Center
2025020893,20252026,2,2026-02-04,2026-02-05T00:00:00Z,6,13,OFF,4,5,Amerant Bank Arena
2025020894,20252026,2,2026-02-04,2026-02-05T00:00:00Z,16,29,OFF,0,4,Nationwide Arena
2025020895,20252026,2,2026-02-04,2026-02-05T00:00:00Z,8,52,OFF,5,1,Canada Life Centre
2025020896,20252026,2,2026-02-04,2026-02-05T01:00:00Z,30,18,OFF,6,5,Bridgestone Arena
2025020897,20252026,2,2026-02-04,2026-02-05T02:00:00Z,28,21,OFF,2,4,Ball Arena
2025020898,20252026,2,2026-02-04,2026-02-05T02:00:00Z,17,68,OFF,1,4,Delta Center
2025020899,20252026,2,2026-02-04,2026-02-05T02:30:00Z,19,25,OFF,4,5,American Airlines Center
2025020900,20252026,2,2026-02-04,2026-02-05T03:00:00Z,22,20,OFF,3,4,Scotiabank Saddledome
2025020901,20252026,2,2026-02-04,2026-02-05T03:00:00Z,23,54,OFF,2,5,T-Mobile Arena
2025020902,20252026,2,2026-02-04,2026-02-05T03:00:00Z,55,26,OFF,4,2,Crypto.com Arena
2025020903,20252026,2,2026-02-05,2026-02-06T00:00:00Z,5,7,OFF,5,2,KeyBank Center
2025020904,20252026,2,2026-02-05,2026-02-06T00:30:00Z,13,14,OFF,1,6,Benchmark International Arena
2025020905,20252026,2,2026-02-05,2026-02-06T00:00:00Z,2,1,OFF,3,1,Prudential Center
2025020906,20252026,2,2026-02-05,2026-02-06T00:00:00Z,12,3,OFF,2,0,Madison Square Garden
2025020907,20252026,2,2026-02-05,2026-02-06T00:00:00Z,9,4,OFF,2,1,Xfinity Mobile Arena
2025020908,20252026,2,2026-02-05,2026-02-06T00:00:00Z,18,15,OFF,2,4,Capital One Arena
2025020909,20252026,2,2026-02-05,2026-02-06T03:00:00Z,26,54,OFF,1,4,T-Mobile Arena
2025020910,20252026,2,2026-02-25,2026-02-26T00:00:00Z,7,1,OFF,2,1,Prudential Center
2025020911,20252026,2,2026-02-25,2026-02-26T00:00:00Z,4,15,OFF,1,3,Capital One Arena
2025020912,20252026,2,2026-02-25,2026-02-26T00:30:00Z,10,14,OFF,2,4,Benchmark International Arena
2025020913,20252026,2,2026-02-25,2026-02-26T01:00:00Z,55,25,OFF,1,4,American Airlines Center
2025020914,20252026,2,2026-02-25,2026-02-26T02:00:00Z,21,68,OFF,4,2,Delta Center
2025020915,20252026,2,2026-02-25,2026-02-26T03:00:00Z,52,23,OFF,3,2,Rogers Arena
2025020916,20252026,2,2026-02-25,2026-02-26T03:00:00Z,54,26,OFF,6,4,Crypto.com Arena
2025020917,20252026,2,2026-02-25,2026-02-26T03:30:00Z,22,24,OFF,5,6,Honda Center
2025020918,20252026,2,2026-02-26,2026-02-27T00:00:00Z,29,6,OFF,2,4,TD Garden
2025020919,20252026,2,2026-02-26,2026-02-27T00:00:00Z,2,8,OFF,4,3,Centre Bell
2025020920,20252026,2,2026-02-26,2026-02-27T00:00:00Z,17,9,OFF,2,1,Canadian Tire Centre
2025020921,20252026,2,2026-02-26,2026-02-27T00:00:00Z,10,13,OFF,1,5,Amerant Bank Arena
2025020922,20252026,2,2026-02-26,2026-02-27T00:00:00Z,1,5,OFF,1,4,PPG Paints Arena
2025020923,20252026,2,2026-02-26,2026-02-27T00:00:00Z,14,12,OFF,4,5,Lenovo Center
2025020924,20252026,2,2026-02-26,2026-02-27T01:00:00Z,4,3,OFF,3,2,Madison Square Garden
2025020925,20252026,2,2026-02-26,2026-02-27T01:00:00Z,55,19,OFF,1,5,Enterprise Center
2025020926,20252026,2,2026-02-26,2026-02-27T01:00:00Z,16,18,OFF,2,4,Bridgestone Arena
2025020927,20252026,2,2026-02-26,2026-02-27T02:00:00Z,30,21,OFF,5,2,Ball Arena
2025020928,20252026,2,2026-02-26,2026-02-27T03:00:00Z,20,28,OFF,4,1,SAP Center at San Jose
2025020929,20252026,2,2026-02-26,2026-02-27T03:30:00Z,22,26,OFF,8,1,Crypto.com Arena
2025020930,20252026,2,2026-02-27,2026-02-28T00:00:00Z,7,13,OFF,3,2,Amerant Bank Arena
2025020931,20252026,2,2026-02-27,2026-02-28T00:00:00Z,54,15,OFF,2,3,Capital One Arena
2025020932,20252026,2,2026-02-27,2026-02-28T02:00:00Z,30,68,OFF,2,5,Delta Center
2025020933,20252026,2,2026-02-27,2026-02-28T03:00:00Z,52,24,OFF,4,5,Honda Center
2025020934,20252026,2,2026-02-28,2026-02-28T17:30:00Z,5,3,OFF,2,3,Madison Square Garden
2025020935,20252026,2,2026-02-28,2026-02-28T20:00:00Z,6,4,OFF,1,3,Xfinity Mobile Arena
2025020936,20252026,2,2026-02-28,2026-02-28T21:00:00Z,22,28,OFF,4,5,SAP Center at San Jose
2025020937,20252026,2,2026-02-28,2026-02-28T23:00:00Z,2,29,OFF,4,3,Nationwide Arena
2025020938,20252026,2,2026-02-28,2026-02-28T23:00:00Z,16,21,OFF,1,3,Ball Arena
2025020939,20252026,2,2026-02-28,2026-03-01T00:00:00Z,9,10,OFF,5,2,Scotiabank Arena
2025020940,20252026,2,2026-02-28,2026-03-01T00:00:00Z,15,8,OFF,2,6,Centre Bell
2025020941,20252026,2,2026-02-28,2026-03-01T00:00:00Z,7,14,OFF,6,2,Benchmark International Arena
2025020942,20252026,2,2026-02-28,2026-03-01T00:00:00Z,17,12,OFF,2,5,Lenovo Center
2025020943,20252026,2,2026-02-28,2026-02-28T22:00:00Z,1,19,OFF,3,1,Enterprise Center
2025020944,20252026,2,2026-02-28,2026-03-01T00:00:00Z,20,26,OFF,0,2,Crypto.com Arena
2025020945,20252026,2,2026-02-28,2026-03-01T01:00:00Z,18,25,OFF,2,3,American Airlines Center
2025020946,20252026,2,2026-02-28,2026-03-01T03:00:00Z,23,55,OFF,1,5,Climate Pledge Arena
2025020947,20252026,2,2026-03-01,2026-03-01T18:00:00Z,54,5,OFF,0,5,PPG Paints Arena
2025020948,20252026,2,2026-03-01,2026-03-01T23:30:00Z,13,2,OFF,4,5,UBS Arena
2025020949,20252026,2,2026-03-01,2026-03-01T21:00:00Z,16,68,OFF,4,0,Delta Center
2025020950,20252026,2,2026-03-01,2026-03-01T21:00:00Z,52,28,OFF,1,2,SAP Center at San Jose
2025020951,20252026,2,2026-03-01,2026-03-01T22:00:00Z,19,30,OFF,3,1,Grand Casino Arena
2025020952,20252026,2,2026-03-01,2026-03-02T01:00:00Z,20,24,OFF,2,3,Honda Center
2025020953,20252026,2,2026-03-02,2026-03-03T00:00:00Z,29,3,OFF,5,4,Madison Square Garden
2025020954,20252026,2,2026-03-02,2026-03-03T00:30:00Z,4,10,OFF,3,2,Scotiabank Arena
2025020955,20252026,2,2026-03-02,2026-03-02T19:00:00Z,17,18,OFF,4,2,Bridgestone Arena
2025020956,20252026,2,2026-03-02,2026-03-03T03:00:00Z,25,23,OFF,6,1,Rogers Arena
2025020957,20252026,2,2026-03-02,2026-03-03T03:00:00Z,12,55,OFF,1,2,Climate Pledge Arena
2025020958,20252026,2,2026-03-02,2026-03-03T03:30:00Z,21,26,OFF,4,2,Crypto.com Arena
2025020959,20252026,2,2026-03-03,2026-03-04T00:00:00Z,5,6,OFF,1,2,TD Garden
2025020960,20252026,2,2026-03-03,2026-03-04T00:00:00Z,54,7,OFF,2,3,KeyBank Center
2025020961,20252026,2,2026-03-03,2026-03-04T00:00:00Z,13,1,OFF,1,5,Prudential Center
2025020962,20252026,2,2026-03-03,2026-03-04T00:00:00Z,68,15,OFF,3,2,Capital One Arena
2025020963,20252026,2,2026-03-03,2026-03-04T00:00:00Z,18,29,OFF,2,3,Nationwide Arena
2025020964,20252026,2,2026-03-03,2026-03-04T01:00:00Z,16,52,OFF,2,3,Canada Life Centre
2025020965,20252026,2,2026-03-03,2026-03-04T02:00:00Z,25,20,OFF,6,1,Scotiabank Saddledome
2025020966,20252026,2,2026-03-03,2026-03-04T02:00:00Z,9,22,OFF,4,5,Rogers Place
2025020967,20252026,2,2026-03-03,2026-03-04T02:30:00Z,14,30,OFF,1,5,Grand Casino Arena
2025020968,20252026,2,2026-03-03,2026-03-04T03:00:00Z,21,24,OFF,5,1,Honda Center
2025020969,20252026,2,2026-03-03,2026-03-04T03:00:00Z,8,28,OFF,5,7,SAP Center at San Jose
2025020970,20252026,2,2026-03-04,2026-03-05T00:00:00Z,54,17,OFF,4,3,Little Caesars Arena
2025020971,20252026,2,2026-03-04,2026-03-05T00:00:00Z,10,1,OFF,3,4,Prudential Center
2025020972,20252026,2,2026-03-04,2026-03-05T03:00:00Z,12,23,OFF,6,4,Rogers Arena
2025020973,20252026,2,2026-03-04,2026-03-05T03:00:00Z,2,24,OFF,1,5,Honda Center
2025020974,20252026,2,2026-03-04,2026-03-05T03:00:00Z,19,55,OFF,3,2,Climate Pledge Arena
2025020975,20252026,2,2026-03-05,2026-03-06T00:00:00Z,10,3,OFF,2,6,Madison Square Garden
2025020976,20252026,2,2026-03-05,2026-03-06T00:00:00Z,68,4,OFF,3,0,Xfinity Mobile Arena
2025020977,20252026,2,2026-03-05,2026-03-06T00:00:00Z,7,5,OFF,5,1,PPG Paints Arena
2025020978,20252026,2,2026-03-05,2026-03-06T00:00:00Z,13,29,OFF,2,4,Nationwide Arena
2025020979,20252026,2,2026-03-05,2026-03-06T01:00:00Z,6,18,OFF,3,6,Bridgestone Arena
2025020980,20252026,2,2026-03-05,2026-03-06T01:00:00Z,14,52,OFF,1,4,Canada Life Centre
2025020981,20252026,2,2026-03-05,2026-03-06T02:00:00Z,9,20,OFF,4,1,Scotiabank Saddledome
2025020982,20252026,2,2026-03-05,2026-03-06T02:30:00Z,2,26,OFF,3,5,Crypto.com Arena
2025020983,20252026,2,2026-03-06,2026-03-07T00:00:00Z,13,17,OFF,3,1,Little Caesars Arena
2025020984,20252026,2,2026-03-06,2026-03-07T01:00:00Z,21,25,OFF,5,4,American Airlines Center
2025020985,20252026,2,2026-03-06,2026-03-07T01:30:00Z,23,16,OFF,6,3,United Center
2025020986,20252026,2,2026-03-06,2026-03-07T02:00:00Z,12,22,OFF,6,3,Rogers Place
2025020987,20252026,2,2026-03-06,2026-03-07T02:00:00Z,8,24,OFF,5,6,Honda Center
2025020988,20252026,2,2026-03-06,2026-03-07T03:00:00Z,30,54,OFF,4,2,T-Mobile Arena
2025020989,20252026,2,2026-03-06,2026-03-07T03:00:00Z,19,28,OFF,3,2,SAP Center at San Jose
2025020990,20252026,2,2026-03-07,2026-03-07T17:30:00Z,15,6,OFF,1,3,TD Garden
2025020991,20252026,2,2026-03-07,2026-03-07T20:00:00Z,3,1,OFF,3,6,Prudential Center
2025020992,20252026,2,2026-03-07,2026-03-07T22:30:00Z,18,7,OFF,2,3,KeyBank Center
2025020993,20252026,2,2026-03-07,2026-03-07T22:30:00Z,4,5,OFF,4,3,PPG Paints Arena
2025020994,20252026,2,2026-03-07,2026-03-08T00:00:00Z,14,10,OFF,5,2,Scotiabank Arena
2025020995,20252026,2,2026-03-07,2026-03-08T00:00:00Z,68,29,OFF,5,4,Nationwide Arena
2025020996,20252026,2,2026-03-07,2026-03-08T00:00:00Z,23,52,OFF,2,3,Canada Life Centre
2025020997,20252026,2,2026-03-07,2026-03-08T00:00:00Z,8,26,OFF,4,3,Crypto.com Arena
2025020998,20252026,2,2026-03-07,2026-03-08T03:00:00Z,12,20,OFF,4,5,Scotiabank Saddledome
2025020999,20252026,2,2026-03-07,2026-03-08T03:00:00Z,2,28,OFF,2,1,SAP Center at San Jose
2025021000,20252026,2,2026-03-07,2026-03-08T03:00:00Z,9,55,OFF,7,4,Climate Pledge Arena
2025021001,20252026,2,2026-03-08,2026-03-08T18:00:00Z,30,21,OFF,2,3,Ball Arena
2025021002,20252026,2,2026-03-08,2026-03-08T20:30:00Z,6,5,OFF,4,5,PPG Paints Arena
2025021003,20252026,2,2026-03-08,2026-03-08T22:00:00Z,14,7,OFF,7,8,KeyBank Center
2025021004,20252026,2,2026-03-08,2026-03-08T22:00:00Z,16,25,OFF,3,4,American Airlines Center
2025021005,20252026,2,2026-03-08,2026-03-08T23:00:00Z,17,1,OFF,3,0,Prudential Center
2025021006,20252026,2,2026-03-08,2026-03-09T01:00:00Z,19,24,OFF,4,0,Honda Center
2025021007,20252026,2,2026-03-08,2026-03-09T01:30:00Z,22,54,OFF,4,2,T-Mobile Arena
2025020828,20252026,2,2026-03-09,2026-03-09T20:00:00Z,26,29,OFF,5,4,Nationwide Arena
2025021008,20252026,2,2026-03-09,2026-03-09T23:00:00Z,3,4,OFF,6,2,Xfinity Mobile Arena
2025021009,20252026,2,2026-03-09,2026-03-09T23:00:00Z,20,15,OFF,3,7,Capital One Arena
2025021010,20252026,2,2026-03-09,2026-03-10T00:30:00Z,68,16,OFF,2,3,United Center
2025021011,20252026,2,2026-03-09,2026-03-10T01:00:00Z,9,23,OFF,2,0,Rogers Arena
2025021012,20252026,2,2026-03-10,2026-03-10T23:00:00Z,26,6,OFF,1,2,TD Garden
2025021013,20252026,2,2026-03-10,2026-03-10T23:00:00Z,28,7,OFF,3,6,KeyBank Center
2025021014,20252026,2,2026-03-10,2026-03-10T23:00:00Z,10,8,OFF,1,3,Centre Bell
2025021015,20252026,2,2026-03-10,2026-03-10T23:00:00Z,29,14,OFF,5,2,Benchmark International Arena
2025021016,20252026,2,2026-03-10,2026-03-10T23:00:00Z,17,13,OFF,3,4,Amerant Bank Arena
2025021017,20252026,2,2026-03-10,2026-03-10T23:00:00Z,20,3,OFF,0,4,Madison Square Garden
2025021018,20252026,2,2026-03-10,2026-03-10T23:00:00Z,5,12,OFF,4,5,Lenovo Center
2025021019,20252026,2,2026-03-10,2026-03-10T23:30:00Z,2,19,OFF,4,3,Enterprise Center
2025021020,20252026,2,2026-03-10,2026-03-11T00:00:00Z,54,25,OFF,1,2,American Airlines Center
2025021021,20252026,2,2026-03-10,2026-03-11T00:00:00Z,68,30,OFF,0,5,Grand Casino Arena
2025021022,20252026,2,2026-03-10,2026-03-11T00:30:00Z,24,52,OFF,4,1,Canada Life Centre
2025021023,20252026,2,2026-03-10,2026-03-11T02:00:00Z,22,21,OFF,4,3,Ball Arena
2025021024,20252026,2,2026-03-10,2026-03-11T02:00:00Z,18,55,OFF,4,2,Climate Pledge Arena
2025021025,20252026,2,2026-03-11,2026-03-11T23:30:00Z,8,9,OFF,3,2,Canadian Tire Centre
2025021026,20252026,2,2026-03-11,2026-03-11T23:30:00Z,15,4,OFF,1,4,Xfinity Mobile Arena
2025021027,20252026,2,2026-03-12,2026-03-12T23:00:00Z,28,6,OFF,4,2,TD Garden
2025021028,20252026,2,2026-03-12,2026-03-12T23:00:00Z,15,7,OFF,2,1,KeyBank Center
2025021029,20252026,2,2026-03-12,2026-03-12T23:00:00Z,24,10,OFF,4,6,Scotiabank Arena
2025021030,20252026,2,2026-03-12,2026-03-12T23:00:00Z,17,14,OFF,1,4,Benchmark International Arena
2025021031,20252026,2,2026-03-12,2026-03-12T23:00:00Z,29,13,OFF,1,2,Amerant Bank Arena
2025021032,20252026,2,2026-03-12,2026-03-12T23:00:00Z,20,1,OFF,5,4,Prudential Center
2025021033,20252026,2,2026-03-12,2026-03-12T23:00:00Z,19,12,OFF,3,1,Lenovo Center
2025021034,20252026,2,2026-03-12,2026-03-13T00:00:00Z,22,25,OFF,2,7,American Airlines Center
2025021035,20252026,2,2026-03-12,2026-03-13T00:00:00Z,4,30,OFF,3,2,Grand Casino Arena
2025021036,20252026,2,2026-03-12,2026-03-13T00:00:00Z,3,52,OFF,6,3,Canada Life Centre
2025021037,20252026,2,2026-03-12,2026-03-13T01:00:00Z,16,68,OFF,3,2,Delta Center
2025021038,20252026,2,2026-03-12,2026-03-13T02:00:00Z,18,23,OFF,3,4,Rogers Arena
2025021039,20252026,2,2026-03-12,2026-03-13T02:00:00Z,5,54,OFF,2,6,T-Mobile Arena
2025021040,20252026,2,2026-03-12,2026-03-13T02:00:00Z,21,55,OFF,5,1,Climate Pledge Arena
2025021041,20252026,2,2026-03-13,2026-03-13T23:00:00Z,26,2,OFF,3,2,UBS Arena
2025021042,20252026,2,2026-03-13,2026-03-14T00:00:00Z,22,19,OFF,2,3,Enterprise Center
2025021043,20252026,2,2026-03-14,2026-03-14T17:00:00Z,24,9,OFF,0,2,Canadian Tire Centre
2025021044,20252026,2,2026-03-14,2026-03-14T19:00:00Z,6,15,OFF,3,2,Capital One Arena
2025021045,20252026,2,2026-03-14,2026-03-14T20:00:00Z,21,52,OFF,1,3,Canada Life Centre
2025021046,20252026,2,2026-03-14,2026-03-14T22:00:00Z,3,30,OFF,4,2,Grand Casino Arena
2025021047,20252026,2,2026-03-14,2026-03-14T23:00:00Z,10,7,OFF,2,3,KeyBank Center
2025021048,20252026,2,2026-03-14,2026-03-14T23:00:00Z,28,8,OFF,4,2,Centre Bell
2025021049,20252026,2,2026-03-14,2026-03-14T23:00:00Z,12,14,OFF,4,2,Benchmark International Arena
2025021050,20252026,2,2026-03-14,2026-03-14T23:00:00Z,26,1,OFF,4,6,Prudential Center
2025021051,20252026,2,2026-03-14,2026-03-14T23:00:00Z,20,2,OFF,2,3,UBS Arena
2025021052,20252026,2,2026-03-14,2026-03-14T23:30:00Z,29,4,OFF,2,1,Xfinity Mobile Arena
2025021053,20252026,2,2026-03-14,2026-03-15T00:00:00Z,17,25,OFF,2,3,American Airlines Center
2025021054,20252026,2,2026-03-14,2026-03-15T01:00:00Z,5,68,OFF,4,3,Delta Center
2025021055,20252026,2,2026-03-14,2026-03-15T02:00:00Z,55,23,OFF,5,2,Rogers Arena
2025021056,20252026,2,2026-03-14,2026-03-15T02:00:00Z,16,54,OFF,0,4,T-Mobile Arena
2025021057,20252026,2,2026-03-15,2026-03-15T19:00:00Z,19,52,OFF,2,3,Canada Life Centre
2025021058,20252026,2,2026-03-15,2026-03-15T21:00:00Z,28,9,OFF,4,7,Canadian Tire Centre
2025021059,20252026,2,2026-03-15,2026-03-15T23:00:00Z,24,8,OFF,4,3,Centre Bell
2025021060,20252026,2,2026-03-15,2026-03-15T23:30:00Z,10,30,OFF,4,2,Grand Casino Arena
2025021061,20252026,2,2026-03-15,2026-03-16T00:00:00Z,18,22,OFF,1,3,Rogers Place
2025021062,20252026,2,2026-03-15,2026-03-16T00:00:00Z,13,55,OFF,2,6,Climate Pledge Arena
2025021063,20252026,2,2026-03-16,2026-03-16T23:00:00Z,20,17,OFF,2,5,Little Caesars Arena
2025021064,20252026,2,2026-03-16,2026-03-16T23:00:00Z,6,1,OFF,3,4,Prudential Center
2025021065,20252026,2,2026-03-16,2026-03-16T23:00:00Z,26,3,OFF,4,1,Madison Square Garden
2025021066,20252026,2,2026-03-16,2026-03-17T00:00:00Z,68,25,OFF,6,3,American Airlines Center
2025021067,20252026,2,2026-03-16,2026-03-17T01:30:00Z,5,21,OFF,7,2,Ball Arena
2025021068,20252026,2,2026-03-17,2026-03-17T23:00:00Z,2,10,OFF,3,1,Scotiabank Arena
2025021069,20252026,2,2026-03-17,2026-03-17T23:00:00Z,6,8,OFF,2,3,Centre Bell
2025021070,20252026,2,2026-03-17,2026-03-17T23:00:00Z,12,29,OFF,1,5,Nationwide Arena
2025021071,20252026,2,2026-03-17,2026-03-18T00:00:00Z,18,52,OFF,4,3,Canada Life Centre
2025021072,20252026,2,2026-03-17,2026-03-17T23:30:00Z,30,16,OFF,4,3,United Center
2025021073,20252026,2,2026-03-17,2026-03-18T01:00:00Z,28,22,OFF,3,5,Rogers Place
2025021074,20252026,2,2026-03-17,2026-03-18T02:00:00Z,13,23,OFF,2,5,Rogers Arena
2025021075,20252026,2,2026-03-17,2026-03-18T02:00:00Z,7,54,OFF,2,0,T-Mobile Arena
2025021076,20252026,2,2026-03-17,2026-03-18T02:00:00Z,14,55,OFF,6,2,Climate Pledge Arena
2025021077,20252026,2,2026-03-18,2026-03-18T23:00:00Z,1,3,OFF,6,3,Madison Square Garden
2025021078,20252026,2,2026-03-18,2026-03-18T23:00:00Z,5,12,OFF,5,6,Lenovo Center
2025021079,20252026,2,2026-03-18,2026-03-18T23:30:00Z,9,15,OFF,1,4,Capital One Arena
2025021080,20252026,2,2026-03-18,2026-03-19T01:30:00Z,25,21,OFF,2,1,Ball Arena
2025021081,20252026,2,2026-03-18,2026-03-19T01:30:00Z,19,20,OFF,1,2,Scotiabank Saddledome
2025021082,20252026,2,2026-03-18,2026-03-19T02:00:00Z,4,24,OFF,3,2,Honda Center
2025021083,20252026,2,2026-03-19,2026-03-19T23:00:00Z,52,6,OFF,1,6,TD Garden
2025021084,20252026,2,2026-03-19,2026-03-19T23:00:00Z,2,9,OFF,2,3,Canadian Tire Centre
2025021085,20252026,2,2026-03-19,2026-03-19T23:00:00Z,8,17,OFF,1,3,Little Caesars Arena
2025021086,20252026,2,2026-03-19,2026-03-19T23:00:00Z,3,29,OFF,3,6,Nationwide Arena
2025021087,20252026,2,2026-03-19,2026-03-20T00:00:00Z,55,18,OFF,1,3,Bridgestone Arena
2025021088,20252026,2,2026-03-19,2026-03-19T23:30:00Z,16,30,OFF,2,1,Grand Casino Arena
2025021089,20252026,2,2026-03-19,2026-03-20T01:00:00Z,13,22,OFF,4,0,Rogers Place
2025021090,20252026,2,2026-03-19,2026-03-20T02:00:00Z,14,23,OFF,6,2,Rogers Arena
2025021091,20252026,2,2026-03-19,2026-03-20T02:00:00Z,68,54,OFF,4,0,T-Mobile Arena
2025021092,20252026,2,2026-03-19,2026-03-20T02:00:00Z,7,28,OFF,5,0,SAP Center at San Jose
2025021093,20252026,2,2026-03-19,2026-03-20T02:30:00Z,4,26,OFF,4,3,Crypto.com Arena
2025021094,20252026,2,2026-03-20,2026-03-20T23:00:00Z,12,10,OFF,4,3,Scotiabank Arena
2025021095,20252026,2,2026-03-20,2026-03-20T23:00:00Z,1,15,OFF,1,2,Capital One Arena
2025021096,20252026,2,2026-03-20,2026-03-21T00:30:00Z,21,16,OFF,4,1,United Center
2025021097,20252026,2,2026-03-20,2026-03-21T01:00:00Z,13,20,OFF,1,4,Scotiabank Saddledome
2025021098,20252026,2,2026-03-20,2026-03-21T02:00:00Z,24,68,OFF,4,1,Delta Center
2025021099,20252026,2,2026-03-21,2026-03-21T17:00:00Z,52,5,OFF,4,5,PPG Paints Arena
2025021100,20252026,2,2026-03-21,2026-03-21T18:00:00Z,54,18,OFF,1,4,Bridgestone Arena
2025021101,20252026,2,2026-03-21,2026-03-21T20:00:00Z,25,30,OFF,1,2,Grand Casino Arena
2025021102,20252026,2,2026-03-21,2026-03-21T20:00:00Z,7,26,OFF,4,1,Crypto.com Arena
2025021103,20252026,2,2026-03-21,2026-03-21T20:00:00Z,4,28,OFF,4,1,SAP Center at San Jose
2025021104,20252026,2,2026-03-21,2026-03-21T21:00:00Z,55,29,OFF,2,5,Nationwide Arena
2025021105,20252026,2,2026-03-21,2026-03-21T23:00:00Z,2,8,OFF,3,7,Centre Bell
2025021106,20252026,2,2026-03-21,2026-03-21T23:00:00Z,10,9,OFF,2,5,Canadian Tire Centre
2025021107,20252026,2,2026-03-21,2026-03-21T23:00:00Z,19,23,OFF,3,1,Rogers Arena
2025021108,20252026,2,2026-03-21,2026-03-22T00:00:00Z,6,17,OFF,4,2,Little Caesars Arena
2025021109,20252026,2,2026-03-21,2026-03-22T02:00:00Z,14,22,OFF,5,2,Rogers Place
2025021110,20252026,2,2026-03-22,2026-03-22T16:00:00Z,52,3,OFF,3,2,Madison Square Garden
2025021111,20252026,2,2026-03-22,2026-03-22T16:30:00Z,21,15,OFF,3,2,Capital One Arena
2025021112,20252026,2,2026-03-22,2026-03-22T19:00:00Z,12,5,OFF,5,1,PPG Paints Arena
2025021113,20252026,2,2026-03-22,2026-03-22T19:00:00Z,18,16,OFF,3,2,United Center
2025021114,20252026,2,2026-03-22,2026-03-22T23:00:00Z,29,2,OFF,0,1,UBS Arena
2025021115,20252026,2,2026-03-22,2026-03-22T23:00:00Z,54,25,OFF,3,2,American Airlines Center
2025021116,20252026,2,2026-03-22,2026-03-23T00:00:00Z,14,20,OFF,3,4,Scotiabank Saddledome
2025021117,20252026,2,2026-03-22,2026-03-23T00:00:00Z,7,24,OFF,5,6,Honda Center
2025021118,20252026,2,2026-03-22,2026-03-23T01:00:00Z,26,68,OFF,3,4,Delta Center
2025021119,20252026,2,2026-03-23,2026-03-23T23:30:00Z,9,3,OFF,2,1,Madison Square Garden
2025021120,20252026,2,2026-03-24,2026-03-24T23:00:00Z,10,6,OFF,4,2,TD Garden
2025021121,20252026,2,2026-03-24,2026-03-24T23:00:00Z,12,8,OFF,2,5,Centre Bell
2025021122,20252026,2,2026-03-24,2026-03-24T23:00:00Z,9,17,OFF,3,2,Little Caesars Arena
2025021123,20252026,2,2026-03-24,2026-03-24T23:00:00Z,55,13,OFF,4,5,Amerant Bank Arena
2025021124,20252026,2,2026-03-24,2026-03-24T23:00:00Z,16,2,OFF,4,3,UBS Arena
2025021125,20252026,2,2026-03-24,2026-03-24T23:00:00Z,29,4,OFF,3,2,Xfinity Mobile Arena
2025021126,20252026,2,2026-03-24,2026-03-24T23:00:00Z,21,5,OFF,6,2,PPG Paints Arena
2025021127,20252026,2,2026-03-24,2026-03-24T23:30:00Z,30,14,OFF,3,6,Benchmark International Arena
2025021128,20252026,2,2026-03-24,2026-03-25T00:00:00Z,15,19,OFF,0,3,Enterprise Center
2025021129,20252026,2,2026-03-24,2026-03-25T00:00:00Z,28,18,OFF,3,6,Bridgestone Arena
2025021130,20252026,2,2026-03-24,2026-03-25T00:00:00Z,1,25,OFF,6,4,American Airlines Center
2025021131,20252026,2,2026-03-24,2026-03-25T00:00:00Z,54,52,OFF,1,4,Canada Life Centre
2025021132,20252026,2,2026-03-24,2026-03-25T01:30:00Z,22,68,OFF,5,2,Delta Center
2025021133,20252026,2,2026-03-24,2026-03-25T01:00:00Z,26,20,OFF,2,3,Scotiabank Saddledome
2025021134,20252026,2,2026-03-24,2026-03-25T02:00:00Z,24,23,OFF,5,3,Rogers Arena
2025021135,20252026,2,2026-03-25,2026-03-25T23:30:00Z,6,7,OFF,4,3,KeyBank Center
2025021136,20252026,2,2026-03-25,2026-03-25T23:30:00Z,3,10,OFF,3,4,Scotiabank Arena
2025021137,20252026,2,2026-03-26,2026-03-26T23:00:00Z,29,8,OFF,1,2,Centre Bell
2025021138,20252026,2,2026-03-26,2026-03-26T23:00:00Z,5,9,OFF,4,3,Canadian Tire Centre
2025021139,20252026,2,2026-03-26,2026-03-26T23:00:00Z,55,14,OFF,4,3,Benchmark International Arena
2025021140,20252026,2,2026-03-26,2026-03-26T23:00:00Z,30,13,OFF,3,2,Amerant Bank Arena
2025021141,20252026,2,2026-03-26,2026-03-26T23:00:00Z,25,2,OFF,1,2,UBS Arena
2025021142,20252026,2,2026-03-26,2026-03-26T23:00:00Z,16,4,OFF,1,5,Xfinity Mobile Arena
2025021143,20252026,2,2026-03-26,2026-03-27T00:00:00Z,28,19,OFF,1,2,Enterprise Center
2025021144,20252026,2,2026-03-26,2026-03-27T00:00:00Z,1,18,OFF,4,2,Bridgestone Arena
2025021145,20252026,2,2026-03-26,2026-03-27T00:00:00Z,21,52,OFF,3,2,Canada Life Centre
2025021146,20252026,2,2026-03-26,2026-03-27T01:00:00Z,15,68,OFF,7,4,Delta Center
2025021147,20252026,2,2026-03-26,2026-03-27T01:00:00Z,24,20,OFF,3,2,Scotiabank Saddledome
2025021148,20252026,2,2026-03-26,2026-03-27T01:30:00Z,22,54,OFF,4,3,T-Mobile Arena
2025021149,20252026,2,2026-03-26,2026-03-27T02:00:00Z,26,23,OFF,4,0,Rogers Arena
2025021150,20252026,2,2026-03-27,2026-03-27T23:00:00Z,17,7,OFF,5,2,KeyBank Center
2025021151,20252026,2,2026-03-27,2026-03-27T23:00:00Z,16,3,OFF,1,6,Madison Square Garden
2025021152,20252026,2,2026-03-28,2026-03-28T17:00:00Z,9,14,OFF,2,4,Benchmark International Arena
2025021153,20252026,2,2026-03-28,2026-03-28T17:00:00Z,13,2,OFF,2,5,UBS Arena
2025021154,20252026,2,2026-03-28,2026-03-28T19:30:00Z,24,22,OFF,2,4,Rogers Place
2025021155,20252026,2,2026-03-28,2026-03-28T21:00:00Z,30,6,OFF,3,6,TD Garden
2025021156,20252026,2,2026-03-28,2026-03-28T21:00:00Z,25,5,OFF,6,3,PPG Paints Arena
2025021157,20252026,2,2026-03-28,2026-03-28T21:00:00Z,1,12,OFF,2,5,Lenovo Center
2025021158,20252026,2,2026-03-28,2026-03-28T21:00:00Z,28,29,OFF,3,2,Nationwide Arena
2025021159,20252026,2,2026-03-28,2026-03-28T21:30:00Z,55,7,OFF,2,3,KeyBank Center
2025021160,20252026,2,2026-03-28,2026-03-28T23:00:00Z,10,19,OFF,1,5,Enterprise Center
2025021161,20252026,2,2026-03-28,2026-03-28T23:00:00Z,8,18,OFF,4,1,Bridgestone Arena
2025021162,20252026,2,2026-03-28,2026-03-28T23:00:00Z,52,21,OFF,4,2,Ball Arena
2025021163,20252026,2,2026-03-28,2026-03-29T00:00:00Z,4,17,OFF,5,3,Little Caesars Arena
2025021164,20252026,2,2026-03-28,2026-03-29T01:00:00Z,68,26,OFF,6,2,Crypto.com Arena
2025021165,20252026,2,2026-03-28,2026-03-29T02:00:00Z,23,20,OFF,3,7,Scotiabank Saddledome
2025021166,20252026,2,2026-03-28,2026-03-29T02:30:00Z,15,54,OFF,5,4,T-Mobile Arena
2025021167,20252026,2,2026-03-29,2026-03-29T17:00:00Z,13,3,OFF,1,3,Madison Square Garden
2025021168,20252026,2,2026-03-29,2026-03-29T21:00:00Z,18,14,OFF,2,3,Benchmark International Arena
2025021169,20252026,2,2026-03-29,2026-03-29T21:00:00Z,8,12,OFF,3,1,Lenovo Center
2025021170,20252026,2,2026-03-29,2026-03-29T21:00:00Z,6,29,OFF,4,3,Nationwide Arena
2025021171,20252026,2,2026-03-29,2026-03-29T23:00:00Z,16,1,OFF,3,5,Prudential Center
2025021172,20252026,2,2026-03-29,2026-03-29T23:00:00Z,25,4,OFF,1,2,Xfinity Mobile Arena
2025021173,20252026,2,2026-03-30,2026-03-30T23:00:00Z,5,2,OFF,8,3,UBS Arena
2025021174,20252026,2,2026-03-30,2026-03-31T00:30:00Z,20,21,OFF,2,9,Ball Arena
2025021175,20252026,2,2026-03-30,2026-03-31T02:00:00Z,23,54,OFF,2,4,T-Mobile Arena
2025021176,20252026,2,2026-03-30,2026-03-31T02:00:00Z,10,24,OFF,5,4,Honda Center
2025021177,20252026,2,2026-03-30,2026-03-31T02:00:00Z,19,28,OFF,4,5,SAP Center at San Jose
2025021178,20252026,2,2026-03-31,2026-03-31T23:00:00Z,25,6,OFF,3,6,TD Garden
2025021179,20252026,2,2026-03-31,2026-03-31T23:00:00Z,2,7,OFF,3,4,KeyBank Center
2025021180,20252026,2,2026-03-31,2026-03-31T23:00:00Z,8,14,OFF,4,1,Benchmark International Arena
2025021181,20252026,2,2026-03-31,2026-03-31T23:00:00Z,9,13,OFF,3,6,Amerant Bank Arena
2025021182,20252026,2,2026-03-31,2026-03-31T23:00:00Z,1,3,OFF,1,4,Madison Square Garden
2025021183,20252026,2,2026-03-31,2026-03-31T23:00:00Z,17,5,OFF,1,5,PPG Paints Arena
2025021184,20252026,2,2026-03-31,2026-03-31T23:00:00Z,4,15,OFF,4,6,Capital One Arena
2025021185,20252026,2,2026-03-31,2026-03-31T23:30:00Z,12,29,OFF,5,2,Nationwide Arena
2025021186,20252026,2,2026-03-31,2026-04-01T00:30:00Z,52,16,OFF,4,3,United Center
2025021187,20252026,2,2026-03-31,2026-04-01T01:00:00Z,55,22,OFF,0,3,Rogers Place
2025021188,20252026,2,2026-04-01,2026-04-02T00:30:00Z,23,21,OFF,8,6,Ball Arena
2025021189,20252026,2,2026-04-01,2026-04-02T01:00:00Z,19,26,OFF,1,2,Crypto.com Arena
2025021190,20252026,2,2026-04-01,2026-04-02T01:00:00Z,24,28,OFF,3,4,SAP Center at San Jose
2025021191,20252026,2,2026-04-02,2026-04-02T23:00:00Z,7,9,OFF,1,4,Canadian Tire Centre
2025021192,20252026,2,2026-04-02,2026-04-02T23:00:00Z,5,14,OFF,3,6,Benchmark International Arena
2025021193,20252026,2,2026-04-02,2026-04-02T23:00:00Z,6,13,OFF,1,2,Amerant Bank Arena
2025021194,20252026,2,2026-04-02,2026-04-02T23:30:00Z,15,1,OFF,3,7,Prudential Center
2025021195,20252026,2,2026-04-02,2026-04-02T23:00:00Z,8,3,OFF,3,2,Madison Square Garden
2025021196,20252026,2,2026-04-02,2026-04-02T23:00:00Z,17,4,OFF,4,2,Xfinity Mobile Arena
2025021197,20252026,2,2026-04-02,2026-04-02T23:00:00Z,29,12,OFF,1,5,Lenovo Center
2025021198,20252026,2,2026-04-02,2026-04-03T00:00:00Z,52,25,OFF,0,3,American Airlines Center
2025021199,20252026,2,2026-04-02,2026-04-03T00:00:00Z,23,30,OFF,2,5,Grand Casino Arena
2025021200,20252026,2,2026-04-02,2026-04-03T01:00:00Z,16,22,OFF,1,3,Rogers Place
2025021201,20252026,2,2026-04-02,2026-04-03T02:00:00Z,20,54,OFF,3,6,T-Mobile Arena
2025021202,20252026,2,2026-04-02,2026-04-03T02:00:00Z,10,28,OFF,1,4,SAP Center at San Jose
2025021203,20252026,2,2026-04-02,2026-04-03T02:00:00Z,68,55,OFF,6,2,Climate Pledge Arena
2025021204,20252026,2,2026-04-02,2026-04-03T02:30:00Z,18,26,OFF,5,4,Crypto.com Arena
2025021205,20252026,2,2026-04-03,2026-04-03T23:00:00Z,4,2,OFF,4,1,UBS Arena
2025021206,20252026,2,2026-04-03,2026-04-04T02:00:00Z,19,24,OFF,6,2,Honda Center
2025021207,20252026,2,2026-04-04,2026-04-04T16:30:00Z,17,3,OFF,1,4,Madison Square Garden
2025021208,20252026,2,2026-04-04,2026-04-04T17:00:00Z,30,9,OFF,4,1,Canadian Tire Centre
2025021209,20252026,2,2026-04-04,2026-04-04T19:00:00Z,21,25,OFF,2,0,American Airlines Center
2025021210,20252026,2,2026-04-04,2026-04-04T21:00:00Z,6,14,OFF,1,3,Benchmark International Arena
2025021211,20252026,2,2026-04-04,2026-04-04T21:00:00Z,13,5,OFF,4,9,PPG Paints Arena
2025021212,20252026,2,2026-04-04,2026-04-04T23:00:00Z,8,1,OFF,4,3,Prudential Center
2025021213,20252026,2,2026-04-04,2026-04-04T23:00:00Z,7,15,OFF,2,6,Capital One Arena
2025021214,20252026,2,2026-04-04,2026-04-04T23:00:00Z,2,12,OFF,3,4,Lenovo Center
2025021215,20252026,2,2026-04-04,2026-04-04T23:00:00Z,52,29,OFF,2,1,Nationwide Arena
2025021216,20252026,2,2026-04-04,2026-04-04T23:00:00Z,68,23,OFF,7,4,Rogers Arena
2025021217,20252026,2,2026-04-04,2026-04-04T23:00:00Z,10,26,OFF,6,7,Crypto.com Arena
2025021218,20252026,2,2026-04-04,2026-04-05T02:00:00Z,54,22,OFF,5,1,Rogers Place
2025021219,20252026,2,2026-04-04,2026-04-05T02:00:00Z,20,24,OFF,5,3,Honda Center
2025021220,20252026,2,2026-04-04,2026-04-05T02:00:00Z,18,28,OFF,6,3,SAP Center at San Jose
2025021221,20252026,2,2026-04-04,2026-04-05T02:00:00Z,16,55,OFF,4,2,Climate Pledge Arena
2025021222,20252026,2,2026-04-05,2026-04-05T17:00:00Z,30,17,OFF,5,4,Little Caesars Arena
2025021223,20252026,2,2026-04-05,2026-04-05T19:00:00Z,13,5,OFF,2,5,PPG Paints Arena
2025021224,20252026,2,2026-04-05,2026-04-05T19:30:00Z,6,4,OFF,1,2,Xfinity Mobile Arena
2025021225,20252026,2,2026-04-05,2026-04-05T21:00:00Z,12,9,OFF,3,6,Canadian Tire Centre
2025021226,20252026,2,2026-04-05,2026-04-05T23:00:00Z,1,8,OFF,3,0,Centre Bell
2025021227,20252026,2,2026-04-05,2026-04-05T23:00:00Z,15,3,OFF,1,8,Madison Square Garden
2025021228,20252026,2,2026-04-05,2026-04-06T01:30:00Z,19,21,OFF,3,2,Ball Arena
2025021229,20252026,2,2026-04-06,2026-04-06T23:00:00Z,14,7,OFF,2,4,KeyBank Center
2025021230,20252026,2,2026-04-06,2026-04-06T23:30:00Z,55,52,OFF,2,6,Canada Life Centre
2025021231,20252026,2,2026-04-06,2026-04-07T02:00:00Z,16,28,OFF,2,3,SAP Center at San Jose
2025021232,20252026,2,2026-04-06,2026-04-07T02:30:00Z,18,26,OFF,2,3,Crypto.com Arena
2025021233,20252026,2,2026-04-07,2026-04-07T23:00:00Z,13,8,OFF,3,4,Centre Bell
2025021234,20252026,2,2026-04-07,2026-04-07T23:00:00Z,14,9,OFF,2,6,Canadian Tire Centre
2025021235,20252026,2,2026-04-07,2026-04-07T23:00:00Z,29,17,OFF,4,3,Little Caesars Arena
2025021236,20252026,2,2026-04-07,2026-04-07T23:00:00Z,4,1,OFF,5,1,Prudential Center
2025021237,20252026,2,2026-04-07,2026-04-07T23:00:00Z,6,12,OFF,5,6,Lenovo Center
2025021238,20252026,2,2026-04-07,2026-04-08T00:00:00Z,21,19,OFF,3,1,Enterprise Center
2025021239,20252026,2,2026-04-07,2026-04-08T00:00:00Z,20,25,OFF,3,4,American Airlines Center
2025021240,20252026,2,2026-04-07,2026-04-08T00:00:00Z,55,30,OFF,2,5,Grand Casino Arena
2025021241,20252026,2,2026-04-07,2026-04-08T01:30:00Z,22,68,OFF,5,6,Delta Center
2025021242,20252026,2,2026-04-07,2026-04-08T02:00:00Z,54,23,OFF,2,1,Rogers Arena
2025021243,20252026,2,2026-04-07,2026-04-08T02:00:00Z,18,24,OFF,5,0,Honda Center
2025021244,20252026,2,2026-04-08,2026-04-08T23:00:00Z,7,3,OFF,5,3,Madison Square Garden
2025021245,20252026,2,2026-04-08,2026-04-08T23:30:00Z,15,10,OFF,4,0,Scotiabank Arena
2025021246,20252026,2,2026-04-08,2026-04-09T02:00:00Z,22,28,OFF,5,2,SAP Center at San Jose
2025021247,20252026,2,2026-04-09,2026-04-09T23:00:00Z,29,7,OFF,0,5,KeyBank Center
2025021248,20252026,2,2026-04-09,2026-04-09T23:00:00Z,14,8,OFF,1,2,Centre Bell
2025021249,20252026,2,2026-04-09,2026-04-09T23:00:00Z,13,9,OFF,1,5,Canadian Tire Centre
2025021250,20252026,2,2026-04-09,2026-04-09T23:00:00Z,4,17,OFF,3,6,Little Caesars Arena
2025021251,20252026,2,2026-04-09,2026-04-09T23:00:00Z,5,1,OFF,5,2,Prudential Center
2025021252,20252026,2,2026-04-09,2026-04-09T22:45:00Z,10,2,OFF,3,5,UBS Arena
2025021253,20252026,2,2026-04-09,2026-04-10T00:00:00Z,52,19,OFF,3,2,Enterprise Center
2025021254,20252026,2,2026-04-09,2026-04-10T01:00:00Z,30,25,OFF,4,5,American Airlines Center
2025021255,20252026,2,2026-04-09,2026-04-10T00:30:00Z,12,16,OFF,7,2,United Center
2025021256,20252026,2,2026-04-09,2026-04-10T01:00:00Z,20,21,OFF,1,3,Ball Arena
2025021257,20252026,2,2026-04-09,2026-04-10T01:00:00Z,18,68,OFF,1,4,Delta Center
2025021258,20252026,2,2026-04-09,2026-04-10T02:00:00Z,28,24,OFF,1,6,Honda Center
2025021259,20252026,2,2026-04-09,2026-04-10T02:00:00Z,54,55,OFF,3,4,Climate Pledge Arena
2025021260,20252026,2,2026-04-09,2026-04-10T02:30:00Z,23,26,OFF,1,4,Crypto.com Arena
2025021261,20252026,2,2026-04-11,2026-04-11T16:30:00Z,14,6,OFF,2,1,TD Garden
2025021262,20252026,2,2026-04-11,2026-04-11T17:00:00Z,9,2,OFF,3,0,UBS Arena
2025021263,20252026,2,2026-04-11,2026-04-11T19:00:00Z,15,5,OFF,6,3,PPG Paints Arena
2025021264,20252026,2,2026-04-11,2026-04-11T20:00:00Z,22,26,OFF,0,1,Crypto.com Arena
2025021265,20252026,2,2026-04-11,2026-04-11T21:00:00Z,1,17,OFF,5,3,Little Caesars Arena
2025021266,20252026,2,2026-04-11,2026-04-11T21:00:00Z,19,16,OFF,5,3,United Center
2025021267,20252026,2,2026-04-11,2026-04-11T21:00:00Z,30,18,OFF,1,2,Bridgestone Arena
2025021268,20252026,2,2026-04-11,2026-04-11T21:00:00Z,3,25,OFF,0,2,American Airlines Center
2025021269,20252026,2,2026-04-11,2026-04-11T21:00:00Z,12,68,OFF,4,1,Delta Center
2025021270,20252026,2,2026-04-11,2026-04-11T23:00:00Z,13,10,OFF,6,2,Scotiabank Arena
2025021271,20252026,2,2026-04-11,2026-04-11T23:00:00Z,29,8,OFF,5,2,Centre Bell
2025021272,20252026,2,2026-04-11,2026-04-11T23:00:00Z,4,52,OFF,7,1,Canada Life Centre
2025021273,20252026,2,2026-04-11,2026-04-11T23:00:00Z,20,55,OFF,1,4,Climate Pledge Arena
2025021274,20252026,2,2026-04-11,2026-04-12T00:00:00Z,54,21,OFF,3,2,Ball Arena
2025021275,20252026,2,2026-04-11,2026-04-12T02:00:00Z,23,28,OFF,4,3,SAP Center at San Jose
2025021276,20252026,2,2026-04-12,2026-04-12T19:00:00Z,5,15,OFF,0,3,Capital One Arena
2025021277,20252026,2,2026-04-12,2026-04-12T22:00:00Z,8,2,OFF,4,1,UBS Arena
2025021278,20252026,2,2026-04-12,2026-04-12T22:00:00Z,6,29,OFF,3,2,Nationwide Arena
2025021279,20252026,2,2026-04-12,2026-04-12T23:00:00Z,9,1,OFF,3,4,Prudential Center
2025021280,20252026,2,2026-04-12,2026-04-13T00:00:00Z,23,24,OFF,4,3,Honda Center
2025021281,20252026,2,2026-04-12,2026-04-13T01:00:00Z,68,20,OFF,1,4,Scotiabank Saddledome
2025021282,20252026,2,2026-04-13,2026-04-13T23:00:00Z,17,14,OFF,3,4,Benchmark International Arena
2025021283,20252026,2,2026-04-13,2026-04-13T23:00:00Z,3,13,OFF,2,3,Amerant Bank Arena
2025021284,20252026,2,2026-04-13,2026-04-13T23:00:00Z,12,4,OFF,2,3,Xfinity Mobile Arena
2025021285,20252026,2,2026-04-13,2026-04-13T23:30:00Z,25,10,OFF,6,5,Scotiabank Arena
2025021286,20252026,2,2026-04-13,2026-04-14T00:00:00Z,30,19,OFF,3,6,Enterprise Center
2025021287,20252026,2,2026-04-13,2026-04-14T00:00:00Z,28,18,OFF,3,2,Bridgestone Arena
2025021288,20252026,2,2026-04-13,2026-04-14T00:30:00Z,7,16,OFF,5,1,United Center
2025021289,20252026,2,2026-04-13,2026-04-14T01:30:00Z,21,22,OFF,2,1,Rogers Place
2025021290,20252026,2,2026-04-13,2026-04-14T02:00:00Z,52,54,OFF,2,6,T-Mobile Arena
2025021291,20252026,2,2026-04-13,2026-04-14T01:30:00Z,26,55,OFF,5,3,Climate Pledge Arena
2025021292,20252026,2,2026-04-14,2026-04-14T23:00:00Z,1,6,OFF,0,4,TD Garden
2025021293,20252026,2,2026-04-14,2026-04-14T23:00:00Z,12,2,OFF,2,1,UBS Arena
2025021294,20252026,2,2026-04-14,2026-04-14T23:00:00Z,8,4,OFF,2,4,Xfinity Mobile Arena
2025021295,20252026,2,2026-04-14,2026-04-14T23:00:00Z,15,29,OFF,2,1,Nationwide Arena
2025021296,20252026,2,2026-04-14,2026-04-15T00:00:00Z,24,30,OFF,2,3,Grand Casino Arena
2025021297,20252026,2,2026-04-14,2026-04-15T01:00:00Z,52,68,OFF,3,5,Delta Center
2025021298,20252026,2,2026-04-14,2026-04-15T01:00:00Z,21,20,OFF,3,1,Scotiabank Saddledome
2025021299,20252026,2,2026-04-14,2026-04-15T01:30:00Z,5,19,OFF,5,7,Enterprise Center
2025021300,20252026,2,2026-04-14,2026-04-15T02:00:00Z,26,23,OFF,3,4,Rogers Arena
2025021301,20252026,2,2026-04-15,2026-04-15T23:00:00Z,25,7,OFF,4,3,KeyBank Center
2025021302,20252026,2,2026-04-15,2026-04-15T23:00:00Z,3,14,OFF,4,2,Benchmark International Arena
2025021303,20252026,2,2026-04-15,2026-04-15T23:00:00Z,17,13,OFF,1,8,Amerant Bank Arena
2025021304,20252026,2,2026-04-15,2026-04-15T23:30:00Z,10,9,OFF,1,3,Canadian Tire Centre
2025021305,20252026,2,2026-04-15,2026-04-16T00:30:00Z,28,16,OFF,2,5,United Center
2025021306,20252026,2,2026-04-15,2026-04-16T02:00:00Z,55,54,OFF,1,4,T-Mobile Arena
2025021307,20252026,2,2026-04-16,2026-04-17T00:00:00Z,24,18,OFF,5,4,Bridgestone Arena
2025021308,20252026,2,2026-04-16,2026-04-17T00:00:00Z,28,52,OFF,6,1,Canada Life Centre
2025021309,20252026,2,2026-04-16,2026-04-16T23:30:00Z,19,68,OFF,5,3,Delta Center
2025021310,20252026,2,2026-04-16,2026-04-17T01:00:00Z,26,20,OFF,1,3,Scotiabank Saddledome
2025021311,20252026,2,2026-04-16,2026-04-17T01:00:00Z,23,22,OFF,1,6,Rogers Place
2025021312,20252026,2,2026-04-16,2026-04-17T02:00:00Z,55,21,OFF,0,2,Ball Arena
2025030131,20252026,3,2026-04-18,2026-04-18T19:00:00Z,9,12,OFF,0,2,Lenovo Center
2025030141,20252026,3,2026-04-18,2026-04-19T00:00:00Z,4,5,OFF,3,2,PPG Paints Arena
2025030161,20252026,3,2026-04-18,2026-04-18T21:30:00Z,30,25,OFF,6,1,American Airlines Center
2025030111,20252026,3,2026-04-19,2026-04-19T23:30:00Z,6,7,OFF,3,4,KeyBank Center
2025030121,20252026,3,2026-04-19,2026-04-19T21:45:00Z,8,14,OFF,4,3,Benchmark International Arena
2025030151,20252026,3,2026-04-19,2026-04-19T19:00:00Z,26,21,OFF,1,2,Ball Arena
2025030171,20252026,3,2026-04-19,2026-04-20T02:00:00Z,68,54,OFF,2,4,T-Mobile Arena
2025030132,20252026,3,2026-04-20,2026-04-20T23:30:00Z,9,12,OFF,2,3,Lenovo Center
2025030142,20252026,3,2026-04-20,2026-04-20T23:00:00Z,4,5,OFF,3,0,PPG Paints Arena
2025030162,20252026,3,2026-04-20,2026-04-21T01:30:00Z,30,25,OFF,2,4,American Airlines Center
2025030181,20252026,3,2026-04-20,2026-04-21T02:00:00Z,24,22,OFF,3,4,Rogers Place
2025030112,20252026,3,2026-04-21,2026-04-21T23:30:00Z,6,7,OFF,4,2,KeyBank Center
2025030122,20252026,3,2026-04-21,2026-04-21T23:00:00Z,8,14,OFF,2,3,Benchmark International Arena
2025030152,20252026,3,2026-04-21,2026-04-22T02:00:00Z,26,21,OFF,1,2,Ball Arena
2025030172,20252026,3,2026-04-21,2026-04-22T01:30:00Z,68,54,OFF,3,2,T-Mobile Arena
2025030143,20252026,3,2026-04-22,2026-04-22T23:00:00Z,5,4,OFF,2,5,Xfinity Mobile Arena
2025030163,20252026,3,2026-04-22,2026-04-23T01:30:00Z,25,30,OFF,4,3,Grand Casino Arena
2025030182,20252026,3,2026-04-22,2026-04-23T02:00:00Z,24,22,OFF,6,4,Rogers Place
2025030113,20252026,3,2026-04-23,2026-04-23T23:00:00Z,7,6,OFF,3,1,TD Garden
2025030133,20252026,3,2026-04-23,2026-04-23T23:30:00Z,12,9,OFF,2,1,Canadian Tire Centre
2025030153,20252026,3,2026-04-23,2026-04-24T02:00:00Z,21,26,OFF,4,2,Crypto.com Arena
2025030123,20252026,3,2026-04-24,2026-04-24T23:00:00Z,14,8,OFF,2,3,Centre Bell
2025030173,20252026,3,2026-04-24,2026-04-25T01:30:00Z,54,68,OFF,2,4,Delta Center
2025030183,20252026,3,2026-04-24,2026-04-25T02:00:00Z,22,24,OFF,4,7,Honda Center
2025030134,20252026,3,2026-04-25,2026-04-25T19:00:00Z,12,9,OFF,4,2,Canadian Tire Centre
2025030144,20252026,3,2026-04-25,2026-04-26T00:00:00Z,5,4,OFF,4,2,Xfinity Mobile Arena
2025030164,20252026,3,2026-04-25,2026-04-25T21:30:00Z,25,30,OFF,2,3,Grand Casino Arena
2025030114,20252026,3,2026-04-26,2026-04-26T18:00:00Z,7,6,OFF,6,1,TD Garden
2025030124,20252026,3,2026-04-26,2026-04-26T23:00:00Z,14,8,OFF,3,2,Centre Bell
2025030154,20252026,3,2026-04-26,2026-04-26T20:30:00Z,21,26,OFF,5,1,Crypto.com Arena
2025030184,20252026,3,2026-04-26,2026-04-27T01:30:00Z,22,24,OFF,3,4,Honda Center
2025030145,20252026,3,2026-04-27,2026-04-27T23:00:00Z,4,5,OFF,2,3,PPG Paints Arena
2025030174,20252026,3,2026-04-27,2026-04-28T01:30:00Z,54,68,OFF,5,4,Delta Center
2025030115,20252026,3,2026-04-28,2026-04-28T23:30:00Z,6,7,OFF,2,1,KeyBank Center
2025030165,20252026,3,2026-04-28,2026-04-29T00:00:00Z,30,25,OFF,4,2,American Airlines Center
2025030185,20252026,3,2026-04-28,2026-04-29T02:00:00Z,24,22,OFF,1,4,Rogers Place
2025030125,20252026,3,2026-04-29,2026-04-29T23:00:00Z,8,14,OFF,3,2,Benchmark International Arena
2025030146,20252026,3,2026-04-29,2026-04-29T23:30:00Z,5,4,OFF,0,1,Xfinity Mobile Arena
2025030175,20252026,3,2026-04-29,2026-04-30T02:00:00Z,68,54,OFF,4,5,T-Mobile Arena
2025030166,20252026,3,2026-04-30,2026-04-30T23:30:00Z,25,30,OFF,2,5,Grand Casino Arena
2025030186,20252026,3,2026-04-30,2026-05-01T02:00:00Z,22,24,OFF,2,5,Honda Center
2025030116,20252026,3,2026-05-01,2026-05-01T23:30:00Z,7,6,OFF,4,1,TD Garden
2025030126,20252026,3,2026-05-01,2026-05-01T23:00:00Z,14,8,OFF,1,0,Centre Bell
2025030176,20252026,3,2026-05-01,2026-05-02T02:00:00Z,54,68,OFF,5,1,Delta Center
2025030221,20252026,3,2026-05-02,2026-05-03T00:00:00Z,4,12,OFF,0,3,Lenovo Center
2025030127,20252026,3,2026-05-03,2026-05-03T22:00:00Z,8,14,OFF,2,1,Benchmark International Arena
2025030231,20252026,3,2026-05-03,2026-05-04T01:00:00Z,30,21,OFF,6,9,Ball Arena
2025030222,20252026,3,2026-05-04,2026-05-04T23:00:00Z,4,12,OFF,2,3,Lenovo Center
2025030241,20252026,3,2026-05-04,2026-05-05T01:30:00Z,24,54,OFF,1,3,T-Mobile Arena
2025030232,20252026,3,2026-05-05,2026-05-06T00:00:00Z,30,21,OFF,2,5,Ball Arena
2025030211,20252026,3,2026-05-06,2026-05-06T23:00:00Z,8,7,OFF,2,4,KeyBank Center
2025030242,20252026,3,2026-05-06,2026-05-07T01:30:00Z,24,54,OFF,3,1,T-Mobile Arena
2025030223,20252026,3,2026-05-07,2026-05-08T00:00:00Z,12,4,OFF,4,1,Xfinity Mobile Arena
2025030212,20252026,3,2026-05-08,2026-05-08T23:00:00Z,8,7,OFF,5,1,KeyBank Center
2025030243,20252026,3,2026-05-08,2026-05-09T01:30:00Z,54,24,OFF,6,2,Honda Center
2025030224,20252026,3,2026-05-09,2026-05-09T22:00:00Z,12,4,OFF,3,2,Xfinity Mobile Arena
2025030233,20252026,3,2026-05-09,2026-05-10T01:00:00Z,21,30,OFF,1,5,Grand Casino Arena
2025030213,20252026,3,2026-05-10,2026-05-10T23:00:00Z,7,8,OFF,2,6,Centre Bell
2025030244,20252026,3,2026-05-10,2026-05-11T01:30:00Z,54,24,OFF,3,4,Honda Center
2025030234,20252026,3,2026-05-11,2026-05-12T00:00:00Z,21,30,OFF,5,2,Grand Casino Arena
2025030214,20252026,3,2026-05-12,2026-05-12T23:00:00Z,7,8,OFF,3,2,Centre Bell
2025030245,20252026,3,2026-05-12,2026-05-13T01:30:00Z,24,54,OFF,2,3,T-Mobile Arena
2025030235,20252026,3,2026-05-13,2026-05-14T00:00:00Z,30,21,OFF,3,4,Ball Arena
2025030215,20252026,3,2026-05-14,2026-05-14T23:00:00Z,8,7,OFF,6,3,KeyBank Center
2025030246,20252026,3,2026-05-14,2026-05-15T01:30:00Z,54,24,OFF,5,1,Honda Center
2025030216,20252026,3,2026-05-16,2026-05-17T00:00:00Z,7,8,OFF,8,3,Centre Bell
2025030217,20252026,3,2026-05-18,2026-05-18T23:30:00Z,8,7,OFF,3,2,KeyBank Center
2025030321,20252026,3,2026-05-20,2026-05-21T00:00:00Z,54,21,OFF,4,2,Ball Arena
2025030311,20252026,3,2026-05-21,2026-05-22T00:00:00Z,8,12,OFF,6,2,Lenovo Center
2025030322,20252026,3,2026-05-22,2026-05-23T00:00:00Z,54,21,OFF,3,1,Ball Arena
2025030312,20252026,3,2026-05-23,2026-05-23T23:00:00Z,8,12,OFF,2,3,Lenovo Center
2025030323,20252026,3,2026-05-24,2026-05-25T00:00:00Z,21,54,OFF,3,5,T-Mobile Arena
2025030313,20252026,3,2026-05-25,2026-05-26T00:00:00Z,12,8,OFF,3,2,Centre Bell
2025030324,20252026,3,2026-05-26,2026-05-27T01:00:00Z,21,54,OFF,1,2,T-Mobile Arena
2025030314,20252026,3,2026-05-27,2026-05-28T00:00:00Z,12,8,OFF,4,0,Centre Bell
2025030315,20252026,3,2026-05-29,2026-05-30T00:00:00Z,8,12,OFF,1,6,Lenovo Center
2025030411,20252026,3,2026-06-02,2026-06-03T00:00:00Z,54,12,OFF,5,4,Lenovo Center
2025030412,20252026,3,2026-06-04,2026-06-05T00:00:00Z,54,12,OFF,3,4,Lenovo Center
2025030413,20252026,3,2026-06-06,2026-06-07T00:00:00Z,12,54,OFF,4,5,T-Mobile Arena
2025030414,20252026,3,2026-06-09,2026-06-10T00:00:00Z,12,54,OFF,5,3,T-Mobile Arena
2025030415,20252026,3,2026-06-11,2026-06-12T00:00:00Z,54,12,OFF,2,4,Lenovo Center
2025030416,20252026,3,2026-06-14,2026-06-15T00:00:00Z,12,54,OFF,3,0,T-Mobile Arena
2026010001,20262027,1,2026-09-19,2026-09-19T23:00:00Z,25,19,FINAL,2,1,Enterprise Center
2026010002,20262027,1,2026-09-19,2026-09-20T01:00:00Z,54,26,FINAL,4,2,Toyota Arena
2026010003,20262027,1,2026-09-19,2026-09-20T00:00:00Z,52,22,FINAL,2,5,Rogers Place
2026010004,20262027,1,2026-09-19,2026-09-20T00:00:00Z,16,30,FINAL,2,3,Grand Casino Arena
2026010005,20262027,1,2026-09-19,2026-09-20T01:00:00Z,23,55,FINAL,2,4,Climate Pledge Arena
2026010006,20262027,1,2026-09-19,2026-09-19T23:00:00Z,8,10,FINAL,4,1,Scotiabank Arena
2026010007,20262027,1,2026-09-19,2026-09-19T23:00:00Z,10,8,FINAL,3,4,Centre Bell
2026010008,20262027,1,2026-09-20,2026-09-20T17:00:00Z,2,1,FINAL,1,2,Prudential Center
2026010009,20262027,1,2026-09-20,2026-09-20T20:00:00Z,28,24,FINAL,2,6,Honda Center
2026010010,20262027,1,2026-09-20,2026-09-20T23:00:00Z,12,13,FINAL,3,6,Amerant Bank Arena
2026010011,20262027,1,2026-09-20,2026-09-20T21:00:00Z,18,14,FINAL,1,2,Benchmark International Arena
2026010012,20262027,1,2026-09-20,2026-09-20T23:00:00Z,68,21,FINAL,1,4,Ball Arena
2026010013,20262027,1,2026-09-20,2026-09-20T21:00:00Z,15,6,FINAL,2,3,TD Garden
2026010014,20262027,1,2026-09-20,2026-09-21T00:00:00Z,55,20,FINAL,4,2,Scotiabank Saddledome
2026010015,20262027,1,2026-09-21,2026-09-22T00:00:00Z,21,52,PRE,,,Canada Life Centre
2026010016,20262027,1,2026-09-21,2026-09-21T23:00:00Z,7,5,LIVE,0,1,PPG Paints Arena
2026010017,20262027,1,2026-09-21,2026-09-21T23:00:00Z,17,29,LIVE,0,0,Nationwide Arena
2026010018,20262027,1,2026-09-21,2026-09-22T00:00:00Z,30,16,PRE,,,United Center
2026010019,20262027,1,2026-09-21,2026-09-21T23:00:00Z,3,1,PRE,,,Prudential Center
2026010020,20262027,1,2026-09-21,2026-09-21T23:00:00Z,4,15,LIVE,1,1,GIANT Center
2026010021,20262027,1,2026-09-21,2026-09-22T00:00:00Z,19,25,PRE,,,American Airlines Center
2026010022,20262027,1,2026-09-21,2026-09-21T23:00:00Z,9,8,LIVE,1,1,Colisée Vidéotron
2026010023,20262027,1,2026-09-22,2026-09-23T00:00:00Z,22,52,FUT,,,Canada Life Centre
2026010024,20262027,1,2026-09-22,2026-09-22T23:00:00Z,29,7,FUT,,,KeyBank Center
2026010025,20262027,1,2026-09-22,2026-09-22T23:00:00Z,17,5,FUT,,,PPG Paints Arena
2026010026,20262027,1,2026-09-22,2026-09-22T23:00:00Z,13,12,FUT,,,Lenovo Center
2026010027,20262027,1,2026-09-22,2026-09-22T23:00:00Z,2,3,FUT,,,Madison Square Garden
2026010028,20262027,1,2026-09-22,2026-09-22T23:00:00Z,4,6,FUT,,,TD Garden
2026010029,20262027,1,2026-09-22,2026-09-23T00:00:00Z,14,18,FUT,,,Bridgestone Arena
2026010030,20262027,1,2026-09-22,2026-09-23T02:00:00Z,68,26,FUT,,,Crypto.com Arena
2026010031,20262027,1,2026-09-22,2026-09-23T01:00:00Z,23,20,FUT,,,Scotiabank Saddledome
2026010032,20262027,1,2026-09-22,2026-09-23T02:00:00Z,54,28,FUT,,,SAP Center at San Jose
2026010033,20262027,1,2026-09-23,2026-09-24T02:00:00Z,26,24,FUT,,,Honda Center
2026010034,20262027,1,2026-09-23,2026-09-24T00:00:00Z,30,25,FUT,,,American Airlines Center
2026010035,20262027,1,2026-09-23,2026-09-23T23:00:00Z,9,10,FUT,,,Scotiabank Arena
2026010036,20262027,1,2026-09-23,2026-09-23T23:00:00Z,10,9,FUT,,,Canadian Tire Centre
2026010037,20262027,1,2026-09-24,2026-09-25T01:00:00Z,22,23,FUT,,,Rogers Arena
2026010038,20262027,1,2026-09-24,2026-09-25T01:40:00Z,20,55,FUT,,,Climate Pledge Arena
2026010039,20262027,1,2026-09-24,2026-09-25T02:00:00Z,24,28,FUT,,,SAP Center at San Jose
2026010040,20262027,1,2026-09-24,2026-09-24T23:00:00Z,6,4,FUT,,,Xfinity Mobile Arena
2026010041,20262027,1,2026-09-24,2026-09-24T23:00:00Z,7,17,FUT,,,Little Caesars Arena
2026010042,20262027,1,2026-09-24,2026-09-25T00:00:00Z,16,19,FUT,,,Enterprise Center
2026010043,20262027,1,2026-09-24,2026-09-24T23:00:00Z,13,14,FUT,,,Benchmark International Arena
2026010044,20262027,1,2026-09-24,2026-09-24T23:00:00Z,18,12,FUT,,,First Horizon Coliseum
2026010045,20262027,1,2026-09-24,2026-09-24T23:00:00Z,1,3,FUT,,,Madison Square Garden
2026010046,20262027,1,2026-09-24,2026-09-24T23:00:00Z,5,29,FUT,,,Nationwide Arena
2026010047,20262027,1,2026-09-24,2026-09-25T02:00:00Z,68,54,FUT,,,T-Mobile Arena
2026010048,20262027,1,2026-09-25,2026-09-26T00:30:00Z,52,21,FUT,,,Ball Arena
2026010049,20262027,1,2026-09-25,2026-09-25T23:00:00Z,6,15,FUT,,,Capital One Arena
2026010050,20262027,1,2026-09-25,2026-09-26T00:00:00Z,25,30,FUT,,,Grand Casino Arena
2026010051,20262027,1,2026-09-25,2026-09-25T23:30:00Z,3,2,FUT,,,UBS Arena
2026010052,20262027,1,2026-09-26,2026-09-26T20:00:00Z,24,26,FUT,,,Crypto.com Arena
2026010053,20262027,1,2026-09-26,2026-09-26T19:00:00Z,12,18,FUT,,,Bridgestone Arena
2026010054,20262027,1,2026-09-26,2026-09-26T21:00:00Z,21,68,FUT,,,Delta Center
2026010055,20262027,1,2026-09-26,2026-09-26T19:00:00Z,5,7,FUT,,,KeyBank Center
2026010056,20262027,1,2026-09-26,2026-09-26T23:00:00Z,55,23,FUT,,,Rogers Arena
2026010057,20262027,1,2026-09-26,2026-09-26T21:00:00Z,15,4,FUT,,,Xfinity Mobile Arena
2026010058,20262027,1,2026-09-26,2026-09-26T23:00:00Z,19,16,FUT,,,United Center
2026010059,20262027,1,2026-09-26,2026-09-26T22:00:00Z,14,13,FUT,,,Amerant Bank Arena
2026010060,20262027,1,2026-09-26,2026-09-27T01:00:00Z,20,22,FUT,,,Rogers Place
2026010061,20262027,1,2026-09-26,2026-09-26T23:00:00Z,29,17,FUT,,,Little Caesars Arena
2026010062,20262027,1,2026-09-26,2026-09-26T23:30:00Z,1,2,FUT,,,UBS Arena
2026010063,20262027,1,2026-09-26,2026-09-27T02:00:00Z,28,54,FUT,,,T-Mobile Arena
2026010064,20262027,1,2026-09-26,2026-09-26T23:00:00Z,8,9,FUT,,,Canadian Tire Centre
2026010065,20262027,1,2026-09-26,2026-09-26T23:00:00Z,9,8,FUT,,,Centre Bell
2026020001,20262027,2,2026-09-29,2026-09-29T21:00:00Z,13,12,FUT,,,Lenovo Center
2026020002,20262027,2,2026-09-29,2026-09-29T23:00:00Z,8,10,FUT,,,Scotiabank Arena
2026020003,20262027,2,2026-09-29,2026-09-30T00:00:00Z,3,6,FUT,,,TD Garden
2026020004,20262027,2,2026-09-29,2026-09-30T02:00:00Z,23,22,FUT,,,Rogers Place
2026020005,20262027,2,2026-09-29,2026-09-30T02:30:00Z,16,54,FUT,,,T-Mobile Arena
2026020006,20262027,2,2026-09-30,2026-09-30T23:30:00Z,5,4,FUT,,,Xfinity Mobile Arena
2026020007,20262027,2,2026-09-30,2026-10-01T02:00:00Z,26,21,FUT,,,Ball Arena
2026020008,20262027,2,2026-09-30,2026-09-30T23:30:00Z,2,10,FUT,,,Scotiabank Arena
2026020009,20262027,2,2026-10-01,2026-10-01T23:00:00Z,4,1,FUT,,,Prudential Center
2026020010,20262027,2,2026-10-01,2026-10-01T23:00:00Z,14,3,FUT,,,Madison Square Garden
2026020011,20262027,2,2026-10-01,2026-10-01T23:00:00Z,7,29,FUT,,,Nationwide Arena
2026020012,20262027,2,2026-10-01,2026-10-02T00:00:00Z,30,18,FUT,,,Bridgestone Arena
2026020013,20262027,2,2026-10-01,2026-10-02T01:30:00Z,16,68,FUT,,,Delta Center
2026020014,20262027,2,2026-10-01,2026-10-02T01:00:00Z,55,20,FUT,,,Scotiabank Saddledome
2026020015,20262027,2,2026-10-01,2026-10-02T02:00:00Z,22,23,FUT,,,Rogers Arena
2026020016,20262027,2,2026-10-01,2026-10-02T02:00:00Z,13,28,FUT,,,SAP Center at San Jose
2026020017,20262027,2,2026-10-02,2026-10-02T22:30:00Z,3,17,FUT,,,Little Caesars Arena
2026020018,20262027,2,2026-10-02,2026-10-02T23:00:00Z,15,12,FUT,,,Lenovo Center
2026020019,20262027,2,2026-10-02,2026-10-03T00:00:00Z,6,52,FUT,,,Canada Life Centre
2026020020,20262027,2,2026-10-02,2026-10-03T01:00:00Z,19,25,FUT,,,American Airlines Center
2026020021,20262027,2,2026-10-02,2026-10-03T02:00:00Z,24,54,FUT,,,T-Mobile Arena
2026020022,20262027,2,2026-10-03,2026-10-03T23:00:00Z,16,7,FUT,,,KeyBank Center
2026020023,20262027,2,2026-10-03,2026-10-03T23:00:00Z,9,10,FUT,,,Scotiabank Arena
2026020024,20262027,2,2026-10-03,2026-10-03T23:00:00Z,15,14,FUT,,,Benchmark International Arena
2026020025,20262027,2,2026-10-03,2026-10-03T23:00:00Z,12,4,FUT,,,Xfinity Mobile Arena
2026020026,20262027,2,2026-10-03,2026-10-03T23:00:00Z,8,5,FUT,,,PPG Paints Arena
2026020027,20262027,2,2026-10-03,2026-10-03T23:00:00Z,68,29,FUT,,,Nationwide Arena
2026020028,20262027,2,2026-10-03,2026-10-03T23:00:00Z,55,22,FUT,,,Rogers Place
2026020029,20262027,2,2026-10-03,2026-10-03T23:30:00Z,1,2,FUT,,,UBS Arena
2026020030,20262027,2,2026-10-03,2026-10-04T00:00:00Z,25,18,FUT,,,Bridgestone Arena
2026020031,20262027,2,2026-10-03,2026-10-04T00:00:00Z,6,30,FUT,,,Grand Casino Arena
2026020032,20262027,2,2026-10-03,2026-10-04T01:00:00Z,19,21,FUT,,,Ball Arena
2026020033,20262027,2,2026-10-03,2026-10-04T02:00:00Z,20,23,FUT,,,Rogers Arena
2026020034,20262027,2,2026-10-03,2026-10-04T02:00:00Z,26,28,FUT,,,SAP Center at San Jose
2026020035,20262027,2,2026-10-04,2026-10-04T17:00:00Z,52,17,FUT,,,Little Caesars Arena
2026020036,20262027,2,2026-10-04,2026-10-04T22:00:00Z,68,3,FUT,,,Madison Square Garden
2026020037,20262027,2,2026-10-04,2026-10-05T00:00:00Z,13,24,FUT,,,Honda Center
2026020038,20262027,2,2026-10-04,2026-10-05T00:00:00Z,20,55,FUT,,,Climate Pledge Arena
2026020039,20262027,2,2026-10-04,2026-10-05T01:00:00Z,54,23,FUT,,,Rogers Arena
2026020040,20262027,2,2026-10-05,2026-10-05T23:00:00Z,4,14,FUT,,,Benchmark International Arena
2026020041,20262027,2,2026-10-05,2026-10-05T23:30:00Z,9,6,FUT,,,TD Garden
2026020042,20262027,2,2026-10-05,2026-10-05T23:30:00Z,52,5,FUT,,,PPG Paints Arena
2026020043,20262027,2,2026-10-05,2026-10-06T00:00:00Z,28,25,FUT,,,American Airlines Center
2026020044,20262027,2,2026-10-06,2026-10-06T23:00:00Z,18,10,FUT,,,Scotiabank Arena
2026020045,20262027,2,2026-10-06,2026-10-06T23:00:00Z,12,8,FUT,,,Centre Bell
2026020046,20262027,2,2026-10-06,2026-10-06T23:00:00Z,9,17,FUT,,,Little Caesars Arena
2026020047,20262027,2,2026-10-06,2026-10-06T23:00:00Z,68,1,FUT,,,Prudential Center
2026020048,20262027,2,2026-10-06,2026-10-06T23:30:00Z,2,3,FUT,,,Madison Square Garden
2026020049,20262027,2,2026-10-06,2026-10-06T23:00:00Z,30,7,FUT,,,KeyBank Center
2026020050,20262027,2,2026-10-06,2026-10-07T00:00:00Z,19,16,FUT,,,United Center
2026020051,20262027,2,2026-10-06,2026-10-07T01:40:00Z,54,55,FUT,,,Climate Pledge Arena
2026020052,20262027,2,2026-10-06,2026-10-07T02:00:00Z,13,26,FUT,,,Crypto.com Arena
2026020053,20262027,2,2026-10-07,2026-10-07T23:30:00Z,5,15,FUT,,,Capital One Arena
2026020054,20262027,2,2026-10-07,2026-10-07T23:30:00Z,21,52,FUT,,,Canada Life Centre
2026020055,20262027,2,2026-10-07,2026-10-08T02:00:00Z,22,24,FUT,,,Honda Center
2026020056,20262027,2,2026-10-08,2026-10-08T23:00:00Z,68,6,FUT,,,TD Garden
2026020057,20262027,2,2026-10-08,2026-10-08T23:00:00Z,25,7,FUT,,,KeyBank Center
2026020058,20262027,2,2026-10-08,2026-10-08T23:00:00Z,18,8,FUT,,,Centre Bell
2026020059,20262027,2,2026-10-08,2026-10-08T23:00:00Z,4,9,FUT,,,Canadian Tire Centre
2026020060,20262027,2,2026-10-08,2026-10-08T23:00:00Z,30,14,FUT,,,Benchmark International Arena
2026020061,20262027,2,2026-10-08,2026-10-08T23:00:00Z,23,12,FUT,,,Lenovo Center
2026020062,20262027,2,2026-10-08,2026-10-08T23:30:00Z,16,2,FUT,,,UBS Arena
2026020063,20262027,2,2026-10-08,2026-10-09T00:00:00Z,28,19,FUT,,,Enterprise Center
2026020064,20262027,2,2026-10-08,2026-10-09T01:00:00Z,21,20,FUT,,,Scotiabank Saddledome
2026020065,20262027,2,2026-10-08,2026-10-09T02:00:00Z,10,54,FUT,,,T-Mobile Arena
2026020066,20262027,2,2026-10-09,2026-10-09T23:00:00Z,55,17,FUT,,,Little Caesars Arena
2026020067,20262027,2,2026-10-09,2026-10-09T23:00:00Z,3,15,FUT,,,Capital One Arena
2026020068,20262027,2,2026-10-09,2026-10-09T23:00:00Z,5,29,FUT,,,Nationwide Arena
2026020069,20262027,2,2026-10-09,2026-10-10T00:00:00Z,24,52,FUT,,,Canada Life Centre
2026020070,20262027,2,2026-10-10,2026-10-10T17:00:00Z,4,6,FUT,,,TD Garden
2026020071,20262027,2,2026-10-10,2026-10-10T19:30:00Z,23,1,FUT,,,Prudential Center
2026020072,20262027,2,2026-10-10,2026-10-10T20:00:00Z,22,28,FUT,,,SAP Center at San Jose
2026020073,20262027,2,2026-10-10,2026-10-10T22:00:00Z,30,13,FUT,,,Amerant Bank Arena
2026020074,20262027,2,2026-10-10,2026-10-10T23:00:00Z,68,7,FUT,,,KeyBank Center
2026020075,20262027,2,2026-10-10,2026-10-10T23:00:00Z,17,8,FUT,,,Centre Bell
2026020076,20262027,2,2026-10-10,2026-10-10T23:00:00Z,18,9,FUT,,,Canadian Tire Centre
2026020077,20262027,2,2026-10-10,2026-10-10T23:00:00Z,25,5,FUT,,,PPG Paints Arena
2026020078,20262027,2,2026-10-10,2026-10-10T23:00:00Z,12,16,FUT,,,United Center
2026020079,20262027,2,2026-10-10,2026-10-10T23:00:00Z,29,19,FUT,,,Enterprise Center
2026020080,20262027,2,2026-10-10,2026-10-10T23:00:00Z,10,21,FUT,,,Ball Arena
2026020081,20262027,2,2026-10-10,2026-10-10T23:30:00Z,14,2,FUT,,,UBS Arena
2026020082,20262027,2,2026-10-10,2026-10-11T02:00:00Z,24,20,FUT,,,Scotiabank Saddledome
2026020083,20262027,2,2026-10-10,2026-10-11T02:00:00Z,26,54,FUT,,,T-Mobile Arena
2026020084,20262027,2,2026-10-11,2026-10-11T21:00:00Z,55,15,FUT,,,Capital One Arena
2026020085,20262027,2,2026-10-11,2026-10-11T22:00:00Z,23,3,FUT,,,Madison Square Garden
2026020086,20262027,2,2026-10-11,2026-10-11T23:00:00Z,12,4,FUT,,,Xfinity Mobile Arena
2026020087,20262027,2,2026-10-12,2026-10-12T17:00:00Z,13,7,FUT,,,KeyBank Center
2026020088,20262027,2,2026-10-12,2026-10-12T23:00:00Z,9,1,FUT,,,Prudential Center
2026020089,20262027,2,2026-10-12,2026-10-13T00:00:00Z,54,30,FUT,,,Grand Casino Arena
2026020090,20262027,2,2026-10-13,2026-10-13T22:00:00Z,1,17,FUT,,,Little Caesars Arena
2026020091,20262027,2,2026-10-13,2026-10-13T22:15:00Z,13,29,FUT,,,Nationwide Arena
2026020092,20262027,2,2026-10-13,2026-10-13T22:30:00Z,7,8,FUT,,,Centre Bell
2026020093,20262027,2,2026-10-13,2026-10-13T22:45:00Z,15,12,FUT,,,Lenovo Center
2026020094,20262027,2,2026-10-13,2026-10-13T23:00:00Z,55,4,FUT,,,Xfinity Mobile Arena
2026020095,20262027,2,2026-10-13,2026-10-13T23:15:00Z,14,3,FUT,,,Madison Square Garden
2026020096,20262027,2,2026-10-13,2026-10-13T23:30:00Z,19,9,FUT,,,Canadian Tire Centre
2026020097,20262027,2,2026-10-13,2026-10-13T23:45:00Z,23,2,FUT,,,UBS Arena
2026020098,20262027,2,2026-10-13,2026-10-14T00:00:00Z,5,16,FUT,,,United Center
2026020099,20262027,2,2026-10-13,2026-10-14T00:15:00Z,30,52,FUT,,,Canada Life Centre
2026020100,20262027,2,2026-10-13,2026-10-14T00:30:00Z,21,25,FUT,,,American Airlines Center
2026020101,20262027,2,2026-10-13,2026-10-14T00:45:00Z,54,18,FUT,,,Bridgestone Arena
2026020102,20262027,2,2026-10-13,2026-10-14T01:00:00Z,10,68,FUT,,,Delta Center
2026020103,20262027,2,2026-10-13,2026-10-14T01:45:00Z,20,24,FUT,,,Honda Center
2026020104,20262027,2,2026-10-13,2026-10-14T02:30:00Z,22,26,FUT,,,Crypto.com Arena
2026020105,20262027,2,2026-10-13,2026-10-14T03:00:00Z,6,28,FUT,,,SAP Center at San Jose
2026020106,20262027,2,2026-10-14,2026-10-14T23:30:00Z,8,15,FUT,,,Capital One Arena
2026020107,20262027,2,2026-10-14,2026-10-15T00:30:00Z,25,21,FUT,,,Ball Arena
2026020108,20262027,2,2026-10-15,2026-10-15T23:00:00Z,7,10,FUT,,,Scotiabank Arena
2026020109,20262027,2,2026-10-15,2026-10-15T23:00:00Z,2,9,FUT,,,Canadian Tire Centre
2026020110,20262027,2,2026-10-15,2026-10-15T23:30:00Z,4,17,FUT,,,Little Caesars Arena
2026020111,20262027,2,2026-10-15,2026-10-15T23:00:00Z,55,14,FUT,,,Benchmark International Arena
2026020112,20262027,2,2026-10-15,2026-10-15T23:00:00Z,23,13,FUT,,,Amerant Bank Arena
2026020113,20262027,2,2026-10-15,2026-10-15T23:00:00Z,3,1,FUT,,,Prudential Center
2026020114,20262027,2,2026-10-15,2026-10-16T00:00:00Z,52,16,FUT,,,United Center
2026020115,20262027,2,2026-10-15,2026-10-16T00:00:00Z,28,18,FUT,,,Bridgestone Arena
2026020116,20262027,2,2026-10-15,2026-10-16T00:00:00Z,19,30,FUT,,,Grand Casino Arena
2026020117,20262027,2,2026-10-15,2026-10-16T01:00:00Z,68,22,FUT,,,Rogers Place
2026020118,20262027,2,2026-10-15,2026-10-16T02:00:00Z,20,54,FUT,,,T-Mobile Arena
2026020119,20262027,2,2026-10-16,2026-10-17T01:00:00Z,5,21,FUT,,,Ball Arena
2026020120,20262027,2,2026-10-16,2026-10-17T02:00:00Z,6,24,FUT,,,Honda Center
2026020121,20262027,2,2026-10-17,2026-10-17T17:00:00Z,1,15,FUT,,,Capital One Arena
2026020122,20262027,2,2026-10-17,2026-10-17T19:30:00Z,12,52,FUT,,,Canada Life Centre
2026020123,20262027,2,2026-10-17,2026-10-17T20:00:00Z,23,14,FUT,,,Benchmark International Arena
2026020124,20262027,2,2026-10-17,2026-10-17T22:00:00Z,55,13,FUT,,,Amerant Bank Arena
2026020125,20262027,2,2026-10-17,2026-10-17T23:00:00Z,2,10,FUT,,,Scotiabank Arena
2026020126,20262027,2,2026-10-17,2026-10-17T23:00:00Z,7,8,FUT,,,Centre Bell
2026020127,20262027,2,2026-10-17,2026-10-17T23:00:00Z,28,17,FUT,,,Little Caesars Arena
2026020128,20262027,2,2026-10-17,2026-10-17T23:00:00Z,9,4,FUT,,,Xfinity Mobile Arena
2026020129,20262027,2,2026-10-17,2026-10-17T23:00:00Z,3,29,FUT,,,Nationwide Arena
2026020130,20262027,2,2026-10-17,2026-10-17T23:00:00Z,25,16,FUT,,,United Center
2026020131,20262027,2,2026-10-17,2026-10-18T00:00:00Z,19,18,FUT,,,Bridgestone Arena
2026020132,20262027,2,2026-10-17,2026-10-18T01:00:00Z,6,26,FUT,,,Crypto.com Arena
2026020133,20262027,2,2026-10-17,2026-10-18T02:00:00Z,22,68,FUT,,,Delta Center
2026020134,20262027,2,2026-10-17,2026-10-18T02:00:00Z,5,54,FUT,,,T-Mobile Arena
2026020135,20262027,2,2026-10-18,2026-10-18T22:00:00Z,29,30,FUT,,,Grand Casino Arena
2026020136,20262027,2,2026-10-18,2026-10-19T00:00:00Z,12,20,FUT,,,Scotiabank Saddledome
2026020137,20262027,2,2026-10-19,2026-10-19T23:00:00Z,24,3,FUT,,,Madison Square Garden
2026020138,20262027,2,2026-10-19,2026-10-19T23:00:00Z,21,4,FUT,,,Xfinity Mobile Arena
2026020139,20262027,2,2026-10-19,2026-10-19T23:30:00Z,28,10,FUT,,,Scotiabank Arena
2026020140,20262027,2,2026-10-19,2026-10-20T01:00:00Z,5,68,FUT,,,Delta Center
2026020141,20262027,2,2026-10-20,2026-10-20T23:00:00Z,28,8,FUT,,,Centre Bell
2026020142,20262027,2,2026-10-20,2026-10-20T23:00:00Z,21,1,FUT,,,Prudential Center
2026020143,20262027,2,2026-10-20,2026-10-20T23:00:00Z,24,2,FUT,,,UBS Arena
2026020144,20262027,2,2026-10-20,2026-10-20T23:00:00Z,26,15,FUT,,,Capital One Arena
2026020145,20262027,2,2026-10-20,2026-10-20T23:00:00Z,10,29,FUT,,,Nationwide Arena
2026020146,20262027,2,2026-10-20,2026-10-21T00:00:00Z,52,19,FUT,,,Enterprise Center
2026020147,20262027,2,2026-10-20,2026-10-21T00:00:00Z,6,25,FUT,,,American Airlines Center
2026020148,20262027,2,2026-10-20,2026-10-21T01:00:00Z,30,22,FUT,,,Rogers Place
2026020149,20262027,2,2026-10-20,2026-10-21T01:40:00Z,17,55,FUT,,,Climate Pledge Arena
2026020150,20262027,2,2026-10-20,2026-10-21T02:00:00Z,12,23,FUT,,,Rogers Arena
2026020151,20262027,2,2026-10-20,2026-10-21T02:30:00Z,14,54,FUT,,,T-Mobile Arena
2026020152,20262027,2,2026-10-21,2026-10-21T23:30:00Z,4,7,FUT,,,KeyBank Center
2026020153,20262027,2,2026-10-21,2026-10-21T23:30:00Z,13,9,FUT,,,Canadian Tire Centre
2026020154,20262027,2,2026-10-22,2026-10-22T23:00:00Z,18,6,FUT,,,TD Garden
2026020155,20262027,2,2026-10-22,2026-10-22T23:00:00Z,3,10,FUT,,,Scotiabank Arena
2026020156,20262027,2,2026-10-22,2026-10-22T23:00:00Z,28,9,FUT,,,Canadian Tire Centre
2026020157,20262027,2,2026-10-22,2026-10-22T23:00:00Z,24,1,FUT,,,Prudential Center
2026020158,20262027,2,2026-10-22,2026-10-22T23:00:00Z,13,5,FUT,,,PPG Paints Arena
2026020159,20262027,2,2026-10-22,2026-10-22T23:30:00Z,26,2,FUT,,,UBS Arena
2026020160,20262027,2,2026-10-22,2026-10-23T00:00:00Z,54,19,FUT,,,Enterprise Center
2026020161,20262027,2,2026-10-22,2026-10-23T00:00:00Z,52,25,FUT,,,American Airlines Center
2026020162,20262027,2,2026-10-22,2026-10-23T01:00:00Z,30,20,FUT,,,Scotiabank Saddledome
2026020163,20262027,2,2026-10-22,2026-10-23T01:00:00Z,12,22,FUT,,,Rogers Place
2026020164,20262027,2,2026-10-22,2026-10-23T02:00:00Z,68,55,FUT,,,Climate Pledge Arena
2026020165,20262027,2,2026-10-22,2026-10-23T02:00:00Z,17,23,FUT,,,Rogers Arena
2026020166,20262027,2,2026-10-23,2026-10-24T00:00:00Z,8,16,FUT,,,United Center
2026020167,20262027,2,2026-10-23,2026-10-24T01:00:00Z,14,21,FUT,,,Ball Arena
2026020168,20262027,2,2026-10-24,2026-10-24T17:00:00Z,24,4,FUT,,,Xfinity Mobile Arena
2026020169,20262027,2,2026-10-24,2026-10-24T19:30:00Z,26,1,FUT,,,Prudential Center
2026020170,20262027,2,2026-10-24,2026-10-24T23:00:00Z,28,6,FUT,,,TD Garden
2026020171,20262027,2,2026-10-24,2026-10-24T23:00:00Z,3,9,FUT,,,Canadian Tire Centre
2026020172,20262027,2,2026-10-24,2026-10-24T23:00:00Z,18,5,FUT,,,PPG Paints Arena
2026020173,20262027,2,2026-10-24,2026-10-24T23:00:00Z,7,15,FUT,,,Capital One Arena
2026020174,20262027,2,2026-10-24,2026-10-24T23:00:00Z,54,29,FUT,,,Nationwide Arena
2026020175,20262027,2,2026-10-24,2026-10-24T23:00:00Z,12,19,FUT,,,Enterprise Center
2026020176,20262027,2,2026-10-24,2026-10-24T23:00:00Z,10,22,FUT,,,Rogers Place
2026020177,20262027,2,2026-10-24,2026-10-25T01:00:00Z,14,68,FUT,,,Delta Center
2026020178,20262027,2,2026-10-24,2026-10-25T02:00:00Z,17,20,FUT,,,Scotiabank Saddledome
2026020179,20262027,2,2026-10-24,2026-10-25T02:00:00Z,30,55,FUT,,,Climate Pledge Arena
2026020180,20262027,2,2026-10-25,2026-10-25T19:00:00Z,13,16,FUT,,,United Center
2026020181,20262027,2,2026-10-25,2026-10-25T22:00:00Z,2,25,FUT,,,American Airlines Center
2026020182,20262027,2,2026-10-25,2026-10-25T23:00:00Z,8,52,FUT,,,Princess Auto Stadium
2026020183,20262027,2,2026-10-25,2026-10-26T00:00:00Z,21,18,FUT,,,Bridgestone Arena
2026020184,20262027,2,2026-10-25,2026-10-26T02:00:00Z,30,23,FUT,,,Rogers Arena
2026020185,20262027,2,2026-10-26,2026-10-26T23:00:00Z,26,3,FUT,,,Madison Square Garden
2026020186,20262027,2,2026-10-26,2026-10-27T00:30:00Z,10,20,FUT,,,Scotiabank Saddledome
2026020187,20262027,2,2026-10-26,2026-10-27T01:30:00Z,17,22,FUT,,,Rogers Place
2026020188,20262027,2,2026-10-27,2026-10-27T23:00:00Z,29,4,FUT,,,Xfinity Mobile Arena
2026020189,20262027,2,2026-10-27,2026-10-28T00:00:00Z,6,12,FUT,,,Lenovo Center
2026020190,20262027,2,2026-10-27,2026-10-28T00:00:00Z,26,16,FUT,,,United Center
2026020191,20262027,2,2026-10-27,2026-10-28T00:00:00Z,8,19,FUT,,,Enterprise Center
2026020192,20262027,2,2026-10-27,2026-10-28T00:00:00Z,2,18,FUT,,,Bridgestone Arena
2026020193,20262027,2,2026-10-27,2026-10-28T00:00:00Z,1,25,FUT,,,American Airlines Center
2026020194,20262027,2,2026-10-27,2026-10-28T00:00:00Z,13,52,FUT,,,Canada Life Centre
2026020195,20262027,2,2026-10-27,2026-10-28T01:00:00Z,30,68,FUT,,,Delta Center
2026020196,20262027,2,2026-10-27,2026-10-28T02:00:00Z,9,54,FUT,,,T-Mobile Arena
2026020197,20262027,2,2026-10-27,2026-10-28T02:00:00Z,23,24,FUT,,,Honda Center
2026020198,20262027,2,2026-10-27,2026-10-28T02:30:00Z,7,28,FUT,,,SAP Center at San Jose
2026020199,20262027,2,2026-10-28,2026-10-28T23:30:00Z,4,15,FUT,,,Capital One Arena
2026020200,20262027,2,2026-10-28,2026-10-29T00:30:00Z,20,22,FUT,,,Rogers Place
2026020201,20262027,2,2026-10-28,2026-10-29T01:00:00Z,1,21,FUT,,,Ball Arena
2026020202,20262027,2,2026-10-28,2026-10-29T02:00:00Z,10,55,FUT,,,Climate Pledge Arena
2026020203,20262027,2,2026-10-29,2026-10-29T23:30:00Z,16,17,FUT,,,Little Caesars Arena
2026020204,20262027,2,2026-10-29,2026-10-29T23:00:00Z,52,14,FUT,,,Benchmark International Arena
2026020205,20262027,2,2026-10-29,2026-10-29T23:00:00Z,68,5,FUT,,,PPG Paints Arena
2026020206,20262027,2,2026-10-29,2026-10-29T23:00:00Z,29,12,FUT,,,Lenovo Center
2026020207,20262027,2,2026-10-29,2026-10-30T00:00:00Z,6,19,FUT,,,Enterprise Center
2026020208,20262027,2,2026-10-29,2026-10-30T00:00:00Z,15,18,FUT,,,Bridgestone Arena
2026020209,20262027,2,2026-10-29,2026-10-30T00:00:00Z,8,25,FUT,,,American Airlines Center
2026020210,20262027,2,2026-10-29,2026-10-30T00:00:00Z,2,30,FUT,,,Grand Casino Arena
2026020211,20262027,2,2026-10-29,2026-10-30T02:00:00Z,7,24,FUT,,,Honda Center
2026020212,20262027,2,2026-10-29,2026-10-30T02:00:00Z,9,26,FUT,,,Crypto.com Arena
2026020213,20262027,2,2026-10-29,2026-10-30T02:00:00Z,23,28,FUT,,,SAP Center at San Jose
2026020214,20262027,2,2026-10-30,2026-10-30T22:00:00Z,1,54,FUT,,,T-Mobile Arena
2026020215,20262027,2,2026-10-30,2026-10-30T23:00:00Z,52,13,FUT,,,Amerant Bank Arena
2026020216,20262027,2,2026-10-30,2026-10-31T00:00:00Z,55,20,FUT,,,Scotiabank Saddledome
2026020217,20262027,2,2026-10-31,2026-10-31T17:00:00Z,16,6,FUT,,,TD Garden
2026020218,20262027,2,2026-10-31,2026-10-31T17:00:00Z,19,17,FUT,,,Little Caesars Arena
2026020219,20262027,2,2026-10-31,2026-10-31T18:00:00Z,14,18,FUT,,,Bridgestone Arena
2026020220,20262027,2,2026-10-31,2026-10-31T18:00:00Z,22,2,FUT,,,UBS Arena
2026020221,20262027,2,2026-10-31,2026-10-31T20:00:00Z,7,26,FUT,,,Crypto.com Arena
2026020222,20262027,2,2026-10-31,2026-10-31T20:00:00Z,9,28,FUT,,,SAP Center at San Jose
2026020223,20262027,2,2026-10-31,2026-10-31T23:00:00Z,5,8,FUT,,,Centre Bell
2026020224,20262027,2,2026-10-31,2026-10-31T23:00:00Z,10,23,FUT,,,Rogers Arena
2026020225,20262027,2,2026-10-31,2026-11-01T00:00:00Z,29,25,FUT,,,American Airlines Center
2026020226,20262027,2,2026-10-31,2026-11-01T02:00:00Z,20,21,FUT,,,Ball Arena
2026020227,20262027,2,2026-11-01,2026-11-01T18:00:00Z,52,12,FUT,,,Lenovo Center
2026020228,20262027,2,2026-11-01,2026-11-01T20:30:00Z,30,15,FUT,,,Capital One Arena
2026020229,20262027,2,2026-11-01,2026-11-01T21:00:00Z,68,4,FUT,,,Xfinity Mobile Arena
2026020230,20262027,2,2026-11-01,2026-11-01T23:00:00Z,22,3,FUT,,,Madison Square Garden
2026020231,20262027,2,2026-11-01,2026-11-02T01:00:00Z,9,24,FUT,,,Honda Center
2026020232,20262027,2,2026-11-02,2026-11-03T00:00:00Z,54,6,FUT,,,TD Garden
2026020233,20262027,2,2026-11-02,2026-11-03T00:00:00Z,17,13,FUT,,,Amerant Bank Arena
2026020234,20262027,2,2026-11-02,2026-11-03T01:00:00Z,21,16,FUT,,,United Center
2026020235,20262027,2,2026-11-02,2026-11-03T02:00:00Z,20,28,FUT,,,SAP Center at San Jose
2026020236,20262027,2,2026-11-03,2026-11-04T00:00:00Z,68,10,FUT,,,Scotiabank Arena
2026020237,20262027,2,2026-11-03,2026-11-04T00:00:00Z,52,8,FUT,,,Centre Bell
2026020238,20262027,2,2026-11-03,2026-11-04T00:00:00Z,17,14,FUT,,,Benchmark International Arena
2026020239,20262027,2,2026-11-03,2026-11-04T00:30:00Z,22,1,FUT,,,Prudential Center
2026020240,20262027,2,2026-11-03,2026-11-04T00:00:00Z,19,3,FUT,,,Madison Square Garden
2026020241,20262027,2,2026-11-03,2026-11-04T00:00:00Z,30,4,FUT,,,Xfinity Mobile Arena
2026020242,20262027,2,2026-11-03,2026-11-04T00:00:00Z,54,5,FUT,,,PPG Paints Arena
2026020243,20262027,2,2026-11-03,2026-11-04T00:00:00Z,25,15,FUT,,,Capital One Arena
2026020244,20262027,2,2026-11-03,2026-11-04T00:00:00Z,21,29,FUT,,,Nationwide Arena
2026020245,20262027,2,2026-11-03,2026-11-04T01:00:00Z,12,18,FUT,,,Bridgestone Arena
2026020246,20262027,2,2026-11-03,2026-11-04T02:00:00Z,24,23,FUT,,,Rogers Arena
2026020247,20262027,2,2026-11-04,2026-11-05T00:30:00Z,9,7,FUT,,,KeyBank Center
2026020248,20262027,2,2026-11-04,2026-11-05T00:30:00Z,16,13,FUT,,,Amerant Bank Arena
2026020249,20262027,2,2026-11-04,2026-11-05T03:00:00Z,28,26,FUT,,,Crypto.com Arena
2026020250,20262027,2,2026-11-04,2026-11-05T03:00:00Z,20,55,FUT,,,Climate Pledge Arena
2026020251,20262027,2,2026-11-05,2026-11-06T00:00:00Z,68,8,FUT,,,Centre Bell
2026020252,20262027,2,2026-11-05,2026-11-06T00:00:00Z,54,17,FUT,,,Little Caesars Arena
2026020253,20262027,2,2026-11-05,2026-11-06T00:00:00Z,16,14,FUT,,,Benchmark International Arena
2026020254,20262027,2,2026-11-05,2026-11-06T00:00:00Z,19,1,FUT,,,Prudential Center
2026020255,20262027,2,2026-11-05,2026-11-06T00:00:00Z,12,2,FUT,,,UBS Arena
2026020256,20262027,2,2026-11-05,2026-11-06T00:00:00Z,4,3,FUT,,,Madison Square Garden
2026020257,20262027,2,2026-11-05,2026-11-06T00:00:00Z,6,5,FUT,,,PPG Paints Arena
2026020258,20262027,2,2026-11-05,2026-11-06T00:00:00Z,25,29,FUT,,,Nationwide Arena
2026020259,20262027,2,2026-11-05,2026-11-06T00:00:00Z,23,52,FUT,,,Canada Life Centre
2026020260,20262027,2,2026-11-05,2026-11-06T01:00:00Z,24,22,FUT,,,Rogers Place
2026020261,20262027,2,2026-11-05,2026-11-06T02:30:00Z,18,21,FUT,,,Ball Arena
2026020262,20262027,2,2026-11-06,2026-11-07T00:00:00Z,29,7,FUT,,,KeyBank Center
2026020263,20262027,2,2026-11-06,2026-11-07T01:00:00Z,28,30,FUT,,,Grand Casino Arena
2026020264,20262027,2,2026-11-06,2026-11-07T01:00:00Z,24,20,FUT,,,Scotiabank Saddledome
2026020265,20262027,2,2026-11-07,2026-11-07T17:30:00Z,13,15,FUT,,,Capital One Arena
2026020266,20262027,2,2026-11-07,2026-11-07T18:00:00Z,19,18,FUT,,,Bridgestone Arena
2026020267,20262027,2,2026-11-07,2026-11-07T22:00:00Z,3,55,FUT,,,Climate Pledge Arena
2026020268,20262027,2,2026-11-07,2026-11-08T00:00:00Z,8,10,FUT,,,Scotiabank Arena
2026020269,20262027,2,2026-11-07,2026-11-08T00:00:00Z,68,9,FUT,,,Canadian Tire Centre
2026020270,20262027,2,2026-11-07,2026-11-08T00:00:00Z,1,2,FUT,,,UBS Arena
2026020271,20262027,2,2026-11-07,2026-11-08T01:00:00Z,16,12,FUT,,,Lenovo Center
2026020272,20262027,2,2026-11-07,2026-11-08T01:00:00Z,28,25,FUT,,,American Airlines Center
2026020273,20262027,2,2026-11-07,2026-11-08T01:00:00Z,14,30,FUT,,,Grand Casino Arena
2026020274,20262027,2,2026-11-07,2026-11-08T02:00:00Z,17,21,FUT,,,Ball Arena
2026020275,20262027,2,2026-11-07,2026-11-08T02:00:00Z,5,26,FUT,,,Crypto.com Arena
2026020276,20262027,2,2026-11-07,2026-11-08T03:00:00Z,23,22,FUT,,,Rogers Place
2026020277,20262027,2,2026-11-08,2026-11-08T18:00:00Z,13,6,FUT,,,TD Garden
2026020278,20262027,2,2026-11-08,2026-11-08T20:30:00Z,54,7,FUT,,,KeyBank Center
2026020279,20262027,2,2026-11-08,2026-11-09T00:00:00Z,1,10,FUT,,,Scotiabank Arena
2026020280,20262027,2,2026-11-08,2026-11-08T23:00:00Z,14,52,FUT,,,Canada Life Centre
2026020281,20262027,2,2026-11-08,2026-11-09T00:00:00Z,4,20,FUT,,,Scotiabank Saddledome
2026020282,20262027,2,2026-11-08,2026-11-09T01:00:00Z,5,24,FUT,,,Honda Center
2026020283,20262027,2,2026-11-09,2026-11-10T01:00:00Z,3,22,FUT,,,Rogers Place
2026020284,20262027,2,2026-11-09,2026-11-10T02:30:00Z,4,23,FUT,,,Rogers Arena
2026020285,20262027,2,2026-11-09,2026-11-10T03:00:00Z,2,28,FUT,,,SAP Center at San Jose
2026020286,20262027,2,2026-11-10,2026-11-11T00:00:00Z,21,10,FUT,,,Scotiabank Arena
2026020287,20262027,2,2026-11-10,2026-11-11T00:00:00Z,30,8,FUT,,,Centre Bell
2026020288,20262027,2,2026-11-10,2026-11-11T00:00:00Z,15,9,FUT,,,Canadian Tire Centre
2026020289,20262027,2,2026-11-10,2026-11-11T00:30:00Z,13,29,FUT,,,Nationwide Arena
2026020290,20262027,2,2026-11-10,2026-11-11T01:00:00Z,17,19,FUT,,,Enterprise Center
2026020291,20262027,2,2026-11-10,2026-11-11T00:00:00Z,1,52,FUT,,,Canada Life Centre
2026020292,20262027,2,2026-11-10,2026-11-11T03:00:00Z,18,26,FUT,,,Crypto.com Arena
2026020293,20262027,2,2026-11-11,2026-11-12T00:00:00Z,14,7,FUT,,,KeyBank Center
2026020294,20262027,2,2026-11-11,2026-11-12T00:30:00Z,3,20,FUT,,,Scotiabank Saddledome
2026020295,20262027,2,2026-11-11,2026-11-12T02:00:00Z,4,22,FUT,,,Rogers Place
2026020296,20262027,2,2026-11-11,2026-11-12T02:30:00Z,68,54,FUT,,,T-Mobile Arena
2026020297,20262027,2,2026-11-11,2026-11-12T03:00:00Z,18,24,FUT,,,Honda Center
2026020298,20262027,2,2026-11-11,2026-11-12T03:00:00Z,5,28,FUT,,,SAP Center at San Jose
2026020299,20262027,2,2026-11-12,2026-11-13T00:00:00Z,8,6,FUT,,,TD Garden
2026020300,20262027,2,2026-11-12,2026-11-13T00:00:00Z,30,10,FUT,,,Scotiabank Arena
2026020301,20262027,2,2026-11-12,2026-11-13T00:00:00Z,21,9,FUT,,,Canadian Tire Centre
2026020302,20262027,2,2026-11-12,2026-11-13T00:30:00Z,17,13,FUT,,,Amerant Bank Arena
2026020303,20262027,2,2026-11-12,2026-11-13T00:00:00Z,15,1,FUT,,,Prudential Center
2026020304,20262027,2,2026-11-12,2026-11-13T00:00:00Z,14,29,FUT,,,Nationwide Arena
2026020305,20262027,2,2026-11-12,2026-11-13T01:00:00Z,7,16,FUT,,,United Center
2026020306,20262027,2,2026-11-12,2026-11-13T01:00:00Z,52,25,FUT,,,American Airlines Center
2026020307,20262027,2,2026-11-12,2026-11-13T02:00:00Z,19,68,FUT,,,Delta Center
2026020308,20262027,2,2026-11-12,2026-11-13T03:00:00Z,2,26,FUT,,,Crypto.com Arena
2026020309,20262027,2,2026-11-12,2026-11-12T17:00:00Z,12,55,FUT,,,Veikkaus Arena
2026020310,20262027,2,2026-11-13,2026-11-14T02:00:00Z,3,23,FUT,,,Rogers Arena
2026020311,20262027,2,2026-11-13,2026-11-14T03:00:00Z,18,54,FUT,,,T-Mobile Arena
2026020312,20262027,2,2026-11-14,2026-11-14T20:30:00Z,52,16,FUT,,,United Center
2026020313,20262027,2,2026-11-14,2026-11-15T00:00:00Z,30,6,FUT,,,TD Garden
2026020314,20262027,2,2026-11-14,2026-11-15T00:00:00Z,22,10,FUT,,,Scotiabank Arena
2026020315,20262027,2,2026-11-14,2026-11-15T00:00:00Z,21,8,FUT,,,Centre Bell
2026020316,20262027,2,2026-11-14,2026-11-15T00:00:00Z,17,14,FUT,,,Benchmark International Arena
2026020317,20262027,2,2026-11-14,2026-11-15T00:00:00Z,9,5,FUT,,,PPG Paints Arena
2026020318,20262027,2,2026-11-14,2026-11-15T00:00:00Z,1,15,FUT,,,Capital One Arena
2026020319,20262027,2,2026-11-14,2026-11-15T00:00:00Z,4,29,FUT,,,Nationwide Arena
2026020320,20262027,2,2026-11-14,2026-11-15T00:00:00Z,13,19,FUT,,,Enterprise Center
2026020321,20262027,2,2026-11-14,2026-11-14T18:00:00Z,55,12,FUT,,,Veikkaus Arena
2026020322,20262027,2,2026-11-14,2026-11-15T01:00:00Z,7,25,FUT,,,American Airlines Center
2026020323,20262027,2,2026-11-14,2026-11-15T02:00:00Z,28,68,FUT,,,Delta Center
2026020324,20262027,2,2026-11-14,2026-11-15T03:00:00Z,2,24,FUT,,,Honda Center
2026020325,20262027,2,2026-11-14,2026-11-15T03:00:00Z,20,26,FUT,,,Crypto.com Arena
2026020326,20262027,2,2026-11-15,2026-11-16T00:30:00Z,22,4,FUT,,,Xfinity Mobile Arena
2026020327,20262027,2,2026-11-15,2026-11-16T01:00:00Z,13,25,FUT,,,American Airlines Center
2026020328,20262027,2,2026-11-15,2026-11-16T01:00:00Z,20,24,FUT,,,Honda Center
2026020329,20262027,2,2026-11-15,2026-11-16T02:00:00Z,23,54,FUT,,,T-Mobile Arena
2026020330,20262027,2,2026-11-15,2026-11-16T02:00:00Z,18,28,FUT,,,SAP Center at San Jose
2026020331,20262027,2,2026-11-16,2026-11-17T00:30:00Z,8,3,FUT,,,Madison Square Garden
2026020332,20262027,2,2026-11-16,2026-11-17T02:30:00Z,23,68,FUT,,,Delta Center
2026020333,20262027,2,2026-11-17,2026-11-18T00:00:00Z,26,6,FUT,,,TD Garden
2026020334,20262027,2,2026-11-17,2026-11-18T00:30:00Z,15,14,FUT,,,Benchmark International Arena
2026020335,20262027,2,2026-11-17,2026-11-18T00:00:00Z,22,13,FUT,,,Amerant Bank Arena
2026020336,20262027,2,2026-11-17,2026-11-18T00:00:00Z,29,2,FUT,,,UBS Arena
2026020337,20262027,2,2026-11-17,2026-11-18T00:00:00Z,7,4,FUT,,,Xfinity Mobile Arena
2026020338,20262027,2,2026-11-17,2026-11-18T00:30:00Z,10,16,FUT,,,United Center
2026020339,20262027,2,2026-11-17,2026-11-18T01:00:00Z,24,19,FUT,,,Enterprise Center
2026020340,20262027,2,2026-11-17,2026-11-18T01:00:00Z,18,30,FUT,,,Grand Casino Arena
2026020341,20262027,2,2026-11-17,2026-11-18T00:00:00Z,9,52,FUT,,,Canada Life Centre
2026020342,20262027,2,2026-11-17,2026-11-18T03:00:00Z,25,54,FUT,,,T-Mobile Arena
2026020343,20262027,2,2026-11-17,2026-11-18T03:00:00Z,20,28,FUT,,,SAP Center at San Jose
2026020344,20262027,2,2026-11-18,2026-11-19T00:30:00Z,6,17,FUT,,,Little Caesars Arena
2026020345,20262027,2,2026-11-18,2026-11-19T00:30:00Z,8,1,FUT,,,Prudential Center
2026020346,20262027,2,2026-11-18,2026-11-19T02:00:00Z,21,68,FUT,,,Delta Center
2026020347,20262027,2,2026-11-19,2026-11-20T00:00:00Z,26,10,FUT,,,Scotiabank Arena
2026020348,20262027,2,2026-11-19,2026-11-20T00:00:00Z,4,9,FUT,,,Canadian Tire Centre
2026020349,20262027,2,2026-11-19,2026-11-20T00:30:00Z,22,14,FUT,,,Benchmark International Arena
2026020350,20262027,2,2026-11-19,2026-11-20T00:00:00Z,19,5,FUT,,,PPG Paints Arena
2026020351,20262027,2,2026-11-19,2026-11-20T00:00:00Z,7,15,FUT,,,Capital One Arena
2026020352,20262027,2,2026-11-19,2026-11-20T00:00:00Z,8,12,FUT,,,Lenovo Center
2026020353,20262027,2,2026-11-19,2026-11-20T01:00:00Z,29,16,FUT,,,United Center
2026020354,20262027,2,2026-11-19,2026-11-20T00:00:00Z,2,52,FUT,,,Canada Life Centre
2026020355,20262027,2,2026-11-19,2026-11-20T01:00:00Z,30,20,FUT,,,Scotiabank Saddledome
2026020356,20262027,2,2026-11-19,2026-11-20T02:00:00Z,24,21,FUT,,,Ball Arena
2026020357,20262027,2,2026-11-19,2026-11-20T02:40:00Z,23,55,FUT,,,Climate Pledge Arena
2026020358,20262027,2,2026-11-19,2026-11-20T03:00:00Z,25,54,FUT,,,T-Mobile Arena
2026020359,20262027,2,2026-11-21,2026-11-21T18:00:00Z,22,12,FUT,,,Lenovo Center
2026020360,20262027,2,2026-11-21,2026-11-21T20:30:00Z,16,20,FUT,,,Scotiabank Saddledome
2026020361,20262027,2,2026-11-21,2026-11-21T23:00:00Z,7,13,FUT,,,Amerant Bank Arena
2026020362,20262027,2,2026-11-21,2026-11-21T23:00:00Z,5,18,FUT,,,Bridgestone Arena
2026020363,20262027,2,2026-11-21,2026-11-22T00:00:00Z,15,6,FUT,,,TD Garden
2026020364,20262027,2,2026-11-21,2026-11-22T00:00:00Z,29,10,FUT,,,Scotiabank Arena
2026020365,20262027,2,2026-11-21,2026-11-22T00:00:00Z,4,8,FUT,,,Centre Bell
2026020366,20262027,2,2026-11-21,2026-11-22T00:00:00Z,26,9,FUT,,,Canadian Tire Centre
2026020367,20262027,2,2026-11-21,2026-11-22T00:00:00Z,2,17,FUT,,,Little Caesars Arena
2026020368,20262027,2,2026-11-21,2026-11-22T00:00:00Z,1,19,FUT,,,Enterprise Center
2026020369,20262027,2,2026-11-21,2026-11-22T00:00:00Z,54,52,FUT,,,Canada Life Centre
2026020370,20262027,2,2026-11-21,2026-11-22T02:00:00Z,24,68,FUT,,,Delta Center
2026020371,20262027,2,2026-11-21,2026-11-22T03:00:00Z,30,23,FUT,,,Rogers Arena
2026020372,20262027,2,2026-11-21,2026-11-22T03:00:00Z,55,28,FUT,,,SAP Center at San Jose
2026020373,20262027,2,2026-11-22,2026-11-22T17:30:00Z,12,3,FUT,,,Madison Square Garden
2026020374,20262027,2,2026-11-22,2026-11-22T22:00:00Z,7,14,FUT,,,Benchmark International Arena
2026020375,20262027,2,2026-11-22,2026-11-23T00:00:00Z,22,19,FUT,,,Enterprise Center
2026020376,20262027,2,2026-11-22,2026-11-23T00:00:00Z,5,25,FUT,,,American Airlines Center
2026020377,20262027,2,2026-11-22,2026-11-23T01:00:00Z,16,23,FUT,,,Rogers Arena
2026020378,20262027,2,2026-11-23,2026-11-24T00:00:00Z,29,1,FUT,,,Prudential Center
2026020379,20262027,2,2026-11-23,2026-11-24T00:30:00Z,26,8,FUT,,,Centre Bell
2026020380,20262027,2,2026-11-23,2026-11-24T00:30:00Z,20,9,FUT,,,Canadian Tire Centre
2026020381,20262027,2,2026-11-23,2026-11-24T00:30:00Z,10,2,FUT,,,UBS Arena
2026020382,20262027,2,2026-11-23,2026-11-24T00:30:00Z,68,52,FUT,,,Canada Life Centre
2026020383,20262027,2,2026-11-23,2026-11-24T02:40:00Z,24,55,FUT,,,Climate Pledge Arena
2026020384,20262027,2,2026-11-23,2026-11-24T03:00:00Z,30,28,FUT,,,SAP Center at San Jose
2026020385,20262027,2,2026-11-24,2026-11-25T01:00:00Z,54,22,FUT,,,Rogers Place
2026020386,20262027,2,2026-11-25,2026-11-26T00:00:00Z,52,6,FUT,,,TD Garden
2026020387,20262027,2,2026-11-25,2026-11-26T00:00:00Z,3,7,FUT,,,KeyBank Center
2026020388,20262027,2,2026-11-25,2026-11-26T00:00:00Z,12,14,FUT,,,Benchmark International Arena
2026020389,20262027,2,2026-11-25,2026-11-26T00:00:00Z,9,13,FUT,,,Amerant Bank Arena
2026020390,20262027,2,2026-11-25,2026-11-26T00:00:00Z,19,2,FUT,,,UBS Arena
2026020391,20262027,2,2026-11-25,2026-11-26T00:00:00Z,20,5,FUT,,,PPG Paints Arena
2026020392,20262027,2,2026-11-25,2026-11-26T00:00:00Z,4,15,FUT,,,Capital One Arena
2026020393,20262027,2,2026-11-25,2026-11-26T00:00:00Z,1,29,FUT,,,Nationwide Arena
2026020394,20262027,2,2026-11-25,2026-11-26T00:30:00Z,23,17,FUT,,,Little Caesars Arena
2026020395,20262027,2,2026-11-25,2026-11-26T01:00:00Z,18,25,FUT,,,American Airlines Center
2026020396,20262027,2,2026-11-25,2026-11-26T01:00:00Z,68,30,FUT,,,Grand Casino Arena
2026020397,20262027,2,2026-11-25,2026-11-26T02:30:00Z,8,21,FUT,,,Ball Arena
2026020398,20262027,2,2026-11-25,2026-11-26T03:00:00Z,28,24,FUT,,,Honda Center
2026020399,20262027,2,2026-11-25,2026-11-26T02:40:00Z,16,55,FUT,,,Climate Pledge Arena
2026020400,20262027,2,2026-11-27,2026-11-27T18:00:00Z,10,6,FUT,,,TD Garden
2026020401,20262027,2,2026-11-27,2026-11-27T18:00:00Z,20,1,FUT,,,Prudential Center
2026020402,20262027,2,2026-11-27,2026-11-27T18:00:00Z,68,18,FUT,,,Bridgestone Arena
2026020403,20262027,2,2026-11-27,2026-11-27T19:00:00Z,25,19,FUT,,,Enterprise Center
2026020404,20262027,2,2026-11-27,2026-11-27T20:00:00Z,9,14,FUT,,,Benchmark International Arena
2026020405,20262027,2,2026-11-27,2026-11-27T20:00:00Z,23,4,FUT,,,Xfinity Mobile Arena
2026020406,20262027,2,2026-11-27,2026-11-27T20:00:00Z,13,15,FUT,,,Capital One Arena
2026020407,20262027,2,2026-11-27,2026-11-27T20:00:00Z,17,29,FUT,,,Nationwide Arena
2026020408,20262027,2,2026-11-27,2026-11-27T21:00:00Z,21,30,FUT,,,Grand Casino Arena
2026020409,20262027,2,2026-11-27,2026-11-27T21:00:00Z,26,24,FUT,,,Honda Center
2026020410,20262027,2,2026-11-27,2026-11-27T21:00:00Z,54,28,FUT,,,SAP Center at San Jose
2026020411,20262027,2,2026-11-27,2026-11-27T22:30:00Z,3,16,FUT,,,United Center
2026020412,20262027,2,2026-11-27,2026-11-28T00:30:00Z,52,2,FUT,,,UBS Arena
2026020413,20262027,2,2026-11-27,2026-11-28T01:00:00Z,5,7,FUT,,,KeyBank Center
2026020414,20262027,2,2026-11-27,2026-11-28T01:00:00Z,55,22,FUT,,,Rogers Place
2026020415,20262027,2,2026-11-28,2026-11-28T21:00:00Z,8,54,FUT,,,T-Mobile Arena
2026020416,20262027,2,2026-11-28,2026-11-28T23:00:00Z,14,13,FUT,,,Amerant Bank Arena
2026020417,20262027,2,2026-11-28,2026-11-29T00:00:00Z,18,17,FUT,,,Little Caesars Arena
2026020418,20262027,2,2026-11-28,2026-11-29T00:00:00Z,52,1,FUT,,,Prudential Center
2026020419,20262027,2,2026-11-28,2026-11-29T00:00:00Z,20,3,FUT,,,Madison Square Garden
2026020420,20262027,2,2026-11-28,2026-11-29T00:00:00Z,10,5,FUT,,,PPG Paints Arena
2026020421,20262027,2,2026-11-28,2026-11-29T00:00:00Z,9,12,FUT,,,Lenovo Center
2026020422,20262027,2,2026-11-28,2026-11-29T00:00:00Z,15,19,FUT,,,Enterprise Center
2026020423,20262027,2,2026-11-28,2026-11-29T00:30:00Z,2,4,FUT,,,Xfinity Mobile Arena
2026020424,20262027,2,2026-11-28,2026-11-29T01:00:00Z,68,25,FUT,,,American Airlines Center
2026020425,20262027,2,2026-11-28,2026-11-29T02:00:00Z,28,21,FUT,,,Ball Arena
2026020426,20262027,2,2026-11-28,2026-11-29T02:00:00Z,24,26,FUT,,,Crypto.com Arena
2026020427,20262027,2,2026-11-28,2026-11-29T03:00:00Z,22,55,FUT,,,Climate Pledge Arena
2026020428,20262027,2,2026-11-29,2026-11-29T19:00:00Z,30,16,FUT,,,United Center
2026020429,20262027,2,2026-11-29,2026-11-29T22:00:00Z,23,6,FUT,,,TD Garden
2026020430,20262027,2,2026-11-30,2026-11-30T18:00:00Z,9,18,FUT,,,Bridgestone Arena
2026020431,20262027,2,2026-11-30,2026-12-01T00:00:00Z,12,3,FUT,,,Madison Square Garden
2026020432,20262027,2,2026-11-30,2026-12-01T00:00:00Z,29,5,FUT,,,PPG Paints Arena
2026020433,20262027,2,2026-11-30,2026-12-01T00:30:00Z,4,10,FUT,,,Scotiabank Arena
2026020434,20262027,2,2026-11-30,2026-12-01T00:30:00Z,16,52,FUT,,,Canada Life Centre
2026020435,20262027,2,2026-11-30,2026-12-01T02:30:00Z,8,68,FUT,,,Delta Center
2026020436,20262027,2,2026-12-01,2026-12-02T00:00:00Z,20,17,FUT,,,Little Caesars Arena
2026020437,20262027,2,2026-12-01,2026-12-02T00:30:00Z,28,1,FUT,,,Prudential Center
2026020438,20262027,2,2026-12-01,2026-12-02T00:00:00Z,13,2,FUT,,,UBS Arena
2026020439,20262027,2,2026-12-01,2026-12-02T00:00:00Z,23,15,FUT,,,Capital One Arena
2026020440,20262027,2,2026-12-01,2026-12-02T01:00:00Z,21,6,FUT,,,TD Garden
2026020441,20262027,2,2026-12-01,2026-12-02T01:00:00Z,7,22,FUT,,,Rogers Place
2026020442,20262027,2,2026-12-01,2026-12-02T02:40:00Z,25,55,FUT,,,Climate Pledge Arena
2026020443,20262027,2,2026-12-01,2026-12-02T03:00:00Z,30,24,FUT,,,Honda Center
2026020444,20262027,2,2026-12-01,2026-12-02T03:00:00Z,54,26,FUT,,,Crypto.com Arena
2026020445,20262027,2,2026-12-02,2026-12-03T00:30:00Z,14,8,FUT,,,Centre Bell
2026020446,20262027,2,2026-12-02,2026-12-03T01:00:00Z,5,19,FUT,,,Enterprise Center
2026020447,20262027,2,2026-12-02,2026-12-03T02:30:00Z,52,68,FUT,,,Delta Center
2026020448,20262027,2,2026-12-03,2026-12-04T00:00:00Z,13,10,FUT,,,Scotiabank Arena
2026020449,20262027,2,2026-12-03,2026-12-04T00:00:00Z,1,9,FUT,,,Canadian Tire Centre
2026020450,20262027,2,2026-12-03,2026-12-04T00:00:00Z,21,17,FUT,,,Little Caesars Arena
2026020451,20262027,2,2026-12-03,2026-12-04T00:00:00Z,28,3,FUT,,,Madison Square Garden
2026020452,20262027,2,2026-12-03,2026-12-04T00:30:00Z,2,4,FUT,,,Xfinity Mobile Arena
2026020453,20262027,2,2026-12-03,2026-12-04T00:00:00Z,29,12,FUT,,,Lenovo Center
2026020454,20262027,2,2026-12-03,2026-12-04T01:00:00Z,16,18,FUT,,,Bridgestone Arena
2026020455,20262027,2,2026-12-03,2026-12-04T01:00:00Z,7,20,FUT,,,Scotiabank Saddledome
2026020456,20262027,2,2026-12-03,2026-12-04T01:00:00Z,15,22,FUT,,,Rogers Place
2026020457,20262027,2,2026-12-03,2026-12-04T03:00:00Z,25,55,FUT,,,Climate Pledge Arena
2026020458,20262027,2,2026-12-03,2026-12-04T03:00:00Z,68,54,FUT,,,T-Mobile Arena
2026020459,20262027,2,2026-12-03,2026-12-04T03:00:00Z,30,26,FUT,,,Crypto.com Arena
2026020460,20262027,2,2026-12-04,2026-12-05T00:00:00Z,28,2,FUT,,,UBS Arena
2026020461,20262027,2,2026-12-04,2026-12-05T01:00:00Z,16,19,FUT,,,Enterprise Center
2026020462,20262027,2,2026-12-04,2026-12-05T02:00:00Z,7,23,FUT,,,Rogers Arena
2026020463,20262027,2,2026-12-04,2026-12-05T03:00:00Z,55,24,FUT,,,Honda Center
2026020464,20262027,2,2026-12-05,2026-12-05T18:00:00Z,17,6,FUT,,,TD Garden
2026020465,20262027,2,2026-12-05,2026-12-05T18:00:00Z,13,8,FUT,,,Centre Bell
2026020466,20262027,2,2026-12-05,2026-12-05T19:00:00Z,29,18,FUT,,,Bridgestone Arena
2026020467,20262027,2,2026-12-05,2026-12-05T20:00:00Z,1,5,FUT,,,PPG Paints Arena
2026020468,20262027,2,2026-12-05,2026-12-05T20:30:00Z,15,20,FUT,,,Scotiabank Saddledome
2026020469,20262027,2,2026-12-05,2026-12-06T00:00:00Z,14,9,FUT,,,Canadian Tire Centre
2026020470,20262027,2,2026-12-05,2026-12-06T00:00:00Z,21,3,FUT,,,Madison Square Garden
2026020471,20262027,2,2026-12-05,2026-12-06T00:00:00Z,10,12,FUT,,,Lenovo Center
2026020472,20262027,2,2026-12-05,2026-12-06T00:00:00Z,52,54,FUT,,,T-Mobile Arena
2026020473,20262027,2,2026-12-05,2026-12-06T01:00:00Z,4,30,FUT,,,Grand Casino Arena
2026020474,20262027,2,2026-12-05,2026-12-06T03:00:00Z,68,26,FUT,,,Crypto.com Arena
2026020475,20262027,2,2026-12-05,2026-12-06T03:00:00Z,25,23,FUT,,,Rogers Arena
2026020476,20262027,2,2026-12-06,2026-12-06T20:00:00Z,28,5,FUT,,,PPG Paints Arena
2026020477,20262027,2,2026-12-06,2026-12-06T22:00:00Z,18,19,FUT,,,Enterprise Center
2026020478,20262027,2,2026-12-06,2026-12-07T00:00:00Z,9,8,FUT,,,Centre Bell
2026020479,20262027,2,2026-12-06,2026-12-07T00:00:00Z,22,16,FUT,,,United Center
2026020480,20262027,2,2026-12-06,2026-12-07T01:00:00Z,52,24,FUT,,,Honda Center
2026020481,20262027,2,2026-12-06,2026-12-07T01:00:00Z,7,55,FUT,,,Climate Pledge Arena
2026020482,20262027,2,2026-12-07,2026-12-07T18:00:00Z,21,2,FUT,,,UBS Arena
2026020483,20262027,2,2026-12-07,2026-12-08T00:00:00Z,29,14,FUT,,,Benchmark International Arena
2026020484,20262027,2,2026-12-07,2026-12-08T00:00:00Z,1,3,FUT,,,Madison Square Garden
2026020485,20262027,2,2026-12-07,2026-12-08T02:00:00Z,15,23,FUT,,,Rogers Arena
2026020486,20262027,2,2026-12-08,2026-12-09T00:00:00Z,54,8,FUT,,,Centre Bell
2026020487,20262027,2,2026-12-08,2026-12-09T00:00:00Z,24,9,FUT,,,Canadian Tire Centre
2026020488,20262027,2,2026-12-08,2026-12-09T00:00:00Z,6,13,FUT,,,Amerant Bank Arena
2026020489,20262027,2,2026-12-08,2026-12-09T00:30:00Z,16,5,FUT,,,PPG Paints Arena
2026020490,20262027,2,2026-12-08,2026-12-09T00:00:00Z,3,12,FUT,,,Lenovo Center
2026020491,20262027,2,2026-12-08,2026-12-09T01:00:00Z,21,19,FUT,,,Enterprise Center
2026020492,20262027,2,2026-12-08,2026-12-09T00:00:00Z,4,52,FUT,,,Canada Life Centre
2026020493,20262027,2,2026-12-08,2026-12-09T01:00:00Z,18,20,FUT,,,Scotiabank Saddledome
2026020494,20262027,2,2026-12-08,2026-12-09T01:00:00Z,22,30,FUT,,,Grand Casino Arena
2026020495,20262027,2,2026-12-08,2026-12-09T03:00:00Z,55,28,FUT,,,SAP Center at San Jose
2026020496,20262027,2,2026-12-09,2026-12-10T00:00:00Z,17,1,FUT,,,Prudential Center
2026020497,20262027,2,2026-12-09,2026-12-10T00:30:00Z,10,25,FUT,,,American Airlines Center
2026020498,20262027,2,2026-12-09,2026-12-10T02:30:00Z,28,26,FUT,,,Crypto.com Arena
2026020499,20262027,2,2026-12-10,2026-12-11T00:00:00Z,22,7,FUT,,,KeyBank Center
2026020500,20262027,2,2026-12-10,2026-12-11T00:00:00Z,24,8,FUT,,,Centre Bell
2026020501,20262027,2,2026-12-10,2026-12-11T00:00:00Z,54,9,FUT,,,Canadian Tire Centre
2026020502,20262027,2,2026-12-10,2026-12-11T00:00:00Z,6,14,FUT,,,Benchmark International Arena
2026020503,20262027,2,2026-12-10,2026-12-11T00:00:00Z,5,13,FUT,,,Amerant Bank Arena
2026020504,20262027,2,2026-12-10,2026-12-11T00:00:00Z,20,2,FUT,,,UBS Arena
2026020505,20262027,2,2026-12-10,2026-12-11T00:00:00Z,30,29,FUT,,,Nationwide Arena
2026020506,20262027,2,2026-12-10,2026-12-11T00:00:00Z,16,52,FUT,,,Canada Life Centre
2026020507,20262027,2,2026-12-10,2026-12-11T02:00:00Z,19,68,FUT,,,Delta Center
2026020508,20262027,2,2026-12-10,2026-12-11T02:00:00Z,18,23,FUT,,,Rogers Arena
2026020509,20262027,2,2026-12-10,2026-12-11T02:30:00Z,15,55,FUT,,,Climate Pledge Arena
2026020510,20262027,2,2026-12-11,2026-12-12T00:00:00Z,3,17,FUT,,,Little Caesars Arena
2026020511,20262027,2,2026-12-11,2026-12-12T00:00:00Z,20,4,FUT,,,Xfinity Mobile Arena
2026020512,20262027,2,2026-12-11,2026-12-12T00:00:00Z,2,12,FUT,,,Lenovo Center
2026020513,20262027,2,2026-12-11,2026-12-12T03:00:00Z,26,28,FUT,,,SAP Center at San Jose
2026020514,20262027,2,2026-12-12,2026-12-12T18:00:00Z,1,6,FUT,,,TD Garden
2026020515,20262027,2,2026-12-12,2026-12-12T18:00:00Z,8,29,FUT,,,Nationwide Arena
2026020516,20262027,2,2026-12-12,2026-12-12T20:30:00Z,5,14,FUT,,,Benchmark International Arena
2026020517,20262027,2,2026-12-12,2026-12-12T20:30:00Z,52,30,FUT,,,Grand Casino Arena
2026020518,20262027,2,2026-12-12,2026-12-13T00:00:00Z,24,7,FUT,,,KeyBank Center
2026020519,20262027,2,2026-12-12,2026-12-13T00:00:00Z,54,10,FUT,,,Scotiabank Arena
2026020520,20262027,2,2026-12-12,2026-12-13T00:00:00Z,22,9,FUT,,,Canadian Tire Centre
2026020521,20262027,2,2026-12-12,2026-12-13T00:00:00Z,13,17,FUT,,,Little Caesars Arena
2026020522,20262027,2,2026-12-12,2026-12-13T00:00:00Z,68,16,FUT,,,United Center
2026020523,20262027,2,2026-12-12,2026-12-13T01:00:00Z,19,25,FUT,,,American Airlines Center
2026020524,20262027,2,2026-12-12,2026-12-13T02:00:00Z,15,21,FUT,,,Ball Arena
2026020525,20262027,2,2026-12-12,2026-12-13T03:00:00Z,23,26,FUT,,,Crypto.com Arena
2026020526,20262027,2,2026-12-12,2026-12-13T03:00:00Z,18,55,FUT,,,Climate Pledge Arena
2026020527,20262027,2,2026-12-13,2026-12-13T18:00:00Z,6,12,FUT,,,Lenovo Center
2026020528,20262027,2,2026-12-13,2026-12-13T23:00:00Z,29,3,FUT,,,Madison Square Garden
2026020529,20262027,2,2026-12-13,2026-12-14T00:00:00Z,24,10,FUT,,,Scotiabank Arena
2026020530,20262027,2,2026-12-13,2026-12-14T01:00:00Z,14,19,FUT,,,Enterprise Center
2026020531,20262027,2,2026-12-14,2026-12-14T19:00:00Z,7,9,FUT,,,Canadian Tire Centre
2026020532,20262027,2,2026-12-14,2026-12-15T00:00:00Z,13,4,FUT,,,Xfinity Mobile Arena
2026020533,20262027,2,2026-12-14,2026-12-15T00:30:00Z,22,8,FUT,,,Centre Bell
2026020534,20262027,2,2026-12-14,2026-12-15T02:00:00Z,68,21,FUT,,,Ball Arena
2026020535,20262027,2,2026-12-14,2026-12-15T03:00:00Z,23,28,FUT,,,SAP Center at San Jose
2026020536,20262027,2,2026-12-15,2026-12-16T00:00:00Z,13,6,FUT,,,TD Garden
2026020537,20262027,2,2026-12-15,2026-12-16T00:00:00Z,20,7,FUT,,,KeyBank Center
2026020538,20262027,2,2026-12-15,2026-12-16T00:30:00Z,26,17,FUT,,,Little Caesars Arena
2026020539,20262027,2,2026-12-15,2026-12-16T00:00:00Z,3,1,FUT,,,Prudential Center
2026020540,20262027,2,2026-12-15,2026-12-16T00:00:00Z,14,5,FUT,,,PPG Paints Arena
2026020541,20262027,2,2026-12-15,2026-12-16T00:00:00Z,12,29,FUT,,,Nationwide Arena
2026020542,20262027,2,2026-12-15,2026-12-16T01:00:00Z,52,19,FUT,,,Enterprise Center
2026020543,20262027,2,2026-12-15,2026-12-16T01:00:00Z,55,18,FUT,,,Bridgestone Arena
2026020544,20262027,2,2026-12-15,2026-12-16T01:00:00Z,10,30,FUT,,,Grand Casino Arena
2026020545,20262027,2,2026-12-15,2026-12-16T02:00:00Z,2,68,FUT,,,Delta Center
2026020546,20262027,2,2026-12-15,2026-12-16T02:30:00Z,15,25,FUT,,,American Airlines Center
2026020547,20262027,2,2026-12-16,2026-12-17T00:30:00Z,3,4,FUT,,,Xfinity Mobile Arena
2026020548,20262027,2,2026-12-16,2026-12-17T02:00:00Z,2,21,FUT,,,Ball Arena
2026020549,20262027,2,2026-12-16,2026-12-17T02:00:00Z,23,24,FUT,,,Honda Center
2026020550,20262027,2,2026-12-16,2026-12-17T03:00:00Z,28,54,FUT,,,T-Mobile Arena
2026020551,20262027,2,2026-12-17,2026-12-18T00:00:00Z,19,6,FUT,,,TD Garden
2026020552,20262027,2,2026-12-17,2026-12-18T00:00:00Z,20,14,FUT,,,Benchmark International Arena
2026020553,20262027,2,2026-12-17,2026-12-18T00:30:00Z,10,1,FUT,,,Prudential Center
2026020554,20262027,2,2026-12-17,2026-12-18T00:00:00Z,26,5,FUT,,,PPG Paints Arena
2026020555,20262027,2,2026-12-17,2026-12-18T00:00:00Z,17,15,FUT,,,Capital One Arena
2026020556,20262027,2,2026-12-17,2026-12-18T00:00:00Z,55,29,FUT,,,Nationwide Arena
2026020557,20262027,2,2026-12-17,2026-12-18T01:00:00Z,25,22,FUT,,,Rogers Place
2026020558,20262027,2,2026-12-17,2026-12-18T02:00:00Z,12,68,FUT,,,Delta Center
2026020559,20262027,2,2026-12-18,2026-12-19T00:30:00Z,8,7,FUT,,,KeyBank Center
2026020560,20262027,2,2026-12-18,2026-12-18T18:00:00Z,16,9,FUT,,,PSD Bank Dome
2026020561,20262027,2,2026-12-18,2026-12-19T00:00:00Z,18,3,FUT,,,Madison Square Garden
2026020562,20262027,2,2026-12-18,2026-12-19T00:00:00Z,17,4,FUT,,,Xfinity Mobile Arena
2026020563,20262027,2,2026-12-18,2026-12-19T00:00:00Z,55,5,FUT,,,PPG Paints Arena
2026020564,20262027,2,2026-12-18,2026-12-19T01:00:00Z,24,30,FUT,,,Grand Casino Arena
2026020565,20262027,2,2026-12-18,2026-12-19T02:00:00Z,12,21,FUT,,,Ball Arena
2026020566,20262027,2,2026-12-18,2026-12-19T03:00:00Z,2,54,FUT,,,T-Mobile Arena
2026020567,20262027,2,2026-12-19,2026-12-19T17:00:00Z,6,1,FUT,,,Prudential Center
2026020568,20262027,2,2026-12-19,2026-12-19T18:00:00Z,20,13,FUT,,,Amerant Bank Arena
2026020569,20262027,2,2026-12-19,2026-12-19T20:30:00Z,68,22,FUT,,,Rogers Place
2026020570,20262027,2,2026-12-19,2026-12-20T00:00:00Z,14,10,FUT,,,Scotiabank Arena
2026020571,20262027,2,2026-12-19,2026-12-20T00:00:00Z,19,15,FUT,,,Capital One Arena
2026020572,20262027,2,2026-12-19,2026-12-20T00:00:00Z,26,29,FUT,,,Nationwide Arena
2026020573,20262027,2,2026-12-19,2026-12-20T00:00:00Z,8,30,FUT,,,Grand Casino Arena
2026020574,20262027,2,2026-12-19,2026-12-20T00:00:00Z,25,52,FUT,,,Canada Life Centre
2026020575,20262027,2,2026-12-19,2026-12-20T03:00:00Z,28,23,FUT,,,Rogers Arena
2026020576,20262027,2,2026-12-20,2026-12-20T18:00:00Z,4,6,FUT,,,TD Garden
2026020577,20262027,2,2026-12-20,2026-12-20T13:00:00Z,9,16,FUT,,,PSD Bank Dome
2026020578,20262027,2,2026-12-20,2026-12-20T22:00:00Z,14,17,FUT,,,Little Caesars Arena
2026020579,20262027,2,2026-12-20,2026-12-20T23:00:00Z,26,7,FUT,,,KeyBank Center
2026020580,20262027,2,2026-12-20,2026-12-20T22:00:00Z,25,52,FUT,,,Canada Life Centre
2026020581,20262027,2,2026-12-20,2026-12-21T00:00:00Z,18,1,FUT,,,Prudential Center
2026020582,20262027,2,2026-12-20,2026-12-21T00:00:00Z,3,2,FUT,,,UBS Arena
2026020583,20262027,2,2026-12-20,2026-12-21T00:00:00Z,24,22,FUT,,,Rogers Place
2026020584,20262027,2,2026-12-20,2026-12-21T01:00:00Z,55,21,FUT,,,Ball Arena
2026020585,20262027,2,2026-12-21,2026-12-21T19:00:00Z,15,10,FUT,,,Scotiabank Arena
2026020586,20262027,2,2026-12-21,2026-12-22T00:00:00Z,19,13,FUT,,,Amerant Bank Arena
2026020587,20262027,2,2026-12-21,2026-12-22T00:00:00Z,29,4,FUT,,,Xfinity Mobile Arena
2026020588,20262027,2,2026-12-21,2026-12-22T02:00:00Z,68,23,FUT,,,Rogers Arena
2026020589,20262027,2,2026-12-21,2026-12-22T03:00:00Z,12,54,FUT,,,T-Mobile Arena
2026020590,20262027,2,2026-12-22,2026-12-23T00:00:00Z,19,14,FUT,,,Benchmark International Arena
2026020591,20262027,2,2026-12-22,2026-12-23T00:00:00Z,6,2,FUT,,,UBS Arena
2026020592,20262027,2,2026-12-22,2026-12-23T00:00:00Z,1,3,FUT,,,Madison Square Garden
2026020593,20262027,2,2026-12-22,2026-12-23T00:00:00Z,7,5,FUT,,,PPG Paints Arena
2026020594,20262027,2,2026-12-22,2026-12-23T00:00:00Z,8,29,FUT,,,Nationwide Arena
2026020595,20262027,2,2026-12-22,2026-12-23T00:00:00Z,10,17,FUT,,,Little Caesars Arena
2026020596,20262027,2,2026-12-22,2026-12-23T01:00:00Z,52,18,FUT,,,Bridgestone Arena
2026020597,20262027,2,2026-12-22,2026-12-23T01:00:00Z,20,25,FUT,,,American Airlines Center
2026020598,20262027,2,2026-12-22,2026-12-23T01:00:00Z,26,30,FUT,,,Grand Casino Arena
2026020599,20262027,2,2026-12-22,2026-12-23T02:40:00Z,28,55,FUT,,,Climate Pledge Arena
2026020600,20262027,2,2026-12-22,2026-12-23T02:30:00Z,54,24,FUT,,,Honda Center
2026020601,20262027,2,2026-12-26,2026-12-26T23:00:00Z,14,13,FUT,,,Amerant Bank Arena
2026020602,20262027,2,2026-12-26,2026-12-27T00:00:00Z,2,6,FUT,,,TD Garden
2026020603,20262027,2,2026-12-26,2026-12-27T00:00:00Z,1,7,FUT,,,KeyBank Center
2026020604,20262027,2,2026-12-26,2026-12-27T00:00:00Z,10,8,FUT,,,Centre Bell
2026020605,20262027,2,2026-12-26,2026-12-27T01:00:00Z,29,15,FUT,,,Capital One Arena
2026020606,20262027,2,2026-12-26,2026-12-27T00:00:00Z,5,12,FUT,,,Lenovo Center
2026020607,20262027,2,2026-12-26,2026-12-27T00:00:00Z,17,18,FUT,,,Bridgestone Arena
2026020608,20262027,2,2026-12-26,2026-12-27T00:00:00Z,52,30,FUT,,,Grand Casino Arena
2026020609,20262027,2,2026-12-26,2026-12-27T03:00:00Z,23,20,FUT,,,Scotiabank Saddledome
2026020610,20262027,2,2026-12-26,2026-12-27T03:00:00Z,68,26,FUT,,,Crypto.com Arena
2026020611,20262027,2,2026-12-26,2026-12-27T03:00:00Z,54,28,FUT,,,SAP Center at San Jose
2026020612,20262027,2,2026-12-27,2026-12-27T20:00:00Z,4,16,FUT,,,United Center
2026020613,20262027,2,2026-12-27,2026-12-27T23:00:00Z,22,29,FUT,,,Nationwide Arena
2026020614,20262027,2,2026-12-27,2026-12-27T22:00:00Z,3,19,FUT,,,Enterprise Center
2026020615,20262027,2,2026-12-27,2026-12-28T00:00:00Z,25,8,FUT,,,Centre Bell
2026020616,20262027,2,2026-12-27,2026-12-28T00:00:00Z,6,1,FUT,,,Prudential Center
2026020617,20262027,2,2026-12-27,2026-12-28T00:00:00Z,9,2,FUT,,,UBS Arena
2026020618,20262027,2,2026-12-27,2026-12-28T01:00:00Z,21,24,FUT,,,Honda Center
2026020619,20262027,2,2026-12-28,2026-12-28T19:00:00Z,54,30,FUT,,,Grand Casino Arena
2026020620,20262027,2,2026-12-28,2026-12-29T00:00:00Z,17,7,FUT,,,KeyBank Center
2026020621,20262027,2,2026-12-28,2026-12-29T00:00:00Z,18,13,FUT,,,Amerant Bank Arena
2026020622,20262027,2,2026-12-28,2026-12-29T00:00:00Z,22,15,FUT,,,Capital One Arena
2026020623,20262027,2,2026-12-28,2026-12-29T00:00:00Z,14,12,FUT,,,Lenovo Center
2026020624,20262027,2,2026-12-28,2026-12-29T00:30:00Z,28,52,FUT,,,Canada Life Centre
2026020625,20262027,2,2026-12-28,2026-12-29T02:30:00Z,26,23,FUT,,,Rogers Arena
2026020626,20262027,2,2026-12-29,2026-12-30T00:00:00Z,29,8,FUT,,,Centre Bell
2026020627,20262027,2,2026-12-29,2026-12-30T00:00:00Z,25,9,FUT,,,Canadian Tire Centre
2026020628,20262027,2,2026-12-29,2026-12-30T00:00:00Z,18,14,FUT,,,Benchmark International Arena
2026020629,20262027,2,2026-12-29,2026-12-30T00:00:00Z,17,3,FUT,,,Madison Square Garden
2026020630,20262027,2,2026-12-29,2026-12-30T00:00:00Z,12,5,FUT,,,PPG Paints Arena
2026020631,20262027,2,2026-12-29,2026-12-30T01:00:00Z,54,16,FUT,,,United Center
2026020632,20262027,2,2026-12-29,2026-12-30T01:00:00Z,28,20,FUT,,,Scotiabank Saddledome
2026020633,20262027,2,2026-12-29,2026-12-30T02:00:00Z,19,21,FUT,,,Ball Arena
2026020634,20262027,2,2026-12-29,2026-12-30T02:00:00Z,1,68,FUT,,,Delta Center
2026020635,20262027,2,2026-12-29,2026-12-30T02:40:00Z,4,55,FUT,,,Climate Pledge Arena
2026020636,20262027,2,2026-12-29,2026-12-30T03:00:00Z,10,24,FUT,,,Honda Center
2026020637,20262027,2,2026-12-30,2026-12-30T21:00:00Z,15,2,FUT,,,UBS Arena
2026020638,20262027,2,2026-12-30,2026-12-31T00:00:00Z,7,13,FUT,,,Amerant Bank Arena
2026020639,20262027,2,2026-12-30,2026-12-31T00:30:00Z,22,6,FUT,,,TD Garden
2026020640,20262027,2,2026-12-30,2026-12-31T02:30:00Z,55,23,FUT,,,Rogers Arena
2026020641,20262027,2,2026-12-30,2026-12-31T03:00:00Z,10,26,FUT,,,Crypto.com Arena
2026020642,20262027,2,2026-12-31,2026-12-31T19:00:00Z,5,9,FUT,,,Canadian Tire Centre
2026020643,20262027,2,2026-12-31,2026-12-31T19:00:00Z,12,17,FUT,,,Little Caesars Arena
2026020644,20262027,2,2026-12-31,2026-12-31T19:00:00Z,8,14,FUT,,,Benchmark International Arena
2026020645,20262027,2,2026-12-31,2026-12-31T19:00:00Z,15,29,FUT,,,Nationwide Arena
2026020646,20262027,2,2026-12-31,2026-12-31T20:00:00Z,19,54,FUT,,,T-Mobile Arena
2026020647,20262027,2,2026-12-31,2026-12-31T23:00:00Z,21,68,FUT,,,Rice-Eccles Stadium
2026020648,20262027,2,2026-12-31,2027-01-01T01:00:00Z,52,20,FUT,,,Scotiabank Saddledome
2026020649,20262027,2,2026-12-31,2027-01-01T02:00:00Z,3,25,FUT,,,American Airlines Center
2026020650,20262027,2,2027-01-01,2027-01-01T19:00:00Z,13,18,FUT,,,Bridgestone Arena
2026020651,20262027,2,2027-01-01,2027-01-01T20:00:00Z,6,16,FUT,,,United Center
2026020652,20262027,2,2027-01-01,2027-01-01T21:00:00Z,1,24,FUT,,,Honda Center
2026020653,20262027,2,2027-01-01,2027-01-01T21:00:00Z,4,28,FUT,,,SAP Center at San Jose
2026020654,20262027,2,2027-01-01,2027-01-01T23:00:00Z,30,5,FUT,,,PPG Paints Arena
2026020655,20262027,2,2027-01-02,2027-01-02T20:30:00Z,22,17,FUT,,,Little Caesars Arena
2026020656,20262027,2,2027-01-02,2027-01-02T18:00:00Z,8,13,FUT,,,Amerant Bank Arena
2026020657,20262027,2,2027-01-02,2027-01-03T00:00:00Z,7,14,FUT,,,Benchmark International Arena
2026020658,20262027,2,2027-01-02,2027-01-03T00:00:00Z,9,15,FUT,,,Capital One Arena
2026020659,20262027,2,2027-01-02,2027-01-03T00:00:00Z,18,12,FUT,,,Lenovo Center
2026020660,20262027,2,2027-01-02,2027-01-03T00:00:00Z,6,29,FUT,,,Nationwide Arena
2026020661,20262027,2,2027-01-02,2027-01-03T00:00:00Z,19,30,FUT,,,Grand Casino Arena
2026020662,20262027,2,2027-01-02,2027-01-03T00:00:00Z,20,52,FUT,,,Canada Life Centre
2026020663,20262027,2,2027-01-02,2027-01-03T00:00:00Z,10,28,FUT,,,SAP Center at San Jose
2026020664,20262027,2,2027-01-02,2027-01-03T01:00:00Z,16,25,FUT,,,American Airlines Center
2026020665,20262027,2,2027-01-02,2027-01-03T02:00:00Z,1,26,FUT,,,Crypto.com Arena
2026020666,20262027,2,2027-01-02,2027-01-03T03:00:00Z,23,68,FUT,,,Delta Center
2026020667,20262027,2,2027-01-02,2027-01-03T03:00:00Z,21,54,FUT,,,T-Mobile Arena
2026020668,20262027,2,2027-01-02,2027-01-03T03:00:00Z,2,55,FUT,,,Climate Pledge Arena
2026020669,20262027,2,2027-01-03,2027-01-03T20:00:00Z,22,5,FUT,,,PPG Paints Arena
2026020670,20262027,2,2027-01-03,2027-01-03T23:00:00Z,29,3,FUT,,,Madison Square Garden
2026020671,20262027,2,2027-01-03,2027-01-04T00:00:00Z,20,19,FUT,,,Enterprise Center
2026020672,20262027,2,2027-01-03,2027-01-04T01:00:00Z,4,24,FUT,,,Honda Center
2026020673,20262027,2,2027-01-03,2027-01-04T01:00:00Z,23,55,FUT,,,Climate Pledge Arena
2026020674,20262027,2,2027-01-04,2027-01-05T00:30:00Z,52,7,FUT,,,KeyBank Center
2026020675,20262027,2,2027-01-04,2027-01-05T00:30:00Z,16,8,FUT,,,Centre Bell
2026020676,20262027,2,2027-01-04,2027-01-05T00:30:00Z,10,15,FUT,,,Capital One Arena
2026020677,20262027,2,2027-01-04,2027-01-05T01:00:00Z,17,25,FUT,,,American Airlines Center
2026020678,20262027,2,2027-01-04,2027-01-05T02:00:00Z,54,21,FUT,,,Ball Arena
2026020679,20262027,2,2027-01-04,2027-01-05T03:00:00Z,4,26,FUT,,,Crypto.com Arena
2026020680,20262027,2,2027-01-04,2027-01-05T03:00:00Z,1,28,FUT,,,SAP Center at San Jose
2026020681,20262027,2,2027-01-05,2027-01-06T00:00:00Z,19,12,FUT,,,Lenovo Center
2026020682,20262027,2,2027-01-05,2027-01-06T00:00:00Z,3,29,FUT,,,Nationwide Arena
2026020683,20262027,2,2027-01-05,2027-01-06T00:30:00Z,7,6,FUT,,,TD Garden
2026020684,20262027,2,2027-01-05,2027-01-06T00:30:00Z,22,18,FUT,,,Bridgestone Arena
2026020685,20262027,2,2027-01-05,2027-01-06T01:00:00Z,13,20,FUT,,,Scotiabank Saddledome
2026020686,20262027,2,2027-01-05,2027-01-06T02:00:00Z,9,68,FUT,,,Delta Center
2026020687,20262027,2,2027-01-05,2027-01-06T02:00:00Z,2,23,FUT,,,Rogers Arena
2026020688,20262027,2,2027-01-05,2027-01-06T02:40:00Z,14,55,FUT,,,Climate Pledge Arena
2026020689,20262027,2,2027-01-05,2027-01-06T03:00:00Z,30,24,FUT,,,Honda Center
2026020690,20262027,2,2027-01-06,2027-01-07T00:30:00Z,6,8,FUT,,,Centre Bell
2026020691,20262027,2,2027-01-06,2027-01-07T02:30:00Z,9,21,FUT,,,Ball Arena
2026020692,20262027,2,2027-01-06,2027-01-07T03:00:00Z,15,26,FUT,,,Crypto.com Arena
2026020693,20262027,2,2027-01-06,2027-01-07T03:00:00Z,25,28,FUT,,,SAP Center at San Jose
2026020694,20262027,2,2027-01-07,2027-01-08T00:00:00Z,68,17,FUT,,,Little Caesars Arena
2026020695,20262027,2,2027-01-07,2027-01-08T00:00:00Z,29,1,FUT,,,Prudential Center
2026020696,20262027,2,2027-01-07,2027-01-08T00:00:00Z,16,3,FUT,,,Madison Square Garden
2026020697,20262027,2,2027-01-07,2027-01-08T00:00:00Z,10,4,FUT,,,Xfinity Mobile Arena
2026020698,20262027,2,2027-01-07,2027-01-08T00:00:00Z,5,12,FUT,,,Lenovo Center
2026020699,20262027,2,2027-01-07,2027-01-08T00:00:00Z,18,52,FUT,,,Canada Life Centre
2026020700,20262027,2,2027-01-07,2027-01-08T01:00:00Z,2,20,FUT,,,Scotiabank Saddledome
2026020701,20262027,2,2027-01-07,2027-01-08T01:00:00Z,13,22,FUT,,,Rogers Place
2026020702,20262027,2,2027-01-07,2027-01-08T02:00:00Z,14,23,FUT,,,Rogers Arena
2026020703,20262027,2,2027-01-07,2027-01-08T02:30:00Z,30,54,FUT,,,T-Mobile Arena
2026020704,20262027,2,2027-01-08,2027-01-09T00:00:00Z,7,29,FUT,,,Nationwide Arena
2026020705,20262027,2,2027-01-08,2027-01-09T01:00:00Z,9,19,FUT,,,Enterprise Center
2026020706,20262027,2,2027-01-08,2027-01-09T02:00:00Z,55,21,FUT,,,Ball Arena
2026020707,20262027,2,2027-01-08,2027-01-09T03:00:00Z,25,24,FUT,,,Honda Center
2026020708,20262027,2,2027-01-08,2027-01-09T03:00:00Z,15,28,FUT,,,SAP Center at San Jose
2026020709,20262027,2,2027-01-09,2027-01-09T17:00:00Z,16,1,FUT,,,Prudential Center
2026020710,20262027,2,2027-01-09,2027-01-09T20:30:00Z,14,20,FUT,,,Scotiabank Saddledome
2026020711,20262027,2,2027-01-09,2027-01-09T20:30:00Z,2,22,FUT,,,Rogers Place
2026020712,20262027,2,2027-01-09,2027-01-10T00:00:00Z,12,7,FUT,,,KeyBank Center
2026020713,20262027,2,2027-01-09,2027-01-10T00:00:00Z,4,10,FUT,,,Scotiabank Arena
2026020714,20262027,2,2027-01-09,2027-01-10T00:00:00Z,5,8,FUT,,,Centre Bell
2026020715,20262027,2,2027-01-09,2027-01-10T00:00:00Z,6,17,FUT,,,Little Caesars Arena
2026020716,20262027,2,2027-01-09,2027-01-10T00:00:00Z,68,52,FUT,,,Canada Life Centre
2026020717,20262027,2,2027-01-09,2027-01-10T01:00:00Z,18,30,FUT,,,Grand Casino Arena
2026020718,20262027,2,2027-01-09,2027-01-10T02:00:00Z,25,26,FUT,,,Crypto.com Arena
2026020719,20262027,2,2027-01-09,2027-01-10T03:00:00Z,13,23,FUT,,,Rogers Arena
2026020720,20262027,2,2027-01-09,2027-01-10T03:00:00Z,55,54,FUT,,,T-Mobile Arena
2026020721,20262027,2,2027-01-09,2027-01-10T03:00:00Z,3,28,FUT,,,SAP Center at San Jose
2026020722,20262027,2,2027-01-10,2027-01-11T00:30:00Z,16,4,FUT,,,Xfinity Mobile Arena
2026020723,20262027,2,2027-01-10,2027-01-11T01:00:00Z,18,21,FUT,,,Ball Arena
2026020724,20262027,2,2027-01-10,2027-01-10T20:30:00Z,15,24,FUT,,,Honda Center
2026020725,20262027,2,2027-01-11,2027-01-12T00:30:00Z,52,10,FUT,,,Scotiabank Arena
2026020726,20262027,2,2027-01-11,2027-01-12T01:30:00Z,14,22,FUT,,,Rogers Place
2026020727,20262027,2,2027-01-11,2027-01-12T03:00:00Z,3,26,FUT,,,Crypto.com Arena
2026020728,20262027,2,2027-01-12,2027-01-13T00:00:00Z,12,6,FUT,,,TD Garden
2026020729,20262027,2,2027-01-12,2027-01-13T00:00:00Z,1,7,FUT,,,KeyBank Center
2026020730,20262027,2,2027-01-12,2027-01-13T00:00:00Z,21,5,FUT,,,PPG Paints Arena
2026020731,20262027,2,2027-01-12,2027-01-13T00:00:00Z,54,15,FUT,,,Capital One Arena
2026020732,20262027,2,2027-01-12,2027-01-13T01:00:00Z,68,16,FUT,,,United Center
2026020733,20262027,2,2027-01-12,2027-01-13T01:00:00Z,4,18,FUT,,,Bridgestone Arena
2026020734,20262027,2,2027-01-12,2027-01-13T01:00:00Z,9,25,FUT,,,American Airlines Center
2026020735,20262027,2,2027-01-12,2027-01-13T01:00:00Z,29,20,FUT,,,Scotiabank Saddledome
2026020736,20262027,2,2027-01-12,2027-01-13T02:40:00Z,13,55,FUT,,,Climate Pledge Arena
2026020737,20262027,2,2027-01-12,2027-01-13T03:00:00Z,3,24,FUT,,,Honda Center
2026020738,20262027,2,2027-01-13,2027-01-14T00:00:00Z,1,8,FUT,,,Centre Bell
2026020739,20262027,2,2027-01-13,2027-01-14T00:30:00Z,5,2,FUT,,,UBS Arena
2026020740,20262027,2,2027-01-13,2027-01-14T02:00:00Z,17,68,FUT,,,Delta Center
2026020741,20262027,2,2027-01-13,2027-01-14T02:00:00Z,28,22,FUT,,,Rogers Place
2026020742,20262027,2,2027-01-13,2027-01-14T03:00:00Z,19,26,FUT,,,Crypto.com Arena
2026020743,20262027,2,2027-01-14,2027-01-15T00:00:00Z,25,6,FUT,,,TD Garden
2026020744,20262027,2,2027-01-14,2027-01-15T00:30:00Z,21,7,FUT,,,KeyBank Center
2026020745,20262027,2,2027-01-14,2027-01-15T00:00:00Z,16,10,FUT,,,Scotiabank Arena
2026020746,20262027,2,2027-01-14,2027-01-15T00:00:00Z,52,9,FUT,,,Canadian Tire Centre
2026020747,20262027,2,2027-01-14,2027-01-15T00:00:00Z,54,14,FUT,,,Benchmark International Arena
2026020748,20262027,2,2027-01-14,2027-01-15T00:00:00Z,12,15,FUT,,,Capital One Arena
2026020749,20262027,2,2027-01-14,2027-01-15T01:00:00Z,8,18,FUT,,,Bridgestone Arena
2026020750,20262027,2,2027-01-14,2027-01-15T01:00:00Z,28,20,FUT,,,Scotiabank Saddledome
2026020751,20262027,2,2027-01-14,2027-01-15T02:30:00Z,13,30,FUT,,,Grand Casino Arena
2026020752,20262027,2,2027-01-14,2027-01-15T02:00:00Z,55,23,FUT,,,Rogers Arena
2026020753,20262027,2,2027-01-14,2027-01-15T03:00:00Z,19,24,FUT,,,Honda Center
2026020754,20262027,2,2027-01-15,2027-01-16T00:00:00Z,25,2,FUT,,,UBS Arena
2026020755,20262027,2,2027-01-15,2027-01-16T00:00:00Z,4,12,FUT,,,Lenovo Center
2026020756,20262027,2,2027-01-15,2027-01-16T01:00:00Z,29,22,FUT,,,Rogers Place
2026020757,20262027,2,2027-01-15,2027-01-16T02:00:00Z,26,68,FUT,,,Delta Center
2026020758,20262027,2,2027-01-16,2027-01-16T17:00:00Z,6,3,FUT,,,Madison Square Garden
2026020759,20262027,2,2027-01-16,2027-01-16T20:30:00Z,9,14,FUT,,,Benchmark International Arena
2026020760,20262027,2,2027-01-16,2027-01-16T23:00:00Z,54,13,FUT,,,Amerant Bank Arena
2026020761,20262027,2,2027-01-16,2027-01-17T00:00:00Z,18,7,FUT,,,KeyBank Center
2026020762,20262027,2,2027-01-16,2027-01-17T00:00:00Z,5,10,FUT,,,Scotiabank Arena
2026020763,20262027,2,2027-01-16,2027-01-17T00:00:00Z,2,1,FUT,,,Prudential Center
2026020764,20262027,2,2027-01-16,2027-01-17T00:00:00Z,8,4,FUT,,,Xfinity Mobile Arena
2026020765,20262027,2,2027-01-16,2027-01-17T00:00:00Z,21,15,FUT,,,Capital One Arena
2026020766,20262027,2,2027-01-16,2027-01-17T00:00:00Z,17,16,FUT,,,United Center
2026020767,20262027,2,2027-01-16,2027-01-17T00:00:00Z,30,19,FUT,,,Enterprise Center
2026020768,20262027,2,2027-01-16,2027-01-17T00:00:00Z,24,52,FUT,,,Canada Life Centre
2026020769,20262027,2,2027-01-16,2027-01-17T03:00:00Z,26,20,FUT,,,Scotiabank Saddledome
2026020770,20262027,2,2027-01-16,2027-01-17T03:00:00Z,29,23,FUT,,,Rogers Arena
2026020771,20262027,2,2027-01-16,2027-01-17T03:00:00Z,28,55,FUT,,,Climate Pledge Arena
2026020772,20262027,2,2027-01-17,2027-01-17T22:00:00Z,30,17,FUT,,,Little Caesars Arena
2026020773,20262027,2,2027-01-17,2027-01-17T23:00:00Z,25,3,FUT,,,Madison Square Garden
2026020774,20262027,2,2027-01-17,2027-01-17T23:00:00Z,54,12,FUT,,,Lenovo Center
2026020775,20262027,2,2027-01-17,2027-01-18T00:00:00Z,52,22,FUT,,,Rogers Place
2026020776,20262027,2,2027-01-18,2027-01-18T19:00:00Z,8,7,FUT,,,KeyBank Center
2026020777,20262027,2,2027-01-18,2027-01-18T18:30:00Z,14,6,FUT,,,TD Garden
2026020778,20262027,2,2027-01-18,2027-01-18T20:00:00Z,18,2,FUT,,,UBS Arena
2026020779,20262027,2,2027-01-18,2027-01-18T20:00:00Z,23,21,FUT,,,Ball Arena
2026020780,20262027,2,2027-01-18,2027-01-18T21:00:00Z,15,5,FUT,,,PPG Paints Arena
2026020781,20262027,2,2027-01-18,2027-01-18T21:00:00Z,68,28,FUT,,,SAP Center at San Jose
2026020782,20262027,2,2027-01-18,2027-01-18T21:00:00Z,29,55,FUT,,,Climate Pledge Arena
2026020783,20262027,2,2027-01-18,2027-01-19T00:30:00Z,19,10,FUT,,,Scotiabank Arena
2026020784,20262027,2,2027-01-18,2027-01-19T00:30:00Z,9,13,FUT,,,Amerant Bank Arena
2026020785,20262027,2,2027-01-18,2027-01-19T01:30:00Z,20,16,FUT,,,United Center
2026020786,20262027,2,2027-01-19,2027-01-20T00:00:00Z,24,17,FUT,,,Little Caesars Arena
2026020787,20262027,2,2027-01-19,2027-01-20T00:00:00Z,25,1,FUT,,,Prudential Center
2026020788,20262027,2,2027-01-19,2027-01-20T00:00:00Z,4,3,FUT,,,Madison Square Garden
2026020789,20262027,2,2027-01-19,2027-01-20T00:00:00Z,8,15,FUT,,,Capital One Arena
2026020790,20262027,2,2027-01-19,2027-01-20T00:00:00Z,30,52,FUT,,,Canada Life Centre
2026020791,20262027,2,2027-01-19,2027-01-20T03:00:00Z,55,26,FUT,,,Crypto.com Arena
2026020792,20262027,2,2027-01-20,2027-01-20T19:00:00Z,23,18,FUT,,,Bridgestone Arena
2026020793,20262027,2,2027-01-20,2027-01-21T00:00:00Z,7,2,FUT,,,UBS Arena
2026020794,20262027,2,2027-01-20,2027-01-21T00:30:00Z,10,9,FUT,,,Canadian Tire Centre
2026020795,20262027,2,2027-01-20,2027-01-21T02:00:00Z,6,21,FUT,,,Ball Arena
2026020796,20262027,2,2027-01-20,2027-01-21T00:30:00Z,25,16,FUT,,,United Center
2026020797,20262027,2,2027-01-20,2027-01-21T03:00:00Z,22,54,FUT,,,T-Mobile Arena
2026020798,20262027,2,2027-01-21,2027-01-22T00:00:00Z,55,7,FUT,,,KeyBank Center
2026020799,20262027,2,2027-01-21,2027-01-22T00:00:00Z,19,8,FUT,,,Centre Bell
2026020800,20262027,2,2027-01-21,2027-01-22T00:00:00Z,12,13,FUT,,,Amerant Bank Arena
2026020801,20262027,2,2027-01-21,2027-01-22T00:00:00Z,14,1,FUT,,,Prudential Center
2026020802,20262027,2,2027-01-21,2027-01-22T00:00:00Z,18,4,FUT,,,Xfinity Mobile Arena
2026020803,20262027,2,2027-01-21,2027-01-22T00:00:00Z,24,5,FUT,,,PPG Paints Arena
2026020804,20262027,2,2027-01-21,2027-01-22T00:00:00Z,20,29,FUT,,,Nationwide Arena
2026020805,20262027,2,2027-01-21,2027-01-22T00:00:00Z,3,52,FUT,,,Canada Life Centre
2026020806,20262027,2,2027-01-21,2027-01-22T02:00:00Z,17,30,FUT,,,Grand Casino Arena
2026020807,20262027,2,2027-01-21,2027-01-22T03:00:00Z,22,26,FUT,,,Crypto.com Arena
2026020808,20262027,2,2027-01-22,2027-01-23T00:00:00Z,2,15,FUT,,,Capital One Arena
2026020809,20262027,2,2027-01-22,2027-01-23T01:00:00Z,23,16,FUT,,,United Center
2026020810,20262027,2,2027-01-22,2027-01-23T01:00:00Z,21,25,FUT,,,American Airlines Center
2026020811,20262027,2,2027-01-22,2027-01-23T03:00:00Z,6,54,FUT,,,T-Mobile Arena
2026020812,20262027,2,2027-01-23,2027-01-23T17:30:00Z,14,17,FUT,,,Little Caesars Arena
2026020813,20262027,2,2027-01-23,2027-01-23T20:30:00Z,29,9,FUT,,,Canadian Tire Centre
2026020814,20262027,2,2027-01-23,2027-01-23T22:00:00Z,26,18,FUT,,,Bridgestone Arena
2026020815,20262027,2,2027-01-23,2027-01-24T00:00:00Z,20,8,FUT,,,Centre Bell
2026020816,20262027,2,2027-01-23,2027-01-24T00:00:00Z,23,5,FUT,,,PPG Paints Arena
2026020817,20262027,2,2027-01-23,2027-01-24T00:00:00Z,24,12,FUT,,,Lenovo Center
2026020818,20262027,2,2027-01-23,2027-01-24T00:00:00Z,10,19,FUT,,,Enterprise Center
2026020819,20262027,2,2027-01-23,2027-01-24T00:30:00Z,55,2,FUT,,,UBS Arena
2026020820,20262027,2,2027-01-23,2027-01-24T00:30:00Z,1,4,FUT,,,Xfinity Mobile Arena
2026020821,20262027,2,2027-01-23,2027-01-24T01:00:00Z,3,30,FUT,,,Grand Casino Arena
2026020822,20262027,2,2027-01-23,2027-01-24T02:00:00Z,6,68,FUT,,,Delta Center
2026020823,20262027,2,2027-01-23,2027-01-24T03:00:00Z,22,28,FUT,,,SAP Center at San Jose
2026020824,20262027,2,2027-01-24,2027-01-24T20:00:00Z,7,52,FUT,,,Canada Life Centre
2026020825,20262027,2,2027-01-24,2027-01-24T22:00:00Z,24,29,FUT,,,Nationwide Arena
2026020826,20262027,2,2027-01-24,2027-01-24T22:00:00Z,25,21,FUT,,,Ball Arena
2026020827,20262027,2,2027-01-24,2027-01-24T23:00:00Z,26,13,FUT,,,Amerant Bank Arena
2026020828,20262027,2,2027-01-24,2027-01-25T00:00:00Z,15,1,FUT,,,Prudential Center
2026020829,20262027,2,2027-01-24,2027-01-25T00:00:00Z,54,16,FUT,,,United Center
2026020830,20262027,2,2027-01-25,2027-01-26T00:00:00Z,5,17,FUT,,,Little Caesars Arena
2026020831,20262027,2,2027-01-25,2027-01-26T00:00:00Z,55,3,FUT,,,Madison Square Garden
2026020832,20262027,2,2027-01-25,2027-01-26T00:30:00Z,12,9,FUT,,,Canadian Tire Centre
2026020833,20262027,2,2027-01-25,2027-01-26T02:00:00Z,30,68,FUT,,,Delta Center
2026020834,20262027,2,2027-01-26,2027-01-27T00:00:00Z,29,6,FUT,,,TD Garden
2026020835,20262027,2,2027-01-26,2027-01-27T00:00:00Z,20,10,FUT,,,Scotiabank Arena
2026020836,20262027,2,2027-01-26,2027-01-27T00:00:00Z,12,8,FUT,,,Centre Bell
2026020837,20262027,2,2027-01-26,2027-01-27T00:00:00Z,26,14,FUT,,,Benchmark International Arena
2026020838,20262027,2,2027-01-26,2027-01-27T00:00:00Z,55,1,FUT,,,Prudential Center
2026020839,20262027,2,2027-01-26,2027-01-27T00:00:00Z,13,4,FUT,,,Xfinity Mobile Arena
2026020840,20262027,2,2027-01-26,2027-01-27T00:00:00Z,2,5,FUT,,,PPG Paints Arena
2026020841,20262027,2,2027-01-26,2027-01-27T01:00:00Z,16,19,FUT,,,Enterprise Center
2026020842,20262027,2,2027-01-26,2027-01-27T01:00:00Z,54,18,FUT,,,Bridgestone Arena
2026020843,20262027,2,2027-01-26,2027-01-27T01:00:00Z,24,25,FUT,,,American Airlines Center
2026020844,20262027,2,2027-01-26,2027-01-27T01:00:00Z,23,30,FUT,,,Grand Casino Arena
2026020845,20262027,2,2027-01-26,2027-01-27T02:00:00Z,22,21,FUT,,,Ball Arena
2026020846,20262027,2,2027-01-27,2027-01-28T00:30:00Z,10,17,FUT,,,Little Caesars Arena
2026020847,20262027,2,2027-01-27,2027-01-28T00:30:00Z,13,3,FUT,,,Madison Square Garden
2026020848,20262027,2,2027-01-27,2027-01-28T02:00:00Z,7,68,FUT,,,Delta Center
2026020849,20262027,2,2027-01-28,2027-01-29T00:00:00Z,6,9,FUT,,,Canadian Tire Centre
2026020850,20262027,2,2027-01-28,2027-01-29T00:30:00Z,26,4,FUT,,,Xfinity Mobile Arena
2026020851,20262027,2,2027-01-28,2027-01-28T23:30:00Z,2,12,FUT,,,Lenovo Center
2026020852,20262027,2,2027-01-28,2027-01-29T00:00:00Z,52,29,FUT,,,Nationwide Arena
2026020853,20262027,2,2027-01-28,2027-01-29T01:00:00Z,21,19,FUT,,,Enterprise Center
2026020854,20262027,2,2027-01-28,2027-01-29T01:00:00Z,23,25,FUT,,,American Airlines Center
2026020855,20262027,2,2027-01-28,2027-01-29T01:00:00Z,8,20,FUT,,,Scotiabank Saddledome
2026020856,20262027,2,2027-01-28,2027-01-29T01:00:00Z,1,22,FUT,,,Rogers Place
2026020857,20262027,2,2027-01-28,2027-01-29T02:00:00Z,55,30,FUT,,,Grand Casino Arena
2026020858,20262027,2,2027-01-28,2027-01-29T03:00:00Z,7,54,FUT,,,T-Mobile Arena
2026020859,20262027,2,2027-01-28,2027-01-29T03:00:00Z,16,24,FUT,,,Honda Center
2026020860,20262027,2,2027-01-28,2027-01-29T03:00:00Z,18,28,FUT,,,SAP Center at San Jose
2026020861,20262027,2,2027-01-29,2027-01-30T00:00:00Z,13,17,FUT,,,Little Caesars Arena
2026020862,20262027,2,2027-01-29,2027-01-30T00:00:00Z,3,5,FUT,,,PPG Paints Arena
2026020863,20262027,2,2027-01-29,2027-01-30T02:00:00Z,15,68,FUT,,,Delta Center
2026020864,20262027,2,2027-01-30,2027-01-30T18:00:00Z,52,4,FUT,,,Xfinity Mobile Arena
2026020865,20262027,2,2027-01-30,2027-01-30T20:30:00Z,23,19,FUT,,,Enterprise Center
2026020866,20262027,2,2027-01-30,2027-01-30T20:30:00Z,1,20,FUT,,,Scotiabank Saddledome
2026020867,20262027,2,2027-01-30,2027-01-30T21:00:00Z,16,28,FUT,,,SAP Center at San Jose
2026020868,20262027,2,2027-01-30,2027-01-30T22:00:00Z,7,21,FUT,,,Ball Arena
2026020869,20262027,2,2027-01-30,2027-01-31T00:00:00Z,10,6,FUT,,,TD Garden
2026020870,20262027,2,2027-01-30,2027-01-31T00:00:00Z,3,9,FUT,,,Canadian Tire Centre
2026020871,20262027,2,2027-01-30,2027-01-31T00:00:00Z,2,14,FUT,,,Benchmark International Arena
2026020872,20262027,2,2027-01-30,2027-01-31T00:00:00Z,26,12,FUT,,,Lenovo Center
2026020873,20262027,2,2027-01-30,2027-01-31T00:00:00Z,17,29,FUT,,,Nationwide Arena
2026020874,20262027,2,2027-01-30,2027-01-31T00:00:00Z,8,22,FUT,,,Rogers Place
2026020875,20262027,2,2027-01-30,2027-01-31T02:00:00Z,25,30,FUT,,,Grand Casino Arena
2026020876,20262027,2,2027-01-30,2027-01-31T03:00:00Z,15,54,FUT,,,T-Mobile Arena
2026020877,20262027,2,2027-01-30,2027-01-31T03:00:00Z,18,24,FUT,,,Honda Center
2026020878,20262027,2,2027-01-31,2027-01-31T17:00:00Z,4,5,FUT,,,PPG Paints Arena
2026020879,20262027,2,2027-01-31,2027-01-31T21:00:00Z,1,55,FUT,,,Climate Pledge Arena
2026020880,20262027,2,2027-01-31,2027-02-01T01:00:00Z,18,68,FUT,,,Delta Center
2026020881,20262027,2,2027-02-01,2027-02-01T19:00:00Z,2,13,FUT,,,Amerant Bank Arena
2026020882,20262027,2,2027-02-01,2027-02-02T00:30:00Z,54,20,FUT,,,Scotiabank Saddledome
2026020883,20262027,2,2027-02-01,2027-02-02T01:30:00Z,8,23,FUT,,,Rogers Arena
2026020884,20262027,2,2027-02-02,2027-02-02T23:00:00Z,52,15,FUT,,,Capital One Arena
2026020885,20262027,2,2027-02-02,2027-02-03T00:00:00Z,14,5,FUT,,,PPG Paints Arena
2026020886,20262027,2,2027-02-02,2027-02-03T02:00:00Z,18,68,FUT,,,Delta Center
2026020887,20262027,2,2027-02-03,2027-02-04T00:00:00Z,2,7,FUT,,,KeyBank Center
2026020888,20262027,2,2027-02-03,2027-02-04T00:00:00Z,15,13,FUT,,,Amerant Bank Arena
2026020889,20262027,2,2027-02-03,2027-02-04T00:30:00Z,52,3,FUT,,,Madison Square Garden
2026020890,20262027,2,2027-02-03,2027-02-04T00:30:00Z,14,4,FUT,,,Xfinity Mobile Arena
2026020891,20262027,2,2027-02-03,2027-02-04T02:00:00Z,68,20,FUT,,,Scotiabank Saddledome
2026020892,20262027,2,2027-02-03,2027-02-04T02:00:00Z,54,22,FUT,,,Rogers Place
2026020893,20262027,2,2027-02-03,2027-02-04T02:00:00Z,1,23,FUT,,,Rogers Arena
2026020894,20262027,2,2027-02-03,2027-02-04T02:40:00Z,8,55,FUT,,,Climate Pledge Arena
2026020895,20262027,2,2027-02-08,2027-02-09T00:30:00Z,29,10,FUT,,,Scotiabank Arena
2026020896,20262027,2,2027-02-08,2027-02-09T01:00:00Z,26,25,FUT,,,American Airlines Center
2026020897,20262027,2,2027-02-09,2027-02-10T00:00:00Z,29,9,FUT,,,Canadian Tire Centre
2026020898,20262027,2,2027-02-09,2027-02-10T00:30:00Z,21,12,FUT,,,Lenovo Center
2026020899,20262027,2,2027-02-09,2027-02-10T01:00:00Z,26,19,FUT,,,Enterprise Center
2026020900,20262027,2,2027-02-09,2027-02-10T03:00:00Z,17,24,FUT,,,Honda Center
2026020901,20262027,2,2027-02-10,2027-02-11T00:30:00Z,6,10,FUT,,,Scotiabank Arena
2026020902,20262027,2,2027-02-10,2027-02-11T03:00:00Z,16,28,FUT,,,SAP Center at San Jose
2026020903,20262027,2,2027-02-11,2027-02-12T00:00:00Z,9,29,FUT,,,Nationwide Arena
2026020904,20262027,2,2027-02-11,2027-02-12T00:30:00Z,30,12,FUT,,,Lenovo Center
2026020905,20262027,2,2027-02-11,2027-02-12T03:00:00Z,16,24,FUT,,,Honda Center
2026020906,20262027,2,2027-02-11,2027-02-12T03:00:00Z,17,26,FUT,,,Crypto.com Arena
2026020907,20262027,2,2027-02-12,2027-02-13T00:00:00Z,25,14,FUT,,,Benchmark International Arena
2026020908,20262027,2,2027-02-12,2027-02-13T00:00:00Z,21,13,FUT,,,Amerant Bank Arena
2026020909,20262027,2,2027-02-12,2027-02-13T00:00:00Z,2,3,FUT,,,Madison Square Garden
2026020910,20262027,2,2027-02-12,2027-02-13T01:00:00Z,19,22,FUT,,,Rogers Place
2026020911,20262027,2,2027-02-12,2027-02-13T02:00:00Z,20,68,FUT,,,Delta Center
2026020912,20262027,2,2027-02-13,2027-02-13T18:00:00Z,15,8,FUT,,,Centre Bell
2026020913,20262027,2,2027-02-13,2027-02-13T18:00:00Z,24,18,FUT,,,Bridgestone Arena
2026020914,20262027,2,2027-02-13,2027-02-13T21:00:00Z,17,28,FUT,,,SAP Center at San Jose
2026020915,20262027,2,2027-02-13,2027-02-13T23:00:00Z,25,13,FUT,,,Amerant Bank Arena
2026020916,20262027,2,2027-02-13,2027-02-13T23:00:00Z,16,26,FUT,,,Crypto.com Arena
2026020917,20262027,2,2027-02-13,2027-02-14T00:00:00Z,29,6,FUT,,,TD Garden
2026020918,20262027,2,2027-02-13,2027-02-14T00:00:00Z,10,9,FUT,,,Canadian Tire Centre
2026020919,20262027,2,2027-02-13,2027-02-14T00:00:00Z,21,14,FUT,,,Benchmark International Arena
2026020920,20262027,2,2027-02-13,2027-02-14T00:00:00Z,30,2,FUT,,,UBS Arena
2026020921,20262027,2,2027-02-13,2027-02-14T00:00:00Z,7,12,FUT,,,Lenovo Center
2026020922,20262027,2,2027-02-13,2027-02-14T00:00:00Z,5,22,FUT,,,Rogers Place
2026020923,20262027,2,2027-02-13,2027-02-14T00:30:00Z,1,4,FUT,,,Xfinity Mobile Arena
2026020924,20262027,2,2027-02-13,2027-02-14T03:00:00Z,52,23,FUT,,,Rogers Arena
2026020925,20262027,2,2027-02-13,2027-02-14T03:00:00Z,20,54,FUT,,,T-Mobile Arena
2026020926,20262027,2,2027-02-13,2027-02-14T03:00:00Z,19,55,FUT,,,Climate Pledge Arena
2026020927,20262027,2,2027-02-14,2027-02-14T18:00:00Z,3,8,FUT,,,Centre Bell
2026020928,20262027,2,2027-02-14,2027-02-14T18:00:00Z,68,15,FUT,,,Capital One Arena
2026020929,20262027,2,2027-02-15,2027-02-15T19:00:00Z,24,6,FUT,,,TD Garden
2026020930,20262027,2,2027-02-15,2027-02-15T20:00:00Z,68,2,FUT,,,UBS Arena
2026020931,20262027,2,2027-02-15,2027-02-15T23:00:00Z,7,3,FUT,,,Madison Square Garden
2026020932,20262027,2,2027-02-15,2027-02-15T20:00:00Z,29,21,FUT,,,Ball Arena
2026020933,20262027,2,2027-02-15,2027-02-15T21:00:00Z,5,55,FUT,,,Climate Pledge Arena
2026020934,20262027,2,2027-02-15,2027-02-16T00:30:00Z,9,30,FUT,,,Grand Casino Arena
2026020935,20262027,2,2027-02-15,2027-02-16T00:30:00Z,52,28,FUT,,,SAP Center at San Jose
2026020936,20262027,2,2027-02-15,2027-02-16T01:00:00Z,4,19,FUT,,,Enterprise Center
2026020937,20262027,2,2027-02-15,2027-02-16T03:00:00Z,17,54,FUT,,,T-Mobile Arena
2026020938,20262027,2,2027-02-15,2027-02-16T03:00:00Z,20,26,FUT,,,Crypto.com Arena
2026020939,20262027,2,2027-02-16,2027-02-17T00:00:00Z,12,10,FUT,,,Scotiabank Arena
2026020940,20262027,2,2027-02-16,2027-02-17T00:30:00Z,13,14,FUT,,,Benchmark International Arena
2026020941,20262027,2,2027-02-16,2027-02-17T00:00:00Z,24,15,FUT,,,Capital One Arena
2026020942,20262027,2,2027-02-16,2027-02-17T01:00:00Z,1,18,FUT,,,Bridgestone Arena
2026020943,20262027,2,2027-02-16,2027-02-17T01:00:00Z,30,25,FUT,,,American Airlines Center
2026020944,20262027,2,2027-02-16,2027-02-17T02:00:00Z,5,23,FUT,,,Rogers Arena
2026020945,20262027,2,2027-02-17,2027-02-18T00:30:00Z,19,16,FUT,,,United Center
2026020946,20262027,2,2027-02-17,2027-02-18T00:30:00Z,26,52,FUT,,,Canada Life Centre
2026020947,20262027,2,2027-02-17,2027-02-18T02:00:00Z,29,68,FUT,,,Delta Center
2026020948,20262027,2,2027-02-17,2027-02-18T02:00:00Z,6,20,FUT,,,Scotiabank Saddledome
2026020949,20262027,2,2027-02-17,2027-02-18T02:00:00Z,21,22,FUT,,,Rogers Place
2026020950,20262027,2,2027-02-17,2027-02-18T02:40:00Z,9,55,FUT,,,Climate Pledge Arena
2026020951,20262027,2,2027-02-18,2027-02-19T00:00:00Z,12,7,FUT,,,KeyBank Center
2026020952,20262027,2,2027-02-18,2027-02-19T00:00:00Z,8,17,FUT,,,Little Caesars Arena
2026020953,20262027,2,2027-02-18,2027-02-19T00:00:00Z,24,14,FUT,,,Benchmark International Arena
2026020954,20262027,2,2027-02-18,2027-02-19T00:00:00Z,1,13,FUT,,,Amerant Bank Arena
2026020955,20262027,2,2027-02-18,2027-02-19T00:00:00Z,3,2,FUT,,,UBS Arena
2026020956,20262027,2,2027-02-18,2027-02-19T01:00:00Z,10,18,FUT,,,Bridgestone Arena
2026020957,20262027,2,2027-02-18,2027-02-19T02:00:00Z,4,25,FUT,,,American Airlines Center
2026020958,20262027,2,2027-02-18,2027-02-19T01:00:00Z,26,30,FUT,,,Grand Casino Arena
2026020959,20262027,2,2027-02-18,2027-02-19T02:00:00Z,9,23,FUT,,,Rogers Arena
2026020960,20262027,2,2027-02-18,2027-02-19T03:00:00Z,29,54,FUT,,,T-Mobile Arena
2026020961,20262027,2,2027-02-19,2027-02-20T00:00:00Z,28,15,FUT,,,Capital One Arena
2026020962,20262027,2,2027-02-19,2027-02-20T00:00:00Z,17,12,FUT,,,Lenovo Center
2026020963,20262027,2,2027-02-19,2027-02-20T00:00:00Z,19,52,FUT,,,Canada Life Centre
2026020964,20262027,2,2027-02-19,2027-02-20T01:00:00Z,5,20,FUT,,,Scotiabank Saddledome
2026020965,20262027,2,2027-02-19,2027-02-20T01:00:00Z,6,22,FUT,,,Rogers Place
2026020966,20262027,2,2027-02-19,2027-02-20T02:00:00Z,55,68,FUT,,,Delta Center
2026020967,20262027,2,2027-02-20,2027-02-20T17:30:00Z,3,4,FUT,,,Xfinity Mobile Arena
2026020968,20262027,2,2027-02-20,2027-02-20T18:30:00Z,7,1,FUT,,,Prudential Center
2026020969,20262027,2,2027-02-20,2027-02-20T20:00:00Z,30,16,FUT,,,United Center
2026020970,20262027,2,2027-02-20,2027-02-20T22:00:00Z,24,13,FUT,,,Amerant Bank Arena
2026020971,20262027,2,2027-02-20,2027-02-20T22:00:00Z,18,29,FUT,,,Nationwide Arena
2026020972,20262027,2,2027-02-20,2027-02-21T00:00:00Z,2,8,FUT,,,Centre Bell
2026020973,20262027,2,2027-02-20,2027-02-21T00:00:00Z,10,14,FUT,,,Benchmark International Arena
2026020974,20262027,2,2027-02-20,2027-02-21T01:00:00Z,54,25,FUT,,,AT&T Stadium
2026020975,20262027,2,2027-02-20,2027-02-21T03:00:00Z,21,23,FUT,,,Rogers Arena
2026020976,20262027,2,2027-02-20,2027-02-21T03:30:00Z,55,26,FUT,,,Crypto.com Arena
2026020977,20262027,2,2027-02-21,2027-02-21T18:00:00Z,3,12,FUT,,,Lenovo Center
2026020978,20262027,2,2027-02-21,2027-02-21T20:30:00Z,7,17,FUT,,,Little Caesars Arena
2026020979,20262027,2,2027-02-21,2027-02-21T23:00:00Z,1,16,FUT,,,United Center
2026020980,20262027,2,2027-02-21,2027-02-21T23:00:00Z,28,13,FUT,,,Amerant Bank Arena
2026020981,20262027,2,2027-02-21,2027-02-21T23:00:00Z,18,15,FUT,,,Capital One Arena
2026020982,20262027,2,2027-02-21,2027-02-21T23:00:00Z,68,19,FUT,,,Enterprise Center
2026020983,20262027,2,2027-02-21,2027-02-21T22:00:00Z,5,52,FUT,,,Canada Life Centre
2026020984,20262027,2,2027-02-21,2027-02-22T00:00:00Z,9,20,FUT,,,Scotiabank Saddledome
2026020985,20262027,2,2027-02-21,2027-02-22T01:00:00Z,6,23,FUT,,,Rogers Arena
2026020986,20262027,2,2027-02-22,2027-02-22T19:00:00Z,8,4,FUT,,,Xfinity Mobile Arena
2026020987,20262027,2,2027-02-22,2027-02-23T00:00:00Z,2,29,FUT,,,Nationwide Arena
2026020988,20262027,2,2027-02-22,2027-02-23T00:30:00Z,9,22,FUT,,,Rogers Place
2026020989,20262027,2,2027-02-22,2027-02-23T02:00:00Z,54,21,FUT,,,Ball Arena
2026020990,20262027,2,2027-02-22,2027-02-23T02:40:00Z,6,55,FUT,,,Climate Pledge Arena
2026020991,20262027,2,2027-02-23,2027-02-24T00:00:00Z,17,10,FUT,,,Scotiabank Arena
2026020992,20262027,2,2027-02-23,2027-02-24T00:00:00Z,28,14,FUT,,,Benchmark International Arena
2026020993,20262027,2,2027-02-23,2027-02-24T00:30:00Z,12,1,FUT,,,Prudential Center
2026020994,20262027,2,2027-02-23,2027-02-24T00:00:00Z,3,15,FUT,,,Capital One Arena
2026020995,20262027,2,2027-02-23,2027-02-24T01:00:00Z,2,16,FUT,,,United Center
2026020996,20262027,2,2027-02-23,2027-02-24T01:00:00Z,52,18,FUT,,,Bridgestone Arena
2026020997,20262027,2,2027-02-23,2027-02-24T01:00:00Z,23,25,FUT,,,American Airlines Center
2026020998,20262027,2,2027-02-23,2027-02-24T01:00:00Z,5,30,FUT,,,Grand Casino Arena
2026020999,20262027,2,2027-02-24,2027-02-25T00:00:00Z,7,4,FUT,,,Xfinity Mobile Arena
2026021000,20262027,2,2027-02-24,2027-02-25T01:00:00Z,20,68,FUT,,,Delta Center
2026021001,20262027,2,2027-02-24,2027-02-25T02:30:00Z,13,54,FUT,,,T-Mobile Arena
2026021002,20262027,2,2027-02-24,2027-02-25T03:00:00Z,55,24,FUT,,,Honda Center
2026021003,20262027,2,2027-02-24,2027-02-25T03:00:00Z,8,26,FUT,,,Crypto.com Arena
2026021004,20262027,2,2027-02-25,2027-02-26T00:00:00Z,17,9,FUT,,,Canadian Tire Centre
2026021005,20262027,2,2027-02-25,2027-02-26T00:00:00Z,10,5,FUT,,,PPG Paints Arena
2026021006,20262027,2,2027-02-25,2027-02-26T00:00:00Z,28,12,FUT,,,Lenovo Center
2026021007,20262027,2,2027-02-25,2027-02-26T01:00:00Z,15,6,FUT,,,TD Garden
2026021008,20262027,2,2027-02-25,2027-02-26T01:00:00Z,23,19,FUT,,,Enterprise Center
2026021009,20262027,2,2027-02-25,2027-02-26T01:00:00Z,22,18,FUT,,,Bridgestone Arena
2026021010,20262027,2,2027-02-25,2027-02-26T01:00:00Z,14,25,FUT,,,American Airlines Center
2026021011,20262027,2,2027-02-25,2027-02-26T02:00:00Z,52,21,FUT,,,Ball Arena
2026021012,20262027,2,2027-02-26,2027-02-27T00:30:00Z,9,7,FUT,,,KeyBank Center
2026021013,20262027,2,2027-02-26,2027-02-27T00:00:00Z,4,2,FUT,,,UBS Arena
2026021014,20262027,2,2027-02-26,2027-02-27T00:00:00Z,15,3,FUT,,,Madison Square Garden
2026021015,20262027,2,2027-02-26,2027-02-27T00:00:00Z,1,29,FUT,,,Nationwide Arena
2026021016,20262027,2,2027-02-26,2027-02-27T01:00:00Z,26,16,FUT,,,United Center
2026021017,20262027,2,2027-02-26,2027-02-27T02:00:00Z,13,68,FUT,,,Delta Center
2026021018,20262027,2,2027-02-26,2027-02-27T02:00:00Z,24,54,FUT,,,T-Mobile Arena
2026021019,20262027,2,2027-02-27,2027-02-27T17:30:00Z,17,6,FUT,,,TD Garden
2026021020,20262027,2,2027-02-27,2027-02-27T20:00:00Z,22,25,FUT,,,American Airlines Center
2026021021,20262027,2,2027-02-27,2027-02-27T21:00:00Z,30,19,FUT,,,Enterprise Center
2026021022,20262027,2,2027-02-27,2027-02-28T00:00:00Z,10,7,FUT,,,KeyBank Center
2026021023,20262027,2,2027-02-27,2027-02-28T00:00:00Z,28,4,FUT,,,Xfinity Mobile Arena
2026021024,20262027,2,2027-02-27,2027-02-28T00:00:00Z,14,12,FUT,,,Lenovo Center
2026021025,20262027,2,2027-02-27,2027-02-28T00:00:00Z,2,29,FUT,,,Nationwide Arena
2026021026,20262027,2,2027-02-27,2027-02-28T00:00:00Z,13,21,FUT,,,Ball Arena
2026021027,20262027,2,2027-02-27,2027-02-28T00:00:00Z,8,24,FUT,,,Honda Center
2026021028,20262027,2,2027-02-27,2027-02-28T00:00:00Z,52,55,FUT,,,Climate Pledge Arena
2026021029,20262027,2,2027-02-27,2027-02-28T01:00:00Z,26,18,FUT,,,Bridgestone Arena
2026021030,20262027,2,2027-02-27,2027-02-28T03:00:00Z,20,23,FUT,,,Rogers Arena
2026021031,20262027,2,2027-02-28,2027-02-28T18:00:00Z,3,5,FUT,,,PPG Paints Arena
2026021032,20262027,2,2027-02-28,2027-02-28T20:30:00Z,1,30,FUT,,,Grand Casino Arena
2026021033,20262027,2,2027-02-28,2027-02-28T23:30:00Z,21,16,FUT,,,United Center
2026021034,20262027,2,2027-02-28,2027-03-01T00:00:00Z,68,14,FUT,,,Benchmark International Arena
2026021035,20262027,2,2027-02-28,2027-03-01T02:00:00Z,25,19,FUT,,,Enterprise Center
2026021036,20262027,2,2027-03-01,2027-03-02T00:00:00Z,17,10,FUT,,,Scotiabank Arena
2026021037,20262027,2,2027-03-01,2027-03-02T00:00:00Z,15,2,FUT,,,UBS Arena
2026021038,20262027,2,2027-03-01,2027-03-02T00:00:00Z,12,29,FUT,,,Nationwide Arena
2026021039,20262027,2,2027-03-01,2027-03-02T00:00:00Z,55,52,FUT,,,Canada Life Centre
2026021040,20262027,2,2027-03-01,2027-03-02T01:30:00Z,22,16,FUT,,,United Center
2026021041,20262027,2,2027-03-01,2027-03-02T03:00:00Z,24,26,FUT,,,Crypto.com Arena
2026021042,20262027,2,2027-03-01,2027-03-02T03:00:00Z,8,28,FUT,,,SAP Center at San Jose
2026021043,20262027,2,2027-03-02,2027-03-03T00:00:00Z,5,7,FUT,,,KeyBank Center
2026021044,20262027,2,2027-03-02,2027-03-03T00:00:00Z,68,13,FUT,,,Amerant Bank Arena
2026021045,20262027,2,2027-03-02,2027-03-03T00:00:00Z,9,1,FUT,,,Prudential Center
2026021046,20262027,2,2027-03-02,2027-03-03T00:00:00Z,54,4,FUT,,,Xfinity Mobile Arena
2026021047,20262027,2,2027-03-02,2027-03-03T01:00:00Z,21,18,FUT,,,Bridgestone Arena
2026021048,20262027,2,2027-03-03,2027-03-03T23:30:00Z,55,10,FUT,,,Scotiabank Arena
2026021049,20262027,2,2027-03-03,2027-03-04T00:00:00Z,6,3,FUT,,,Madison Square Garden
2026021050,20262027,2,2027-03-03,2027-03-04T00:00:00Z,12,15,FUT,,,Capital One Arena
2026021051,20262027,2,2027-03-03,2027-03-04T01:00:00Z,30,25,FUT,,,American Airlines Center
2026021052,20262027,2,2027-03-03,2027-03-04T01:30:00Z,22,20,FUT,,,Scotiabank Saddledome
2026021053,20262027,2,2027-03-03,2027-03-04T03:00:00Z,16,23,FUT,,,Rogers Arena
2026021054,20262027,2,2027-03-03,2027-03-04T03:00:00Z,14,26,FUT,,,Crypto.com Arena
2026021055,20262027,2,2027-03-03,2027-03-04T03:00:00Z,29,28,FUT,,,SAP Center at San Jose
2026021056,20262027,2,2027-03-04,2027-03-05T00:00:00Z,19,7,FUT,,,KeyBank Center
2026021057,20262027,2,2027-03-04,2027-03-05T00:00:00Z,55,8,FUT,,,Centre Bell
2026021058,20262027,2,2027-03-04,2027-03-05T00:00:00Z,6,9,FUT,,,Canadian Tire Centre
2026021059,20262027,2,2027-03-04,2027-03-04T23:00:00Z,1,17,FUT,,,Little Caesars Arena
2026021060,20262027,2,2027-03-04,2027-03-05T01:30:00Z,5,13,FUT,,,Amerant Bank Arena
2026021061,20262027,2,2027-03-04,2027-03-05T00:00:00Z,54,2,FUT,,,UBS Arena
2026021062,20262027,2,2027-03-04,2027-03-05T01:00:00Z,68,18,FUT,,,Bridgestone Arena
2026021063,20262027,2,2027-03-05,2027-03-06T00:00:00Z,54,1,FUT,,,Prudential Center
2026021064,20262027,2,2027-03-05,2027-03-06T00:00:00Z,25,4,FUT,,,Xfinity Mobile Arena
2026021065,20262027,2,2027-03-05,2027-03-06T00:00:00Z,10,12,FUT,,,Lenovo Center
2026021066,20262027,2,2027-03-05,2027-03-06T00:00:00Z,15,52,FUT,,,Canada Life Centre
2026021067,20262027,2,2027-03-05,2027-03-06T01:00:00Z,16,20,FUT,,,Scotiabank Saddledome
2026021068,20262027,2,2027-03-05,2027-03-06T03:00:00Z,14,24,FUT,,,Honda Center
2026021069,20262027,2,2027-03-05,2027-03-06T03:00:00Z,29,26,FUT,,,Crypto.com Arena
2026021070,20262027,2,2027-03-05,2027-03-06T03:00:00Z,21,28,FUT,,,SAP Center at San Jose
2026021071,20262027,2,2027-03-06,2027-03-06T17:30:00Z,5,6,FUT,,,TD Garden
2026021072,20262027,2,2027-03-06,2027-03-06T20:00:00Z,3,7,FUT,,,KeyBank Center
2026021073,20262027,2,2027-03-06,2027-03-06T20:00:00Z,55,9,FUT,,,Canadian Tire Centre
2026021074,20262027,2,2027-03-06,2027-03-07T00:00:00Z,23,8,FUT,,,Centre Bell
2026021075,20262027,2,2027-03-06,2027-03-07T00:00:00Z,25,17,FUT,,,Little Caesars Arena
2026021076,20262027,2,2027-03-06,2027-03-07T00:00:00Z,10,13,FUT,,,Amerant Bank Arena
2026021077,20262027,2,2027-03-06,2027-03-07T01:00:00Z,30,18,FUT,,,Bridgestone Arena
2026021078,20262027,2,2027-03-06,2027-03-07T03:00:00Z,16,22,FUT,,,Rogers Place
2026021079,20262027,2,2027-03-06,2027-03-07T03:00:00Z,14,28,FUT,,,SAP Center at San Jose
2026021080,20262027,2,2027-03-07,2027-03-07T18:00:00Z,5,2,FUT,,,UBS Arena
2026021081,20262027,2,2027-03-07,2027-03-07T20:30:00Z,19,4,FUT,,,Xfinity Mobile Arena
2026021082,20262027,2,2027-03-07,2027-03-07T18:00:00Z,68,12,FUT,,,Lenovo Center
2026021083,20262027,2,2027-03-07,2027-03-07T19:00:00Z,20,52,FUT,,,Canada Life Centre
2026021084,20262027,2,2027-03-07,2027-03-07T21:00:00Z,21,26,FUT,,,Crypto.com Arena
2026021085,20262027,2,2027-03-07,2027-03-07T20:00:00Z,7,9,FUT,,,Canadian Tire Centre
2026021086,20262027,2,2027-03-07,2027-03-08T00:00:00Z,54,3,FUT,,,Madison Square Garden
2026021087,20262027,2,2027-03-07,2027-03-08T01:00:00Z,29,24,FUT,,,Honda Center
2026021088,20262027,2,2027-03-07,2027-03-08T02:30:00Z,15,30,FUT,,,Grand Casino Arena
2026021089,20262027,2,2027-03-08,2027-03-09T00:00:00Z,55,6,FUT,,,TD Garden
2026021090,20262027,2,2027-03-08,2027-03-09T00:30:00Z,25,10,FUT,,,Scotiabank Arena
2026021091,20262027,2,2027-03-08,2027-03-09T01:00:00Z,14,16,FUT,,,United Center
2026021092,20262027,2,2027-03-09,2027-03-10T00:00:00Z,23,7,FUT,,,KeyBank Center
2026021093,20262027,2,2027-03-09,2027-03-10T00:00:00Z,1,13,FUT,,,Amerant Bank Arena
2026021094,20262027,2,2027-03-09,2027-03-10T00:00:00Z,8,2,FUT,,,UBS Arena
2026021095,20262027,2,2027-03-09,2027-03-10T00:00:00Z,9,5,FUT,,,PPG Paints Arena
2026021096,20262027,2,2027-03-09,2027-03-10T00:00:00Z,20,15,FUT,,,Capital One Arena
2026021097,20262027,2,2027-03-09,2027-03-10T01:00:00Z,18,19,FUT,,,Enterprise Center
2026021098,20262027,2,2027-03-09,2027-03-10T01:00:00Z,12,30,FUT,,,Grand Casino Arena
2026021099,20262027,2,2027-03-09,2027-03-10T00:00:00Z,17,52,FUT,,,Canada Life Centre
2026021100,20262027,2,2027-03-09,2027-03-10T01:00:00Z,26,22,FUT,,,Rogers Place
2026021101,20262027,2,2027-03-09,2027-03-10T02:00:00Z,4,21,FUT,,,Ball Arena
2026021102,20262027,2,2027-03-09,2027-03-10T02:00:00Z,3,68,FUT,,,Delta Center
2026021103,20262027,2,2027-03-09,2027-03-10T03:30:00Z,28,54,FUT,,,T-Mobile Arena
2026021104,20262027,2,2027-03-10,2027-03-11T00:30:00Z,6,8,FUT,,,Centre Bell
2026021105,20262027,2,2027-03-10,2027-03-11T01:00:00Z,15,16,FUT,,,United Center
2026021106,20262027,2,2027-03-10,2027-03-11T01:00:00Z,24,25,FUT,,,American Airlines Center
2026021107,20262027,2,2027-03-11,2027-03-12T00:00:00Z,30,9,FUT,,,Canadian Tire Centre
2026021108,20262027,2,2027-03-11,2027-03-12T00:00:00Z,1,14,FUT,,,Benchmark International Arena
2026021109,20262027,2,2027-03-11,2027-03-12T00:30:00Z,6,5,FUT,,,PPG Paints Arena
2026021110,20262027,2,2027-03-11,2027-03-12T00:00:00Z,23,29,FUT,,,Nationwide Arena
2026021111,20262027,2,2027-03-11,2027-03-12T01:00:00Z,28,19,FUT,,,Enterprise Center
2026021112,20262027,2,2027-03-11,2027-03-12T00:00:00Z,10,52,FUT,,,Canada Life Centre
2026021113,20262027,2,2027-03-11,2027-03-12T01:00:00Z,18,22,FUT,,,Rogers Place
2026021114,20262027,2,2027-03-11,2027-03-12T02:00:00Z,3,21,FUT,,,Ball Arena
2026021115,20262027,2,2027-03-11,2027-03-12T02:30:00Z,26,55,FUT,,,Climate Pledge Arena
2026021116,20262027,2,2027-03-11,2027-03-12T03:00:00Z,4,54,FUT,,,T-Mobile Arena
2026021117,20262027,2,2027-03-12,2027-03-13T00:00:00Z,7,17,FUT,,,Little Caesars Arena
2026021118,20262027,2,2027-03-12,2027-03-13T00:00:00Z,2,13,FUT,,,Amerant Bank Arena
2026021119,20262027,2,2027-03-12,2027-03-13T00:00:00Z,20,12,FUT,,,Lenovo Center
2026021120,20262027,2,2027-03-13,2027-03-13T20:00:00Z,15,5,FUT,,,PPG Paints Arena
2026021121,20262027,2,2027-03-13,2027-03-13T20:30:00Z,18,52,FUT,,,Canada Life Centre
2026021122,20262027,2,2027-03-13,2027-03-13T23:00:00Z,16,21,FUT,,,Ball Arena
2026021123,20262027,2,2027-03-13,2027-03-13T23:30:00Z,24,19,FUT,,,Enterprise Center
2026021124,20262027,2,2027-03-13,2027-03-14T00:00:00Z,20,6,FUT,,,TD Garden
2026021125,20262027,2,2027-03-13,2027-03-14T00:00:00Z,23,10,FUT,,,Scotiabank Arena
2026021126,20262027,2,2027-03-13,2027-03-14T00:00:00Z,8,9,FUT,,,Canadian Tire Centre
2026021127,20262027,2,2027-03-13,2027-03-14T00:00:00Z,2,14,FUT,,,Benchmark International Arena
2026021128,20262027,2,2027-03-13,2027-03-14T00:00:00Z,1,12,FUT,,,Lenovo Center
2026021129,20262027,2,2027-03-13,2027-03-14T00:00:00Z,28,29,FUT,,,Nationwide Arena
2026021130,20262027,2,2027-03-13,2027-03-13T22:00:00Z,4,68,FUT,,,Delta Center
2026021131,20262027,2,2027-03-13,2027-03-14T02:00:00Z,25,26,FUT,,,Crypto.com Arena
2026021132,20262027,2,2027-03-13,2027-03-14T03:00:00Z,3,54,FUT,,,T-Mobile Arena
2026021133,20262027,2,2027-03-13,2027-03-14T03:00:00Z,22,55,FUT,,,Climate Pledge Arena
2026021134,20262027,2,2027-03-14,2027-03-14T18:00:00Z,17,5,FUT,,,PPG Paints Arena
2026021135,20262027,2,2027-03-14,2027-03-14T20:30:00Z,24,16,FUT,,,United Center
2026021136,20262027,2,2027-03-14,2027-03-14T21:00:00Z,23,9,FUT,,,Canadian Tire Centre
2026021137,20262027,2,2027-03-14,2027-03-14T23:00:00Z,7,30,FUT,,,Grand Casino Arena
2026021138,20262027,2,2027-03-15,2027-03-15T19:00:00Z,14,15,FUT,,,Capital One Arena
2026021139,20262027,2,2027-03-15,2027-03-15T23:00:00Z,2,6,FUT,,,TD Garden
2026021140,20262027,2,2027-03-15,2027-03-15T23:00:00Z,28,7,FUT,,,KeyBank Center
2026021141,20262027,2,2027-03-15,2027-03-15T23:30:00Z,13,10,FUT,,,Scotiabank Arena
2026021142,20262027,2,2027-03-15,2027-03-16T01:00:00Z,25,68,FUT,,,Delta Center
2026021143,20262027,2,2027-03-15,2027-03-16T01:30:00Z,22,21,FUT,,,Ball Arena
2026021144,20262027,2,2027-03-15,2027-03-16T01:30:00Z,18,20,FUT,,,Scotiabank Saddledome
2026021145,20262027,2,2027-03-15,2027-03-16T01:40:00Z,19,55,FUT,,,Climate Pledge Arena
2026021146,20262027,2,2027-03-15,2027-03-16T02:00:00Z,52,54,FUT,,,T-Mobile Arena
2026021147,20262027,2,2027-03-16,2027-03-16T23:00:00Z,13,8,FUT,,,Centre Bell
2026021148,20262027,2,2027-03-16,2027-03-16T23:00:00Z,9,3,FUT,,,Madison Square Garden
2026021149,20262027,2,2027-03-16,2027-03-16T23:00:00Z,17,4,FUT,,,Xfinity Mobile Arena
2026021150,20262027,2,2027-03-16,2027-03-16T23:00:00Z,5,29,FUT,,,Nationwide Arena
2026021151,20262027,2,2027-03-16,2027-03-17T00:00:00Z,28,16,FUT,,,United Center
2026021152,20262027,2,2027-03-16,2027-03-17T02:30:00Z,12,24,FUT,,,Honda Center
2026021153,20262027,2,2027-03-16,2027-03-17T02:00:00Z,52,26,FUT,,,Crypto.com Arena
2026021154,20262027,2,2027-03-17,2027-03-17T23:00:00Z,2,15,FUT,,,Capital One Arena
2026021155,20262027,2,2027-03-17,2027-03-17T23:30:00Z,14,10,FUT,,,Scotiabank Arena
2026021156,20262027,2,2027-03-17,2027-03-18T00:30:00Z,30,21,FUT,,,Ball Arena
2026021157,20262027,2,2027-03-17,2027-03-18T01:30:00Z,25,20,FUT,,,Scotiabank Saddledome
2026021158,20262027,2,2027-03-17,2027-03-18T02:00:00Z,18,23,FUT,,,Rogers Arena
2026021159,20262027,2,2027-03-17,2027-03-18T02:00:00Z,55,54,FUT,,,T-Mobile Arena
2026021160,20262027,2,2027-03-18,2027-03-18T23:30:00Z,15,7,FUT,,,KeyBank Center
2026021161,20262027,2,2027-03-18,2027-03-18T23:00:00Z,14,8,FUT,,,Centre Bell
2026021162,20262027,2,2027-03-18,2027-03-18T23:00:00Z,13,9,FUT,,,Canadian Tire Centre
2026021163,20262027,2,2027-03-18,2027-03-18T23:00:00Z,29,17,FUT,,,Little Caesars Arena
2026021164,20262027,2,2027-03-18,2027-03-18T23:00:00Z,5,1,FUT,,,Prudential Center
2026021165,20262027,2,2027-03-18,2027-03-18T23:00:00Z,10,3,FUT,,,Madison Square Garden
2026021166,20262027,2,2027-03-18,2027-03-18T23:00:00Z,6,4,FUT,,,Xfinity Mobile Arena
2026021167,20262027,2,2027-03-18,2027-03-19T00:00:00Z,28,52,FUT,,,Canada Life Centre
2026021168,20262027,2,2027-03-18,2027-03-19T01:00:00Z,19,22,FUT,,,Rogers Place
2026021169,20262027,2,2027-03-18,2027-03-19T02:00:00Z,68,24,FUT,,,Honda Center
2026021170,20262027,2,2027-03-18,2027-03-19T02:00:00Z,12,26,FUT,,,Crypto.com Arena
2026021171,20262027,2,2027-03-19,2027-03-20T00:00:00Z,20,30,FUT,,,Grand Casino Arena
2026021172,20262027,2,2027-03-19,2027-03-20T02:00:00Z,16,68,FUT,,,Delta Center
2026021173,20262027,2,2027-03-19,2027-03-20T02:00:00Z,21,55,FUT,,,Climate Pledge Arena
2026021174,20262027,2,2027-03-20,2027-03-20T17:00:00Z,13,7,FUT,,,KeyBank Center
2026021175,20262027,2,2027-03-20,2027-03-20T16:30:00Z,8,17,FUT,,,Little Caesars Arena
2026021176,20262027,2,2027-03-20,2027-03-20T19:00:00Z,4,2,FUT,,,UBS Arena
2026021177,20262027,2,2027-03-20,2027-03-20T19:30:00Z,25,22,FUT,,,Rogers Place
2026021178,20262027,2,2027-03-20,2027-03-20T21:00:00Z,6,18,FUT,,,Bridgestone Arena
2026021179,20262027,2,2027-03-20,2027-03-20T23:00:00Z,14,9,FUT,,,Canadian Tire Centre
2026021180,20262027,2,2027-03-20,2027-03-20T23:00:00Z,10,1,FUT,,,Prudential Center
2026021181,20262027,2,2027-03-20,2027-03-20T23:00:00Z,29,52,FUT,,,Canada Life Centre
2026021182,20262027,2,2027-03-20,2027-03-21T00:00:00Z,5,3,FUT,,,Madison Square Garden
2026021183,20262027,2,2027-03-20,2027-03-21T02:00:00Z,19,23,FUT,,,Rogers Arena
2026021184,20262027,2,2027-03-20,2027-03-21T02:30:00Z,54,24,FUT,,,Honda Center
2026021185,20262027,2,2027-03-20,2027-03-21T02:30:00Z,12,28,FUT,,,SAP Center at San Jose
2026021186,20262027,2,2027-03-21,2027-03-21T18:00:00Z,68,30,FUT,,,Grand Casino Arena
2026021187,20262027,2,2027-03-21,2027-03-21T19:00:00Z,7,2,FUT,,,UBS Arena
2026021188,20262027,2,2027-03-21,2027-03-21T21:00:00Z,16,21,FUT,,,Ball Arena
2026021189,20262027,2,2027-03-21,2027-03-22T00:00:00Z,15,3,FUT,,,Madison Square Garden
2026021190,20262027,2,2027-03-21,2027-03-22T00:00:00Z,19,20,FUT,,,Scotiabank Saddledome
2026021191,20262027,2,2027-03-21,2027-03-22T00:00:00Z,26,55,FUT,,,Climate Pledge Arena
2026021192,20262027,2,2027-03-21,2027-03-22T01:00:00Z,22,23,FUT,,,Rogers Arena
2026021193,20262027,2,2027-03-22,2027-03-22T23:00:00Z,29,5,FUT,,,PPG Paints Arena
2026021194,20262027,2,2027-03-22,2027-03-22T23:30:00Z,10,8,FUT,,,Centre Bell
2026021195,20262027,2,2027-03-22,2027-03-23T02:00:00Z,28,24,FUT,,,Honda Center
2026021196,20262027,2,2027-03-23,2027-03-23T23:00:00Z,7,6,FUT,,,TD Garden
2026021197,20262027,2,2027-03-23,2027-03-23T23:00:00Z,13,14,FUT,,,Benchmark International Arena
2026021198,20262027,2,2027-03-23,2027-03-23T23:00:00Z,4,1,FUT,,,Prudential Center
2026021199,20262027,2,2027-03-23,2027-03-23T23:00:00Z,17,15,FUT,,,Capital One Arena
2026021200,20262027,2,2027-03-23,2027-03-24T00:00:00Z,3,18,FUT,,,Bridgestone Arena
2026021201,20262027,2,2027-03-23,2027-03-24T00:00:00Z,12,25,FUT,,,American Airlines Center
2026021202,20262027,2,2027-03-23,2027-03-24T00:00:00Z,16,30,FUT,,,Grand Casino Arena
2026021203,20262027,2,2027-03-23,2027-03-24T00:00:00Z,19,52,FUT,,,Canada Life Centre
2026021204,20262027,2,2027-03-23,2027-03-24T01:30:00Z,68,21,FUT,,,Ball Arena
2026021205,20262027,2,2027-03-23,2027-03-24T01:00:00Z,22,20,FUT,,,Scotiabank Saddledome
2026021206,20262027,2,2027-03-23,2027-03-24T01:40:00Z,54,55,FUT,,,Climate Pledge Arena
2026021207,20262027,2,2027-03-23,2027-03-24T02:00:00Z,26,23,FUT,,,Rogers Arena
2026021208,20262027,2,2027-03-24,2027-03-24T23:30:00Z,9,8,FUT,,,Centre Bell
2026021209,20262027,2,2027-03-24,2027-03-24T23:30:00Z,15,17,FUT,,,Little Caesars Arena
2026021210,20262027,2,2027-03-24,2027-03-25T02:00:00Z,24,28,FUT,,,SAP Center at San Jose
2026021211,20262027,2,2027-03-25,2027-03-25T23:00:00Z,9,6,FUT,,,TD Garden
2026021212,20262027,2,2027-03-25,2027-03-25T23:00:00Z,10,7,FUT,,,KeyBank Center
2026021213,20262027,2,2027-03-25,2027-03-25T22:30:00Z,4,14,FUT,,,Benchmark International Arena
2026021214,20262027,2,2027-03-25,2027-03-25T23:00:00Z,3,13,FUT,,,Amerant Bank Arena
2026021215,20262027,2,2027-03-25,2027-03-25T23:00:00Z,1,5,FUT,,,PPG Paints Arena
2026021216,20262027,2,2027-03-25,2027-03-25T23:00:00Z,25,12,FUT,,,Lenovo Center
2026021217,20262027,2,2027-03-25,2027-03-25T23:00:00Z,16,29,FUT,,,Nationwide Arena
2026021218,20262027,2,2027-03-25,2027-03-26T00:00:00Z,2,19,FUT,,,Enterprise Center
2026021219,20262027,2,2027-03-25,2027-03-26T00:00:00Z,21,52,FUT,,,Canada Life Centre
2026021220,20262027,2,2027-03-25,2027-03-26T01:00:00Z,22,30,FUT,,,Grand Casino Arena
2026021221,20262027,2,2027-03-25,2027-03-26T01:00:00Z,26,20,FUT,,,Scotiabank Saddledome
2026021222,20262027,2,2027-03-25,2027-03-26T01:40:00Z,24,55,FUT,,,Climate Pledge Arena
2026021223,20262027,2,2027-03-25,2027-03-26T02:00:00Z,54,23,FUT,,,Rogers Arena
2026021224,20262027,2,2027-03-26,2027-03-26T23:00:00Z,6,15,FUT,,,Capital One Arena
2026021225,20262027,2,2027-03-26,2027-03-27T00:00:00Z,18,16,FUT,,,United Center
2026021226,20262027,2,2027-03-26,2027-03-27T01:00:00Z,28,68,FUT,,,Delta Center
2026021227,20262027,2,2027-03-27,2027-03-27T19:30:00Z,26,22,FUT,,,Rogers Place
2026021228,20262027,2,2027-03-27,2027-03-27T18:00:00Z,55,30,FUT,,,Grand Casino Arena
2026021229,20262027,2,2027-03-27,2027-03-27T20:00:00Z,24,23,FUT,,,Rogers Arena
2026021230,20262027,2,2027-03-27,2027-03-27T22:00:00Z,4,13,FUT,,,Amerant Bank Arena
2026021231,20262027,2,2027-03-27,2027-03-27T23:00:00Z,9,10,FUT,,,Scotiabank Arena
2026021232,20262027,2,2027-03-27,2027-03-27T23:00:00Z,1,8,FUT,,,Centre Bell
2026021233,20262027,2,2027-03-27,2027-03-27T23:00:00Z,3,14,FUT,,,Benchmark International Arena
2026021234,20262027,2,2027-03-27,2027-03-27T23:00:00Z,12,5,FUT,,,PPG Paints Arena
2026021235,20262027,2,2027-03-27,2027-03-27T23:00:00Z,19,29,FUT,,,Nationwide Arena
2026021236,20262027,2,2027-03-27,2027-03-27T23:00:00Z,52,21,FUT,,,Ball Arena
2026021237,20262027,2,2027-03-27,2027-03-27T23:30:00Z,17,2,FUT,,,UBS Arena
2026021238,20262027,2,2027-03-27,2027-03-28T00:00:00Z,18,25,FUT,,,American Airlines Center
2026021239,20262027,2,2027-03-27,2027-03-28T02:00:00Z,54,20,FUT,,,Scotiabank Saddledome
2026021240,20262027,2,2027-03-28,2027-03-28T18:00:00Z,55,16,FUT,,,United Center
2026021241,20262027,2,2027-03-28,2027-03-28T23:00:00Z,15,10,FUT,,,Scotiabank Arena
2026021242,20262027,2,2027-03-28,2027-03-28T22:00:00Z,17,8,FUT,,,Centre Bell
2026021243,20262027,2,2027-03-28,2027-03-29T00:30:00Z,7,19,FUT,,,Enterprise Center
2026021244,20262027,2,2027-03-29,2027-03-29T23:00:00Z,12,1,FUT,,,Prudential Center
2026021245,20262027,2,2027-03-29,2027-03-29T23:00:00Z,30,3,FUT,,,Madison Square Garden
2026021246,20262027,2,2027-03-29,2027-03-30T01:30:00Z,23,26,FUT,,,Crypto.com Arena
2026021247,20262027,2,2027-03-29,2027-03-30T02:00:00Z,21,28,FUT,,,SAP Center at San Jose
2026021248,20262027,2,2027-03-30,2027-03-30T23:00:00Z,8,6,FUT,,,TD Garden
2026021249,20262027,2,2027-03-30,2027-03-30T23:00:00Z,9,17,FUT,,,Little Caesars Arena
2026021250,20262027,2,2027-03-30,2027-03-30T23:00:00Z,10,14,FUT,,,Benchmark International Arena
2026021251,20262027,2,2027-03-30,2027-03-30T23:00:00Z,29,13,FUT,,,Amerant Bank Arena
2026021252,20262027,2,2027-03-30,2027-03-30T23:30:00Z,12,2,FUT,,,UBS Arena
2026021253,20262027,2,2027-03-30,2027-03-30T23:00:00Z,5,4,FUT,,,Xfinity Mobile Arena
2026021254,20262027,2,2027-03-30,2027-03-30T23:00:00Z,16,15,FUT,,,Capital One Arena
2026021255,20262027,2,2027-03-30,2027-03-31T00:00:00Z,7,18,FUT,,,Bridgestone Arena
2026021256,20262027,2,2027-03-30,2027-03-31T00:00:00Z,20,25,FUT,,,American Airlines Center
2026021257,20262027,2,2027-03-30,2027-03-31T01:40:00Z,68,55,FUT,,,Climate Pledge Arena
2026021258,20262027,2,2027-03-30,2027-03-31T02:00:00Z,21,24,FUT,,,Honda Center
2026021259,20262027,2,2027-03-31,2027-03-31T23:30:00Z,30,1,FUT,,,Prudential Center
2026021260,20262027,2,2027-03-31,2027-04-01T00:30:00Z,28,22,FUT,,,Rogers Place
2026021261,20262027,2,2027-03-31,2027-04-01T02:00:00Z,52,26,FUT,,,Crypto.com Arena
2026021262,20262027,2,2027-03-31,2027-04-01T02:30:00Z,23,54,FUT,,,T-Mobile Arena
2026021263,20262027,2,2027-04-01,2027-04-01T23:00:00Z,3,8,FUT,,,Centre Bell
2026021264,20262027,2,2027-04-01,2027-04-01T23:00:00Z,29,14,FUT,,,Benchmark International Arena
2026021265,20262027,2,2027-04-01,2027-04-01T23:00:00Z,10,13,FUT,,,Amerant Bank Arena
2026021266,20262027,2,2027-04-01,2027-04-01T23:30:00Z,15,4,FUT,,,Xfinity Mobile Arena
2026021267,20262027,2,2027-04-01,2027-04-01T23:00:00Z,2,5,FUT,,,PPG Paints Arena
2026021268,20262027,2,2027-04-01,2027-04-01T23:00:00Z,6,7,FUT,,,KeyBank Center
2026021269,20262027,2,2027-04-01,2027-04-02T00:00:00Z,20,19,FUT,,,Enterprise Center
2026021270,20262027,2,2027-04-01,2027-04-02T00:00:00Z,16,18,FUT,,,Bridgestone Arena
2026021271,20262027,2,2027-04-01,2027-04-02T01:00:00Z,24,68,FUT,,,Delta Center
2026021272,20262027,2,2027-04-02,2027-04-02T23:00:00Z,12,17,FUT,,,Little Caesars Arena
2026021273,20262027,2,2027-04-02,2027-04-02T23:00:00Z,9,2,FUT,,,UBS Arena
2026021274,20262027,2,2027-04-02,2027-04-03T00:00:00Z,25,30,FUT,,,Grand Casino Arena
2026021275,20262027,2,2027-04-02,2027-04-03T01:00:00Z,26,21,FUT,,,Ball Arena
2026021276,20262027,2,2027-04-02,2027-04-03T02:00:00Z,22,54,FUT,,,T-Mobile Arena
2026021277,20262027,2,2027-04-03,2027-04-03T16:30:00Z,13,3,FUT,,,Madison Square Garden
2026021278,20262027,2,2027-04-03,2027-04-03T19:00:00Z,14,6,FUT,,,TD Garden
2026021279,20262027,2,2027-04-03,2027-04-03T19:30:00Z,20,18,FUT,,,Bridgestone Arena
2026021280,20262027,2,2027-04-03,2027-04-03T21:00:00Z,29,15,FUT,,,Capital One Arena
2026021281,20262027,2,2027-04-03,2027-04-03T21:00:00Z,1,12,FUT,,,Lenovo Center
2026021282,20262027,2,2027-04-03,2027-04-03T22:00:00Z,16,25,FUT,,,American Airlines Center
2026021283,20262027,2,2027-04-03,2027-04-03T23:00:00Z,7,10,FUT,,,Scotiabank Arena
2026021284,20262027,2,2027-04-03,2027-04-03T23:00:00Z,52,55,FUT,,,Climate Pledge Arena
2026021285,20262027,2,2027-04-03,2027-04-04T00:00:00Z,4,5,FUT,,,PPG Paints Arena
2026021286,20262027,2,2027-04-03,2027-04-04T02:00:00Z,54,68,FUT,,,Delta Center
2026021287,20262027,2,2027-04-03,2027-04-04T02:00:00Z,28,23,FUT,,,Rogers Arena
2026021288,20262027,2,2027-04-03,2027-04-04T02:00:00Z,22,24,FUT,,,Honda Center
2026021289,20262027,2,2027-04-03,2027-04-04T02:30:00Z,19,26,FUT,,,Crypto.com Arena
2026021290,20262027,2,2027-04-04,2027-04-04T18:00:00Z,21,30,FUT,,,Grand Casino Arena
2026021291,20262027,2,2027-04-04,2027-04-04T20:30:00Z,13,1,FUT,,,Prudential Center
2026021292,20262027,2,2027-04-04,2027-04-04T19:00:00Z,17,9,FUT,,,Canadian Tire Centre
2026021293,20262027,2,2027-04-04,2027-04-04T23:00:00Z,5,15,FUT,,,Capital One Arena
2026021294,20262027,2,2027-04-04,2027-04-04T23:30:00Z,8,2,FUT,,,UBS Arena
2026021295,20262027,2,2027-04-04,2027-04-05T01:30:00Z,19,28,FUT,,,SAP Center at San Jose
2026021296,20262027,2,2027-04-05,2027-04-05T18:00:00Z,4,12,FUT,,,Lenovo Center
2026021297,20262027,2,2027-04-05,2027-04-05T23:00:00Z,14,7,FUT,,,KeyBank Center
2026021298,20262027,2,2027-04-05,2027-04-05T23:00:00Z,6,10,FUT,,,Scotiabank Arena
2026021299,20262027,2,2027-04-05,2027-04-06T00:00:00Z,55,25,FUT,,,American Airlines Center
2026021300,20262027,2,2027-04-05,2027-04-06T01:30:00Z,52,68,FUT,,,Delta Center
2026021301,20262027,2,2027-04-05,2027-04-06T01:30:00Z,20,22,FUT,,,Rogers Place
2026021302,20262027,2,2027-04-06,2027-04-06T23:15:00Z,8,13,FUT,,,Amerant Bank Arena
2026021303,20262027,2,2027-04-06,2027-04-06T23:30:00Z,14,1,FUT,,,Prudential Center
2026021304,20262027,2,2027-04-06,2027-04-06T23:45:00Z,15,29,FUT,,,Nationwide Arena
2026021305,20262027,2,2027-04-06,2027-04-06T23:30:00Z,17,2,FUT,,,UBS Arena
2026021306,20262027,2,2027-04-06,2027-04-06T23:00:00Z,5,3,FUT,,,Madison Square Garden
2026021307,20262027,2,2027-04-06,2027-04-07T00:00:00Z,55,18,FUT,,,Bridgestone Arena
2026021308,20262027,2,2027-04-06,2027-04-07T00:00:00Z,16,30,FUT,,,Grand Casino Arena
2026021309,20262027,2,2027-04-06,2027-04-07T02:00:00Z,21,23,FUT,,,Rogers Arena
2026021310,20262027,2,2027-04-06,2027-04-07T02:30:00Z,19,54,FUT,,,T-Mobile Arena
2026021311,20262027,2,2027-04-06,2027-04-07T02:15:00Z,26,24,FUT,,,Honda Center
2026021312,20262027,2,2027-04-07,2027-04-07T23:30:00Z,6,7,FUT,,,KeyBank Center
2026021313,20262027,2,2027-04-07,2027-04-07T23:00:00Z,9,12,FUT,,,Lenovo Center
2026021314,20262027,2,2027-04-07,2027-04-08T00:00:00Z,22,52,FUT,,,Canada Life Centre
2026021315,20262027,2,2027-04-07,2027-04-08T01:00:00Z,25,68,FUT,,,Delta Center
2026021316,20262027,2,2027-04-08,2027-04-08T23:00:00Z,15,9,FUT,,,Canadian Tire Centre
2026021317,20262027,2,2027-04-08,2027-04-08T23:00:00Z,8,14,FUT,,,Benchmark International Arena
2026021318,20262027,2,2027-04-08,2027-04-08T23:00:00Z,2,1,FUT,,,Prudential Center
2026021319,20262027,2,2027-04-08,2027-04-08T23:30:00Z,4,29,FUT,,,Nationwide Arena
2026021320,20262027,2,2027-04-08,2027-04-09T00:00:00Z,18,16,FUT,,,United Center
2026021321,20262027,2,2027-04-08,2027-04-09T00:00:00Z,55,19,FUT,,,Enterprise Center
2026021322,20262027,2,2027-04-08,2027-04-09T01:00:00Z,21,20,FUT,,,Scotiabank Saddledome
2026021323,20262027,2,2027-04-08,2027-04-09T02:00:00Z,30,28,FUT,,,SAP Center at San Jose
2026021324,20262027,2,2027-04-08,2027-04-09T02:00:00Z,54,26,FUT,,,Crypto.com Arena
2026021325,20262027,2,2027-04-09,2027-04-09T23:00:00Z,5,17,FUT,,,Little Caesars Arena
2026021326,20262027,2,2027-04-09,2027-04-09T23:00:00Z,6,13,FUT,,,Amerant Bank Arena
2026021327,20262027,2,2027-04-09,2027-04-09T23:00:00Z,23,52,FUT,,,Canada Life Centre
2026021328,20262027,2,2027-04-09,2027-04-10T00:00:00Z,68,25,FUT,,,American Airlines Center
2026021329,20262027,2,2027-04-10,2027-04-10T16:30:00Z,15,4,FUT,,,Xfinity Mobile Arena
2026021330,20262027,2,2027-04-10,2027-04-10T19:00:00Z,30,21,FUT,,,Ball Arena
2026021331,20262027,2,2027-04-10,2027-04-10T20:00:00Z,24,28,FUT,,,SAP Center at San Jose
2026021332,20262027,2,2027-04-10,2027-04-10T21:00:00Z,29,2,FUT,,,UBS Arena
2026021333,20262027,2,2027-04-10,2027-04-10T22:00:00Z,17,7,FUT,,,KeyBank Center
2026021334,20262027,2,2027-04-10,2027-04-10T22:00:00Z,12,13,FUT,,,Amerant Bank Arena
2026021335,20262027,2,2027-04-10,2027-04-10T22:00:00Z,5,1,FUT,,,Prudential Center
2026021336,20262027,2,2027-04-10,2027-04-10T22:00:00Z,55,16,FUT,,,United Center
2026021337,20262027,2,2027-04-10,2027-04-10T23:00:00Z,25,18,FUT,,,Bridgestone Arena
2026021338,20262027,2,2027-04-10,2027-04-10T23:00:00Z,8,9,FUT,,,Canadian Tire Centre
2026021339,20262027,2,2027-04-10,2027-04-10T23:00:00Z,10,3,FUT,,,Madison Square Garden
2026021340,20262027,2,2027-04-10,2027-04-10T23:00:00Z,68,19,FUT,,,Enterprise Center
2026021341,20262027,2,2027-04-10,2027-04-11T00:00:00Z,6,14,FUT,,,Benchmark International Arena
2026021342,20262027,2,2027-04-10,2027-04-11T02:00:00Z,23,20,FUT,,,Scotiabank Saddledome
2026021343,20262027,2,2027-04-10,2027-04-11T02:00:00Z,52,22,FUT,,,Rogers Place
2026021344,20262027,2,2027-04-10,2027-04-11T02:30:00Z,26,54,FUT,,,T-Mobile Arena
