game_id,selection,ask,bid,last,observed_utc,contract,point,tier,source_url
2024030111,away,0.4,0.39,0.37,2025-04-20T23:00:00Z,KXNHLGAME-25APR20OTTTOR-OTT,close,historical,https://api.elections.kalshi.com/trade-api/v2/historical/markets/KXNHLGAME-25APR20OTTTOR-OTT/candlesticks?start_ts=1744995600&end_ts=1745204400&period_interval=60
2024030111,home,0.62,0.61,0.61,2025-04-20T23:00:00Z,KXNHLGAME-25APR20OTTTOR-TOR,close,historical,https://api.elections.kalshi.com/trade-api/v2/historical/markets/KXNHLGAME-25APR20OTTTOR-TOR/candlesticks?start_ts=1744995600&end_ts=1745204400&period_interval=60
2024030112,away,0.4,0.39,0.4,2025-04-22T23:00:00Z,KXNHLGAME-25APR22OTTTOR-OTT,close,historical,https://api.elections.kalshi.com/trade-api/v2/historical/markets/KXNHLGAME-25APR22OTTTOR-OTT/candlesticks?start_ts=1745200800&end_ts=1745379000&period_interval=60
2024030112,home,0.61,0.6,0.61,2025-04-22T23:00:00Z,KXNHLGAME-25APR22OTTTOR-TOR,close,historical,https://api.elections.kalshi.com/trade-api/v2/historical/markets/KXNHLGAME-25APR22OTTTOR-TOR/candlesticks?start_ts=1745200800&end_ts=1745379000&period_interval=60
2024030113,home,0.55,0.54,0.55,2025-04-24T23:00:00Z,KXNHLGAME-25APR24TOROTT-OTT,close,historical,https://api.elections.kalshi.com/trade-api/v2/historical/markets/KXNHLGAME-25APR24TOROTT-OTT/candlesticks?start_ts=1745376600&end_ts=1745550000&period_interval=60
2024030113,away,0.45,0.44,0.45,2025-04-24T23:00:00Z,KXNHLGAME-25APR24TOROTT-TOR,close,historical,https://api.elections.kalshi.com/trade-api/v2/historical/markets/KXNHLGAME-25APR24TOROTT-TOR/candlesticks?start_ts=1745376600&end_ts=1745550000&period_interval=60
2024030114,home,0.51,0.5,0.52,2025-04-26T23:00:00Z,KXNHLGAME-25APR26TOROTT-OTT,close,historical,https://api.elections.kalshi.com/trade-api/v2/historical/markets/KXNHLGAME-25APR26TOROTT-OTT/candlesticks?start_ts=1745546700&end_ts=1745723174&period_interval=60
2024030114,away,0.5,0.48,0.48,2025-04-26T23:00:00Z,KXNHLGAME-25APR26TOROTT-TOR,close,historical,https://api.elections.kalshi.com/trade-api/v2/historical/markets/KXNHLGAME-25APR26TOROTT-TOR/candlesticks?start_ts=1745546700&end_ts=1745723174&period_interval=60
2024030115,away,0.4,0.38,0.38,2025-04-29T23:00:00Z,KXNHLGAME-25APR29OTTTOR-OTT,close,historical,https://api.elections.kalshi.com/trade-api/v2/historical/markets/KXNHLGAME-25APR29OTTTOR-OTT/candlesticks?start_ts=1745725800&end_ts=1745982000&period_interval=60
2024030115,home,0.62,0.6,0.61,2025-04-29T23:00:00Z,KXNHLGAME-25APR29OTTTOR-TOR,close,historical,https://api.elections.kalshi.com/trade-api/v2/historical/markets/KXNHLGAME-25APR29OTTTOR-TOR/candlesticks?start_ts=1745725800&end_ts=1745982000&period_interval=60
2024030116,home,0.52,0.51,0.52,2025-05-01T23:00:00Z,KXNHLGAME-25MAY01TOROTT-OTT,close,historical,https://api.elections.kalshi.com/trade-api/v2/historical/markets/KXNHLGAME-25MAY01TOROTT-OTT/candlesticks?start_ts=1745982300&end_ts=1746154800&period_interval=60
2024030116,away,0.5,0.48,0.5,2025-05-01T23:00:00Z,KXNHLGAME-25MAY01TOROTT-TOR,close,historical,https://api.elections.kalshi.com/trade-api/v2/historical/markets/KXNHLGAME-25MAY01TOROTT-TOR/candlesticks?start_ts=1745982300&end_ts=1746154800&period_interval=60
2024030121,away,0.48,0.47,0.48,2025-04-23T00:00:00Z,KXNHLGAME-25APR22FLATBL-FLA,close,historical,https://api.elections.kalshi.com/trade-api/v2/historical/markets/KXNHLGAME-25APR22FLATBL-FLA/candlesticks?start_ts=1744995600&end_ts=1745382600&period_interval=60
2024030121,home,0.53,0.52,0.53,2025-04-23T00:00:00Z,KXNHLGAME-25APR22FLATBL-TBL,close,historical,https://api.elections.kalshi.com/trade-api/v2/historical/markets/KXNHLGAME-25APR22FLATBL-TBL/candlesticks?start_ts=1744995600&end_ts=1745382600&period_interval=60
2024030122,away,0.48,0.46,0.48,2025-04-24T22:00:00Z,KXNHLGAME-25APR24FLATBL-FLA,close,historical,https://api.elections.kalshi.com/trade-api/v2/historical/markets/KXNHLGAME-25APR24FLATBL-FLA/candlesticks?start_ts=1745379300&end_ts=1745548200&period_interval=60
2024030122,home,0.54,0.52,0.54,2025-04-24T22:00:00Z,KXNHLGAME-25APR24FLATBL-TBL,close,historical,https://api.elections.kalshi.com/trade-api/v2/historical/markets/KXNHLGAME-25APR24FLATBL-TBL/candlesticks?start_ts=1745379300&end_ts=1745548200&period_interval=60
2024030123,home,0.58,0.57,0.58,2025-04-26T17:00:00Z,KXNHLGAME-25APR26TBLFLA-FLA,close,historical,https://api.elections.kalshi.com/trade-api/v2/historical/markets/KXNHLGAME-25APR26TBLFLA-FLA/candlesticks?start_ts=1745544600&end_ts=1745701200&period_interval=60
2024030123,away,0.43,0.42,0.44,2025-04-26T17:00:00Z,KXNHLGAME-25APR26TBLFLA-TBL,close,historical,https://api.elections.kalshi.com/trade-api/v2/historical/markets/KXNHLGAME-25APR26TBLFLA-TBL/candlesticks?start_ts=1745544600&end_ts=1745701200&period_interval=60
2024030124,home,0.59,0.57,0.59,2025-04-28T23:00:00Z,KXNHLGAME-25APR28TBLFLA-FLA,close,historical,https://api.elections.kalshi.com/trade-api/v2/historical/markets/KXNHLGAME-25APR28TBLFLA-FLA/candlesticks?start_ts=1745697300&end_ts=1745895600&period_interval=60
2024030124,away,0.43,0.41,0.44,2025-04-28T23:00:00Z,KXNHLGAME-25APR28TBLFLA-TBL,close,historical,https://api.elections.kalshi.com/trade-api/v2/historical/markets/KXNHLGAME-25APR28TBLFLA-TBL/candlesticks?start_ts=1745697300&end_ts=1745895600&period_interval=60
2024030125,away,0.52,0.5,0.5,2025-04-30T23:00:00Z,KXNHLGAME-25APR30FLATBL-FLA,close,historical,https://api.elections.kalshi.com/trade-api/v2/historical/markets/KXNHLGAME-25APR30FLATBL-FLA/candlesticks?start_ts=1745891400&end_ts=1746070200&period_interval=60
2024030125,home,0.5,0.48,0.51,2025-04-30T23:00:00Z,KXNHLGAME-25APR30FLATBL-TBL,close,historical,https://api.elections.kalshi.com/trade-api/v2/historical/markets/KXNHLGAME-25APR30FLATBL-TBL/candlesticks?start_ts=1745891400&end_ts=1746070200&period_interval=60
2024030131,away,0.37,0.35,0.37,2025-04-21T23:00:00Z,KXNHLGAME-25APR21MTLWSH-MTL,close,historical,https://api.elections.kalshi.com/trade-api/v2/historical/markets/KXNHLGAME-25APR21MTLWSH-MTL/candlesticks?start_ts=1744995600&end_ts=1745290800&period_interval=60
2024030131,home,0.65,0.64,0.65,2025-04-21T23:00:00Z,KXNHLGAME-25APR21MTLWSH-WSH,close,historical,https://api.elections.kalshi.com/trade-api/v2/historical/markets/KXNHLGAME-25APR21MTLWSH-WSH/candlesticks?start_ts=1744995600&end_ts=1745290800&period_interval=60
2024030132,away,0.39,0.37,0.39,2025-04-23T23:00:00Z,KXNHLGAME-25APR23MTLWSH-MTL,close,historical,https://api.elections.kalshi.com/trade-api/v2/historical/markets/KXNHLGAME-25APR23MTLWSH-MTL/candlesticks?start_ts=1745288400&end_ts=1745463600&period_interval=60
2024030132,home,0.62,0.61,0.62,2025-04-23T23:00:00Z,KXNHLGAME-25APR23MTLWSH-WSH,close,historical,https://api.elections.kalshi.com/trade-api/v2/historical/markets/KXNHLGAME-25APR23MTLWSH-WSH/candlesticks?start_ts=1745288400&end_ts=1745463600&period_interval=60
2024030133,home,0.49,0.48,0.49,2025-04-25T23:00:00Z,KXNHLGAME-25APR25WSHMTL-MTL,close,historical,https://api.elections.kalshi.com/trade-api/v2/historical/markets/KXNHLGAME-25APR25WSHMTL-MTL/candlesticks?start_ts=1745459400&end_ts=1745636400&period_interval=60
2024030133,away,0.52,0.51,0.51,2025-04-25T23:00:00Z,KXNHLGAME-25APR25WSHMTL-WSH,close,historical,https://api.elections.kalshi.com/trade-api/v2/historical/markets/KXNHLGAME-25APR25WSHMTL-WSH/candlesticks?start_ts=1745459400&end_ts=1745636400&period_interval=60
2024030134,home,0.47,0.45,0.45,2025-04-27T22:00:00Z,KXNHLGAME-25APR27WSHMTL-MTL,close,historical,https://api.elections.kalshi.com/trade-api/v2/historical/markets/KXNHLGAME-25APR27WSHMTL-MTL/candlesticks?start_ts=1745633100&end_ts=1745807400&period_interval=60
2024030134,away,0.55,0.54,0.54,2025-04-27T22:00:00Z,KXNHLGAME-25APR27WSHMTL-WSH,close,historical,https://api.elections.kalshi.com/trade-api/v2/historical/markets/KXNHLGAME-25APR27WSHMTL-WSH/candlesticks?start_ts=1745633100&end_ts=1745807400&period_interval=60
2024030135,away,0.37,0.36,0.37,2025-04-30T23:00:00Z,KXNHLGAME-25APR30MTLWSH-MTL,close,historical,https://api.elections.kalshi.com/trade-api/v2/historical/markets/KXNHLGAME-25APR30MTLWSH-MTL/candlesticks?start_ts=1745804100&end_ts=1746068400&period_interval=60
2024030135,home,0.64,0.63,0.64,2025-04-30T23:00:00Z,KXNHLGAME-25APR30MTLWSH-WSH,close,historical,https://api.elections.kalshi.com/trade-api/v2/historical/markets/KXNHLGAME-25APR30MTLWSH-WSH/candlesticks?start_ts=1745804100&end_ts=1746068400&period_interval=60
2024030141,home,0.68,0.66,0.68,2025-04-20T19:00:00Z,KXNHLGAME-25APR20NJDCAR-CAR,close,historical,https://api.elections.kalshi.com/trade-api/v2/historical/markets/KXNHLGAME-25APR20NJDCAR-CAR/candlesticks?start_ts=1744995600&end_ts=1745190000&period_interval=60
2024030141,away,0.35,0.31,0.35,2025-04-20T19:00:00Z,KXNHLGAME-25APR20NJDCAR-NJD,close,historical,https://api.elections.kalshi.com/trade-api/v2/historical/markets/KXNHLGAME-25APR20NJDCAR-NJD/candlesticks?start_ts=1744995600&end_ts=1745190000&period_interval=60
2024030142,home,0.72,0.71,0.72,2025-04-22T22:00:00Z,KXNHLGAME-25APR22NJDCAR-CAR,close,historical,https://api.elections.kalshi.com/trade-api/v2/historical/markets/KXNHLGAME-25APR22NJDCAR-CAR/candlesticks?start_ts=1745186100&end_ts=1745373600&period_interval=60
2024030142,away,0.29,0.28,0.29,2025-04-22T22:00:00Z,KXNHLGAME-25APR22NJDCAR-NJD,close,historical,https://api.elections.kalshi.com/trade-api/v2/historical/markets/KXNHLGAME-25APR22NJDCAR-NJD/candlesticks?start_ts=1745186100&end_ts=1745373600&period_interval=60
2024030143,away,0.61,0.6,0.62,2025-04-26T00:00:00Z,KXNHLGAME-25APR25CARNJD-CAR,close,historical,https://api.elections.kalshi.com/trade-api/v2/historical/markets/KXNHLGAME-25APR25CARNJD-CAR/candlesticks?start_ts=1745369400&end_ts=1745641952&period_interval=60
2024030143,home,0.41,0.39,0.41,2025-04-26T00:00:00Z,KXNHLGAME-25APR25CARNJD-NJD,close,historical,https://api.elections.kalshi.com/trade-api/v2/historical/markets/KXNHLGAME-25APR25CARNJD-NJD/candlesticks?start_ts=1745369400&end_ts=1745641952&period_interval=60
2024030144,away,0.63,0.62,0.63,2025-04-27T19:00:00Z,KXNHLGAME-25APR27CARNJD-CAR,close,historical,https://api.elections.kalshi.com/trade-api/v2/historical/markets/KXNHLGAME-25APR27CARNJD-CAR/candlesticks?start_ts=1745639700&end_ts=1745796600&period_interval=60
2024030144,home,0.38,0.37,,2025-04-27T19:00:00Z,KXNHLGAME-25APR27CARNJD-NJD,close,historical,https://api.elections.kalshi.com/trade-api/v2/historical/markets/KXNHLGAME-25APR27CARNJD-NJD/candlesticks?start_ts=1745639700&end_ts=1745796600&period_interval=60
2024030145,home,0.71,0.7,0.69,2025-04-29T23:00:00Z,KXNHLGAME-25APR29NJDCAR-CAR,close,historical,https://api.elections.kalshi.com/trade-api/v2/historical/markets/KXNHLGAME-25APR29NJDCAR-CAR/candlesticks?start_ts=1745793600&end_ts=1745985976&period_interval=60
2024030145,away,0.3,0.29,0.3,2025-04-29T23:00:00Z,KXNHLGAME-25APR29NJDCAR-NJD,close,historical,https://api.elections.kalshi.com/trade-api/v2/historical/markets/KXNHLGAME-25APR29NJDCAR-NJD/candlesticks?start_ts=1745793600&end_ts=1745985976&period_interval=60
2024030151,away,0.36,0.35,0.35,2025-04-19T22:00:00Z,KXNHLGAME-25APR19STLWPG-STL,close,historical,https://api.elections.kalshi.com/trade-api/v2/historical/markets/KXNHLGAME-25APR19STLWPG-STL/candlesticks?start_ts=1744995600&end_ts=1745114400&period_interval=60
2024030151,home,0.89,0.63,0.68,2025-04-19T22:00:00Z,KXNHLGAME-25APR19STLWPG-WPG,close,historical,https://api.elections.kalshi.com/trade-api/v2/historical/markets/KXNHLGAME-25APR19STLWPG-WPG/candlesticks?start_ts=1744995600&end_ts=1745114400&period_interval=60
2024030152,away,0.36,0.34,0.36,2025-04-21T23:00:00Z,KXNHLGAME-25APR21STLWPG-STL,close,historical,https://api.elections.kalshi.com/trade-api/v2/historical/markets/KXNHLGAME-25APR21STLWPG-STL/candlesticks?start_ts=1745110800&end_ts=1745292600&period_interval=60
2024030152,home,0.66,0.64,0.66,2025-04-21T23:00:00Z,KXNHLGAME-25APR21STLWPG-WPG,close,historical,https://api.elections.kalshi.com/trade-api/v2/historical/markets/KXNHLGAME-25APR21STLWPG-WPG/candlesticks?start_ts=1745110800&end_ts=1745292600&period_interval=60
2024030153,home,0.47,0.45,0.47,2025-04-25T01:00:00Z,KXNHLGAME-25APR24WPGSTL-STL,close,historical,https://api.elections.kalshi.com/trade-api/v2/historical/markets/KXNHLGAME-25APR24WPGSTL-STL/candlesticks?start_ts=1745288100&end_ts=1745559000&period_interval=60
2024030153,away,0.54,0.53,0.54,2025-04-25T01:00:00Z,KXNHLGAME-25APR24WPGSTL-WPG,close,historical,https://api.elections.kalshi.com/trade-api/v2/historical/markets/KXNHLGAME-25APR24WPGSTL-WPG/candlesticks?start_ts=1745288100&end_ts=1745559000&period_interval=60
2024030154,home,0.45,0.44,0.45,2025-04-27T17:00:00Z,KXNHLGAME-25APR27WPGSTL-STL,close,historical,https://api.elections.kalshi.com/trade-api/v2/historical/markets/KXNHLGAME-25APR27WPGSTL-STL/candlesticks?start_ts=1745556000&end_ts=1745787600&period_interval=60
2024030154,away,0.56,0.55,0.56,2025-04-27T17:00:00Z,KXNHLGAME-25APR27WPGSTL-WPG,close,historical,https://api.elections.kalshi.com/trade-api/v2/historical/markets/KXNHLGAME-25APR27WPGSTL-WPG/candlesticks?start_ts=1745556000&end_ts=1745787600&period_interval=60
2024030155,away,0.39,0.37,0.39,2025-05-01T01:00:00Z,KXNHLGAME-25APR30STLWPG-STL,close,historical,https://api.elections.kalshi.com/trade-api/v2/historical/markets/KXNHLGAME-25APR30STLWPG-STL/candlesticks?start_ts=1745783700&end_ts=1746077400&period_interval=60
2024030155,home,0.62,0.61,0.62,2025-05-01T01:00:00Z,KXNHLGAME-25APR30STLWPG-WPG,close,historical,https://api.elections.kalshi.com/trade-api/v2/historical/markets/KXNHLGAME-25APR30STLWPG-WPG/candlesticks?start_ts=1745783700&end_ts=1746077400&period_interval=60
2024030156,home,0.5,0.49,0.5,2025-05-03T00:00:00Z,KXNHLGAME-25MAY02WPGSTL-STL,close,historical,https://api.elections.kalshi.com/trade-api/v2/historical/markets/KXNHLGAME-25MAY02WPGSTL-STL/candlesticks?start_ts=1746074100&end_ts=1746244959&period_interval=60
2024030156,away,0.51,0.5,0.51,2025-05-03T00:00:00Z,KXNHLGAME-25MAY02WPGSTL-WPG,close,historical,https://api.elections.kalshi.com/trade-api/v2/historical/markets/KXNHLGAME-25MAY02WPGSTL-WPG/candlesticks?start_ts=1746074100&end_ts=1746244959&period_interval=60
2024030161,away,0.62,0.59,0.62,2025-04-20T00:00:00Z,KXNHLGAME-25APR19COLDAL-COL,close,historical,https://api.elections.kalshi.com/trade-api/v2/historical/markets/KXNHLGAME-25APR19COLDAL-COL/candlesticks?start_ts=1744995600&end_ts=1745123400&period_interval=60
2024030161,home,0.43,0.39,0.43,2025-04-20T00:00:00Z,KXNHLGAME-25APR19COLDAL-DAL,close,historical,https://api.elections.kalshi.com/trade-api/v2/historical/markets/KXNHLGAME-25APR19COLDAL-DAL/candlesticks?start_ts=1744995600&end_ts=1745123400&period_interval=60
2024030162,away,0.59,0.57,0.59,2025-04-22T01:00:00Z,KXNHLGAME-25APR21COLDAL-COL,close,historical,https://api.elections.kalshi.com/trade-api/v2/historical/markets/KXNHLGAME-25APR21COLDAL-COL/candlesticks?start_ts=1745120100&end_ts=1745300188&period_interval=60
2024030162,home,0.42,0.41,0.42,2025-04-22T01:00:00Z,KXNHLGAME-25APR21COLDAL-DAL,close,historical,https://api.elections.kalshi.com/trade-api/v2/historical/markets/KXNHLGAME-25APR21COLDAL-DAL/candlesticks?start_ts=1745120100&end_ts=1745300188&period_interval=60
2024030163,home,0.64,0.63,0.64,2025-04-24T01:00:00Z,KXNHLGAME-25APR23DALCOL-COL,close,historical,https://api.elections.kalshi.com/trade-api/v2/historical/markets/KXNHLGAME-25APR23DALCOL-COL/candlesticks?start_ts=1745298900&end_ts=1745472600&period_interval=60
2024030163,away,0.37,0.36,0.37,2025-04-24T01:00:00Z,KXNHLGAME-25APR23DALCOL-DAL,close,historical,https://api.elections.kalshi.com/trade-api/v2/historical/markets/KXNHLGAME-25APR23DALCOL-DAL/candlesticks?start_ts=1745298900&end_ts=1745472600&period_interval=60
2024030164,home,0.64,0.63,0.64,2025-04-27T01:00:00Z,KXNHLGAME-25APR26DALCOL-COL,close,historical,https://api.elections.kalshi.com/trade-api/v2/historical/markets/KXNHLGAME-25APR26DALCOL-COL/candlesticks?start_ts=1745471100&end_ts=1745731800&period_interval=60
2024030164,away,0.37,0.36,0.37,2025-04-27T01:00:00Z,KXNHLGAME-25APR26DALCOL-DAL,close,historical,https://api.elections.kalshi.com/trade-api/v2/historical/markets/KXNHLGAME-25APR26DALCOL-DAL/candlesticks?start_ts=1745471100&end_ts=1745731800&period_interval=60
2024030165,away,0.56,0.55,0.56,2025-04-29T01:00:00Z,KXNHLGAME-25APR28COLDAL-COL,close,historical,https://api.elections.kalshi.com/trade-api/v2/historical/markets/KXNHLGAME-25APR28COLDAL-COL/candlesticks?start_ts=1745728500&end_ts=1745904600&period_interval=60
2024030165,home,0.45,0.43,0.45,2025-04-29T01:00:00Z,KXNHLGAME-25APR28COLDAL-DAL,close,historical,https://api.elections.kalshi.com/trade-api/v2/historical/markets/KXNHLGAME-25APR28COLDAL-DAL/candlesticks?start_ts=1745728500&end_ts=1745904600&period_interval=60
2024030166,home,0.66,0.64,0.65,2025-05-02T01:00:00Z,KXNHLGAME-25MAY01DALCOL-COL,close,historical,https://api.elections.kalshi.com/trade-api/v2/historical/markets/KXNHLGAME-25MAY01DALCOL-COL/candlesticks?start_ts=1745979000&end_ts=1746163800&period_interval=60
2024030166,away,0.36,0.35,0.37,2025-05-02T01:00:00Z,KXNHLGAME-25MAY01DALCOL-DAL,close,historical,https://api.elections.kalshi.com/trade-api/v2/historical/markets/KXNHLGAME-25MAY01DALCOL-DAL/candlesticks?start_ts=1745979000&end_ts=1746163800&period_interval=60
2024030171,away,0.32,0.29,0.33,2025-04-21T02:00:00Z,KXNHLGAME-25APR20MINVGK-MIN,close,historical,https://api.elections.kalshi.com/trade-api/v2/historical/markets/KXNHLGAME-25APR20MINVGK-MIN/candlesticks?start_ts=1744995600&end_ts=1745215200&period_interval=60
2024030171,home,0.71,0.7,0.71,2025-04-21T02:00:00Z,KXNHLGAME-25APR20MINVGK-VGK,close,historical,https://api.elections.kalshi.com/trade-api/v2/historical/markets/KXNHLGAME-25APR20MINVGK-VGK/candlesticks?start_ts=1744995600&end_ts=1745215200&period_interval=60
2024030172,away,0.34,0.33,0.34,2025-04-23T03:00:00Z,KXNHLGAME-25APR22MINVGK-MIN,close,historical,https://api.elections.kalshi.com/trade-api/v2/historical/markets/KXNHLGAME-25APR22MINVGK-MIN/candlesticks?start_ts=1745211300&end_ts=1745391600&period_interval=60
2024030172,home,0.68,0.67,0.66,2025-04-23T03:00:00Z,KXNHLGAME-25APR22MINVGK-VGK,close,historical,https://api.elections.kalshi.com/trade-api/v2/historical/markets/KXNHLGAME-25APR22MINVGK-VGK/candlesticks?start_ts=1745211300&end_ts=1745391600&period_interval=60
2024030173,home,0.41,0.39,0.42,2025-04-25T01:00:00Z,KXNHLGAME-25APR24VGKMIN-MIN,close,historical,https://api.elections.kalshi.com/trade-api/v2/historical/markets/KXNHLGAME-25APR24VGKMIN-MIN/candlesticks?start_ts=1745387400&end_ts=1745557200&period_interval=60
2024030173,away,0.61,0.59,0.61,2025-04-25T01:00:00Z,KXNHLGAME-25APR24VGKMIN-VGK,close,historical,https://api.elections.kalshi.com/trade-api/v2/historical/markets/KXNHLGAME-25APR24VGKMIN-VGK/candlesticks?start_ts=1745387400&end_ts=1745557200&period_interval=60
2024030174,home,0.41,0.4,0.41,2025-04-26T20:00:00Z,KXNHLGAME-25APR26VGKMIN-MIN,close,historical,https://api.elections.kalshi.com/trade-api/v2/historical/markets/KXNHLGAME-25APR26VGKMIN-MIN/candlesticks?start_ts=1745553900&end_ts=1745712625&period_interval=60
2024030174,away,0.6,0.59,0.6,2025-04-26T20:00:00Z,KXNHLGAME-25APR26VGKMIN-VGK,close,historical,https://api.elections.kalshi.com/trade-api/v2/historical/markets/KXNHLGAME-25APR26VGKMIN-VGK/candlesticks?start_ts=1745553900&end_ts=1745712625&period_interval=60
2024030175,away,0.34,0.32,0.32,2025-04-30T01:00:00Z,KXNHLGAME-25APR29MINVGK-MIN,close,historical,https://api.elections.kalshi.com/trade-api/v2/historical/markets/KXNHLGAME-25APR29MINVGK-MIN/candlesticks?start_ts=1745725800&end_ts=1745991000&period_interval=60
2024030175,home,0.67,0.66,0.68,2025-04-30T01:00:00Z,KXNHLGAME-25APR29MINVGK-VGK,close,historical,https://api.elections.kalshi.com/trade-api/v2/historical/markets/KXNHLGAME-25APR29MINVGK-VGK/candlesticks?start_ts=1745725800&end_ts=1745991000&period_interval=60
2024030176,home,0.41,0.4,0.41,2025-05-01T23:00:00Z,KXNHLGAME-25MAY01VGKMIN-MIN,close,historical,https://api.elections.kalshi.com/trade-api/v2/historical/markets/KXNHLGAME-25MAY01VGKMIN-MIN/candlesticks?start_ts=1745989200&end_ts=1746156600&period_interval=60
2024030176,away,0.61,0.6,0.61,2025-05-01T23:00:00Z,KXNHLGAME-25MAY01VGKMIN-VGK,close,historical,https://api.elections.kalshi.com/trade-api/v2/historical/markets/KXNHLGAME-25MAY01VGKMIN-VGK/candlesticks?start_ts=1745989200&end_ts=1746156600&period_interval=60
2024030181,away,0.45,0.44,0.45,2025-04-22T02:00:00Z,KXNHLGAME-25APR21EDMLAK-EDM,close,historical,https://api.elections.kalshi.com/trade-api/v2/historical/markets/KXNHLGAME-25APR21EDMLAK-EDM/candlesticks?start_ts=1744995600&end_ts=1745301600&period_interval=60
2024030181,home,0.58,0.57,0.58,2025-04-22T02:00:00Z,KXNHLGAME-25APR21EDMLAK-LAK,close,historical,https://api.elections.kalshi.com/trade-api/v2/historical/markets/KXNHLGAME-25APR21EDMLAK-LAK/candlesticks?start_ts=1744995600&end_ts=1745301600&period_interval=60
2024030182,away,0.48,0.47,0.48,2025-04-24T02:00:00Z,KXNHLGAME-25APR23EDMLAK-EDM,close,historical,https://api.elections.kalshi.com/trade-api/v2/historical/markets/KXNHLGAME-25APR23EDMLAK-EDM/candlesticks?start_ts=1745298900&end_ts=1745474400&period_interval=60
2024030182,home,0.54,0.53,0.54,2025-04-24T02:00:00Z,KXNHLGAME-25APR23EDMLAK-LAK,close,historical,https://api.elections.kalshi.com/trade-api/v2/historical/markets/KXNHLGAME-25APR23EDMLAK-LAK/candlesticks?start_ts=1745298900&end_ts=1745474400&period_interval=60
2024030183,home,0.57,0.56,0.57,2025-04-26T02:00:00Z,KXNHLGAME-25APR25LAKEDM-EDM,close,historical,https://api.elections.kalshi.com/trade-api/v2/historical/markets/KXNHLGAME-25APR25LAKEDM-EDM/candlesticks?start_ts=1745470500&end_ts=1745647200&period_interval=60
2024030183,away,0.45,0.43,0.45,2025-04-26T02:00:00Z,KXNHLGAME-25APR25LAKEDM-LAK,close,historical,https://api.elections.kalshi.com/trade-api/v2/historical/markets/KXNHLGAME-25APR25LAKEDM-LAK/candlesticks?start_ts=1745470500&end_ts=1745647200&period_interval=60
2024030184,home,0.58,0.56,0.58,2025-04-28T01:00:00Z,KXNHLGAME-25APR27LAKEDM-EDM,close,historical,https://api.elections.kalshi.com/trade-api/v2/historical/markets/KXNHLGAME-25APR27LAKEDM-EDM/candlesticks?start_ts=1745643600&end_ts=1745819533&period_interval=60
2024030184,away,0.44,0.42,0.42,2025-04-28T01:00:00Z,KXNHLGAME-25APR27LAKEDM-LAK,close,historical,https://api.elections.kalshi.com/trade-api/v2/historical/markets/KXNHLGAME-25APR27LAKEDM-LAK/candlesticks?start_ts=1745643600&end_ts=1745819533&period_interval=60
2024030185,away,0.48,0.46,,2025-04-30T02:00:00Z,KXNHLGAME-25APR29EDMLAK-EDM,close,historical,https://api.elections.kalshi.com/trade-api/v2/historical/markets/KXNHLGAME-25APR29EDMLAK-EDM/candlesticks?start_ts=1745817600&end_ts=1745992800&period_interval=60
2024030185,home,0.54,0.52,0.54,2025-04-30T02:00:00Z,KXNHLGAME-25APR29EDMLAK-LAK,close,historical,https://api.elections.kalshi.com/trade-api/v2/historical/markets/KXNHLGAME-25APR29EDMLAK-LAK/candlesticks?start_ts=1745817600&end_ts=1745992800&period_interval=60
2024030186,home,0.62,0.6,0.62,2025-05-02T02:00:00Z,KXNHLGAME-25MAY01LAKEDM-EDM,close,historical,https://api.elections.kalshi.com/trade-api/v2/historical/markets/KXNHLGAME-25MAY01LAKEDM-EDM/candlesticks?start_ts=1745989500&end_ts=1746165600&period_interval=60
2024030186,away,0.4,0.38,0.4,2025-05-02T02:00:00Z,KXNHLGAME-25MAY01LAKEDM-LAK,close,historical,https://api.elections.kalshi.com/trade-api/v2/historical/markets/KXNHLGAME-25MAY01LAKEDM-LAK/candlesticks?start_ts=1745989500&end_ts=1746165600&period_interval=60
2024030211,away,0.53,0.52,0.54,2025-05-06T00:00:00Z,KXNHLGAME-25MAY05FLATOR-FLA,close,historical,https://api.elections.kalshi.com/trade-api/v2/historical/markets/KXNHLGAME-25MAY05FLATOR-FLA/candlesticks?start_ts=1746246600&end_ts=1746504000&period_interval=60
2024030211,home,0.47,0.46,0.47,2025-05-06T00:00:00Z,KXNHLGAME-25MAY05FLATOR-TOR,close,historical,https://api.elections.kalshi.com/trade-api/v2/historical/markets/KXNHLGAME-25MAY05FLATOR-TOR/candlesticks?start_ts=1746246600&end_ts=1746504000&period_interval=60
2024030212,away,0.6,0.59,0.6,2025-05-07T23:00:00Z,KXNHLGAME-25MAY07FLATOR-FLA,close,historical,https://api.elections.kalshi.com/trade-api/v2/historical/markets/KXNHLGAME-25MAY07FLATOR-FLA/candlesticks?start_ts=1746500100&end_ts=1746673200&period_interval=60
2024030212,home,0.41,0.4,0.41,2025-05-07T23:00:00Z,KXNHLGAME-25MAY07FLATOR-TOR,close,historical,https://api.elections.kalshi.com/trade-api/v2/historical/markets/KXNHLGAME-25MAY07FLATOR-TOR/candlesticks?start_ts=1746500100&end_ts=1746673200&period_interval=60
2024030213,home,0.69,0.66,0.68,2025-05-09T23:00:00Z,KXNHLGAME-25MAY09TORFLA-FLA,close,historical,https://api.elections.kalshi.com/trade-api/v2/historical/markets/KXNHLGAME-25MAY09TORFLA-FLA/candlesticks?start_ts=1746669300&end_ts=1746846734&period_interval=60
2024030213,away,0.33,0.31,0.33,2025-05-09T23:00:00Z,KXNHLGAME-25MAY09TORFLA-TOR,close,historical,https://api.elections.kalshi.com/trade-api/v2/historical/markets/KXNHLGAME-25MAY09TORFLA-TOR/candlesticks?start_ts=1746669300&end_ts=1746846734&period_interval=60
2024030214,home,0.66,0.65,0.66,2025-05-11T23:00:00Z,KXNHLGAME-25MAY11TORFLA-FLA,close,historical,https://api.elections.kalshi.com/trade-api/v2/historical/markets/KXNHLGAME-25MAY11TORFLA-FLA/candlesticks?start_ts=1746845100&end_ts=1747020600&period_interval=60
2024030214,away,0.36,0.35,0.36,2025-05-11T23:00:00Z,KXNHLGAME-25MAY11TORFLA-TOR,close,historical,https://api.elections.kalshi.com/trade-api/v2/historical/markets/KXNHLGAME-25MAY11TORFLA-TOR/candlesticks?start_ts=1746845100&end_ts=1747020600&period_interval=60
2024030215,away,0.55,0.54,0.56,2025-05-14T23:00:00Z,KXNHLGAME-25MAY14FLATOR-FLA,close,historical,https://api.elections.kalshi.com/trade-api/v2/historical/markets/KXNHLGAME-25MAY14FLATOR-FLA/candlesticks?start_ts=1747016700&end_ts=1747278153&period_interval=60
2024030215,home,0.47,0.45,0.47,2025-05-14T23:00:00Z,KXNHLGAME-25MAY14FLATOR-TOR,close,historical,https://api.elections.kalshi.com/trade-api/v2/historical/markets/KXNHLGAME-25MAY14FLATOR-TOR/candlesticks?start_ts=1747016700&end_ts=1747278153&period_interval=60
2024030216,home,0.67,0.65,0.67,2025-05-17T00:00:00Z,KXNHLGAME-25MAY16TORFLA-FLA,close,historical,https://api.elections.kalshi.com/trade-api/v2/historical/markets/KXNHLGAME-25MAY16TORFLA-FLA/candlesticks?start_ts=1747285800&end_ts=1747454400&period_interval=60
2024030216,away,0.35,0.33,0.35,2025-05-17T00:00:00Z,KXNHLGAME-25MAY16TORFLA-TOR,close,historical,https://api.elections.kalshi.com/trade-api/v2/historical/markets/KXNHLGAME-25MAY16TORFLA-TOR/candlesticks?start_ts=1747285800&end_ts=1747454400&period_interval=60
2024030221,away,0.57,0.56,0.57,2025-05-06T23:00:00Z,KXNHLGAME-25MAY06CARWSH-CAR,close,historical,https://api.elections.kalshi.com/trade-api/v2/historical/markets/KXNHLGAME-25MAY06CARWSH-CAR/candlesticks?start_ts=1746246600&end_ts=1746586800&period_interval=60
2024030221,home,0.44,0.43,0.44,2025-05-06T23:00:00Z,KXNHLGAME-25MAY06CARWSH-WSH,close,historical,https://api.elections.kalshi.com/trade-api/v2/historical/markets/KXNHLGAME-25MAY06CARWSH-WSH/candlesticks?start_ts=1746246600&end_ts=1746586800&period_interval=60
2024030222,away,0.6,0.59,0.6,2025-05-08T23:00:00Z,KXNHLGAME-25MAY08CARWSH-CAR,close,historical,https://api.elections.kalshi.com/trade-api/v2/historical/markets/KXNHLGAME-25MAY08CARWSH-CAR/candlesticks?start_ts=1746584100&end_ts=1746759600&period_interval=60
2024030222,home,0.4,0.39,0.4,2025-05-08T23:00:00Z,KXNHLGAME-25MAY08CARWSH-WSH,close,historical,https://api.elections.kalshi.com/trade-api/v2/historical/markets/KXNHLGAME-25MAY08CARWSH-WSH/candlesticks?start_ts=1746584100&end_ts=1746759600&period_interval=60
2024030223,home,0.7,0.68,0.7,2025-05-10T22:00:00Z,KXNHLGAME-25MAY10WSHCAR-CAR,close,historical,https://api.elections.kalshi.com/trade-api/v2/historical/markets/KXNHLGAME-25MAY10WSHCAR-CAR/candlesticks?start_ts=1746755400&end_ts=1746928800&period_interval=60
2024030223,away,0.31,0.3,0.32,2025-05-10T22:00:00Z,KXNHLGAME-25MAY10WSHCAR-WSH,close,historical,https://api.elections.kalshi.com/trade-api/v2/historical/markets/KXNHLGAME-25MAY10WSHCAR-WSH/candlesticks?start_ts=1746755400&end_ts=1746928800&period_interval=60
2024030224,home,0.68,0.67,0.69,2025-05-12T23:00:00Z,KXNHLGAME-25MAY12WSHCAR-CAR,close,historical,https://api.elections.kalshi.com/trade-api/v2/historical/markets/KXNHLGAME-25MAY12WSHCAR-CAR/candlesticks?start_ts=1746924900&end_ts=1747105200&period_interval=60
2024030224,away,0.33,0.32,0.32,2025-05-12T23:00:00Z,KXNHLGAME-25MAY12WSHCAR-WSH,close,historical,https://api.elections.kalshi.com/trade-api/v2/historical/markets/KXNHLGAME-25MAY12WSHCAR-WSH/candlesticks?start_ts=1746924900&end_ts=1747105200&period_interval=60
2024030225,away,0.6,0.59,0.61,2025-05-15T23:00:00Z,KXNHLGAME-25MAY15CARWSH-CAR,close,historical,https://api.elections.kalshi.com/trade-api/v2/historical/markets/KXNHLGAME-25MAY15CARWSH-CAR/candlesticks?start_ts=1747101300&end_ts=1747364400&period_interval=60
2024030225,home,0.41,0.4,0.41,2025-05-15T23:00:00Z,KXNHLGAME-25MAY15CARWSH-WSH,close,historical,https://api.elections.kalshi.com/trade-api/v2/historical/markets/KXNHLGAME-25MAY15CARWSH-WSH/candlesticks?start_ts=1747101300&end_ts=1747364400&period_interval=60
2024030231,away,0.48,0.47,0.48,2025-05-08T01:00:00Z,KXNHLGAME-25MAY07DALWPG-DAL,close,historical,https://api.elections.kalshi.com/trade-api/v2/historical/markets/KXNHLGAME-25MAY07DALWPG-DAL/candlesticks?start_ts=1746417900&end_ts=1746682200&period_interval=60
2024030231,home,0.53,0.52,0.53,2025-05-08T01:00:00Z,KXNHLGAME-25MAY07DALWPG-WPG,close,historical,https://api.elections.kalshi.com/trade-api/v2/historical/markets/KXNHLGAME-25MAY07DALWPG-WPG/candlesticks?start_ts=1746417900&end_ts=1746682200&period_interval=60
2024030232,away,0.45,0.44,0.45,2025-05-10T01:00:00Z,KXNHLGAME-25MAY09DALWPG-DAL,close,historical,https://api.elections.kalshi.com/trade-api/v2/historical/markets/KXNHLGAME-25MAY09DALWPG-DAL/candlesticks?start_ts=1746678900&end_ts=1746855000&period_interval=60
2024030232,home,0.57,0.55,0.57,2025-05-10T01:00:00Z,KXNHLGAME-25MAY09DALWPG-WPG,close,historical,https://api.elections.kalshi.com/trade-api/v2/historical/markets/KXNHLGAME-25MAY09DALWPG-WPG/candlesticks?start_ts=1746678900&end_ts=1746855000&period_interval=60
2024030233,home,0.57,0.55,0.57,2025-05-11T20:00:00Z,KXNHLGAME-25MAY11WPGDAL-DAL,close,historical,https://api.elections.kalshi.com/trade-api/v2/historical/markets/KXNHLGAME-25MAY11WPGDAL-DAL/candlesticks?start_ts=1746851400&end_ts=1747009800&period_interval=60
2024030233,away,0.45,0.44,0.45,2025-05-11T20:00:00Z,KXNHLGAME-25MAY11WPGDAL-WPG,close,historical,https://api.elections.kalshi.com/trade-api/v2/historical/markets/KXNHLGAME-25MAY11WPGDAL-WPG/candlesticks?start_ts=1746851400&end_ts=1747009800&period_interval=60
2024030234,home,0.59,0.58,0.59,2025-05-14T00:00:00Z,KXNHLGAME-25MAY13WPGDAL-DAL,close,historical,https://api.elections.kalshi.com/trade-api/v2/historical/markets/KXNHLGAME-25MAY13WPGDAL-DAL/candlesticks?start_ts=1747005900&end_ts=1747195200&period_interval=60
2024030234,away,0.42,0.41,0.42,2025-05-14T00:00:00Z,KXNHLGAME-25MAY13WPGDAL-WPG,close,historical,https://api.elections.kalshi.com/trade-api/v2/historical/markets/KXNHLGAME-25MAY13WPGDAL-WPG/candlesticks?start_ts=1747005900&end_ts=1747195200&period_interval=60
2024030235,away,0.46,0.44,0.46,2025-05-16T01:00:00Z,KXNHLGAME-25MAY15DALWPG-DAL,close,historical,https://api.elections.kalshi.com/trade-api/v2/historical/markets/KXNHLGAME-25MAY15DALWPG-DAL/candlesticks?start_ts=1747191000&end_ts=1747373400&period_interval=60
2024030235,home,0.56,0.54,0.56,2025-05-16T01:00:00Z,KXNHLGAME-25MAY15DALWPG-WPG,close,historical,https://api.elections.kalshi.com/trade-api/v2/historical/markets/KXNHLGAME-25MAY15DALWPG-WPG/candlesticks?start_ts=1747191000&end_ts=1747373400&period_interval=60
2024030236,home,0.59,0.58,0.58,2025-05-18T00:00:00Z,KXNHLGAME-25MAY17WPGDAL-DAL,close,historical,https://api.elections.kalshi.com/trade-api/v2/historical/markets/KXNHLGAME-25MAY17WPGDAL-DAL/candlesticks?start_ts=1747370100&end_ts=1747540800&period_interval=60
2024030236,away,0.43,0.41,0.43,2025-05-18T00:00:00Z,KXNHLGAME-25MAY17WPGDAL-WPG,close,historical,https://api.elections.kalshi.com/trade-api/v2/historical/markets/KXNHLGAME-25MAY17WPGDAL-WPG/candlesticks?start_ts=1747370100&end_ts=1747540800&period_interval=60
2024030241,away,0.44,0.43,0.44,2025-05-07T01:00:00Z,KXNHLGAME-25MAY06EDMVGK-EDM,close,historical,https://api.elections.kalshi.com/trade-api/v2/historical/markets/KXNHLGAME-25MAY06EDMVGK-EDM/candlesticks?start_ts=1746334500&end_ts=1746595800&period_interval=60
2024030241,home,0.57,0.56,0.57,2025-05-07T01:00:00Z,KXNHLGAME-25MAY06EDMVGK-VGK,close,historical,https://api.elections.kalshi.com/trade-api/v2/historical/markets/KXNHLGAME-25MAY06EDMVGK-VGK/candlesticks?start_ts=1746334500&end_ts=1746595800&period_interval=60
2024030242,away,0.45,0.44,0.45,2025-05-09T01:00:00Z,KXNHLGAME-25MAY08EDMVGK-EDM,close,historical,https://api.elections.kalshi.com/trade-api/v2/historical/markets/KXNHLGAME-25MAY08EDMVGK-EDM/candlesticks?start_ts=1746591900&end_ts=1746768982&period_interval=60
2024030242,home,0.56,0.55,0.56,2025-05-09T01:00:00Z,KXNHLGAME-25MAY08EDMVGK-VGK,close,historical,https://api.elections.kalshi.com/trade-api/v2/historical/markets/KXNHLGAME-25MAY08EDMVGK-VGK/candlesticks?start_ts=1746591900&end_ts=1746768982&period_interval=60
2024030243,home,0.52,0.51,0.52,2025-05-11T01:00:00Z,KXNHLGAME-25MAY10VGKEDM-EDM,close,historical,https://api.elections.kalshi.com/trade-api/v2/historical/markets/KXNHLGAME-25MAY10VGKEDM-EDM/candlesticks?start_ts=1746768300&end_ts=1746939600&period_interval=60
2024030243,away,0.5,0.48,0.5,2025-05-11T01:00:00Z,KXNHLGAME-25MAY10VGKEDM-VGK,close,historical,https://api.elections.kalshi.com/trade-api/v2/historical/markets/KXNHLGAME-25MAY10VGKEDM-VGK/candlesticks?start_ts=1746768300&end_ts=1746939600&period_interval=60
2024030244,home,0.53,0.52,0.53,2025-05-13T01:00:00Z,KXNHLGAME-25MAY12VGKEDM-EDM,close,historical,https://api.elections.kalshi.com/trade-api/v2/historical/markets/KXNHLGAME-25MAY12VGKEDM-EDM/candlesticks?start_ts=1746935700&end_ts=1747114200&period_interval=60
2024030244,away,0.49,0.47,0.49,2025-05-13T01:00:00Z,KXNHLGAME-25MAY12VGKEDM-VGK,close,historical,https://api.elections.kalshi.com/trade-api/v2/historical/markets/KXNHLGAME-25MAY12VGKEDM-VGK/candlesticks?start_ts=1746935700&end_ts=1747114200&period_interval=60
2024030245,away,0.47,0.46,0.47,2025-05-15T01:00:00Z,KXNHLGAME-25MAY14EDMVGK-EDM,close,historical,https://api.elections.kalshi.com/trade-api/v2/historical/markets/KXNHLGAME-25MAY14EDMVGK-EDM/candlesticks?start_ts=1747110600&end_ts=1747287000&period_interval=60
2024030245,home,0.55,0.53,0.55,2025-05-15T01:00:00Z,KXNHLGAME-25MAY14EDMVGK-VGK,close,historical,https://api.elections.kalshi.com/trade-api/v2/historical/markets/KXNHLGAME-25MAY14EDMVGK-VGK/candlesticks?start_ts=1747110600&end_ts=1747287000&period_interval=60
2024030311,home,0.55,0.54,0.55,2025-05-21T00:00:00Z,KXNHLGAME-25MAY20FLACAR-CAR,close,historical,https://api.elections.kalshi.com/trade-api/v2/historical/markets/KXNHLGAME-25MAY20FLACAR-CAR/candlesticks?start_ts=1747622700&end_ts=1747800000&period_interval=60
2024030311,away,0.46,0.44,0.47,2025-05-21T00:00:00Z,KXNHLGAME-25MAY20FLACAR-FLA,close,historical,https://api.elections.kalshi.com/trade-api/v2/historical/markets/KXNHLGAME-25MAY20FLACAR-FLA/candlesticks?start_ts=1747622700&end_ts=1747800000&period_interval=60
2024030312,home,0.57,0.55,0.57,2025-05-23T00:00:00Z,KXNHLGAME-25MAY22FLACAR-CAR,close,historical,https://api.elections.kalshi.com/trade-api/v2/historical/markets/KXNHLGAME-25MAY22FLACAR-CAR/candlesticks?start_ts=1747796400&end_ts=1747972800&period_interval=60
2024030312,away,0.45,0.43,0.45,2025-05-23T00:00:00Z,KXNHLGAME-25MAY22FLACAR-FLA,close,historical,https://api.elections.kalshi.com/trade-api/v2/historical/markets/KXNHLGAME-25MAY22FLACAR-FLA/candlesticks?start_ts=1747796400&end_ts=1747972800&period_interval=60
2024030313,away,0.42,0.41,0.42,2025-05-25T00:00:00Z,KXNHLGAME-25MAY24CARFLA-CAR,close,historical,https://api.elections.kalshi.com/trade-api/v2/historical/markets/KXNHLGAME-25MAY24CARFLA-CAR/candlesticks?start_ts=1747968600&end_ts=1748145600&period_interval=60
2024030313,home,0.59,0.58,0.59,2025-05-25T00:00:00Z,KXNHLGAME-25MAY24CARFLA-FLA,close,historical,https://api.elections.kalshi.com/trade-api/v2/historical/markets/KXNHLGAME-25MAY24CARFLA-FLA/candlesticks?start_ts=1747968600&end_ts=1748145600&period_interval=60
2024030314,away,0.38,0.37,0.38,2025-05-27T00:00:00Z,KXNHLGAME-25MAY26CARFLA-CAR,close,historical,https://api.elections.kalshi.com/trade-api/v2/historical/markets/KXNHLGAME-25MAY26CARFLA-CAR/candlesticks?start_ts=1748142000&end_ts=1748318400&period_interval=60
2024030314,home,0.63,0.62,0.63,2025-05-27T00:00:00Z,KXNHLGAME-25MAY26CARFLA-FLA,close,historical,https://api.elections.kalshi.com/trade-api/v2/historical/markets/KXNHLGAME-25MAY26CARFLA-FLA/candlesticks?start_ts=1748142000&end_ts=1748318400&period_interval=60
2024030315,home,0.48,0.46,0.48,2025-05-29T00:00:00Z,KXNHLGAME-25MAY28FLACAR-CAR,close,historical,https://api.elections.kalshi.com/trade-api/v2/historical/markets/KXNHLGAME-25MAY28FLACAR-CAR/candlesticks?start_ts=1748314200&end_ts=1748491200&period_interval=60
2024030315,away,0.54,0.53,0.54,2025-05-29T00:00:00Z,KXNHLGAME-25MAY28FLACAR-FLA,close,historical,https://api.elections.kalshi.com/trade-api/v2/historical/markets/KXNHLGAME-25MAY28FLACAR-FLA/candlesticks?start_ts=1748314200&end_ts=1748491200&period_interval=60
2024030321,home,0.57,0.56,0.57,2025-05-22T00:00:00Z,KXNHLGAME-25MAY21EDMDAL-DAL,close,historical,https://api.elections.kalshi.com/trade-api/v2/historical/markets/KXNHLGAME-25MAY21EDMDAL-DAL/candlesticks?start_ts=1747539000&end_ts=1747886400&period_interval=60
2024030321,away,0.45,0.44,0.45,2025-05-22T00:00:00Z,KXNHLGAME-25MAY21EDMDAL-EDM,close,historical,https://api.elections.kalshi.com/trade-api/v2/historical/markets/KXNHLGAME-25MAY21EDMDAL-EDM/candlesticks?start_ts=1747539000&end_ts=1747886400&period_interval=60
2024030322,home,0.53,0.51,0.53,2025-05-24T00:00:00Z,KXNHLGAME-25MAY23EDMDAL-DAL,close,historical,https://api.elections.kalshi.com/trade-api/v2/historical/markets/KXNHLGAME-25MAY23EDMDAL-DAL/candlesticks?start_ts=1747883100&end_ts=1748059200&period_interval=60
2024030322,away,0.49,0.48,0.48,2025-05-24T00:00:00Z,KXNHLGAME-25MAY23EDMDAL-EDM,close,historical,https://api.elections.kalshi.com/trade-api/v2/historical/markets/KXNHLGAME-25MAY23EDMDAL-EDM/candlesticks?start_ts=1747883100&end_ts=1748059200&period_interval=60
2024030323,away,0.39,0.38,0.39,2025-05-25T19:00:00Z,KXNHLGAME-25MAY25DALEDM-DAL,close,historical,https://api.elections.kalshi.com/trade-api/v2/historical/markets/KXNHLGAME-25MAY25DALEDM-DAL/candlesticks?start_ts=1748055600&end_ts=1748214000&period_interval=60
2024030323,home,0.62,0.61,0.62,2025-05-25T19:00:00Z,KXNHLGAME-25MAY25DALEDM-EDM,close,historical,https://api.elections.kalshi.com/trade-api/v2/historical/markets/KXNHLGAME-25MAY25DALEDM-EDM/candlesticks?start_ts=1748055600&end_ts=1748214000&period_interval=60
2024030324,away,0.45,0.42,0.45,2025-05-28T00:00:00Z,KXNHLGAME-25MAY27DALEDM-DAL,close,historical,https://api.elections.kalshi.com/trade-api/v2/historical/markets/KXNHLGAME-25MAY27DALEDM-DAL/candlesticks?start_ts=1748211000&end_ts=1748404800&period_interval=60
2024030324,home,0.57,0.55,0.56,2025-05-28T00:00:00Z,KXNHLGAME-25MAY27DALEDM-EDM,close,historical,https://api.elections.kalshi.com/trade-api/v2/historical/markets/KXNHLGAME-25MAY27DALEDM-EDM/candlesticks?start_ts=1748211000&end_ts=1748404800&period_interval=60
2024030325,home,0.53,0.52,0.53,2025-05-30T00:00:00Z,KXNHLGAME-25MAY29EDMDAL-DAL,close,historical,https://api.elections.kalshi.com/trade-api/v2/historical/markets/KXNHLGAME-25MAY29EDMDAL-DAL/candlesticks?start_ts=1748400900&end_ts=1748577600&period_interval=60
2024030325,away,0.48,0.46,0.46,2025-05-30T00:00:00Z,KXNHLGAME-25MAY29EDMDAL-EDM,close,historical,https://api.elections.kalshi.com/trade-api/v2/historical/markets/KXNHLGAME-25MAY29EDMDAL-EDM/candlesticks?start_ts=1748400900&end_ts=1748577600&period_interval=60
2024030411,home,0.53,0.52,0.54,2025-06-05T00:00:00Z,KXNHLGAME-25JUN04FLAEDM-EDM,close,historical,https://api.elections.kalshi.com/trade-api/v2/historical/markets/KXNHLGAME-25JUN04FLAEDM-EDM/candlesticks?start_ts=1748575500&end_ts=1749096509&period_interval=60
2024030411,away,0.48,0.46,0.48,2025-06-05T00:00:00Z,KXNHLGAME-25JUN04FLAEDM-FLA,close,historical,https://api.elections.kalshi.com/trade-api/v2/historical/markets/KXNHLGAME-25JUN04FLAEDM-FLA/candlesticks?start_ts=1748575500&end_ts=1749096509&period_interval=60
2024030412,home,0.51,0.5,0.51,2025-06-07T00:00:00Z,KXNHLGAME-25JUN06FLAEDM-EDM,close,historical,https://api.elections.kalshi.com/trade-api/v2/historical/markets/KXNHLGAME-25JUN06FLAEDM-EDM/candlesticks?start_ts=1749095700&end_ts=1749272290&period_interval=60
2024030412,away,0.51,0.49,0.51,2025-06-07T00:00:00Z,KXNHLGAME-25JUN06FLAEDM-FLA,close,historical,https://api.elections.kalshi.com/trade-api/v2/historical/markets/KXNHLGAME-25JUN06FLAEDM-FLA/candlesticks?start_ts=1749095700&end_ts=1749272290&period_interval=60
2024030413,away,0.43,0.42,0.43,2025-06-10T00:00:00Z,KXNHLGAME-25JUN09EDMFLA-EDM,close,historical,https://api.elections.kalshi.com/trade-api/v2/historical/markets/KXNHLGAME-25JUN09EDMFLA-EDM/candlesticks?start_ts=1749270900&end_ts=1749528000&period_interval=60
2024030413,home,0.59,0.58,0.59,2025-06-10T00:00:00Z,KXNHLGAME-25JUN09EDMFLA-FLA,close,historical,https://api.elections.kalshi.com/trade-api/v2/historical/markets/KXNHLGAME-25JUN09EDMFLA-FLA/candlesticks?start_ts=1749270900&end_ts=1749528000&period_interval=60
2024030414,away,0.42,0.41,0.42,2025-06-13T00:00:00Z,KXNHLGAME-25JUN12EDMFLA-EDM,close,historical,https://api.elections.kalshi.com/trade-api/v2/historical/markets/KXNHLGAME-25JUN12EDMFLA-EDM/candlesticks?start_ts=1749525300&end_ts=1749787200&period_interval=60
2024030414,home,0.59,0.58,0.59,2025-06-13T00:00:00Z,KXNHLGAME-25JUN12EDMFLA-FLA,close,historical,https://api.elections.kalshi.com/trade-api/v2/historical/markets/KXNHLGAME-25JUN12EDMFLA-FLA/candlesticks?start_ts=1749525300&end_ts=1749787200&period_interval=60
2024030415,home,0.52,0.51,0.51,2025-06-15T00:00:00Z,KXNHLGAME-25JUN14FLAEDM-EDM,close,historical,https://api.elections.kalshi.com/trade-api/v2/historical/markets/KXNHLGAME-25JUN14FLAEDM-EDM/candlesticks?start_ts=1749786300&end_ts=1749960000&period_interval=60
2024030415,away,0.49,0.48,0.48,2025-06-15T00:00:00Z,KXNHLGAME-25JUN14FLAEDM-FLA,close,historical,https://api.elections.kalshi.com/trade-api/v2/historical/markets/KXNHLGAME-25JUN14FLAEDM-FLA/candlesticks?start_ts=1749786300&end_ts=1749960000&period_interval=60
2024030416,away,0.4,0.39,0.4,2025-06-18T00:00:00Z,KXNHLGAME-25JUN17EDMFLA-EDM,close,historical,https://api.elections.kalshi.com/trade-api/v2/historical/markets/KXNHLGAME-25JUN17EDMFLA-EDM/candlesticks?start_ts=1749956100&end_ts=1750219200&period_interval=60
2024030416,home,0.61,0.6,0.61,2025-06-18T00:00:00Z,KXNHLGAME-25JUN17EDMFLA-FLA,close,historical,https://api.elections.kalshi.com/trade-api/v2/historical/markets/KXNHLGAME-25JUN17EDMFLA-FLA/candlesticks?start_ts=1749956100&end_ts=1750219200&period_interval=60
2025010040,away,0.44,0.32,0.44,2025-09-26T23:00:00Z,KXNHLGAME-25SEP26CARTB-CAR,close,historical,https://api.elections.kalshi.com/trade-api/v2/historical/markets/KXNHLGAME-25SEP26CARTB-CAR/candlesticks?start_ts=1758877440&end_ts=1758978583&period_interval=60
2025010040,home,0.74,0.6,0.74,2025-09-26T23:00:00Z,KXNHLGAME-25SEP26CARTB-TB,close,historical,https://api.elections.kalshi.com/trade-api/v2/historical/markets/KXNHLGAME-25SEP26CARTB-TB/candlesticks?start_ts=1758877440&end_ts=1758978583&period_interval=60
2025010041,away,0.58,0.26,0.58,2025-09-26T23:00:00Z,KXNHLGAME-25SEP26DETPIT-DET,close,historical,https://api.elections.kalshi.com/trade-api/v2/historical/markets/KXNHLGAME-25SEP26DETPIT-DET/candlesticks?start_ts=1758877440&end_ts=1758978582&period_interval=60
2025010041,home,0.74,0.42,0.74,2025-09-26T23:00:00Z,KXNHLGAME-25SEP26DETPIT-PIT,close,historical,https://api.elections.kalshi.com/trade-api/v2/historical/markets/KXNHLGAME-25SEP26DETPIT-PIT/candlesticks?start_ts=1758877440&end_ts=1758978582&period_interval=60
2025010042,away,0.54,0.39,0.54,2025-09-26T23:00:00Z,KXNHLGAME-25SEP26NJNYI-NJ,close,historical,https://api.elections.kalshi.com/trade-api/v2/historical/markets/KXNHLGAME-25SEP26NJNYI-NJ/candlesticks?start_ts=1758877440&end_ts=1758978583&period_interval=60
2025010042,home,0.65,0.43,0.66,2025-09-26T23:00:00Z,KXNHLGAME-25SEP26NJNYI-NYI,close,historical,https://api.elections.kalshi.com/trade-api/v2/historical/markets/KXNHLGAME-25SEP26NJNYI-NYI/candlesticks?start_ts=1758877440&end_ts=1758978583&period_interval=60
2025010043,away,0.37,0.3,0.37,2025-09-27T02:00:00Z,KXNHLGAME-25SEP26SEAVAN-SEA,close,historical,https://api.elections.kalshi.com/trade-api/v2/historical/markets/KXNHLGAME-25SEP26SEAVAN-SEA/candlesticks?start_ts=1758877440&end_ts=1758978582&period_interval=60
2025010043,home,0.73,0.6,0.71,2025-09-27T02:00:00Z,KXNHLGAME-25SEP26SEAVAN-VAN,close,historical,https://api.elections.kalshi.com/trade-api/v2/historical/markets/KXNHLGAME-25SEP26SEAVAN-VAN/candlesticks?start_ts=1758877440&end_ts=1758978582&period_interval=60
2025010044,home,0.62,0.55,0.63,2025-09-27T02:00:00Z,KXNHLGAME-25SEP26VGKSJ-SJ,close,historical,https://api.elections.kalshi.com/trade-api/v2/historical/markets/KXNHLGAME-25SEP26VGKSJ-SJ/candlesticks?start_ts=1758877440&end_ts=1758978582&period_interval=60
2025010044,away,0.45,0.39,0.45,2025-09-27T02:00:00Z,KXNHLGAME-25SEP26VGKSJ-VGK,close,historical,https://api.elections.kalshi.com/trade-api/v2/historical/markets/KXNHLGAME-25SEP26VGKSJ-VGK/candlesticks?start_ts=1758877440&end_ts=1758978582&period_interval=60
2025010045,home,0.75,0.55,0.75,2025-09-27T01:00:00Z,KXNHLGAME-25SEP26WPGEDM-EDM,close,historical,https://api.elections.kalshi.com/trade-api/v2/historical/markets/KXNHLGAME-25SEP26WPGEDM-EDM/candlesticks?start_ts=1758877440&end_ts=1758978581&period_interval=60
2025010045,away,0.4,0.32,0.33,2025-09-27T01:00:00Z,KXNHLGAME-25SEP26WPGEDM-WPG,close,historical,https://api.elections.kalshi.com/trade-api/v2/historical/markets/KXNHLGAME-25SEP26WPGEDM-WPG/candlesticks?start_ts=1758877440&end_ts=1758978581&period_interval=60
2025010046,away,0.74,0.0,,2025-09-27T22:00:00Z,KXNHLGAME-25SEP27ANALA-ANA,close,historical,https://api.elections.kalshi.com/trade-api/v2/historical/markets/KXNHLGAME-25SEP27ANALA-ANA/candlesticks?start_ts=1758936000&end_ts=1759030472&period_interval=60
2025010046,home,0.64,0.55,0.64,2025-09-27T22:00:00Z,KXNHLGAME-25SEP27ANALA-LA,close,historical,https://api.elections.kalshi.com/trade-api/v2/historical/markets/KXNHLGAME-25SEP27ANALA-LA/candlesticks?start_ts=1758936000&end_ts=1759030472&period_interval=60
2025010047,away,0.44,0.32,0.44,2025-09-27T21:00:00Z,KXNHLGAME-25SEP27BOSPHI-BOS,close,historical,https://api.elections.kalshi.com/trade-api/v2/historical/markets/KXNHLGAME-25SEP27BOSPHI-BOS/candlesticks?start_ts=1758877440&end_ts=1759021200&period_interval=60
2025010047,home,0.65,0.26,,2025-09-27T21:00:00Z,KXNHLGAME-25SEP27BOSPHI-PHI,close,historical,https://api.elections.kalshi.com/trade-api/v2/historical/markets/KXNHLGAME-25SEP27BOSPHI-PHI/candlesticks?start_ts=1758877440&end_ts=1759021200&period_interval=60
2025010048,away,0.74,0.25,0.74,2025-09-27T23:00:00Z,KXNHLGAME-25SEP27CHISTL-CHI,close,historical,https://api.elections.kalshi.com/trade-api/v2/historical/markets/KXNHLGAME-25SEP27CHISTL-CHI/candlesticks?start_ts=1758936000&end_ts=1759028400&period_interval=60
2025010048,home,0.74,0.26,,2025-09-27T23:00:00Z,KXNHLGAME-25SEP27CHISTL-STL,close,historical,https://api.elections.kalshi.com/trade-api/v2/historical/markets/KXNHLGAME-25SEP27CHISTL-STL/candlesticks?start_ts=1758936000&end_ts=1759028400&period_interval=60
2025010049,away,0.73,0.24,,2025-09-28T00:00:00Z,KXNHLGAME-25SEP27CGYWPG-CGY,close,historical,https://api.elections.kalshi.com/trade-api/v2/historical/markets/KXNHLGAME-25SEP27CGYWPG-CGY/candlesticks?start_ts=1758877440&end_ts=1759032000&period_interval=60
2025010049,home,0.72,0.23,,2025-09-28T00:00:00Z,KXNHLGAME-25SEP27CGYWPG-WPG,close,historical,https://api.elections.kalshi.com/trade-api/v2/historical/markets/KXNHLGAME-25SEP27CGYWPG-WPG/candlesticks?start_ts=1758877440&end_ts=1759032000&period_interval=60
2025010050,away,0.43,0.0,0.43,2025-09-27T23:00:00Z,KXNHLGAME-25SEP27CBJPIT-CBJ,close,historical,https://api.elections.kalshi.com/trade-api/v2/historical/markets/KXNHLGAME-25SEP27CBJPIT-CBJ/candlesticks?start_ts=1758936000&end_ts=1759028400&period_interval=60
2025010050,home,0.67,0.25,,2025-09-27T23:00:00Z,KXNHLGAME-25SEP27CBJPIT-PIT,close,historical,https://api.elections.kalshi.com/trade-api/v2/historical/markets/KXNHLGAME-25SEP27CBJPIT-PIT/candlesticks?start_ts=1758936000&end_ts=1759028400&period_interval=60
2025010051,home,0.7,0.54,0.7,2025-09-27T23:00:00Z,KXNHLGAME-25SEP27DALCOL-COL,close,historical,https://api.elections.kalshi.com/trade-api/v2/historical/markets/KXNHLGAME-25SEP27DALCOL-COL/candlesticks?start_ts=1758936000&end_ts=1759028400&period_interval=60
2025010051,away,0.46,0.34,0.46,2025-09-27T23:00:00Z,KXNHLGAME-25SEP27DALCOL-DAL,close,historical,https://api.elections.kalshi.com/trade-api/v2/historical/markets/KXNHLGAME-25SEP27DALCOL-DAL/candlesticks?start_ts=1758936000&end_ts=1759028400&period_interval=60
2025010052,home,0.64,0.32,0.64,2025-09-27T19:00:00Z,KXNHLGAME-25SEP27DETBUF-BUF,close,historical,https://api.elections.kalshi.com/trade-api/v2/historical/markets/KXNHLGAME-25SEP27DETBUF-BUF/candlesticks?start_ts=1758877440&end_ts=1759014000&period_interval=60
2025010052,away,0.46,0.3,0.46,2025-09-27T19:00:00Z,KXNHLGAME-25SEP27DETBUF-DET,close,historical,https://api.elections.kalshi.com/trade-api/v2/historical/markets/KXNHLGAME-25SEP27DETBUF-DET/candlesticks?start_ts=1758877440&end_ts=1759014000&period_interval=60
2025010053,away,0.39,0.32,0.39,2025-09-27T23:00:00Z,KXNHLGAME-25SEP27MTLTOR-MTL,close,historical,https://api.elections.kalshi.com/trade-api/v2/historical/markets/KXNHLGAME-25SEP27MTLTOR-MTL/candlesticks?start_ts=1758936000&end_ts=1759062580&period_interval=60
2025010053,home,0.7,0.0,0.7,2025-09-27T23:00:00Z,KXNHLGAME-25SEP27MTLTOR-TOR,close,historical,https://api.elections.kalshi.com/trade-api/v2/historical/markets/KXNHLGAME-25SEP27MTLTOR-TOR/candlesticks?start_ts=1758936000&end_ts=1759062580&period_interval=60
2025010054,away,0.56,0.54,0.56,2025-09-27T23:00:00Z,KXNHLGAME-25SEP27NSHTB-NSH,close,historical,https://api.elections.kalshi.com/trade-api/v2/historical/markets/KXNHLGAME-25SEP27NSHTB-NSH/candlesticks?start_ts=1758936000&end_ts=1759028400&period_interval=60
2025010054,home,0.53,0.37,0.53,2025-09-27T23:00:00Z,KXNHLGAME-25SEP27NSHTB-TB,close,historical,https://api.elections.kalshi.com/trade-api/v2/historical/markets/KXNHLGAME-25SEP27NSHTB-TB/candlesticks?start_ts=1758936000&end_ts=1759028400&period_interval=60
2025010055,home,0.67,0.53,0.67,2025-09-28T23:00:00Z,KXNHLGAME-25SEP28NSHCAR-CAR,close,historical,https://api.elections.kalshi.com/trade-api/v2/historical/markets/KXNHLGAME-25SEP28NSHCAR-CAR/candlesticks?start_ts=1758936000&end_ts=1759114800&period_interval=60
2025010055,away,0.45,0.3,0.43,2025-09-28T23:00:00Z,KXNHLGAME-25SEP28NSHCAR-NSH,close,historical,https://api.elections.kalshi.com/trade-api/v2/historical/markets/KXNHLGAME-25SEP28NSHCAR-NSH/candlesticks?start_ts=1758936000&end_ts=1759114800&period_interval=60
2025010056,away,0.35,0.32,0.35,2025-09-28T19:00:00Z,KXNHLGAME-25SEP28NJOTT-NJ,close,historical,https://api.elections.kalshi.com/trade-api/v2/historical/markets/KXNHLGAME-25SEP28NJOTT-NJ/candlesticks?start_ts=1758936000&end_ts=1759100400&period_interval=60
2025010056,home,0.72,0.0,,2025-09-28T19:00:00Z,KXNHLGAME-25SEP28NJOTT-OTT,close,historical,https://api.elections.kalshi.com/trade-api/v2/historical/markets/KXNHLGAME-25SEP28NJOTT-OTT/candlesticks?start_ts=1758936000&end_ts=1759100400&period_interval=60
2025010057,away,0.55,0.43,0.55,2025-09-28T22:00:00Z,KXNHLGAME-25SEP28CHIMIN-CHI,close,historical,https://api.elections.kalshi.com/trade-api/v2/historical/markets/KXNHLGAME-25SEP28CHIMIN-CHI/candlesticks?start_ts=1758936000&end_ts=1759111200&period_interval=60
2025010057,home,0.57,0.49,0.57,2025-09-28T22:00:00Z,KXNHLGAME-25SEP28CHIMIN-MIN,close,historical,https://api.elections.kalshi.com/trade-api/v2/historical/markets/KXNHLGAME-25SEP28CHIMIN-MIN/candlesticks?start_ts=1758936000&end_ts=1759111200&period_interval=60
2025010058,home,0.71,0.6,0.71,2025-09-29T00:00:00Z,KXNHLGAME-25SEP28VANEDM-EDM,close,historical,https://api.elections.kalshi.com/trade-api/v2/historical/markets/KXNHLGAME-25SEP28VANEDM-EDM/candlesticks?start_ts=1758936000&end_ts=1759118400&period_interval=60
2025010058,away,0.38,0.25,0.38,2025-09-29T00:00:00Z,KXNHLGAME-25SEP28VANEDM-VAN,close,historical,https://api.elections.kalshi.com/trade-api/v2/historical/markets/KXNHLGAME-25SEP28VANEDM-VAN/candlesticks?start_ts=1758936000&end_ts=1759118400&period_interval=60
2025010059,home,0.75,0.01,0.75,2025-09-28T19:00:00Z,KXNHLGAME-25SEP28WSHNJ-NJ,close,historical,https://api.elections.kalshi.com/trade-api/v2/historical/markets/KXNHLGAME-25SEP28WSHNJ-NJ/candlesticks?start_ts=1758936000&end_ts=1759105786&period_interval=60
2025010059,away,0.75,0.32,0.75,2025-09-28T19:00:00Z,KXNHLGAME-25SEP28WSHNJ-WSH,close,historical,https://api.elections.kalshi.com/trade-api/v2/historical/markets/KXNHLGAME-25SEP28WSHNJ-WSH/candlesticks?start_ts=1758936000&end_ts=1759105786&period_interval=60
2025010060,away,0.44,0.4,0.44,2025-09-30T02:00:00Z,KXNHLGAME-25SEP29CGYSEA-CGY,close,historical,https://api.elections.kalshi.com/trade-api/v2/historical/markets/KXNHLGAME-25SEP29CGYSEA-CGY/candlesticks?start_ts=1759135200&end_ts=1759212000&period_interval=60
2025010060,home,0.59,0.57,0.6,2025-09-30T02:00:00Z,KXNHLGAME-25SEP29CGYSEA-SEA,close,historical,https://api.elections.kalshi.com/trade-api/v2/historical/markets/KXNHLGAME-25SEP29CGYSEA-SEA/candlesticks?start_ts=1759135200&end_ts=1759212000&period_interval=60
2025010061,away,0.51,0.5,0.52,2025-09-29T22:00:00Z,KXNHLGAME-25SEP29CARFLA-CAR,close,historical,https://api.elections.kalshi.com/trade-api/v2/historical/markets/KXNHLGAME-25SEP29CARFLA-CAR/candlesticks?start_ts=1758940860&end_ts=1759197600&period_interval=60
2025010061,home,0.54,0.5,0.54,2025-09-29T22:00:00Z,KXNHLGAME-25SEP29CARFLA-FLA,close,historical,https://api.elections.kalshi.com/trade-api/v2/historical/markets/KXNHLGAME-25SEP29CARFLA-FLA/candlesticks?start_ts=1758940860&end_ts=1759197600&period_interval=60
2025010062,home,0.7,0.67,0.7,2025-09-29T23:00:00Z,KXNHLGAME-25SEP29NYRNYI-NYI,close,historical,https://api.elections.kalshi.com/trade-api/v2/historical/markets/KXNHLGAME-25SEP29NYRNYI-NYI/candlesticks?start_ts=1759135200&end_ts=1759201200&period_interval=60
2025010062,away,0.34,0.3,0.34,2025-09-29T23:00:00Z,KXNHLGAME-25SEP29NYRNYI-NYR,close,historical,https://api.elections.kalshi.com/trade-api/v2/historical/markets/KXNHLGAME-25SEP29NYRNYI-NYR/candlesticks?start_ts=1759135200&end_ts=1759201200&period_interval=60
2025010063,home,0.67,0.64,0.67,2025-09-29T23:00:00Z,KXNHLGAME-25SEP29PHIBOS-BOS,close,historical,https://api.elections.kalshi.com/trade-api/v2/historical/markets/KXNHLGAME-25SEP29PHIBOS-BOS/candlesticks?start_ts=1759135200&end_ts=1759201200&period_interval=60
2025010063,away,0.37,0.34,0.37,2025-09-29T23:00:00Z,KXNHLGAME-25SEP29PHIBOS-PHI,close,historical,https://api.elections.kalshi.com/trade-api/v2/historical/markets/KXNHLGAME-25SEP29PHIBOS-PHI/candlesticks?start_ts=1759135200&end_ts=1759201200&period_interval=60
2025010064,home,0.64,0.63,0.67,2025-09-29T23:00:00Z,KXNHLGAME-25SEP29PITDET-DET,close,historical,https://api.elections.kalshi.com/trade-api/v2/historical/markets/KXNHLGAME-25SEP29PITDET-DET/candlesticks?start_ts=1759135200&end_ts=1759201200&period_interval=60
2025010064,away,0.39,0.34,0.38,2025-09-29T23:00:00Z,KXNHLGAME-25SEP29PITDET-PIT,close,historical,https://api.elections.kalshi.com/trade-api/v2/historical/markets/KXNHLGAME-25SEP29PITDET-PIT/candlesticks?start_ts=1759135200&end_ts=1759201200&period_interval=60
2025010065,home,0.71,0.67,0.71,2025-09-30T02:00:00Z,KXNHLGAME-25SEP29SJANA-ANA,close,historical,https://api.elections.kalshi.com/trade-api/v2/historical/markets/KXNHLGAME-25SEP29SJANA-ANA/candlesticks?start_ts=1759135200&end_ts=1759212000&period_interval=60
2025010065,away,0.33,0.29,0.33,2025-09-30T02:00:00Z,KXNHLGAME-25SEP29SJANA-SJ,close,historical,https://api.elections.kalshi.com/trade-api/v2/historical/markets/KXNHLGAME-25SEP29SJANA-SJ/candlesticks?start_ts=1759135200&end_ts=1759212000&period_interval=60
2025010066,home,0.51,0.47,0.51,2025-10-01T00:00:00Z,KXNHLGAME-25SEP30DETCHI-CHI,close,historical,https://api.elections.kalshi.com/trade-api/v2/historical/markets/KXNHLGAME-25SEP30DETCHI-CHI/candlesticks?start_ts=1759135200&end_ts=1759291200&period_interval=60
2025010066,away,0.53,0.5,0.53,2025-10-01T00:00:00Z,KXNHLGAME-25SEP30DETCHI-DET,close,historical,https://api.elections.kalshi.com/trade-api/v2/historical/markets/KXNHLGAME-25SEP30DETCHI-DET/candlesticks?start_ts=1759135200&end_ts=1759291200&period_interval=60
2025010067,away,0.45,0.44,0.45,2025-09-30T23:00:00Z,KXNHLGAME-25SEP30FLATB-FLA,close,historical,https://api.elections.kalshi.com/trade-api/v2/historical/markets/KXNHLGAME-25SEP30FLATB-FLA/candlesticks?start_ts=1759135200&end_ts=1759287600&period_interval=60
2025010067,home,0.59,0.58,0.59,2025-09-30T23:00:00Z,KXNHLGAME-25SEP30FLATB-TB,close,historical,https://api.elections.kalshi.com/trade-api/v2/historical/markets/KXNHLGAME-25SEP30FLATB-TB/candlesticks?start_ts=1759135200&end_ts=1759287600&period_interval=60
2025010068,away,0.51,0.49,0.51,2025-10-01T01:00:00Z,KXNHLGAME-25SEP30LAUTA-LA,close,historical,https://api.elections.kalshi.com/trade-api/v2/historical/markets/KXNHLGAME-25SEP30LAUTA-LA/candlesticks?start_ts=1759135200&end_ts=1759294800&period_interval=60
2025010068,home,0.53,0.49,0.53,2025-10-01T01:00:00Z,KXNHLGAME-25SEP30LAUTA-UTA,close,historical,https://api.elections.kalshi.com/trade-api/v2/historical/markets/KXNHLGAME-25SEP30LAUTA-UTA/candlesticks?start_ts=1759135200&end_ts=1759294800&period_interval=60
2025010069,away,0.48,0.46,0.48,2025-09-30T23:00:00Z,KXNHLGAME-25SEP30MTLOTT-MTL,close,historical,https://api.elections.kalshi.com/trade-api/v2/historical/markets/KXNHLGAME-25SEP30MTLOTT-MTL/candlesticks?start_ts=1759135200&end_ts=1759287600&period_interval=60
2025010069,home,0.54,0.52,0.55,2025-09-30T23:00:00Z,KXNHLGAME-25SEP30MTLOTT-OTT,close,historical,https://api.elections.kalshi.com/trade-api/v2/historical/markets/KXNHLGAME-25SEP30MTLOTT-OTT/candlesticks?start_ts=1759135200&end_ts=1759287600&period_interval=60
2025010070,home,0.54,0.5,0.54,2025-10-01T00:00:00Z,KXNHLGAME-25SEP30VGKCOL-COL,close,historical,https://api.elections.kalshi.com/trade-api/v2/historical/markets/KXNHLGAME-25SEP30VGKCOL-COL/candlesticks?start_ts=1759135200&end_ts=1759291200&period_interval=60
2025010070,away,0.47,0.46,0.47,2025-10-01T00:00:00Z,KXNHLGAME-25SEP30VGKCOL-VGK,close,historical,https://api.elections.kalshi.com/trade-api/v2/historical/markets/KXNHLGAME-25SEP30VGKCOL-VGK/candlesticks?start_ts=1759135200&end_ts=1759291200&period_interval=60
2025010071,home,0.59,0.57,0.6,2025-09-30T23:00:00Z,KXNHLGAME-25SEP30WSHCBJ-CBJ,close,historical,https://api.elections.kalshi.com/trade-api/v2/historical/markets/KXNHLGAME-25SEP30WSHCBJ-CBJ/candlesticks?start_ts=1759135200&end_ts=1759287600&period_interval=60
2025010071,away,0.43,0.41,0.44,2025-09-30T23:00:00Z,KXNHLGAME-25SEP30WSHCBJ-WSH,close,historical,https://api.elections.kalshi.com/trade-api/v2/historical/markets/KXNHLGAME-25SEP30WSHCBJ-WSH/candlesticks?start_ts=1759135200&end_ts=1759287600&period_interval=60
2025010072,home,0.61,0.6,0.61,2025-10-01T00:00:00Z,KXNHLGAME-25SEP30WPGMIN-MIN,close,historical,https://api.elections.kalshi.com/trade-api/v2/historical/markets/KXNHLGAME-25SEP30WPGMIN-MIN/candlesticks?start_ts=1759135200&end_ts=1759291200&period_interval=60
2025010072,away,0.43,0.4,0.43,2025-10-01T00:00:00Z,KXNHLGAME-25SEP30WPGMIN-WPG,close,historical,https://api.elections.kalshi.com/trade-api/v2/historical/markets/KXNHLGAME-25SEP30WPGMIN-WPG/candlesticks?start_ts=1759135200&end_ts=1759291200&period_interval=60
2025010073,away,0.5,0.47,0.5,2025-10-02T02:00:00Z,KXNHLGAME-25OCT01ANASJ-ANA,close,historical,https://api.elections.kalshi.com/trade-api/v2/historical/markets/KXNHLGAME-25OCT01ANASJ-ANA/candlesticks?start_ts=1759135200&end_ts=1759384800&period_interval=60
2025010073,home,0.53,0.5,0.53,2025-10-02T02:00:00Z,KXNHLGAME-25OCT01ANASJ-SJ,close,historical,https://api.elections.kalshi.com/trade-api/v2/historical/markets/KXNHLGAME-25OCT01ANASJ-SJ/candlesticks?start_ts=1759135200&end_ts=1759384800&period_interval=60
2025010074,away,0.52,0.51,0.52,2025-10-02T01:00:00Z,KXNHLGAME-25OCT01COLVGK-COL,close,historical,https://api.elections.kalshi.com/trade-api/v2/historical/markets/KXNHLGAME-25OCT01COLVGK-COL/candlesticks?start_ts=1759135200&end_ts=1759381200&period_interval=60
2025010074,home,0.51,0.49,0.52,2025-10-02T01:00:00Z,KXNHLGAME-25OCT01COLVGK-VGK,close,historical,https://api.elections.kalshi.com/trade-api/v2/historical/markets/KXNHLGAME-25OCT01COLVGK-VGK/candlesticks?start_ts=1759135200&end_ts=1759381200&period_interval=60
2025010075,away,0.43,0.42,0.44,2025-10-02T02:00:00Z,KXNHLGAME-25OCT01EDMSEA-EDM,close,historical,https://api.elections.kalshi.com/trade-api/v2/historical/markets/KXNHLGAME-25OCT01EDMSEA-EDM/candlesticks?start_ts=1759135200&end_ts=1759384800&period_interval=60
2025010075,home,0.59,0.58,0.59,2025-10-02T02:00:00Z,KXNHLGAME-25OCT01EDMSEA-SEA,close,historical,https://api.elections.kalshi.com/trade-api/v2/historical/markets/KXNHLGAME-25OCT01EDMSEA-SEA/candlesticks?start_ts=1759135200&end_ts=1759384800&period_interval=60
2025010076,home,0.69,0.67,0.7,2025-10-01T23:00:00Z,KXNHLGAME-25OCT01PITBUF-BUF,close,historical,https://api.elections.kalshi.com/trade-api/v2/historical/markets/KXNHLGAME-25OCT01PITBUF-BUF/candlesticks?start_ts=1759135200&end_ts=1759374000&period_interval=60
2025010076,away,0.34,0.33,0.33,2025-10-01T23:00:00Z,KXNHLGAME-25OCT01PITBUF-PIT,close,historical,https://api.elections.kalshi.com/trade-api/v2/historical/markets/KXNHLGAME-25OCT01PITBUF-PIT/candlesticks?start_ts=1759135200&end_ts=1759374000&period_interval=60
2025010077,home,0.57,0.55,0.57,2025-10-02T01:00:00Z,KXNHLGAME-25OCT01VANCGY-CGY,close,historical,https://api.elections.kalshi.com/trade-api/v2/historical/markets/KXNHLGAME-25OCT01VANCGY-CGY/candlesticks?start_ts=1759135200&end_ts=1759381200&period_interval=60
2025010077,away,0.45,0.43,0.45,2025-10-02T01:00:00Z,KXNHLGAME-25OCT01VANCGY-VAN,close,historical,https://api.elections.kalshi.com/trade-api/v2/historical/markets/KXNHLGAME-25OCT01VANCGY-VAN/candlesticks?start_ts=1759135200&end_ts=1759381200&period_interval=60
2025010078,away,0.36,0.35,0.36,2025-10-02T23:00:00Z,KXNHLGAME-25OCT02BOSWSH-BOS,close,historical,https://api.elections.kalshi.com/trade-api/v2/historical/markets/KXNHLGAME-25OCT02BOSWSH-BOS/candlesticks?start_ts=1759221600&end_ts=1759460400&period_interval=60
2025010078,home,0.65,0.64,0.65,2025-10-02T23:00:00Z,KXNHLGAME-25OCT02BOSWSH-WSH,close,historical,https://api.elections.kalshi.com/trade-api/v2/historical/markets/KXNHLGAME-25OCT02BOSWSH-WSH/candlesticks?start_ts=1759221600&end_ts=1759460400&period_interval=60
2025010079,away,0.37,0.35,0.37,2025-10-02T23:00:00Z,KXNHLGAME-25OCT02DETTOR-DET,close,historical,https://api.elections.kalshi.com/trade-api/v2/historical/markets/KXNHLGAME-25OCT02DETTOR-DET/candlesticks?start_ts=1759221600&end_ts=1759460400&period_interval=60
2025010079,home,0.66,0.63,0.66,2025-10-02T23:00:00Z,KXNHLGAME-25OCT02DETTOR-TOR,close,historical,https://api.elections.kalshi.com/trade-api/v2/historical/markets/KXNHLGAME-25OCT02DETTOR-TOR/candlesticks?start_ts=1759221600&end_ts=1759460400&period_interval=60
2025010080,away,0.52,0.51,0.52,2025-10-02T23:00:00Z,KXNHLGAME-25OCT02FLATB-FLA,close,historical,https://api.elections.kalshi.com/trade-api/v2/historical/markets/KXNHLGAME-25OCT02FLATB-FLA/candlesticks?start_ts=1759221600&end_ts=1759462475&period_interval=60
2025010080,home,0.52,0.51,0.51,2025-10-02T23:00:00Z,KXNHLGAME-25OCT02FLATB-TB,close,historical,https://api.elections.kalshi.com/trade-api/v2/historical/markets/KXNHLGAME-25OCT02FLATB-TB/candlesticks?start_ts=1759221600&end_ts=1759462475&period_interval=60
2025010081,away,0.55,0.5,0.55,2025-10-03T01:00:00Z,KXNHLGAME-25OCT02LAUTA-LA,close,historical,https://api.elections.kalshi.com/trade-api/v2/historical/markets/KXNHLGAME-25OCT02LAUTA-LA/candlesticks?start_ts=1759221600&end_ts=1759467600&period_interval=60
2025010081,home,0.48,0.45,0.48,2025-10-03T01:00:00Z,KXNHLGAME-25OCT02LAUTA-UTA,close,historical,https://api.elections.kalshi.com/trade-api/v2/historical/markets/KXNHLGAME-25OCT02LAUTA-UTA/candlesticks?start_ts=1759221600&end_ts=1759467600&period_interval=60
2025010082,away,0.56,0.52,0.56,2025-10-02T23:00:00Z,KXNHLGAME-25OCT02NJNYR-NJ,close,historical,https://api.elections.kalshi.com/trade-api/v2/historical/markets/KXNHLGAME-25OCT02NJNYR-NJ/candlesticks?start_ts=1759221600&end_ts=1759460400&period_interval=60
2025010082,home,0.47,0.44,0.47,2025-10-02T23:00:00Z,KXNHLGAME-25OCT02NJNYR-NYR,close,historical,https://api.elections.kalshi.com/trade-api/v2/historical/markets/KXNHLGAME-25OCT02NJNYR-NYR/candlesticks?start_ts=1759221600&end_ts=1759460400&period_interval=60
2025010083,away,0.56,0.53,0.57,2025-10-02T23:00:00Z,KXNHLGAME-25OCT02NYIPHI-NYI,close,historical,https://api.elections.kalshi.com/trade-api/v2/historical/markets/KXNHLGAME-25OCT02NYIPHI-NYI/candlesticks?start_ts=1759221600&end_ts=1759460400&period_interval=60
2025010083,home,0.47,0.44,0.47,2025-10-02T23:00:00Z,KXNHLGAME-25OCT02NYIPHI-PHI,close,historical,https://api.elections.kalshi.com/trade-api/v2/historical/markets/KXNHLGAME-25OCT02NYIPHI-PHI/candlesticks?start_ts=1759221600&end_ts=1759460400&period_interval=60
2025010084,away,0.36,0.34,0.36,2025-10-03T00:00:00Z,KXNHLGAME-25OCT02OTTSTL-OTT,close,historical,https://api.elections.kalshi.com/trade-api/v2/historical/markets/KXNHLGAME-25OCT02OTTSTL-OTT/candlesticks?start_ts=1759221600&end_ts=1759464000&period_interval=60
2025010084,home,0.65,0.64,0.64,2025-10-03T00:00:00Z,KXNHLGAME-25OCT02OTTSTL-STL,close,historical,https://api.elections.kalshi.com/trade-api/v2/historical/markets/KXNHLGAME-25OCT02OTTSTL-STL/candlesticks?start_ts=1759221600&end_ts=1759464000&period_interval=60
2025010085,away,0.53,0.51,0.53,2025-10-03T23:00:00Z,KXNHLGAME-25OCT03BUFPIT-BUF,close,historical,https://api.elections.kalshi.com/trade-api/v2/historical/markets/KXNHLGAME-25OCT03BUFPIT-BUF/candlesticks?start_ts=1759308000&end_ts=1759546800&period_interval=60
2025010085,home,0.5,0.48,0.5,2025-10-03T23:00:00Z,KXNHLGAME-25OCT03BUFPIT-PIT,close,historical,https://api.elections.kalshi.com/trade-api/v2/historical/markets/KXNHLGAME-25OCT03BUFPIT-PIT/candlesticks?start_ts=1759308000&end_ts=1759546800&period_interval=60
2025010086,home,0.39,0.36,0.4,2025-10-04T00:00:00Z,KXNHLGAME-25OCT03MINCHI-CHI,close,historical,https://api.elections.kalshi.com/trade-api/v2/historical/markets/KXNHLGAME-25OCT03MINCHI-CHI/candlesticks?start_ts=1759308000&end_ts=1759550400&period_interval=60
2025010086,away,0.64,0.61,0.64,2025-10-04T00:00:00Z,KXNHLGAME-25OCT03MINCHI-MIN,close,historical,https://api.elections.kalshi.com/trade-api/v2/historical/markets/KXNHLGAME-25OCT03MINCHI-MIN/candlesticks?start_ts=1759308000&end_ts=1759550400&period_interval=60
2025010087,away,0.57,0.54,0.57,2025-10-04T02:00:00Z,KXNHLGAME-25OCT03EDMVAN-EDM,close,historical,https://api.elections.kalshi.com/trade-api/v2/historical/markets/KXNHLGAME-25OCT03EDMVAN-EDM/candlesticks?start_ts=1759308000&end_ts=1759557600&period_interval=60
2025010087,home,0.46,0.4,0.47,2025-10-04T02:00:00Z,KXNHLGAME-25OCT03EDMVAN-VAN,close,historical,https://api.elections.kalshi.com/trade-api/v2/historical/markets/KXNHLGAME-25OCT03EDMVAN-VAN/candlesticks?start_ts=1759308000&end_ts=1759557600&period_interval=60
2025010088,away,0.27,0.24,0.27,2025-10-04T02:00:00Z,KXNHLGAME-25OCT03SJVGK-SJ,close,historical,https://api.elections.kalshi.com/trade-api/v2/historical/markets/KXNHLGAME-25OCT03SJVGK-SJ/candlesticks?start_ts=1759308000&end_ts=1759557600&period_interval=60
2025010088,home,0.76,0.66,0.76,2025-10-04T02:00:00Z,KXNHLGAME-25OCT03SJVGK-VGK,close,historical,https://api.elections.kalshi.com/trade-api/v2/historical/markets/KXNHLGAME-25OCT03SJVGK-VGK/candlesticks?start_ts=1759308000&end_ts=1759557600&period_interval=60
2025010089,home,0.45,0.43,0.46,2025-10-04T01:00:00Z,KXNHLGAME-25OCT03WPGCGY-CGY,close,historical,https://api.elections.kalshi.com/trade-api/v2/historical/markets/KXNHLGAME-25OCT03WPGCGY-CGY/candlesticks?start_ts=1759308000&end_ts=1759554000&period_interval=60
2025010089,away,0.57,0.56,0.58,2025-10-04T01:00:00Z,KXNHLGAME-25OCT03WPGCGY-WPG,close,historical,https://api.elections.kalshi.com/trade-api/v2/historical/markets/KXNHLGAME-25OCT03WPGCGY-WPG/candlesticks?start_ts=1759308000&end_ts=1759554000&period_interval=60
2025010090,away,0.44,0.4,0.4,2025-10-04T20:00:00Z,KXNHLGAME-25OCT04ANALA-ANA,close,historical,https://api.elections.kalshi.com/trade-api/v2/historical/markets/KXNHLGAME-25OCT04ANALA-ANA/candlesticks?start_ts=1759394400&end_ts=1759622400&period_interval=60
2025010090,home,0.66,0.57,0.64,2025-10-04T20:00:00Z,KXNHLGAME-25OCT04ANALA-LA,close,historical,https://api.elections.kalshi.com/trade-api/v2/historical/markets/KXNHLGAME-25OCT04ANALA-LA/candlesticks?start_ts=1759394400&end_ts=1759622400&period_interval=60
2025010091,away,0.61,0.6,,2025-10-04T20:00:00Z,KXNHLGAME-25OCT04CARNSH-CAR,close,historical,https://api.elections.kalshi.com/trade-api/v2/historical/markets/KXNHLGAME-25OCT04CARNSH-CAR/candlesticks?start_ts=1759394400&end_ts=1759622400&period_interval=60
2025010091,home,0.42,0.41,0.41,2025-10-04T20:00:00Z,KXNHLGAME-25OCT04CARNSH-NSH,close,historical,https://api.elections.kalshi.com/trade-api/v2/historical/markets/KXNHLGAME-25OCT04CARNSH-NSH/candlesticks?start_ts=1759394400&end_ts=1759622400&period_interval=60
2025010092,away,0.33,0.3,0.33,2025-10-04T22:00:00Z,KXNHLGAME-25OCT04COLDAL-COL,close,historical,https://api.elections.kalshi.com/trade-api/v2/historical/markets/KXNHLGAME-25OCT04COLDAL-COL/candlesticks?start_ts=1759394400&end_ts=1759629600&period_interval=60
2025010092,home,0.68,0.67,0.68,2025-10-04T22:00:00Z,KXNHLGAME-25OCT04COLDAL-DAL,close,historical,https://api.elections.kalshi.com/trade-api/v2/historical/markets/KXNHLGAME-25OCT04COLDAL-DAL/candlesticks?start_ts=1759394400&end_ts=1759629600&period_interval=60
2025010093,away,0.4,0.39,,2025-10-04T23:00:00Z,KXNHLGAME-25OCT04CBJWSH-CBJ,close,historical,https://api.elections.kalshi.com/trade-api/v2/historical/markets/KXNHLGAME-25OCT04CBJWSH-CBJ/candlesticks?start_ts=1759394400&end_ts=1759633200&period_interval=60
2025010093,home,0.62,0.6,0.62,2025-10-04T23:00:00Z,KXNHLGAME-25OCT04CBJWSH-WSH,close,historical,https://api.elections.kalshi.com/trade-api/v2/historical/markets/KXNHLGAME-25OCT04CBJWSH-WSH/candlesticks?start_ts=1759394400&end_ts=1759633200&period_interval=60
2025010094,away,0.45,0.4,0.49,2025-10-04T16:00:00Z,KXNHLGAME-25OCT04NJPHI-NJ,close,historical,https://api.elections.kalshi.com/trade-api/v2/historical/markets/KXNHLGAME-25OCT04NJPHI-NJ/candlesticks?start_ts=1759394400&end_ts=1759609800&period_interval=60
2025010094,home,0.69,0.41,0.68,2025-10-04T16:00:00Z,KXNHLGAME-25OCT04NJPHI-PHI,close,historical,https://api.elections.kalshi.com/trade-api/v2/historical/markets/KXNHLGAME-25OCT04NJPHI-PHI/candlesticks?start_ts=1759394400&end_ts=1759609800&period_interval=60
2025010095,home,0.48,0.46,0.49,2025-10-04T18:00:00Z,KXNHLGAME-25OCT04NYRBOS-BOS,close,historical,https://api.elections.kalshi.com/trade-api/v2/historical/markets/KXNHLGAME-25OCT04NYRBOS-BOS/candlesticks?start_ts=1759394400&end_ts=1759615200&period_interval=60
2025010095,away,0.53,0.51,0.53,2025-10-04T18:00:00Z,KXNHLGAME-25OCT04NYRBOS-NYR,close,historical,https://api.elections.kalshi.com/trade-api/v2/historical/markets/KXNHLGAME-25OCT04NYRBOS-NYR/candlesticks?start_ts=1759394400&end_ts=1759615200&period_interval=60
2025010096,home,0.59,0.57,0.59,2025-10-04T23:00:00Z,KXNHLGAME-25OCT04OTTMTL-MTL,close,historical,https://api.elections.kalshi.com/trade-api/v2/historical/markets/KXNHLGAME-25OCT04OTTMTL-MTL/candlesticks?start_ts=1759394400&end_ts=1759633200&period_interval=60
2025010096,away,0.43,0.41,,2025-10-04T23:00:00Z,KXNHLGAME-25OCT04OTTMTL-OTT,close,historical,https://api.elections.kalshi.com/trade-api/v2/historical/markets/KXNHLGAME-25OCT04OTTMTL-OTT/candlesticks?start_ts=1759394400&end_ts=1759633200&period_interval=60
2025010097,home,0.37,0.35,0.37,2025-10-04T23:00:00Z,KXNHLGAME-25OCT04STLCHI-CHI,close,historical,https://api.elections.kalshi.com/trade-api/v2/historical/markets/KXNHLGAME-25OCT04STLCHI-CHI/candlesticks?start_ts=1759394400&end_ts=1759633200&period_interval=60
2025010097,away,0.65,0.63,0.65,2025-10-04T23:00:00Z,KXNHLGAME-25OCT04STLCHI-STL,close,historical,https://api.elections.kalshi.com/trade-api/v2/historical/markets/KXNHLGAME-25OCT04STLCHI-STL/candlesticks?start_ts=1759394400&end_ts=1759633200&period_interval=60
2025010098,away,0.37,0.35,0.36,2025-10-05T00:00:00Z,KXNHLGAME-25OCT04SJUTA-SJ,close,historical,https://api.elections.kalshi.com/trade-api/v2/historical/markets/KXNHLGAME-25OCT04SJUTA-SJ/candlesticks?start_ts=1759394400&end_ts=1759636800&period_interval=60
2025010098,home,0.65,0.63,0.64,2025-10-05T00:00:00Z,KXNHLGAME-25OCT04SJUTA-UTA,close,historical,https://api.elections.kalshi.com/trade-api/v2/historical/markets/KXNHLGAME-25OCT04SJUTA-UTA/candlesticks?start_ts=1759394400&end_ts=1759636800&period_interval=60
2025010099,home,0.59,0.57,0.6,2025-10-04T23:00:00Z,KXNHLGAME-25OCT04TBFLA-FLA,close,historical,https://api.elections.kalshi.com/trade-api/v2/historical/markets/KXNHLGAME-25OCT04TBFLA-FLA/candlesticks?start_ts=1759394400&end_ts=1759635580&period_interval=60
2025010099,away,0.43,0.39,0.43,2025-10-04T23:00:00Z,KXNHLGAME-25OCT04TBFLA-TB,close,historical,https://api.elections.kalshi.com/trade-api/v2/historical/markets/KXNHLGAME-25OCT04TBFLA-TB/candlesticks?start_ts=1759394400&end_ts=1759635580&period_interval=60
2025010100,home,0.66,0.65,0.66,2025-10-04T23:00:00Z,KXNHLGAME-25OCT04TORDET-DET,close,historical,https://api.elections.kalshi.com/trade-api/v2/historical/markets/KXNHLGAME-25OCT04TORDET-DET/candlesticks?start_ts=1759394400&end_ts=1759633200&period_interval=60
2025010100,away,0.35,0.32,0.36,2025-10-04T23:00:00Z,KXNHLGAME-25OCT04TORDET-TOR,close,historical,https://api.elections.kalshi.com/trade-api/v2/historical/markets/KXNHLGAME-25OCT04TORDET-TOR/candlesticks?start_ts=1759394400&end_ts=1759633200&period_interval=60
2025010102,away,0.67,0.63,0.67,2025-10-01T00:00:00Z,KXNHLGAME-25SEP30DALSTL-DAL,close,historical,https://api.elections.kalshi.com/trade-api/v2/historical/markets/KXNHLGAME-25SEP30DALSTL-DAL/candlesticks?start_ts=1759135200&end_ts=1759291200&period_interval=60
2025010102,home,0.37,0.36,0.39,2025-10-01T00:00:00Z,KXNHLGAME-25SEP30DALSTL-STL,close,historical,https://api.elections.kalshi.com/trade-api/v2/historical/markets/KXNHLGAME-25SEP30DALSTL-STL/candlesticks?start_ts=1759135200&end_ts=1759291200&period_interval=60
2025020001,away,0.29,0.28,0.29,2025-10-07T21:00:00Z,KXNHLGAME-25OCT07CHIFLA-CHI,close,historical,https://api.elections.kalshi.com/trade-api/v2/historical/markets/KXNHLGAME-25OCT07CHIFLA-CHI/candlesticks?start_ts=1759653600&end_ts=1759885200&period_interval=60
2025020001,home,0.72,0.71,0.72,2025-10-07T21:00:00Z,KXNHLGAME-25OCT07CHIFLA-FLA,close,historical,https://api.elections.kalshi.com/trade-api/v2/historical/markets/KXNHLGAME-25OCT07CHIFLA-FLA/candlesticks?start_ts=1759653600&end_ts=1759885200&period_interval=60
2025020002,home,0.68,0.67,0.68,2025-10-08T00:00:00Z,KXNHLGAME-25OCT07PITNYR-NYR,close,historical,https://api.elections.kalshi.com/trade-api/v2/historical/markets/KXNHLGAME-25OCT07PITNYR-NYR/candlesticks?start_ts=1759653600&end_ts=1759896000&period_interval=60
2025020002,away,0.33,0.32,0.33,2025-10-08T00:00:00Z,KXNHLGAME-25OCT07PITNYR-PIT,close,historical,https://api.elections.kalshi.com/trade-api/v2/historical/markets/KXNHLGAME-25OCT07PITNYR-PIT/candlesticks?start_ts=1759653600&end_ts=1759896000&period_interval=60
2025020003,away,0.53,0.52,0.53,2025-10-08T02:00:00Z,KXNHLGAME-25OCT07COLLA-COL,close,historical,https://api.elections.kalshi.com/trade-api/v2/historical/markets/KXNHLGAME-25OCT07COLLA-COL/candlesticks?start_ts=1759653600&end_ts=1759905000&period_interval=60
2025020003,home,0.48,0.47,0.47,2025-10-08T02:00:00Z,KXNHLGAME-25OCT07COLLA-LA,close,historical,https://api.elections.kalshi.com/trade-api/v2/historical/markets/KXNHLGAME-25OCT07COLLA-LA/candlesticks?start_ts=1759653600&end_ts=1759905000&period_interval=60
2025020004,away,0.4,0.39,0.4,2025-10-08T23:00:00Z,KXNHLGAME-25OCT08MTLTOR-MTL,close,historical,https://api.elections.kalshi.com/trade-api/v2/historical/markets/KXNHLGAME-25OCT08MTLTOR-MTL/candlesticks?start_ts=1759740060&end_ts=1759978800&period_interval=60
2025020004,home,0.62,0.61,0.61,2025-10-08T23:00:00Z,KXNHLGAME-25OCT08MTLTOR-TOR,close,historical,https://api.elections.kalshi.com/trade-api/v2/historical/markets/KXNHLGAME-25OCT08MTLTOR-TOR/candlesticks?start_ts=1759740060&end_ts=1759978800&period_interval=60
2025020005,away,0.38,0.37,0.37,2025-10-08T23:00:00Z,KXNHLGAME-25OCT08BOSWSH-BOS,close,historical,https://api.elections.kalshi.com/trade-api/v2/historical/markets/KXNHLGAME-25OCT08BOSWSH-BOS/candlesticks?start_ts=1759740060&end_ts=1759980600&period_interval=60
2025020005,home,0.64,0.63,0.64,2025-10-08T23:00:00Z,KXNHLGAME-25OCT08BOSWSH-WSH,close,historical,https://api.elections.kalshi.com/trade-api/v2/historical/markets/KXNHLGAME-25OCT08BOSWSH-WSH/candlesticks?start_ts=1759740060&end_ts=1759980600&period_interval=60
2025020006,away,0.33,0.32,0.33,2025-10-09T02:00:00Z,KXNHLGAME-25OCT08CGYEDM-CGY,close,historical,https://api.elections.kalshi.com/trade-api/v2/historical/markets/KXNHLGAME-25OCT08CGYEDM-CGY/candlesticks?start_ts=1759740060&end_ts=1759989600&period_interval=60
2025020006,home,0.69,0.68,0.69,2025-10-09T02:00:00Z,KXNHLGAME-25OCT08CGYEDM-EDM,close,historical,https://api.elections.kalshi.com/trade-api/v2/historical/markets/KXNHLGAME-25OCT08CGYEDM-EDM/candlesticks?start_ts=1759740060&end_ts=1759989600&period_interval=60
2025020007,away,0.35,0.34,0.35,2025-10-09T02:00:00Z,KXNHLGAME-25OCT08LAVGK-LA,close,historical,https://api.elections.kalshi.com/trade-api/v2/historical/markets/KXNHLGAME-25OCT08LAVGK-LA/candlesticks?start_ts=1759740060&end_ts=1759989600&period_interval=60
2025020007,home,0.67,0.66,0.67,2025-10-09T02:00:00Z,KXNHLGAME-25OCT08LAVGK-VGK,close,historical,https://api.elections.kalshi.com/trade-api/v2/historical/markets/KXNHLGAME-25OCT08LAVGK-VGK/candlesticks?start_ts=1759740060&end_ts=1759989600&period_interval=60
2025020008,home,0.61,0.59,0.61,2025-10-09T23:00:00Z,KXNHLGAME-25OCT09CHIBOS-BOS,close,historical,https://api.elections.kalshi.com/trade-api/v2/historical/markets/KXNHLGAME-25OCT09CHIBOS-BOS/candlesticks?start_ts=1759826400&end_ts=1760065200&period_interval=60
2025020008,away,0.41,0.39,0.41,2025-10-09T23:00:00Z,KXNHLGAME-25OCT09CHIBOS-CHI,close,historical,https://api.elections.kalshi.com/trade-api/v2/historical/markets/KXNHLGAME-25OCT09CHIBOS-CHI/candlesticks?start_ts=1759826400&end_ts=1760065200&period_interval=60
2025020009,home,0.5,0.48,0.5,2025-10-09T23:00:00Z,KXNHLGAME-25OCT09NYRBUF-BUF,close,historical,https://api.elections.kalshi.com/trade-api/v2/historical/markets/KXNHLGAME-25OCT09NYRBUF-BUF/candlesticks?start_ts=1759826400&end_ts=1760065200&period_interval=60
2025020009,away,0.52,0.51,0.52,2025-10-09T23:00:00Z,KXNHLGAME-25OCT09NYRBUF-NYR,close,historical,https://api.elections.kalshi.com/trade-api/v2/historical/markets/KXNHLGAME-25OCT09NYRBUF-NYR/candlesticks?start_ts=1759826400&end_ts=1760065200&period_interval=60
2025020010,home,0.57,0.56,0.57,2025-10-09T23:00:00Z,KXNHLGAME-25OCT09MTLDET-DET,close,historical,https://api.elections.kalshi.com/trade-api/v2/historical/markets/KXNHLGAME-25OCT09MTLDET-DET/candlesticks?start_ts=1759826400&end_ts=1760065200&period_interval=60
2025020010,away,0.44,0.43,0.44,2025-10-09T23:00:00Z,KXNHLGAME-25OCT09MTLDET-MTL,close,historical,https://api.elections.kalshi.com/trade-api/v2/historical/markets/KXNHLGAME-25OCT09MTLDET-MTL/candlesticks?start_ts=1759826400&end_ts=1760065200&period_interval=60
2025020011,away,0.38,0.37,0.38,2025-10-09T23:00:00Z,KXNHLGAME-25OCT09OTTTB-OTT,close,historical,https://api.elections.kalshi.com/trade-api/v2/historical/markets/KXNHLGAME-25OCT09OTTTB-OTT/candlesticks?start_ts=1759826400&end_ts=1760065200&period_interval=60
2025020011,home,0.63,0.61,0.63,2025-10-09T23:00:00Z,KXNHLGAME-25OCT09OTTTB-TB,close,historical,https://api.elections.kalshi.com/trade-api/v2/historical/markets/KXNHLGAME-25OCT09OTTTB-TB/candlesticks?start_ts=1759826400&end_ts=1760065200&period_interval=60
2025020012,home,0.68,0.66,0.68,2025-10-09T23:00:00Z,KXNHLGAME-25OCT09PHIFLA-FLA,close,historical,https://api.elections.kalshi.com/trade-api/v2/historical/markets/KXNHLGAME-25OCT09PHIFLA-FLA/candlesticks?start_ts=1759826400&end_ts=1760065200&period_interval=60
2025020012,away,0.34,0.32,0.34,2025-10-09T23:00:00Z,KXNHLGAME-25OCT09PHIFLA-PHI,close,historical,https://api.elections.kalshi.com/trade-api/v2/historical/markets/KXNHLGAME-25OCT09PHIFLA-PHI/candlesticks?start_ts=1759826400&end_ts=1760065200&period_interval=60
2025020013,away,0.55,0.54,0.55,2025-10-09T23:00:00Z,KXNHLGAME-25OCT09NYIPIT-NYI,close,historical,https://api.elections.kalshi.com/trade-api/v2/historical/markets/KXNHLGAME-25OCT09NYIPIT-NYI/candlesticks?start_ts=1759826400&end_ts=1760065200&period_interval=60
2025020013,home,0.47,0.46,0.46,2025-10-09T23:00:00Z,KXNHLGAME-25OCT09NYIPIT-PIT,close,historical,https://api.elections.kalshi.com/trade-api/v2/historical/markets/KXNHLGAME-25OCT09NYIPIT-PIT/candlesticks?start_ts=1759826400&end_ts=1760065200&period_interval=60
2025020014,home,0.62,0.61,0.62,2025-10-09T23:00:00Z,KXNHLGAME-25OCT09NJCAR-CAR,close,historical,https://api.elections.kalshi.com/trade-api/v2/historical/markets/KXNHLGAME-25OCT09NJCAR-CAR/candlesticks?start_ts=1759826400&end_ts=1760067000&period_interval=60
2025020014,away,0.39,0.38,0.39,2025-10-09T23:00:00Z,KXNHLGAME-25OCT09NJCAR-NJ,close,historical,https://api.elections.kalshi.com/trade-api/v2/historical/markets/KXNHLGAME-25OCT09NJCAR-NJ/candlesticks?start_ts=1759826400&end_ts=1760067000&period_interval=60
2025020015,away,0.48,0.46,0.48,2025-10-10T00:00:00Z,KXNHLGAME-25OCT09MINSTL-MIN,close,historical,https://api.elections.kalshi.com/trade-api/v2/historical/markets/KXNHLGAME-25OCT09MINSTL-MIN/candlesticks?start_ts=1759826400&end_ts=1760068800&period_interval=60
2025020015,home,0.55,0.53,0.55,2025-10-10T00:00:00Z,KXNHLGAME-25OCT09MINSTL-STL,close,historical,https://api.elections.kalshi.com/trade-api/v2/historical/markets/KXNHLGAME-25OCT09MINSTL-STL/candlesticks?start_ts=1759826400&end_ts=1760068800&period_interval=60
2025020016,away,0.49,0.47,0.49,2025-10-10T00:00:00Z,KXNHLGAME-25OCT09CBJNSH-CBJ,close,historical,https://api.elections.kalshi.com/trade-api/v2/historical/markets/KXNHLGAME-25OCT09CBJNSH-CBJ/candlesticks?start_ts=1759826400&end_ts=1760068800&period_interval=60
2025020016,home,0.53,0.52,0.53,2025-10-10T00:00:00Z,KXNHLGAME-25OCT09CBJNSH-NSH,close,historical,https://api.elections.kalshi.com/trade-api/v2/historical/markets/KXNHLGAME-25OCT09CBJNSH-NSH/candlesticks?start_ts=1759826400&end_ts=1760068800&period_interval=60
2025020017,away,0.52,0.5,0.52,2025-10-10T00:00:00Z,KXNHLGAME-25OCT09DALWPG-DAL,close,historical,https://api.elections.kalshi.com/trade-api/v2/historical/markets/KXNHLGAME-25OCT09DALWPG-DAL/candlesticks?start_ts=1759826400&end_ts=1760068800&period_interval=60
2025020017,home,0.5,0.49,0.5,2025-10-10T00:00:00Z,KXNHLGAME-25OCT09DALWPG-WPG,close,historical,https://api.elections.kalshi.com/trade-api/v2/historical/markets/KXNHLGAME-25OCT09DALWPG-WPG/candlesticks?start_ts=1759826400&end_ts=1760068800&period_interval=60
2025020018,home,0.64,0.63,0.64,2025-10-10T01:00:00Z,KXNHLGAME-25OCT09UTACOL-COL,close,historical,https://api.elections.kalshi.com/trade-api/v2/historical/markets/KXNHLGAME-25OCT09UTACOL-COL/candlesticks?start_ts=1759826400&end_ts=1760072400&period_interval=60
2025020018,away,0.37,0.36,0.37,2025-10-10T01:00:00Z,KXNHLGAME-25OCT09UTACOL-UTA,close,historical,https://api.elections.kalshi.com/trade-api/v2/historical/markets/KXNHLGAME-25OCT09UTACOL-UTA/candlesticks?start_ts=1759826400&end_ts=1760072400&period_interval=60
2025020019,away,0.36,0.34,0.37,2025-10-10T02:00:00Z,KXNHLGAME-25OCT09CGYVAN-CGY,close,historical,https://api.elections.kalshi.com/trade-api/v2/historical/markets/KXNHLGAME-25OCT09CGYVAN-CGY/candlesticks?start_ts=1759826400&end_ts=1760076000&period_interval=60
2025020019,home,0.66,0.64,0.66,2025-10-10T02:00:00Z,KXNHLGAME-25OCT09CGYVAN-VAN,close,historical,https://api.elections.kalshi.com/trade-api/v2/historical/markets/KXNHLGAME-25OCT09CGYVAN-VAN/candlesticks?start_ts=1759826400&end_ts=1760076000&period_interval=60
2025020020,home,0.35,0.34,0.35,2025-10-10T02:00:00Z,KXNHLGAME-25OCT09VGKSJ-SJ,close,historical,https://api.elections.kalshi.com/trade-api/v2/historical/markets/KXNHLGAME-25OCT09VGKSJ-SJ/candlesticks?start_ts=1759826400&end_ts=1760076000&period_interval=60
2025020020,away,0.67,0.66,0.67,2025-10-10T02:00:00Z,KXNHLGAME-25OCT09VGKSJ-VGK,close,historical,https://api.elections.kalshi.com/trade-api/v2/historical/markets/KXNHLGAME-25OCT09VGKSJ-VGK/candlesticks?start_ts=1759826400&end_ts=1760076000&period_interval=60
2025020021,away,0.46,0.44,0.46,2025-10-10T02:00:00Z,KXNHLGAME-25OCT09ANASEA-ANA,close,historical,https://api.elections.kalshi.com/trade-api/v2/historical/markets/KXNHLGAME-25OCT09ANASEA-ANA/candlesticks?start_ts=1759826400&end_ts=1760076000&period_interval=60
2025020021,home,0.55,0.54,0.55,2025-10-10T02:00:00Z,KXNHLGAME-25OCT09ANASEA-SEA,close,historical,https://api.elections.kalshi.com/trade-api/v2/historical/markets/KXNHLGAME-25OCT09ANASEA-SEA/candlesticks?start_ts=1759826400&end_ts=1760076000&period_interval=60
2025020022,away,0.45,0.44,0.45,2025-10-11T17:00:00Z,KXNHLGAME-25OCT11LAWPG-LA,close,historical,https://api.elections.kalshi.com/trade-api/v2/historical/markets/KXNHLGAME-25OCT11LAWPG-LA/candlesticks?start_ts=1760018520&end_ts=1760218200&period_interval=60
2025020022,home,0.57,0.55,0.57,2025-10-11T17:00:00Z,KXNHLGAME-25OCT11LAWPG-WPG,close,historical,https://api.elections.kalshi.com/trade-api/v2/historical/markets/KXNHLGAME-25OCT11LAWPG-WPG/candlesticks?start_ts=1760018520&end_ts=1760218200&period_interval=60
2025020023,home,0.48,0.47,0.48,2025-10-11T20:00:00Z,KXNHLGAME-25OCT11STLCGY-CGY,close,historical,https://api.elections.kalshi.com/trade-api/v2/historical/markets/KXNHLGAME-25OCT11STLCGY-CGY/candlesticks?start_ts=1760018520&end_ts=1760227200&period_interval=60
2025020023,away,0.53,0.51,0.53,2025-10-11T20:00:00Z,KXNHLGAME-25OCT11STLCGY-STL,close,historical,https://api.elections.kalshi.com/trade-api/v2/historical/markets/KXNHLGAME-25OCT11STLCGY-STL/candlesticks?start_ts=1760018520&end_ts=1760227200&period_interval=60
2025020024,home,0.52,0.51,0.52,2025-10-11T23:00:00Z,KXNHLGAME-25OCT11BUFBOS-BOS,close,historical,https://api.elections.kalshi.com/trade-api/v2/historical/markets/KXNHLGAME-25OCT11BUFBOS-BOS/candlesticks?start_ts=1760018520&end_ts=1760238000&period_interval=60
2025020024,away,0.49,0.48,0.49,2025-10-11T23:00:00Z,KXNHLGAME-25OCT11BUFBOS-BUF,close,historical,https://api.elections.kalshi.com/trade-api/v2/historical/markets/KXNHLGAME-25OCT11BUFBOS-BUF/candlesticks?start_ts=1760018520&end_ts=1760238000&period_interval=60
2025020025,home,0.44,0.43,0.44,2025-10-11T23:00:00Z,KXNHLGAME-25OCT11TORDET-DET,close,historical,https://api.elections.kalshi.com/trade-api/v2/historical/markets/KXNHLGAME-25OCT11TORDET-DET/candlesticks?start_ts=1760018520&end_ts=1760238000&period_interval=60
2025020025,away,0.58,0.56,0.58,2025-10-11T23:00:00Z,KXNHLGAME-25OCT11TORDET-TOR,close,historical,https://api.elections.kalshi.com/trade-api/v2/historical/markets/KXNHLGAME-25OCT11TORDET-TOR/candlesticks?start_ts=1760018520&end_ts=1760238000&period_interval=60
2025020026,away,0.43,0.41,0.43,2025-10-11T23:00:00Z,KXNHLGAME-25OCT11NJTB-NJ,close,historical,https://api.elections.kalshi.com/trade-api/v2/historical/markets/KXNHLGAME-25OCT11NJTB-NJ/candlesticks?start_ts=1760018520&end_ts=1760238000&period_interval=60
2025020026,home,0.59,0.58,0.59,2025-10-11T23:00:00Z,KXNHLGAME-25OCT11NJTB-TB,close,historical,https://api.elections.kalshi.com/trade-api/v2/historical/markets/KXNHLGAME-25OCT11NJTB-TB/candlesticks?start_ts=1760018520&end_ts=1760238000&period_interval=60
2025020027,home,0.59,0.57,0.59,2025-10-11T23:00:00Z,KXNHLGAME-25OCT11OTTFLA-FLA,close,historical,https://api.elections.kalshi.com/trade-api/v2/historical/markets/KXNHLGAME-25OCT11OTTFLA-FLA/candlesticks?start_ts=1760018520&end_ts=1760238000&period_interval=60
2025020027,away,0.43,0.41,0.43,2025-10-11T23:00:00Z,KXNHLGAME-25OCT11OTTFLA-OTT,close,historical,https://api.elections.kalshi.com/trade-api/v2/historical/markets/KXNHLGAME-25OCT11OTTFLA-OTT/candlesticks?start_ts=1760018520&end_ts=1760238000&period_interval=60
2025020028,home,0.48,0.47,0.48,2025-10-11T23:00:00Z,KXNHLGAME-25OCT11WSHNYI-NYI,close,historical,https://api.elections.kalshi.com/trade-api/v2/historical/markets/KXNHLGAME-25OCT11WSHNYI-NYI/candlesticks?start_ts=1760018520&end_ts=1760238000&period_interval=60
2025020028,away,0.53,0.52,0.53,2025-10-11T23:00:00Z,KXNHLGAME-25OCT11WSHNYI-WSH,close,historical,https://api.elections.kalshi.com/trade-api/v2/historical/markets/KXNHLGAME-25OCT11WSHNYI-WSH/candlesticks?start_ts=1760018520&end_ts=1760238000&period_interval=60
2025020029,away,0.58,0.56,0.56,2025-10-11T23:00:00Z,KXNHLGAME-25OCT11NYRPIT-NYR,close,historical,https://api.elections.kalshi.com/trade-api/v2/historical/markets/KXNHLGAME-25OCT11NYRPIT-NYR/candlesticks?start_ts=1760018520&end_ts=1760238000&period_interval=60
2025020029,home,0.44,0.42,0.44,2025-10-11T23:00:00Z,KXNHLGAME-25OCT11NYRPIT-PIT,close,historical,https://api.elections.kalshi.com/trade-api/v2/historical/markets/KXNHLGAME-25OCT11NYRPIT-PIT/candlesticks?start_ts=1760018520&end_ts=1760238000&period_interval=60
2025020030,home,0.73,0.72,0.73,2025-10-11T23:00:00Z,KXNHLGAME-25OCT11PHICAR-CAR,close,historical,https://api.elections.kalshi.com/trade-api/v2/historical/markets/KXNHLGAME-25OCT11PHICAR-CAR/candlesticks?start_ts=1760018520&end_ts=1760238000&period_interval=60
2025020030,away,0.28,0.27,0.28,2025-10-11T23:00:00Z,KXNHLGAME-25OCT11PHICAR-PHI,close,historical,https://api.elections.kalshi.com/trade-api/v2/historical/markets/KXNHLGAME-25OCT11PHICAR-PHI/candlesticks?start_ts=1760018520&end_ts=1760238000&period_interval=60
2025020031,home,0.41,0.4,0.41,2025-10-11T23:00:00Z,KXNHLGAME-25OCT11MTLCHI-CHI,close,historical,https://api.elections.kalshi.com/trade-api/v2/historical/markets/KXNHLGAME-25OCT11MTLCHI-CHI/candlesticks?start_ts=1760018520&end_ts=1760238000&period_interval=60
2025020031,away,0.61,0.59,0.61,2025-10-11T23:00:00Z,KXNHLGAME-25OCT11MTLCHI-MTL,close,historical,https://api.elections.kalshi.com/trade-api/v2/historical/markets/KXNHLGAME-25OCT11MTLCHI-MTL/candlesticks?start_ts=1760018520&end_ts=1760238000&period_interval=60
2025020032,home,0.47,0.45,0.47,2025-10-12T00:00:00Z,KXNHLGAME-25OCT11UTANSH-NSH,close,historical,https://api.elections.kalshi.com/trade-api/v2/historical/markets/KXNHLGAME-25OCT11UTANSH-NSH/candlesticks?start_ts=1760018520&end_ts=1760241600&period_interval=60
2025020032,away,0.55,0.53,0.55,2025-10-12T00:00:00Z,KXNHLGAME-25OCT11UTANSH-UTA,close,historical,https://api.elections.kalshi.com/trade-api/v2/historical/markets/KXNHLGAME-25OCT11UTANSH-UTA/candlesticks?start_ts=1760018520&end_ts=1760241600&period_interval=60
2025020033,away,0.41,0.4,0.41,2025-10-12T00:00:00Z,KXNHLGAME-25OCT11CBJMIN-CBJ,close,historical,https://api.elections.kalshi.com/trade-api/v2/historical/markets/KXNHLGAME-25OCT11CBJMIN-CBJ/candlesticks?start_ts=1760018520&end_ts=1760241600&period_interval=60
2025020033,home,0.61,0.6,0.61,2025-10-12T00:00:00Z,KXNHLGAME-25OCT11CBJMIN-MIN,close,historical,https://api.elections.kalshi.com/trade-api/v2/historical/markets/KXNHLGAME-25OCT11CBJMIN-MIN/candlesticks?start_ts=1760018520&end_ts=1760241600&period_interval=60
2025020034,home,0.57,0.56,0.57,2025-10-12T01:00:00Z,KXNHLGAME-25OCT11DALCOL-COL,close,historical,https://api.elections.kalshi.com/trade-api/v2/historical/markets/KXNHLGAME-25OCT11DALCOL-COL/candlesticks?start_ts=1760018520&end_ts=1760245200&period_interval=60
2025020034,away,0.44,0.43,0.44,2025-10-12T01:00:00Z,KXNHLGAME-25OCT11DALCOL-DAL,close,historical,https://api.elections.kalshi.com/trade-api/v2/historical/markets/KXNHLGAME-25OCT11DALCOL-DAL/candlesticks?start_ts=1760018520&end_ts=1760245200&period_interval=60
2025020035,home,0.63,0.62,0.62,2025-10-12T02:00:00Z,KXNHLGAME-25OCT11VANEDM-EDM,close,historical,https://api.elections.kalshi.com/trade-api/v2/historical/markets/KXNHLGAME-25OCT11VANEDM-EDM/candlesticks?start_ts=1760018520&end_ts=1760248800&period_interval=60
2025020035,away,0.39,0.38,0.39,2025-10-12T02:00:00Z,KXNHLGAME-25OCT11VANEDM-VAN,close,historical,https://api.elections.kalshi.com/trade-api/v2/historical/markets/KXNHLGAME-25OCT11VANEDM-VAN/candlesticks?start_ts=1760018520&end_ts=1760248800&period_interval=60
2025020036,away,0.55,0.54,0.55,2025-10-12T02:00:00Z,KXNHLGAME-25OCT11ANASJ-ANA,close,historical,https://api.elections.kalshi.com/trade-api/v2/historical/markets/KXNHLGAME-25OCT11ANASJ-ANA/candlesticks?start_ts=1760018520&end_ts=1760248800&period_interval=60
2025020036,home,0.47,0.45,0.45,2025-10-12T02:00:00Z,KXNHLGAME-25OCT11ANASJ-SJ,close,historical,https://api.elections.kalshi.com/trade-api/v2/historical/markets/KXNHLGAME-25OCT11ANASJ-SJ/candlesticks?start_ts=1760018520&end_ts=1760248800&period_interval=60
2025020037,home,0.38,0.37,0.38,2025-10-12T02:00:00Z,KXNHLGAME-25OCT11VGKSEA-SEA,close,historical,https://api.elections.kalshi.com/trade-api/v2/historical/markets/KXNHLGAME-25OCT11VGKSEA-SEA/candlesticks?start_ts=1760018520&end_ts=1760248800&period_interval=60
2025020037,away,0.63,0.62,0.63,2025-10-12T02:00:00Z,KXNHLGAME-25OCT11VGKSEA-VGK,close,historical,https://api.elections.kalshi.com/trade-api/v2/historical/markets/KXNHLGAME-25OCT11VGKSEA-VGK/candlesticks?start_ts=1760018520&end_ts=1760248800&period_interval=60
2025020038,home,0.51,0.5,0.51,2025-10-12T23:00:00Z,KXNHLGAME-25OCT12WSHNYR-NYR,close,historical,https://api.elections.kalshi.com/trade-api/v2/historical/markets/KXNHLGAME-25OCT12WSHNYR-NYR/candlesticks?start_ts=1760085600&end_ts=1760324400&period_interval=60
2025020038,away,0.51,0.49,0.51,2025-10-12T23:00:00Z,KXNHLGAME-25OCT12WSHNYR-WSH,close,historical,https://api.elections.kalshi.com/trade-api/v2/historical/markets/KXNHLGAME-25OCT12WSHNYR-WSH/candlesticks?start_ts=1760085600&end_ts=1760324400&period_interval=60
2025020039,home,0.38,0.37,0.38,2025-10-13T16:00:00Z,KXNHLGAME-25OCT13COLBUF-BUF,close,historical,https://api.elections.kalshi.com/trade-api/v2/historical/markets/KXNHLGAME-25OCT13COLBUF-BUF/candlesticks?start_ts=1760172060&end_ts=1760387400&period_interval=60
2025020039,away,0.63,0.62,0.63,2025-10-13T16:00:00Z,KXNHLGAME-25OCT13COLBUF-COL,close,historical,https://api.elections.kalshi.com/trade-api/v2/historical/markets/KXNHLGAME-25OCT13COLBUF-COL/candlesticks?start_ts=1760172060&end_ts=1760387400&period_interval=60
2025020040,home,0.42,0.41,0.42,2025-10-13T17:00:00Z,KXNHLGAME-25OCT13TBBOS-BOS,close,historical,https://api.elections.kalshi.com/trade-api/v2/historical/markets/KXNHLGAME-25OCT13TBBOS-BOS/candlesticks?start_ts=1760172060&end_ts=1760389200&period_interval=60
2025020040,away,0.6,0.59,0.6,2025-10-13T17:00:00Z,KXNHLGAME-25OCT13TBBOS-TB,close,historical,https://api.elections.kalshi.com/trade-api/v2/historical/markets/KXNHLGAME-25OCT13TBBOS-TB/candlesticks?start_ts=1760172060&end_ts=1760389200&period_interval=60
2025020041,away,0.39,0.38,0.39,2025-10-13T17:00:00Z,KXNHLGAME-25OCT13NSHOTT-NSH,close,historical,https://api.elections.kalshi.com/trade-api/v2/historical/markets/KXNHLGAME-25OCT13NSHOTT-NSH/candlesticks?start_ts=1760172060&end_ts=1760389200&period_interval=60
2025020041,home,0.62,0.61,0.62,2025-10-13T17:00:00Z,KXNHLGAME-25OCT13NSHOTT-OTT,close,historical,https://api.elections.kalshi.com/trade-api/v2/historical/markets/KXNHLGAME-25OCT13NSHOTT-OTT/candlesticks?start_ts=1760172060&end_ts=1760389200&period_interval=60
2025020042,home,0.49,0.48,0.49,2025-10-13T17:00:00Z,KXNHLGAME-25OCT13WPGNYI-NYI,close,historical,https://api.elections.kalshi.com/trade-api/v2/historical/markets/KXNHLGAME-25OCT13WPGNYI-NYI/candlesticks?start_ts=1760172060&end_ts=1760389200&period_interval=60
2025020042,away,0.52,0.51,0.52,2025-10-13T17:00:00Z,KXNHLGAME-25OCT13WPGNYI-WPG,close,historical,https://api.elections.kalshi.com/trade-api/v2/historical/markets/KXNHLGAME-25OCT13WPGNYI-WPG/candlesticks?start_ts=1760172060&end_ts=1760389200&period_interval=60
2025020043,away,0.39,0.38,0.39,2025-10-13T18:00:00Z,KXNHLGAME-25OCT13DETTOR-DET,close,historical,https://api.elections.kalshi.com/trade-api/v2/historical/markets/KXNHLGAME-25OCT13DETTOR-DET/candlesticks?start_ts=1760172060&end_ts=1760392800&period_interval=60
2025020043,home,0.62,0.61,0.62,2025-10-13T18:00:00Z,KXNHLGAME-25OCT13DETTOR-TOR,close,historical,https://api.elections.kalshi.com/trade-api/v2/historical/markets/KXNHLGAME-25OCT13DETTOR-TOR/candlesticks?start_ts=1760172060&end_ts=1760392800&period_interval=60
2025020044,away,0.59,0.58,0.59,2025-10-13T23:00:00Z,KXNHLGAME-25OCT13FLAPHI-FLA,close,historical,https://api.elections.kalshi.com/trade-api/v2/historical/markets/KXNHLGAME-25OCT13FLAPHI-FLA/candlesticks?start_ts=1760172060&end_ts=1760410800&period_interval=60
2025020044,home,0.42,0.41,0.42,2025-10-13T23:00:00Z,KXNHLGAME-25OCT13FLAPHI-PHI,close,historical,https://api.elections.kalshi.com/trade-api/v2/historical/markets/KXNHLGAME-25OCT13FLAPHI-PHI/candlesticks?start_ts=1760172060&end_ts=1760410800&period_interval=60
2025020045,home,0.48,0.47,0.48,2025-10-13T23:00:00Z,KXNHLGAME-25OCT13NJCBJ-CBJ,close,historical,https://api.elections.kalshi.com/trade-api/v2/historical/markets/KXNHLGAME-25OCT13NJCBJ-CBJ/candlesticks?start_ts=1760172060&end_ts=1760410800&period_interval=60
2025020045,away,0.53,0.52,0.53,2025-10-13T23:00:00Z,KXNHLGAME-25OCT13NJCBJ-NJ,close,historical,https://api.elections.kalshi.com/trade-api/v2/historical/markets/KXNHLGAME-25OCT13NJCBJ-NJ/candlesticks?start_ts=1760172060&end_ts=1760410800&period_interval=60
2025020046,away,0.48,0.47,0.48,2025-10-13T23:00:00Z,KXNHLGAME-25OCT13STLVAN-STL,close,historical,https://api.elections.kalshi.com/trade-api/v2/historical/markets/KXNHLGAME-25OCT13STLVAN-STL/candlesticks?start_ts=1760172060&end_ts=1760412600&period_interval=60
2025020046,home,0.54,0.53,0.54,2025-10-13T23:00:00Z,KXNHLGAME-25OCT13STLVAN-VAN,close,historical,https://api.elections.kalshi.com/trade-api/v2/historical/markets/KXNHLGAME-25OCT13STLVAN-VAN/candlesticks?start_ts=1760172060&end_ts=1760412600&period_interval=60
2025020047,away,0.53,0.52,0.53,2025-10-14T00:00:00Z,KXNHLGAME-25OCT13LAMIN-LA,close,historical,https://api.elections.kalshi.com/trade-api/v2/historical/markets/KXNHLGAME-25OCT13LAMIN-LA/candlesticks?start_ts=1760172060&end_ts=1760414400&period_interval=60
2025020047,home,0.49,0.48,0.49,2025-10-14T00:00:00Z,KXNHLGAME-25OCT13LAMIN-MIN,close,historical,https://api.elections.kalshi.com/trade-api/v2/historical/markets/KXNHLGAME-25OCT13LAMIN-MIN/candlesticks?start_ts=1760172060&end_ts=1760414400&period_interval=60
2025020048,home,0.4,0.39,0.39,2025-10-14T00:00:00Z,KXNHLGAME-25OCT13UTACHI-CHI,close,historical,https://api.elections.kalshi.com/trade-api/v2/historical/markets/KXNHLGAME-25OCT13UTACHI-CHI/candlesticks?start_ts=1760172060&end_ts=1760416200&period_interval=60
2025020048,away,0.61,0.59,0.61,2025-10-14T00:00:00Z,KXNHLGAME-25OCT13UTACHI-UTA,close,historical,https://api.elections.kalshi.com/trade-api/v2/historical/markets/KXNHLGAME-25OCT13UTACHI-UTA/candlesticks?start_ts=1760172060&end_ts=1760416200&period_interval=60
2025020049,away,0.39,0.38,0.39,2025-10-14T23:00:00Z,KXNHLGAME-25OCT14NSHTOR-NSH,close,historical,https://api.elections.kalshi.com/trade-api/v2/historical/markets/KXNHLGAME-25OCT14NSHTOR-NSH/candlesticks?start_ts=1760258580&end_ts=1760497200&period_interval=60
2025020049,home,0.63,0.61,0.63,2025-10-14T23:00:00Z,KXNHLGAME-25OCT14NSHTOR-TOR,close,historical,https://api.elections.kalshi.com/trade-api/v2/historical/markets/KXNHLGAME-25OCT14NSHTOR-TOR/candlesticks?start_ts=1760258580&end_ts=1760497200&period_interval=60
2025020050,home,0.59,0.58,0.59,2025-10-14T23:00:00Z,KXNHLGAME-25OCT14SEAMTL-MTL,close,historical,https://api.elections.kalshi.com/trade-api/v2/historical/markets/KXNHLGAME-25OCT14SEAMTL-MTL/candlesticks?start_ts=1760258580&end_ts=1760497200&period_interval=60
2025020050,away,0.42,0.41,0.43,2025-10-14T23:00:00Z,KXNHLGAME-25OCT14SEAMTL-SEA,close,historical,https://api.elections.kalshi.com/trade-api/v2/historical/markets/KXNHLGAME-25OCT14SEAMTL-SEA/candlesticks?start_ts=1760258580&end_ts=1760497200&period_interval=60
2025020051,away,0.56,0.55,0.56,2025-10-14T23:00:00Z,KXNHLGAME-25OCT14EDMNYR-EDM,close,historical,https://api.elections.kalshi.com/trade-api/v2/historical/markets/KXNHLGAME-25OCT14EDMNYR-EDM/candlesticks?start_ts=1760258580&end_ts=1760497200&period_interval=60
2025020051,home,0.45,0.44,0.45,2025-10-14T23:00:00Z,KXNHLGAME-25OCT14EDMNYR-NYR,close,historical,https://api.elections.kalshi.com/trade-api/v2/historical/markets/KXNHLGAME-25OCT14EDMNYR-NYR/candlesticks?start_ts=1760258580&end_ts=1760497200&period_interval=60
2025020052,away,0.52,0.5,0.52,2025-10-14T23:00:00Z,KXNHLGAME-25OCT14TBWSH-TB,close,historical,https://api.elections.kalshi.com/trade-api/v2/historical/markets/KXNHLGAME-25OCT14TBWSH-TB/candlesticks?start_ts=1760258580&end_ts=1760497200&period_interval=60
2025020052,home,0.5,0.49,0.5,2025-10-14T23:00:00Z,KXNHLGAME-25OCT14TBWSH-WSH,close,historical,https://api.elections.kalshi.com/trade-api/v2/historical/markets/KXNHLGAME-25OCT14TBWSH-WSH/candlesticks?start_ts=1760258580&end_ts=1760497200&period_interval=60
2025020053,home,0.39,0.38,0.39,2025-10-15T01:00:00Z,KXNHLGAME-25OCT14VGKCGY-CGY,close,historical,https://api.elections.kalshi.com/trade-api/v2/historical/markets/KXNHLGAME-25OCT14VGKCGY-CGY/candlesticks?start_ts=1760258580&end_ts=1760504400&period_interval=60
2025020053,away,0.62,0.61,0.62,2025-10-15T01:00:00Z,KXNHLGAME-25OCT14VGKCGY-VGK,close,historical,https://api.elections.kalshi.com/trade-api/v2/historical/markets/KXNHLGAME-25OCT14VGKCGY-VGK/candlesticks?start_ts=1760258580&end_ts=1760504400&period_interval=60
2025020054,home,0.65,0.63,0.65,2025-10-15T01:00:00Z,KXNHLGAME-25OCT14MINDAL-DAL,close,historical,https://api.elections.kalshi.com/trade-api/v2/historical/markets/KXNHLGAME-25OCT14MINDAL-DAL/candlesticks?start_ts=1760258640&end_ts=1760506200&period_interval=60
2025020054,away,0.37,0.36,0.37,2025-10-15T01:00:00Z,KXNHLGAME-25OCT14MINDAL-MIN,close,historical,https://api.elections.kalshi.com/trade-api/v2/historical/markets/KXNHLGAME-25OCT14MINDAL-MIN/candlesticks?start_ts=1760258640&end_ts=1760506200&period_interval=60
2025020055,away,0.72,0.7,0.72,2025-10-15T02:00:00Z,KXNHLGAME-25OCT14CARSJ-CAR,close,historical,https://api.elections.kalshi.com/trade-api/v2/historical/markets/KXNHLGAME-25OCT14CARSJ-CAR/candlesticks?start_ts=1760258640&end_ts=1760508000&period_interval=60
2025020055,home,0.3,0.29,0.3,2025-10-15T02:00:00Z,KXNHLGAME-25OCT14CARSJ-SJ,close,historical,https://api.elections.kalshi.com/trade-api/v2/historical/markets/KXNHLGAME-25OCT14CARSJ-SJ/candlesticks?start_ts=1760258640&end_ts=1760508000&period_interval=60
2025020056,home,0.57,0.55,0.57,2025-10-15T02:00:00Z,KXNHLGAME-25OCT14PITANA-ANA,close,historical,https://api.elections.kalshi.com/trade-api/v2/historical/markets/KXNHLGAME-25OCT14PITANA-ANA/candlesticks?start_ts=1760258640&end_ts=1760509800&period_interval=60
2025020056,away,0.45,0.43,0.45,2025-10-15T02:00:00Z,KXNHLGAME-25OCT14PITANA-PIT,close,historical,https://api.elections.kalshi.com/trade-api/v2/historical/markets/KXNHLGAME-25OCT14PITANA-PIT/candlesticks?start_ts=1760258640&end_ts=1760509800&period_interval=60
2025020057,home,0.5,0.49,0.5,2025-10-15T23:00:00Z,KXNHLGAME-25OCT15OTTBUF-BUF,close,historical,https://api.elections.kalshi.com/trade-api/v2/historical/markets/KXNHLGAME-25OCT15OTTBUF-BUF/candlesticks?start_ts=1760344860&end_ts=1760584194&period_interval=60
2025020057,away,0.51,0.5,0.51,2025-10-15T23:00:00Z,KXNHLGAME-25OCT15OTTBUF-OTT,close,historical,https://api.elections.kalshi.com/trade-api/v2/historical/markets/KXNHLGAME-25OCT15OTTBUF-OTT/candlesticks?start_ts=1760344860&end_ts=1760584194&period_interval=60
2025020058,home,0.41,0.4,0.41,2025-10-15T23:00:00Z,KXNHLGAME-25OCT15FLADET-DET,close,historical,https://api.elections.kalshi.com/trade-api/v2/historical/markets/KXNHLGAME-25OCT15FLADET-DET/candlesticks?start_ts=1760344860&end_ts=1760583600&period_interval=60
2025020058,away,0.6,0.59,0.6,2025-10-15T23:00:00Z,KXNHLGAME-25OCT15FLADET-FLA,close,historical,https://api.elections.kalshi.com/trade-api/v2/historical/markets/KXNHLGAME-25OCT15FLADET-FLA/candlesticks?start_ts=1760344860&end_ts=1760583600&period_interval=60
2025020059,away,0.32,0.3,0.32,2025-10-16T01:00:00Z,KXNHLGAME-25OCT15CHISTL-CHI,close,historical,https://api.elections.kalshi.com/trade-api/v2/historical/markets/KXNHLGAME-25OCT15CHISTL-CHI/candlesticks?start_ts=1760344860&end_ts=1760592600&period_interval=60
2025020059,home,0.7,0.68,0.7,2025-10-16T01:00:00Z,KXNHLGAME-25OCT15CHISTL-STL,close,historical,https://api.elections.kalshi.com/trade-api/v2/historical/markets/KXNHLGAME-25OCT15CHISTL-STL/candlesticks?start_ts=1760344860&end_ts=1760592600&period_interval=60
2025020060,away,0.34,0.32,0.32,2025-10-16T01:00:00Z,KXNHLGAME-25OCT15CGYUTA-CGY,close,historical,https://api.elections.kalshi.com/trade-api/v2/historical/markets/KXNHLGAME-25OCT15CGYUTA-CGY/candlesticks?start_ts=1760344860&end_ts=1760592600&period_interval=60
2025020060,home,0.68,0.66,0.68,2025-10-16T01:00:00Z,KXNHLGAME-25OCT15CGYUTA-UTA,close,historical,https://api.elections.kalshi.com/trade-api/v2/historical/markets/KXNHLGAME-25OCT15CGYUTA-UTA/candlesticks?start_ts=1760344860&end_ts=1760592600&period_interval=60
2025020061,away,0.43,0.42,0.43,2025-10-16T23:00:00Z,KXNHLGAME-25OCT16NYRTOR-NYR,close,historical,https://api.elections.kalshi.com/trade-api/v2/historical/markets/KXNHLGAME-25OCT16NYRTOR-NYR/candlesticks?start_ts=1760431260&end_ts=1760670000&period_interval=60
2025020061,home,0.58,0.57,0.58,2025-10-16T23:00:00Z,KXNHLGAME-25OCT16NYRTOR-TOR,close,historical,https://api.elections.kalshi.com/trade-api/v2/historical/markets/KXNHLGAME-25OCT16NYRTOR-TOR/candlesticks?start_ts=1760431260&end_ts=1760670000&period_interval=60
2025020062,home,0.58,0.57,0.58,2025-10-16T23:00:00Z,KXNHLGAME-25OCT16NSHMTL-MTL,close,historical,https://api.elections.kalshi.com/trade-api/v2/historical/markets/KXNHLGAME-25OCT16NSHMTL-MTL/candlesticks?start_ts=1760431260&end_ts=1760670000&period_interval=60
2025020062,away,0.43,0.42,0.43,2025-10-16T23:00:00Z,KXNHLGAME-25OCT16NSHMTL-NSH,close,historical,https://api.elections.kalshi.com/trade-api/v2/historical/markets/KXNHLGAME-25OCT16NSHMTL-NSH/candlesticks?start_ts=1760431260&end_ts=1760670000&period_interval=60
2025020063,home,0.59,0.57,0.59,2025-10-16T23:00:00Z,KXNHLGAME-25OCT16SEAOTT-OTT,close,historical,https://api.elections.kalshi.com/trade-api/v2/historical/markets/KXNHLGAME-25OCT16SEAOTT-OTT/candlesticks?start_ts=1760431200&end_ts=1760670000&period_interval=60
2025020063,away,0.42,0.41,0.42,2025-10-16T23:00:00Z,KXNHLGAME-25OCT16SEAOTT-SEA,close,historical,https://api.elections.kalshi.com/trade-api/v2/historical/markets/KXNHLGAME-25OCT16SEAOTT-SEA/candlesticks?start_ts=1760431200&end_ts=1760670000&period_interval=60
2025020064,away,0.43,0.42,0.43,2025-10-16T23:00:00Z,KXNHLGAME-25OCT16FLANJ-FLA,close,historical,https://api.elections.kalshi.com/trade-api/v2/historical/markets/KXNHLGAME-25OCT16FLANJ-FLA/candlesticks?start_ts=1760431200&end_ts=1760670000&period_interval=60
2025020064,home,0.59,0.58,0.59,2025-10-16T23:00:00Z,KXNHLGAME-25OCT16FLANJ-NJ,close,historical,https://api.elections.kalshi.com/trade-api/v2/historical/markets/KXNHLGAME-25OCT16FLANJ-NJ/candlesticks?start_ts=1760431200&end_ts=1760670000&period_interval=60
2025020065,away,0.61,0.6,0.61,2025-10-16T23:00:00Z,KXNHLGAME-25OCT16EDMNYI-EDM,close,historical,https://api.elections.kalshi.com/trade-api/v2/historical/markets/KXNHLGAME-25OCT16EDMNYI-EDM/candlesticks?start_ts=1760431260&end_ts=1760671800&period_interval=60
2025020065,home,0.41,0.39,0.4,2025-10-16T23:00:00Z,KXNHLGAME-25OCT16EDMNYI-NYI,close,historical,https://api.elections.kalshi.com/trade-api/v2/historical/markets/KXNHLGAME-25OCT16EDMNYI-NYI/candlesticks?start_ts=1760431260&end_ts=1760671800&period_interval=60
2025020066,home,0.45,0.44,0.45,2025-10-16T23:00:00Z,KXNHLGAME-25OCT16WPGPHI-PHI,close,historical,https://api.elections.kalshi.com/trade-api/v2/historical/markets/KXNHLGAME-25OCT16WPGPHI-PHI/candlesticks?start_ts=1760431200&end_ts=1760670000&period_interval=60
2025020066,away,0.57,0.55,0.57,2025-10-16T23:00:00Z,KXNHLGAME-25OCT16WPGPHI-WPG,close,historical,https://api.elections.kalshi.com/trade-api/v2/historical/markets/KXNHLGAME-25OCT16WPGPHI-WPG/candlesticks?start_ts=1760431200&end_ts=1760670000&period_interval=60
2025020067,home,0.39,0.38,0.39,2025-10-16T23:00:00Z,KXNHLGAME-25OCT16COLCBJ-CBJ,close,historical,https://api.elections.kalshi.com/trade-api/v2/historical/markets/KXNHLGAME-25OCT16COLCBJ-CBJ/candlesticks?start_ts=1760431200&end_ts=1760670000&period_interval=60
2025020067,away,0.62,0.61,0.62,2025-10-16T23:00:00Z,KXNHLGAME-25OCT16COLCBJ-COL,close,historical,https://api.elections.kalshi.com/trade-api/v2/historical/markets/KXNHLGAME-25OCT16COLCBJ-COL/candlesticks?start_ts=1760431200&end_ts=1760670000&period_interval=60
2025020068,home,0.62,0.61,0.62,2025-10-17T00:00:00Z,KXNHLGAME-25OCT16VANDAL-DAL,close,historical,https://api.elections.kalshi.com/trade-api/v2/historical/markets/KXNHLGAME-25OCT16VANDAL-DAL/candlesticks?start_ts=1760431260&end_ts=1760673600&period_interval=60
2025020068,away,0.4,0.39,0.4,2025-10-17T00:00:00Z,KXNHLGAME-25OCT16VANDAL-VAN,close,historical,https://api.elections.kalshi.com/trade-api/v2/historical/markets/KXNHLGAME-25OCT16VANDAL-VAN/candlesticks?start_ts=1760431260&end_ts=1760673600&period_interval=60
2025020069,away,0.33,0.32,0.33,2025-10-17T02:00:00Z,KXNHLGAME-25OCT16BOSVGK-BOS,close,historical,https://api.elections.kalshi.com/trade-api/v2/historical/markets/KXNHLGAME-25OCT16BOSVGK-BOS/candlesticks?start_ts=1760431260&end_ts=1760680800&period_interval=60
2025020069,home,0.68,0.67,0.68,2025-10-17T02:00:00Z,KXNHLGAME-25OCT16BOSVGK-VGK,close,historical,https://api.elections.kalshi.com/trade-api/v2/historical/markets/KXNHLGAME-25OCT16BOSVGK-VGK/candlesticks?start_ts=1760431260&end_ts=1760680800&period_interval=60
2025020070,home,0.37,0.36,0.37,2025-10-17T02:00:00Z,KXNHLGAME-25OCT16CARANA-ANA,close,historical,https://api.elections.kalshi.com/trade-api/v2/historical/markets/KXNHLGAME-25OCT16CARANA-ANA/candlesticks?start_ts=1760431260&end_ts=1760680800&period_interval=60
2025020070,away,0.64,0.63,0.64,2025-10-17T02:00:00Z,KXNHLGAME-25OCT16CARANA-CAR,close,historical,https://api.elections.kalshi.com/trade-api/v2/historical/markets/KXNHLGAME-25OCT16CARANA-CAR/candlesticks?start_ts=1760431260&end_ts=1760680800&period_interval=60
2025020071,home,0.65,0.63,0.65,2025-10-17T02:00:00Z,KXNHLGAME-25OCT16PITLA-LA,close,historical,https://api.elections.kalshi.com/trade-api/v2/historical/markets/KXNHLGAME-25OCT16PITLA-LA/candlesticks?start_ts=1760431260&end_ts=1760680800&period_interval=60
2025020071,away,0.37,0.35,0.37,2025-10-17T02:00:00Z,KXNHLGAME-25OCT16PITLA-PIT,close,historical,https://api.elections.kalshi.com/trade-api/v2/historical/markets/KXNHLGAME-25OCT16PITLA-PIT/candlesticks?start_ts=1760431260&end_ts=1760680800&period_interval=60
2025020072,home,0.45,0.44,0.45,2025-10-17T23:00:00Z,KXNHLGAME-25OCT17TBDET-DET,close,historical,https://api.elections.kalshi.com/trade-api/v2/historical/markets/KXNHLGAME-25OCT17TBDET-DET/candlesticks?start_ts=1760517600&end_ts=1760756400&period_interval=60
2025020072,away,0.56,0.55,0.56,2025-10-17T23:00:00Z,KXNHLGAME-25OCT17TBDET-TB,close,historical,https://api.elections.kalshi.com/trade-api/v2/historical/markets/KXNHLGAME-25OCT17TBDET-TB/candlesticks?start_ts=1760517600&end_ts=1760756400&period_interval=60
2025020073,away,0.47,0.45,0.47,2025-10-17T23:00:00Z,KXNHLGAME-25OCT17MINWSH-MIN,close,historical,https://api.elections.kalshi.com/trade-api/v2/historical/markets/KXNHLGAME-25OCT17MINWSH-MIN/candlesticks?start_ts=1760517600&end_ts=1760756400&period_interval=60
2025020073,home,0.55,0.53,0.55,2025-10-17T23:00:00Z,KXNHLGAME-25OCT17MINWSH-WSH,close,historical,https://api.elections.kalshi.com/trade-api/v2/historical/markets/KXNHLGAME-25OCT17MINWSH-WSH/candlesticks?start_ts=1760517600&end_ts=1760756400&period_interval=60
2025020074,home,0.46,0.45,0.46,2025-10-18T00:00:00Z,KXNHLGAME-25OCT17VANCHI-CHI,close,historical,https://api.elections.kalshi.com/trade-api/v2/historical/markets/KXNHLGAME-25OCT17VANCHI-CHI/candlesticks?start_ts=1760517600&end_ts=1760761800&period_interval=60
2025020074,away,0.55,0.54,0.55,2025-10-18T00:00:00Z,KXNHLGAME-25OCT17VANCHI-VAN,close,historical,https://api.elections.kalshi.com/trade-api/v2/historical/markets/KXNHLGAME-25OCT17VANCHI-VAN/candlesticks?start_ts=1760517600&end_ts=1760761800&period_interval=60
2025020075,away,0.31,0.3,0.31,2025-10-18T01:00:00Z,KXNHLGAME-25OCT17SJUTA-SJ,close,historical,https://api.elections.kalshi.com/trade-api/v2/historical/markets/KXNHLGAME-25OCT17SJUTA-SJ/candlesticks?start_ts=1760517600&end_ts=1760763600&period_interval=60
2025020075,home,0.71,0.69,0.71,2025-10-18T01:00:00Z,KXNHLGAME-25OCT17SJUTA-UTA,close,historical,https://api.elections.kalshi.com/trade-api/v2/historical/markets/KXNHLGAME-25OCT17SJUTA-UTA/candlesticks?start_ts=1760517600&end_ts=1760763600&period_interval=60
2025020076,home,0.42,0.41,0.42,2025-10-18T17:00:00Z,KXNHLGAME-25OCT18FLABUF-BUF,close,historical,https://api.elections.kalshi.com/trade-api/v2/historical/markets/KXNHLGAME-25OCT18FLABUF-BUF/candlesticks?start_ts=1760604000&end_ts=1760821200&period_interval=60
2025020076,away,0.59,0.58,0.59,2025-10-18T17:00:00Z,KXNHLGAME-25OCT18FLABUF-FLA,close,historical,https://api.elections.kalshi.com/trade-api/v2/historical/markets/KXNHLGAME-25OCT18FLABUF-FLA/candlesticks?start_ts=1760604000&end_ts=1760821200&period_interval=60
2025020077,away,0.44,0.43,0.44,2025-10-18T19:00:00Z,KXNHLGAME-25OCT18NYIOTT-NYI,close,historical,https://api.elections.kalshi.com/trade-api/v2/historical/markets/KXNHLGAME-25OCT18NYIOTT-NYI/candlesticks?start_ts=1760604060&end_ts=1760828400&period_interval=60
2025020077,home,0.57,0.56,0.57,2025-10-18T19:00:00Z,KXNHLGAME-25OCT18NYIOTT-OTT,close,historical,https://api.elections.kalshi.com/trade-api/v2/historical/markets/KXNHLGAME-25OCT18NYIOTT-OTT/candlesticks?start_ts=1760604060&end_ts=1760828400&period_interval=60
2025020078,away,0.52,0.51,0.52,2025-10-18T19:00:00Z,KXNHLGAME-25OCT18EDMNJ-EDM,close,historical,https://api.elections.kalshi.com/trade-api/v2/historical/markets/KXNHLGAME-25OCT18EDMNJ-EDM/candlesticks?start_ts=1760604060&end_ts=1760830200&period_interval=60
2025020078,home,0.49,0.48,0.49,2025-10-18T19:00:00Z,KXNHLGAME-25OCT18EDMNJ-NJ,close,historical,https://api.elections.kalshi.com/trade-api/v2/historical/markets/KXNHLGAME-25OCT18EDMNJ-NJ/candlesticks?start_ts=1760604060&end_ts=1760830200&period_interval=60
2025020079,away,0.37,0.35,0.36,2025-10-18T23:00:00Z,KXNHLGAME-25OCT18SEATOR-SEA,close,historical,https://api.elections.kalshi.com/trade-api/v2/historical/markets/KXNHLGAME-25OCT18SEATOR-SEA/candlesticks?start_ts=1760604060&end_ts=1760842800&period_interval=60
2025020079,home,0.65,0.63,0.65,2025-10-18T23:00:00Z,KXNHLGAME-25OCT18SEATOR-TOR,close,historical,https://api.elections.kalshi.com/trade-api/v2/historical/markets/KXNHLGAME-25OCT18SEATOR-TOR/candlesticks?start_ts=1760604060&end_ts=1760842800&period_interval=60
2025020080,home,0.54,0.53,0.54,2025-10-18T23:00:00Z,KXNHLGAME-25OCT18NYRMTL-MTL,close,historical,https://api.elections.kalshi.com/trade-api/v2/historical/markets/KXNHLGAME-25OCT18NYRMTL-MTL/candlesticks?start_ts=1760604060&end_ts=1760842800&period_interval=60
2025020080,away,0.47,0.45,0.47,2025-10-18T23:00:00Z,KXNHLGAME-25OCT18NYRMTL-NYR,close,historical,https://api.elections.kalshi.com/trade-api/v2/historical/markets/KXNHLGAME-25OCT18NYRMTL-NYR/candlesticks?start_ts=1760604060&end_ts=1760842800&period_interval=60
2025020081,away,0.49,0.47,0.49,2025-10-18T23:00:00Z,KXNHLGAME-25OCT18MINPHI-MIN,close,historical,https://api.elections.kalshi.com/trade-api/v2/historical/markets/KXNHLGAME-25OCT18MINPHI-MIN/candlesticks?start_ts=1760604060&end_ts=1760842800&period_interval=60
2025020081,home,0.52,0.51,0.52,2025-10-18T23:00:00Z,KXNHLGAME-25OCT18MINPHI-PHI,close,historical,https://api.elections.kalshi.com/trade-api/v2/historical/markets/KXNHLGAME-25OCT18MINPHI-PHI/candlesticks?start_ts=1760604060&end_ts=1760842800&period_interval=60
2025020082,home,0.55,0.54,0.55,2025-10-18T23:00:00Z,KXNHLGAME-25OCT18TBCBJ-CBJ,close,historical,https://api.elections.kalshi.com/trade-api/v2/historical/markets/KXNHLGAME-25OCT18TBCBJ-CBJ/candlesticks?start_ts=1760604060&end_ts=1760842800&period_interval=60
2025020082,away,0.46,0.45,0.46,2025-10-18T23:00:00Z,KXNHLGAME-25OCT18TBCBJ-TB,close,historical,https://api.elections.kalshi.com/trade-api/v2/historical/markets/KXNHLGAME-25OCT18TBCBJ-TB/candlesticks?start_ts=1760604060&end_ts=1760842800&period_interval=60
2025020083,away,0.55,0.54,0.55,2025-10-18T23:00:00Z,KXNHLGAME-25OCT18DALSTL-DAL,close,historical,https://api.elections.kalshi.com/trade-api/v2/historical/markets/KXNHLGAME-25OCT18DALSTL-DAL/candlesticks?start_ts=1760604060&end_ts=1760842800&period_interval=60
2025020083,home,0.47,0.45,0.47,2025-10-18T23:00:00Z,KXNHLGAME-25OCT18DALSTL-STL,close,historical,https://api.elections.kalshi.com/trade-api/v2/historical/markets/KXNHLGAME-25OCT18DALSTL-STL/candlesticks?start_ts=1760604060&end_ts=1760842800&period_interval=60
2025020084,away,0.39,0.38,0.39,2025-10-18T23:00:00Z,KXNHLGAME-25OCT18NSHWPG-NSH,close,historical,https://api.elections.kalshi.com/trade-api/v2/historical/markets/KXNHLGAME-25OCT18NSHWPG-NSH/candlesticks?start_ts=1760604060&end_ts=1760842800&period_interval=60
2025020084,home,0.63,0.62,0.63,2025-10-18T23:00:00Z,KXNHLGAME-25OCT18NSHWPG-WPG,close,historical,https://api.elections.kalshi.com/trade-api/v2/historical/markets/KXNHLGAME-25OCT18NSHWPG-WPG/candlesticks?start_ts=1760604060&end_ts=1760842800&period_interval=60
2025020085,away,0.3,0.28,0.3,2025-10-19T01:00:00Z,KXNHLGAME-25OCT18BOSCOL-BOS,close,historical,https://api.elections.kalshi.com/trade-api/v2/historical/markets/KXNHLGAME-25OCT18BOSCOL-BOS/candlesticks?start_ts=1760604060&end_ts=1760850000&period_interval=60
2025020085,home,0.71,0.7,0.72,2025-10-19T01:00:00Z,KXNHLGAME-25OCT18BOSCOL-COL,close,historical,https://api.elections.kalshi.com/trade-api/v2/historical/markets/KXNHLGAME-25OCT18BOSCOL-COL/candlesticks?start_ts=1760604060&end_ts=1760850000&period_interval=60
2025020086,away,0.56,0.55,0.56,2025-10-19T01:00:00Z,KXNHLGAME-25OCT18CARLA-CAR,close,historical,https://api.elections.kalshi.com/trade-api/v2/historical/markets/KXNHLGAME-25OCT18CARLA-CAR/candlesticks?start_ts=1760604060&end_ts=1760850000&period_interval=60
2025020086,home,0.44,0.43,0.44,2025-10-19T01:00:00Z,KXNHLGAME-25OCT18CARLA-LA,close,historical,https://api.elections.kalshi.com/trade-api/v2/historical/markets/KXNHLGAME-25OCT18CARLA-LA/candlesticks?start_ts=1760604060&end_ts=1760850000&period_interval=60
2025020087,away,0.31,0.3,0.32,2025-10-19T02:00:00Z,KXNHLGAME-25OCT18CGYVGK-CGY,close,historical,https://api.elections.kalshi.com/trade-api/v2/historical/markets/KXNHLGAME-25OCT18CGYVGK-CGY/candlesticks?start_ts=1760604060&end_ts=1760853600&period_interval=60
2025020087,home,0.7,0.69,0.7,2025-10-19T02:00:00Z,KXNHLGAME-25OCT18CGYVGK-VGK,close,historical,https://api.elections.kalshi.com/trade-api/v2/historical/markets/KXNHLGAME-25OCT18CGYVGK-VGK/candlesticks?start_ts=1760604060&end_ts=1760853600&period_interval=60
2025020088,away,0.61,0.59,0.61,2025-10-19T02:00:00Z,KXNHLGAME-25OCT18PITSJ-PIT,close,historical,https://api.elections.kalshi.com/trade-api/v2/historical/markets/KXNHLGAME-25OCT18PITSJ-PIT/candlesticks?start_ts=1760604060&end_ts=1760853600&period_interval=60
2025020088,home,0.4,0.39,0.41,2025-10-19T02:00:00Z,KXNHLGAME-25OCT18PITSJ-SJ,close,historical,https://api.elections.kalshi.com/trade-api/v2/historical/markets/KXNHLGAME-25OCT18PITSJ-SJ/candlesticks?start_ts=1760604060&end_ts=1760853600&period_interval=60
2025020089,away,0.41,0.4,0.41,2025-10-19T16:00:00Z,KXNHLGAME-25OCT19VANWSH-VAN,close,historical,https://api.elections.kalshi.com/trade-api/v2/historical/markets/KXNHLGAME-25OCT19VANWSH-VAN/candlesticks?start_ts=1760690460&end_ts=1760905800&period_interval=60
2025020089,home,0.59,0.58,0.6,2025-10-19T16:00:00Z,KXNHLGAME-25OCT19VANWSH-WSH,close,historical,https://api.elections.kalshi.com/trade-api/v2/historical/markets/KXNHLGAME-25OCT19VANWSH-WSH/candlesticks?start_ts=1760690460&end_ts=1760905800&period_interval=60
2025020090,home,0.45,0.44,0.45,2025-10-19T19:00:00Z,KXNHLGAME-25OCT19EDMDET-DET,close,historical,https://api.elections.kalshi.com/trade-api/v2/historical/markets/KXNHLGAME-25OCT19EDMDET-DET/candlesticks?start_ts=1760690460&end_ts=1760914800&period_interval=60
2025020090,away,0.56,0.55,0.56,2025-10-19T19:00:00Z,KXNHLGAME-25OCT19EDMDET-EDM,close,historical,https://api.elections.kalshi.com/trade-api/v2/historical/markets/KXNHLGAME-25OCT19EDMDET-EDM/candlesticks?start_ts=1760690460&end_ts=1760914800&period_interval=60
2025020091,away,0.55,0.54,0.55,2025-10-19T23:00:00Z,KXNHLGAME-25OCT19ANACHI-ANA,close,historical,https://api.elections.kalshi.com/trade-api/v2/historical/markets/KXNHLGAME-25OCT19ANACHI-ANA/candlesticks?start_ts=1760690460&end_ts=1760929200&period_interval=60
2025020091,home,0.46,0.45,0.46,2025-10-19T23:00:00Z,KXNHLGAME-25OCT19ANACHI-CHI,close,historical,https://api.elections.kalshi.com/trade-api/v2/historical/markets/KXNHLGAME-25OCT19ANACHI-CHI/candlesticks?start_ts=1760690460&end_ts=1760929200&period_interval=60
2025020092,away,0.35,0.33,0.35,2025-10-19T23:00:00Z,KXNHLGAME-25OCT19BOSUTA-BOS,close,historical,https://api.elections.kalshi.com/trade-api/v2/historical/markets/KXNHLGAME-25OCT19BOSUTA-BOS/candlesticks?start_ts=1760690460&end_ts=1760929200&period_interval=60
2025020092,home,0.67,0.65,0.67,2025-10-19T23:00:00Z,KXNHLGAME-25OCT19BOSUTA-UTA,close,historical,https://api.elections.kalshi.com/trade-api/v2/historical/markets/KXNHLGAME-25OCT19BOSUTA-UTA/candlesticks?start_ts=1760690460&end_ts=1760929200&period_interval=60
2025020093,away,0.41,0.4,0.41,2025-10-20T23:00:00Z,KXNHLGAME-25OCT20MINNYR-MIN,close,historical,https://api.elections.kalshi.com/trade-api/v2/historical/markets/KXNHLGAME-25OCT20MINNYR-MIN/candlesticks?start_ts=1760776800&end_ts=1761015600&period_interval=60
2025020093,home,0.6,0.59,0.6,2025-10-20T23:00:00Z,KXNHLGAME-25OCT20MINNYR-NYR,close,historical,https://api.elections.kalshi.com/trade-api/v2/historical/markets/KXNHLGAME-25OCT20MINNYR-NYR/candlesticks?start_ts=1760776800&end_ts=1761015600&period_interval=60
2025020094,home,0.56,0.55,0.56,2025-10-20T23:00:00Z,KXNHLGAME-25OCT20SEAPHI-PHI,close,historical,https://api.elections.kalshi.com/trade-api/v2/historical/markets/KXNHLGAME-25OCT20SEAPHI-PHI/candlesticks?start_ts=1760776800&end_ts=1761015600&period_interval=60
2025020094,away,0.45,0.44,0.45,2025-10-20T23:00:00Z,KXNHLGAME-25OCT20SEAPHI-SEA,close,historical,https://api.elections.kalshi.com/trade-api/v2/historical/markets/KXNHLGAME-25OCT20SEAPHI-SEA/candlesticks?start_ts=1760776800&end_ts=1761015600&period_interval=60
2025020095,away,0.43,0.42,0.43,2025-10-20T23:00:00Z,KXNHLGAME-25OCT20BUFMTL-BUF,close,historical,https://api.elections.kalshi.com/trade-api/v2/historical/markets/KXNHLGAME-25OCT20BUFMTL-BUF/candlesticks?start_ts=1760776800&end_ts=1761017400&period_interval=60
2025020095,home,0.58,0.57,0.57,2025-10-20T23:00:00Z,KXNHLGAME-25OCT20BUFMTL-MTL,close,historical,https://api.elections.kalshi.com/trade-api/v2/historical/markets/KXNHLGAME-25OCT20BUFMTL-MTL/candlesticks?start_ts=1760776800&end_ts=1761017400&period_interval=60
2025020096,home,0.43,0.42,0.43,2025-10-21T01:00:00Z,KXNHLGAME-25OCT20WPGCGY-CGY,close,historical,https://api.elections.kalshi.com/trade-api/v2/historical/markets/KXNHLGAME-25OCT20WPGCGY-CGY/candlesticks?start_ts=1760776800&end_ts=1761024600&period_interval=60
2025020096,away,0.57,0.56,0.57,2025-10-21T01:00:00Z,KXNHLGAME-25OCT20WPGCGY-WPG,close,historical,https://api.elections.kalshi.com/trade-api/v2/historical/markets/KXNHLGAME-25OCT20WPGCGY-WPG/candlesticks?start_ts=1760776800&end_ts=1761024600&period_interval=60
2025020097,away,0.52,0.5,0.52,2025-10-21T02:00:00Z,KXNHLGAME-25OCT20CARVGK-CAR,close,historical,https://api.elections.kalshi.com/trade-api/v2/historical/markets/KXNHLGAME-25OCT20CARVGK-CAR/candlesticks?start_ts=1760776800&end_ts=1761026400&period_interval=60
2025020097,home,0.5,0.49,0.5,2025-10-21T02:00:00Z,KXNHLGAME-25OCT20CARVGK-VGK,close,historical,https://api.elections.kalshi.com/trade-api/v2/historical/markets/KXNHLGAME-25OCT20CARVGK-VGK/candlesticks?start_ts=1760776800&end_ts=1761026400&period_interval=60
2025020098,away,0.49,0.47,0.49,2025-10-21T23:00:00Z,KXNHLGAME-25OCT21NJTOR-NJ,close,historical,https://api.elections.kalshi.com/trade-api/v2/historical/markets/KXNHLGAME-25OCT21NJTOR-NJ/candlesticks?start_ts=1760863200&end_ts=1761102000&period_interval=60
2025020098,home,0.54,0.52,0.53,2025-10-21T23:00:00Z,KXNHLGAME-25OCT21NJTOR-TOR,close,historical,https://api.elections.kalshi.com/trade-api/v2/historical/markets/KXNHLGAME-25OCT21NJTOR-TOR/candlesticks?start_ts=1760863200&end_ts=1761102000&period_interval=60
2025020099,away,0.55,0.54,0.55,2025-10-21T23:00:00Z,KXNHLGAME-25OCT21EDMOTT-EDM,close,historical,https://api.elections.kalshi.com/trade-api/v2/historical/markets/KXNHLGAME-25OCT21EDMOTT-EDM/candlesticks?start_ts=1760863200&end_ts=1761102000&period_interval=60
2025020099,home,0.46,0.45,0.46,2025-10-21T23:00:00Z,KXNHLGAME-25OCT21EDMOTT-OTT,close,historical,https://api.elections.kalshi.com/trade-api/v2/historical/markets/KXNHLGAME-25OCT21EDMOTT-OTT/candlesticks?start_ts=1760863200&end_ts=1761102000&period_interval=60
2025020100,home,0.68,0.66,0.68,2025-10-21T23:00:00Z,KXNHLGAME-25OCT21SJNYI-NYI,close,historical,https://api.elections.kalshi.com/trade-api/v2/historical/markets/KXNHLGAME-25OCT21SJNYI-NYI/candlesticks?start_ts=1760863200&end_ts=1761102000&period_interval=60
2025020100,away,0.34,0.33,0.34,2025-10-21T23:00:00Z,KXNHLGAME-25OCT21SJNYI-SJ,close,historical,https://api.elections.kalshi.com/trade-api/v2/historical/markets/KXNHLGAME-25OCT21SJNYI-SJ/candlesticks?start_ts=1760863200&end_ts=1761102000&period_interval=60
2025020101,home,0.51,0.5,0.51,2025-10-21T23:00:00Z,KXNHLGAME-25OCT21VANPIT-PIT,close,historical,https://api.elections.kalshi.com/trade-api/v2/historical/markets/KXNHLGAME-25OCT21VANPIT-PIT/candlesticks?start_ts=1760863200&end_ts=1761102000&period_interval=60
2025020101,away,0.5,0.49,0.5,2025-10-21T23:00:00Z,KXNHLGAME-25OCT21VANPIT-VAN,close,historical,https://api.elections.kalshi.com/trade-api/v2/historical/markets/KXNHLGAME-25OCT21VANPIT-VAN/candlesticks?start_ts=1760863200&end_ts=1761102000&period_interval=60
2025020102,away,0.3,0.29,0.3,2025-10-21T23:00:00Z,KXNHLGAME-25OCT21SEAWSH-SEA,close,historical,https://api.elections.kalshi.com/trade-api/v2/historical/markets/KXNHLGAME-25OCT21SEAWSH-SEA/candlesticks?start_ts=1760863200&end_ts=1761102000&period_interval=60
2025020102,home,0.71,0.7,0.71,2025-10-21T23:00:00Z,KXNHLGAME-25OCT21SEAWSH-WSH,close,historical,https://api.elections.kalshi.com/trade-api/v2/historical/markets/KXNHLGAME-25OCT21SEAWSH-WSH/candlesticks?start_ts=1760863200&end_ts=1761102000&period_interval=60
2025020103,home,0.42,0.4,0.42,2025-10-21T23:00:00Z,KXNHLGAME-25OCT21FLABOS-BOS,close,historical,https://api.elections.kalshi.com/trade-api/v2/historical/markets/KXNHLGAME-25OCT21FLABOS-BOS/candlesticks?start_ts=1760863200&end_ts=1761103800&period_interval=60
2025020103,away,0.6,0.59,0.6,2025-10-21T23:00:00Z,KXNHLGAME-25OCT21FLABOS-FLA,close,historical,https://api.elections.kalshi.com/trade-api/v2/historical/markets/KXNHLGAME-25OCT21FLABOS-FLA/candlesticks?start_ts=1760863200&end_ts=1761103800&period_interval=60
2025020104,away,0.47,0.46,0.47,2025-10-22T00:00:00Z,KXNHLGAME-25OCT21LASTL-LA,close,historical,https://api.elections.kalshi.com/trade-api/v2/historical/markets/KXNHLGAME-25OCT21LASTL-LA/candlesticks?start_ts=1760863200&end_ts=1761105600&period_interval=60
2025020104,home,0.54,0.52,0.54,2025-10-22T00:00:00Z,KXNHLGAME-25OCT21LASTL-STL,close,historical,https://api.elections.kalshi.com/trade-api/v2/historical/markets/KXNHLGAME-25OCT21LASTL-STL/candlesticks?start_ts=1760863200&end_ts=1761105600&period_interval=60
2025020105,away,0.45,0.44,0.45,2025-10-22T00:00:00Z,KXNHLGAME-25OCT21ANANSH-ANA,close,historical,https://api.elections.kalshi.com/trade-api/v2/historical/markets/KXNHLGAME-25OCT21ANANSH-ANA/candlesticks?start_ts=1760863260&end_ts=1761105600&period_interval=60
2025020105,home,0.56,0.55,0.56,2025-10-22T00:00:00Z,KXNHLGAME-25OCT21ANANSH-NSH,close,historical,https://api.elections.kalshi.com/trade-api/v2/historical/markets/KXNHLGAME-25OCT21ANANSH-NSH/candlesticks?start_ts=1760863260&end_ts=1761105600&period_interval=60
2025020106,away,0.37,0.36,0.37,2025-10-22T00:00:00Z,KXNHLGAME-25OCT21CBJDAL-CBJ,close,historical,https://api.elections.kalshi.com/trade-api/v2/historical/markets/KXNHLGAME-25OCT21CBJDAL-CBJ/candlesticks?start_ts=1760863260&end_ts=1761105600&period_interval=60
2025020106,home,0.64,0.62,0.64,2025-10-22T00:00:00Z,KXNHLGAME-25OCT21CBJDAL-DAL,close,historical,https://api.elections.kalshi.com/trade-api/v2/historical/markets/KXNHLGAME-25OCT21CBJDAL-DAL/candlesticks?start_ts=1760863260&end_ts=1761105600&period_interval=60
2025020107,away,0.59,0.58,0.59,2025-10-22T02:00:00Z,KXNHLGAME-25OCT21COLUTA-COL,close,historical,https://api.elections.kalshi.com/trade-api/v2/historical/markets/KXNHLGAME-25OCT21COLUTA-COL/candlesticks?start_ts=1760863260&end_ts=1761112800&period_interval=60
2025020107,home,0.43,0.42,0.42,2025-10-22T02:00:00Z,KXNHLGAME-25OCT21COLUTA-UTA,close,historical,https://api.elections.kalshi.com/trade-api/v2/historical/markets/KXNHLGAME-25OCT21COLUTA-UTA/candlesticks?start_ts=1760863260&end_ts=1761112800&period_interval=60
2025020108,away,0.47,0.46,0.47,2025-10-22T23:00:00Z,KXNHLGAME-25OCT22MINNJ-MIN,close,historical,https://api.elections.kalshi.com/trade-api/v2/historical/markets/KXNHLGAME-25OCT22MINNJ-MIN/candlesticks?start_ts=1760949600&end_ts=1761188400&period_interval=60
2025020108,home,0.55,0.53,0.55,2025-10-22T23:00:00Z,KXNHLGAME-25OCT22MINNJ-NJ,close,historical,https://api.elections.kalshi.com/trade-api/v2/historical/markets/KXNHLGAME-25OCT22MINNJ-NJ/candlesticks?start_ts=1760949600&end_ts=1761188400&period_interval=60
2025020109,home,0.52,0.51,0.52,2025-10-22T23:00:00Z,KXNHLGAME-25OCT22DETBUF-BUF,close,historical,https://api.elections.kalshi.com/trade-api/v2/historical/markets/KXNHLGAME-25OCT22DETBUF-BUF/candlesticks?start_ts=1760949600&end_ts=1761190200&period_interval=60
2025020109,away,0.5,0.49,0.5,2025-10-22T23:00:00Z,KXNHLGAME-25OCT22DETBUF-DET,close,historical,https://api.elections.kalshi.com/trade-api/v2/historical/markets/KXNHLGAME-25OCT22DETBUF-DET/candlesticks?start_ts=1760949600&end_ts=1761190200&period_interval=60
2025020110,home,0.5,0.48,0.5,2025-10-23T00:00:00Z,KXNHLGAME-25OCT22MTLCGY-CGY,close,historical,https://api.elections.kalshi.com/trade-api/v2/historical/markets/KXNHLGAME-25OCT22MTLCGY-CGY/candlesticks?start_ts=1760949600&end_ts=1761193800&period_interval=60
2025020110,away,0.52,0.51,0.52,2025-10-23T00:00:00Z,KXNHLGAME-25OCT22MTLCGY-MTL,close,historical,https://api.elections.kalshi.com/trade-api/v2/historical/markets/KXNHLGAME-25OCT22MTLCGY-MTL/candlesticks?start_ts=1760949600&end_ts=1761193800&period_interval=60
2025020111,away,0.49,0.47,0.47,2025-10-23T23:00:00Z,KXNHLGAME-25OCT23ANABOS-ANA,close,historical,https://api.elections.kalshi.com/trade-api/v2/historical/markets/KXNHLGAME-25OCT23ANABOS-ANA/candlesticks?start_ts=1761036000&end_ts=1761274800&period_interval=60
2025020111,home,0.52,0.51,0.52,2025-10-23T23:00:00Z,KXNHLGAME-25OCT23ANABOS-BOS,close,historical,https://api.elections.kalshi.com/trade-api/v2/historical/markets/KXNHLGAME-25OCT23ANABOS-BOS/candlesticks?start_ts=1761036000&end_ts=1761274800&period_interval=60
2025020112,home,0.59,0.58,0.59,2025-10-23T23:00:00Z,KXNHLGAME-25OCT23PHIOTT-OTT,close,historical,https://api.elections.kalshi.com/trade-api/v2/historical/markets/KXNHLGAME-25OCT23PHIOTT-OTT/candlesticks?start_ts=1761036000&end_ts=1761274800&period_interval=60
2025020112,away,0.42,0.41,0.42,2025-10-23T23:00:00Z,KXNHLGAME-25OCT23PHIOTT-PHI,close,historical,https://api.elections.kalshi.com/trade-api/v2/historical/markets/KXNHLGAME-25OCT23PHIOTT-PHI/candlesticks?start_ts=1761036000&end_ts=1761274800&period_interval=60
2025020113,away,0.28,0.27,0.28,2025-10-23T22:00:00Z,KXNHLGAME-25OCT23CHITB-CHI,close,historical,https://api.elections.kalshi.com/trade-api/v2/historical/markets/KXNHLGAME-25OCT23CHITB-CHI/candlesticks?start_ts=1761036000&end_ts=1761273900&period_interval=60
2025020113,home,0.74,0.73,0.74,2025-10-23T22:00:00Z,KXNHLGAME-25OCT23CHITB-TB,close,historical,https://api.elections.kalshi.com/trade-api/v2/historical/markets/KXNHLGAME-25OCT23CHITB-TB/candlesticks?start_ts=1761036000&end_ts=1761273900&period_interval=60
2025020114,home,0.65,0.63,0.65,2025-10-23T23:00:00Z,KXNHLGAME-25OCT23PITFLA-FLA,close,historical,https://api.elections.kalshi.com/trade-api/v2/historical/markets/KXNHLGAME-25OCT23PITFLA-FLA/candlesticks?start_ts=1761036000&end_ts=1761274800&period_interval=60
2025020114,away,0.38,0.36,0.38,2025-10-23T23:00:00Z,KXNHLGAME-25OCT23PITFLA-PIT,close,historical,https://api.elections.kalshi.com/trade-api/v2/historical/markets/KXNHLGAME-25OCT23PITFLA-PIT/candlesticks?start_ts=1761036000&end_ts=1761274800&period_interval=60
2025020115,away,0.46,0.45,0.46,2025-10-23T23:00:00Z,KXNHLGAME-25OCT23DETNYI-DET,close,historical,https://api.elections.kalshi.com/trade-api/v2/historical/markets/KXNHLGAME-25OCT23DETNYI-DET/candlesticks?start_ts=1761036000&end_ts=1761274800&period_interval=60
2025020115,home,0.56,0.55,0.56,2025-10-23T23:00:00Z,KXNHLGAME-25OCT23DETNYI-NYI,close,historical,https://api.elections.kalshi.com/trade-api/v2/historical/markets/KXNHLGAME-25OCT23DETNYI-NYI/candlesticks?start_ts=1761036000&end_ts=1761274800&period_interval=60
2025020116,home,0.73,0.72,0.73,2025-10-23T23:00:00Z,KXNHLGAME-25OCT23SJNYR-NYR,close,historical,https://api.elections.kalshi.com/trade-api/v2/historical/markets/KXNHLGAME-25OCT23SJNYR-NYR/candlesticks?start_ts=1761036000&end_ts=1761274800&period_interval=60
2025020116,away,0.29,0.27,0.29,2025-10-23T23:00:00Z,KXNHLGAME-25OCT23SJNYR-SJ,close,historical,https://api.elections.kalshi.com/trade-api/v2/historical/markets/KXNHLGAME-25OCT23SJNYR-SJ/candlesticks?start_ts=1761036000&end_ts=1761274800&period_interval=60
2025020117,home,0.53,0.52,0.53,2025-10-24T00:00:00Z,KXNHLGAME-25OCT23UTASTL-STL,close,historical,https://api.elections.kalshi.com/trade-api/v2/historical/markets/KXNHLGAME-25OCT23UTASTL-STL/candlesticks?start_ts=1761036000&end_ts=1761278400&period_interval=60
2025020117,away,0.49,0.48,0.49,2025-10-24T00:00:00Z,KXNHLGAME-25OCT23UTASTL-UTA,close,historical,https://api.elections.kalshi.com/trade-api/v2/historical/markets/KXNHLGAME-25OCT23UTASTL-UTA/candlesticks?start_ts=1761036000&end_ts=1761278400&period_interval=60
2025020118,home,0.52,0.51,0.52,2025-10-24T00:00:00Z,KXNHLGAME-25OCT23VANNSH-NSH,close,historical,https://api.elections.kalshi.com/trade-api/v2/historical/markets/KXNHLGAME-25OCT23VANNSH-NSH/candlesticks?start_ts=1761036000&end_ts=1761278400&period_interval=60
2025020118,away,0.49,0.48,0.49,2025-10-24T00:00:00Z,KXNHLGAME-25OCT23VANNSH-VAN,close,historical,https://api.elections.kalshi.com/trade-api/v2/historical/markets/KXNHLGAME-25OCT23VANNSH-VAN/candlesticks?start_ts=1761036000&end_ts=1761278400&period_interval=60
2025020119,home,0.56,0.55,0.56,2025-10-24T01:00:00Z,KXNHLGAME-25OCT23LADAL-DAL,close,historical,https://api.elections.kalshi.com/trade-api/v2/historical/markets/KXNHLGAME-25OCT23LADAL-DAL/candlesticks?start_ts=1761036060&end_ts=1761282000&period_interval=60
2025020119,away,0.44,0.43,0.45,2025-10-24T01:00:00Z,KXNHLGAME-25OCT23LADAL-LA,close,historical,https://api.elections.kalshi.com/trade-api/v2/historical/markets/KXNHLGAME-25OCT23LADAL-LA/candlesticks?start_ts=1761036060&end_ts=1761282000&period_interval=60
2025020120,away,0.35,0.33,0.35,2025-10-24T00:00:00Z,KXNHLGAME-25OCT23SEAWPG-SEA,close,historical,https://api.elections.kalshi.com/trade-api/v2/historical/markets/KXNHLGAME-25OCT23SEAWPG-SEA/candlesticks?start_ts=1761036000&end_ts=1761278400&period_interval=60
2025020120,home,0.67,0.66,0.67,2025-10-24T00:00:00Z,KXNHLGAME-25OCT23SEAWPG-WPG,close,historical,https://api.elections.kalshi.com/trade-api/v2/historical/markets/KXNHLGAME-25OCT23SEAWPG-WPG/candlesticks?start_ts=1761036000&end_ts=1761278400&period_interval=60
2025020121,away,0.45,0.43,0.45,2025-10-24T01:00:00Z,KXNHLGAME-25OCT23CARCOL-CAR,close,historical,https://api.elections.kalshi.com/trade-api/v2/historical/markets/KXNHLGAME-25OCT23CARCOL-CAR/candlesticks?start_ts=1761036000&end_ts=1761282000&period_interval=60
2025020121,home,0.57,0.55,0.56,2025-10-24T01:00:00Z,KXNHLGAME-25OCT23CARCOL-COL,close,historical,https://api.elections.kalshi.com/trade-api/v2/historical/markets/KXNHLGAME-25OCT23CARCOL-COL/candlesticks?start_ts=1761036000&end_ts=1761282000&period_interval=60
2025020122,home,0.67,0.66,0.67,2025-10-24T01:00:00Z,KXNHLGAME-25OCT23MTLEDM-EDM,close,historical,https://api.elections.kalshi.com/trade-api/v2/historical/markets/KXNHLGAME-25OCT23MTLEDM-EDM/candlesticks?start_ts=1761036000&end_ts=1761282000&period_interval=60
2025020122,away,0.34,0.32,0.34,2025-10-24T01:00:00Z,KXNHLGAME-25OCT23MTLEDM-MTL,close,historical,https://api.elections.kalshi.com/trade-api/v2/historical/markets/KXNHLGAME-25OCT23MTLEDM-MTL/candlesticks?start_ts=1761036000&end_ts=1761282000&period_interval=60
2025020123,home,0.48,0.47,0.48,2025-10-24T23:00:00Z,KXNHLGAME-25OCT24TORBUF-BUF,close,historical,https://api.elections.kalshi.com/trade-api/v2/historical/markets/KXNHLGAME-25OCT24TORBUF-BUF/candlesticks?start_ts=1761122400&end_ts=1761361200&period_interval=60
2025020123,away,0.55,0.54,0.55,2025-10-24T23:00:00Z,KXNHLGAME-25OCT24TORBUF-TOR,close,historical,https://api.elections.kalshi.com/trade-api/v2/historical/markets/KXNHLGAME-25OCT24TORBUF-TOR/candlesticks?start_ts=1761122400&end_ts=1761361200&period_interval=60
2025020124,home,0.78,0.77,0.78,2025-10-24T23:00:00Z,KXNHLGAME-25OCT24SJNJ-NJ,close,historical,https://api.elections.kalshi.com/trade-api/v2/historical/markets/KXNHLGAME-25OCT24SJNJ-NJ/candlesticks?start_ts=1761122400&end_ts=1761361200&period_interval=60
2025020124,away,0.24,0.23,0.24,2025-10-24T23:00:00Z,KXNHLGAME-25OCT24SJNJ-SJ,close,historical,https://api.elections.kalshi.com/trade-api/v2/historical/markets/KXNHLGAME-25OCT24SJNJ-SJ/candlesticks?start_ts=1761122400&end_ts=1761361200&period_interval=60
2025020125,home,0.48,0.47,0.49,2025-10-24T23:00:00Z,KXNHLGAME-25OCT24WSHCBJ-CBJ,close,historical,https://api.elections.kalshi.com/trade-api/v2/historical/markets/KXNHLGAME-25OCT24WSHCBJ-CBJ/candlesticks?start_ts=1761122400&end_ts=1761361200&period_interval=60
2025020125,away,0.53,0.52,0.53,2025-10-24T23:00:00Z,KXNHLGAME-25OCT24WSHCBJ-WSH,close,historical,https://api.elections.kalshi.com/trade-api/v2/historical/markets/KXNHLGAME-25OCT24WSHCBJ-WSH/candlesticks?start_ts=1761122400&end_ts=1761361200&period_interval=60
2025020126,away,0.45,0.44,0.45,2025-10-25T00:00:00Z,KXNHLGAME-25OCT24CGYWPG-CGY,close,historical,https://api.elections.kalshi.com/trade-api/v2/historical/markets/KXNHLGAME-25OCT24CGYWPG-CGY/candlesticks?start_ts=1761122400&end_ts=1761364800&period_interval=60
2025020126,home,0.56,0.55,0.56,2025-10-25T00:00:00Z,KXNHLGAME-25OCT24CGYWPG-WPG,close,historical,https://api.elections.kalshi.com/trade-api/v2/historical/markets/KXNHLGAME-25OCT24CGYWPG-WPG/candlesticks?start_ts=1761122400&end_ts=1761364800&period_interval=60
2025020127,away,0.49,0.48,0.49,2025-10-25T16:00:00Z,KXNHLGAME-25OCT25NYIPHI-NYI,close,historical,https://api.elections.kalshi.com/trade-api/v2/historical/markets/KXNHLGAME-25OCT25NYIPHI-NYI/candlesticks?start_ts=1761174120&end_ts=1761424200&period_interval=60
2025020127,home,0.52,0.51,0.52,2025-10-25T16:00:00Z,KXNHLGAME-25OCT25NYIPHI-PHI,close,historical,https://api.elections.kalshi.com/trade-api/v2/historical/markets/KXNHLGAME-25OCT25NYIPHI-PHI/candlesticks?start_ts=1761174120&end_ts=1761424200&period_interval=60
2025020128,home,0.35,0.34,0.35,2025-10-25T19:00:00Z,KXNHLGAME-25OCT25COLBOS-BOS,close,historical,https://api.elections.kalshi.com/trade-api/v2/historical/markets/KXNHLGAME-25OCT25COLBOS-BOS/candlesticks?start_ts=1761174540&end_ts=1761433200&period_interval=60
2025020128,away,0.66,0.65,0.66,2025-10-25T19:00:00Z,KXNHLGAME-25OCT25COLBOS-COL,close,historical,https://api.elections.kalshi.com/trade-api/v2/historical/markets/KXNHLGAME-25OCT25COLBOS-COL/candlesticks?start_ts=1761174540&end_ts=1761433200&period_interval=60
2025020129,away,0.37,0.36,0.37,2025-10-25T21:00:00Z,KXNHLGAME-25OCT25ANATB-ANA,close,historical,https://api.elections.kalshi.com/trade-api/v2/historical/markets/KXNHLGAME-25OCT25ANATB-ANA/candlesticks?start_ts=1761293160&end_ts=1761440400&period_interval=60
2025020129,home,0.64,0.63,0.64,2025-10-25T21:00:00Z,KXNHLGAME-25OCT25ANATB-TB,close,historical,https://api.elections.kalshi.com/trade-api/v2/historical/markets/KXNHLGAME-25OCT25ANATB-TB/candlesticks?start_ts=1761293160&end_ts=1761440400&period_interval=60
2025020130,home,0.5,0.49,0.5,2025-10-25T22:00:00Z,KXNHLGAME-25OCT25VGKFLA-FLA,close,historical,https://api.elections.kalshi.com/trade-api/v2/historical/markets/KXNHLGAME-25OCT25VGKFLA-FLA/candlesticks?start_ts=1761293160&end_ts=1761444000&period_interval=60
2025020130,away,0.51,0.5,0.51,2025-10-25T22:00:00Z,KXNHLGAME-25OCT25VGKFLA-VGK,close,historical,https://api.elections.kalshi.com/trade-api/v2/historical/markets/KXNHLGAME-25OCT25VGKFLA-VGK/candlesticks?start_ts=1761293160&end_ts=1761444000&period_interval=60
2025020131,home,0.52,0.5,0.52,2025-10-25T22:00:00Z,KXNHLGAME-25OCT25UTAMIN-MIN,close,historical,https://api.elections.kalshi.com/trade-api/v2/historical/markets/KXNHLGAME-25OCT25UTAMIN-MIN/candlesticks?start_ts=1761293160&end_ts=1761444000&period_interval=60
2025020131,away,0.49,0.48,0.49,2025-10-25T22:00:00Z,KXNHLGAME-25OCT25UTAMIN-UTA,close,historical,https://api.elections.kalshi.com/trade-api/v2/historical/markets/KXNHLGAME-25OCT25UTAMIN-UTA/candlesticks?start_ts=1761293160&end_ts=1761444000&period_interval=60
2025020132,away,0.44,0.43,0.44,2025-10-25T21:00:00Z,KXNHLGAME-25OCT25BUFTOR-BUF,close,historical,https://api.elections.kalshi.com/trade-api/v2/historical/markets/KXNHLGAME-25OCT25BUFTOR-BUF/candlesticks?start_ts=1761293160&end_ts=1761440400&period_interval=60
2025020132,home,0.58,0.57,0.58,2025-10-25T21:00:00Z,KXNHLGAME-25OCT25BUFTOR-TOR,close,historical,https://api.elections.kalshi.com/trade-api/v2/historical/markets/KXNHLGAME-25OCT25BUFTOR-TOR/candlesticks?start_ts=1761293160&end_ts=1761440400&period_interval=60
2025020133,home,0.49,0.48,0.49,2025-10-25T23:00:00Z,KXNHLGAME-25OCT25STLDET-DET,close,historical,https://api.elections.kalshi.com/trade-api/v2/historical/markets/KXNHLGAME-25OCT25STLDET-DET/candlesticks?start_ts=1761293160&end_ts=1761447600&period_interval=60
2025020133,away,0.52,0.51,0.52,2025-10-25T23:00:00Z,KXNHLGAME-25OCT25STLDET-STL,close,historical,https://api.elections.kalshi.com/trade-api/v2/historical/markets/KXNHLGAME-25OCT25STLDET-STL/candlesticks?start_ts=1761293160&end_ts=1761447600&period_interval=60
2025020134,away,0.48,0.47,0.47,2025-10-25T23:00:00Z,KXNHLGAME-25OCT25CBJPIT-CBJ,close,historical,https://api.elections.kalshi.com/trade-api/v2/historical/markets/KXNHLGAME-25OCT25CBJPIT-CBJ/candlesticks?start_ts=1761293160&end_ts=1761447600&period_interval=60
2025020134,home,0.53,0.52,0.53,2025-10-25T23:00:00Z,KXNHLGAME-25OCT25CBJPIT-PIT,close,historical,https://api.elections.kalshi.com/trade-api/v2/historical/markets/KXNHLGAME-25OCT25CBJPIT-PIT/candlesticks?start_ts=1761293160&end_ts=1761447600&period_interval=60
2025020135,away,0.47,0.46,0.47,2025-10-25T23:00:00Z,KXNHLGAME-25OCT25OTTWSH-OTT,close,historical,https://api.elections.kalshi.com/trade-api/v2/historical/markets/KXNHLGAME-25OCT25OTTWSH-OTT/candlesticks?start_ts=1761293160&end_ts=1761447600&period_interval=60
2025020135,home,0.55,0.54,0.55,2025-10-25T23:00:00Z,KXNHLGAME-25OCT25OTTWSH-WSH,close,historical,https://api.elections.kalshi.com/trade-api/v2/historical/markets/KXNHLGAME-25OCT25OTTWSH-WSH/candlesticks?start_ts=1761293160&end_ts=1761447600&period_interval=60
2025020136,away,0.52,0.51,0.52,2025-10-25T23:00:00Z,KXNHLGAME-25OCT25MTLVAN-MTL,close,historical,https://api.elections.kalshi.com/trade-api/v2/historical/markets/KXNHLGAME-25OCT25MTLVAN-MTL/candlesticks?start_ts=1761293160&end_ts=1761447600&period_interval=60
2025020136,home,0.49,0.48,0.49,2025-10-25T23:00:00Z,KXNHLGAME-25OCT25MTLVAN-VAN,close,historical,https://api.elections.kalshi.com/trade-api/v2/historical/markets/KXNHLGAME-25OCT25MTLVAN-VAN/candlesticks?start_ts=1761293160&end_ts=1761447600&period_interval=60
2025020137,away,0.58,0.57,0.58,2025-10-26T00:00:00Z,KXNHLGAME-25OCT25LANSH-LA,close,historical,https://api.elections.kalshi.com/trade-api/v2/historical/markets/KXNHLGAME-25OCT25LANSH-LA/candlesticks?start_ts=1761293160&end_ts=1761452837&period_interval=60
2025020137,home,0.43,0.42,0.43,2025-10-26T00:00:00Z,KXNHLGAME-25OCT25LANSH-NSH,close,historical,https://api.elections.kalshi.com/trade-api/v2/historical/markets/KXNHLGAME-25OCT25LANSH-NSH/candlesticks?start_ts=1761293160&end_ts=1761452837&period_interval=60
2025020138,away,0.48,0.47,0.48,2025-10-26T00:00:00Z,KXNHLGAME-25OCT25CARDAL-CAR,close,historical,https://api.elections.kalshi.com/trade-api/v2/historical/markets/KXNHLGAME-25OCT25CARDAL-CAR/candlesticks?start_ts=1761293160&end_ts=1761451200&period_interval=60
2025020138,home,0.54,0.52,0.54,2025-10-26T00:00:00Z,KXNHLGAME-25OCT25CARDAL-DAL,close,historical,https://api.elections.kalshi.com/trade-api/v2/historical/markets/KXNHLGAME-25OCT25CARDAL-DAL/candlesticks?start_ts=1761293160&end_ts=1761451200&period_interval=60
2025020139,away,0.62,0.6,0.62,2025-10-26T02:00:00Z,KXNHLGAME-25OCT25EDMSEA-EDM,close,historical,https://api.elections.kalshi.com/trade-api/v2/historical/markets/KXNHLGAME-25OCT25EDMSEA-EDM/candlesticks?start_ts=1761293160&end_ts=1761458400&period_interval=60
2025020139,home,0.39,0.38,0.39,2025-10-26T02:00:00Z,KXNHLGAME-25OCT25EDMSEA-SEA,close,historical,https://api.elections.kalshi.com/trade-api/v2/historical/markets/KXNHLGAME-25OCT25EDMSEA-SEA/candlesticks?start_ts=1761293160&end_ts=1761458400&period_interval=60
2025020140,away,0.46,0.45,0.46,2025-10-26T17:00:00Z,KXNHLGAME-25OCT26COLNJ-COL,close,historical,https://api.elections.kalshi.com/trade-api/v2/historical/markets/KXNHLGAME-25OCT26COLNJ-COL/candlesticks?start_ts=1761293160&end_ts=1761512400&period_interval=60
2025020140,home,0.56,0.54,0.56,2025-10-26T17:00:00Z,KXNHLGAME-25OCT26COLNJ-NJ,close,historical,https://api.elections.kalshi.com/trade-api/v2/historical/markets/KXNHLGAME-25OCT26COLNJ-NJ/candlesticks?start_ts=1761293160&end_ts=1761512400&period_interval=60
2025020141,home,0.56,0.55,0.56,2025-10-26T21:00:00Z,KXNHLGAME-25OCT26VGKTB-TB,close,historical,https://api.elections.kalshi.com/trade-api/v2/historical/markets/KXNHLGAME-25OCT26VGKTB-TB/candlesticks?start_ts=1761293160&end_ts=1761526800&period_interval=60
2025020141,away,0.46,0.44,0.46,2025-10-26T21:00:00Z,KXNHLGAME-25OCT26VGKTB-VGK,close,historical,https://api.elections.kalshi.com/trade-api/v2/historical/markets/KXNHLGAME-25OCT26VGKTB-VGK/candlesticks?start_ts=1761293160&end_ts=1761526800&period_interval=60
2025020142,home,0.63,0.62,0.63,2025-10-26T22:00:00Z,KXNHLGAME-25OCT26SJMIN-MIN,close,historical,https://api.elections.kalshi.com/trade-api/v2/historical/markets/KXNHLGAME-25OCT26SJMIN-MIN/candlesticks?start_ts=1761293160&end_ts=1761530400&period_interval=60
2025020142,away,0.36,0.35,0.36,2025-10-26T22:00:00Z,KXNHLGAME-25OCT26SJMIN-SJ,close,historical,https://api.elections.kalshi.com/trade-api/v2/historical/markets/KXNHLGAME-25OCT26SJMIN-SJ/candlesticks?start_ts=1761293160&end_ts=1761530400&period_interval=60
2025020143,away,0.42,0.41,0.42,2025-10-26T22:00:00Z,KXNHLGAME-25OCT26UTAWPG-UTA,close,historical,https://api.elections.kalshi.com/trade-api/v2/historical/markets/KXNHLGAME-25OCT26UTAWPG-UTA/candlesticks?start_ts=1761293160&end_ts=1761530400&period_interval=60
2025020143,home,0.59,0.58,0.59,2025-10-26T22:00:00Z,KXNHLGAME-25OCT26UTAWPG-WPG,close,historical,https://api.elections.kalshi.com/trade-api/v2/historical/markets/KXNHLGAME-25OCT26UTAWPG-WPG/candlesticks?start_ts=1761293160&end_ts=1761530400&period_interval=60
2025020144,home,0.41,0.4,0.41,2025-10-26T23:00:00Z,KXNHLGAME-25OCT26LACHI-CHI,close,historical,https://api.elections.kalshi.com/trade-api/v2/historical/markets/KXNHLGAME-25OCT26LACHI-CHI/candlesticks?start_ts=1761293160&end_ts=1761534000&period_interval=60
2025020144,away,0.6,0.59,0.6,2025-10-26T23:00:00Z,KXNHLGAME-25OCT26LACHI-LA,close,historical,https://api.elections.kalshi.com/trade-api/v2/historical/markets/KXNHLGAME-25OCT26LACHI-LA/candlesticks?start_ts=1761293160&end_ts=1761534000&period_interval=60
2025020145,away,0.58,0.57,0.58,2025-10-26T23:00:00Z,KXNHLGAME-25OCT26DALNSH-DAL,close,historical,https://api.elections.kalshi.com/trade-api/v2/historical/markets/KXNHLGAME-25OCT26DALNSH-DAL/candlesticks?start_ts=1761293160&end_ts=1761534000&period_interval=60
2025020145,home,0.43,0.42,0.43,2025-10-26T23:00:00Z,KXNHLGAME-25OCT26DALNSH-NSH,close,historical,https://api.elections.kalshi.com/trade-api/v2/historical/markets/KXNHLGAME-25OCT26DALNSH-NSH/candlesticks?start_ts=1761293160&end_ts=1761534000&period_interval=60
2025020146,home,0.47,0.46,0.47,2025-10-27T00:00:00Z,KXNHLGAME-25OCT26NYRCGY-CGY,close,historical,https://api.elections.kalshi.com/trade-api/v2/historical/markets/KXNHLGAME-25OCT26NYRCGY-CGY/candlesticks?start_ts=1761293160&end_ts=1761537600&period_interval=60
2025020146,away,0.55,0.54,0.55,2025-10-27T00:00:00Z,KXNHLGAME-25OCT26NYRCGY-NYR,close,historical,https://api.elections.kalshi.com/trade-api/v2/historical/markets/KXNHLGAME-25OCT26NYRCGY-NYR/candlesticks?start_ts=1761293160&end_ts=1761537600&period_interval=60
2025020147,away,0.61,0.59,0.61,2025-10-27T02:00:00Z,KXNHLGAME-25OCT26EDMVAN-EDM,close,historical,https://api.elections.kalshi.com/trade-api/v2/historical/markets/KXNHLGAME-25OCT26EDMVAN-EDM/candlesticks?start_ts=1761293160&end_ts=1761544800&period_interval=60
2025020147,home,0.41,0.39,0.41,2025-10-27T02:00:00Z,KXNHLGAME-25OCT26EDMVAN-VAN,close,historical,https://api.elections.kalshi.com/trade-api/v2/historical/markets/KXNHLGAME-25OCT26EDMVAN-VAN/candlesticks?start_ts=1761293160&end_ts=1761544800&period_interval=60
2025020148,home,0.49,0.48,0.49,2025-10-27T23:00:00Z,KXNHLGAME-25OCT27STLPIT-PIT,close,historical,https://api.elections.kalshi.com/trade-api/v2/historical/markets/KXNHLGAME-25OCT27STLPIT-PIT/candlesticks?start_ts=1761368820&end_ts=1761620400&period_interval=60
2025020148,away,0.52,0.51,0.52,2025-10-27T23:00:00Z,KXNHLGAME-25OCT27STLPIT-STL,close,historical,https://api.elections.kalshi.com/trade-api/v2/historical/markets/KXNHLGAME-25OCT27STLPIT-STL/candlesticks?start_ts=1761368820&end_ts=1761620400&period_interval=60
2025020149,away,0.39,0.38,0.39,2025-10-27T23:00:00Z,KXNHLGAME-25OCT27BOSOTT-BOS,close,historical,https://api.elections.kalshi.com/trade-api/v2/historical/markets/KXNHLGAME-25OCT27BOSOTT-BOS/candlesticks?start_ts=1761368820&end_ts=1761622200&period_interval=60
2025020149,home,0.62,0.61,0.62,2025-10-27T23:00:00Z,KXNHLGAME-25OCT27BOSOTT-OTT,close,historical,https://api.elections.kalshi.com/trade-api/v2/historical/markets/KXNHLGAME-25OCT27BOSOTT-OTT/candlesticks?start_ts=1761368820&end_ts=1761622200&period_interval=60
2025020150,home,0.62,0.61,0.62,2025-10-28T22:00:00Z,KXNHLGAME-25OCT28PITPHI-PHI,close,historical,https://api.elections.kalshi.com/trade-api/v2/historical/markets/KXNHLGAME-25OCT28PITPHI-PHI/candlesticks?start_ts=1761444600&end_ts=1761703200&period_interval=60
2025020150,away,0.4,0.38,0.4,2025-10-28T22:00:00Z,KXNHLGAME-25OCT28PITPHI-PIT,close,historical,https://api.elections.kalshi.com/trade-api/v2/historical/markets/KXNHLGAME-25OCT28PITPHI-PIT/candlesticks?start_ts=1761444600&end_ts=1761703200&period_interval=60
2025020151,away,0.41,0.4,0.41,2025-10-28T22:00:00Z,KXNHLGAME-25OCT28CGYTOR-CGY,close,historical,https://api.elections.kalshi.com/trade-api/v2/historical/markets/KXNHLGAME-25OCT28CGYTOR-CGY/candlesticks?start_ts=1761444600&end_ts=1761703200&period_interval=60
2025020151,home,0.61,0.6,0.61,2025-10-28T22:00:00Z,KXNHLGAME-25OCT28CGYTOR-TOR,close,historical,https://api.elections.kalshi.com/trade-api/v2/historical/markets/KXNHLGAME-25OCT28CGYTOR-TOR/candlesticks?start_ts=1761444600&end_ts=1761703200&period_interval=60
2025020152,home,0.51,0.5,0.51,2025-10-28T22:00:00Z,KXNHLGAME-25OCT28CBJBUF-BUF,close,historical,https://api.elections.kalshi.com/trade-api/v2/historical/markets/KXNHLGAME-25OCT28CBJBUF-BUF/candlesticks?start_ts=1761455220&end_ts=1761705900&period_interval=60
2025020152,away,0.5,0.49,0.5,2025-10-28T22:00:00Z,KXNHLGAME-25OCT28CBJBUF-CBJ,close,historical,https://api.elections.kalshi.com/trade-api/v2/historical/markets/KXNHLGAME-25OCT28CBJBUF-CBJ/candlesticks?start_ts=1761455220&end_ts=1761705900&period_interval=60
2025020153,away,0.39,0.37,0.39,2025-10-28T23:00:00Z,KXNHLGAME-25OCT28ANAFLA-ANA,close,historical,https://api.elections.kalshi.com/trade-api/v2/historical/markets/KXNHLGAME-25OCT28ANAFLA-ANA/candlesticks?start_ts=1761455220&end_ts=1761706800&period_interval=60
2025020153,home,0.63,0.61,0.63,2025-10-28T23:00:00Z,KXNHLGAME-25OCT28ANAFLA-FLA,close,historical,https://api.elections.kalshi.com/trade-api/v2/historical/markets/KXNHLGAME-25OCT28ANAFLA-FLA/candlesticks?start_ts=1761455220&end_ts=1761706800&period_interval=60
2025020154,home,0.43,0.42,0.43,2025-10-28T23:00:00Z,KXNHLGAME-25OCT28NYIBOS-BOS,close,historical,https://api.elections.kalshi.com/trade-api/v2/historical/markets/KXNHLGAME-25OCT28NYIBOS-BOS/candlesticks?start_ts=1761455220&end_ts=1761707700&period_interval=60
2025020154,away,0.59,0.57,0.59,2025-10-28T23:00:00Z,KXNHLGAME-25OCT28NYIBOS-NYI,close,historical,https://api.elections.kalshi.com/trade-api/v2/historical/markets/KXNHLGAME-25OCT28NYIBOS-NYI/candlesticks?start_ts=1761455220&end_ts=1761707700&period_interval=60
2025020155,home,0.59,0.57,0.59,2025-10-28T22:00:00Z,KXNHLGAME-25OCT28VGKCAR-CAR,close,historical,https://api.elections.kalshi.com/trade-api/v2/historical/markets/KXNHLGAME-25OCT28VGKCAR-CAR/candlesticks?start_ts=1761455220&end_ts=1761705000&period_interval=60
2025020155,away,0.42,0.41,0.42,2025-10-28T22:00:00Z,KXNHLGAME-25OCT28VGKCAR-VGK,close,historical,https://api.elections.kalshi.com/trade-api/v2/historical/markets/KXNHLGAME-25OCT28VGKCAR-VGK/candlesticks?start_ts=1761455220&end_ts=1761705000&period_interval=60
2025020156,home,0.38,0.37,0.38,2025-10-28T23:00:00Z,KXNHLGAME-25OCT28TBNSH-NSH,close,historical,https://api.elections.kalshi.com/trade-api/v2/historical/markets/KXNHLGAME-25OCT28TBNSH-NSH/candlesticks?start_ts=1761455220&end_ts=1761709500&period_interval=60
2025020156,away,0.63,0.62,0.63,2025-10-28T23:00:00Z,KXNHLGAME-25OCT28TBNSH-TB,close,historical,https://api.elections.kalshi.com/trade-api/v2/historical/markets/KXNHLGAME-25OCT28TBNSH-TB/candlesticks?start_ts=1761455220&end_ts=1761709500&period_interval=60
2025020157,home,0.49,0.48,0.49,2025-10-29T00:00:00Z,KXNHLGAME-25OCT28WPGMIN-MIN,close,historical,https://api.elections.kalshi.com/trade-api/v2/historical/markets/KXNHLGAME-25OCT28WPGMIN-MIN/candlesticks?start_ts=1761455220&end_ts=1761710400&period_interval=60
2025020157,away,0.51,0.5,0.51,2025-10-29T00:00:00Z,KXNHLGAME-25OCT28WPGMIN-WPG,close,historical,https://api.elections.kalshi.com/trade-api/v2/historical/markets/KXNHLGAME-25OCT28WPGMIN-WPG/candlesticks?start_ts=1761455220&end_ts=1761710400&period_interval=60
2025020158,away,0.52,0.5,0.52,2025-10-29T00:00:00Z,KXNHLGAME-25OCT28DETSTL-DET,close,historical,https://api.elections.kalshi.com/trade-api/v2/historical/markets/KXNHLGAME-25OCT28DETSTL-DET/candlesticks?start_ts=1761455220&end_ts=1761711300&period_interval=60
2025020158,home,0.5,0.48,0.5,2025-10-29T00:00:00Z,KXNHLGAME-25OCT28DETSTL-STL,close,historical,https://api.elections.kalshi.com/trade-api/v2/historical/markets/KXNHLGAME-25OCT28DETSTL-STL/candlesticks?start_ts=1761455220&end_ts=1761711300&period_interval=60
2025020159,home,0.53,0.52,0.53,2025-10-29T00:00:00Z,KXNHLGAME-25OCT28WSHDAL-DAL,close,historical,https://api.elections.kalshi.com/trade-api/v2/historical/markets/KXNHLGAME-25OCT28WSHDAL-DAL/candlesticks?start_ts=1761455220&end_ts=1761712200&period_interval=60
2025020159,away,0.48,0.46,0.48,2025-10-29T00:00:00Z,KXNHLGAME-25OCT28WSHDAL-WSH,close,historical,https://api.elections.kalshi.com/trade-api/v2/historical/markets/KXNHLGAME-25OCT28WSHDAL-WSH/candlesticks?start_ts=1761455220&end_ts=1761712200&period_interval=60
2025020160,home,0.45,0.44,0.45,2025-10-29T00:00:00Z,KXNHLGAME-25OCT28OTTCHI-CHI,close,historical,https://api.elections.kalshi.com/trade-api/v2/historical/markets/KXNHLGAME-25OCT28OTTCHI-CHI/candlesticks?start_ts=1761455220&end_ts=1761713100&period_interval=60
2025020160,away,0.56,0.55,0.55,2025-10-29T00:00:00Z,KXNHLGAME-25OCT28OTTCHI-OTT,close,historical,https://api.elections.kalshi.com/trade-api/v2/historical/markets/KXNHLGAME-25OCT28OTTCHI-OTT/candlesticks?start_ts=1761455220&end_ts=1761713100&period_interval=60
2025020161,home,0.62,0.61,0.63,2025-10-29T01:00:00Z,KXNHLGAME-25OCT28NJCOL-COL,close,historical,https://api.elections.kalshi.com/trade-api/v2/historical/markets/KXNHLGAME-25OCT28NJCOL-COL/candlesticks?start_ts=1761455220&end_ts=1761714000&period_interval=60
2025020161,away,0.39,0.38,0.39,2025-10-29T01:00:00Z,KXNHLGAME-25OCT28NJCOL-NJ,close,historical,https://api.elections.kalshi.com/trade-api/v2/historical/markets/KXNHLGAME-25OCT28NJCOL-NJ/candlesticks?start_ts=1761455220&end_ts=1761714000&period_interval=60
2025020162,home,0.58,0.56,0.58,2025-10-29T01:00:00Z,KXNHLGAME-25OCT28UTAEDM-EDM,close,historical,https://api.elections.kalshi.com/trade-api/v2/historical/markets/KXNHLGAME-25OCT28UTAEDM-EDM/candlesticks?start_ts=1761466140&end_ts=1761715800&period_interval=60
2025020162,away,0.44,0.42,0.44,2025-10-29T01:00:00Z,KXNHLGAME-25OCT28UTAEDM-UTA,close,historical,https://api.elections.kalshi.com/trade-api/v2/historical/markets/KXNHLGAME-25OCT28UTAEDM-UTA/candlesticks?start_ts=1761466140&end_ts=1761715800&period_interval=60
2025020163,away,0.53,0.52,0.53,2025-10-29T02:00:00Z,KXNHLGAME-25OCT28NYRVAN-NYR,close,historical,https://api.elections.kalshi.com/trade-api/v2/historical/markets/KXNHLGAME-25OCT28NYRVAN-NYR/candlesticks?start_ts=1761466140&end_ts=1761717600&period_interval=60
2025020163,home,0.47,0.46,0.47,2025-10-29T02:00:00Z,KXNHLGAME-25OCT28NYRVAN-VAN,close,historical,https://api.elections.kalshi.com/trade-api/v2/historical/markets/KXNHLGAME-25OCT28NYRVAN-VAN/candlesticks?start_ts=1761466140&end_ts=1761717600&period_interval=60
2025020164,away,0.54,0.53,0.54,2025-10-29T02:00:00Z,KXNHLGAME-25OCT28MTLSEA-MTL,close,historical,https://api.elections.kalshi.com/trade-api/v2/historical/markets/KXNHLGAME-25OCT28MTLSEA-MTL/candlesticks?start_ts=1761466140&end_ts=1761719400&period_interval=60
2025020164,home,0.47,0.46,0.47,2025-10-29T02:00:00Z,KXNHLGAME-25OCT28MTLSEA-SEA,close,historical,https://api.elections.kalshi.com/trade-api/v2/historical/markets/KXNHLGAME-25OCT28MTLSEA-SEA/candlesticks?start_ts=1761466140&end_ts=1761719400&period_interval=60
2025020165,away,0.68,0.66,0.68,2025-10-29T03:00:00Z,KXNHLGAME-25OCT28LASJ-LA,close,historical,https://api.elections.kalshi.com/trade-api/v2/historical/markets/KXNHLGAME-25OCT28LASJ-LA/candlesticks?start_ts=1761466200&end_ts=1761721200&period_interval=60
2025020165,home,0.34,0.33,0.34,2025-10-29T03:00:00Z,KXNHLGAME-25OCT28LASJ-SJ,close,historical,https://api.elections.kalshi.com/trade-api/v2/historical/markets/KXNHLGAME-25OCT28LASJ-SJ/candlesticks?start_ts=1761466200&end_ts=1761721200&period_interval=60
2025020166,home,0.54,0.53,0.54,2025-10-29T23:00:00Z,KXNHLGAME-25OCT29TORCBJ-CBJ,close,historical,https://api.elections.kalshi.com/trade-api/v2/historical/markets/KXNHLGAME-25OCT29TORCBJ-CBJ/candlesticks?start_ts=1761541620&end_ts=1761795000&period_interval=60
2025020166,away,0.48,0.46,0.48,2025-10-29T23:00:00Z,KXNHLGAME-25OCT29TORCBJ-TOR,close,historical,https://api.elections.kalshi.com/trade-api/v2/historical/markets/KXNHLGAME-25OCT29TORCBJ-TOR/candlesticks?start_ts=1761541620&end_ts=1761795000&period_interval=60
2025020167,home,0.46,0.45,0.46,2025-10-30T23:00:00Z,KXNHLGAME-25OCT30BUFBOS-BOS,close,historical,https://api.elections.kalshi.com/trade-api/v2/historical/markets/KXNHLGAME-25OCT30BUFBOS-BOS/candlesticks?start_ts=1761628020&end_ts=1761879600&period_interval=60
2025020167,away,0.57,0.56,0.57,2025-10-30T23:00:00Z,KXNHLGAME-25OCT30BUFBOS-BUF,close,historical,https://api.elections.kalshi.com/trade-api/v2/historical/markets/KXNHLGAME-25OCT30BUFBOS-BUF/candlesticks?start_ts=1761628020&end_ts=1761879600&period_interval=60
2025020168,away,0.39,0.38,0.39,2025-10-30T23:00:00Z,KXNHLGAME-25OCT30CGYOTT-CGY,close,historical,https://api.elections.kalshi.com/trade-api/v2/historical/markets/KXNHLGAME-25OCT30CGYOTT-CGY/candlesticks?start_ts=1761628020&end_ts=1761879600&period_interval=60
2025020168,home,0.62,0.61,0.62,2025-10-30T23:00:00Z,KXNHLGAME-25OCT30CGYOTT-OTT,close,historical,https://api.elections.kalshi.com/trade-api/v2/historical/markets/KXNHLGAME-25OCT30CGYOTT-OTT/candlesticks?start_ts=1761628020&end_ts=1761879600&period_interval=60
2025020169,away,0.44,0.43,0.44,2025-10-30T23:00:00Z,KXNHLGAME-25OCT30DALTB-DAL,close,historical,https://api.elections.kalshi.com/trade-api/v2/historical/markets/KXNHLGAME-25OCT30DALTB-DAL/candlesticks?start_ts=1761628020&end_ts=1761879600&period_interval=60
2025020169,home,0.6,0.58,0.6,2025-10-30T23:00:00Z,KXNHLGAME-25OCT30DALTB-TB,close,historical,https://api.elections.kalshi.com/trade-api/v2/historical/markets/KXNHLGAME-25OCT30DALTB-TB/candlesticks?start_ts=1761628020&end_ts=1761879600&period_interval=60
2025020170,away,0.42,0.4,0.42,2025-10-30T23:00:00Z,KXNHLGAME-25OCT30NSHPHI-NSH,close,historical,https://api.elections.kalshi.com/trade-api/v2/historical/markets/KXNHLGAME-25OCT30NSHPHI-NSH/candlesticks?start_ts=1761628020&end_ts=1761879600&period_interval=60
2025020170,home,0.6,0.58,0.6,2025-10-30T23:00:00Z,KXNHLGAME-25OCT30NSHPHI-PHI,close,historical,https://api.elections.kalshi.com/trade-api/v2/historical/markets/KXNHLGAME-25OCT30NSHPHI-PHI/candlesticks?start_ts=1761628020&end_ts=1761879600&period_interval=60
2025020171,home,0.68,0.67,0.68,2025-10-30T23:00:00Z,KXNHLGAME-25OCT30NYICAR-CAR,close,historical,https://api.elections.kalshi.com/trade-api/v2/historical/markets/KXNHLGAME-25OCT30NYICAR-CAR/candlesticks?start_ts=1761628020&end_ts=1761881400&period_interval=60
2025020171,away,0.33,0.32,0.33,2025-10-30T23:00:00Z,KXNHLGAME-25OCT30NYICAR-NYI,close,historical,https://api.elections.kalshi.com/trade-api/v2/historical/markets/KXNHLGAME-25OCT30NYICAR-NYI/candlesticks?start_ts=1761628020&end_ts=1761881400&period_interval=60
2025020172,home,0.6,0.59,0.6,2025-10-31T00:00:00Z,KXNHLGAME-25OCT30VANSTL-STL,close,historical,https://api.elections.kalshi.com/trade-api/v2/historical/markets/KXNHLGAME-25OCT30VANSTL-STL/candlesticks?start_ts=1761628020&end_ts=1761883200&period_interval=60
2025020172,away,0.41,0.4,0.41,2025-10-31T00:00:00Z,KXNHLGAME-25OCT30VANSTL-VAN,close,historical,https://api.elections.kalshi.com/trade-api/v2/historical/markets/KXNHLGAME-25OCT30VANSTL-VAN/candlesticks?start_ts=1761628020&end_ts=1761883200&period_interval=60
2025020173,home,0.61,0.6,0.61,2025-10-31T00:00:00Z,KXNHLGAME-25OCT30PITMIN-MIN,close,historical,https://api.elections.kalshi.com/trade-api/v2/historical/markets/KXNHLGAME-25OCT30PITMIN-MIN/candlesticks?start_ts=1761628020&end_ts=1761883200&period_interval=60
2025020173,away,0.41,0.4,0.41,2025-10-31T00:00:00Z,KXNHLGAME-25OCT30PITMIN-PIT,close,historical,https://api.elections.kalshi.com/trade-api/v2/historical/markets/KXNHLGAME-25OCT30PITMIN-PIT/candlesticks?start_ts=1761628020&end_ts=1761883200&period_interval=60
2025020174,away,0.36,0.34,0.36,2025-10-31T00:00:00Z,KXNHLGAME-25OCT30CHIWPG-CHI,close,historical,https://api.elections.kalshi.com/trade-api/v2/historical/markets/KXNHLGAME-25OCT30CHIWPG-CHI/candlesticks?start_ts=1761628020&end_ts=1761883200&period_interval=60
2025020174,home,0.65,0.64,0.66,2025-10-31T00:00:00Z,KXNHLGAME-25OCT30CHIWPG-WPG,close,historical,https://api.elections.kalshi.com/trade-api/v2/historical/markets/KXNHLGAME-25OCT30CHIWPG-WPG/candlesticks?start_ts=1761628020&end_ts=1761883200&period_interval=60
2025020175,home,0.6,0.59,0.6,2025-10-31T01:00:00Z,KXNHLGAME-25OCT30NYREDM-EDM,close,historical,https://api.elections.kalshi.com/trade-api/v2/historical/markets/KXNHLGAME-25OCT30NYREDM-EDM/candlesticks?start_ts=1761628020&end_ts=1761886800&period_interval=60
2025020175,away,0.42,0.41,0.42,2025-10-31T01:00:00Z,KXNHLGAME-25OCT30NYREDM-NYR,close,historical,https://api.elections.kalshi.com/trade-api/v2/historical/markets/KXNHLGAME-25OCT30NYREDM-NYR/candlesticks?start_ts=1761628020&end_ts=1761886800&period_interval=60
2025020176,away,0.68,0.67,0.68,2025-10-31T02:00:00Z,KXNHLGAME-25OCT30NJSJ-NJ,close,historical,https://api.elections.kalshi.com/trade-api/v2/historical/markets/KXNHLGAME-25OCT30NJSJ-NJ/candlesticks?start_ts=1761638880&end_ts=1761890400&period_interval=60
2025020176,home,0.34,0.33,0.34,2025-10-31T02:00:00Z,KXNHLGAME-25OCT30NJSJ-SJ,close,historical,https://api.elections.kalshi.com/trade-api/v2/historical/markets/KXNHLGAME-25OCT30NJSJ-SJ/candlesticks?start_ts=1761638880&end_ts=1761890400&period_interval=60
2025020177,away,0.43,0.42,0.43,2025-10-31T02:00:00Z,KXNHLGAME-25OCT30DETLA-DET,close,historical,https://api.elections.kalshi.com/trade-api/v2/historical/markets/KXNHLGAME-25OCT30DETLA-DET/candlesticks?start_ts=1761638880&end_ts=1761892200&period_interval=60
2025020177,home,0.58,0.57,0.58,2025-10-31T02:00:00Z,KXNHLGAME-25OCT30DETLA-LA,close,historical,https://api.elections.kalshi.com/trade-api/v2/historical/markets/KXNHLGAME-25OCT30DETLA-LA/candlesticks?start_ts=1761638880&end_ts=1761892200&period_interval=60
2025020178,away,0.57,0.55,0.57,2025-10-31T20:00:00Z,KXNHLGAME-25OCT31COLVGK-COL,close,historical,https://api.elections.kalshi.com/trade-api/v2/historical/markets/KXNHLGAME-25OCT31COLVGK-COL/candlesticks?start_ts=1761703560&end_ts=1761955200&period_interval=60
2025020178,home,0.45,0.44,0.45,2025-10-31T20:00:00Z,KXNHLGAME-25OCT31COLVGK-VGK,close,historical,https://api.elections.kalshi.com/trade-api/v2/historical/markets/KXNHLGAME-25OCT31COLVGK-VGK/candlesticks?start_ts=1761703560&end_ts=1761955200&period_interval=60
2025020179,away,0.34,0.33,0.34,2025-10-31T23:00:00Z,KXNHLGAME-25OCT31NYIWSH-NYI,close,historical,https://api.elections.kalshi.com/trade-api/v2/historical/markets/KXNHLGAME-25OCT31NYIWSH-NYI/candlesticks?start_ts=1761714360&end_ts=1761966000&period_interval=60
2025020179,home,0.68,0.67,0.68,2025-10-31T23:00:00Z,KXNHLGAME-25OCT31NYIWSH-WSH,close,historical,https://api.elections.kalshi.com/trade-api/v2/historical/markets/KXNHLGAME-25OCT31NYIWSH-WSH/candlesticks?start_ts=1761714360&end_ts=1761966000&period_interval=60
2025020180,home,0.54,0.53,0.54,2025-11-01T02:00:00Z,KXNHLGAME-25OCT31DETANA-ANA,close,historical,https://api.elections.kalshi.com/trade-api/v2/historical/markets/KXNHLGAME-25OCT31DETANA-ANA/candlesticks?start_ts=1761725160&end_ts=1761976800&period_interval=60
2025020180,away,0.47,0.45,0.47,2025-11-01T02:00:00Z,KXNHLGAME-25OCT31DETANA-DET,close,historical,https://api.elections.kalshi.com/trade-api/v2/historical/markets/KXNHLGAME-25OCT31DETANA-DET/candlesticks?start_ts=1761725160&end_ts=1761976800&period_interval=60
2025020181,home,0.37,0.36,0.37,2025-11-01T17:00:00Z,KXNHLGAME-25NOV01CARBOS-BOS,close,historical,https://api.elections.kalshi.com/trade-api/v2/historical/markets/KXNHLGAME-25NOV01CARBOS-BOS/candlesticks?start_ts=1761779160&end_ts=1762030800&period_interval=60
2025020181,away,0.65,0.63,0.65,2025-11-01T17:00:00Z,KXNHLGAME-25NOV01CARBOS-CAR,close,historical,https://api.elections.kalshi.com/trade-api/v2/historical/markets/KXNHLGAME-25NOV01CARBOS-CAR/candlesticks?start_ts=1761779160&end_ts=1762030800&period_interval=60
2025020182,away,0.41,0.39,0.41,2025-11-01T19:00:00Z,KXNHLGAME-25NOV01PITWPG-PIT,close,historical,https://api.elections.kalshi.com/trade-api/v2/historical/markets/KXNHLGAME-25NOV01PITWPG-PIT/candlesticks?start_ts=1761779160&end_ts=1762038000&period_interval=60
2025020182,home,0.61,0.59,0.61,2025-11-01T19:00:00Z,KXNHLGAME-25NOV01PITWPG-WPG,close,historical,https://api.elections.kalshi.com/trade-api/v2/historical/markets/KXNHLGAME-25NOV01PITWPG-WPG/candlesticks?start_ts=1761779160&end_ts=1762038000&period_interval=60
2025020183,away,0.48,0.47,0.48,2025-11-01T19:00:00Z,KXNHLGAME-25NOV01CGYNSH-CGY,close,historical,https://api.elections.kalshi.com/trade-api/v2/historical/markets/KXNHLGAME-25NOV01CGYNSH-CGY/candlesticks?start_ts=1761789960&end_ts=1762039800&period_interval=60
2025020183,home,0.53,0.52,0.53,2025-11-01T19:00:00Z,KXNHLGAME-25NOV01CGYNSH-NSH,close,historical,https://api.elections.kalshi.com/trade-api/v2/historical/markets/KXNHLGAME-25NOV01CGYNSH-NSH/candlesticks?start_ts=1761789960&end_ts=1762039800&period_interval=60
2025020184,away,0.69,0.68,0.69,2025-11-01T20:00:00Z,KXNHLGAME-25NOV01COLSJ-COL,close,historical,https://api.elections.kalshi.com/trade-api/v2/historical/markets/KXNHLGAME-25NOV01COLSJ-COL/candlesticks?start_ts=1761789960&end_ts=1762041600&period_interval=60
2025020184,home,0.32,0.31,0.32,2025-11-01T20:00:00Z,KXNHLGAME-25NOV01COLSJ-SJ,close,historical,https://api.elections.kalshi.com/trade-api/v2/historical/markets/KXNHLGAME-25NOV01COLSJ-SJ/candlesticks?start_ts=1761789960&end_ts=1762041600&period_interval=60
2025020185,away,0.44,0.43,0.44,2025-11-01T22:00:00Z,KXNHLGAME-25NOV01DALFLA-DAL,close,historical,https://api.elections.kalshi.com/trade-api/v2/historical/markets/KXNHLGAME-25NOV01DALFLA-DAL/candlesticks?start_ts=1761789960&end_ts=1762048800&period_interval=60
2025020185,home,0.57,0.56,0.58,2025-11-01T22:00:00Z,KXNHLGAME-25NOV01DALFLA-FLA,close,historical,https://api.elections.kalshi.com/trade-api/v2/historical/markets/KXNHLGAME-25NOV01DALFLA-FLA/candlesticks?start_ts=1761789960&end_ts=1762048800&period_interval=60
2025020186,home,0.54,0.53,0.54,2025-11-01T23:00:00Z,KXNHLGAME-25NOV01WSHBUF-BUF,close,historical,https://api.elections.kalshi.com/trade-api/v2/historical/markets/KXNHLGAME-25NOV01WSHBUF-BUF/candlesticks?start_ts=1761800760&end_ts=1762052400&period_interval=60
2025020186,away,0.47,0.46,0.47,2025-11-01T23:00:00Z,KXNHLGAME-25NOV01WSHBUF-WSH,close,historical,https://api.elections.kalshi.com/trade-api/v2/historical/markets/KXNHLGAME-25NOV01WSHBUF-WSH/candlesticks?start_ts=1761800760&end_ts=1762052400&period_interval=60
2025020187,home,0.5,0.49,0.5,2025-11-01T23:00:00Z,KXNHLGAME-25NOV01OTTMTL-MTL,close,historical,https://api.elections.kalshi.com/trade-api/v2/historical/markets/KXNHLGAME-25NOV01OTTMTL-MTL/candlesticks?start_ts=1761800760&end_ts=1762052400&period_interval=60
2025020187,away,0.49,0.48,0.49,2025-11-01T23:00:00Z,KXNHLGAME-25NOV01OTTMTL-OTT,close,historical,https://api.elections.kalshi.com/trade-api/v2/historical/markets/KXNHLGAME-25NOV01OTTMTL-OTT/candlesticks?start_ts=1761800760&end_ts=1762052400&period_interval=60
2025020188,home,0.48,0.46,0.48,2025-11-01T23:00:00Z,KXNHLGAME-25NOV01TORPHI-PHI,close,historical,https://api.elections.kalshi.com/trade-api/v2/historical/markets/KXNHLGAME-25NOV01TORPHI-PHI/candlesticks?start_ts=1761800760&end_ts=1762052400&period_interval=60
2025020188,away,0.54,0.52,0.54,2025-11-01T23:00:00Z,KXNHLGAME-25NOV01TORPHI-TOR,close,historical,https://api.elections.kalshi.com/trade-api/v2/historical/markets/KXNHLGAME-25NOV01TORPHI-TOR/candlesticks?start_ts=1761800760&end_ts=1762052400&period_interval=60
2025020189,home,0.57,0.56,0.57,2025-11-01T23:00:00Z,KXNHLGAME-25NOV01STLCBJ-CBJ,close,historical,https://api.elections.kalshi.com/trade-api/v2/historical/markets/KXNHLGAME-25NOV01STLCBJ-CBJ/candlesticks?start_ts=1761800760&end_ts=1762052400&period_interval=60
2025020189,away,0.43,0.42,0.43,2025-11-01T23:00:00Z,KXNHLGAME-25NOV01STLCBJ-STL,close,historical,https://api.elections.kalshi.com/trade-api/v2/historical/markets/KXNHLGAME-25NOV01STLCBJ-STL/candlesticks?start_ts=1761800760&end_ts=1762052400&period_interval=60
2025020190,home,0.62,0.61,0.62,2025-11-01T23:00:00Z,KXNHLGAME-25NOV01VANMIN-MIN,close,historical,https://api.elections.kalshi.com/trade-api/v2/historical/markets/KXNHLGAME-25NOV01VANMIN-MIN/candlesticks?start_ts=1761800760&end_ts=1762052400&period_interval=60
2025020190,away,0.39,0.38,0.39,2025-11-01T23:00:00Z,KXNHLGAME-25NOV01VANMIN-VAN,close,historical,https://api.elections.kalshi.com/trade-api/v2/historical/markets/KXNHLGAME-25NOV01VANMIN-VAN/candlesticks?start_ts=1761800760&end_ts=1762052400&period_interval=60
2025020191,home,0.54,0.53,0.54,2025-11-02T01:00:00Z,KXNHLGAME-25NOV01NJLA-LA,close,historical,https://api.elections.kalshi.com/trade-api/v2/historical/markets/KXNHLGAME-25NOV01NJLA-LA/candlesticks?start_ts=1761800760&end_ts=1762059600&period_interval=60
2025020191,away,0.48,0.47,0.48,2025-11-02T01:00:00Z,KXNHLGAME-25NOV01NJLA-NJ,close,historical,https://api.elections.kalshi.com/trade-api/v2/historical/markets/KXNHLGAME-25NOV01NJLA-NJ/candlesticks?start_ts=1761800760&end_ts=1762059600&period_interval=60
2025020192,away,0.29,0.28,0.29,2025-11-02T02:00:00Z,KXNHLGAME-25NOV01CHIEDM-CHI,close,historical,https://api.elections.kalshi.com/trade-api/v2/historical/markets/KXNHLGAME-25NOV01CHIEDM-CHI/candlesticks?start_ts=1761811560&end_ts=1762063200&period_interval=60
2025020192,home,0.72,0.71,0.72,2025-11-02T02:00:00Z,KXNHLGAME-25NOV01CHIEDM-EDM,close,historical,https://api.elections.kalshi.com/trade-api/v2/historical/markets/KXNHLGAME-25NOV01CHIEDM-EDM/candlesticks?start_ts=1761811560&end_ts=1762063200&period_interval=60
2025020193,away,0.56,0.55,0.57,2025-11-02T02:00:00Z,KXNHLGAME-25NOV01NYRSEA-NYR,close,historical,https://api.elections.kalshi.com/trade-api/v2/historical/markets/KXNHLGAME-25NOV01NYRSEA-NYR/candlesticks?start_ts=1761811560&end_ts=1762063200&period_interval=60
2025020193,home,0.45,0.43,0.45,2025-11-02T02:00:00Z,KXNHLGAME-25NOV01NYRSEA-SEA,close,historical,https://api.elections.kalshi.com/trade-api/v2/historical/markets/KXNHLGAME-25NOV01NYRSEA-SEA/candlesticks?start_ts=1761811560&end_ts=1762063200&period_interval=60
2025020194,away,0.51,0.5,0.5,2025-11-02T20:00:00Z,KXNHLGAME-25NOV02TBUTA-TB,close,historical,https://api.elections.kalshi.com/trade-api/v2/historical/markets/KXNHLGAME-25NOV02TBUTA-TB/candlesticks?start_ts=1761876360&end_ts=1762129800&period_interval=60
2025020194,home,0.51,0.5,0.51,2025-11-02T20:00:00Z,KXNHLGAME-25NOV02TBUTA-UTA,close,historical,https://api.elections.kalshi.com/trade-api/v2/historical/markets/KXNHLGAME-25NOV02TBUTA-UTA/candlesticks?start_ts=1761876360&end_ts=1762129800&period_interval=60
2025020195,away,0.48,0.47,0.48,2025-11-02T22:00:00Z,KXNHLGAME-25NOV02CBJNYI-CBJ,close,historical,https://api.elections.kalshi.com/trade-api/v2/historical/markets/KXNHLGAME-25NOV02CBJNYI-CBJ/candlesticks?start_ts=1761876420&end_ts=1762135200&period_interval=60
2025020195,home,0.54,0.53,0.54,2025-11-02T22:00:00Z,KXNHLGAME-25NOV02CBJNYI-NYI,close,historical,https://api.elections.kalshi.com/trade-api/v2/historical/markets/KXNHLGAME-25NOV02CBJNYI-NYI/candlesticks?start_ts=1761876420&end_ts=1762135200&period_interval=60
2025020196,away,0.48,0.46,0.48,2025-11-03T00:00:00Z,KXNHLGAME-25NOV02CGYPHI-CGY,close,historical,https://api.elections.kalshi.com/trade-api/v2/historical/markets/KXNHLGAME-25NOV02CGYPHI-CGY/candlesticks?start_ts=1761887160&end_ts=1762142400&period_interval=60
2025020196,home,0.53,0.52,0.53,2025-11-03T00:00:00Z,KXNHLGAME-25NOV02CGYPHI-PHI,close,historical,https://api.elections.kalshi.com/trade-api/v2/historical/markets/KXNHLGAME-25NOV02CGYPHI-PHI/candlesticks?start_ts=1761887160&end_ts=1762142400&period_interval=60
2025020197,home,0.48,0.47,0.48,2025-11-03T01:00:00Z,KXNHLGAME-25NOV02NJANA-ANA,close,historical,https://api.elections.kalshi.com/trade-api/v2/historical/markets/KXNHLGAME-25NOV02NJANA-ANA/candlesticks?start_ts=1761887160&end_ts=1762146000&period_interval=60
2025020197,away,0.53,0.52,0.53,2025-11-03T01:00:00Z,KXNHLGAME-25NOV02NJANA-NJ,close,historical,https://api.elections.kalshi.com/trade-api/v2/historical/markets/KXNHLGAME-25NOV02NJANA-NJ/candlesticks?start_ts=1761887160&end_ts=1762146000&period_interval=60
2025020198,away,0.64,0.63,0.64,2025-11-03T01:00:00Z,KXNHLGAME-25NOV02DETSJ-DET,close,historical,https://api.elections.kalshi.com/trade-api/v2/historical/markets/KXNHLGAME-25NOV02DETSJ-DET/candlesticks?start_ts=1761887160&end_ts=1762146000&period_interval=60
2025020198,home,0.37,0.36,0.37,2025-11-03T01:00:00Z,KXNHLGAME-25NOV02DETSJ-SJ,close,historical,https://api.elections.kalshi.com/trade-api/v2/historical/markets/KXNHLGAME-25NOV02DETSJ-SJ/candlesticks?start_ts=1761887160&end_ts=1762146000&period_interval=60
2025020199,away,0.38,0.37,0.38,2025-11-04T00:00:00Z,KXNHLGAME-25NOV03PITTOR-PIT,close,historical,https://api.elections.kalshi.com/trade-api/v2/historical/markets/KXNHLGAME-25NOV03PITTOR-PIT/candlesticks?start_ts=1761973560&end_ts=1762230600&period_interval=60
2025020199,home,0.63,0.62,0.63,2025-11-04T00:00:00Z,KXNHLGAME-25NOV03PITTOR-TOR,close,historical,https://api.elections.kalshi.com/trade-api/v2/historical/markets/KXNHLGAME-25NOV03PITTOR-TOR/candlesticks?start_ts=1761973560&end_ts=1762230600&period_interval=60
2025020200,away,0.55,0.54,0.55,2025-11-04T01:00:00Z,KXNHLGAME-25NOV03EDMSTL-EDM,close,historical,https://api.elections.kalshi.com/trade-api/v2/historical/markets/KXNHLGAME-25NOV03EDMSTL-EDM/candlesticks?start_ts=1761984360&end_ts=1762234200&period_interval=60
2025020200,home,0.46,0.45,0.46,2025-11-04T01:00:00Z,KXNHLGAME-25NOV03EDMSTL-STL,close,historical,https://api.elections.kalshi.com/trade-api/v2/historical/markets/KXNHLGAME-25NOV03EDMSTL-STL/candlesticks?start_ts=1761984360&end_ts=1762234200&period_interval=60
2025020201,home,0.51,0.5,0.51,2025-11-04T01:00:00Z,KXNHLGAME-25NOV03VANNSH-NSH,close,historical,https://api.elections.kalshi.com/trade-api/v2/historical/markets/KXNHLGAME-25NOV03VANNSH-NSH/candlesticks?start_ts=1761984360&end_ts=1762234200&period_interval=60
2025020201,away,0.5,0.48,0.5,2025-11-04T01:00:00Z,KXNHLGAME-25NOV03VANNSH-VAN,close,historical,https://api.elections.kalshi.com/trade-api/v2/historical/markets/KXNHLGAME-25NOV03VANNSH-VAN/candlesticks?start_ts=1761984360&end_ts=1762234200&period_interval=60
2025020202,away,0.42,0.41,0.42,2025-11-04T03:00:00Z,KXNHLGAME-25NOV03CHISEA-CHI,close,historical,https://api.elections.kalshi.com/trade-api/v2/historical/markets/KXNHLGAME-25NOV03CHISEA-CHI/candlesticks?start_ts=1761984360&end_ts=1762239600&period_interval=60
2025020202,home,0.59,0.58,0.58,2025-11-04T03:00:00Z,KXNHLGAME-25NOV03CHISEA-SEA,close,historical,https://api.elections.kalshi.com/trade-api/v2/historical/markets/KXNHLGAME-25NOV03CHISEA-SEA/candlesticks?start_ts=1761984360&end_ts=1762239600&period_interval=60
2025020203,home,0.45,0.44,0.45,2025-11-05T00:00:00Z,KXNHLGAME-25NOV04UTABUF-BUF,close,historical,https://api.elections.kalshi.com/trade-api/v2/historical/markets/KXNHLGAME-25NOV04UTABUF-BUF/candlesticks?start_ts=1762063560&end_ts=1762315200&period_interval=60
2025020203,away,0.56,0.55,0.56,2025-11-05T00:00:00Z,KXNHLGAME-25NOV04UTABUF-UTA,close,historical,https://api.elections.kalshi.com/trade-api/v2/historical/markets/KXNHLGAME-25NOV04UTABUF-UTA/candlesticks?start_ts=1762063560&end_ts=1762315200&period_interval=60
2025020204,home,0.6,0.59,0.6,2025-11-05T00:00:00Z,KXNHLGAME-25NOV04PHIMTL-MTL,close,historical,https://api.elections.kalshi.com/trade-api/v2/historical/markets/KXNHLGAME-25NOV04PHIMTL-MTL/candlesticks?start_ts=1762063560&end_ts=1762315200&period_interval=60
2025020204,away,0.41,0.4,0.41,2025-11-05T00:00:00Z,KXNHLGAME-25NOV04PHIMTL-PHI,close,historical,https://api.elections.kalshi.com/trade-api/v2/historical/markets/KXNHLGAME-25NOV04PHIMTL-PHI/candlesticks?start_ts=1762063560&end_ts=1762315200&period_interval=60
2025020205,away,0.4,0.39,0.4,2025-11-05T00:00:00Z,KXNHLGAME-25NOV04BOSNYI-BOS,close,historical,https://api.elections.kalshi.com/trade-api/v2/historical/markets/KXNHLGAME-25NOV04BOSNYI-BOS/candlesticks?start_ts=1762063560&end_ts=1762315200&period_interval=60
2025020205,home,0.61,0.6,0.61,2025-11-05T00:00:00Z,KXNHLGAME-25NOV04BOSNYI-NYI,close,historical,https://api.elections.kalshi.com/trade-api/v2/historical/markets/KXNHLGAME-25NOV04BOSNYI-NYI/candlesticks?start_ts=1762063560&end_ts=1762315200&period_interval=60
2025020206,away,0.53,0.52,0.53,2025-11-05T00:00:00Z,KXNHLGAME-25NOV04CARNYR-CAR,close,historical,https://api.elections.kalshi.com/trade-api/v2/historical/markets/KXNHLGAME-25NOV04CARNYR-CAR/candlesticks?start_ts=1762063560&end_ts=1762315200&period_interval=60
2025020206,home,0.5,0.48,0.5,2025-11-05T00:00:00Z,KXNHLGAME-25NOV04CARNYR-NYR,close,historical,https://api.elections.kalshi.com/trade-api/v2/historical/markets/KXNHLGAME-25NOV04CARNYR-NYR/candlesticks?start_ts=1762063560&end_ts=1762315200&period_interval=60
2025020207,home,0.54,0.53,0.54,2025-11-05T01:00:00Z,KXNHLGAME-25NOV04EDMDAL-DAL,close,historical,https://api.elections.kalshi.com/trade-api/v2/historical/markets/KXNHLGAME-25NOV04EDMDAL-DAL/candlesticks?start_ts=1762063560&end_ts=1762318800&period_interval=60
2025020207,away,0.48,0.46,0.48,2025-11-05T01:00:00Z,KXNHLGAME-25NOV04EDMDAL-EDM,close,historical,https://api.elections.kalshi.com/trade-api/v2/historical/markets/KXNHLGAME-25NOV04EDMDAL-EDM/candlesticks?start_ts=1762063560&end_ts=1762318800&period_interval=60
2025020208,home,0.67,0.65,0.67,2025-11-05T01:00:00Z,KXNHLGAME-25NOV04NSHMIN-MIN,close,historical,https://api.elections.kalshi.com/trade-api/v2/historical/markets/KXNHLGAME-25NOV04NSHMIN-MIN/candlesticks?start_ts=1762063560&end_ts=1762318800&period_interval=60
2025020208,away,0.34,0.32,0.34,2025-11-05T01:00:00Z,KXNHLGAME-25NOV04NSHMIN-NSH,close,historical,https://api.elections.kalshi.com/trade-api/v2/historical/markets/KXNHLGAME-25NOV04NSHMIN-NSH/candlesticks?start_ts=1762063560&end_ts=1762318800&period_interval=60
2025020209,home,0.59,0.58,0.59,2025-11-05T02:00:00Z,KXNHLGAME-25NOV04TBCOL-COL,close,historical,https://api.elections.kalshi.com/trade-api/v2/historical/markets/KXNHLGAME-25NOV04TBCOL-COL/candlesticks?start_ts=1762074360&end_ts=1762324200&period_interval=60
2025020209,away,0.43,0.42,0.43,2025-11-05T02:00:00Z,KXNHLGAME-25NOV04TBCOL-TB,close,historical,https://api.elections.kalshi.com/trade-api/v2/historical/markets/KXNHLGAME-25NOV04TBCOL-TB/candlesticks?start_ts=1762074360&end_ts=1762324200&period_interval=60
2025020210,away,0.38,0.36,0.38,2025-11-05T03:00:00Z,KXNHLGAME-25NOV04DETVGK-DET,close,historical,https://api.elections.kalshi.com/trade-api/v2/historical/markets/KXNHLGAME-25NOV04DETVGK-DET/candlesticks?start_ts=1762074360&end_ts=1762326000&period_interval=60
2025020210,home,0.64,0.62,0.64,2025-11-05T03:00:00Z,KXNHLGAME-25NOV04DETVGK-VGK,close,historical,https://api.elections.kalshi.com/trade-api/v2/historical/markets/KXNHLGAME-25NOV04DETVGK-VGK/candlesticks?start_ts=1762074360&end_ts=1762326000&period_interval=60
2025020211,home,0.41,0.4,0.42,2025-11-05T03:00:00Z,KXNHLGAME-25NOV04FLAANA-ANA,close,historical,https://api.elections.kalshi.com/trade-api/v2/historical/markets/KXNHLGAME-25NOV04FLAANA-ANA/candlesticks?start_ts=1762074360&end_ts=1762326000&period_interval=60
2025020211,away,0.6,0.59,0.6,2025-11-05T03:00:00Z,KXNHLGAME-25NOV04FLAANA-FLA,close,historical,https://api.elections.kalshi.com/trade-api/v2/historical/markets/KXNHLGAME-25NOV04FLAANA-FLA/candlesticks?start_ts=1762074360&end_ts=1762326000&period_interval=60
2025020212,home,0.57,0.55,0.57,2025-11-05T03:00:00Z,KXNHLGAME-25NOV04WPGLA-LA,close,historical,https://api.elections.kalshi.com/trade-api/v2/historical/markets/KXNHLGAME-25NOV04WPGLA-LA/candlesticks?start_ts=1762074360&end_ts=1762327800&period_interval=60
2025020212,away,0.44,0.43,0.44,2025-11-05T03:00:00Z,KXNHLGAME-25NOV04WPGLA-WPG,close,historical,https://api.elections.kalshi.com/trade-api/v2/historical/markets/KXNHLGAME-25NOV04WPGLA-WPG/candlesticks?start_ts=1762074360&end_ts=1762327800&period_interval=60
2025020213,home,0.58,0.57,0.58,2025-11-06T00:00:00Z,KXNHLGAME-25NOV05UTATOR-TOR,close,historical,https://api.elections.kalshi.com/trade-api/v2/historical/markets/KXNHLGAME-25NOV05UTATOR-TOR/candlesticks?start_ts=1762153560&end_ts=1762401600&period_interval=60
2025020213,away,0.43,0.42,0.43,2025-11-06T00:00:00Z,KXNHLGAME-25NOV05UTATOR-UTA,close,historical,https://api.elections.kalshi.com/trade-api/v2/historical/markets/KXNHLGAME-25NOV05UTATOR-UTA/candlesticks?start_ts=1762153560&end_ts=1762401600&period_interval=60
2025020214,away,0.43,0.42,0.43,2025-11-06T00:00:00Z,KXNHLGAME-25NOV05STLWSH-STL,close,historical,https://api.elections.kalshi.com/trade-api/v2/historical/markets/KXNHLGAME-25NOV05STLWSH-STL/candlesticks?start_ts=1762153560&end_ts=1762403400&period_interval=60
2025020214,home,0.58,0.57,0.58,2025-11-06T00:00:00Z,KXNHLGAME-25NOV05STLWSH-WSH,close,historical,https://api.elections.kalshi.com/trade-api/v2/historical/markets/KXNHLGAME-25NOV05STLWSH-WSH/candlesticks?start_ts=1762153560&end_ts=1762403400&period_interval=60
2025020215,away,0.48,0.47,0.48,2025-11-06T02:00:00Z,KXNHLGAME-25NOV05CBJCGY-CBJ,close,historical,https://api.elections.kalshi.com/trade-api/v2/historical/markets/KXNHLGAME-25NOV05CBJCGY-CBJ/candlesticks?start_ts=1762164360&end_ts=1762410600&period_interval=60
2025020215,home,0.53,0.52,0.53,2025-11-06T02:00:00Z,KXNHLGAME-25NOV05CBJCGY-CGY,close,historical,https://api.elections.kalshi.com/trade-api/v2/historical/markets/KXNHLGAME-25NOV05CBJCGY-CGY/candlesticks?start_ts=1762164360&end_ts=1762410600&period_interval=60
2025020216,away,0.43,0.42,0.43,2025-11-06T03:00:00Z,KXNHLGAME-25NOV05CHIVAN-CHI,close,historical,https://api.elections.kalshi.com/trade-api/v2/historical/markets/KXNHLGAME-25NOV05CHIVAN-CHI/candlesticks?start_ts=1762164360&end_ts=1762412400&period_interval=60
2025020216,home,0.59,0.58,0.59,2025-11-06T03:00:00Z,KXNHLGAME-25NOV05CHIVAN-VAN,close,historical,https://api.elections.kalshi.com/trade-api/v2/historical/markets/KXNHLGAME-25NOV05CHIVAN-VAN/candlesticks?start_ts=1762164360&end_ts=1762412400&period_interval=60
2025020217,home,0.62,0.61,0.62,2025-11-06T03:00:00Z,KXNHLGAME-25NOV05SJSEA-SEA,close,historical,https://api.elections.kalshi.com/trade-api/v2/historical/markets/KXNHLGAME-25NOV05SJSEA-SEA/candlesticks?start_ts=1762164360&end_ts=1762412400&period_interval=60
2025020217,away,0.4,0.39,0.4,2025-11-06T03:00:00Z,KXNHLGAME-25NOV05SJSEA-SJ,close,historical,https://api.elections.kalshi.com/trade-api/v2/historical/markets/KXNHLGAME-25NOV05SJSEA-SJ/candlesticks?start_ts=1762164360&end_ts=1762412400&period_interval=60
2025020218,home,0.42,0.41,0.42,2025-11-07T00:00:00Z,KXNHLGAME-25NOV06OTTBOS-BOS,close,historical,https://api.elections.kalshi.com/trade-api/v2/historical/markets/KXNHLGAME-25NOV06OTTBOS-BOS/candlesticks?start_ts=1762250760&end_ts=1762488000&period_interval=60
2025020218,away,0.6,0.59,0.6,2025-11-07T00:00:00Z,KXNHLGAME-25NOV06OTTBOS-OTT,close,historical,https://api.elections.kalshi.com/trade-api/v2/historical/markets/KXNHLGAME-25NOV06OTTBOS-OTT/candlesticks?start_ts=1762250760&end_ts=1762488000&period_interval=60
2025020219,home,0.57,0.56,0.57,2025-11-07T00:00:00Z,KXNHLGAME-25NOV06STLBUF-BUF,close,historical,https://api.elections.kalshi.com/trade-api/v2/historical/markets/KXNHLGAME-25NOV06STLBUF-BUF/candlesticks?start_ts=1762250760&end_ts=1762488000&period_interval=60
2025020219,away,0.44,0.43,0.44,2025-11-07T00:00:00Z,KXNHLGAME-25NOV06STLBUF-STL,close,historical,https://api.elections.kalshi.com/trade-api/v2/historical/markets/KXNHLGAME-25NOV06STLBUF-STL/candlesticks?start_ts=1762250760&end_ts=1762488000&period_interval=60
2025020220,away,0.45,0.43,0.45,2025-11-07T00:00:00Z,KXNHLGAME-25NOV06MTLNJ-MTL,close,historical,https://api.elections.kalshi.com/trade-api/v2/historical/markets/KXNHLGAME-25NOV06MTLNJ-MTL/candlesticks?start_ts=1762250760&end_ts=1762488000&period_interval=60
2025020220,home,0.57,0.55,0.57,2025-11-07T00:00:00Z,KXNHLGAME-25NOV06MTLNJ-NJ,close,historical,https://api.elections.kalshi.com/trade-api/v2/historical/markets/KXNHLGAME-25NOV06MTLNJ-NJ/candlesticks?start_ts=1762250760&end_ts=1762488000&period_interval=60
2025020221,home,0.51,0.49,0.51,2025-11-07T00:00:00Z,KXNHLGAME-25NOV06WSHPIT-PIT,close,historical,https://api.elections.kalshi.com/trade-api/v2/historical/markets/KXNHLGAME-25NOV06WSHPIT-PIT/candlesticks?start_ts=1762250760&end_ts=1762489800&period_interval=60
2025020221,away,0.51,0.49,0.51,2025-11-07T00:00:00Z,KXNHLGAME-25NOV06WSHPIT-WSH,close,historical,https://api.elections.kalshi.com/trade-api/v2/historical/markets/KXNHLGAME-25NOV06WSHPIT-WSH/candlesticks?start_ts=1762250760&end_ts=1762489800&period_interval=60
2025020222,home,0.65,0.64,0.65,2025-11-07T00:00:00Z,KXNHLGAME-25NOV06MINCAR-CAR,close,historical,https://api.elections.kalshi.com/trade-api/v2/historical/markets/KXNHLGAME-25NOV06MINCAR-CAR/candlesticks?start_ts=1762250760&end_ts=1762488000&period_interval=60
2025020222,away,0.35,0.34,0.35,2025-11-07T00:00:00Z,KXNHLGAME-25NOV06MINCAR-MIN,close,historical,https://api.elections.kalshi.com/trade-api/v2/historical/markets/KXNHLGAME-25NOV06MINCAR-MIN/candlesticks?start_ts=1762250760&end_ts=1762488000&period_interval=60
2025020223,home,0.55,0.54,0.55,2025-11-07T01:00:00Z,KXNHLGAME-25NOV06PHINSH-NSH,close,historical,https://api.elections.kalshi.com/trade-api/v2/historical/markets/KXNHLGAME-25NOV06PHINSH-NSH/candlesticks?start_ts=1762250760&end_ts=1762491600&period_interval=60
2025020223,away,0.46,0.45,0.46,2025-11-07T01:00:00Z,KXNHLGAME-25NOV06PHINSH-PHI,close,historical,https://api.elections.kalshi.com/trade-api/v2/historical/markets/KXNHLGAME-25NOV06PHINSH-PHI/candlesticks?start_ts=1762250760&end_ts=1762491600&period_interval=60
2025020224,away,0.39,0.38,0.39,2025-11-07T01:00:00Z,KXNHLGAME-25NOV06ANADAL-ANA,close,historical,https://api.elections.kalshi.com/trade-api/v2/historical/markets/KXNHLGAME-25NOV06ANADAL-ANA/candlesticks?start_ts=1762250760&end_ts=1762491600&period_interval=60
2025020224,home,0.62,0.61,0.62,2025-11-07T01:00:00Z,KXNHLGAME-25NOV06ANADAL-DAL,close,historical,https://api.elections.kalshi.com/trade-api/v2/historical/markets/KXNHLGAME-25NOV06ANADAL-DAL/candlesticks?start_ts=1762250760&end_ts=1762491600&period_interval=60
2025020225,away,0.48,0.47,0.48,2025-11-07T03:00:00Z,KXNHLGAME-25NOV06TBVGK-TB,close,historical,https://api.elections.kalshi.com/trade-api/v2/historical/markets/KXNHLGAME-25NOV06TBVGK-TB/candlesticks?start_ts=1762250760&end_ts=1762498800&period_interval=60
2025020225,home,0.54,0.53,0.54,2025-11-07T03:00:00Z,KXNHLGAME-25NOV06TBVGK-VGK,close,historical,https://api.elections.kalshi.com/trade-api/v2/historical/markets/KXNHLGAME-25NOV06TBVGK-VGK/candlesticks?start_ts=1762250760&end_ts=1762498800&period_interval=60
2025020226,away,0.51,0.49,0.5,2025-11-07T03:00:00Z,KXNHLGAME-25NOV06FLALA-FLA,close,historical,https://api.elections.kalshi.com/trade-api/v2/historical/markets/KXNHLGAME-25NOV06FLALA-FLA/candlesticks?start_ts=1762250760&end_ts=1762498800&period_interval=60
2025020226,home,0.51,0.49,0.51,2025-11-07T03:00:00Z,KXNHLGAME-25NOV06FLALA-LA,close,historical,https://api.elections.kalshi.com/trade-api/v2/historical/markets/KXNHLGAME-25NOV06FLALA-LA/candlesticks?start_ts=1762250760&end_ts=1762498800&period_interval=60
2025020227,home,0.54,0.53,0.54,2025-11-08T00:00:00Z,KXNHLGAME-25NOV07NYRDET-DET,close,historical,https://api.elections.kalshi.com/trade-api/v2/historical/markets/KXNHLGAME-25NOV07NYRDET-DET/candlesticks?start_ts=1762326360&end_ts=1762574400&period_interval=60
2025020227,away,0.48,0.47,0.48,2025-11-08T00:00:00Z,KXNHLGAME-25NOV07NYRDET-NYR,close,historical,https://api.elections.kalshi.com/trade-api/v2/historical/markets/KXNHLGAME-25NOV07NYRDET-NYR/candlesticks?start_ts=1762326360&end_ts=1762574400&period_interval=60
2025020228,away,0.42,0.4,0.42,2025-11-08T00:00:00Z,KXNHLGAME-25NOV07MINNYI-MIN,close,historical,https://api.elections.kalshi.com/trade-api/v2/historical/markets/KXNHLGAME-25NOV07MINNYI-MIN/candlesticks?start_ts=1762326360&end_ts=1762574400&period_interval=60
2025020228,home,0.6,0.59,0.6,2025-11-08T00:00:00Z,KXNHLGAME-25NOV07MINNYI-NYI,close,historical,https://api.elections.kalshi.com/trade-api/v2/historical/markets/KXNHLGAME-25NOV07MINNYI-NYI/candlesticks?start_ts=1762326360&end_ts=1762574400&period_interval=60
2025020229,home,0.58,0.57,0.58,2025-11-08T02:00:00Z,KXNHLGAME-25NOV07CHICGY-CGY,close,historical,https://api.elections.kalshi.com/trade-api/v2/historical/markets/KXNHLGAME-25NOV07CHICGY-CGY/candlesticks?start_ts=1762326360&end_ts=1762581600&period_interval=60
2025020229,away,0.43,0.42,0.43,2025-11-08T02:00:00Z,KXNHLGAME-25NOV07CHICGY-CHI,close,historical,https://api.elections.kalshi.com/trade-api/v2/historical/markets/KXNHLGAME-25NOV07CHICGY-CHI/candlesticks?start_ts=1762326360&end_ts=1762581600&period_interval=60
2025020230,home,0.37,0.36,0.37,2025-11-08T03:00:00Z,KXNHLGAME-25NOV07WPGSJ-SJ,close,historical,https://api.elections.kalshi.com/trade-api/v2/historical/markets/KXNHLGAME-25NOV07WPGSJ-SJ/candlesticks?start_ts=1762337160&end_ts=1762585200&period_interval=60
2025020230,away,0.64,0.63,0.64,2025-11-08T03:00:00Z,KXNHLGAME-25NOV07WPGSJ-WPG,close,historical,https://api.elections.kalshi.com/trade-api/v2/historical/markets/KXNHLGAME-25NOV07WPGSJ-WPG/candlesticks?start_ts=1762337160&end_ts=1762585200&period_interval=60
2025020231,home,0.63,0.62,0.63,2025-11-08T17:00:00Z,KXNHLGAME-25NOV08PITNJ-NJ,close,historical,https://api.elections.kalshi.com/trade-api/v2/historical/markets/KXNHLGAME-25NOV08PITNJ-NJ/candlesticks?start_ts=1762391160&end_ts=1762637400&period_interval=60
2025020231,away,0.38,0.37,0.37,2025-11-08T17:00:00Z,KXNHLGAME-25NOV08PITNJ-PIT,close,historical,https://api.elections.kalshi.com/trade-api/v2/historical/markets/KXNHLGAME-25NOV08PITNJ-PIT/candlesticks?start_ts=1762391160&end_ts=1762637400&period_interval=60
2025020232,away,0.53,0.52,0.53,2025-11-08T18:00:00Z,KXNHLGAME-25NOV08OTTPHI-OTT,close,historical,https://api.elections.kalshi.com/trade-api/v2/historical/markets/KXNHLGAME-25NOV08OTTPHI-OTT/candlesticks?start_ts=1762391160&end_ts=1762639200&period_interval=60
2025020232,home,0.48,0.47,0.48,2025-11-08T18:00:00Z,KXNHLGAME-25NOV08OTTPHI-PHI,close,historical,https://api.elections.kalshi.com/trade-api/v2/historical/markets/KXNHLGAME-25NOV08OTTPHI-PHI/candlesticks?start_ts=1762391160&end_ts=1762639200&period_interval=60
2025020233,away,0.59,0.58,0.59,2025-11-08T20:00:00Z,KXNHLGAME-25NOV08DALNSH-DAL,close,historical,https://api.elections.kalshi.com/trade-api/v2/historical/markets/KXNHLGAME-25NOV08DALNSH-DAL/candlesticks?start_ts=1762401960&end_ts=1762648200&period_interval=60
2025020233,home,0.42,0.41,0.42,2025-11-08T20:00:00Z,KXNHLGAME-25NOV08DALNSH-NSH,close,historical,https://api.elections.kalshi.com/trade-api/v2/historical/markets/KXNHLGAME-25NOV08DALNSH-NSH/candlesticks?start_ts=1762401960&end_ts=1762648200&period_interval=60
2025020234,away,0.36,0.34,0.36,2025-11-09T00:00:00Z,KXNHLGAME-25NOV08BOSTOR-BOS,close,historical,https://api.elections.kalshi.com/trade-api/v2/historical/markets/KXNHLGAME-25NOV08BOSTOR-BOS/candlesticks?start_ts=1762412820&end_ts=1762660800&period_interval=60
2025020234,home,0.65,0.64,0.65,2025-11-09T00:00:00Z,KXNHLGAME-25NOV08BOSTOR-TOR,close,historical,https://api.elections.kalshi.com/trade-api/v2/historical/markets/KXNHLGAME-25NOV08BOSTOR-TOR/candlesticks?start_ts=1762412820&end_ts=1762660800&period_interval=60
2025020235,home,0.47,0.46,0.47,2025-11-09T00:00:00Z,KXNHLGAME-25NOV08UTAMTL-MTL,close,historical,https://api.elections.kalshi.com/trade-api/v2/historical/markets/KXNHLGAME-25NOV08UTAMTL-MTL/candlesticks?start_ts=1762412820&end_ts=1762660800&period_interval=60
2025020235,away,0.54,0.53,0.54,2025-11-09T00:00:00Z,KXNHLGAME-25NOV08UTAMTL-UTA,close,historical,https://api.elections.kalshi.com/trade-api/v2/historical/markets/KXNHLGAME-25NOV08UTAMTL-UTA/candlesticks?start_ts=1762412820&end_ts=1762660800&period_interval=60
2025020236,home,0.58,0.57,0.58,2025-11-09T00:00:00Z,KXNHLGAME-25NOV08WSHTB-TB,close,historical,https://api.elections.kalshi.com/trade-api/v2/historical/markets/KXNHLGAME-25NOV08WSHTB-TB/candlesticks?start_ts=1762412820&end_ts=1762660800&period_interval=60
2025020236,away,0.43,0.42,0.43,2025-11-09T00:00:00Z,KXNHLGAME-25NOV08WSHTB-WSH,close,historical,https://api.elections.kalshi.com/trade-api/v2/historical/markets/KXNHLGAME-25NOV08WSHTB-WSH/candlesticks?start_ts=1762412820&end_ts=1762660800&period_interval=60
2025020237,away,0.42,0.4,0.42,2025-11-09T00:00:00Z,KXNHLGAME-25NOV08NYINYR-NYI,close,historical,https://api.elections.kalshi.com/trade-api/v2/historical/markets/KXNHLGAME-25NOV08NYINYR-NYI/candlesticks?start_ts=1762412820&end_ts=1762660800&period_interval=60
2025020237,home,0.6,0.58,0.6,2025-11-09T00:00:00Z,KXNHLGAME-25NOV08NYINYR-NYR,close,historical,https://api.elections.kalshi.com/trade-api/v2/historical/markets/KXNHLGAME-25NOV08NYINYR-NYR/candlesticks?start_ts=1762412820&end_ts=1762660800&period_interval=60
2025020238,away,0.31,0.3,0.31,2025-11-09T00:00:00Z,KXNHLGAME-25NOV08BUFCAR-BUF,close,historical,https://api.elections.kalshi.com/trade-api/v2/historical/markets/KXNHLGAME-25NOV08BUFCAR-BUF/candlesticks?start_ts=1762412820&end_ts=1762660800&period_interval=60
2025020238,home,0.7,0.69,0.7,2025-11-09T00:00:00Z,KXNHLGAME-25NOV08BUFCAR-CAR,close,historical,https://api.elections.kalshi.com/trade-api/v2/historical/markets/KXNHLGAME-25NOV08BUFCAR-CAR/candlesticks?start_ts=1762412820&end_ts=1762660800&period_interval=60
2025020239,away,0.4,0.39,0.4,2025-11-09T00:00:00Z,KXNHLGAME-25NOV08SEASTL-SEA,close,historical,https://api.elections.kalshi.com/trade-api/v2/historical/markets/KXNHLGAME-25NOV08SEASTL-SEA/candlesticks?start_ts=1762412820&end_ts=1762660800&period_interval=60
2025020239,home,0.6,0.59,0.6,2025-11-09T00:00:00Z,KXNHLGAME-25NOV08SEASTL-STL,close,historical,https://api.elections.kalshi.com/trade-api/v2/historical/markets/KXNHLGAME-25NOV08SEASTL-STL/candlesticks?start_ts=1762412820&end_ts=1762660800&period_interval=60
2025020240,away,0.55,0.53,0.55,2025-11-09T03:00:00Z,KXNHLGAME-25NOV08COLEDM-COL,close,historical,https://api.elections.kalshi.com/trade-api/v2/historical/markets/KXNHLGAME-25NOV08COLEDM-COL/candlesticks?start_ts=1762423620&end_ts=1762671600&period_interval=60
2025020240,home,0.47,0.45,0.47,2025-11-09T03:00:00Z,KXNHLGAME-25NOV08COLEDM-EDM,close,historical,https://api.elections.kalshi.com/trade-api/v2/historical/markets/KXNHLGAME-25NOV08COLEDM-EDM/candlesticks?start_ts=1762423620&end_ts=1762671600&period_interval=60
2025020241,away,0.5,0.49,0.5,2025-11-09T03:00:00Z,KXNHLGAME-25NOV08CBJVAN-CBJ,close,historical,https://api.elections.kalshi.com/trade-api/v2/historical/markets/KXNHLGAME-25NOV08CBJVAN-CBJ/candlesticks?start_ts=1762423560&end_ts=1762671600&period_interval=60
2025020241,home,0.51,0.5,0.51,2025-11-09T03:00:00Z,KXNHLGAME-25NOV08CBJVAN-VAN,close,historical,https://api.elections.kalshi.com/trade-api/v2/historical/markets/KXNHLGAME-25NOV08CBJVAN-VAN/candlesticks?start_ts=1762423560&end_ts=1762671600&period_interval=60
2025020242,away,0.35,0.34,0.35,2025-11-09T03:00:00Z,KXNHLGAME-25NOV08ANAVGK-ANA,close,historical,https://api.elections.kalshi.com/trade-api/v2/historical/markets/KXNHLGAME-25NOV08ANAVGK-ANA/candlesticks?start_ts=1762423560&end_ts=1762671600&period_interval=60
2025020242,home,0.67,0.66,0.67,2025-11-09T03:00:00Z,KXNHLGAME-25NOV08ANAVGK-VGK,close,historical,https://api.elections.kalshi.com/trade-api/v2/historical/markets/KXNHLGAME-25NOV08ANAVGK-VGK/candlesticks?start_ts=1762423560&end_ts=1762671600&period_interval=60
2025020243,away,0.7,0.69,0.7,2025-11-09T03:00:00Z,KXNHLGAME-25NOV08FLASJ-FLA,close,historical,https://api.elections.kalshi.com/trade-api/v2/historical/markets/KXNHLGAME-25NOV08FLASJ-FLA/candlesticks?start_ts=1762423560&end_ts=1762671600&period_interval=60
2025020243,home,0.31,0.3,0.31,2025-11-09T03:00:00Z,KXNHLGAME-25NOV08FLASJ-SJ,close,historical,https://api.elections.kalshi.com/trade-api/v2/historical/markets/KXNHLGAME-25NOV08FLASJ-SJ/candlesticks?start_ts=1762423560&end_ts=1762671600&period_interval=60
2025020244,away,0.38,0.37,0.38,2025-11-09T18:00:00Z,KXNHLGAME-25NOV09CHIDET-CHI,close,historical,https://api.elections.kalshi.com/trade-api/v2/historical/markets/KXNHLGAME-25NOV09CHIDET-CHI/candlesticks?start_ts=1762477620&end_ts=1762725888&period_interval=60
2025020244,home,0.64,0.63,0.64,2025-11-09T18:00:00Z,KXNHLGAME-25NOV09CHIDET-DET,close,historical,https://api.elections.kalshi.com/trade-api/v2/historical/markets/KXNHLGAME-25NOV09CHIDET-DET/candlesticks?start_ts=1762477620&end_ts=1762725888&period_interval=60
2025020245,away,0.6,0.59,0.6,2025-11-09T19:00:00Z,KXNHLGAME-25NOV09LAPIT-LA,close,historical,https://api.elections.kalshi.com/trade-api/v2/historical/markets/KXNHLGAME-25NOV09LAPIT-LA/candlesticks?start_ts=1762477620&end_ts=1762729200&period_interval=60
2025020245,home,0.41,0.4,0.41,2025-11-09T19:00:00Z,KXNHLGAME-25NOV09LAPIT-PIT,close,historical,https://api.elections.kalshi.com/trade-api/v2/historical/markets/KXNHLGAME-25NOV09LAPIT-PIT/candlesticks?start_ts=1762477620&end_ts=1762729200&period_interval=60
2025020246,away,0.56,0.55,0.56,2025-11-10T00:00:00Z,KXNHLGAME-25NOV09CARTOR-CAR,close,historical,https://api.elections.kalshi.com/trade-api/v2/historical/markets/KXNHLGAME-25NOV09CARTOR-CAR/candlesticks?start_ts=1762499220&end_ts=1762747200&period_interval=60
2025020246,home,0.46,0.45,0.46,2025-11-10T00:00:00Z,KXNHLGAME-25NOV09CARTOR-TOR,close,historical,https://api.elections.kalshi.com/trade-api/v2/historical/markets/KXNHLGAME-25NOV09CARTOR-TOR/candlesticks?start_ts=1762499220&end_ts=1762747200&period_interval=60
2025020247,home,0.49,0.47,0.49,2025-11-10T00:00:00Z,KXNHLGAME-25NOV09UTAOTT-OTT,close,historical,https://api.elections.kalshi.com/trade-api/v2/historical/markets/KXNHLGAME-25NOV09UTAOTT-OTT/candlesticks?start_ts=1762499220&end_ts=1762747200&period_interval=60
2025020247,away,0.53,0.51,0.53,2025-11-10T00:00:00Z,KXNHLGAME-25NOV09UTAOTT-UTA,close,historical,https://api.elections.kalshi.com/trade-api/v2/historical/markets/KXNHLGAME-25NOV09UTAOTT-UTA/candlesticks?start_ts=1762499220&end_ts=1762747200&period_interval=60
2025020248,home,0.64,0.63,0.64,2025-11-10T00:00:00Z,KXNHLGAME-25NOV09SEADAL-DAL,close,historical,https://api.elections.kalshi.com/trade-api/v2/historical/markets/KXNHLGAME-25NOV09SEADAL-DAL/candlesticks?start_ts=1762499220&end_ts=1762747200&period_interval=60
2025020248,away,0.37,0.35,0.37,2025-11-10T00:00:00Z,KXNHLGAME-25NOV09SEADAL-SEA,close,historical,https://api.elections.kalshi.com/trade-api/v2/historical/markets/KXNHLGAME-25NOV09SEADAL-SEA/candlesticks?start_ts=1762499220&end_ts=1762747200&period_interval=60
2025020249,away,0.43,0.41,0.43,2025-11-10T01:00:00Z,KXNHLGAME-25NOV09CGYMIN-CGY,close,historical,https://api.elections.kalshi.com/trade-api/v2/historical/markets/KXNHLGAME-25NOV09CGYMIN-CGY/candlesticks?start_ts=1762499220&end_ts=1762750800&period_interval=60
2025020249,home,0.57,0.56,0.58,2025-11-10T01:00:00Z,KXNHLGAME-25NOV09CGYMIN-MIN,close,historical,https://api.elections.kalshi.com/trade-api/v2/historical/markets/KXNHLGAME-25NOV09CGYMIN-MIN/candlesticks?start_ts=1762499220&end_ts=1762750800&period_interval=60
2025020250,away,0.65,0.64,0.65,2025-11-10T03:00:00Z,KXNHLGAME-25NOV09COLVAN-COL,close,historical,https://api.elections.kalshi.com/trade-api/v2/historical/markets/KXNHLGAME-25NOV09COLVAN-COL/candlesticks?start_ts=1762510020&end_ts=1762758000&period_interval=60
2025020250,home,0.36,0.35,0.36,2025-11-10T03:00:00Z,KXNHLGAME-25NOV09COLVAN-VAN,close,historical,https://api.elections.kalshi.com/trade-api/v2/historical/markets/KXNHLGAME-25NOV09COLVAN-VAN/candlesticks?start_ts=1762510020&end_ts=1762758000&period_interval=60
2025020251,home,0.44,0.43,0.44,2025-11-10T03:00:00Z,KXNHLGAME-25NOV09WPGANA-ANA,close,historical,https://api.elections.kalshi.com/trade-api/v2/historical/markets/KXNHLGAME-25NOV09WPGANA-ANA/candlesticks?start_ts=1762510020&end_ts=1762758000&period_interval=60
2025020251,away,0.56,0.55,0.56,2025-11-10T03:00:00Z,KXNHLGAME-25NOV09WPGANA-WPG,close,historical,https://api.elections.kalshi.com/trade-api/v2/historical/markets/KXNHLGAME-25NOV09WPGANA-WPG/candlesticks?start_ts=1762510020&end_ts=1762758000&period_interval=60
2025020252,home,0.57,0.56,0.57,2025-11-11T00:00:00Z,KXNHLGAME-25NOV10NYINJ-NJ,close,historical,https://api.elections.kalshi.com/trade-api/v2/historical/markets/KXNHLGAME-25NOV10NYINJ-NJ/candlesticks?start_ts=1762585560&end_ts=1762833600&period_interval=60
2025020252,away,0.43,0.42,0.43,2025-11-11T00:00:00Z,KXNHLGAME-25NOV10NYINJ-NYI,close,historical,https://api.elections.kalshi.com/trade-api/v2/historical/markets/KXNHLGAME-25NOV10NYINJ-NYI/candlesticks?start_ts=1762585560&end_ts=1762833600&period_interval=60
2025020253,away,0.37,0.36,0.37,2025-11-11T00:00:00Z,KXNHLGAME-25NOV10NSHNYR-NSH,close,historical,https://api.elections.kalshi.com/trade-api/v2/historical/markets/KXNHLGAME-25NOV10NSHNYR-NSH/candlesticks?start_ts=1762585560&end_ts=1762833600&period_interval=60
2025020253,home,0.65,0.63,0.65,2025-11-11T00:00:00Z,KXNHLGAME-25NOV10NSHNYR-NYR,close,historical,https://api.elections.kalshi.com/trade-api/v2/historical/markets/KXNHLGAME-25NOV10NSHNYR-NYR/candlesticks?start_ts=1762585560&end_ts=1762833600&period_interval=60
2025020254,away,0.39,0.38,0.39,2025-11-11T01:00:00Z,KXNHLGAME-25NOV10CBJEDM-CBJ,close,historical,https://api.elections.kalshi.com/trade-api/v2/historical/markets/KXNHLGAME-25NOV10CBJEDM-CBJ/candlesticks?start_ts=1762585560&end_ts=1762839000&period_interval=60
2025020254,home,0.63,0.62,0.63,2025-11-11T01:00:00Z,KXNHLGAME-25NOV10CBJEDM-EDM,close,historical,https://api.elections.kalshi.com/trade-api/v2/historical/markets/KXNHLGAME-25NOV10CBJEDM-EDM/candlesticks?start_ts=1762585560&end_ts=1762839000&period_interval=60
2025020255,away,0.46,0.45,0.46,2025-11-11T03:00:00Z,KXNHLGAME-25NOV10FLAVGK-FLA,close,historical,https://api.elections.kalshi.com/trade-api/v2/historical/markets/KXNHLGAME-25NOV10FLAVGK-FLA/candlesticks?start_ts=1762596360&end_ts=1762844400&period_interval=60
2025020255,home,0.55,0.54,0.55,2025-11-11T03:00:00Z,KXNHLGAME-25NOV10FLAVGK-VGK,close,historical,https://api.elections.kalshi.com/trade-api/v2/historical/markets/KXNHLGAME-25NOV10FLAVGK-VGK/candlesticks?start_ts=1762596360&end_ts=1762844400&period_interval=60
2025020256,home,0.45,0.44,0.45,2025-11-12T00:00:00Z,KXNHLGAME-25NOV11TORBOS-BOS,close,historical,https://api.elections.kalshi.com/trade-api/v2/historical/markets/KXNHLGAME-25NOV11TORBOS-BOS/candlesticks?start_ts=1762671960&end_ts=1762920000&period_interval=60
2025020256,away,0.56,0.54,0.56,2025-11-12T00:00:00Z,KXNHLGAME-25NOV11TORBOS-TOR,close,historical,https://api.elections.kalshi.com/trade-api/v2/historical/markets/KXNHLGAME-25NOV11TORBOS-TOR/candlesticks?start_ts=1762671960&end_ts=1762920000&period_interval=60
2025020257,away,0.53,0.51,0.53,2025-11-12T00:00:00Z,KXNHLGAME-25NOV11LAMTL-LA,close,historical,https://api.elections.kalshi.com/trade-api/v2/historical/markets/KXNHLGAME-25NOV11LAMTL-LA/candlesticks?start_ts=1762671960&end_ts=1762920000&period_interval=60
2025020257,home,0.48,0.47,0.48,2025-11-12T00:00:00Z,KXNHLGAME-25NOV11LAMTL-MTL,close,historical,https://api.elections.kalshi.com/trade-api/v2/historical/markets/KXNHLGAME-25NOV11LAMTL-MTL/candlesticks?start_ts=1762671960&end_ts=1762920000&period_interval=60
2025020258,away,0.48,0.46,0.48,2025-11-12T00:00:00Z,KXNHLGAME-25NOV11DALOTT-DAL,close,historical,https://api.elections.kalshi.com/trade-api/v2/historical/markets/KXNHLGAME-25NOV11DALOTT-DAL/candlesticks?start_ts=1762671960&end_ts=1762920000&period_interval=60
2025020258,home,0.53,0.52,0.53,2025-11-12T00:00:00Z,KXNHLGAME-25NOV11DALOTT-OTT,close,historical,https://api.elections.kalshi.com/trade-api/v2/historical/markets/KXNHLGAME-25NOV11DALOTT-OTT/candlesticks?start_ts=1762671960&end_ts=1762920000&period_interval=60
2025020259,home,0.6,0.59,0.6,2025-11-12T00:00:00Z,KXNHLGAME-25NOV11WSHCAR-CAR,close,historical,https://api.elections.kalshi.com/trade-api/v2/historical/markets/KXNHLGAME-25NOV11WSHCAR-CAR/candlesticks?start_ts=1762671960&end_ts=1762920000&period_interval=60
2025020259,away,0.41,0.4,0.41,2025-11-12T00:00:00Z,KXNHLGAME-25NOV11WSHCAR-WSH,close,historical,https://api.elections.kalshi.com/trade-api/v2/historical/markets/KXNHLGAME-25NOV11WSHCAR-WSH/candlesticks?start_ts=1762671960&end_ts=1762920000&period_interval=60
2025020260,away,0.45,0.43,0.45,2025-11-12T01:00:00Z,KXNHLGAME-25NOV11CGYSTL-CGY,close,historical,https://api.elections.kalshi.com/trade-api/v2/historical/markets/KXNHLGAME-25NOV11CGYSTL-CGY/candlesticks?start_ts=1762671960&end_ts=1762923600&period_interval=60
2025020260,home,0.57,0.56,0.57,2025-11-12T01:00:00Z,KXNHLGAME-25NOV11CGYSTL-STL,close,historical,https://api.elections.kalshi.com/trade-api/v2/historical/markets/KXNHLGAME-25NOV11CGYSTL-STL/candlesticks?start_ts=1762671960&end_ts=1762923600&period_interval=60
2025020261,home,0.64,0.63,0.64,2025-11-12T01:00:00Z,KXNHLGAME-25NOV11SJMIN-MIN,close,historical,https://api.elections.kalshi.com/trade-api/v2/historical/markets/KXNHLGAME-25NOV11SJMIN-MIN/candlesticks?start_ts=1762671960&end_ts=1762923600&period_interval=60
2025020261,away,0.37,0.36,0.37,2025-11-12T01:00:00Z,KXNHLGAME-25NOV11SJMIN-SJ,close,historical,https://api.elections.kalshi.com/trade-api/v2/historical/markets/KXNHLGAME-25NOV11SJMIN-SJ/candlesticks?start_ts=1762671960&end_ts=1762923600&period_interval=60
2025020262,away,0.32,0.31,0.32,2025-11-12T02:00:00Z,KXNHLGAME-25NOV11ANACOL-ANA,close,historical,https://api.elections.kalshi.com/trade-api/v2/historical/markets/KXNHLGAME-25NOV11ANACOL-ANA/candlesticks?start_ts=1762682700&end_ts=1762929000&period_interval=60
2025020262,home,0.7,0.69,0.7,2025-11-12T02:00:00Z,KXNHLGAME-25NOV11ANACOL-COL,close,historical,https://api.elections.kalshi.com/trade-api/v2/historical/markets/KXNHLGAME-25NOV11ANACOL-COL/candlesticks?start_ts=1762682700&end_ts=1762929000&period_interval=60
2025020263,home,0.48,0.46,0.48,2025-11-12T03:00:00Z,KXNHLGAME-25NOV11WPGVAN-VAN,close,historical,https://api.elections.kalshi.com/trade-api/v2/historical/markets/KXNHLGAME-25NOV11WPGVAN-VAN/candlesticks?start_ts=1762682700&end_ts=1762930800&period_interval=60
2025020263,away,0.53,0.52,0.53,2025-11-12T03:00:00Z,KXNHLGAME-25NOV11WPGVAN-WPG,close,historical,https://api.elections.kalshi.com/trade-api/v2/historical/markets/KXNHLGAME-25NOV11WPGVAN-WPG/candlesticks?start_ts=1762682700&end_ts=1762930800&period_interval=60
2025020264,away,0.48,0.47,0.48,2025-11-12T03:00:00Z,KXNHLGAME-25NOV11CBJSEA-CBJ,close,historical,https://api.elections.kalshi.com/trade-api/v2/historical/markets/KXNHLGAME-25NOV11CBJSEA-CBJ/candlesticks?start_ts=1762682700&end_ts=1762930800&period_interval=60
2025020264,home,0.54,0.53,0.54,2025-11-12T03:00:00Z,KXNHLGAME-25NOV11CBJSEA-SEA,close,historical,https://api.elections.kalshi.com/trade-api/v2/historical/markets/KXNHLGAME-25NOV11CBJSEA-SEA/candlesticks?start_ts=1762682700&end_ts=1762930800&period_interval=60
2025020265,away,0.47,0.46,0.47,2025-11-13T00:00:00Z,KXNHLGAME-25NOV12NYRTB-NYR,close,historical,https://api.elections.kalshi.com/trade-api/v2/historical/markets/KXNHLGAME-25NOV12NYRTB-NYR/candlesticks?start_ts=1762758300&end_ts=1763006400&period_interval=60
2025020265,home,0.54,0.53,0.54,2025-11-13T00:00:00Z,KXNHLGAME-25NOV12NYRTB-TB,close,historical,https://api.elections.kalshi.com/trade-api/v2/historical/markets/KXNHLGAME-25NOV12NYRTB-TB/candlesticks?start_ts=1762758300&end_ts=1763006400&period_interval=60
2025020266,away,0.55,0.53,0.55,2025-11-13T00:00:00Z,KXNHLGAME-25NOV12EDMPHI-EDM,close,historical,https://api.elections.kalshi.com/trade-api/v2/historical/markets/KXNHLGAME-25NOV12EDMPHI-EDM/candlesticks?start_ts=1762758300&end_ts=1763008200&period_interval=60
2025020266,home,0.47,0.46,0.47,2025-11-13T00:00:00Z,KXNHLGAME-25NOV12EDMPHI-PHI,close,historical,https://api.elections.kalshi.com/trade-api/v2/historical/markets/KXNHLGAME-25NOV12EDMPHI-PHI/candlesticks?start_ts=1762758300&end_ts=1763008200&period_interval=60
2025020267,away,0.35,0.34,0.35,2025-11-13T02:00:00Z,KXNHLGAME-25NOV12BUFUTA-BUF,close,historical,https://api.elections.kalshi.com/trade-api/v2/historical/markets/KXNHLGAME-25NOV12BUFUTA-BUF/candlesticks?start_ts=1762758300&end_ts=1763013600&period_interval=60
2025020267,home,0.66,0.65,0.66,2025-11-13T02:00:00Z,KXNHLGAME-25NOV12BUFUTA-UTA,close,historical,https://api.elections.kalshi.com/trade-api/v2/historical/markets/KXNHLGAME-25NOV12BUFUTA-UTA/candlesticks?start_ts=1762758300&end_ts=1763013600&period_interval=60
2025020268,home,0.43,0.42,0.43,2025-11-13T02:00:00Z,KXNHLGAME-25NOV12NJCHI-CHI,close,historical,https://api.elections.kalshi.com/trade-api/v2/historical/markets/KXNHLGAME-25NOV12NJCHI-CHI/candlesticks?start_ts=1762769100&end_ts=1763015400&period_interval=60
2025020268,away,0.58,0.57,0.58,2025-11-13T02:00:00Z,KXNHLGAME-25NOV12NJCHI-NJ,close,historical,https://api.elections.kalshi.com/trade-api/v2/historical/markets/KXNHLGAME-25NOV12NJCHI-NJ/candlesticks?start_ts=1762769100&end_ts=1763015400&period_interval=60
2025020269,away,0.56,0.55,0.56,2025-11-14T00:00:00Z,KXNHLGAME-25NOV13LATOR-LA,close,historical,https://api.elections.kalshi.com/trade-api/v2/historical/markets/KXNHLGAME-25NOV13LATOR-LA/candlesticks?start_ts=1762844700&end_ts=1763092800&period_interval=60
2025020269,home,0.44,0.43,0.44,2025-11-14T00:00:00Z,KXNHLGAME-25NOV13LATOR-TOR,close,historical,https://api.elections.kalshi.com/trade-api/v2/historical/markets/KXNHLGAME-25NOV13LATOR-TOR/candlesticks?start_ts=1762844700&end_ts=1763092800&period_interval=60
2025020270,away,0.49,0.48,0.49,2025-11-14T00:00:00Z,KXNHLGAME-25NOV13DALMTL-DAL,close,historical,https://api.elections.kalshi.com/trade-api/v2/historical/markets/KXNHLGAME-25NOV13DALMTL-DAL/candlesticks?start_ts=1762844700&end_ts=1763092800&period_interval=60
2025020270,home,0.52,0.51,0.52,2025-11-14T00:00:00Z,KXNHLGAME-25NOV13DALMTL-MTL,close,historical,https://api.elections.kalshi.com/trade-api/v2/historical/markets/KXNHLGAME-25NOV13DALMTL-MTL/candlesticks?start_ts=1762844700&end_ts=1763092800&period_interval=60
2025020271,away,0.42,0.4,0.42,2025-11-14T00:00:00Z,KXNHLGAME-25NOV13BOSOTT-BOS,close,historical,https://api.elections.kalshi.com/trade-api/v2/historical/markets/KXNHLGAME-25NOV13BOSOTT-BOS/candlesticks?start_ts=1762844700&end_ts=1763092800&period_interval=60
2025020271,home,0.59,0.58,0.59,2025-11-14T00:00:00Z,KXNHLGAME-25NOV13BOSOTT-OTT,close,historical,https://api.elections.kalshi.com/trade-api/v2/historical/markets/KXNHLGAME-25NOV13BOSOTT-OTT/candlesticks?start_ts=1762844700&end_ts=1763092800&period_interval=60
2025020272,away,0.46,0.44,0.46,2025-11-14T00:00:00Z,KXNHLGAME-25NOV13ANADET-ANA,close,historical,https://api.elections.kalshi.com/trade-api/v2/historical/markets/KXNHLGAME-25NOV13ANADET-ANA/candlesticks?start_ts=1762844700&end_ts=1763092800&period_interval=60
2025020272,home,0.56,0.54,0.56,2025-11-14T00:00:00Z,KXNHLGAME-25NOV13ANADET-DET,close,historical,https://api.elections.kalshi.com/trade-api/v2/historical/markets/KXNHLGAME-25NOV13ANADET-DET/candlesticks?start_ts=1762844700&end_ts=1763092800&period_interval=60
2025020273,home,0.54,0.53,0.54,2025-11-14T00:00:00Z,KXNHLGAME-25NOV13WSHFLA-FLA,close,historical,https://api.elections.kalshi.com/trade-api/v2/historical/markets/KXNHLGAME-25NOV13WSHFLA-FLA/candlesticks?start_ts=1762844700&end_ts=1763092800&period_interval=60
2025020273,away,0.47,0.46,0.47,2025-11-14T00:00:00Z,KXNHLGAME-25NOV13WSHFLA-WSH,close,historical,https://api.elections.kalshi.com/trade-api/v2/historical/markets/KXNHLGAME-25NOV13WSHFLA-WSH/candlesticks?start_ts=1762844700&end_ts=1763092800&period_interval=60
2025020274,home,0.55,0.54,0.55,2025-11-14T00:00:00Z,KXNHLGAME-25NOV13EDMCBJ-CBJ,close,historical,https://api.elections.kalshi.com/trade-api/v2/historical/markets/KXNHLGAME-25NOV13EDMCBJ-CBJ/candlesticks?start_ts=1762844700&end_ts=1763094600&period_interval=60
2025020274,away,0.45,0.44,0.45,2025-11-14T00:00:00Z,KXNHLGAME-25NOV13EDMCBJ-EDM,close,historical,https://api.elections.kalshi.com/trade-api/v2/historical/markets/KXNHLGAME-25NOV13EDMCBJ-EDM/candlesticks?start_ts=1762844700&end_ts=1763094600&period_interval=60
2025020275,away,0.24,0.23,0.24,2025-11-14T02:00:00Z,KXNHLGAME-25NOV13BUFCOL-BUF,close,historical,https://api.elections.kalshi.com/trade-api/v2/historical/markets/KXNHLGAME-25NOV13BUFCOL-BUF/candlesticks?start_ts=1762844700&end_ts=1763100000&period_interval=60
2025020275,home,0.78,0.77,0.78,2025-11-14T02:00:00Z,KXNHLGAME-25NOV13BUFCOL-COL,close,historical,https://api.elections.kalshi.com/trade-api/v2/historical/markets/KXNHLGAME-25NOV13BUFCOL-COL/candlesticks?start_ts=1762844700&end_ts=1763100000&period_interval=60
2025020276,home,0.6,0.59,0.6,2025-11-14T02:00:00Z,KXNHLGAME-25NOV13SJCGY-CGY,close,historical,https://api.elections.kalshi.com/trade-api/v2/historical/markets/KXNHLGAME-25NOV13SJCGY-CGY/candlesticks?start_ts=1762844700&end_ts=1763100000&period_interval=60
2025020276,away,0.41,0.4,0.41,2025-11-14T02:00:00Z,KXNHLGAME-25NOV13SJCGY-SJ,close,historical,https://api.elections.kalshi.com/trade-api/v2/historical/markets/KXNHLGAME-25NOV13SJCGY-SJ/candlesticks?start_ts=1762844700&end_ts=1763100000&period_interval=60
2025020277,away,0.38,0.36,0.38,2025-11-14T03:00:00Z,KXNHLGAME-25NOV13NYIVGK-NYI,close,historical,https://api.elections.kalshi.com/trade-api/v2/historical/markets/KXNHLGAME-25NOV13NYIVGK-NYI/candlesticks?start_ts=1762855500&end_ts=1763103600&period_interval=60
2025020277,home,0.64,0.62,0.64,2025-11-14T03:00:00Z,KXNHLGAME-25NOV13NYIVGK-VGK,close,historical,https://api.elections.kalshi.com/trade-api/v2/historical/markets/KXNHLGAME-25NOV13NYIVGK-VGK/candlesticks?start_ts=1762855500&end_ts=1763103600&period_interval=60
2025020278,home,0.42,0.41,0.42,2025-11-14T03:00:00Z,KXNHLGAME-25NOV13WPGSEA-SEA,close,historical,https://api.elections.kalshi.com/trade-api/v2/historical/markets/KXNHLGAME-25NOV13WPGSEA-SEA/candlesticks?start_ts=1762855500&end_ts=1763103600&period_interval=60
2025020278,away,0.59,0.58,0.59,2025-11-14T03:00:00Z,KXNHLGAME-25NOV13WPGSEA-WPG,close,historical,https://api.elections.kalshi.com/trade-api/v2/historical/markets/KXNHLGAME-25NOV13WPGSEA-WPG/candlesticks?start_ts=1762855500&end_ts=1763103600&period_interval=60
2025020279,home,0.72,0.71,0.71,2025-11-15T00:00:00Z,KXNHLGAME-25NOV14VANCAR-CAR,close,historical,https://api.elections.kalshi.com/trade-api/v2/historical/markets/KXNHLGAME-25NOV14VANCAR-CAR/candlesticks?start_ts=1762931100&end_ts=1763179200&period_interval=60
2025020279,away,0.29,0.28,0.29,2025-11-15T00:00:00Z,KXNHLGAME-25NOV14VANCAR-VAN,close,historical,https://api.elections.kalshi.com/trade-api/v2/historical/markets/KXNHLGAME-25NOV14VANCAR-VAN/candlesticks?start_ts=1762931100&end_ts=1763179200&period_interval=60
2025020280,away,0.46,0.45,0.46,2025-11-15T01:00:00Z,KXNHLGAME-25NOV14PHISTL-PHI,close,historical,https://api.elections.kalshi.com/trade-api/v2/historical/markets/KXNHLGAME-25NOV14PHISTL-PHI/candlesticks?start_ts=1762931100&end_ts=1763182800&period_interval=60
2025020280,home,0.56,0.54,0.56,2025-11-15T01:00:00Z,KXNHLGAME-25NOV14PHISTL-STL,close,historical,https://api.elections.kalshi.com/trade-api/v2/historical/markets/KXNHLGAME-25NOV14PHISTL-STL/candlesticks?start_ts=1762931100&end_ts=1763182800&period_interval=60
2025020281,home,0.45,0.44,0.45,2025-11-14T19:00:00Z,KXNHLGAME-25NOV14PITNSH-NSH,close,historical,https://api.elections.kalshi.com/trade-api/v2/historical/markets/KXNHLGAME-25NOV14PITNSH-NSH/candlesticks?start_ts=1762909560&end_ts=1763161200&period_interval=60
2025020281,away,0.57,0.56,0.57,2025-11-14T19:00:00Z,KXNHLGAME-25NOV14PITNSH-PIT,close,historical,https://api.elections.kalshi.com/trade-api/v2/historical/markets/KXNHLGAME-25NOV14PITNSH-PIT/candlesticks?start_ts=1762909560&end_ts=1763161200&period_interval=60
2025020282,away,0.34,0.33,0.34,2025-11-15T02:00:00Z,KXNHLGAME-25NOV14NYIUTA-NYI,close,historical,https://api.elections.kalshi.com/trade-api/v2/historical/markets/KXNHLGAME-25NOV14NYIUTA-NYI/candlesticks?start_ts=1762931160&end_ts=1763186400&period_interval=60
2025020282,home,0.67,0.65,0.66,2025-11-15T02:00:00Z,KXNHLGAME-25NOV14NYIUTA-UTA,close,historical,https://api.elections.kalshi.com/trade-api/v2/historical/markets/KXNHLGAME-25NOV14NYIUTA-UTA/candlesticks?start_ts=1762931160&end_ts=1763186400&period_interval=60
2025020283,home,0.58,0.57,0.58,2025-11-15T22:00:00Z,KXNHLGAME-25NOV15TBFLA-FLA,close,historical,https://api.elections.kalshi.com/trade-api/v2/historical/markets/KXNHLGAME-25NOV15TBFLA-FLA/candlesticks?start_ts=1763006700&end_ts=1763258400&period_interval=60
2025020283,away,0.43,0.42,0.43,2025-11-15T22:00:00Z,KXNHLGAME-25NOV15TBFLA-TB,close,historical,https://api.elections.kalshi.com/trade-api/v2/historical/markets/KXNHLGAME-25NOV15TBFLA-TB/candlesticks?start_ts=1763006700&end_ts=1763258400&period_interval=60
2025020284,away,0.48,0.46,0.48,2025-11-15T23:00:00Z,KXNHLGAME-25NOV15ANAMIN-ANA,close,historical,https://api.elections.kalshi.com/trade-api/v2/historical/markets/KXNHLGAME-25NOV15ANAMIN-ANA/candlesticks?start_ts=1763006760&end_ts=1763262000&period_interval=60
2025020284,home,0.53,0.52,0.53,2025-11-15T23:00:00Z,KXNHLGAME-25NOV15ANAMIN-MIN,close,historical,https://api.elections.kalshi.com/trade-api/v2/historical/markets/KXNHLGAME-25NOV15ANAMIN-MIN/candlesticks?start_ts=1763006760&end_ts=1763262000&period_interval=60
2025020285,away,0.42,0.41,0.42,2025-11-16T00:00:00Z,KXNHLGAME-25NOV15BOSMTL-BOS,close,historical,https://api.elections.kalshi.com/trade-api/v2/historical/markets/KXNHLGAME-25NOV15BOSMTL-BOS/candlesticks?start_ts=1763017500&end_ts=1763265600&period_interval=60
2025020285,home,0.59,0.58,0.59,2025-11-16T00:00:00Z,KXNHLGAME-25NOV15BOSMTL-MTL,close,historical,https://api.elections.kalshi.com/trade-api/v2/historical/markets/KXNHLGAME-25NOV15BOSMTL-MTL/candlesticks?start_ts=1763017500&end_ts=1763265600&period_interval=60
2025020286,away,0.51,0.49,0.51,2025-11-16T00:00:00Z,KXNHLGAME-25NOV15LAOTT-LA,close,historical,https://api.elections.kalshi.com/trade-api/v2/historical/markets/KXNHLGAME-25NOV15LAOTT-LA/candlesticks?start_ts=1763017500&end_ts=1763265600&period_interval=60
2025020286,home,0.5,0.48,0.5,2025-11-16T00:00:00Z,KXNHLGAME-25NOV15LAOTT-OTT,close,historical,https://api.elections.kalshi.com/trade-api/v2/historical/markets/KXNHLGAME-25NOV15LAOTT-OTT/candlesticks?start_ts=1763017500&end_ts=1763265600&period_interval=60
2025020287,away,0.4,0.39,0.4,2025-11-16T00:00:00Z,KXNHLGAME-25NOV15BUFDET-BUF,close,historical,https://api.elections.kalshi.com/trade-api/v2/historical/markets/KXNHLGAME-25NOV15BUFDET-BUF/candlesticks?start_ts=1763017500&end_ts=1763265600&period_interval=60
2025020287,home,0.62,0.61,0.62,2025-11-16T00:00:00Z,KXNHLGAME-25NOV15BUFDET-DET,close,historical,https://api.elections.kalshi.com/trade-api/v2/historical/markets/KXNHLGAME-25NOV15BUFDET-DET/candlesticks?start_ts=1763017500&end_ts=1763265600&period_interval=60
2025020288,away,0.43,0.42,0.43,2025-11-16T00:00:00Z,KXNHLGAME-25NOV15NJWSH-NJ,close,historical,https://api.elections.kalshi.com/trade-api/v2/historical/markets/KXNHLGAME-25NOV15NJWSH-NJ/candlesticks?start_ts=1763017500&end_ts=1763265880&period_interval=60
2025020288,home,0.57,0.56,0.58,2025-11-16T00:00:00Z,KXNHLGAME-25NOV15NJWSH-WSH,close,historical,https://api.elections.kalshi.com/trade-api/v2/historical/markets/KXNHLGAME-25NOV15NJWSH-WSH/candlesticks?start_ts=1763017500&end_ts=1763265880&period_interval=60
2025020289,home,0.54,0.53,0.54,2025-11-16T00:00:00Z,KXNHLGAME-25NOV15EDMCAR-CAR,close,historical,https://api.elections.kalshi.com/trade-api/v2/historical/markets/KXNHLGAME-25NOV15EDMCAR-CAR/candlesticks?start_ts=1763017500&end_ts=1763265600&period_interval=60
2025020289,away,0.48,0.47,0.48,2025-11-16T00:00:00Z,KXNHLGAME-25NOV15EDMCAR-EDM,close,historical,https://api.elections.kalshi.com/trade-api/v2/historical/markets/KXNHLGAME-25NOV15EDMCAR-EDM/candlesticks?start_ts=1763017500&end_ts=1763265600&period_interval=60
2025020290,home,0.49,0.48,0.49,2025-11-16T00:00:00Z,KXNHLGAME-25NOV15NYRCBJ-CBJ,close,historical,https://api.elections.kalshi.com/trade-api/v2/historical/markets/KXNHLGAME-25NOV15NYRCBJ-CBJ/candlesticks?start_ts=1763017500&end_ts=1763265600&period_interval=60
2025020290,away,0.53,0.52,0.53,2025-11-16T00:00:00Z,KXNHLGAME-25NOV15NYRCBJ-NYR,close,historical,https://api.elections.kalshi.com/trade-api/v2/historical/markets/KXNHLGAME-25NOV15NYRCBJ-NYR/candlesticks?start_ts=1763017500&end_ts=1763265600&period_interval=60
2025020291,home,0.48,0.47,0.48,2025-11-16T00:00:00Z,KXNHLGAME-25NOV15TORCHI-CHI,close,historical,https://api.elections.kalshi.com/trade-api/v2/historical/markets/KXNHLGAME-25NOV15TORCHI-CHI/candlesticks?start_ts=1763017500&end_ts=1763265600&period_interval=60
2025020291,away,0.55,0.53,0.55,2025-11-16T00:00:00Z,KXNHLGAME-25NOV15TORCHI-TOR,close,historical,https://api.elections.kalshi.com/trade-api/v2/historical/markets/KXNHLGAME-25NOV15TORCHI-TOR/candlesticks?start_ts=1763017500&end_ts=1763265600&period_interval=60
2025020292,home,0.4,0.39,0.4,2025-11-16T01:00:00Z,KXNHLGAME-25NOV15VGKSTL-STL,close,historical,https://api.elections.kalshi.com/trade-api/v2/historical/markets/KXNHLGAME-25NOV15VGKSTL-STL/candlesticks?start_ts=1763017560&end_ts=1763269200&period_interval=60
2025020292,away,0.61,0.6,0.61,2025-11-16T01:00:00Z,KXNHLGAME-25NOV15VGKSTL-VGK,close,historical,https://api.elections.kalshi.com/trade-api/v2/historical/markets/KXNHLGAME-25NOV15VGKSTL-VGK/candlesticks?start_ts=1763017560&end_ts=1763269200&period_interval=60
2025020293,home,0.65,0.64,0.65,2025-11-16T01:00:00Z,KXNHLGAME-25NOV15PHIDAL-DAL,close,historical,https://api.elections.kalshi.com/trade-api/v2/historical/markets/KXNHLGAME-25NOV15PHIDAL-DAL/candlesticks?start_ts=1763017560&end_ts=1763269200&period_interval=60
2025020293,away,0.36,0.34,0.36,2025-11-16T01:00:00Z,KXNHLGAME-25NOV15PHIDAL-PHI,close,historical,https://api.elections.kalshi.com/trade-api/v2/historical/markets/KXNHLGAME-25NOV15PHIDAL-PHI/candlesticks?start_ts=1763017560&end_ts=1763269200&period_interval=60
2025020294,home,0.46,0.45,0.46,2025-11-16T03:00:00Z,KXNHLGAME-25NOV15WPGCGY-CGY,close,historical,https://api.elections.kalshi.com/trade-api/v2/historical/markets/KXNHLGAME-25NOV15WPGCGY-CGY/candlesticks?start_ts=1763028360&end_ts=1763276400&period_interval=60
2025020294,away,0.56,0.55,0.56,2025-11-16T03:00:00Z,KXNHLGAME-25NOV15WPGCGY-WPG,close,historical,https://api.elections.kalshi.com/trade-api/v2/historical/markets/KXNHLGAME-25NOV15WPGCGY-WPG/candlesticks?start_ts=1763028360&end_ts=1763276400&period_interval=60
2025020295,home,0.6,0.59,0.6,2025-11-16T03:00:00Z,KXNHLGAME-25NOV15SJSEA-SEA,close,historical,https://api.elections.kalshi.com/trade-api/v2/historical/markets/KXNHLGAME-25NOV15SJSEA-SEA/candlesticks?start_ts=1763028360&end_ts=1763276400&period_interval=60
2025020295,away,0.43,0.41,0.43,2025-11-16T03:00:00Z,KXNHLGAME-25NOV15SJSEA-SJ,close,historical,https://api.elections.kalshi.com/trade-api/v2/historical/markets/KXNHLGAME-25NOV15SJSEA-SJ/candlesticks?start_ts=1763028360&end_ts=1763276400&period_interval=60
2025020296,away,0.43,0.42,0.43,2025-11-16T14:00:00Z,KXNHLGAME-25NOV16NSHPIT-NSH,close,historical,https://api.elections.kalshi.com/trade-api/v2/historical/markets/KXNHLGAME-25NOV16NSHPIT-NSH/candlesticks?start_ts=1763060700&end_ts=1763316000&period_interval=60
2025020296,home,0.57,0.56,0.57,2025-11-16T14:00:00Z,KXNHLGAME-25NOV16NSHPIT-PIT,close,historical,https://api.elections.kalshi.com/trade-api/v2/historical/markets/KXNHLGAME-25NOV16NSHPIT-PIT/candlesticks?start_ts=1763060700&end_ts=1763316000&period_interval=60
2025020297,home,0.58,0.57,0.59,2025-11-16T22:00:00Z,KXNHLGAME-25NOV16VANTB-TB,close,historical,https://api.elections.kalshi.com/trade-api/v2/historical/markets/KXNHLGAME-25NOV16VANTB-TB/candlesticks?start_ts=1763093160&end_ts=1763344800&period_interval=60
2025020297,away,0.42,0.41,0.42,2025-11-16T22:00:00Z,KXNHLGAME-25NOV16VANTB-VAN,close,historical,https://api.elections.kalshi.com/trade-api/v2/historical/markets/KXNHLGAME-25NOV16VANTB-VAN/candlesticks?start_ts=1763093160&end_ts=1763344800&period_interval=60
2025020298,home,0.46,0.45,0.46,2025-11-16T23:00:00Z,KXNHLGAME-25NOV16VGKMIN-MIN,close,historical,https://api.elections.kalshi.com/trade-api/v2/historical/markets/KXNHLGAME-25NOV16VGKMIN-MIN/candlesticks?start_ts=1763093160&end_ts=1763348400&period_interval=60
2025020298,away,0.55,0.54,0.55,2025-11-16T23:00:00Z,KXNHLGAME-25NOV16VGKMIN-VGK,close,historical,https://api.elections.kalshi.com/trade-api/v2/historical/markets/KXNHLGAME-25NOV16VGKMIN-VGK/candlesticks?start_ts=1763093160&end_ts=1763348400&period_interval=60
2025020299,away,0.45,0.44,0.45,2025-11-17T00:00:00Z,KXNHLGAME-25NOV16DETNYR-DET,close,historical,https://api.elections.kalshi.com/trade-api/v2/historical/markets/KXNHLGAME-25NOV16DETNYR-DET/candlesticks?start_ts=1763103900&end_ts=1763352000&period_interval=60
2025020299,home,0.56,0.55,0.56,2025-11-17T00:00:00Z,KXNHLGAME-25NOV16DETNYR-NYR,close,historical,https://api.elections.kalshi.com/trade-api/v2/historical/markets/KXNHLGAME-25NOV16DETNYR-NYR/candlesticks?start_ts=1763103900&end_ts=1763352000&period_interval=60
2025020300,home,0.69,0.68,0.69,2025-11-17T02:00:00Z,KXNHLGAME-25NOV16NYICOL-COL,close,historical,https://api.elections.kalshi.com/trade-api/v2/historical/markets/KXNHLGAME-25NOV16NYICOL-COL/candlesticks?start_ts=1763103900&end_ts=1763359200&period_interval=60
2025020300,away,0.33,0.3,0.33,2025-11-17T02:00:00Z,KXNHLGAME-25NOV16NYICOL-NYI,close,historical,https://api.elections.kalshi.com/trade-api/v2/historical/markets/KXNHLGAME-25NOV16NYICOL-NYI/candlesticks?start_ts=1763103900&end_ts=1763359200&period_interval=60
2025020301,home,0.35,0.34,0.35,2025-11-18T00:00:00Z,KXNHLGAME-25NOV17CARBOS-BOS,close,historical,https://api.elections.kalshi.com/trade-api/v2/historical/markets/KXNHLGAME-25NOV17CARBOS-BOS/candlesticks?start_ts=1763190300&end_ts=1763438400&period_interval=60
2025020301,away,0.66,0.64,0.66,2025-11-18T00:00:00Z,KXNHLGAME-25NOV17CARBOS-CAR,close,historical,https://api.elections.kalshi.com/trade-api/v2/historical/markets/KXNHLGAME-25NOV17CARBOS-CAR/candlesticks?start_ts=1763190300&end_ts=1763438400&period_interval=60
2025020302,home,0.42,0.41,0.42,2025-11-18T00:00:00Z,KXNHLGAME-25NOV17EDMBUF-BUF,close,historical,https://api.elections.kalshi.com/trade-api/v2/historical/markets/KXNHLGAME-25NOV17EDMBUF-BUF/candlesticks?start_ts=1763190300&end_ts=1763438400&period_interval=60
2025020302,away,0.59,0.58,0.59,2025-11-18T00:00:00Z,KXNHLGAME-25NOV17EDMBUF-EDM,close,historical,https://api.elections.kalshi.com/trade-api/v2/historical/markets/KXNHLGAME-25NOV17EDMBUF-EDM/candlesticks?start_ts=1763190300&end_ts=1763438400&period_interval=60
2025020303,home,0.72,0.7,0.72,2025-11-18T00:00:00Z,KXNHLGAME-25NOV17VANFLA-FLA,close,historical,https://api.elections.kalshi.com/trade-api/v2/historical/markets/KXNHLGAME-25NOV17VANFLA-FLA/candlesticks?start_ts=1763190300&end_ts=1763438400&period_interval=60
2025020303,away,0.29,0.28,0.29,2025-11-18T00:00:00Z,KXNHLGAME-25NOV17VANFLA-VAN,close,historical,https://api.elections.kalshi.com/trade-api/v2/historical/markets/KXNHLGAME-25NOV17VANFLA-VAN/candlesticks?start_ts=1763190300&end_ts=1763438400&period_interval=60
2025020304,away,0.5,0.49,0.5,2025-11-18T00:00:00Z,KXNHLGAME-25NOV17LAWSH-LA,close,historical,https://api.elections.kalshi.com/trade-api/v2/historical/markets/KXNHLGAME-25NOV17LAWSH-LA/candlesticks?start_ts=1763190300&end_ts=1763438400&period_interval=60
2025020304,home,0.52,0.5,0.52,2025-11-18T00:00:00Z,KXNHLGAME-25NOV17LAWSH-WSH,close,historical,https://api.elections.kalshi.com/trade-api/v2/historical/markets/KXNHLGAME-25NOV17LAWSH-WSH/candlesticks?start_ts=1763190300&end_ts=1763438400&period_interval=60
2025020305,home,0.56,0.55,0.56,2025-11-18T00:00:00Z,KXNHLGAME-25NOV17MTLCBJ-CBJ,close,historical,https://api.elections.kalshi.com/trade-api/v2/historical/markets/KXNHLGAME-25NOV17MTLCBJ-CBJ/candlesticks?start_ts=1763190300&end_ts=1763440200&period_interval=60
2025020305,away,0.46,0.45,0.46,2025-11-18T00:00:00Z,KXNHLGAME-25NOV17MTLCBJ-MTL,close,historical,https://api.elections.kalshi.com/trade-api/v2/historical/markets/KXNHLGAME-25NOV17MTLCBJ-MTL/candlesticks?start_ts=1763190300&end_ts=1763440200&period_interval=60
2025020306,home,0.47,0.46,0.47,2025-11-18T03:00:00Z,KXNHLGAME-25NOV17UTAANA-ANA,close,historical,https://api.elections.kalshi.com/trade-api/v2/historical/markets/KXNHLGAME-25NOV17UTAANA-ANA/candlesticks?start_ts=1763201100&end_ts=1763449200&period_interval=60
2025020306,away,0.54,0.53,0.53,2025-11-18T03:00:00Z,KXNHLGAME-25NOV17UTAANA-UTA,close,historical,https://api.elections.kalshi.com/trade-api/v2/historical/markets/KXNHLGAME-25NOV17UTAANA-UTA/candlesticks?start_ts=1763201100&end_ts=1763449200&period_interval=60
2025020307,away,0.5,0.49,0.5,2025-11-19T00:00:00Z,KXNHLGAME-25NOV18STLTOR-STL,close,historical,https://api.elections.kalshi.com/trade-api/v2/historical/markets/KXNHLGAME-25NOV18STLTOR-STL/candlesticks?start_ts=1763276700&end_ts=1763524800&period_interval=60
2025020307,home,0.5,0.49,0.5,2025-11-19T00:00:00Z,KXNHLGAME-25NOV18STLTOR-TOR,close,historical,https://api.elections.kalshi.com/trade-api/v2/historical/markets/KXNHLGAME-25NOV18STLTOR-TOR/candlesticks?start_ts=1763276700&end_ts=1763524800&period_interval=60
2025020308,home,0.61,0.6,0.61,2025-11-19T00:00:00Z,KXNHLGAME-25NOV18SEADET-DET,close,historical,https://api.elections.kalshi.com/trade-api/v2/historical/markets/KXNHLGAME-25NOV18SEADET-DET/candlesticks?start_ts=1763276700&end_ts=1763524800&period_interval=60
2025020308,away,0.4,0.38,0.4,2025-11-19T00:00:00Z,KXNHLGAME-25NOV18SEADET-SEA,close,historical,https://api.elections.kalshi.com/trade-api/v2/historical/markets/KXNHLGAME-25NOV18SEADET-SEA/candlesticks?start_ts=1763276700&end_ts=1763524800&period_interval=60
2025020309,away,0.41,0.4,0.41,2025-11-19T00:00:00Z,KXNHLGAME-25NOV18NJTB-NJ,close,historical,https://api.elections.kalshi.com/trade-api/v2/historical/markets/KXNHLGAME-25NOV18NJTB-NJ/candlesticks?start_ts=1763276700&end_ts=1763524800&period_interval=60
2025020309,home,0.61,0.59,0.61,2025-11-19T00:00:00Z,KXNHLGAME-25NOV18NJTB-TB,close,historical,https://api.elections.kalshi.com/trade-api/v2/historical/markets/KXNHLGAME-25NOV18NJTB-TB/candlesticks?start_ts=1763276700&end_ts=1763524800&period_interval=60
2025020310,home,0.64,0.62,0.64,2025-11-19T01:00:00Z,KXNHLGAME-25NOV18NYIDAL-DAL,close,historical,https://api.elections.kalshi.com/trade-api/v2/historical/markets/KXNHLGAME-25NOV18NYIDAL-DAL/candlesticks?start_ts=1763276760&end_ts=1763528400&period_interval=60
2025020310,away,0.38,0.36,0.36,2025-11-19T01:00:00Z,KXNHLGAME-25NOV18NYIDAL-NYI,close,historical,https://api.elections.kalshi.com/trade-api/v2/historical/markets/KXNHLGAME-25NOV18NYIDAL-NYI/candlesticks?start_ts=1763276760&end_ts=1763528400&period_interval=60
2025020311,away,0.39,0.38,0.39,2025-11-19T01:00:00Z,KXNHLGAME-25NOV18CBJWPG-CBJ,close,historical,https://api.elections.kalshi.com/trade-api/v2/historical/markets/KXNHLGAME-25NOV18CBJWPG-CBJ/candlesticks?start_ts=1763276760&end_ts=1763528400&period_interval=60
2025020311,home,0.62,0.6,0.62,2025-11-19T01:00:00Z,KXNHLGAME-25NOV18CBJWPG-WPG,close,historical,https://api.elections.kalshi.com/trade-api/v2/historical/markets/KXNHLGAME-25NOV18CBJWPG-WPG/candlesticks?start_ts=1763276760&end_ts=1763528400&period_interval=60
2025020312,away,0.53,0.52,0.53,2025-11-19T01:00:00Z,KXNHLGAME-25NOV18CGYCHI-CGY,close,historical,https://api.elections.kalshi.com/trade-api/v2/historical/markets/KXNHLGAME-25NOV18CGYCHI-CGY/candlesticks?start_ts=1763276760&end_ts=1763530200&period_interval=60
2025020312,home,0.48,0.47,0.48,2025-11-19T01:00:00Z,KXNHLGAME-25NOV18CGYCHI-CHI,close,historical,https://api.elections.kalshi.com/trade-api/v2/historical/markets/KXNHLGAME-25NOV18CGYCHI-CHI/candlesticks?start_ts=1763276760&end_ts=1763530200&period_interval=60
2025020313,away,0.45,0.44,0.45,2025-11-19T03:00:00Z,KXNHLGAME-25NOV18NYRVGK-NYR,close,historical,https://api.elections.kalshi.com/trade-api/v2/historical/markets/KXNHLGAME-25NOV18NYRVGK-NYR/candlesticks?start_ts=1763287500&end_ts=1763535600&period_interval=60
2025020313,home,0.56,0.55,0.56,2025-11-19T03:00:00Z,KXNHLGAME-25NOV18NYRVGK-VGK,close,historical,https://api.elections.kalshi.com/trade-api/v2/historical/markets/KXNHLGAME-25NOV18NYRVGK-VGK/candlesticks?start_ts=1763287500&end_ts=1763535600&period_interval=60
2025020314,home,0.45,0.44,0.45,2025-11-19T03:00:00Z,KXNHLGAME-25NOV18UTASJ-SJ,close,historical,https://api.elections.kalshi.com/trade-api/v2/historical/markets/KXNHLGAME-25NOV18UTASJ-SJ/candlesticks?start_ts=1763287500&end_ts=1763535600&period_interval=60
2025020314,away,0.56,0.55,0.56,2025-11-19T03:00:00Z,KXNHLGAME-25NOV18UTASJ-UTA,close,historical,https://api.elections.kalshi.com/trade-api/v2/historical/markets/KXNHLGAME-25NOV18UTASJ-UTA/candlesticks?start_ts=1763287500&end_ts=1763535600&period_interval=60
2025020315,away,0.48,0.46,0.48,2025-11-20T00:00:00Z,KXNHLGAME-25NOV19EDMWSH-EDM,close,historical,https://api.elections.kalshi.com/trade-api/v2/historical/markets/KXNHLGAME-25NOV19EDMWSH-EDM/candlesticks?start_ts=1763363100&end_ts=1763611200&period_interval=60
2025020315,home,0.54,0.53,0.54,2025-11-20T00:00:00Z,KXNHLGAME-25NOV19EDMWSH-WSH,close,historical,https://api.elections.kalshi.com/trade-api/v2/historical/markets/KXNHLGAME-25NOV19EDMWSH-WSH/candlesticks?start_ts=1763363100&end_ts=1763611200&period_interval=60
2025020316,home,0.59,0.58,0.59,2025-11-20T00:00:00Z,KXNHLGAME-25NOV19CGYBUF-BUF,close,historical,https://api.elections.kalshi.com/trade-api/v2/historical/markets/KXNHLGAME-25NOV19CGYBUF-BUF/candlesticks?start_ts=1763363100&end_ts=1763613000&period_interval=60
2025020316,away,0.42,0.41,0.42,2025-11-20T00:00:00Z,KXNHLGAME-25NOV19CGYBUF-CGY,close,historical,https://api.elections.kalshi.com/trade-api/v2/historical/markets/KXNHLGAME-25NOV19CGYBUF-CGY/candlesticks?start_ts=1763363100&end_ts=1763613000&period_interval=60
2025020317,away,0.63,0.62,0.63,2025-11-20T02:00:00Z,KXNHLGAME-25NOV19CARMIN-CAR,close,historical,https://api.elections.kalshi.com/trade-api/v2/historical/markets/KXNHLGAME-25NOV19CARMIN-CAR/candlesticks?start_ts=1763373900&end_ts=1763620200&period_interval=60
2025020317,home,0.38,0.37,0.38,2025-11-20T02:00:00Z,KXNHLGAME-25NOV19CARMIN-MIN,close,historical,https://api.elections.kalshi.com/trade-api/v2/historical/markets/KXNHLGAME-25NOV19CARMIN-MIN/candlesticks?start_ts=1763373900&end_ts=1763620200&period_interval=60
2025020318,home,0.62,0.61,0.62,2025-11-20T03:00:00Z,KXNHLGAME-25NOV19BOSANA-ANA,close,historical,https://api.elections.kalshi.com/trade-api/v2/historical/markets/KXNHLGAME-25NOV19BOSANA-ANA/candlesticks?start_ts=1763373900&end_ts=1763622000&period_interval=60
2025020318,away,0.39,0.38,0.39,2025-11-20T03:00:00Z,KXNHLGAME-25NOV19BOSANA-BOS,close,historical,https://api.elections.kalshi.com/trade-api/v2/historical/markets/KXNHLGAME-25NOV19BOSANA-BOS/candlesticks?start_ts=1763373900&end_ts=1763622000&period_interval=60
2025020319,away,0.52,0.5,0.52,2025-11-21T00:00:00Z,KXNHLGAME-25NOV20CBJTOR-CBJ,close,historical,https://api.elections.kalshi.com/trade-api/v2/historical/markets/KXNHLGAME-25NOV20CBJTOR-CBJ/candlesticks?start_ts=1763449500&end_ts=1763697600&period_interval=60
2025020319,home,0.49,0.48,0.49,2025-11-21T00:00:00Z,KXNHLGAME-25NOV20CBJTOR-TOR,close,historical,https://api.elections.kalshi.com/trade-api/v2/historical/markets/KXNHLGAME-25NOV20CBJTOR-TOR/candlesticks?start_ts=1763449500&end_ts=1763697600&period_interval=60
2025020320,home,0.55,0.54,0.55,2025-11-21T00:00:00Z,KXNHLGAME-25NOV20WSHMTL-MTL,close,historical,https://api.elections.kalshi.com/trade-api/v2/historical/markets/KXNHLGAME-25NOV20WSHMTL-MTL/candlesticks?start_ts=1763449560&end_ts=1763697600&period_interval=60
2025020320,away,0.46,0.45,0.46,2025-11-21T00:00:00Z,KXNHLGAME-25NOV20WSHMTL-WSH,close,historical,https://api.elections.kalshi.com/trade-api/v2/historical/markets/KXNHLGAME-25NOV20WSHMTL-WSH/candlesticks?start_ts=1763449560&end_ts=1763697600&period_interval=60
2025020321,home,0.54,0.53,0.54,2025-11-21T00:00:00Z,KXNHLGAME-25NOV20NYIDET-DET,close,historical,https://api.elections.kalshi.com/trade-api/v2/historical/markets/KXNHLGAME-25NOV20NYIDET-DET/candlesticks?start_ts=1763449560&end_ts=1763697600&period_interval=60
2025020321,away,0.47,0.45,0.47,2025-11-21T00:00:00Z,KXNHLGAME-25NOV20NYIDET-NYI,close,historical,https://api.elections.kalshi.com/trade-api/v2/historical/markets/KXNHLGAME-25NOV20NYIDET-NYI/candlesticks?start_ts=1763449560&end_ts=1763697600&period_interval=60
2025020322,away,0.4,0.39,0.4,2025-11-21T00:00:00Z,KXNHLGAME-25NOV20EDMTB-EDM,close,historical,https://api.elections.kalshi.com/trade-api/v2/historical/markets/KXNHLGAME-25NOV20EDMTB-EDM/candlesticks?start_ts=1763449560&end_ts=1763699400&period_interval=60
2025020322,home,0.62,0.6,0.62,2025-11-21T00:00:00Z,KXNHLGAME-25NOV20EDMTB-TB,close,historical,https://api.elections.kalshi.com/trade-api/v2/historical/markets/KXNHLGAME-25NOV20EDMTB-TB/candlesticks?start_ts=1763449560&end_ts=1763699400&period_interval=60
2025020323,home,0.59,0.58,0.59,2025-11-21T00:00:00Z,KXNHLGAME-25NOV20NJFLA-FLA,close,historical,https://api.elections.kalshi.com/trade-api/v2/historical/markets/KXNHLGAME-25NOV20NJFLA-FLA/candlesticks?start_ts=1763449500&end_ts=1763697600&period_interval=60
2025020323,away,0.42,0.41,0.42,2025-11-21T00:00:00Z,KXNHLGAME-25NOV20NJFLA-NJ,close,historical,https://api.elections.kalshi.com/trade-api/v2/historical/markets/KXNHLGAME-25NOV20NJFLA-NJ/candlesticks?start_ts=1763449500&end_ts=1763697600&period_interval=60
2025020324,home,0.55,0.54,0.55,2025-11-21T00:00:00Z,KXNHLGAME-25NOV20STLPHI-PHI,close,historical,https://api.elections.kalshi.com/trade-api/v2/historical/markets/KXNHLGAME-25NOV20STLPHI-PHI/candlesticks?start_ts=1763449500&end_ts=1763697600&period_interval=60
2025020324,away,0.47,0.46,0.47,2025-11-21T00:00:00Z,KXNHLGAME-25NOV20STLPHI-STL,close,historical,https://api.elections.kalshi.com/trade-api/v2/historical/markets/KXNHLGAME-25NOV20STLPHI-STL/candlesticks?start_ts=1763449500&end_ts=1763697600&period_interval=60
2025020325,home,0.52,0.51,0.52,2025-11-21T01:00:00Z,KXNHLGAME-25NOV20SEACHI-CHI,close,historical,https://api.elections.kalshi.com/trade-api/v2/historical/markets/KXNHLGAME-25NOV20SEACHI-CHI/candlesticks?start_ts=1763449560&end_ts=1763701200&period_interval=60
2025020325,away,0.49,0.48,0.48,2025-11-21T01:00:00Z,KXNHLGAME-25NOV20SEACHI-SEA,close,historical,https://api.elections.kalshi.com/trade-api/v2/historical/markets/KXNHLGAME-25NOV20SEACHI-SEA/candlesticks?start_ts=1763449560&end_ts=1763701200&period_interval=60
2025020326,home,0.64,0.63,0.64,2025-11-21T02:00:00Z,KXNHLGAME-25NOV20NYRCOL-COL,close,historical,https://api.elections.kalshi.com/trade-api/v2/historical/markets/KXNHLGAME-25NOV20NYRCOL-COL/candlesticks?start_ts=1763449560&end_ts=1763704800&period_interval=60
2025020326,away,0.37,0.35,0.35,2025-11-21T02:00:00Z,KXNHLGAME-25NOV20NYRCOL-NYR,close,historical,https://api.elections.kalshi.com/trade-api/v2/historical/markets/KXNHLGAME-25NOV20NYRCOL-NYR/candlesticks?start_ts=1763449560&end_ts=1763704800&period_interval=60
2025020327,home,0.5,0.49,0.5,2025-11-21T02:00:00Z,KXNHLGAME-25NOV20VGKUTA-UTA,close,historical,https://api.elections.kalshi.com/trade-api/v2/historical/markets/KXNHLGAME-25NOV20VGKUTA-UTA/candlesticks?start_ts=1763449560&end_ts=1763704800&period_interval=60
2025020327,away,0.52,0.51,0.52,2025-11-21T02:00:00Z,KXNHLGAME-25NOV20VGKUTA-VGK,close,historical,https://api.elections.kalshi.com/trade-api/v2/historical/markets/KXNHLGAME-25NOV20VGKUTA-VGK/candlesticks?start_ts=1763449560&end_ts=1763704800&period_interval=60
2025020328,away,0.58,0.57,0.58,2025-11-21T03:00:00Z,KXNHLGAME-25NOV20DALVAN-DAL,close,historical,https://api.elections.kalshi.com/trade-api/v2/historical/markets/KXNHLGAME-25NOV20DALVAN-DAL/candlesticks?start_ts=1763460360&end_ts=1763708400&period_interval=60
2025020328,home,0.43,0.42,0.43,2025-11-21T03:00:00Z,KXNHLGAME-25NOV20DALVAN-VAN,close,historical,https://api.elections.kalshi.com/trade-api/v2/historical/markets/KXNHLGAME-25NOV20DALVAN-VAN/candlesticks?start_ts=1763460360&end_ts=1763708400&period_interval=60
2025020329,home,0.45,0.44,0.45,2025-11-21T03:00:00Z,KXNHLGAME-25NOV20OTTANA-ANA,close,historical,https://api.elections.kalshi.com/trade-api/v2/historical/markets/KXNHLGAME-25NOV20OTTANA-ANA/candlesticks?start_ts=1763460360&end_ts=1763708400&period_interval=60
2025020329,away,0.55,0.54,0.55,2025-11-21T03:00:00Z,KXNHLGAME-25NOV20OTTANA-OTT,close,historical,https://api.elections.kalshi.com/trade-api/v2/historical/markets/KXNHLGAME-25NOV20OTTANA-OTT/candlesticks?start_ts=1763460360&end_ts=1763708400&period_interval=60
2025020330,away,0.62,0.61,0.62,2025-11-21T03:00:00Z,KXNHLGAME-25NOV20LASJ-LA,close,historical,https://api.elections.kalshi.com/trade-api/v2/historical/markets/KXNHLGAME-25NOV20LASJ-LA/candlesticks?start_ts=1763460360&end_ts=1763708400&period_interval=60
2025020330,home,0.4,0.38,0.4,2025-11-21T03:00:00Z,KXNHLGAME-25NOV20LASJ-SJ,close,historical,https://api.elections.kalshi.com/trade-api/v2/historical/markets/KXNHLGAME-25NOV20LASJ-SJ/candlesticks?start_ts=1763460360&end_ts=1763708400&period_interval=60
2025020331,home,0.62,0.6,0.62,2025-11-22T00:00:00Z,KXNHLGAME-25NOV21CHIBUF-BUF,close,historical,https://api.elections.kalshi.com/trade-api/v2/historical/markets/KXNHLGAME-25NOV21CHIBUF-BUF/candlesticks?start_ts=1763535960&end_ts=1763784000&period_interval=60
2025020331,away,0.4,0.39,0.4,2025-11-22T00:00:00Z,KXNHLGAME-25NOV21CHIBUF-CHI,close,historical,https://api.elections.kalshi.com/trade-api/v2/historical/markets/KXNHLGAME-25NOV21CHIBUF-CHI/candlesticks?start_ts=1763535960&end_ts=1763784000&period_interval=60
2025020332,away,0.47,0.46,0.47,2025-11-22T00:00:00Z,KXNHLGAME-25NOV21MINPIT-MIN,close,historical,https://api.elections.kalshi.com/trade-api/v2/historical/markets/KXNHLGAME-25NOV21MINPIT-MIN/candlesticks?start_ts=1763535960&end_ts=1763784000&period_interval=60
2025020332,home,0.55,0.52,0.55,2025-11-22T00:00:00Z,KXNHLGAME-25NOV21MINPIT-PIT,close,historical,https://api.elections.kalshi.com/trade-api/v2/historical/markets/KXNHLGAME-25NOV21MINPIT-PIT/candlesticks?start_ts=1763535960&end_ts=1763784000&period_interval=60
2025020333,away,0.61,0.6,0.61,2025-11-22T01:00:00Z,KXNHLGAME-25NOV21CARWPG-CAR,close,historical,https://api.elections.kalshi.com/trade-api/v2/historical/markets/KXNHLGAME-25NOV21CARWPG-CAR/candlesticks?start_ts=1763535960&end_ts=1763787600&period_interval=60
2025020333,home,0.41,0.4,0.41,2025-11-22T01:00:00Z,KXNHLGAME-25NOV21CARWPG-WPG,close,historical,https://api.elections.kalshi.com/trade-api/v2/historical/markets/KXNHLGAME-25NOV21CARWPG-WPG/candlesticks?start_ts=1763535960&end_ts=1763787600&period_interval=60
2025020334,away,0.38,0.36,0.38,2025-11-22T03:00:00Z,KXNHLGAME-25NOV21BOSLA-BOS,close,historical,https://api.elections.kalshi.com/trade-api/v2/historical/markets/KXNHLGAME-25NOV21BOSLA-BOS/candlesticks?start_ts=1763546760&end_ts=1763796600&period_interval=60
2025020334,home,0.63,0.62,0.63,2025-11-22T03:00:00Z,KXNHLGAME-25NOV21BOSLA-LA,close,historical,https://api.elections.kalshi.com/trade-api/v2/historical/markets/KXNHLGAME-25NOV21BOSLA-LA/candlesticks?start_ts=1763546760&end_ts=1763796600&period_interval=60
2025020335,away,0.48,0.46,0.47,2025-11-22T18:00:00Z,KXNHLGAME-25NOV22CBJDET-CBJ,close,historical,https://api.elections.kalshi.com/trade-api/v2/historical/markets/KXNHLGAME-25NOV22CBJDET-CBJ/candlesticks?start_ts=1763600760&end_ts=1763848800&period_interval=60
2025020335,home,0.54,0.53,0.53,2025-11-22T18:00:00Z,KXNHLGAME-25NOV22CBJDET-DET,close,historical,https://api.elections.kalshi.com/trade-api/v2/historical/markets/KXNHLGAME-25NOV22CBJDET-DET/candlesticks?start_ts=1763600760&end_ts=1763848800&period_interval=60
2025020336,home,0.56,0.55,0.56,2025-11-22T20:00:00Z,KXNHLGAME-25NOV22STLNYI-NYI,close,historical,https://api.elections.kalshi.com/trade-api/v2/historical/markets/KXNHLGAME-25NOV22STLNYI-NYI/candlesticks?start_ts=1763611560&end_ts=1763857800&period_interval=60
2025020336,away,0.45,0.44,0.45,2025-11-22T20:00:00Z,KXNHLGAME-25NOV22STLNYI-STL,close,historical,https://api.elections.kalshi.com/trade-api/v2/historical/markets/KXNHLGAME-25NOV22STLNYI-STL/candlesticks?start_ts=1763611560&end_ts=1763857800&period_interval=60
2025020337,home,0.58,0.56,0.56,2025-11-23T00:00:00Z,KXNHLGAME-25NOV22TORMTL-MTL,close,historical,https://api.elections.kalshi.com/trade-api/v2/historical/markets/KXNHLGAME-25NOV22TORMTL-MTL/candlesticks?start_ts=1763622360&end_ts=1763870400&period_interval=60
2025020337,away,0.43,0.42,0.43,2025-11-23T00:00:00Z,KXNHLGAME-25NOV22TORMTL-TOR,close,historical,https://api.elections.kalshi.com/trade-api/v2/historical/markets/KXNHLGAME-25NOV22TORMTL-TOR/candlesticks?start_ts=1763622360&end_ts=1763870400&period_interval=60
2025020338,away,0.47,0.46,0.47,2025-11-23T00:00:00Z,KXNHLGAME-25NOV22EDMFLA-EDM,close,historical,https://api.elections.kalshi.com/trade-api/v2/historical/markets/KXNHLGAME-25NOV22EDMFLA-EDM/candlesticks?start_ts=1763622360&end_ts=1763870400&period_interval=60
2025020338,home,0.54,0.53,0.54,2025-11-23T00:00:00Z,KXNHLGAME-25NOV22EDMFLA-FLA,close,historical,https://api.elections.kalshi.com/trade-api/v2/historical/markets/KXNHLGAME-25NOV22EDMFLA-FLA/candlesticks?start_ts=1763622360&end_ts=1763870400&period_interval=60
2025020339,away,0.52,0.51,0.51,2025-11-23T00:00:00Z,KXNHLGAME-25NOV22NJPHI-NJ,close,historical,https://api.elections.kalshi.com/trade-api/v2/historical/markets/KXNHLGAME-25NOV22NJPHI-NJ/candlesticks?start_ts=1763622360&end_ts=1763870400&period_interval=60
2025020339,home,0.49,0.48,0.49,2025-11-23T00:00:00Z,KXNHLGAME-25NOV22NJPHI-PHI,close,historical,https://api.elections.kalshi.com/trade-api/v2/historical/markets/KXNHLGAME-25NOV22NJPHI-PHI/candlesticks?start_ts=1763622360&end_ts=1763870400&period_interval=60
2025020340,home,0.55,0.53,0.55,2025-11-23T00:00:00Z,KXNHLGAME-25NOV22SEAPIT-PIT,close,historical,https://api.elections.kalshi.com/trade-api/v2/historical/markets/KXNHLGAME-25NOV22SEAPIT-PIT/candlesticks?start_ts=1763622360&end_ts=1763870400&period_interval=60
2025020340,away,0.47,0.46,0.46,2025-11-23T00:00:00Z,KXNHLGAME-25NOV22SEAPIT-SEA,close,historical,https://api.elections.kalshi.com/trade-api/v2/historical/markets/KXNHLGAME-25NOV22SEAPIT-SEA/candlesticks?start_ts=1763622360&end_ts=1763870400&period_interval=60
2025020341,away,0.48,0.47,0.48,2025-11-23T00:00:00Z,KXNHLGAME-25NOV22TBWSH-TB,close,historical,https://api.elections.kalshi.com/trade-api/v2/historical/markets/KXNHLGAME-25NOV22TBWSH-TB/candlesticks?start_ts=1763622360&end_ts=1763870400&period_interval=60
2025020341,home,0.53,0.52,0.53,2025-11-23T00:00:00Z,KXNHLGAME-25NOV22TBWSH-WSH,close,historical,https://api.elections.kalshi.com/trade-api/v2/historical/markets/KXNHLGAME-25NOV22TBWSH-WSH/candlesticks?start_ts=1763622360&end_ts=1763870400&period_interval=60
2025020342,away,0.61,0.6,0.61,2025-11-23T00:00:00Z,KXNHLGAME-25NOV22OTTSJ-OTT,close,historical,https://api.elections.kalshi.com/trade-api/v2/historical/markets/KXNHLGAME-25NOV22OTTSJ-OTT/candlesticks?start_ts=1763622360&end_ts=1763870400&period_interval=60
2025020342,home,0.4,0.39,0.4,2025-11-23T00:00:00Z,KXNHLGAME-25NOV22OTTSJ-SJ,close,historical,https://api.elections.kalshi.com/trade-api/v2/historical/markets/KXNHLGAME-25NOV22OTTSJ-SJ/candlesticks?start_ts=1763622360&end_ts=1763870400&period_interval=60
2025020343,away,0.68,0.67,0.68,2025-11-23T01:00:00Z,KXNHLGAME-25NOV22COLNSH-COL,close,historical,https://api.elections.kalshi.com/trade-api/v2/historical/markets/KXNHLGAME-25NOV22COLNSH-COL/candlesticks?start_ts=1763622360&end_ts=1763874000&period_interval=60
2025020343,home,0.34,0.33,0.34,2025-11-23T01:00:00Z,KXNHLGAME-25NOV22COLNSH-NSH,close,historical,https://api.elections.kalshi.com/trade-api/v2/historical/markets/KXNHLGAME-25NOV22COLNSH-NSH/candlesticks?start_ts=1763622360&end_ts=1763874000&period_interval=60
2025020344,away,0.46,0.45,0.46,2025-11-23T02:00:00Z,KXNHLGAME-25NOV22NYRUTA-NYR,close,historical,https://api.elections.kalshi.com/trade-api/v2/historical/markets/KXNHLGAME-25NOV22NYRUTA-NYR/candlesticks?start_ts=1763622360&end_ts=1763877600&period_interval=60
2025020344,home,0.56,0.55,0.56,2025-11-23T02:00:00Z,KXNHLGAME-25NOV22NYRUTA-UTA,close,historical,https://api.elections.kalshi.com/trade-api/v2/historical/markets/KXNHLGAME-25NOV22NYRUTA-UTA/candlesticks?start_ts=1763622360&end_ts=1763877600&period_interval=60
2025020345,home,0.43,0.42,0.43,2025-11-23T03:00:00Z,KXNHLGAME-25NOV22DALCGY-CGY,close,historical,https://api.elections.kalshi.com/trade-api/v2/historical/markets/KXNHLGAME-25NOV22DALCGY-CGY/candlesticks?start_ts=1763633160&end_ts=1763881200&period_interval=60
2025020345,away,0.57,0.55,0.57,2025-11-23T03:00:00Z,KXNHLGAME-25NOV22DALCGY-DAL,close,historical,https://api.elections.kalshi.com/trade-api/v2/historical/markets/KXNHLGAME-25NOV22DALCGY-DAL/candlesticks?start_ts=1763633160&end_ts=1763881200&period_interval=60
2025020346,home,0.41,0.4,0.41,2025-11-23T03:00:00Z,KXNHLGAME-25NOV22VGKANA-ANA,close,historical,https://api.elections.kalshi.com/trade-api/v2/historical/markets/KXNHLGAME-25NOV22VGKANA-ANA/candlesticks?start_ts=1763633160&end_ts=1763881200&period_interval=60
2025020346,away,0.6,0.59,0.6,2025-11-23T03:00:00Z,KXNHLGAME-25NOV22VGKANA-VGK,close,historical,https://api.elections.kalshi.com/trade-api/v2/historical/markets/KXNHLGAME-25NOV22VGKANA-VGK/candlesticks?start_ts=1763633160&end_ts=1763881200&period_interval=60
2025020347,home,0.37,0.35,0.37,2025-11-23T18:00:00Z,KXNHLGAME-25NOV23CARBUF-BUF,close,historical,https://api.elections.kalshi.com/trade-api/v2/historical/markets/KXNHLGAME-25NOV23CARBUF-BUF/candlesticks?start_ts=1763687160&end_ts=1763935200&period_interval=60
2025020347,away,0.65,0.63,0.65,2025-11-23T18:00:00Z,KXNHLGAME-25NOV23CARBUF-CAR,close,historical,https://api.elections.kalshi.com/trade-api/v2/historical/markets/KXNHLGAME-25NOV23CARBUF-CAR/candlesticks?start_ts=1763687160&end_ts=1763935200&period_interval=60
2025020348,away,0.45,0.44,0.45,2025-11-23T21:00:00Z,KXNHLGAME-25NOV23MINWPG-MIN,close,historical,https://api.elections.kalshi.com/trade-api/v2/historical/markets/KXNHLGAME-25NOV23MINWPG-MIN/candlesticks?start_ts=1763697960&end_ts=1763946000&period_interval=60
2025020348,home,0.57,0.55,0.57,2025-11-23T21:00:00Z,KXNHLGAME-25NOV23MINWPG-WPG,close,historical,https://api.elections.kalshi.com/trade-api/v2/historical/markets/KXNHLGAME-25NOV23MINWPG-WPG/candlesticks?start_ts=1763697960&end_ts=1763946000&period_interval=60
2025020349,home,0.59,0.58,0.59,2025-11-23T22:00:00Z,KXNHLGAME-25NOV23SEANYI-NYI,close,historical,https://api.elections.kalshi.com/trade-api/v2/historical/markets/KXNHLGAME-25NOV23SEANYI-NYI/candlesticks?start_ts=1763697960&end_ts=1763949600&period_interval=60
2025020349,away,0.42,0.41,0.42,2025-11-23T22:00:00Z,KXNHLGAME-25NOV23SEANYI-SEA,close,historical,https://api.elections.kalshi.com/trade-api/v2/historical/markets/KXNHLGAME-25NOV23SEANYI-SEA/candlesticks?start_ts=1763697960&end_ts=1763949600&period_interval=60
2025020350,home,0.34,0.33,0.34,2025-11-24T00:00:00Z,KXNHLGAME-25NOV23COLCHI-CHI,close,historical,https://api.elections.kalshi.com/trade-api/v2/historical/markets/KXNHLGAME-25NOV23COLCHI-CHI/candlesticks?start_ts=1763708760&end_ts=1763956800&period_interval=60
2025020350,away,0.67,0.66,0.67,2025-11-24T00:00:00Z,KXNHLGAME-25NOV23COLCHI-COL,close,historical,https://api.elections.kalshi.com/trade-api/v2/historical/markets/KXNHLGAME-25NOV23COLCHI-COL/candlesticks?start_ts=1763708760&end_ts=1763956800&period_interval=60
2025020351,away,0.56,0.54,0.56,2025-11-24T01:00:00Z,KXNHLGAME-25NOV23BOSSJ-BOS,close,historical,https://api.elections.kalshi.com/trade-api/v2/historical/markets/KXNHLGAME-25NOV23BOSSJ-BOS/candlesticks?start_ts=1763708760&end_ts=1763960400&period_interval=60
2025020351,home,0.45,0.44,0.46,2025-11-24T01:00:00Z,KXNHLGAME-25NOV23BOSSJ-SJ,close,historical,https://api.elections.kalshi.com/trade-api/v2/historical/markets/KXNHLGAME-25NOV23BOSSJ-SJ/candlesticks?start_ts=1763708760&end_ts=1763960400&period_interval=60
2025020352,away,0.44,0.43,0.44,2025-11-24T02:00:00Z,KXNHLGAME-25NOV23CGYVAN-CGY,close,historical,https://api.elections.kalshi.com/trade-api/v2/historical/markets/KXNHLGAME-25NOV23CGYVAN-CGY/candlesticks?start_ts=1763708760&end_ts=1763964000&period_interval=60
2025020352,home,0.57,0.56,0.57,2025-11-24T02:00:00Z,KXNHLGAME-25NOV23CGYVAN-VAN,close,historical,https://api.elections.kalshi.com/trade-api/v2/historical/markets/KXNHLGAME-25NOV23CGYVAN-VAN/candlesticks?start_ts=1763708760&end_ts=1763964000&period_interval=60
2025020353,away,0.39,0.38,0.38,2025-11-25T00:00:00Z,KXNHLGAME-25NOV24PHITB-PHI,close,historical,https://api.elections.kalshi.com/trade-api/v2/historical/markets/KXNHLGAME-25NOV24PHITB-PHI/candlesticks?start_ts=1763795160&end_ts=1764043200&period_interval=60
2025020353,home,0.62,0.61,0.62,2025-11-25T00:00:00Z,KXNHLGAME-25NOV24PHITB-TB,close,historical,https://api.elections.kalshi.com/trade-api/v2/historical/markets/KXNHLGAME-25NOV24PHITB-TB/candlesticks?start_ts=1763795160&end_ts=1764043200&period_interval=60
2025020354,away,0.46,0.45,0.46,2025-11-25T00:00:00Z,KXNHLGAME-25NOV24DETNJ-DET,close,historical,https://api.elections.kalshi.com/trade-api/v2/historical/markets/KXNHLGAME-25NOV24DETNJ-DET/candlesticks?start_ts=1763795160&end_ts=1764043200&period_interval=60
2025020354,home,0.55,0.53,0.55,2025-11-25T00:00:00Z,KXNHLGAME-25NOV24DETNJ-NJ,close,historical,https://api.elections.kalshi.com/trade-api/v2/historical/markets/KXNHLGAME-25NOV24DETNJ-NJ/candlesticks?start_ts=1763795160&end_ts=1764043200&period_interval=60
2025020355,home,0.58,0.57,0.58,2025-11-25T00:00:00Z,KXNHLGAME-25NOV24STLNYR-NYR,close,historical,https://api.elections.kalshi.com/trade-api/v2/historical/markets/KXNHLGAME-25NOV24STLNYR-NYR/candlesticks?start_ts=1763795160&end_ts=1764043200&period_interval=60
2025020355,away,0.44,0.43,0.44,2025-11-25T00:00:00Z,KXNHLGAME-25NOV24STLNYR-STL,close,historical,https://api.elections.kalshi.com/trade-api/v2/historical/markets/KXNHLGAME-25NOV24STLNYR-STL/candlesticks?start_ts=1763795160&end_ts=1764043200&period_interval=60
2025020356,away,0.4,0.39,0.39,2025-11-25T00:00:00Z,KXNHLGAME-25NOV24CBJWSH-CBJ,close,historical,https://api.elections.kalshi.com/trade-api/v2/historical/markets/KXNHLGAME-25NOV24CBJWSH-CBJ/candlesticks?start_ts=1763795160&end_ts=1764043200&period_interval=60
2025020356,home,0.61,0.6,0.61,2025-11-25T00:00:00Z,KXNHLGAME-25NOV24CBJWSH-WSH,close,historical,https://api.elections.kalshi.com/trade-api/v2/historical/markets/KXNHLGAME-25NOV24CBJWSH-WSH/candlesticks?start_ts=1763795160&end_ts=1764043200&period_interval=60
2025020357,away,0.56,0.55,0.56,2025-11-25T01:00:00Z,KXNHLGAME-25NOV24FLANSH-FLA,close,historical,https://api.elections.kalshi.com/trade-api/v2/historical/markets/KXNHLGAME-25NOV24FLANSH-FLA/candlesticks?start_ts=1763795160&end_ts=1764046800&period_interval=60
2025020357,home,0.46,0.44,0.46,2025-11-25T01:00:00Z,KXNHLGAME-25NOV24FLANSH-NSH,close,historical,https://api.elections.kalshi.com/trade-api/v2/historical/markets/KXNHLGAME-25NOV24FLANSH-NSH/candlesticks?start_ts=1763795160&end_ts=1764046800&period_interval=60
2025020358,home,0.51,0.5,0.51,2025-11-25T02:00:00Z,KXNHLGAME-25NOV24VGKUTA-UTA,close,historical,https://api.elections.kalshi.com/trade-api/v2/historical/markets/KXNHLGAME-25NOV24VGKUTA-UTA/candlesticks?start_ts=1763795160&end_ts=1764050400&period_interval=60
2025020358,away,0.52,0.51,0.52,2025-11-25T02:00:00Z,KXNHLGAME-25NOV24VGKUTA-VGK,close,historical,https://api.elections.kalshi.com/trade-api/v2/historical/markets/KXNHLGAME-25NOV24VGKUTA-VGK/candlesticks?start_ts=1763795160&end_ts=1764050400&period_interval=60
2025020359,home,0.61,0.6,0.61,2025-11-25T02:00:00Z,KXNHLGAME-25NOV24OTTLA-LA,close,historical,https://api.elections.kalshi.com/trade-api/v2/historical/markets/KXNHLGAME-25NOV24OTTLA-LA/candlesticks?start_ts=1763795160&end_ts=1764050400&period_interval=60
2025020359,away,0.41,0.39,0.4,2025-11-25T02:00:00Z,KXNHLGAME-25NOV24OTTLA-OTT,close,historical,https://api.elections.kalshi.com/trade-api/v2/historical/markets/KXNHLGAME-25NOV24OTTLA-OTT/candlesticks?start_ts=1763795160&end_ts=1764050400&period_interval=60
2025020360,away,0.46,0.44,0.46,2025-11-26T02:00:00Z,KXNHLGAME-25NOV25DALEDM-DAL,close,historical,https://api.elections.kalshi.com/trade-api/v2/historical/markets/KXNHLGAME-25NOV25DALEDM-DAL/candlesticks?start_ts=1763881500&end_ts=1764136800&period_interval=60
2025020360,home,0.57,0.56,0.57,2025-11-26T02:00:00Z,KXNHLGAME-25NOV25DALEDM-EDM,close,historical,https://api.elections.kalshi.com/trade-api/v2/historical/markets/KXNHLGAME-25NOV25DALEDM-EDM/candlesticks?start_ts=1763881500&end_ts=1764136800&period_interval=60
2025020361,home,0.6,0.59,0.6,2025-11-27T00:00:00Z,KXNHLGAME-25NOV26NSHDET-DET,close,historical,https://api.elections.kalshi.com/trade-api/v2/historical/markets/KXNHLGAME-25NOV26NSHDET-DET/candlesticks?start_ts=1763967900&end_ts=1764216000&period_interval=60
2025020361,away,0.41,0.4,0.41,2025-11-27T00:00:00Z,KXNHLGAME-25NOV26NSHDET-NSH,close,historical,https://api.elections.kalshi.com/trade-api/v2/historical/markets/KXNHLGAME-25NOV26NSHDET-NSH/candlesticks?start_ts=1763967900&end_ts=1764216000&period_interval=60
2025020362,away,0.38,0.37,0.38,2025-11-27T00:00:00Z,KXNHLGAME-25NOV26CGYTB-CGY,close,historical,https://api.elections.kalshi.com/trade-api/v2/historical/markets/KXNHLGAME-25NOV26CGYTB-CGY/candlesticks?start_ts=1763967900&end_ts=1764216000&period_interval=60
2025020362,home,0.62,0.6,0.62,2025-11-27T00:00:00Z,KXNHLGAME-25NOV26CGYTB-TB,close,historical,https://api.elections.kalshi.com/trade-api/v2/historical/markets/KXNHLGAME-25NOV26CGYTB-TB/candlesticks?start_ts=1763967900&end_ts=1764216000&period_interval=60
2025020363,home,0.63,0.62,0.63,2025-11-27T00:00:00Z,KXNHLGAME-25NOV26PHIFLA-FLA,close,historical,https://api.elections.kalshi.com/trade-api/v2/historical/markets/KXNHLGAME-25NOV26PHIFLA-FLA/candlesticks?start_ts=1763967900&end_ts=1764216000&period_interval=60
2025020363,away,0.38,0.37,0.38,2025-11-27T00:00:00Z,KXNHLGAME-25NOV26PHIFLA-PHI,close,historical,https://api.elections.kalshi.com/trade-api/v2/historical/markets/KXNHLGAME-25NOV26PHIFLA-PHI/candlesticks?start_ts=1763967900&end_ts=1764216000&period_interval=60
2025020364,home,0.56,0.55,0.56,2025-11-27T00:00:00Z,KXNHLGAME-25NOV26STLNJ-NJ,close,historical,https://api.elections.kalshi.com/trade-api/v2/historical/markets/KXNHLGAME-25NOV26STLNJ-NJ/candlesticks?start_ts=1763967900&end_ts=1764216000&period_interval=60
2025020364,away,0.45,0.44,0.44,2025-11-27T00:00:00Z,KXNHLGAME-25NOV26STLNJ-STL,close,historical,https://api.elections.kalshi.com/trade-api/v2/historical/markets/KXNHLGAME-25NOV26STLNJ-STL/candlesticks?start_ts=1763967900&end_ts=1764216000&period_interval=60
2025020365,away,0.42,0.41,0.42,2025-11-27T00:00:00Z,KXNHLGAME-25NOV26BOSNYI-BOS,close,historical,https://api.elections.kalshi.com/trade-api/v2/historical/markets/KXNHLGAME-25NOV26BOSNYI-BOS/candlesticks?start_ts=1763967900&end_ts=1764216000&period_interval=60
2025020365,home,0.6,0.59,0.6,2025-11-27T00:00:00Z,KXNHLGAME-25NOV26BOSNYI-NYI,close,historical,https://api.elections.kalshi.com/trade-api/v2/historical/markets/KXNHLGAME-25NOV26BOSNYI-NYI/candlesticks?start_ts=1763967900&end_ts=1764216000&period_interval=60
2025020366,away,0.49,0.48,0.49,2025-11-27T00:00:00Z,KXNHLGAME-25NOV26BUFPIT-BUF,close,historical,https://api.elections.kalshi.com/trade-api/v2/historical/markets/KXNHLGAME-25NOV26BUFPIT-BUF/candlesticks?start_ts=1763967960&end_ts=1764216000&period_interval=60
2025020366,home,0.53,0.52,0.53,2025-11-27T00:00:00Z,KXNHLGAME-25NOV26BUFPIT-PIT,close,historical,https://api.elections.kalshi.com/trade-api/v2/historical/markets/KXNHLGAME-25NOV26BUFPIT-PIT/candlesticks?start_ts=1763967960&end_ts=1764216000&period_interval=60
2025020367,away,0.43,0.41,0.43,2025-11-27T00:00:00Z,KXNHLGAME-25NOV26WPGWSH-WPG,close,historical,https://api.elections.kalshi.com/trade-api/v2/historical/markets/KXNHLGAME-25NOV26WPGWSH-WPG/candlesticks?start_ts=1763967900&end_ts=1764216000&period_interval=60
2025020367,home,0.58,0.57,0.58,2025-11-27T00:00:00Z,KXNHLGAME-25NOV26WPGWSH-WSH,close,historical,https://api.elections.kalshi.com/trade-api/v2/historical/markets/KXNHLGAME-25NOV26WPGWSH-WSH/candlesticks?start_ts=1763967900&end_ts=1764216000&period_interval=60
2025020368,home,0.64,0.63,0.64,2025-11-27T00:00:00Z,KXNHLGAME-25NOV26NYRCAR-CAR,close,historical,https://api.elections.kalshi.com/trade-api/v2/historical/markets/KXNHLGAME-25NOV26NYRCAR-CAR/candlesticks?start_ts=1763967900&end_ts=1764216000&period_interval=60
2025020368,away,0.37,0.36,0.37,2025-11-27T00:00:00Z,KXNHLGAME-25NOV26NYRCAR-NYR,close,historical,https://api.elections.kalshi.com/trade-api/v2/historical/markets/KXNHLGAME-25NOV26NYRCAR-NYR/candlesticks?start_ts=1763967900&end_ts=1764216000&period_interval=60
2025020369,home,0.52,0.5,0.52,2025-11-27T00:00:00Z,KXNHLGAME-25NOV26TORCBJ-CBJ,close,historical,https://api.elections.kalshi.com/trade-api/v2/historical/markets/KXNHLGAME-25NOV26TORCBJ-CBJ/candlesticks?start_ts=1763967900&end_ts=1764216000&period_interval=60
2025020369,away,0.49,0.48,0.49,2025-11-27T00:00:00Z,KXNHLGAME-25NOV26TORCBJ-TOR,close,historical,https://api.elections.kalshi.com/trade-api/v2/historical/markets/KXNHLGAME-25NOV26TORCBJ-TOR/candlesticks?start_ts=1763967900&end_ts=1764216000&period_interval=60
2025020370,home,0.46,0.44,0.46,2025-11-27T01:00:00Z,KXNHLGAME-25NOV26MINCHI-CHI,close,historical,https://api.elections.kalshi.com/trade-api/v2/historical/markets/KXNHLGAME-25NOV26MINCHI-CHI/candlesticks?start_ts=1763967960&end_ts=1764221400&period_interval=60
2025020370,away,0.55,0.54,0.55,2025-11-27T01:00:00Z,KXNHLGAME-25NOV26MINCHI-MIN,close,historical,https://api.elections.kalshi.com/trade-api/v2/historical/markets/KXNHLGAME-25NOV26MINCHI-MIN/candlesticks?start_ts=1763967960&end_ts=1764221400&period_interval=60
2025020371,home,0.78,0.76,0.78,2025-11-27T02:00:00Z,KXNHLGAME-25NOV26SJCOL-COL,close,historical,https://api.elections.kalshi.com/trade-api/v2/historical/markets/KXNHLGAME-25NOV26SJCOL-COL/candlesticks?start_ts=1763967960&end_ts=1764223200&period_interval=60
2025020371,away,0.23,0.22,0.23,2025-11-27T02:00:00Z,KXNHLGAME-25NOV26SJCOL-SJ,close,historical,https://api.elections.kalshi.com/trade-api/v2/historical/markets/KXNHLGAME-25NOV26SJCOL-SJ/candlesticks?start_ts=1763967960&end_ts=1764223200&period_interval=60
2025020372,away,0.44,0.43,0.44,2025-11-27T02:00:00Z,KXNHLGAME-25NOV26MTLUTA-MTL,close,historical,https://api.elections.kalshi.com/trade-api/v2/historical/markets/KXNHLGAME-25NOV26MTLUTA-MTL/candlesticks?start_ts=1763978760&end_ts=1764225000&period_interval=60
2025020372,home,0.57,0.56,0.57,2025-11-27T02:00:00Z,KXNHLGAME-25NOV26MTLUTA-UTA,close,historical,https://api.elections.kalshi.com/trade-api/v2/historical/markets/KXNHLGAME-25NOV26MTLUTA-UTA/candlesticks?start_ts=1763978760&end_ts=1764225000&period_interval=60
2025020373,away,0.39,0.38,0.39,2025-11-27T03:00:00Z,KXNHLGAME-25NOV26OTTVGK-OTT,close,historical,https://api.elections.kalshi.com/trade-api/v2/historical/markets/KXNHLGAME-25NOV26OTTVGK-OTT/candlesticks?start_ts=1763978760&end_ts=1764226800&period_interval=60
2025020373,home,0.63,0.61,0.63,2025-11-27T03:00:00Z,KXNHLGAME-25NOV26OTTVGK-VGK,close,historical,https://api.elections.kalshi.com/trade-api/v2/historical/markets/KXNHLGAME-25NOV26OTTVGK-VGK/candlesticks?start_ts=1763978760&end_ts=1764226800&period_interval=60
2025020374,home,0.59,0.58,0.59,2025-11-27T03:00:00Z,KXNHLGAME-25NOV26VANANA-ANA,close,historical,https://api.elections.kalshi.com/trade-api/v2/historical/markets/KXNHLGAME-25NOV26VANANA-ANA/candlesticks?start_ts=1763978760&end_ts=1764226800&period_interval=60
2025020374,away,0.42,0.41,0.42,2025-11-27T03:00:00Z,KXNHLGAME-25NOV26VANANA-VAN,close,historical,https://api.elections.kalshi.com/trade-api/v2/historical/markets/KXNHLGAME-25NOV26VANANA-VAN/candlesticks?start_ts=1763978760&end_ts=1764226800&period_interval=60
2025020375,away,0.55,0.53,0.55,2025-11-27T03:00:00Z,KXNHLGAME-25NOV26DALSEA-DAL,close,historical,https://api.elections.kalshi.com/trade-api/v2/historical/markets/KXNHLGAME-25NOV26DALSEA-DAL/candlesticks?start_ts=1763978760&end_ts=1764226800&period_interval=60
2025020375,home,0.46,0.45,0.46,2025-11-27T03:00:00Z,KXNHLGAME-25NOV26DALSEA-SEA,close,historical,https://api.elections.kalshi.com/trade-api/v2/historical/markets/KXNHLGAME-25NOV26DALSEA-SEA/candlesticks?start_ts=1763978760&end_ts=1764226800&period_interval=60
2025020376,home,0.39,0.38,0.39,2025-11-28T18:00:00Z,KXNHLGAME-25NOV28NYRBOS-BOS,close,historical,https://api.elections.kalshi.com/trade-api/v2/historical/markets/KXNHLGAME-25NOV28NYRBOS-BOS/candlesticks?start_ts=1764119160&end_ts=1764367200&period_interval=60
2025020376,away,0.62,0.61,0.62,2025-11-28T18:00:00Z,KXNHLGAME-25NOV28NYRBOS-NYR,close,historical,https://api.elections.kalshi.com/trade-api/v2/historical/markets/KXNHLGAME-25NOV28NYRBOS-NYR/candlesticks?start_ts=1764119160&end_ts=1764367200&period_interval=60
2025020377,home,0.46,0.45,0.46,2025-11-28T17:00:00Z,KXNHLGAME-25NOV28TBDET-DET,close,historical,https://api.elections.kalshi.com/trade-api/v2/historical/markets/KXNHLGAME-25NOV28TBDET-DET/candlesticks?start_ts=1764108360&end_ts=1764363600&period_interval=60
2025020377,away,0.55,0.54,0.55,2025-11-28T17:00:00Z,KXNHLGAME-25NOV28TBDET-TB,close,historical,https://api.elections.kalshi.com/trade-api/v2/historical/markets/KXNHLGAME-25NOV28TBDET-TB/candlesticks?start_ts=1764108360&end_ts=1764363600&period_interval=60
2025020378,away,0.65,0.64,0.65,2025-11-28T20:00:00Z,KXNHLGAME-25NOV28COLMIN-COL,close,historical,https://api.elections.kalshi.com/trade-api/v2/historical/markets/KXNHLGAME-25NOV28COLMIN-COL/candlesticks?start_ts=1764129960&end_ts=1764376200&period_interval=60
2025020378,home,0.36,0.35,0.36,2025-11-28T20:00:00Z,KXNHLGAME-25NOV28COLMIN-MIN,close,historical,https://api.elections.kalshi.com/trade-api/v2/historical/markets/KXNHLGAME-25NOV28COLMIN-MIN/candlesticks?start_ts=1764129960&end_ts=1764376200&period_interval=60
2025020379,home,0.51,0.5,0.51,2025-11-28T21:00:00Z,KXNHLGAME-25NOV28NJBUF-BUF,close,historical,https://api.elections.kalshi.com/trade-api/v2/historical/markets/KXNHLGAME-25NOV28NJBUF-BUF/candlesticks?start_ts=1764129960&end_ts=1764378000&period_interval=60
2025020379,away,0.51,0.5,0.51,2025-11-28T21:00:00Z,KXNHLGAME-25NOV28NJBUF-NJ,close,historical,https://api.elections.kalshi.com/trade-api/v2/historical/markets/KXNHLGAME-25NOV28NJBUF-NJ/candlesticks?start_ts=1764129960&end_ts=1764378000&period_interval=60
2025020380,away,0.37,0.36,0.37,2025-11-28T21:00:00Z,KXNHLGAME-25NOV28CGYFLA-CGY,close,historical,https://api.elections.kalshi.com/trade-api/v2/historical/markets/KXNHLGAME-25NOV28CGYFLA-CGY/candlesticks?start_ts=1764129960&end_ts=1764378000&period_interval=60
2025020380,home,0.63,0.62,0.63,2025-11-28T21:00:00Z,KXNHLGAME-25NOV28CGYFLA-FLA,close,historical,https://api.elections.kalshi.com/trade-api/v2/historical/markets/KXNHLGAME-25NOV28CGYFLA-FLA/candlesticks?start_ts=1764129960&end_ts=1764378000&period_interval=60
2025020381,home,0.58,0.56,0.58,2025-11-28T21:00:00Z,KXNHLGAME-25NOV28PHINYI-NYI,close,historical,https://api.elections.kalshi.com/trade-api/v2/historical/markets/KXNHLGAME-25NOV28PHINYI-NYI/candlesticks?start_ts=1764129960&end_ts=1764378000&period_interval=60
2025020381,away,0.44,0.42,0.44,2025-11-28T21:00:00Z,KXNHLGAME-25NOV28PHINYI-PHI,close,historical,https://api.elections.kalshi.com/trade-api/v2/historical/markets/KXNHLGAME-25NOV28PHINYI-PHI/candlesticks?start_ts=1764129960&end_ts=1764378000&period_interval=60
2025020382,away,0.51,0.5,0.52,2025-11-28T21:00:00Z,KXNHLGAME-25NOV28OTTSTL-OTT,close,historical,https://api.elections.kalshi.com/trade-api/v2/historical/markets/KXNHLGAME-25NOV28OTTSTL-OTT/candlesticks?start_ts=1764129960&end_ts=1764378000&period_interval=60
2025020382,home,0.5,0.49,0.5,2025-11-28T21:00:00Z,KXNHLGAME-25NOV28OTTSTL-STL,close,historical,https://api.elections.kalshi.com/trade-api/v2/historical/markets/KXNHLGAME-25NOV28OTTSTL-STL/candlesticks?start_ts=1764129960&end_ts=1764378000&period_interval=60
2025020383,away,0.36,0.35,0.36,2025-11-28T21:00:00Z,KXNHLGAME-25NOV28MTLVGK-MTL,close,historical,https://api.elections.kalshi.com/trade-api/v2/historical/markets/KXNHLGAME-25NOV28MTLVGK-MTL/candlesticks?start_ts=1764129960&end_ts=1764378000&period_interval=60
2025020383,home,0.65,0.64,0.65,2025-11-28T21:00:00Z,KXNHLGAME-25NOV28MTLVGK-VGK,close,historical,https://api.elections.kalshi.com/trade-api/v2/historical/markets/KXNHLGAME-25NOV28MTLVGK-VGK/candlesticks?start_ts=1764129960&end_ts=1764378000&period_interval=60
2025020384,home,0.46,0.44,0.46,2025-11-28T21:00:00Z,KXNHLGAME-25NOV28LAANA-ANA,close,historical,https://api.elections.kalshi.com/trade-api/v2/historical/markets/KXNHLGAME-25NOV28LAANA-ANA/candlesticks?start_ts=1764129960&end_ts=1764378000&period_interval=60
2025020384,away,0.56,0.54,0.56,2025-11-28T21:00:00Z,KXNHLGAME-25NOV28LAANA-LA,close,historical,https://api.elections.kalshi.com/trade-api/v2/historical/markets/KXNHLGAME-25NOV28LAANA-LA/candlesticks?start_ts=1764129960&end_ts=1764378000&period_interval=60
2025020385,home,0.48,0.47,0.48,2025-11-28T21:00:00Z,KXNHLGAME-25NOV28VANSJ-SJ,close,historical,https://api.elections.kalshi.com/trade-api/v2/historical/markets/KXNHLGAME-25NOV28VANSJ-SJ/candlesticks?start_ts=1764129960&end_ts=1764378000&period_interval=60
2025020385,away,0.53,0.52,0.53,2025-11-28T21:00:00Z,KXNHLGAME-25NOV28VANSJ-VAN,close,historical,https://api.elections.kalshi.com/trade-api/v2/historical/markets/KXNHLGAME-25NOV28VANSJ-VAN/candlesticks?start_ts=1764129960&end_ts=1764378000&period_interval=60
2025020386,away,0.39,0.38,0.38,2025-11-28T22:00:00Z,KXNHLGAME-25NOV28TORWSH-TOR,close,historical,https://api.elections.kalshi.com/trade-api/v2/historical/markets/KXNHLGAME-25NOV28TORWSH-TOR/candlesticks?start_ts=1764129960&end_ts=1764381600&period_interval=60
2025020386,home,0.61,0.6,0.61,2025-11-28T22:00:00Z,KXNHLGAME-25NOV28TORWSH-WSH,close,historical,https://api.elections.kalshi.com/trade-api/v2/historical/markets/KXNHLGAME-25NOV28TORWSH-WSH/candlesticks?start_ts=1764129960&end_ts=1764381600&period_interval=60
2025020387,home,0.65,0.64,0.65,2025-11-28T22:00:00Z,KXNHLGAME-25NOV28WPGCAR-CAR,close,historical,https://api.elections.kalshi.com/trade-api/v2/historical/markets/KXNHLGAME-25NOV28WPGCAR-CAR/candlesticks?start_ts=1764129960&end_ts=1764381600&period_interval=60
2025020387,away,0.35,0.34,0.35,2025-11-28T22:00:00Z,KXNHLGAME-25NOV28WPGCAR-WPG,close,historical,https://api.elections.kalshi.com/trade-api/v2/historical/markets/KXNHLGAME-25NOV28WPGCAR-WPG/candlesticks?start_ts=1764129960&end_ts=1764381600&period_interval=60
2025020388,home,0.56,0.55,0.56,2025-11-29T00:00:00Z,KXNHLGAME-25NOV28PITCBJ-CBJ,close,historical,https://api.elections.kalshi.com/trade-api/v2/historical/markets/KXNHLGAME-25NOV28PITCBJ-CBJ/candlesticks?start_ts=1764140760&end_ts=1764388800&period_interval=60
2025020388,away,0.44,0.43,0.44,2025-11-29T00:00:00Z,KXNHLGAME-25NOV28PITCBJ-PIT,close,historical,https://api.elections.kalshi.com/trade-api/v2/historical/markets/KXNHLGAME-25NOV28PITCBJ-PIT/candlesticks?start_ts=1764140760&end_ts=1764388800&period_interval=60
2025020389,home,0.47,0.46,0.47,2025-11-29T01:00:00Z,KXNHLGAME-25NOV28NSHCHI-CHI,close,historical,https://api.elections.kalshi.com/trade-api/v2/historical/markets/KXNHLGAME-25NOV28NSHCHI-CHI/candlesticks?start_ts=1764140760&end_ts=1764392400&period_interval=60
2025020389,away,0.54,0.53,0.54,2025-11-29T01:00:00Z,KXNHLGAME-25NOV28NSHCHI-NSH,close,historical,https://api.elections.kalshi.com/trade-api/v2/historical/markets/KXNHLGAME-25NOV28NSHCHI-NSH/candlesticks?start_ts=1764140760&end_ts=1764392400&period_interval=60
2025020390,home,0.56,0.55,0.56,2025-11-29T01:00:00Z,KXNHLGAME-25NOV28UTADAL-DAL,close,historical,https://api.elections.kalshi.com/trade-api/v2/historical/markets/KXNHLGAME-25NOV28UTADAL-DAL/candlesticks?start_ts=1764140760&end_ts=1764392400&period_interval=60
2025020390,away,0.45,0.44,0.45,2025-11-29T01:00:00Z,KXNHLGAME-25NOV28UTADAL-UTA,close,historical,https://api.elections.kalshi.com/trade-api/v2/historical/markets/KXNHLGAME-25NOV28UTADAL-UTA/candlesticks?start_ts=1764140760&end_ts=1764392400&period_interval=60
2025020391,home,0.56,0.54,0.56,2025-11-29T19:00:00Z,KXNHLGAME-25NOV29TBNYR-NYR,close,historical,https://api.elections.kalshi.com/trade-api/v2/historical/markets/KXNHLGAME-25NOV29TBNYR-NYR/candlesticks?start_ts=1764205560&end_ts=1764457200&period_interval=60
2025020391,away,0.46,0.44,0.46,2025-11-29T19:00:00Z,KXNHLGAME-25NOV29TBNYR-TB,close,historical,https://api.elections.kalshi.com/trade-api/v2/historical/markets/KXNHLGAME-25NOV29TBNYR-TB/candlesticks?start_ts=1764205560&end_ts=1764457200&period_interval=60
2025020392,home,0.71,0.7,0.71,2025-11-29T20:00:00Z,KXNHLGAME-25NOV29MTLCOL-COL,close,historical,https://api.elections.kalshi.com/trade-api/v2/historical/markets/KXNHLGAME-25NOV29MTLCOL-COL/candlesticks?start_ts=1764205560&end_ts=1764460800&period_interval=60
2025020392,away,0.31,0.29,0.31,2025-11-29T20:00:00Z,KXNHLGAME-25NOV29MTLCOL-MTL,close,historical,https://api.elections.kalshi.com/trade-api/v2/historical/markets/KXNHLGAME-25NOV29MTLCOL-MTL/candlesticks?start_ts=1764205560&end_ts=1764460800&period_interval=60
2025020393,away,0.59,0.57,0.59,2025-11-29T21:00:00Z,KXNHLGAME-25NOV29EDMSEA-EDM,close,historical,https://api.elections.kalshi.com/trade-api/v2/historical/markets/KXNHLGAME-25NOV29EDMSEA-EDM/candlesticks?start_ts=1764216360&end_ts=1764464400&period_interval=60
2025020393,home,0.43,0.42,0.43,2025-11-29T21:00:00Z,KXNHLGAME-25NOV29EDMSEA-SEA,close,historical,https://api.elections.kalshi.com/trade-api/v2/historical/markets/KXNHLGAME-25NOV29EDMSEA-SEA/candlesticks?start_ts=1764216360&end_ts=1764464400&period_interval=60
2025020394,home,0.42,0.41,0.42,2025-11-30T00:00:00Z,KXNHLGAME-25NOV29DETBOS-BOS,close,historical,https://api.elections.kalshi.com/trade-api/v2/historical/markets/KXNHLGAME-25NOV29DETBOS-BOS/candlesticks?start_ts=1764227160&end_ts=1764475200&period_interval=60
2025020394,away,0.59,0.58,0.59,2025-11-30T00:00:00Z,KXNHLGAME-25NOV29DETBOS-DET,close,historical,https://api.elections.kalshi.com/trade-api/v2/historical/markets/KXNHLGAME-25NOV29DETBOS-DET/candlesticks?start_ts=1764227160&end_ts=1764475200&period_interval=60
2025020395,home,0.57,0.56,0.57,2025-11-30T00:00:00Z,KXNHLGAME-25NOV29PHINJ-NJ,close,historical,https://api.elections.kalshi.com/trade-api/v2/historical/markets/KXNHLGAME-25NOV29PHINJ-NJ/candlesticks?start_ts=1764227160&end_ts=1764475200&period_interval=60
2025020395,away,0.45,0.43,0.45,2025-11-30T00:00:00Z,KXNHLGAME-25NOV29PHINJ-PHI,close,historical,https://api.elections.kalshi.com/trade-api/v2/historical/markets/KXNHLGAME-25NOV29PHINJ-PHI/candlesticks?start_ts=1764227160&end_ts=1764475200&period_interval=60
2025020396,home,0.51,0.5,0.51,2025-11-30T00:00:00Z,KXNHLGAME-25NOV29TORPIT-PIT,close,historical,https://api.elections.kalshi.com/trade-api/v2/historical/markets/KXNHLGAME-25NOV29TORPIT-PIT/candlesticks?start_ts=1764227160&end_ts=1764475200&period_interval=60
2025020396,away,0.5,0.49,0.49,2025-11-30T00:00:00Z,KXNHLGAME-25NOV29TORPIT-TOR,close,historical,https://api.elections.kalshi.com/trade-api/v2/historical/markets/KXNHLGAME-25NOV29TORPIT-TOR/candlesticks?start_ts=1764227160&end_ts=1764475200&period_interval=60
2025020397,home,0.46,0.45,0.46,2025-11-30T00:00:00Z,KXNHLGAME-25NOV29WPGNSH-NSH,close,historical,https://api.elections.kalshi.com/trade-api/v2/historical/markets/KXNHLGAME-25NOV29WPGNSH-NSH/candlesticks?start_ts=1764227160&end_ts=1764475200&period_interval=60
2025020397,away,0.54,0.53,0.54,2025-11-30T00:00:00Z,KXNHLGAME-25NOV29WPGNSH-WPG,close,historical,https://api.elections.kalshi.com/trade-api/v2/historical/markets/KXNHLGAME-25NOV29WPGNSH-WPG/candlesticks?start_ts=1764227160&end_ts=1764475200&period_interval=60
2025020398,home,0.47,0.46,0.47,2025-11-30T01:00:00Z,KXNHLGAME-25NOV29UTASTL-STL,close,historical,https://api.elections.kalshi.com/trade-api/v2/historical/markets/KXNHLGAME-25NOV29UTASTL-STL/candlesticks?start_ts=1764227160&end_ts=1764478800&period_interval=60
2025020398,away,0.54,0.53,0.54,2025-11-30T01:00:00Z,KXNHLGAME-25NOV29UTASTL-UTA,close,historical,https://api.elections.kalshi.com/trade-api/v2/historical/markets/KXNHLGAME-25NOV29UTASTL-UTA/candlesticks?start_ts=1764227160&end_ts=1764478800&period_interval=60
2025020399,away,0.43,0.42,0.43,2025-11-30T01:00:00Z,KXNHLGAME-25NOV29BUFMIN-BUF,close,historical,https://api.elections.kalshi.com/trade-api/v2/historical/markets/KXNHLGAME-25NOV29BUFMIN-BUF/candlesticks?start_ts=1764227160&end_ts=1764478800&period_interval=60
2025020399,home,0.58,0.56,0.58,2025-11-30T01:00:00Z,KXNHLGAME-25NOV29BUFMIN-MIN,close,historical,https://api.elections.kalshi.com/trade-api/v2/historical/markets/KXNHLGAME-25NOV29BUFMIN-MIN/candlesticks?start_ts=1764227160&end_ts=1764478800&period_interval=60
2025020400,away,0.26,0.25,0.26,2025-11-30T03:00:00Z,KXNHLGAME-25NOV29SJVGK-SJ,close,historical,https://api.elections.kalshi.com/trade-api/v2/historical/markets/KXNHLGAME-25NOV29SJVGK-SJ/candlesticks?start_ts=1764237960&end_ts=1764486000&period_interval=60
2025020400,home,0.75,0.74,0.75,2025-11-30T03:00:00Z,KXNHLGAME-25NOV29SJVGK-VGK,close,historical,https://api.elections.kalshi.com/trade-api/v2/historical/markets/KXNHLGAME-25NOV29SJVGK-VGK/candlesticks?start_ts=1764237960&end_ts=1764486000&period_interval=60
2025020401,home,0.62,0.61,0.62,2025-11-30T03:00:00Z,KXNHLGAME-25NOV29VANLA-LA,close,historical,https://api.elections.kalshi.com/trade-api/v2/historical/markets/KXNHLGAME-25NOV29VANLA-LA/candlesticks?start_ts=1764237960&end_ts=1764486000&period_interval=60
2025020401,away,0.4,0.38,0.4,2025-11-30T03:00:00Z,KXNHLGAME-25NOV29VANLA-VAN,close,historical,https://api.elections.kalshi.com/trade-api/v2/historical/markets/KXNHLGAME-25NOV29VANLA-VAN/candlesticks?start_ts=1764237960&end_ts=1764486000&period_interval=60
2025020402,home,0.45,0.44,0.44,2025-11-30T18:00:00Z,KXNHLGAME-25NOV30WSHNYI-NYI,close,historical,https://api.elections.kalshi.com/trade-api/v2/historical/markets/KXNHLGAME-25NOV30WSHNYI-NYI/candlesticks?start_ts=1764291960&end_ts=1764540000&period_interval=60
2025020402,away,0.55,0.54,0.55,2025-11-30T18:00:00Z,KXNHLGAME-25NOV30WSHNYI-WSH,close,historical,https://api.elections.kalshi.com/trade-api/v2/historical/markets/KXNHLGAME-25NOV30WSHNYI-WSH/candlesticks?start_ts=1764291960&end_ts=1764540000&period_interval=60
2025020403,away,0.54,0.53,0.54,2025-11-30T20:00:00Z,KXNHLGAME-25NOV30ANACHI-ANA,close,historical,https://api.elections.kalshi.com/trade-api/v2/historical/markets/KXNHLGAME-25NOV30ANACHI-ANA/candlesticks?start_ts=1764302760&end_ts=1764549000&period_interval=60
2025020403,home,0.48,0.47,0.48,2025-11-30T20:00:00Z,KXNHLGAME-25NOV30ANACHI-CHI,close,historical,https://api.elections.kalshi.com/trade-api/v2/historical/markets/KXNHLGAME-25NOV30ANACHI-CHI/candlesticks?start_ts=1764302760&end_ts=1764549000&period_interval=60
2025020404,home,0.7,0.69,0.7,2025-11-30T22:00:00Z,KXNHLGAME-25NOV30CGYCAR-CAR,close,historical,https://api.elections.kalshi.com/trade-api/v2/historical/markets/KXNHLGAME-25NOV30CGYCAR-CAR/candlesticks?start_ts=1764302760&end_ts=1764554400&period_interval=60
2025020404,away,0.3,0.29,0.3,2025-11-30T22:00:00Z,KXNHLGAME-25NOV30CGYCAR-CGY,close,historical,https://api.elections.kalshi.com/trade-api/v2/historical/markets/KXNHLGAME-25NOV30CGYCAR-CGY/candlesticks?start_ts=1764302760&end_ts=1764554400&period_interval=60
2025020405,home,0.56,0.55,0.56,2025-11-30T23:00:00Z,KXNHLGAME-25NOV30OTTDAL-DAL,close,historical,https://api.elections.kalshi.com/trade-api/v2/historical/markets/KXNHLGAME-25NOV30OTTDAL-DAL/candlesticks?start_ts=1764302760&end_ts=1764558000&period_interval=60
2025020405,away,0.45,0.44,0.44,2025-11-30T23:00:00Z,KXNHLGAME-25NOV30OTTDAL-OTT,close,historical,https://api.elections.kalshi.com/trade-api/v2/historical/markets/KXNHLGAME-25NOV30OTTDAL-OTT/candlesticks?start_ts=1764302760&end_ts=1764558000&period_interval=60
2025020406,away,0.43,0.42,0.43,2025-12-02T00:00:00Z,KXNHLGAME-25DEC01CBJNJ-CBJ,close,historical,https://api.elections.kalshi.com/trade-api/v2/historical/markets/KXNHLGAME-25DEC01CBJNJ-CBJ/candlesticks?start_ts=1764399960&end_ts=1764649805&period_interval=60
2025020406,home,0.59,0.58,0.59,2025-12-02T00:00:00Z,KXNHLGAME-25DEC01CBJNJ-NJ,close,historical,https://api.elections.kalshi.com/trade-api/v2/historical/markets/KXNHLGAME-25DEC01CBJNJ-NJ/candlesticks?start_ts=1764399960&end_ts=1764649805&period_interval=60
2025020407,home,0.55,0.54,0.55,2025-12-02T00:00:00Z,KXNHLGAME-25DEC01PITPHI-PHI,close,historical,https://api.elections.kalshi.com/trade-api/v2/historical/markets/KXNHLGAME-25DEC01PITPHI-PHI/candlesticks?start_ts=1764399900&end_ts=1764648000&period_interval=60
2025020407,away,0.46,0.44,0.46,2025-12-02T00:00:00Z,KXNHLGAME-25DEC01PITPHI-PIT,close,historical,https://api.elections.kalshi.com/trade-api/v2/historical/markets/KXNHLGAME-25DEC01PITPHI-PIT/candlesticks?start_ts=1764399900&end_ts=1764648000&period_interval=60
2025020408,home,0.52,0.51,0.52,2025-12-02T00:00:00Z,KXNHLGAME-25DEC01WPGBUF-BUF,close,historical,https://api.elections.kalshi.com/trade-api/v2/historical/markets/KXNHLGAME-25DEC01WPGBUF-BUF/candlesticks?start_ts=1764399960&end_ts=1764649800&period_interval=60
2025020408,away,0.5,0.49,0.5,2025-12-02T00:00:00Z,KXNHLGAME-25DEC01WPGBUF-WPG,close,historical,https://api.elections.kalshi.com/trade-api/v2/historical/markets/KXNHLGAME-25DEC01WPGBUF-WPG/candlesticks?start_ts=1764399960&end_ts=1764649800&period_interval=60
2025020409,away,0.43,0.41,0.43,2025-12-02T01:00:00Z,KXNHLGAME-25DEC01ANASTL-ANA,close,historical,https://api.elections.kalshi.com/trade-api/v2/historical/markets/KXNHLGAME-25DEC01ANASTL-ANA/candlesticks?start_ts=1764399960&end_ts=1764651600&period_interval=60
2025020409,home,0.58,0.57,0.58,2025-12-02T01:00:00Z,KXNHLGAME-25DEC01ANASTL-STL,close,historical,https://api.elections.kalshi.com/trade-api/v2/historical/markets/KXNHLGAME-25DEC01ANASTL-STL/candlesticks?start_ts=1764399960&end_ts=1764651600&period_interval=60
2025020410,home,0.38,0.36,0.38,2025-12-02T03:00:00Z,KXNHLGAME-25DEC01UTASJ-SJ,close,historical,https://api.elections.kalshi.com/trade-api/v2/historical/markets/KXNHLGAME-25DEC01UTASJ-SJ/candlesticks?start_ts=1764410760&end_ts=1764658800&period_interval=60
2025020410,away,0.63,0.61,0.62,2025-12-02T03:00:00Z,KXNHLGAME-25DEC01UTASJ-UTA,close,historical,https://api.elections.kalshi.com/trade-api/v2/historical/markets/KXNHLGAME-25DEC01UTASJ-UTA/candlesticks?start_ts=1764410760&end_ts=1764658800&period_interval=60
2025020411,home,0.47,0.45,0.47,2025-12-03T00:00:00Z,KXNHLGAME-25DEC02OTTMTL-MTL,close,historical,https://api.elections.kalshi.com/trade-api/v2/historical/markets/KXNHLGAME-25DEC02OTTMTL-MTL/candlesticks?start_ts=1764486300&end_ts=1764734400&period_interval=60
2025020411,away,0.54,0.53,0.54,2025-12-03T00:00:00Z,KXNHLGAME-25DEC02OTTMTL-OTT,close,historical,https://api.elections.kalshi.com/trade-api/v2/historical/markets/KXNHLGAME-25DEC02OTTMTL-OTT/candlesticks?start_ts=1764486300&end_ts=1764734400&period_interval=60
2025020412,away,0.37,0.36,0.37,2025-12-03T00:00:00Z,KXNHLGAME-25DEC02BOSDET-BOS,close,historical,https://api.elections.kalshi.com/trade-api/v2/historical/markets/KXNHLGAME-25DEC02BOSDET-BOS/candlesticks?start_ts=1764486300&end_ts=1764734400&period_interval=60
2025020412,home,0.65,0.64,0.65,2025-12-03T00:00:00Z,KXNHLGAME-25DEC02BOSDET-DET,close,historical,https://api.elections.kalshi.com/trade-api/v2/historical/markets/KXNHLGAME-25DEC02BOSDET-DET/candlesticks?start_ts=1764486300&end_ts=1764734400&period_interval=60
2025020413,home,0.61,0.6,0.61,2025-12-03T00:00:00Z,KXNHLGAME-25DEC02TORFLA-FLA,close,historical,https://api.elections.kalshi.com/trade-api/v2/historical/markets/KXNHLGAME-25DEC02TORFLA-FLA/candlesticks?start_ts=1764486300&end_ts=1764736200&period_interval=60
2025020413,away,0.4,0.39,0.4,2025-12-03T00:00:00Z,KXNHLGAME-25DEC02TORFLA-TOR,close,historical,https://api.elections.kalshi.com/trade-api/v2/historical/markets/KXNHLGAME-25DEC02TORFLA-TOR/candlesticks?start_ts=1764486300&end_ts=1764736200&period_interval=60
2025020414,home,0.47,0.46,0.47,2025-12-03T00:00:00Z,KXNHLGAME-25DEC02TBNYI-NYI,close,historical,https://api.elections.kalshi.com/trade-api/v2/historical/markets/KXNHLGAME-25DEC02TBNYI-NYI/candlesticks?start_ts=1764486300&end_ts=1764734400&period_interval=60
2025020414,away,0.54,0.53,0.54,2025-12-03T00:00:00Z,KXNHLGAME-25DEC02TBNYI-TB,close,historical,https://api.elections.kalshi.com/trade-api/v2/historical/markets/KXNHLGAME-25DEC02TBNYI-TB/candlesticks?start_ts=1764486300&end_ts=1764734400&period_interval=60
2025020415,away,0.55,0.54,0.55,2025-12-03T00:00:00Z,KXNHLGAME-25DEC02DALNYR-DAL,close,historical,https://api.elections.kalshi.com/trade-api/v2/historical/markets/KXNHLGAME-25DEC02DALNYR-DAL/candlesticks?start_ts=1764486300&end_ts=1764734400&period_interval=60
2025020415,home,0.47,0.45,0.47,2025-12-03T00:00:00Z,KXNHLGAME-25DEC02DALNYR-NYR,close,historical,https://api.elections.kalshi.com/trade-api/v2/historical/markets/KXNHLGAME-25DEC02DALNYR-NYR/candlesticks?start_ts=1764486300&end_ts=1764734400&period_interval=60
2025020416,away,0.49,0.48,0.49,2025-12-03T01:00:00Z,KXNHLGAME-25DEC02CGYNSH-CGY,close,historical,https://api.elections.kalshi.com/trade-api/v2/historical/markets/KXNHLGAME-25DEC02CGYNSH-CGY/candlesticks?start_ts=1764486360&end_ts=1764738000&period_interval=60
2025020416,home,0.53,0.52,0.52,2025-12-03T01:00:00Z,KXNHLGAME-25DEC02CGYNSH-NSH,close,historical,https://api.elections.kalshi.com/trade-api/v2/historical/markets/KXNHLGAME-25DEC02CGYNSH-NSH/candlesticks?start_ts=1764486360&end_ts=1764738000&period_interval=60
2025020417,home,0.77,0.75,0.77,2025-12-03T02:00:00Z,KXNHLGAME-25DEC02VANCOL-COL,close,historical,https://api.elections.kalshi.com/trade-api/v2/historical/markets/KXNHLGAME-25DEC02VANCOL-COL/candlesticks?start_ts=1764486360&end_ts=1764741600&period_interval=60
2025020417,away,0.25,0.24,0.25,2025-12-03T02:00:00Z,KXNHLGAME-25DEC02VANCOL-VAN,close,historical,https://api.elections.kalshi.com/trade-api/v2/historical/markets/KXNHLGAME-25DEC02VANCOL-VAN/candlesticks?start_ts=1764486360&end_ts=1764741600&period_interval=60
2025020418,home,0.58,0.57,0.57,2025-12-03T02:00:00Z,KXNHLGAME-25DEC02MINEDM-EDM,close,historical,https://api.elections.kalshi.com/trade-api/v2/historical/markets/KXNHLGAME-25DEC02MINEDM-EDM/candlesticks?start_ts=1764486360&end_ts=1764741600&period_interval=60
2025020418,away,0.44,0.43,0.44,2025-12-03T02:00:00Z,KXNHLGAME-25DEC02MINEDM-MIN,close,historical,https://api.elections.kalshi.com/trade-api/v2/historical/markets/KXNHLGAME-25DEC02MINEDM-MIN/candlesticks?start_ts=1764486360&end_ts=1764741600&period_interval=60
2025020419,away,0.3,0.29,0.3,2025-12-03T03:00:00Z,KXNHLGAME-25DEC02CHIVGK-CHI,close,historical,https://api.elections.kalshi.com/trade-api/v2/historical/markets/KXNHLGAME-25DEC02CHIVGK-CHI/candlesticks?start_ts=1764497100&end_ts=1764745200&period_interval=60
2025020419,home,0.7,0.69,0.69,2025-12-03T03:00:00Z,KXNHLGAME-25DEC02CHIVGK-VGK,close,historical,https://api.elections.kalshi.com/trade-api/v2/historical/markets/KXNHLGAME-25DEC02CHIVGK-VGK/candlesticks?start_ts=1764497100&end_ts=1764745200&period_interval=60
2025020420,home,0.53,0.51,0.53,2025-12-03T03:00:00Z,KXNHLGAME-25DEC02WSHLA-LA,close,historical,https://api.elections.kalshi.com/trade-api/v2/historical/markets/KXNHLGAME-25DEC02WSHLA-LA/candlesticks?start_ts=1764497100&end_ts=1764747000&period_interval=60
2025020420,away,0.49,0.47,0.49,2025-12-03T03:00:00Z,KXNHLGAME-25DEC02WSHLA-WSH,close,historical,https://api.elections.kalshi.com/trade-api/v2/historical/markets/KXNHLGAME-25DEC02WSHLA-WSH/candlesticks?start_ts=1764497100&end_ts=1764747000&period_interval=60
2025020421,away,0.49,0.48,0.49,2025-12-04T00:00:00Z,KXNHLGAME-25DEC03DALNJ-DAL,close,historical,https://api.elections.kalshi.com/trade-api/v2/historical/markets/KXNHLGAME-25DEC03DALNJ-DAL/candlesticks?start_ts=1764572700&end_ts=1764820800&period_interval=60
2025020421,home,0.53,0.52,0.53,2025-12-04T00:00:00Z,KXNHLGAME-25DEC03DALNJ-NJ,close,historical,https://api.elections.kalshi.com/trade-api/v2/historical/markets/KXNHLGAME-25DEC03DALNJ-NJ/candlesticks?start_ts=1764572700&end_ts=1764820800&period_interval=60
2025020422,home,0.46,0.45,0.46,2025-12-04T00:00:00Z,KXNHLGAME-25DEC03WPGMTL-MTL,close,historical,https://api.elections.kalshi.com/trade-api/v2/historical/markets/KXNHLGAME-25DEC03WPGMTL-MTL/candlesticks?start_ts=1764572760&end_ts=1764822600&period_interval=60
2025020422,away,0.56,0.54,0.56,2025-12-04T00:00:00Z,KXNHLGAME-25DEC03WPGMTL-WPG,close,historical,https://api.elections.kalshi.com/trade-api/v2/historical/markets/KXNHLGAME-25DEC03WPGMTL-WPG/candlesticks?start_ts=1764572760&end_ts=1764822600&period_interval=60
2025020423,away,0.57,0.55,0.57,2025-12-04T00:00:00Z,KXNHLGAME-25DEC03BUFPHI-BUF,close,historical,https://api.elections.kalshi.com/trade-api/v2/historical/markets/KXNHLGAME-25DEC03BUFPHI-BUF/candlesticks?start_ts=1764572760&end_ts=1764822600&period_interval=60
2025020423,home,0.45,0.44,0.45,2025-12-04T00:00:00Z,KXNHLGAME-25DEC03BUFPHI-PHI,close,historical,https://api.elections.kalshi.com/trade-api/v2/historical/markets/KXNHLGAME-25DEC03BUFPHI-PHI/candlesticks?start_ts=1764572760&end_ts=1764822600&period_interval=60
2025020424,home,0.5,0.48,0.5,2025-12-04T03:00:00Z,KXNHLGAME-25DEC03UTAANA-ANA,close,historical,https://api.elections.kalshi.com/trade-api/v2/historical/markets/KXNHLGAME-25DEC03UTAANA-ANA/candlesticks?start_ts=1764583560&end_ts=1764831600&period_interval=60
2025020424,away,0.52,0.51,0.52,2025-12-04T03:00:00Z,KXNHLGAME-25DEC03UTAANA-UTA,close,historical,https://api.elections.kalshi.com/trade-api/v2/historical/markets/KXNHLGAME-25DEC03UTAANA-UTA/candlesticks?start_ts=1764583560&end_ts=1764831600&period_interval=60
2025020425,home,0.44,0.42,0.44,2025-12-04T03:00:00Z,KXNHLGAME-25DEC03WSHSJ-SJ,close,historical,https://api.elections.kalshi.com/trade-api/v2/historical/markets/KXNHLGAME-25DEC03WSHSJ-SJ/candlesticks?start_ts=1764583560&end_ts=1764831600&period_interval=60
2025020425,away,0.58,0.57,0.58,2025-12-04T03:00:00Z,KXNHLGAME-25DEC03WSHSJ-WSH,close,historical,https://api.elections.kalshi.com/trade-api/v2/historical/markets/KXNHLGAME-25DEC03WSHSJ-WSH/candlesticks?start_ts=1764583560&end_ts=1764831600&period_interval=60
2025020426,home,0.45,0.44,0.45,2025-12-05T00:00:00Z,KXNHLGAME-25DEC04STLBOS-BOS,close,historical,https://api.elections.kalshi.com/trade-api/v2/historical/markets/KXNHLGAME-25DEC04STLBOS-BOS/candlesticks?start_ts=1764659160&end_ts=1764907200&period_interval=60
2025020426,away,0.56,0.55,0.56,2025-12-05T00:00:00Z,KXNHLGAME-25DEC04STLBOS-STL,close,historical,https://api.elections.kalshi.com/trade-api/v2/historical/markets/KXNHLGAME-25DEC04STLBOS-STL/candlesticks?start_ts=1764659160&end_ts=1764907200&period_interval=60
2025020427,away,0.47,0.46,0.47,2025-12-05T00:00:00Z,KXNHLGAME-25DEC04NYROTT-NYR,close,historical,https://api.elections.kalshi.com/trade-api/v2/historical/markets/KXNHLGAME-25DEC04NYROTT-NYR/candlesticks?start_ts=1764659160&end_ts=1764907200&period_interval=60
2025020427,home,0.54,0.53,0.54,2025-12-05T00:00:00Z,KXNHLGAME-25DEC04NYROTT-OTT,close,historical,https://api.elections.kalshi.com/trade-api/v2/historical/markets/KXNHLGAME-25DEC04NYROTT-OTT/candlesticks?start_ts=1764659160&end_ts=1764907200&period_interval=60
2025020428,away,0.43,0.41,0.43,2025-12-05T00:00:00Z,KXNHLGAME-25DEC04PITTB-PIT,close,historical,https://api.elections.kalshi.com/trade-api/v2/historical/markets/KXNHLGAME-25DEC04PITTB-PIT/candlesticks?start_ts=1764659160&end_ts=1764907200&period_interval=60
2025020428,home,0.59,0.57,0.59,2025-12-05T00:00:00Z,KXNHLGAME-25DEC04PITTB-TB,close,historical,https://api.elections.kalshi.com/trade-api/v2/historical/markets/KXNHLGAME-25DEC04PITTB-TB/candlesticks?start_ts=1764659160&end_ts=1764907200&period_interval=60
2025020429,home,0.62,0.61,0.63,2025-12-05T00:00:00Z,KXNHLGAME-25DEC04NSHFLA-FLA,close,historical,https://api.elections.kalshi.com/trade-api/v2/historical/markets/KXNHLGAME-25DEC04NSHFLA-FLA/candlesticks?start_ts=1764659160&end_ts=1764907200&period_interval=60
2025020429,away,0.38,0.37,0.38,2025-12-05T00:00:00Z,KXNHLGAME-25DEC04NSHFLA-NSH,close,historical,https://api.elections.kalshi.com/trade-api/v2/historical/markets/KXNHLGAME-25DEC04NSHFLA-NSH/candlesticks?start_ts=1764659160&end_ts=1764907200&period_interval=60
2025020430,away,0.64,0.63,0.64,2025-12-05T00:00:00Z,KXNHLGAME-25DEC04COLNYI-COL,close,historical,https://api.elections.kalshi.com/trade-api/v2/historical/markets/KXNHLGAME-25DEC04COLNYI-COL/candlesticks?start_ts=1764659160&end_ts=1764907200&period_interval=60
2025020430,home,0.37,0.36,0.36,2025-12-05T00:00:00Z,KXNHLGAME-25DEC04COLNYI-NYI,close,historical,https://api.elections.kalshi.com/trade-api/v2/historical/markets/KXNHLGAME-25DEC04COLNYI-NYI/candlesticks?start_ts=1764659160&end_ts=1764907200&period_interval=60
2025020431,home,0.65,0.64,0.65,2025-12-05T00:00:00Z,KXNHLGAME-25DEC04TORCAR-CAR,close,historical,https://api.elections.kalshi.com/trade-api/v2/historical/markets/KXNHLGAME-25DEC04TORCAR-CAR/candlesticks?start_ts=1764659160&end_ts=1764907200&period_interval=60
2025020431,away,0.36,0.35,0.36,2025-12-05T00:00:00Z,KXNHLGAME-25DEC04TORCAR-TOR,close,historical,https://api.elections.kalshi.com/trade-api/v2/historical/markets/KXNHLGAME-25DEC04TORCAR-TOR/candlesticks?start_ts=1764659160&end_ts=1764907200&period_interval=60
2025020432,home,0.53,0.52,0.53,2025-12-05T00:00:00Z,KXNHLGAME-25DEC04DETCBJ-CBJ,close,historical,https://api.elections.kalshi.com/trade-api/v2/historical/markets/KXNHLGAME-25DEC04DETCBJ-CBJ/candlesticks?start_ts=1764659160&end_ts=1764909000&period_interval=60
2025020432,away,0.48,0.47,0.48,2025-12-05T00:00:00Z,KXNHLGAME-25DEC04DETCBJ-DET,close,historical,https://api.elections.kalshi.com/trade-api/v2/historical/markets/KXNHLGAME-25DEC04DETCBJ-DET/candlesticks?start_ts=1764659160&end_ts=1764909000&period_interval=60
2025020433,home,0.48,0.46,0.48,2025-12-05T02:00:00Z,KXNHLGAME-25DEC04MINCGY-CGY,close,historical,https://api.elections.kalshi.com/trade-api/v2/historical/markets/KXNHLGAME-25DEC04MINCGY-CGY/candlesticks?start_ts=1764659160&end_ts=1764914400&period_interval=60
2025020433,away,0.53,0.52,0.53,2025-12-05T02:00:00Z,KXNHLGAME-25DEC04MINCGY-MIN,close,historical,https://api.elections.kalshi.com/trade-api/v2/historical/markets/KXNHLGAME-25DEC04MINCGY-MIN/candlesticks?start_ts=1764659160&end_ts=1764914400&period_interval=60
2025020434,home,0.64,0.62,0.64,2025-12-05T02:00:00Z,KXNHLGAME-25DEC04SEAEDM-EDM,close,historical,https://api.elections.kalshi.com/trade-api/v2/historical/markets/KXNHLGAME-25DEC04SEAEDM-EDM/candlesticks?start_ts=1764659160&end_ts=1764914400&period_interval=60
2025020434,away,0.37,0.36,0.37,2025-12-05T02:00:00Z,KXNHLGAME-25DEC04SEAEDM-SEA,close,historical,https://api.elections.kalshi.com/trade-api/v2/historical/markets/KXNHLGAME-25DEC04SEAEDM-SEA/candlesticks?start_ts=1764659160&end_ts=1764914400&period_interval=60
2025020435,away,0.36,0.34,0.36,2025-12-05T03:00:00Z,KXNHLGAME-25DEC04CHILA-CHI,close,historical,https://api.elections.kalshi.com/trade-api/v2/historical/markets/KXNHLGAME-25DEC04CHILA-CHI/candlesticks?start_ts=1764669960&end_ts=1764918000&period_interval=60
2025020435,home,0.66,0.65,0.66,2025-12-05T03:00:00Z,KXNHLGAME-25DEC04CHILA-LA,close,historical,https://api.elections.kalshi.com/trade-api/v2/historical/markets/KXNHLGAME-25DEC04CHILA-LA/candlesticks?start_ts=1764669960&end_ts=1764918000&period_interval=60
2025020436,home,0.44,0.43,0.44,2025-12-06T00:00:00Z,KXNHLGAME-25DEC05VGKNJ-NJ,close,historical,https://api.elections.kalshi.com/trade-api/v2/historical/markets/KXNHLGAME-25DEC05VGKNJ-NJ/candlesticks?start_ts=1764745560&end_ts=1764993600&period_interval=60
2025020436,away,0.57,0.56,0.57,2025-12-06T00:00:00Z,KXNHLGAME-25DEC05VGKNJ-VGK,close,historical,https://api.elections.kalshi.com/trade-api/v2/historical/markets/KXNHLGAME-25DEC05VGKNJ-VGK/candlesticks?start_ts=1764745560&end_ts=1764993600&period_interval=60
2025020437,away,0.48,0.47,0.48,2025-12-06T00:00:00Z,KXNHLGAME-25DEC05BUFWPG-BUF,close,historical,https://api.elections.kalshi.com/trade-api/v2/historical/markets/KXNHLGAME-25DEC05BUFWPG-BUF/candlesticks?start_ts=1764745560&end_ts=1764993600&period_interval=60
2025020437,home,0.54,0.52,0.54,2025-12-06T00:00:00Z,KXNHLGAME-25DEC05BUFWPG-WPG,close,historical,https://api.elections.kalshi.com/trade-api/v2/historical/markets/KXNHLGAME-25DEC05BUFWPG-WPG/candlesticks?start_ts=1764745560&end_ts=1764993600&period_interval=60
2025020438,home,0.72,0.7,0.72,2025-12-06T01:00:00Z,KXNHLGAME-25DEC05SJDAL-DAL,close,historical,https://api.elections.kalshi.com/trade-api/v2/historical/markets/KXNHLGAME-25DEC05SJDAL-DAL/candlesticks?start_ts=1764745560&end_ts=1764997200&period_interval=60
2025020438,away,0.3,0.29,0.3,2025-12-06T01:00:00Z,KXNHLGAME-25DEC05SJDAL-SJ,close,historical,https://api.elections.kalshi.com/trade-api/v2/historical/markets/KXNHLGAME-25DEC05SJDAL-SJ/candlesticks?start_ts=1764745560&end_ts=1764997200&period_interval=60
2025020439,away,0.57,0.55,0.57,2025-12-06T02:00:00Z,KXNHLGAME-25DEC05UTAVAN-UTA,close,historical,https://api.elections.kalshi.com/trade-api/v2/historical/markets/KXNHLGAME-25DEC05UTAVAN-UTA/candlesticks?start_ts=1764745560&end_ts=1765000800&period_interval=60
2025020439,home,0.45,0.43,0.45,2025-12-06T02:00:00Z,KXNHLGAME-25DEC05UTAVAN-VAN,close,historical,https://api.elections.kalshi.com/trade-api/v2/historical/markets/KXNHLGAME-25DEC05UTAVAN-VAN/candlesticks?start_ts=1764745560&end_ts=1765000800&period_interval=60
2025020440,home,0.44,0.43,0.44,2025-12-06T03:00:00Z,KXNHLGAME-25DEC05WSHANA-ANA,close,historical,https://api.elections.kalshi.com/trade-api/v2/historical/markets/KXNHLGAME-25DEC05WSHANA-ANA/candlesticks?start_ts=1764756360&end_ts=1765004400&period_interval=60
2025020440,away,0.56,0.55,0.56,2025-12-06T03:00:00Z,KXNHLGAME-25DEC05WSHANA-WSH,close,historical,https://api.elections.kalshi.com/trade-api/v2/historical/markets/KXNHLGAME-25DEC05WSHANA-WSH/candlesticks?start_ts=1764756360&end_ts=1765004400&period_interval=60
2025020441,away,0.63,0.62,0.63,2025-12-06T17:00:00Z,KXNHLGAME-25DEC06COLNYR-COL,close,historical,https://api.elections.kalshi.com/trade-api/v2/historical/markets/KXNHLGAME-25DEC06COLNYR-COL/candlesticks?start_ts=1764810420&end_ts=1765056600&period_interval=60
2025020441,home,0.39,0.38,0.39,2025-12-06T17:00:00Z,KXNHLGAME-25DEC06COLNYR-NYR,close,historical,https://api.elections.kalshi.com/trade-api/v2/historical/markets/KXNHLGAME-25DEC06COLNYR-NYR/candlesticks?start_ts=1764810420&end_ts=1765056600&period_interval=60
2025020442,away,0.42,0.41,0.42,2025-12-06T20:00:00Z,KXNHLGAME-25DEC06CBJFLA-CBJ,close,historical,https://api.elections.kalshi.com/trade-api/v2/historical/markets/KXNHLGAME-25DEC06CBJFLA-CBJ/candlesticks?start_ts=1764821160&end_ts=1765067400&period_interval=60
2025020442,home,0.6,0.59,0.6,2025-12-06T20:00:00Z,KXNHLGAME-25DEC06CBJFLA-FLA,close,historical,https://api.elections.kalshi.com/trade-api/v2/historical/markets/KXNHLGAME-25DEC06CBJFLA-FLA/candlesticks?start_ts=1764821160&end_ts=1765067400&period_interval=60
2025020443,home,0.48,0.46,0.48,2025-12-07T00:00:00Z,KXNHLGAME-25DEC06NJBOS-BOS,close,historical,https://api.elections.kalshi.com/trade-api/v2/historical/markets/KXNHLGAME-25DEC06NJBOS-BOS/candlesticks?start_ts=1764831960&end_ts=1765080000&period_interval=60
2025020443,away,0.54,0.53,0.54,2025-12-07T00:00:00Z,KXNHLGAME-25DEC06NJBOS-NJ,close,historical,https://api.elections.kalshi.com/trade-api/v2/historical/markets/KXNHLGAME-25DEC06NJBOS-NJ/candlesticks?start_ts=1764831960&end_ts=1765080000&period_interval=60
2025020444,away,0.45,0.44,0.45,2025-12-07T00:00:00Z,KXNHLGAME-25DEC06MTLTOR-MTL,close,historical,https://api.elections.kalshi.com/trade-api/v2/historical/markets/KXNHLGAME-25DEC06MTLTOR-MTL/candlesticks?start_ts=1764831960&end_ts=1765080000&period_interval=60
2025020444,home,0.57,0.55,0.57,2025-12-07T00:00:00Z,KXNHLGAME-25DEC06MTLTOR-TOR,close,historical,https://api.elections.kalshi.com/trade-api/v2/historical/markets/KXNHLGAME-25DEC06MTLTOR-TOR/candlesticks?start_ts=1764831960&end_ts=1765080000&period_interval=60
2025020445,home,0.59,0.58,0.59,2025-12-07T00:00:00Z,KXNHLGAME-25DEC06STLOTT-OTT,close,historical,https://api.elections.kalshi.com/trade-api/v2/historical/markets/KXNHLGAME-25DEC06STLOTT-OTT/candlesticks?start_ts=1764831960&end_ts=1765080000&period_interval=60
2025020445,away,0.42,0.41,0.41,2025-12-07T00:00:00Z,KXNHLGAME-25DEC06STLOTT-STL,close,historical,https://api.elections.kalshi.com/trade-api/v2/historical/markets/KXNHLGAME-25DEC06STLOTT-STL/candlesticks?start_ts=1764831960&end_ts=1765080000&period_interval=60
2025020446,away,0.44,0.42,0.43,2025-12-07T00:00:00Z,KXNHLGAME-25DEC06NYITB-NYI,close,historical,https://api.elections.kalshi.com/trade-api/v2/historical/markets/KXNHLGAME-25DEC06NYITB-NYI/candlesticks?start_ts=1764831960&end_ts=1765080000&period_interval=60
2025020446,home,0.57,0.56,0.57,2025-12-07T00:00:00Z,KXNHLGAME-25DEC06NYITB-TB,close,historical,https://api.elections.kalshi.com/trade-api/v2/historical/markets/KXNHLGAME-25DEC06NYITB-TB/candlesticks?start_ts=1764831960&end_ts=1765080000&period_interval=60
2025020447,home,0.69,0.68,0.69,2025-12-07T00:00:00Z,KXNHLGAME-25DEC06NSHCAR-CAR,close,historical,https://api.elections.kalshi.com/trade-api/v2/historical/markets/KXNHLGAME-25DEC06NSHCAR-CAR/candlesticks?start_ts=1764831960&end_ts=1765080000&period_interval=60
2025020447,away,0.32,0.31,0.32,2025-12-07T00:00:00Z,KXNHLGAME-25DEC06NSHCAR-NSH,close,historical,https://api.elections.kalshi.com/trade-api/v2/historical/markets/KXNHLGAME-25DEC06NSHCAR-NSH/candlesticks?start_ts=1764831960&end_ts=1765080000&period_interval=60
2025020448,home,0.56,0.55,0.56,2025-12-07T00:00:00Z,KXNHLGAME-25DEC06UTACGY-CGY,close,historical,https://api.elections.kalshi.com/trade-api/v2/historical/markets/KXNHLGAME-25DEC06UTACGY-CGY/candlesticks?start_ts=1764831960&end_ts=1765080000&period_interval=60
2025020448,away,0.46,0.45,0.46,2025-12-07T00:00:00Z,KXNHLGAME-25DEC06UTACGY-UTA,close,historical,https://api.elections.kalshi.com/trade-api/v2/historical/markets/KXNHLGAME-25DEC06UTACGY-UTA/candlesticks?start_ts=1764831960&end_ts=1765080000&period_interval=60
2025020449,away,0.37,0.36,0.37,2025-12-07T02:00:00Z,KXNHLGAME-25DEC06CHILA-CHI,close,historical,https://api.elections.kalshi.com/trade-api/v2/historical/markets/KXNHLGAME-25DEC06CHILA-CHI/candlesticks?start_ts=1764831960&end_ts=1765087200&period_interval=60
2025020449,home,0.64,0.63,0.64,2025-12-07T02:00:00Z,KXNHLGAME-25DEC06CHILA-LA,close,historical,https://api.elections.kalshi.com/trade-api/v2/historical/markets/KXNHLGAME-25DEC06CHILA-LA/candlesticks?start_ts=1764831960&end_ts=1765087200&period_interval=60
2025020450,home,0.63,0.62,0.63,2025-12-07T03:00:00Z,KXNHLGAME-25DEC06WPGEDM-EDM,close,historical,https://api.elections.kalshi.com/trade-api/v2/historical/markets/KXNHLGAME-25DEC06WPGEDM-EDM/candlesticks?start_ts=1764842760&end_ts=1765090800&period_interval=60
2025020450,away,0.38,0.37,0.38,2025-12-07T03:00:00Z,KXNHLGAME-25DEC06WPGEDM-WPG,close,historical,https://api.elections.kalshi.com/trade-api/v2/historical/markets/KXNHLGAME-25DEC06WPGEDM-WPG/candlesticks?start_ts=1764842760&end_ts=1765090800&period_interval=60
2025020451,away,0.59,0.58,0.59,2025-12-07T03:00:00Z,KXNHLGAME-25DEC06MINVAN-MIN,close,historical,https://api.elections.kalshi.com/trade-api/v2/historical/markets/KXNHLGAME-25DEC06MINVAN-MIN/candlesticks?start_ts=1764842760&end_ts=1765090800&period_interval=60
2025020451,home,0.42,0.41,0.42,2025-12-07T03:00:00Z,KXNHLGAME-25DEC06MINVAN-VAN,close,historical,https://api.elections.kalshi.com/trade-api/v2/historical/markets/KXNHLGAME-25DEC06MINVAN-VAN/candlesticks?start_ts=1764842760&end_ts=1765090800&period_interval=60
2025020452,away,0.54,0.52,0.54,2025-12-07T03:00:00Z,KXNHLGAME-25DEC06DETSEA-DET,close,historical,https://api.elections.kalshi.com/trade-api/v2/historical/markets/KXNHLGAME-25DEC06DETSEA-DET/candlesticks?start_ts=1764842760&end_ts=1765090800&period_interval=60
2025020452,home,0.48,0.46,0.48,2025-12-07T03:00:00Z,KXNHLGAME-25DEC06DETSEA-SEA,close,historical,https://api.elections.kalshi.com/trade-api/v2/historical/markets/KXNHLGAME-25DEC06DETSEA-SEA/candlesticks?start_ts=1764842760&end_ts=1765090800&period_interval=60
2025020453,away,0.62,0.6,0.62,2025-12-07T18:00:00Z,KXNHLGAME-25DEC07COLPHI-COL,close,historical,https://api.elections.kalshi.com/trade-api/v2/historical/markets/KXNHLGAME-25DEC07COLPHI-COL/candlesticks?start_ts=1764896820&end_ts=1765144800&period_interval=60
2025020453,home,0.41,0.4,0.41,2025-12-07T18:00:00Z,KXNHLGAME-25DEC07COLPHI-PHI,close,historical,https://api.elections.kalshi.com/trade-api/v2/historical/markets/KXNHLGAME-25DEC07COLPHI-PHI/candlesticks?start_ts=1764896820&end_ts=1765144800&period_interval=60
2025020454,home,0.6,0.58,0.6,2025-12-07T22:00:00Z,KXNHLGAME-25DEC07NYIFLA-FLA,close,historical,https://api.elections.kalshi.com/trade-api/v2/historical/markets/KXNHLGAME-25DEC07NYIFLA-FLA/candlesticks?start_ts=1764907560&end_ts=1765159200&period_interval=60
2025020454,away,0.41,0.4,0.41,2025-12-07T22:00:00Z,KXNHLGAME-25DEC07NYIFLA-NYI,close,historical,https://api.elections.kalshi.com/trade-api/v2/historical/markets/KXNHLGAME-25DEC07NYIFLA-NYI/candlesticks?start_ts=1764907560&end_ts=1765159200&period_interval=60
2025020455,home,0.75,0.74,0.75,2025-12-07T22:00:00Z,KXNHLGAME-25DEC07SJCAR-CAR,close,historical,https://api.elections.kalshi.com/trade-api/v2/historical/markets/KXNHLGAME-25DEC07SJCAR-CAR/candlesticks?start_ts=1764907560&end_ts=1765159200&period_interval=60
2025020455,away,0.26,0.25,0.26,2025-12-07T22:00:00Z,KXNHLGAME-25DEC07SJCAR-SJ,close,historical,https://api.elections.kalshi.com/trade-api/v2/historical/markets/KXNHLGAME-25DEC07SJCAR-SJ/candlesticks?start_ts=1764907560&end_ts=1765159200&period_interval=60
2025020456,home,0.63,0.62,0.63,2025-12-07T23:00:00Z,KXNHLGAME-25DEC07PITDAL-DAL,close,historical,https://api.elections.kalshi.com/trade-api/v2/historical/markets/KXNHLGAME-25DEC07PITDAL-DAL/candlesticks?start_ts=1764907560&end_ts=1765162800&period_interval=60
2025020456,away,0.38,0.37,0.38,2025-12-07T23:00:00Z,KXNHLGAME-25DEC07PITDAL-PIT,close,historical,https://api.elections.kalshi.com/trade-api/v2/historical/markets/KXNHLGAME-25DEC07PITDAL-PIT/candlesticks?start_ts=1764907560&end_ts=1765162800&period_interval=60
2025020457,home,0.55,0.54,0.55,2025-12-08T00:00:00Z,KXNHLGAME-25DEC07STLMTL-MTL,close,historical,https://api.elections.kalshi.com/trade-api/v2/historical/markets/KXNHLGAME-25DEC07STLMTL-MTL/candlesticks?start_ts=1764918360&end_ts=1765166400&period_interval=60
2025020457,away,0.46,0.45,0.46,2025-12-08T00:00:00Z,KXNHLGAME-25DEC07STLMTL-STL,close,historical,https://api.elections.kalshi.com/trade-api/v2/historical/markets/KXNHLGAME-25DEC07STLMTL-STL/candlesticks?start_ts=1764918360&end_ts=1765166400&period_interval=60
2025020458,home,0.41,0.4,0.41,2025-12-08T00:00:00Z,KXNHLGAME-25DEC07VGKNYR-NYR,close,historical,https://api.elections.kalshi.com/trade-api/v2/historical/markets/KXNHLGAME-25DEC07VGKNYR-NYR/candlesticks?start_ts=1764918360&end_ts=1765167894&period_interval=60
2025020458,away,0.6,0.59,0.6,2025-12-08T00:00:00Z,KXNHLGAME-25DEC07VGKNYR-VGK,close,historical,https://api.elections.kalshi.com/trade-api/v2/historical/markets/KXNHLGAME-25DEC07VGKNYR-VGK/candlesticks?start_ts=1764918360&end_ts=1765167894&period_interval=60
2025020459,away,0.38,0.37,0.38,2025-12-08T00:00:00Z,KXNHLGAME-25DEC07CBJWSH-CBJ,close,historical,https://api.elections.kalshi.com/trade-api/v2/historical/markets/KXNHLGAME-25DEC07CBJWSH-CBJ/candlesticks?start_ts=1764918360&end_ts=1765166400&period_interval=60
2025020459,home,0.63,0.62,0.63,2025-12-08T00:00:00Z,KXNHLGAME-25DEC07CBJWSH-WSH,close,historical,https://api.elections.kalshi.com/trade-api/v2/historical/markets/KXNHLGAME-25DEC07CBJWSH-WSH/candlesticks?start_ts=1764918360&end_ts=1765166400&period_interval=60
2025020460,home,0.64,0.62,0.64,2025-12-08T01:00:00Z,KXNHLGAME-25DEC07CHIANA-ANA,close,historical,https://api.elections.kalshi.com/trade-api/v2/historical/markets/KXNHLGAME-25DEC07CHIANA-ANA/candlesticks?start_ts=1764918360&end_ts=1765170000&period_interval=60
2025020460,away,0.38,0.37,0.38,2025-12-08T01:00:00Z,KXNHLGAME-25DEC07CHIANA-CHI,close,historical,https://api.elections.kalshi.com/trade-api/v2/historical/markets/KXNHLGAME-25DEC07CHIANA-CHI/candlesticks?start_ts=1764918360&end_ts=1765170000&period_interval=60
2025020461,away,0.55,0.54,0.55,2025-12-09T00:00:00Z,KXNHLGAME-25DEC08TBTOR-TB,close,historical,https://api.elections.kalshi.com/trade-api/v2/historical/markets/KXNHLGAME-25DEC08TBTOR-TB/candlesticks?start_ts=1765004760&end_ts=1765254600&period_interval=60
2025020461,home,0.46,0.45,0.46,2025-12-09T00:00:00Z,KXNHLGAME-25DEC08TBTOR-TOR,close,historical,https://api.elections.kalshi.com/trade-api/v2/historical/markets/KXNHLGAME-25DEC08TBTOR-TOR/candlesticks?start_ts=1765004760&end_ts=1765254600&period_interval=60
2025020462,away,0.52,0.51,0.52,2025-12-09T02:00:00Z,KXNHLGAME-25DEC08LAUTA-LA,close,historical,https://api.elections.kalshi.com/trade-api/v2/historical/markets/KXNHLGAME-25DEC08LAUTA-LA/candlesticks?start_ts=1765004760&end_ts=1765260000&period_interval=60
2025020462,home,0.5,0.49,0.5,2025-12-09T02:00:00Z,KXNHLGAME-25DEC08LAUTA-UTA,close,historical,https://api.elections.kalshi.com/trade-api/v2/historical/markets/KXNHLGAME-25DEC08LAUTA-UTA/candlesticks?start_ts=1765004760&end_ts=1765260000&period_interval=60
2025020463,away,0.51,0.5,0.51,2025-12-09T02:00:00Z,KXNHLGAME-25DEC08BUFCGY-BUF,close,historical,https://api.elections.kalshi.com/trade-api/v2/historical/markets/KXNHLGAME-25DEC08BUFCGY-BUF/candlesticks?start_ts=1765004760&end_ts=1765260603&period_interval=60
2025020463,home,0.51,0.5,0.51,2025-12-09T02:00:00Z,KXNHLGAME-25DEC08BUFCGY-CGY,close,historical,https://api.elections.kalshi.com/trade-api/v2/historical/markets/KXNHLGAME-25DEC08BUFCGY-CGY/candlesticks?start_ts=1765004760&end_ts=1765260603&period_interval=60
2025020464,away,0.55,0.53,0.55,2025-12-09T03:00:00Z,KXNHLGAME-25DEC08DETVAN-DET,close,historical,https://api.elections.kalshi.com/trade-api/v2/historical/markets/KXNHLGAME-25DEC08DETVAN-DET/candlesticks?start_ts=1765015560&end_ts=1765263600&period_interval=60
2025020464,home,0.47,0.46,0.46,2025-12-09T03:00:00Z,KXNHLGAME-25DEC08DETVAN-VAN,close,historical,https://api.elections.kalshi.com/trade-api/v2/historical/markets/KXNHLGAME-25DEC08DETVAN-VAN/candlesticks?start_ts=1765015560&end_ts=1765263600&period_interval=60
2025020465,away,0.57,0.56,0.57,2025-12-09T03:00:00Z,KXNHLGAME-25DEC08MINSEA-MIN,close,historical,https://api.elections.kalshi.com/trade-api/v2/historical/markets/KXNHLGAME-25DEC08MINSEA-MIN/candlesticks?start_ts=1765015560&end_ts=1765263600&period_interval=60
2025020465,home,0.44,0.43,0.44,2025-12-09T03:00:00Z,KXNHLGAME-25DEC08MINSEA-SEA,close,historical,https://api.elections.kalshi.com/trade-api/v2/historical/markets/KXNHLGAME-25DEC08MINSEA-SEA/candlesticks?start_ts=1765015560&end_ts=1765263600&period_interval=60
2025020466,home,0.49,0.48,0.49,2025-12-10T00:00:00Z,KXNHLGAME-25DEC09TBMTL-MTL,close,historical,https://api.elections.kalshi.com/trade-api/v2/historical/markets/KXNHLGAME-25DEC09TBMTL-MTL/candlesticks?start_ts=1765091160&end_ts=1765339200&period_interval=60
2025020466,away,0.52,0.51,0.52,2025-12-10T00:00:00Z,KXNHLGAME-25DEC09TBMTL-TB,close,historical,https://api.elections.kalshi.com/trade-api/v2/historical/markets/KXNHLGAME-25DEC09TBMTL-TB/candlesticks?start_ts=1765091160&end_ts=1765339200&period_interval=60
2025020467,away,0.42,0.41,0.42,2025-12-10T00:00:00Z,KXNHLGAME-25DEC09NJOTT-NJ,close,historical,https://api.elections.kalshi.com/trade-api/v2/historical/markets/KXNHLGAME-25DEC09NJOTT-NJ/candlesticks?start_ts=1765091160&end_ts=1765339200&period_interval=60
2025020467,home,0.58,0.57,0.58,2025-12-10T00:00:00Z,KXNHLGAME-25DEC09NJOTT-OTT,close,historical,https://api.elections.kalshi.com/trade-api/v2/historical/markets/KXNHLGAME-25DEC09NJOTT-OTT/candlesticks?start_ts=1765091160&end_ts=1765339200&period_interval=60
2025020468,home,0.44,0.43,0.44,2025-12-10T00:00:00Z,KXNHLGAME-25DEC09VGKNYI-NYI,close,historical,https://api.elections.kalshi.com/trade-api/v2/historical/markets/KXNHLGAME-25DEC09VGKNYI-NYI/candlesticks?start_ts=1765091160&end_ts=1765339200&period_interval=60
2025020468,away,0.57,0.56,0.57,2025-12-10T00:00:00Z,KXNHLGAME-25DEC09VGKNYI-VGK,close,historical,https://api.elections.kalshi.com/trade-api/v2/historical/markets/KXNHLGAME-25DEC09VGKNYI-VGK/candlesticks?start_ts=1765091160&end_ts=1765339200&period_interval=60
2025020469,home,0.62,0.61,0.62,2025-12-10T00:00:00Z,KXNHLGAME-25DEC09SJPHI-PHI,close,historical,https://api.elections.kalshi.com/trade-api/v2/historical/markets/KXNHLGAME-25DEC09SJPHI-PHI/candlesticks?start_ts=1765091160&end_ts=1765339200&period_interval=60
2025020469,away,0.39,0.38,0.39,2025-12-10T00:00:00Z,KXNHLGAME-25DEC09SJPHI-SJ,close,historical,https://api.elections.kalshi.com/trade-api/v2/historical/markets/KXNHLGAME-25DEC09SJPHI-SJ/candlesticks?start_ts=1765091160&end_ts=1765339200&period_interval=60
2025020470,away,0.52,0.51,0.52,2025-12-10T00:00:00Z,KXNHLGAME-25DEC09ANAPIT-ANA,close,historical,https://api.elections.kalshi.com/trade-api/v2/historical/markets/KXNHLGAME-25DEC09ANAPIT-ANA/candlesticks?start_ts=1765091160&end_ts=1765339200&period_interval=60
2025020470,home,0.5,0.49,0.5,2025-12-10T00:00:00Z,KXNHLGAME-25DEC09ANAPIT-PIT,close,historical,https://api.elections.kalshi.com/trade-api/v2/historical/markets/KXNHLGAME-25DEC09ANAPIT-PIT/candlesticks?start_ts=1765091160&end_ts=1765339200&period_interval=60
2025020471,home,0.65,0.64,0.65,2025-12-10T00:00:00Z,KXNHLGAME-25DEC09CBJCAR-CAR,close,historical,https://api.elections.kalshi.com/trade-api/v2/historical/markets/KXNHLGAME-25DEC09CBJCAR-CAR/candlesticks?start_ts=1765091160&end_ts=1765341000&period_interval=60
2025020471,away,0.36,0.35,0.36,2025-12-10T00:00:00Z,KXNHLGAME-25DEC09CBJCAR-CBJ,close,historical,https://api.elections.kalshi.com/trade-api/v2/historical/markets/KXNHLGAME-25DEC09CBJCAR-CBJ/candlesticks?start_ts=1765091160&end_ts=1765341000&period_interval=60
2025020472,away,0.46,0.45,0.46,2025-12-10T01:00:00Z,KXNHLGAME-25DEC09BOSSTL-BOS,close,historical,https://api.elections.kalshi.com/trade-api/v2/historical/markets/KXNHLGAME-25DEC09BOSSTL-BOS/candlesticks?start_ts=1765091160&end_ts=1765342800&period_interval=60
2025020472,home,0.55,0.54,0.55,2025-12-10T01:00:00Z,KXNHLGAME-25DEC09BOSSTL-STL,close,historical,https://api.elections.kalshi.com/trade-api/v2/historical/markets/KXNHLGAME-25DEC09BOSSTL-STL/candlesticks?start_ts=1765091160&end_ts=1765342800&period_interval=60
2025020473,away,0.58,0.57,0.58,2025-12-10T01:00:00Z,KXNHLGAME-25DEC09DALWPG-DAL,close,historical,https://api.elections.kalshi.com/trade-api/v2/historical/markets/KXNHLGAME-25DEC09DALWPG-DAL/candlesticks?start_ts=1765091160&end_ts=1765342800&period_interval=60
2025020473,home,0.43,0.42,0.43,2025-12-10T01:00:00Z,KXNHLGAME-25DEC09DALWPG-WPG,close,historical,https://api.elections.kalshi.com/trade-api/v2/historical/markets/KXNHLGAME-25DEC09DALWPG-WPG/candlesticks?start_ts=1765091160&end_ts=1765342800&period_interval=60
2025020474,away,0.35,0.34,0.35,2025-12-10T02:00:00Z,KXNHLGAME-25DEC09BUFEDM-BUF,close,historical,https://api.elections.kalshi.com/trade-api/v2/historical/markets/KXNHLGAME-25DEC09BUFEDM-BUF/candlesticks?start_ts=1765091160&end_ts=1765346400&period_interval=60
2025020474,home,0.66,0.64,0.66,2025-12-10T02:00:00Z,KXNHLGAME-25DEC09BUFEDM-EDM,close,historical,https://api.elections.kalshi.com/trade-api/v2/historical/markets/KXNHLGAME-25DEC09BUFEDM-EDM/candlesticks?start_ts=1765091160&end_ts=1765346400&period_interval=60
2025020475,away,0.67,0.66,0.67,2025-12-10T02:00:00Z,KXNHLGAME-25DEC09COLNSH-COL,close,historical,https://api.elections.kalshi.com/trade-api/v2/historical/markets/KXNHLGAME-25DEC09COLNSH-COL/candlesticks?start_ts=1765101960&end_ts=1765348479&period_interval=60
2025020475,home,0.34,0.33,0.34,2025-12-10T02:00:00Z,KXNHLGAME-25DEC09COLNSH-NSH,close,historical,https://api.elections.kalshi.com/trade-api/v2/historical/markets/KXNHLGAME-25DEC09COLNSH-NSH/candlesticks?start_ts=1765101960&end_ts=1765348479&period_interval=60
2025020476,home,0.43,0.42,0.43,2025-12-11T00:00:00Z,KXNHLGAME-25DEC10NYRCHI-CHI,close,historical,https://api.elections.kalshi.com/trade-api/v2/historical/markets/KXNHLGAME-25DEC10NYRCHI-CHI/candlesticks?start_ts=1765177500&end_ts=1765427400&period_interval=60
2025020476,away,0.58,0.57,0.58,2025-12-11T00:00:00Z,KXNHLGAME-25DEC10NYRCHI-NYR,close,historical,https://api.elections.kalshi.com/trade-api/v2/historical/markets/KXNHLGAME-25DEC10NYRCHI-NYR/candlesticks?start_ts=1765177500&end_ts=1765427400&period_interval=60
2025020477,home,0.5,0.48,0.5,2025-12-11T01:00:00Z,KXNHLGAME-25DEC10DETCGY-CGY,close,historical,https://api.elections.kalshi.com/trade-api/v2/historical/markets/KXNHLGAME-25DEC10DETCGY-CGY/candlesticks?start_ts=1765177560&end_ts=1765431000&period_interval=60
2025020477,away,0.52,0.5,0.52,2025-12-11T01:00:00Z,KXNHLGAME-25DEC10DETCGY-DET,close,historical,https://api.elections.kalshi.com/trade-api/v2/historical/markets/KXNHLGAME-25DEC10DETCGY-DET/candlesticks?start_ts=1765177560&end_ts=1765431000&period_interval=60
2025020478,away,0.52,0.51,0.52,2025-12-11T02:00:00Z,KXNHLGAME-25DEC10FLAUTA-FLA,close,historical,https://api.elections.kalshi.com/trade-api/v2/historical/markets/KXNHLGAME-25DEC10FLAUTA-FLA/candlesticks?start_ts=1765177560&end_ts=1765432800&period_interval=60
2025020478,home,0.51,0.48,0.51,2025-12-11T02:00:00Z,KXNHLGAME-25DEC10FLAUTA-UTA,close,historical,https://api.elections.kalshi.com/trade-api/v2/historical/markets/KXNHLGAME-25DEC10FLAUTA-UTA/candlesticks?start_ts=1765177560&end_ts=1765432800&period_interval=60
2025020479,away,0.59,0.58,0.59,2025-12-11T03:00:00Z,KXNHLGAME-25DEC10LASEA-LA,close,historical,https://api.elections.kalshi.com/trade-api/v2/historical/markets/KXNHLGAME-25DEC10LASEA-LA/candlesticks?start_ts=1765188360&end_ts=1765436400&period_interval=60
2025020479,home,0.43,0.42,0.43,2025-12-11T03:00:00Z,KXNHLGAME-25DEC10LASEA-SEA,close,historical,https://api.elections.kalshi.com/trade-api/v2/historical/markets/KXNHLGAME-25DEC10LASEA-SEA/candlesticks?start_ts=1765188360&end_ts=1765436400&period_interval=60
2025020480,away,0.37,0.36,0.37,2025-12-12T00:00:00Z,KXNHLGAME-25DEC11SJTOR-SJ,close,historical,https://api.elections.kalshi.com/trade-api/v2/historical/markets/KXNHLGAME-25DEC11SJTOR-SJ/candlesticks?start_ts=1765263960&end_ts=1765512000&period_interval=60
2025020480,home,0.65,0.64,0.65,2025-12-12T00:00:00Z,KXNHLGAME-25DEC11SJTOR-TOR,close,historical,https://api.elections.kalshi.com/trade-api/v2/historical/markets/KXNHLGAME-25DEC11SJTOR-TOR/candlesticks?start_ts=1765263960&end_ts=1765512000&period_interval=60
2025020481,home,0.44,0.43,0.44,2025-12-12T00:00:00Z,KXNHLGAME-25DEC11TBNJ-NJ,close,historical,https://api.elections.kalshi.com/trade-api/v2/historical/markets/KXNHLGAME-25DEC11TBNJ-NJ/candlesticks?start_ts=1765263960&end_ts=1765512000&period_interval=60
2025020481,away,0.57,0.56,0.56,2025-12-12T00:00:00Z,KXNHLGAME-25DEC11TBNJ-TB,close,historical,https://api.elections.kalshi.com/trade-api/v2/historical/markets/KXNHLGAME-25DEC11TBNJ-TB/candlesticks?start_ts=1765263960&end_ts=1765512000&period_interval=60
2025020482,away,0.49,0.48,0.49,2025-12-12T00:00:00Z,KXNHLGAME-25DEC11ANANYI-ANA,close,historical,https://api.elections.kalshi.com/trade-api/v2/historical/markets/KXNHLGAME-25DEC11ANANYI-ANA/candlesticks?start_ts=1765263960&end_ts=1765512000&period_interval=60
2025020482,home,0.52,0.51,0.52,2025-12-12T00:00:00Z,KXNHLGAME-25DEC11ANANYI-NYI,close,historical,https://api.elections.kalshi.com/trade-api/v2/historical/markets/KXNHLGAME-25DEC11ANANYI-NYI/candlesticks?start_ts=1765263960&end_ts=1765512000&period_interval=60
2025020483,home,0.44,0.43,0.44,2025-12-12T00:00:00Z,KXNHLGAME-25DEC11VGKPHI-PHI,close,historical,https://api.elections.kalshi.com/trade-api/v2/historical/markets/KXNHLGAME-25DEC11VGKPHI-PHI/candlesticks?start_ts=1765263960&end_ts=1765512000&period_interval=60
2025020483,away,0.58,0.57,0.57,2025-12-12T00:00:00Z,KXNHLGAME-25DEC11VGKPHI-VGK,close,historical,https://api.elections.kalshi.com/trade-api/v2/historical/markets/KXNHLGAME-25DEC11VGKPHI-VGK/candlesticks?start_ts=1765263960&end_ts=1765512000&period_interval=60
2025020484,away,0.46,0.45,0.46,2025-12-12T00:00:00Z,KXNHLGAME-25DEC11MTLPIT-MTL,close,historical,https://api.elections.kalshi.com/trade-api/v2/historical/markets/KXNHLGAME-25DEC11MTLPIT-MTL/candlesticks?start_ts=1765263960&end_ts=1765515297&period_interval=60
2025020484,home,0.56,0.55,0.56,2025-12-12T00:00:00Z,KXNHLGAME-25DEC11MTLPIT-PIT,close,historical,https://api.elections.kalshi.com/trade-api/v2/historical/markets/KXNHLGAME-25DEC11MTLPIT-PIT/candlesticks?start_ts=1765263960&end_ts=1765515297&period_interval=60
2025020485,away,0.52,0.51,0.52,2025-12-12T00:00:00Z,KXNHLGAME-25DEC11CARWSH-CAR,close,historical,https://api.elections.kalshi.com/trade-api/v2/historical/markets/KXNHLGAME-25DEC11CARWSH-CAR/candlesticks?start_ts=1765263960&end_ts=1765512000&period_interval=60
2025020485,home,0.48,0.47,0.48,2025-12-12T00:00:00Z,KXNHLGAME-25DEC11CARWSH-WSH,close,historical,https://api.elections.kalshi.com/trade-api/v2/historical/markets/KXNHLGAME-25DEC11CARWSH-WSH/candlesticks?start_ts=1765263960&end_ts=1765512000&period_interval=60
2025020486,home,0.47,0.46,0.47,2025-12-12T00:00:00Z,KXNHLGAME-25DEC11OTTCBJ-CBJ,close,historical,https://api.elections.kalshi.com/trade-api/v2/historical/markets/KXNHLGAME-25DEC11OTTCBJ-CBJ/candlesticks?start_ts=1765263960&end_ts=1765512000&period_interval=60
2025020486,away,0.54,0.53,0.54,2025-12-12T00:00:00Z,KXNHLGAME-25DEC11OTTCBJ-OTT,close,historical,https://api.elections.kalshi.com/trade-api/v2/historical/markets/KXNHLGAME-25DEC11OTTCBJ-OTT/candlesticks?start_ts=1765263960&end_ts=1765512000&period_interval=60
2025020487,home,0.55,0.54,0.55,2025-12-12T01:00:00Z,KXNHLGAME-25DEC11STLNSH-NSH,close,historical,https://api.elections.kalshi.com/trade-api/v2/historical/markets/KXNHLGAME-25DEC11STLNSH-NSH/candlesticks?start_ts=1765263960&end_ts=1765515600&period_interval=60
2025020487,away,0.46,0.45,0.46,2025-12-12T01:00:00Z,KXNHLGAME-25DEC11STLNSH-STL,close,historical,https://api.elections.kalshi.com/trade-api/v2/historical/markets/KXNHLGAME-25DEC11STLNSH-STL/candlesticks?start_ts=1765263960&end_ts=1765515600&period_interval=60
2025020488,away,0.57,0.56,0.57,2025-12-12T01:00:00Z,KXNHLGAME-25DEC11DALMIN-DAL,close,historical,https://api.elections.kalshi.com/trade-api/v2/historical/markets/KXNHLGAME-25DEC11DALMIN-DAL/candlesticks?start_ts=1765263960&end_ts=1765515600&period_interval=60
2025020488,home,0.45,0.43,0.45,2025-12-12T01:00:00Z,KXNHLGAME-25DEC11DALMIN-MIN,close,historical,https://api.elections.kalshi.com/trade-api/v2/historical/markets/KXNHLGAME-25DEC11DALMIN-MIN/candlesticks?start_ts=1765263960&end_ts=1765515600&period_interval=60
2025020489,away,0.42,0.41,0.42,2025-12-12T01:00:00Z,KXNHLGAME-25DEC11BOSWPG-BOS,close,historical,https://api.elections.kalshi.com/trade-api/v2/historical/markets/KXNHLGAME-25DEC11BOSWPG-BOS/candlesticks?start_ts=1765263960&end_ts=1765515600&period_interval=60
2025020489,home,0.58,0.57,0.59,2025-12-12T01:00:00Z,KXNHLGAME-25DEC11BOSWPG-WPG,close,historical,https://api.elections.kalshi.com/trade-api/v2/historical/markets/KXNHLGAME-25DEC11BOSWPG-WPG/candlesticks?start_ts=1765263960&end_ts=1765515600&period_interval=60
2025020490,home,0.69,0.68,0.69,2025-12-12T02:00:00Z,KXNHLGAME-25DEC11FLACOL-COL,close,historical,https://api.elections.kalshi.com/trade-api/v2/historical/markets/KXNHLGAME-25DEC11FLACOL-COL/candlesticks?start_ts=1765274760&end_ts=1765521000&period_interval=60
2025020490,away,0.33,0.32,0.33,2025-12-12T02:00:00Z,KXNHLGAME-25DEC11FLACOL-FLA,close,historical,https://api.elections.kalshi.com/trade-api/v2/historical/markets/KXNHLGAME-25DEC11FLACOL-FLA/candlesticks?start_ts=1765274760&end_ts=1765521000&period_interval=60
2025020491,away,0.39,0.38,0.39,2025-12-12T02:00:00Z,KXNHLGAME-25DEC11DETEDM-DET,close,historical,https://api.elections.kalshi.com/trade-api/v2/historical/markets/KXNHLGAME-25DEC11DETEDM-DET/candlesticks?start_ts=1765263960&end_ts=1765519200&period_interval=60
2025020491,home,0.63,0.62,0.63,2025-12-12T02:00:00Z,KXNHLGAME-25DEC11DETEDM-EDM,close,historical,https://api.elections.kalshi.com/trade-api/v2/historical/markets/KXNHLGAME-25DEC11DETEDM-EDM/candlesticks?start_ts=1765263960&end_ts=1765519200&period_interval=60
2025020492,away,0.52,0.51,0.53,2025-12-12T03:00:00Z,KXNHLGAME-25DEC11BUFVAN-BUF,close,historical,https://api.elections.kalshi.com/trade-api/v2/historical/markets/KXNHLGAME-25DEC11BUFVAN-BUF/candlesticks?start_ts=1765274760&end_ts=1765522800&period_interval=60
2025020492,home,0.49,0.48,0.49,2025-12-12T03:00:00Z,KXNHLGAME-25DEC11BUFVAN-VAN,close,historical,https://api.elections.kalshi.com/trade-api/v2/historical/markets/KXNHLGAME-25DEC11BUFVAN-VAN/candlesticks?start_ts=1765274760&end_ts=1765522800&period_interval=60
2025020493,away,0.53,0.52,0.53,2025-12-13T01:00:00Z,KXNHLGAME-25DEC12CHISTL-CHI,close,historical,https://api.elections.kalshi.com/trade-api/v2/historical/markets/KXNHLGAME-25DEC12CHISTL-CHI/candlesticks?start_ts=1765350360&end_ts=1765602000&period_interval=60
2025020493,home,0.48,0.47,0.48,2025-12-13T01:00:00Z,KXNHLGAME-25DEC12CHISTL-STL,close,historical,https://api.elections.kalshi.com/trade-api/v2/historical/markets/KXNHLGAME-25DEC12CHISTL-STL/candlesticks?start_ts=1765350360&end_ts=1765602000&period_interval=60
2025020494,away,0.37,0.36,0.37,2025-12-13T02:00:00Z,KXNHLGAME-25DEC12SEAUTA-SEA,close,historical,https://api.elections.kalshi.com/trade-api/v2/historical/markets/KXNHLGAME-25DEC12SEAUTA-SEA/candlesticks?start_ts=1765350360&end_ts=1765605600&period_interval=60
2025020494,home,0.64,0.63,0.64,2025-12-13T02:00:00Z,KXNHLGAME-25DEC12SEAUTA-UTA,close,historical,https://api.elections.kalshi.com/trade-api/v2/historical/markets/KXNHLGAME-25DEC12SEAUTA-UTA/candlesticks?start_ts=1765350360&end_ts=1765605600&period_interval=60
2025020495,away,0.5,0.48,0.5,2025-12-13T17:00:00Z,KXNHLGAME-25DEC13ANANJ-ANA,close,historical,https://api.elections.kalshi.com/trade-api/v2/historical/markets/KXNHLGAME-25DEC13ANANJ-ANA/candlesticks?start_ts=1765415160&end_ts=1765661400&period_interval=60
2025020495,home,0.52,0.51,0.52,2025-12-13T17:00:00Z,KXNHLGAME-25DEC13ANANJ-NJ,close,historical,https://api.elections.kalshi.com/trade-api/v2/historical/markets/KXNHLGAME-25DEC13ANANJ-NJ/candlesticks?start_ts=1765415160&end_ts=1765661400&period_interval=60
2025020496,home,0.53,0.52,0.53,2025-12-13T19:00:00Z,KXNHLGAME-25DEC13OTTMIN-MIN,close,historical,https://api.elections.kalshi.com/trade-api/v2/historical/markets/KXNHLGAME-25DEC13OTTMIN-MIN/candlesticks?start_ts=1765415160&end_ts=1765666800&period_interval=60
2025020496,away,0.48,0.47,0.47,2025-12-13T19:00:00Z,KXNHLGAME-25DEC13OTTMIN-OTT,close,historical,https://api.elections.kalshi.com/trade-api/v2/historical/markets/KXNHLGAME-25DEC13OTTMIN-OTT/candlesticks?start_ts=1765415160&end_ts=1765666800&period_interval=60
2025020497,home,0.63,0.62,0.63,2025-12-13T20:00:00Z,KXNHLGAME-25DEC13SJPIT-PIT,close,historical,https://api.elections.kalshi.com/trade-api/v2/historical/markets/KXNHLGAME-25DEC13SJPIT-PIT/candlesticks?start_ts=1765415160&end_ts=1765671324&period_interval=60
2025020497,away,0.38,0.37,0.38,2025-12-13T20:00:00Z,KXNHLGAME-25DEC13SJPIT-SJ,close,historical,https://api.elections.kalshi.com/trade-api/v2/historical/markets/KXNHLGAME-25DEC13SJPIT-SJ/candlesticks?start_ts=1765415160&end_ts=1765671324&period_interval=60
2025020498,home,0.48,0.47,0.48,2025-12-13T20:00:00Z,KXNHLGAME-25DEC13TBNYI-NYI,close,historical,https://api.elections.kalshi.com/trade-api/v2/historical/markets/KXNHLGAME-25DEC13TBNYI-NYI/candlesticks?start_ts=1765425960&end_ts=1765672200&period_interval=60
2025020498,away,0.55,0.54,0.55,2025-12-13T20:00:00Z,KXNHLGAME-25DEC13TBNYI-TB,close,historical,https://api.elections.kalshi.com/trade-api/v2/historical/markets/KXNHLGAME-25DEC13TBNYI-TB/candlesticks?start_ts=1765425960&end_ts=1765672200&period_interval=60
2025020499,away,0.56,0.55,0.56,2025-12-14T00:00:00Z,KXNHLGAME-25DEC13EDMTOR-EDM,close,historical,https://api.elections.kalshi.com/trade-api/v2/historical/markets/KXNHLGAME-25DEC13EDMTOR-EDM/candlesticks?start_ts=1765436760&end_ts=1765684800&period_interval=60
2025020499,home,0.46,0.44,0.46,2025-12-14T00:00:00Z,KXNHLGAME-25DEC13EDMTOR-TOR,close,historical,https://api.elections.kalshi.com/trade-api/v2/historical/markets/KXNHLGAME-25DEC13EDMTOR-TOR/candlesticks?start_ts=1765436760&end_ts=1765684800&period_interval=60
2025020500,away,0.45,0.44,0.45,2025-12-14T00:00:00Z,KXNHLGAME-25DEC13MTLNYR-MTL,close,historical,https://api.elections.kalshi.com/trade-api/v2/historical/markets/KXNHLGAME-25DEC13MTLNYR-MTL/candlesticks?start_ts=1765436760&end_ts=1765684800&period_interval=60
2025020500,home,0.56,0.55,0.56,2025-12-14T00:00:00Z,KXNHLGAME-25DEC13MTLNYR-NYR,close,historical,https://api.elections.kalshi.com/trade-api/v2/historical/markets/KXNHLGAME-25DEC13MTLNYR-NYR/candlesticks?start_ts=1765436760&end_ts=1765684800&period_interval=60
2025020501,away,0.64,0.63,0.64,2025-12-14T00:00:00Z,KXNHLGAME-25DEC13CARPHI-CAR,close,historical,https://api.elections.kalshi.com/trade-api/v2/historical/markets/KXNHLGAME-25DEC13CARPHI-CAR/candlesticks?start_ts=1765436760&end_ts=1765684800&period_interval=60
2025020501,home,0.38,0.36,0.38,2025-12-14T00:00:00Z,KXNHLGAME-25DEC13CARPHI-PHI,close,historical,https://api.elections.kalshi.com/trade-api/v2/historical/markets/KXNHLGAME-25DEC13CARPHI-PHI/candlesticks?start_ts=1765436760&end_ts=1765684800&period_interval=60
2025020502,home,0.44,0.43,0.44,2025-12-14T00:00:00Z,KXNHLGAME-25DEC13VGKCBJ-CBJ,close,historical,https://api.elections.kalshi.com/trade-api/v2/historical/markets/KXNHLGAME-25DEC13VGKCBJ-CBJ/candlesticks?start_ts=1765436760&end_ts=1765684800&period_interval=60
2025020502,away,0.57,0.56,0.57,2025-12-14T00:00:00Z,KXNHLGAME-25DEC13VGKCBJ-VGK,close,historical,https://api.elections.kalshi.com/trade-api/v2/historical/markets/KXNHLGAME-25DEC13VGKCBJ-VGK/candlesticks?start_ts=1765436760&end_ts=1765684800&period_interval=60
2025020503,home,0.49,0.47,0.49,2025-12-14T00:00:00Z,KXNHLGAME-25DEC13WSHWPG-WPG,close,historical,https://api.elections.kalshi.com/trade-api/v2/historical/markets/KXNHLGAME-25DEC13WSHWPG-WPG/candlesticks?start_ts=1765436760&end_ts=1765684800&period_interval=60
2025020503,away,0.53,0.52,0.53,2025-12-14T00:00:00Z,KXNHLGAME-25DEC13WSHWPG-WSH,close,historical,https://api.elections.kalshi.com/trade-api/v2/historical/markets/KXNHLGAME-25DEC13WSHWPG-WSH/candlesticks?start_ts=1765436760&end_ts=1765684800&period_interval=60
2025020504,home,0.37,0.36,0.37,2025-12-14T01:00:00Z,KXNHLGAME-25DEC13DETCHI-CHI,close,historical,https://api.elections.kalshi.com/trade-api/v2/historical/markets/KXNHLGAME-25DEC13DETCHI-CHI/candlesticks?start_ts=1765436760&end_ts=1765688400&period_interval=60
2025020504,away,0.64,0.63,0.64,2025-12-14T01:00:00Z,KXNHLGAME-25DEC13DETCHI-DET,close,historical,https://api.elections.kalshi.com/trade-api/v2/historical/markets/KXNHLGAME-25DEC13DETCHI-DET/candlesticks?start_ts=1765436760&end_ts=1765688400&period_interval=60
2025020505,home,0.56,0.55,0.56,2025-12-14T01:00:00Z,KXNHLGAME-25DEC13FLADAL-DAL,close,historical,https://api.elections.kalshi.com/trade-api/v2/historical/markets/KXNHLGAME-25DEC13FLADAL-DAL/candlesticks?start_ts=1765436760&end_ts=1765688400&period_interval=60
2025020505,away,0.46,0.45,0.46,2025-12-14T01:00:00Z,KXNHLGAME-25DEC13FLADAL-FLA,close,historical,https://api.elections.kalshi.com/trade-api/v2/historical/markets/KXNHLGAME-25DEC13FLADAL-FLA/candlesticks?start_ts=1765436760&end_ts=1765688400&period_interval=60
2025020506,home,0.77,0.76,0.77,2025-12-14T02:00:00Z,KXNHLGAME-25DEC13NSHCOL-COL,close,historical,https://api.elections.kalshi.com/trade-api/v2/historical/markets/KXNHLGAME-25DEC13NSHCOL-COL/candlesticks?start_ts=1765436760&end_ts=1765692000&period_interval=60
2025020506,away,0.24,0.23,0.24,2025-12-14T02:00:00Z,KXNHLGAME-25DEC13NSHCOL-NSH,close,historical,https://api.elections.kalshi.com/trade-api/v2/historical/markets/KXNHLGAME-25DEC13NSHCOL-NSH/candlesticks?start_ts=1765436760&end_ts=1765692000&period_interval=60
2025020507,away,0.39,0.38,0.38,2025-12-14T03:00:00Z,KXNHLGAME-25DEC13CGYLA-CGY,close,historical,https://api.elections.kalshi.com/trade-api/v2/historical/markets/KXNHLGAME-25DEC13CGYLA-CGY/candlesticks?start_ts=1765447560&end_ts=1765695600&period_interval=60
2025020507,home,0.62,0.61,0.62,2025-12-14T03:00:00Z,KXNHLGAME-25DEC13CGYLA-LA,close,historical,https://api.elections.kalshi.com/trade-api/v2/historical/markets/KXNHLGAME-25DEC13CGYLA-LA/candlesticks?start_ts=1765447560&end_ts=1765695600&period_interval=60
2025020508,home,0.54,0.53,0.54,2025-12-14T17:00:00Z,KXNHLGAME-25DEC14VANNJ-NJ,close,historical,https://api.elections.kalshi.com/trade-api/v2/historical/markets/KXNHLGAME-25DEC14VANNJ-NJ/candlesticks?start_ts=1765501560&end_ts=1765747800&period_interval=60
2025020508,away,0.48,0.46,0.47,2025-12-14T17:00:00Z,KXNHLGAME-25DEC14VANNJ-VAN,close,historical,https://api.elections.kalshi.com/trade-api/v2/historical/markets/KXNHLGAME-25DEC14VANNJ-VAN/candlesticks?start_ts=1765501560&end_ts=1765747800&period_interval=60
2025020509,home,0.47,0.45,0.47,2025-12-14T20:00:00Z,KXNHLGAME-25DEC14UTAPIT-PIT,close,historical,https://api.elections.kalshi.com/trade-api/v2/historical/markets/KXNHLGAME-25DEC14UTAPIT-PIT/candlesticks?start_ts=1765501560&end_ts=1765756800&period_interval=60
2025020509,away,0.55,0.53,0.54,2025-12-14T20:00:00Z,KXNHLGAME-25DEC14UTAPIT-UTA,close,historical,https://api.elections.kalshi.com/trade-api/v2/historical/markets/KXNHLGAME-25DEC14UTAPIT-UTA/candlesticks?start_ts=1765501560&end_ts=1765756800&period_interval=60
2025020510,home,0.69,0.68,0.69,2025-12-14T22:00:00Z,KXNHLGAME-25DEC14PHICAR-CAR,close,historical,https://api.elections.kalshi.com/trade-api/v2/historical/markets/KXNHLGAME-25DEC14PHICAR-CAR/candlesticks?start_ts=1765512360&end_ts=1765764000&period_interval=60
2025020510,away,0.31,0.3,0.31,2025-12-14T22:00:00Z,KXNHLGAME-25DEC14PHICAR-PHI,close,historical,https://api.elections.kalshi.com/trade-api/v2/historical/markets/KXNHLGAME-25DEC14PHICAR-PHI/candlesticks?start_ts=1765512360&end_ts=1765764000&period_interval=60
2025020511,away,0.47,0.46,0.47,2025-12-14T23:00:00Z,KXNHLGAME-25DEC14BOSMIN-BOS,close,historical,https://api.elections.kalshi.com/trade-api/v2/historical/markets/KXNHLGAME-25DEC14BOSMIN-BOS/candlesticks?start_ts=1765512360&end_ts=1765767600&period_interval=60
2025020511,home,0.55,0.54,0.55,2025-12-14T23:00:00Z,KXNHLGAME-25DEC14BOSMIN-MIN,close,historical,https://api.elections.kalshi.com/trade-api/v2/historical/markets/KXNHLGAME-25DEC14BOSMIN-MIN/candlesticks?start_ts=1765512360&end_ts=1765767600&period_interval=60
2025020512,away,0.57,0.56,0.57,2025-12-15T00:00:00Z,KXNHLGAME-25DEC14EDMMTL-EDM,close,historical,https://api.elections.kalshi.com/trade-api/v2/historical/markets/KXNHLGAME-25DEC14EDMMTL-EDM/candlesticks?start_ts=1765523160&end_ts=1765771200&period_interval=60
2025020512,home,0.45,0.44,0.45,2025-12-15T00:00:00Z,KXNHLGAME-25DEC14EDMMTL-MTL,close,historical,https://api.elections.kalshi.com/trade-api/v2/historical/markets/KXNHLGAME-25DEC14EDMMTL-MTL/candlesticks?start_ts=1765523160&end_ts=1765771200&period_interval=60
2025020513,away,0.55,0.54,0.55,2025-12-15T01:00:00Z,KXNHLGAME-25DEC14BUFSEA-BUF,close,historical,https://api.elections.kalshi.com/trade-api/v2/historical/markets/KXNHLGAME-25DEC14BUFSEA-BUF/candlesticks?start_ts=1765523160&end_ts=1765774800&period_interval=60
2025020513,home,0.46,0.44,0.46,2025-12-15T01:00:00Z,KXNHLGAME-25DEC14BUFSEA-SEA,close,historical,https://api.elections.kalshi.com/trade-api/v2/historical/markets/KXNHLGAME-25DEC14BUFSEA-SEA/candlesticks?start_ts=1765523160&end_ts=1765774800&period_interval=60
2025020514,away,0.48,0.47,0.48,2025-12-16T00:00:00Z,KXNHLGAME-25DEC15FLATB-FLA,close,historical,https://api.elections.kalshi.com/trade-api/v2/historical/markets/KXNHLGAME-25DEC15FLATB-FLA/candlesticks?start_ts=1765609560&end_ts=1765857600&period_interval=60
2025020514,home,0.53,0.52,0.53,2025-12-16T00:00:00Z,KXNHLGAME-25DEC15FLATB-TB,close,historical,https://api.elections.kalshi.com/trade-api/v2/historical/markets/KXNHLGAME-25DEC15FLATB-TB/candlesticks?start_ts=1765609560&end_ts=1765857600&period_interval=60
2025020515,away,0.5,0.49,0.5,2025-12-16T00:00:00Z,KXNHLGAME-25DEC15ANANYR-ANA,close,historical,https://api.elections.kalshi.com/trade-api/v2/historical/markets/KXNHLGAME-25DEC15ANANYR-ANA/candlesticks?start_ts=1765609560&end_ts=1765857600&period_interval=60
2025020515,home,0.51,0.5,0.51,2025-12-16T00:00:00Z,KXNHLGAME-25DEC15ANANYR-NYR,close,historical,https://api.elections.kalshi.com/trade-api/v2/historical/markets/KXNHLGAME-25DEC15ANANYR-NYR/candlesticks?start_ts=1765609560&end_ts=1765857600&period_interval=60
2025020516,away,0.46,0.45,0.46,2025-12-16T00:00:00Z,KXNHLGAME-25DEC15OTTWPG-OTT,close,historical,https://api.elections.kalshi.com/trade-api/v2/historical/markets/KXNHLGAME-25DEC15OTTWPG-OTT/candlesticks?start_ts=1765609560&end_ts=1765859400&period_interval=60
2025020516,home,0.55,0.54,0.55,2025-12-16T00:00:00Z,KXNHLGAME-25DEC15OTTWPG-WPG,close,historical,https://api.elections.kalshi.com/trade-api/v2/historical/markets/KXNHLGAME-25DEC15OTTWPG-WPG/candlesticks?start_ts=1765609560&end_ts=1765859400&period_interval=60
2025020517,away,0.51,0.5,0.51,2025-12-16T01:00:00Z,KXNHLGAME-25DEC15NSHSTL-NSH,close,historical,https://api.elections.kalshi.com/trade-api/v2/historical/markets/KXNHLGAME-25DEC15NSHSTL-NSH/candlesticks?start_ts=1765609560&end_ts=1765861200&period_interval=60
2025020517,home,0.5,0.49,0.5,2025-12-16T01:00:00Z,KXNHLGAME-25DEC15NSHSTL-STL,close,historical,https://api.elections.kalshi.com/trade-api/v2/historical/markets/KXNHLGAME-25DEC15NSHSTL-STL/candlesticks?start_ts=1765609560&end_ts=1765861200&period_interval=60
2025020518,home,0.56,0.55,0.56,2025-12-16T01:00:00Z,KXNHLGAME-25DEC15LADAL-DAL,close,historical,https://api.elections.kalshi.com/trade-api/v2/historical/markets/KXNHLGAME-25DEC15LADAL-DAL/candlesticks?start_ts=1765609560&end_ts=1765861200&period_interval=60
2025020518,away,0.45,0.44,0.45,2025-12-16T01:00:00Z,KXNHLGAME-25DEC15LADAL-LA,close,historical,https://api.elections.kalshi.com/trade-api/v2/historical/markets/KXNHLGAME-25DEC15LADAL-LA/candlesticks?start_ts=1765609560&end_ts=1765861200&period_interval=60
2025020519,home,0.52,0.51,0.52,2025-12-17T00:00:00Z,KXNHLGAME-25DEC16UTABOS-BOS,close,historical,https://api.elections.kalshi.com/trade-api/v2/historical/markets/KXNHLGAME-25DEC16UTABOS-BOS/candlesticks?start_ts=1765695960&end_ts=1765944000&period_interval=60
2025020519,away,0.49,0.48,0.49,2025-12-17T00:00:00Z,KXNHLGAME-25DEC16UTABOS-UTA,close,historical,https://api.elections.kalshi.com/trade-api/v2/historical/markets/KXNHLGAME-25DEC16UTABOS-UTA/candlesticks?start_ts=1765695960&end_ts=1765944000&period_interval=60
2025020520,away,0.37,0.34,0.37,2025-12-17T00:00:00Z,KXNHLGAME-25DEC16CHITOR-CHI,close,historical,https://api.elections.kalshi.com/trade-api/v2/historical/markets/KXNHLGAME-25DEC16CHITOR-CHI/candlesticks?start_ts=1765695960&end_ts=1765944000&period_interval=60
2025020520,home,0.65,0.64,0.65,2025-12-17T00:00:00Z,KXNHLGAME-25DEC16CHITOR-TOR,close,historical,https://api.elections.kalshi.com/trade-api/v2/historical/markets/KXNHLGAME-25DEC16CHITOR-TOR/candlesticks?start_ts=1765695960&end_ts=1765944000&period_interval=60
2025020521,home,0.53,0.52,0.53,2025-12-17T00:00:00Z,KXNHLGAME-25DEC16PHIMTL-MTL,close,historical,https://api.elections.kalshi.com/trade-api/v2/historical/markets/KXNHLGAME-25DEC16PHIMTL-MTL/candlesticks?start_ts=1765695960&end_ts=1765944000&period_interval=60
2025020521,away,0.48,0.47,0.48,2025-12-17T00:00:00Z,KXNHLGAME-25DEC16PHIMTL-PHI,close,historical,https://api.elections.kalshi.com/trade-api/v2/historical/markets/KXNHLGAME-25DEC16PHIMTL-PHI/candlesticks?start_ts=1765695960&end_ts=1765944000&period_interval=60
2025020522,home,0.54,0.53,0.54,2025-12-17T00:00:00Z,KXNHLGAME-25DEC16NYIDET-DET,close,historical,https://api.elections.kalshi.com/trade-api/v2/historical/markets/KXNHLGAME-25DEC16NYIDET-DET/candlesticks?start_ts=1765695960&end_ts=1765944000&period_interval=60
2025020522,away,0.47,0.45,0.47,2025-12-17T00:00:00Z,KXNHLGAME-25DEC16NYIDET-NYI,close,historical,https://api.elections.kalshi.com/trade-api/v2/historical/markets/KXNHLGAME-25DEC16NYIDET-NYI/candlesticks?start_ts=1765695960&end_ts=1765944000&period_interval=60
2025020523,home,0.53,0.52,0.53,2025-12-17T00:00:00Z,KXNHLGAME-25DEC16VANNYR-NYR,close,historical,https://api.elections.kalshi.com/trade-api/v2/historical/markets/KXNHLGAME-25DEC16VANNYR-NYR/candlesticks?start_ts=1765695960&end_ts=1765944000&period_interval=60
2025020523,away,0.48,0.46,0.47,2025-12-17T00:00:00Z,KXNHLGAME-25DEC16VANNYR-VAN,close,historical,https://api.elections.kalshi.com/trade-api/v2/historical/markets/KXNHLGAME-25DEC16VANNYR-VAN/candlesticks?start_ts=1765695960&end_ts=1765944000&period_interval=60
2025020524,away,0.57,0.56,0.57,2025-12-17T00:00:00Z,KXNHLGAME-25DEC16EDMPIT-EDM,close,historical,https://api.elections.kalshi.com/trade-api/v2/historical/markets/KXNHLGAME-25DEC16EDMPIT-EDM/candlesticks?start_ts=1765695960&end_ts=1765945800&period_interval=60
2025020524,home,0.44,0.43,0.44,2025-12-17T00:00:00Z,KXNHLGAME-25DEC16EDMPIT-PIT,close,historical,https://api.elections.kalshi.com/trade-api/v2/historical/markets/KXNHLGAME-25DEC16EDMPIT-PIT/candlesticks?start_ts=1765695960&end_ts=1765945800&period_interval=60
2025020525,away,0.44,0.43,0.44,2025-12-17T00:00:00Z,KXNHLGAME-25DEC16ANACBJ-ANA,close,historical,https://api.elections.kalshi.com/trade-api/v2/historical/markets/KXNHLGAME-25DEC16ANACBJ-ANA/candlesticks?start_ts=1765695960&end_ts=1765944000&period_interval=60
2025020525,home,0.58,0.57,0.58,2025-12-17T00:00:00Z,KXNHLGAME-25DEC16ANACBJ-CBJ,close,historical,https://api.elections.kalshi.com/trade-api/v2/historical/markets/KXNHLGAME-25DEC16ANACBJ-CBJ/candlesticks?start_ts=1765695960&end_ts=1765944000&period_interval=60
2025020526,home,0.53,0.52,0.53,2025-12-17T01:00:00Z,KXNHLGAME-25DEC16WSHMIN-MIN,close,historical,https://api.elections.kalshi.com/trade-api/v2/historical/markets/KXNHLGAME-25DEC16WSHMIN-MIN/candlesticks?start_ts=1765695960&end_ts=1765947600&period_interval=60
2025020526,away,0.49,0.48,0.49,2025-12-17T01:00:00Z,KXNHLGAME-25DEC16WSHMIN-WSH,close,historical,https://api.elections.kalshi.com/trade-api/v2/historical/markets/KXNHLGAME-25DEC16WSHMIN-WSH/candlesticks?start_ts=1765695960&end_ts=1765947600&period_interval=60
2025020527,away,0.59,0.58,0.59,2025-12-17T03:00:00Z,KXNHLGAME-25DEC16CGYSJ-CGY,close,historical,https://api.elections.kalshi.com/trade-api/v2/historical/markets/KXNHLGAME-25DEC16CGYSJ-CGY/candlesticks?start_ts=1765706760&end_ts=1765954800&period_interval=60
2025020527,home,0.44,0.43,0.44,2025-12-17T03:00:00Z,KXNHLGAME-25DEC16CGYSJ-SJ,close,historical,https://api.elections.kalshi.com/trade-api/v2/historical/markets/KXNHLGAME-25DEC16CGYSJ-SJ/candlesticks?start_ts=1765706760&end_ts=1765954800&period_interval=60
2025020528,away,0.75,0.74,0.75,2025-12-17T03:00:00Z,KXNHLGAME-25DEC16COLSEA-COL,close,historical,https://api.elections.kalshi.com/trade-api/v2/historical/markets/KXNHLGAME-25DEC16COLSEA-COL/candlesticks?start_ts=1765706760&end_ts=1765954800&period_interval=60
2025020528,home,0.27,0.26,0.27,2025-12-17T03:00:00Z,KXNHLGAME-25DEC16COLSEA-SEA,close,historical,https://api.elections.kalshi.com/trade-api/v2/historical/markets/KXNHLGAME-25DEC16COLSEA-SEA/candlesticks?start_ts=1765706760&end_ts=1765954800&period_interval=60
2025020529,home,0.58,0.57,0.58,2025-12-18T00:00:00Z,KXNHLGAME-25DEC17LAFLA-FLA,close,historical,https://api.elections.kalshi.com/trade-api/v2/historical/markets/KXNHLGAME-25DEC17LAFLA-FLA/candlesticks?start_ts=1765782360&end_ts=1766030400&period_interval=60
2025020529,away,0.43,0.42,0.43,2025-12-18T00:00:00Z,KXNHLGAME-25DEC17LAFLA-LA,close,historical,https://api.elections.kalshi.com/trade-api/v2/historical/markets/KXNHLGAME-25DEC17LAFLA-LA/candlesticks?start_ts=1765782360&end_ts=1766030400&period_interval=60
2025020530,home,0.54,0.53,0.54,2025-12-18T00:00:00Z,KXNHLGAME-25DEC17UTADET-DET,close,historical,https://api.elections.kalshi.com/trade-api/v2/historical/markets/KXNHLGAME-25DEC17UTADET-DET/candlesticks?start_ts=1765782360&end_ts=1766032200&period_interval=60
2025020530,away,0.47,0.46,0.47,2025-12-18T00:00:00Z,KXNHLGAME-25DEC17UTADET-UTA,close,historical,https://api.elections.kalshi.com/trade-api/v2/historical/markets/KXNHLGAME-25DEC17UTADET-UTA/candlesticks?start_ts=1765782360&end_ts=1766032200&period_interval=60
2025020531,home,0.43,0.42,0.43,2025-12-18T01:00:00Z,KXNHLGAME-25DEC17WPGSTL-STL,close,historical,https://api.elections.kalshi.com/trade-api/v2/historical/markets/KXNHLGAME-25DEC17WPGSTL-STL/candlesticks?start_ts=1765782360&end_ts=1766034000&period_interval=60
2025020531,away,0.59,0.58,0.59,2025-12-18T01:00:00Z,KXNHLGAME-25DEC17WPGSTL-WPG,close,historical,https://api.elections.kalshi.com/trade-api/v2/historical/markets/KXNHLGAME-25DEC17WPGSTL-WPG/candlesticks?start_ts=1765782360&end_ts=1766034000&period_interval=60
2025020532,away,0.64,0.63,0.64,2025-12-18T01:00:00Z,KXNHLGAME-25DEC17CARNSH-CAR,close,historical,https://api.elections.kalshi.com/trade-api/v2/historical/markets/KXNHLGAME-25DEC17CARNSH-CAR/candlesticks?start_ts=1765782360&end_ts=1766034000&period_interval=60
2025020532,home,0.38,0.37,0.38,2025-12-18T01:00:00Z,KXNHLGAME-25DEC17CARNSH-NSH,close,historical,https://api.elections.kalshi.com/trade-api/v2/historical/markets/KXNHLGAME-25DEC17CARNSH-NSH/candlesticks?start_ts=1765782360&end_ts=1766034000&period_interval=60
2025020533,away,0.41,0.4,0.41,2025-12-18T03:00:00Z,KXNHLGAME-25DEC17NJVGK-NJ,close,historical,https://api.elections.kalshi.com/trade-api/v2/historical/markets/KXNHLGAME-25DEC17NJVGK-NJ/candlesticks?start_ts=1765793160&end_ts=1766041200&period_interval=60
2025020533,home,0.61,0.6,0.61,2025-12-18T03:00:00Z,KXNHLGAME-25DEC17NJVGK-VGK,close,historical,https://api.elections.kalshi.com/trade-api/v2/historical/markets/KXNHLGAME-25DEC17NJVGK-VGK/candlesticks?start_ts=1765793160&end_ts=1766041200&period_interval=60
2025020534,home,0.47,0.46,0.47,2025-12-19T00:00:00Z,KXNHLGAME-25DEC18EDMBOS-BOS,close,historical,https://api.elections.kalshi.com/trade-api/v2/historical/markets/KXNHLGAME-25DEC18EDMBOS-BOS/candlesticks?start_ts=1765868760&end_ts=1766116800&period_interval=60
2025020534,away,0.55,0.54,0.55,2025-12-19T00:00:00Z,KXNHLGAME-25DEC18EDMBOS-EDM,close,historical,https://api.elections.kalshi.com/trade-api/v2/historical/markets/KXNHLGAME-25DEC18EDMBOS-EDM/candlesticks?start_ts=1765868760&end_ts=1766116800&period_interval=60
2025020535,home,0.58,0.57,0.58,2025-12-19T00:00:00Z,KXNHLGAME-25DEC18PHIBUF-BUF,close,historical,https://api.elections.kalshi.com/trade-api/v2/historical/markets/KXNHLGAME-25DEC18PHIBUF-BUF/candlesticks?start_ts=1765868760&end_ts=1766118600&period_interval=60
2025020535,away,0.43,0.42,0.43,2025-12-19T00:00:00Z,KXNHLGAME-25DEC18PHIBUF-PHI,close,historical,https://api.elections.kalshi.com/trade-api/v2/historical/markets/KXNHLGAME-25DEC18PHIBUF-PHI/candlesticks?start_ts=1765868760&end_ts=1766118600&period_interval=60
2025020536,away,0.4,0.39,0.4,2025-12-19T00:00:00Z,KXNHLGAME-25DEC18CHIMTL-CHI,close,historical,https://api.elections.kalshi.com/trade-api/v2/historical/markets/KXNHLGAME-25DEC18CHIMTL-CHI/candlesticks?start_ts=1765868760&end_ts=1766116800&period_interval=60
2025020536,home,0.62,0.6,0.62,2025-12-19T00:00:00Z,KXNHLGAME-25DEC18CHIMTL-MTL,close,historical,https://api.elections.kalshi.com/trade-api/v2/historical/markets/KXNHLGAME-25DEC18CHIMTL-MTL/candlesticks?start_ts=1765868760&end_ts=1766116800&period_interval=60
2025020537,home,0.6,0.59,0.6,2025-12-19T00:00:00Z,KXNHLGAME-25DEC18PITOTT-OTT,close,historical,https://api.elections.kalshi.com/trade-api/v2/historical/markets/KXNHLGAME-25DEC18PITOTT-OTT/candlesticks?start_ts=1765868700&end_ts=1766116800&period_interval=60
2025020537,away,0.41,0.4,0.41,2025-12-19T00:00:00Z,KXNHLGAME-25DEC18PITOTT-PIT,close,historical,https://api.elections.kalshi.com/trade-api/v2/historical/markets/KXNHLGAME-25DEC18PITOTT-PIT/candlesticks?start_ts=1765868700&end_ts=1766116800&period_interval=60
2025020538,away,0.34,0.33,0.34,2025-12-19T00:00:00Z,KXNHLGAME-25DEC18LATB-LA,close,historical,https://api.elections.kalshi.com/trade-api/v2/historical/markets/KXNHLGAME-25DEC18LATB-LA/candlesticks?start_ts=1765868760&end_ts=1766116800&period_interval=60
2025020538,home,0.68,0.66,0.68,2025-12-19T00:00:00Z,KXNHLGAME-25DEC18LATB-TB,close,historical,https://api.elections.kalshi.com/trade-api/v2/historical/markets/KXNHLGAME-25DEC18LATB-TB/candlesticks?start_ts=1765868760&end_ts=1766116800&period_interval=60
2025020539,away,0.43,0.42,0.43,2025-12-19T00:00:00Z,KXNHLGAME-25DEC18TORWSH-TOR,close,historical,https://api.elections.kalshi.com/trade-api/v2/historical/markets/KXNHLGAME-25DEC18TORWSH-TOR/candlesticks?start_ts=1765868760&end_ts=1766116800&period_interval=60
2025020539,home,0.59,0.58,0.59,2025-12-19T00:00:00Z,KXNHLGAME-25DEC18TORWSH-WSH,close,historical,https://api.elections.kalshi.com/trade-api/v2/historical/markets/KXNHLGAME-25DEC18TORWSH-WSH/candlesticks?start_ts=1765868760&end_ts=1766116800&period_interval=60
2025020540,home,0.49,0.48,0.49,2025-12-19T00:00:00Z,KXNHLGAME-25DEC18MINCBJ-CBJ,close,historical,https://api.elections.kalshi.com/trade-api/v2/historical/markets/KXNHLGAME-25DEC18MINCBJ-CBJ/candlesticks?start_ts=1765868760&end_ts=1766116800&period_interval=60
2025020540,away,0.52,0.51,0.52,2025-12-19T00:00:00Z,KXNHLGAME-25DEC18MINCBJ-MIN,close,historical,https://api.elections.kalshi.com/trade-api/v2/historical/markets/KXNHLGAME-25DEC18MINCBJ-MIN/candlesticks?start_ts=1765868760&end_ts=1766116800&period_interval=60
2025020541,away,0.57,0.56,0.57,2025-12-19T01:00:00Z,KXNHLGAME-25DEC18NYRSTL-NYR,close,historical,https://api.elections.kalshi.com/trade-api/v2/historical/markets/KXNHLGAME-25DEC18NYRSTL-NYR/candlesticks?start_ts=1765868760&end_ts=1766120400&period_interval=60
2025020541,home,0.43,0.42,0.43,2025-12-19T01:00:00Z,KXNHLGAME-25DEC18NYRSTL-STL,close,historical,https://api.elections.kalshi.com/trade-api/v2/historical/markets/KXNHLGAME-25DEC18NYRSTL-STL/candlesticks?start_ts=1765868760&end_ts=1766120400&period_interval=60
2025020542,home,0.6,0.59,0.61,2025-12-19T02:00:00Z,KXNHLGAME-25DEC18SEACGY-CGY,close,historical,https://api.elections.kalshi.com/trade-api/v2/historical/markets/KXNHLGAME-25DEC18SEACGY-CGY/candlesticks?start_ts=1765868760&end_ts=1766124000&period_interval=60
2025020542,away,0.4,0.39,0.4,2025-12-19T02:00:00Z,KXNHLGAME-25DEC18SEACGY-SEA,close,historical,https://api.elections.kalshi.com/trade-api/v2/historical/markets/KXNHLGAME-25DEC18SEACGY-SEA/candlesticks?start_ts=1765868760&end_ts=1766124000&period_interval=60
2025020543,away,0.65,0.64,0.65,2025-12-19T03:00:00Z,KXNHLGAME-25DEC18DALSJ-DAL,close,historical,https://api.elections.kalshi.com/trade-api/v2/historical/markets/KXNHLGAME-25DEC18DALSJ-DAL/candlesticks?start_ts=1765879560&end_ts=1766127600&period_interval=60
2025020543,home,0.36,0.35,0.36,2025-12-19T03:00:00Z,KXNHLGAME-25DEC18DALSJ-SJ,close,historical,https://api.elections.kalshi.com/trade-api/v2/historical/markets/KXNHLGAME-25DEC18DALSJ-SJ/candlesticks?start_ts=1765879560&end_ts=1766127600&period_interval=60
2025020544,away,0.57,0.55,0.57,2025-12-20T00:00:00Z,KXNHLGAME-25DEC19CARFLA-CAR,close,historical,https://api.elections.kalshi.com/trade-api/v2/historical/markets/KXNHLGAME-25DEC19CARFLA-CAR/candlesticks?start_ts=1765955160&end_ts=1766203200&period_interval=60
2025020544,home,0.45,0.43,0.45,2025-12-20T00:00:00Z,KXNHLGAME-25DEC19CARFLA-FLA,close,historical,https://api.elections.kalshi.com/trade-api/v2/historical/markets/KXNHLGAME-25DEC19CARFLA-FLA/candlesticks?start_ts=1765955160&end_ts=1766203200&period_interval=60
2025020545,home,0.57,0.56,0.57,2025-12-20T00:00:00Z,KXNHLGAME-25DEC19VANNYI-NYI,close,historical,https://api.elections.kalshi.com/trade-api/v2/historical/markets/KXNHLGAME-25DEC19VANNYI-NYI/candlesticks?start_ts=1765955160&end_ts=1766203200&period_interval=60
2025020545,away,0.44,0.43,0.44,2025-12-20T00:00:00Z,KXNHLGAME-25DEC19VANNYI-VAN,close,historical,https://api.elections.kalshi.com/trade-api/v2/historical/markets/KXNHLGAME-25DEC19VANNYI-VAN/candlesticks?start_ts=1765955160&end_ts=1766203200&period_interval=60
2025020546,home,0.67,0.66,0.67,2025-12-20T02:00:00Z,KXNHLGAME-25DEC19WPGCOL-COL,close,historical,https://api.elections.kalshi.com/trade-api/v2/historical/markets/KXNHLGAME-25DEC19WPGCOL-COL/candlesticks?start_ts=1765955160&end_ts=1766210400&period_interval=60
2025020546,away,0.33,0.32,0.33,2025-12-20T02:00:00Z,KXNHLGAME-25DEC19WPGCOL-WPG,close,historical,https://api.elections.kalshi.com/trade-api/v2/historical/markets/KXNHLGAME-25DEC19WPGCOL-WPG/candlesticks?start_ts=1765955160&end_ts=1766210400&period_interval=60
2025020547,away,0.44,0.42,0.44,2025-12-20T02:00:00Z,KXNHLGAME-25DEC19NJUTA-NJ,close,historical,https://api.elections.kalshi.com/trade-api/v2/historical/markets/KXNHLGAME-25DEC19NJUTA-NJ/candlesticks?start_ts=1765955160&end_ts=1766210400&period_interval=60
2025020547,home,0.57,0.55,0.57,2025-12-20T02:00:00Z,KXNHLGAME-25DEC19NJUTA-UTA,close,historical,https://api.elections.kalshi.com/trade-api/v2/historical/markets/KXNHLGAME-25DEC19NJUTA-UTA/candlesticks?start_ts=1765955160&end_ts=1766210400&period_interval=60
2025020548,home,0.53,0.52,0.53,2025-12-20T03:00:00Z,KXNHLGAME-25DEC19DALANA-ANA,close,historical,https://api.elections.kalshi.com/trade-api/v2/historical/markets/KXNHLGAME-25DEC19DALANA-ANA/candlesticks?start_ts=1765965960&end_ts=1766214604&period_interval=60
2025020548,away,0.49,0.48,0.49,2025-12-20T03:00:00Z,KXNHLGAME-25DEC19DALANA-DAL,close,historical,https://api.elections.kalshi.com/trade-api/v2/historical/markets/KXNHLGAME-25DEC19DALANA-DAL/candlesticks?start_ts=1765965960&end_ts=1766214604&period_interval=60
2025020549,home,0.59,0.58,0.59,2025-12-20T17:00:00Z,KXNHLGAME-25DEC20PHINYR-NYR,close,historical,https://api.elections.kalshi.com/trade-api/v2/historical/markets/KXNHLGAME-25DEC20PHINYR-NYR/candlesticks?start_ts=1766019960&end_ts=1766266200&period_interval=60
2025020549,away,0.42,0.41,0.42,2025-12-20T17:00:00Z,KXNHLGAME-25DEC20PHINYR-PHI,close,historical,https://api.elections.kalshi.com/trade-api/v2/historical/markets/KXNHLGAME-25DEC20PHINYR-PHI/candlesticks?start_ts=1766019960&end_ts=1766266200&period_interval=60
2025020550,away,0.42,0.41,0.42,2025-12-20T17:00:00Z,KXNHLGAME-25DEC20DETWSH-DET,close,historical,https://api.elections.kalshi.com/trade-api/v2/historical/markets/KXNHLGAME-25DEC20DETWSH-DET/candlesticks?start_ts=1766019960&end_ts=1766266200&period_interval=60
2025020550,home,0.6,0.59,0.6,2025-12-20T17:00:00Z,KXNHLGAME-25DEC20DETWSH-WSH,close,historical,https://api.elections.kalshi.com/trade-api/v2/historical/markets/KXNHLGAME-25DEC20DETWSH-WSH/candlesticks?start_ts=1766019960&end_ts=1766266200&period_interval=60
2025020551,away,0.31,0.3,0.31,2025-12-20T20:00:00Z,KXNHLGAME-25DEC20CHIOTT-CHI,close,historical,https://api.elections.kalshi.com/trade-api/v2/historical/markets/KXNHLGAME-25DEC20CHIOTT-CHI/candlesticks?start_ts=1766019960&end_ts=1766275241&period_interval=60
2025020551,home,0.72,0.7,0.72,2025-12-20T20:00:00Z,KXNHLGAME-25DEC20CHIOTT-OTT,close,historical,https://api.elections.kalshi.com/trade-api/v2/historical/markets/KXNHLGAME-25DEC20CHIOTT-OTT/candlesticks?start_ts=1766019960&end_ts=1766275241&period_interval=60
2025020552,away,0.46,0.45,0.46,2025-12-20T20:00:00Z,KXNHLGAME-25DEC20EDMMIN-EDM,close,historical,https://api.elections.kalshi.com/trade-api/v2/historical/markets/KXNHLGAME-25DEC20EDMMIN-EDM/candlesticks?start_ts=1766019960&end_ts=1766275200&period_interval=60
2025020552,home,0.56,0.55,0.56,2025-12-20T20:00:00Z,KXNHLGAME-25DEC20EDMMIN-MIN,close,historical,https://api.elections.kalshi.com/trade-api/v2/historical/markets/KXNHLGAME-25DEC20EDMMIN-MIN/candlesticks?start_ts=1766019960&end_ts=1766275200&period_interval=60
2025020553,home,0.62,0.61,0.62,2025-12-20T22:00:00Z,KXNHLGAME-25DEC20NYIBUF-BUF,close,historical,https://api.elections.kalshi.com/trade-api/v2/historical/markets/KXNHLGAME-25DEC20NYIBUF-BUF/candlesticks?start_ts=1766030760&end_ts=1766282400&period_interval=60
2025020553,away,0.4,0.39,0.4,2025-12-20T22:00:00Z,KXNHLGAME-25DEC20NYIBUF-NYI,close,historical,https://api.elections.kalshi.com/trade-api/v2/historical/markets/KXNHLGAME-25DEC20NYIBUF-NYI/candlesticks?start_ts=1766030760&end_ts=1766282400&period_interval=60
2025020554,home,0.63,0.61,0.63,2025-12-20T23:00:00Z,KXNHLGAME-25DEC20STLFLA-FLA,close,historical,https://api.elections.kalshi.com/trade-api/v2/historical/markets/KXNHLGAME-25DEC20STLFLA-FLA/candlesticks?start_ts=1766030760&end_ts=1766286000&period_interval=60
2025020554,away,0.39,0.38,0.39,2025-12-20T23:00:00Z,KXNHLGAME-25DEC20STLFLA-STL,close,historical,https://api.elections.kalshi.com/trade-api/v2/historical/markets/KXNHLGAME-25DEC20STLFLA-STL/candlesticks?start_ts=1766030760&end_ts=1766286000&period_interval=60
2025020555,home,0.62,0.61,0.62,2025-12-21T00:00:00Z,KXNHLGAME-25DEC20VANBOS-BOS,close,historical,https://api.elections.kalshi.com/trade-api/v2/historical/markets/KXNHLGAME-25DEC20VANBOS-BOS/candlesticks?start_ts=1766041560&end_ts=1766289600&period_interval=60
2025020555,away,0.38,0.37,0.38,2025-12-21T00:00:00Z,KXNHLGAME-25DEC20VANBOS-VAN,close,historical,https://api.elections.kalshi.com/trade-api/v2/historical/markets/KXNHLGAME-25DEC20VANBOS-VAN/candlesticks?start_ts=1766041560&end_ts=1766289600&period_interval=60
2025020556,home,0.55,0.53,0.55,2025-12-21T00:00:00Z,KXNHLGAME-25DEC20PITMTL-MTL,close,historical,https://api.elections.kalshi.com/trade-api/v2/historical/markets/KXNHLGAME-25DEC20PITMTL-MTL/candlesticks?start_ts=1766041560&end_ts=1766289600&period_interval=60
2025020556,away,0.46,0.44,0.46,2025-12-21T00:00:00Z,KXNHLGAME-25DEC20PITMTL-PIT,close,historical,https://api.elections.kalshi.com/trade-api/v2/historical/markets/KXNHLGAME-25DEC20PITMTL-PIT/candlesticks?start_ts=1766041560&end_ts=1766289600&period_interval=60
2025020557,away,0.47,0.46,0.47,2025-12-21T00:00:00Z,KXNHLGAME-25DEC20CARTB-CAR,close,historical,https://api.elections.kalshi.com/trade-api/v2/historical/markets/KXNHLGAME-25DEC20CARTB-CAR/candlesticks?start_ts=1766041560&end_ts=1766289600&period_interval=60
2025020557,home,0.55,0.54,0.55,2025-12-21T00:00:00Z,KXNHLGAME-25DEC20CARTB-TB,close,historical,https://api.elections.kalshi.com/trade-api/v2/historical/markets/KXNHLGAME-25DEC20CARTB-TB/candlesticks?start_ts=1766041560&end_ts=1766289600&period_interval=60
2025020558,home,0.51,0.49,0.51,2025-12-21T00:00:00Z,KXNHLGAME-25DEC20TORNSH-NSH,close,historical,https://api.elections.kalshi.com/trade-api/v2/historical/markets/KXNHLGAME-25DEC20TORNSH-NSH/candlesticks?start_ts=1766041560&end_ts=1766289600&period_interval=60
2025020558,away,0.5,0.49,0.51,2025-12-21T00:00:00Z,KXNHLGAME-25DEC20TORNSH-TOR,close,historical,https://api.elections.kalshi.com/trade-api/v2/historical/markets/KXNHLGAME-25DEC20TORNSH-TOR/candlesticks?start_ts=1766041560&end_ts=1766289600&period_interval=60
2025020559,home,0.46,0.45,0.47,2025-12-21T03:00:00Z,KXNHLGAME-25DEC20VGKCGY-CGY,close,historical,https://api.elections.kalshi.com/trade-api/v2/historical/markets/KXNHLGAME-25DEC20VGKCGY-CGY/candlesticks?start_ts=1766052360&end_ts=1766300400&period_interval=60
2025020559,away,0.55,0.54,0.55,2025-12-21T03:00:00Z,KXNHLGAME-25DEC20VGKCGY-VGK,close,historical,https://api.elections.kalshi.com/trade-api/v2/historical/markets/KXNHLGAME-25DEC20VGKCGY-VGK/candlesticks?start_ts=1766052360&end_ts=1766300400&period_interval=60
2025020560,home,0.53,0.51,0.53,2025-12-21T03:00:00Z,KXNHLGAME-25DEC20CBJANA-ANA,close,historical,https://api.elections.kalshi.com/trade-api/v2/historical/markets/KXNHLGAME-25DEC20CBJANA-ANA/candlesticks?start_ts=1766052360&end_ts=1766300400&period_interval=60
2025020560,away,0.49,0.48,0.49,2025-12-21T03:00:00Z,KXNHLGAME-25DEC20CBJANA-CBJ,close,historical,https://api.elections.kalshi.com/trade-api/v2/historical/markets/KXNHLGAME-25DEC20CBJANA-CBJ/candlesticks?start_ts=1766052360&end_ts=1766300400&period_interval=60
2025020561,away,0.47,0.45,0.47,2025-12-21T03:00:00Z,KXNHLGAME-25DEC20SEASJ-SEA,close,historical,https://api.elections.kalshi.com/trade-api/v2/historical/markets/KXNHLGAME-25DEC20SEASJ-SEA/candlesticks?start_ts=1766052360&end_ts=1766300400&period_interval=60
2025020561,home,0.54,0.53,0.54,2025-12-21T03:00:00Z,KXNHLGAME-25DEC20SEASJ-SJ,close,historical,https://api.elections.kalshi.com/trade-api/v2/historical/markets/KXNHLGAME-25DEC20SEASJ-SJ/candlesticks?start_ts=1766052360&end_ts=1766300400&period_interval=60
2025020562,home,0.53,0.51,0.53,2025-12-21T18:00:00Z,KXNHLGAME-25DEC21WSHDET-DET,close,historical,https://api.elections.kalshi.com/trade-api/v2/historical/markets/KXNHLGAME-25DEC21WSHDET-DET/candlesticks?start_ts=1766106360&end_ts=1766354400&period_interval=60
2025020562,away,0.49,0.47,0.49,2025-12-21T18:00:00Z,KXNHLGAME-25DEC21WSHDET-WSH,close,historical,https://api.elections.kalshi.com/trade-api/v2/historical/markets/KXNHLGAME-25DEC21WSHDET-WSH/candlesticks?start_ts=1766106360&end_ts=1766354400&period_interval=60
2025020563,away,0.61,0.6,0.61,2025-12-21T23:00:00Z,KXNHLGAME-25DEC21COLMIN-COL,close,historical,https://api.elections.kalshi.com/trade-api/v2/historical/markets/KXNHLGAME-25DEC21COLMIN-COL/candlesticks?start_ts=1766117160&end_ts=1766372400&period_interval=60
2025020563,home,0.41,0.4,0.41,2025-12-21T23:00:00Z,KXNHLGAME-25DEC21COLMIN-MIN,close,historical,https://api.elections.kalshi.com/trade-api/v2/historical/markets/KXNHLGAME-25DEC21COLMIN-MIN/candlesticks?start_ts=1766117160&end_ts=1766372400&period_interval=60
2025020564,home,0.44,0.43,0.44,2025-12-22T00:00:00Z,KXNHLGAME-25DEC21OTTBOS-BOS,close,historical,https://api.elections.kalshi.com/trade-api/v2/historical/markets/KXNHLGAME-25DEC21OTTBOS-BOS/candlesticks?start_ts=1766127960&end_ts=1766377804&period_interval=60
2025020564,away,0.57,0.56,0.57,2025-12-22T00:00:00Z,KXNHLGAME-25DEC21OTTBOS-OTT,close,historical,https://api.elections.kalshi.com/trade-api/v2/historical/markets/KXNHLGAME-25DEC21OTTBOS-OTT/candlesticks?start_ts=1766127960&end_ts=1766377804&period_interval=60
2025020565,away,0.38,0.37,0.39,2025-12-22T00:00:00Z,KXNHLGAME-25DEC21BUFNJ-BUF,close,historical,https://api.elections.kalshi.com/trade-api/v2/historical/markets/KXNHLGAME-25DEC21BUFNJ-BUF/candlesticks?start_ts=1766127960&end_ts=1766381689&period_interval=60
2025020565,home,0.63,0.61,0.61,2025-12-22T00:00:00Z,KXNHLGAME-25DEC21BUFNJ-NJ,close,historical,https://api.elections.kalshi.com/trade-api/v2/historical/markets/KXNHLGAME-25DEC21BUFNJ-NJ/candlesticks?start_ts=1766127960&end_ts=1766381689&period_interval=60
2025020566,away,0.5,0.49,0.5,2025-12-22T00:00:00Z,KXNHLGAME-25DEC21MTLPIT-MTL,close,historical,https://api.elections.kalshi.com/trade-api/v2/historical/markets/KXNHLGAME-25DEC21MTLPIT-MTL/candlesticks?start_ts=1766127960&end_ts=1766376000&period_interval=60
2025020566,home,0.51,0.5,0.51,2025-12-22T00:00:00Z,KXNHLGAME-25DEC21MTLPIT-PIT,close,historical,https://api.elections.kalshi.com/trade-api/v2/historical/markets/KXNHLGAME-25DEC21MTLPIT-PIT/candlesticks?start_ts=1766127960&end_ts=1766376000&period_interval=60
2025020567,home,0.51,0.5,0.51,2025-12-22T00:00:00Z,KXNHLGAME-25DEC21NYRNSH-NSH,close,historical,https://api.elections.kalshi.com/trade-api/v2/historical/markets/KXNHLGAME-25DEC21NYRNSH-NSH/candlesticks?start_ts=1766127960&end_ts=1766376000&period_interval=60
2025020567,away,0.5,0.49,0.5,2025-12-22T00:00:00Z,KXNHLGAME-25DEC21NYRNSH-NYR,close,historical,https://api.elections.kalshi.com/trade-api/v2/historical/markets/KXNHLGAME-25DEC21NYRNSH-NYR/candlesticks?start_ts=1766127960&end_ts=1766376000&period_interval=60
2025020568,home,0.67,0.66,0.67,2025-12-22T00:00:00Z,KXNHLGAME-25DEC21TORDAL-DAL,close,historical,https://api.elections.kalshi.com/trade-api/v2/historical/markets/KXNHLGAME-25DEC21TORDAL-DAL/candlesticks?start_ts=1766127960&end_ts=1766376000&period_interval=60
2025020568,away,0.35,0.34,0.35,2025-12-22T00:00:00Z,KXNHLGAME-25DEC21TORDAL-TOR,close,historical,https://api.elections.kalshi.com/trade-api/v2/historical/markets/KXNHLGAME-25DEC21TORDAL-TOR/candlesticks?start_ts=1766127960&end_ts=1766376000&period_interval=60
2025020569,home,0.54,0.53,0.54,2025-12-22T00:00:00Z,KXNHLGAME-25DEC21WPGUTA-UTA,close,historical,https://api.elections.kalshi.com/trade-api/v2/historical/markets/KXNHLGAME-25DEC21WPGUTA-UTA/candlesticks?start_ts=1766127960&end_ts=1766376000&period_interval=60
2025020569,away,0.47,0.46,0.47,2025-12-22T00:00:00Z,KXNHLGAME-25DEC21WPGUTA-WPG,close,historical,https://api.elections.kalshi.com/trade-api/v2/historical/markets/KXNHLGAME-25DEC21WPGUTA-WPG/candlesticks?start_ts=1766127960&end_ts=1766376000&period_interval=60
2025020570,home,0.54,0.53,0.54,2025-12-22T01:00:00Z,KXNHLGAME-25DEC21VGKEDM-EDM,close,historical,https://api.elections.kalshi.com/trade-api/v2/historical/markets/KXNHLGAME-25DEC21VGKEDM-EDM/candlesticks?start_ts=1766127960&end_ts=1766379600&period_interval=60
2025020570,away,0.48,0.45,0.48,2025-12-22T01:00:00Z,KXNHLGAME-25DEC21VGKEDM-VGK,close,historical,https://api.elections.kalshi.com/trade-api/v2/historical/markets/KXNHLGAME-25DEC21VGKEDM-VGK/candlesticks?start_ts=1766127960&end_ts=1766379600&period_interval=60
2025020571,away,0.31,0.29,0.31,2025-12-23T00:00:00Z,KXNHLGAME-25DEC22STLTB-STL,close,historical,https://api.elections.kalshi.com/trade-api/v2/historical/markets/KXNHLGAME-25DEC22STLTB-STL/candlesticks?start_ts=1766214360&end_ts=1766462400&period_interval=60
2025020571,home,0.7,0.69,0.7,2025-12-23T00:00:00Z,KXNHLGAME-25DEC22STLTB-TB,close,historical,https://api.elections.kalshi.com/trade-api/v2/historical/markets/KXNHLGAME-25DEC22STLTB-TB/candlesticks?start_ts=1766214360&end_ts=1766462400&period_interval=60
2025020572,home,0.56,0.55,0.56,2025-12-23T00:00:00Z,KXNHLGAME-25DEC22VANPHI-PHI,close,historical,https://api.elections.kalshi.com/trade-api/v2/historical/markets/KXNHLGAME-25DEC22VANPHI-PHI/candlesticks?start_ts=1766214360&end_ts=1766464200&period_interval=60
2025020572,away,0.45,0.44,0.45,2025-12-23T00:00:00Z,KXNHLGAME-25DEC22VANPHI-VAN,close,historical,https://api.elections.kalshi.com/trade-api/v2/historical/markets/KXNHLGAME-25DEC22VANPHI-VAN/candlesticks?start_ts=1766214360&end_ts=1766464200&period_interval=60
2025020573,home,0.63,0.62,0.63,2025-12-23T03:00:00Z,KXNHLGAME-25DEC22SEAANA-ANA,close,historical,https://api.elections.kalshi.com/trade-api/v2/historical/markets/KXNHLGAME-25DEC22SEAANA-ANA/candlesticks?start_ts=1766225160&end_ts=1766473200&period_interval=60
2025020573,away,0.39,0.38,0.39,2025-12-23T03:00:00Z,KXNHLGAME-25DEC22SEAANA-SEA,close,historical,https://api.elections.kalshi.com/trade-api/v2/historical/markets/KXNHLGAME-25DEC22SEAANA-SEA/candlesticks?start_ts=1766225160&end_ts=1766473200&period_interval=60
2025020574,away,0.42,0.41,0.42,2025-12-23T03:00:00Z,KXNHLGAME-25DEC22CBJLA-CBJ,close,historical,https://api.elections.kalshi.com/trade-api/v2/historical/markets/KXNHLGAME-25DEC22CBJLA-CBJ/candlesticks?start_ts=1766225160&end_ts=1766473200&period_interval=60
2025020574,home,0.6,0.59,0.6,2025-12-23T03:00:00Z,KXNHLGAME-25DEC22CBJLA-LA,close,historical,https://api.elections.kalshi.com/trade-api/v2/historical/markets/KXNHLGAME-25DEC22CBJLA-LA/candlesticks?start_ts=1766225160&end_ts=1766473200&period_interval=60
2025020575,away,0.46,0.45,0.46,2025-12-23T21:00:00Z,KXNHLGAME-25DEC23PITTOR-PIT,close,historical,https://api.elections.kalshi.com/trade-api/v2/historical/markets/KXNHLGAME-25DEC23PITTOR-PIT/candlesticks?start_ts=1766289960&end_ts=1766538000&period_interval=60
2025020575,home,0.55,0.54,0.55,2025-12-23T21:00:00Z,KXNHLGAME-25DEC23PITTOR-TOR,close,historical,https://api.elections.kalshi.com/trade-api/v2/historical/markets/KXNHLGAME-25DEC23PITTOR-TOR/candlesticks?start_ts=1766289960&end_ts=1766538000&period_interval=60
2025020576,away,0.43,0.42,0.43,2025-12-24T00:00:00Z,KXNHLGAME-25DEC23NYRWSH-NYR,close,historical,https://api.elections.kalshi.com/trade-api/v2/historical/markets/KXNHLGAME-25DEC23NYRWSH-NYR/candlesticks?start_ts=1766300760&end_ts=1766548800&period_interval=60
2025020576,home,0.58,0.57,0.58,2025-12-24T00:00:00Z,KXNHLGAME-25DEC23NYRWSH-WSH,close,historical,https://api.elections.kalshi.com/trade-api/v2/historical/markets/KXNHLGAME-25DEC23NYRWSH-WSH/candlesticks?start_ts=1766300760&end_ts=1766548800&period_interval=60
2025020577,home,0.53,0.52,0.53,2025-12-24T00:00:00Z,KXNHLGAME-25DEC23MTLBOS-BOS,close,historical,https://api.elections.kalshi.com/trade-api/v2/historical/markets/KXNHLGAME-25DEC23MTLBOS-BOS/candlesticks?start_ts=1766300760&end_ts=1766550001&period_interval=60
2025020577,away,0.49,0.48,0.49,2025-12-24T00:00:00Z,KXNHLGAME-25DEC23MTLBOS-MTL,close,historical,https://api.elections.kalshi.com/trade-api/v2/historical/markets/KXNHLGAME-25DEC23MTLBOS-MTL/candlesticks?start_ts=1766300760&end_ts=1766550001&period_interval=60
2025020578,away,0.41,0.39,0.41,2025-12-24T00:00:00Z,KXNHLGAME-25DEC23BUFOTT-BUF,close,historical,https://api.elections.kalshi.com/trade-api/v2/historical/markets/KXNHLGAME-25DEC23BUFOTT-BUF/candlesticks?start_ts=1766300760&end_ts=1766548800&period_interval=60
2025020578,home,0.6,0.59,0.6,2025-12-24T00:00:00Z,KXNHLGAME-25DEC23BUFOTT-OTT,close,historical,https://api.elections.kalshi.com/trade-api/v2/historical/markets/KXNHLGAME-25DEC23BUFOTT-OTT/candlesticks?start_ts=1766300760&end_ts=1766548800&period_interval=60
2025020579,away,0.55,0.54,0.55,2025-12-23T23:00:00Z,KXNHLGAME-25DEC23DALDET-DAL,close,historical,https://api.elections.kalshi.com/trade-api/v2/historical/markets/KXNHLGAME-25DEC23DALDET-DAL/candlesticks?start_ts=1766300760&end_ts=1766547000&period_interval=60
2025020579,home,0.47,0.46,0.47,2025-12-23T23:00:00Z,KXNHLGAME-25DEC23DALDET-DET,close,historical,https://api.elections.kalshi.com/trade-api/v2/historical/markets/KXNHLGAME-25DEC23DALDET-DET/candlesticks?start_ts=1766300760&end_ts=1766547000&period_interval=60
2025020580,away,0.56,0.55,0.56,2025-12-24T00:00:00Z,KXNHLGAME-25DEC23NJNYI-NJ,close,historical,https://api.elections.kalshi.com/trade-api/v2/historical/markets/KXNHLGAME-25DEC23NJNYI-NJ/candlesticks?start_ts=1766300760&end_ts=1766548800&period_interval=60
2025020580,home,0.45,0.44,0.45,2025-12-24T00:00:00Z,KXNHLGAME-25DEC23NJNYI-NYI,close,historical,https://api.elections.kalshi.com/trade-api/v2/historical/markets/KXNHLGAME-25DEC23NJNYI-NYI/candlesticks?start_ts=1766300760&end_ts=1766548800&period_interval=60
2025020581,home,0.57,0.56,0.57,2025-12-24T00:00:00Z,KXNHLGAME-25DEC23FLACAR-CAR,close,historical,https://api.elections.kalshi.com/trade-api/v2/historical/markets/KXNHLGAME-25DEC23FLACAR-CAR/candlesticks?start_ts=1766300760&end_ts=1766548800&period_interval=60
2025020581,away,0.44,0.43,0.44,2025-12-24T00:00:00Z,KXNHLGAME-25DEC23FLACAR-FLA,close,historical,https://api.elections.kalshi.com/trade-api/v2/historical/markets/KXNHLGAME-25DEC23FLACAR-FLA/candlesticks?start_ts=1766300760&end_ts=1766548800&period_interval=60
2025020582,home,0.63,0.62,0.63,2025-12-24T01:00:00Z,KXNHLGAME-25DEC23NSHMIN-MIN,close,historical,https://api.elections.kalshi.com/trade-api/v2/historical/markets/KXNHLGAME-25DEC23NSHMIN-MIN/candlesticks?start_ts=1766300760&end_ts=1766552400&period_interval=60
2025020582,away,0.39,0.38,0.39,2025-12-24T01:00:00Z,KXNHLGAME-25DEC23NSHMIN-NSH,close,historical,https://api.elections.kalshi.com/trade-api/v2/historical/markets/KXNHLGAME-25DEC23NSHMIN-NSH/candlesticks?start_ts=1766300760&end_ts=1766552400&period_interval=60
2025020583,home,0.48,0.47,0.48,2025-12-24T02:00:00Z,KXNHLGAME-25DEC23PHICHI-CHI,close,historical,https://api.elections.kalshi.com/trade-api/v2/historical/markets/KXNHLGAME-25DEC23PHICHI-CHI/candlesticks?start_ts=1766300760&end_ts=1766556000&period_interval=60
2025020583,away,0.53,0.52,0.53,2025-12-24T02:00:00Z,KXNHLGAME-25DEC23PHICHI-PHI,close,historical,https://api.elections.kalshi.com/trade-api/v2/historical/markets/KXNHLGAME-25DEC23PHICHI-PHI/candlesticks?start_ts=1766300760&end_ts=1766556000&period_interval=60
2025020584,home,0.71,0.7,0.71,2025-12-24T02:00:00Z,KXNHLGAME-25DEC23UTACOL-COL,close,historical,https://api.elections.kalshi.com/trade-api/v2/historical/markets/KXNHLGAME-25DEC23UTACOL-COL/candlesticks?start_ts=1766300760&end_ts=1766556000&period_interval=60
2025020584,away,0.3,0.29,0.3,2025-12-24T02:00:00Z,KXNHLGAME-25DEC23UTACOL-UTA,close,historical,https://api.elections.kalshi.com/trade-api/v2/historical/markets/KXNHLGAME-25DEC23UTACOL-UTA/candlesticks?start_ts=1766300760&end_ts=1766556000&period_interval=60
2025020585,away,0.44,0.43,0.44,2025-12-24T02:00:00Z,KXNHLGAME-25DEC23CGYEDM-CGY,close,historical,https://api.elections.kalshi.com/trade-api/v2/historical/markets/KXNHLGAME-25DEC23CGYEDM-CGY/candlesticks?start_ts=1766300760&end_ts=1766556000&period_interval=60
2025020585,home,0.58,0.57,0.58,2025-12-24T02:00:00Z,KXNHLGAME-25DEC23CGYEDM-EDM,close,historical,https://api.elections.kalshi.com/trade-api/v2/historical/markets/KXNHLGAME-25DEC23CGYEDM-EDM/candlesticks?start_ts=1766300760&end_ts=1766556000&period_interval=60
2025020586,away,0.36,0.35,0.36,2025-12-24T03:00:00Z,KXNHLGAME-25DEC23SJVGK-SJ,close,historical,https://api.elections.kalshi.com/trade-api/v2/historical/markets/KXNHLGAME-25DEC23SJVGK-SJ/candlesticks?start_ts=1766311560&end_ts=1766559600&period_interval=60
2025020586,home,0.65,0.64,0.65,2025-12-24T03:00:00Z,KXNHLGAME-25DEC23SJVGK-VGK,close,historical,https://api.elections.kalshi.com/trade-api/v2/historical/markets/KXNHLGAME-25DEC23SJVGK-VGK/candlesticks?start_ts=1766311560&end_ts=1766559600&period_interval=60
2025020587,home,0.68,0.67,0.68,2025-12-24T03:00:00Z,KXNHLGAME-25DEC23SEALA-LA,close,historical,https://api.elections.kalshi.com/trade-api/v2/historical/markets/KXNHLGAME-25DEC23SEALA-LA/candlesticks?start_ts=1766311560&end_ts=1766559600&period_interval=60
2025020587,away,0.35,0.33,0.34,2025-12-24T03:00:00Z,KXNHLGAME-25DEC23SEALA-SEA,close,historical,https://api.elections.kalshi.com/trade-api/v2/historical/markets/KXNHLGAME-25DEC23SEALA-SEA/candlesticks?start_ts=1766311560&end_ts=1766559600&period_interval=60
2025020588,home,0.49,0.48,0.49,2025-12-27T23:00:00Z,KXNHLGAME-25DEC27NYRNYI-NYI,close,historical,https://api.elections.kalshi.com/trade-api/v2/historical/markets/KXNHLGAME-25DEC27NYRNYI-NYI/candlesticks?start_ts=1766635500&end_ts=1766890800&period_interval=60
2025020588,away,0.52,0.51,0.52,2025-12-27T23:00:00Z,KXNHLGAME-25DEC27NYRNYI-NYR,close,historical,https://api.elections.kalshi.com/trade-api/v2/historical/markets/KXNHLGAME-25DEC27NYRNYI-NYR/candlesticks?start_ts=1766635500&end_ts=1766890800&period_interval=60
2025020589,away,0.46,0.45,0.46,2025-12-28T00:00:00Z,KXNHLGAME-25DEC27BOSBUF-BOS,close,historical,https://api.elections.kalshi.com/trade-api/v2/historical/markets/KXNHLGAME-25DEC27BOSBUF-BOS/candlesticks?start_ts=1766646300&end_ts=1766894400&period_interval=60
2025020589,home,0.55,0.53,0.55,2025-12-28T00:00:00Z,KXNHLGAME-25DEC27BOSBUF-BUF,close,historical,https://api.elections.kalshi.com/trade-api/v2/historical/markets/KXNHLGAME-25DEC27BOSBUF-BUF/candlesticks?start_ts=1766646300&end_ts=1766894400&period_interval=60
2025020590,away,0.56,0.54,0.56,2025-12-28T00:00:00Z,KXNHLGAME-25DEC27OTTTOR-OTT,close,historical,https://api.elections.kalshi.com/trade-api/v2/historical/markets/KXNHLGAME-25DEC27OTTTOR-OTT/candlesticks?start_ts=1766646300&end_ts=1766894400&period_interval=60
2025020590,home,0.46,0.45,0.46,2025-12-28T00:00:00Z,KXNHLGAME-25DEC27OTTTOR-TOR,close,historical,https://api.elections.kalshi.com/trade-api/v2/historical/markets/KXNHLGAME-25DEC27OTTTOR-TOR/candlesticks?start_ts=1766646300&end_ts=1766894400&period_interval=60
2025020591,home,0.5,0.49,0.5,2025-12-28T00:00:00Z,KXNHLGAME-25DEC27TBFLA-FLA,close,historical,https://api.elections.kalshi.com/trade-api/v2/historical/markets/KXNHLGAME-25DEC27TBFLA-FLA/candlesticks?start_ts=1766646300&end_ts=1766895941&period_interval=60
2025020591,away,0.51,0.5,0.51,2025-12-28T00:00:00Z,KXNHLGAME-25DEC27TBFLA-TB,close,historical,https://api.elections.kalshi.com/trade-api/v2/historical/markets/KXNHLGAME-25DEC27TBFLA-TB/candlesticks?start_ts=1766646300&end_ts=1766895941&period_interval=60
2025020592,home,0.53,0.52,0.53,2025-12-28T00:00:00Z,KXNHLGAME-25DEC27WSHNJ-NJ,close,historical,https://api.elections.kalshi.com/trade-api/v2/historical/markets/KXNHLGAME-25DEC27WSHNJ-NJ/candlesticks?start_ts=1766646300&end_ts=1766894400&period_interval=60
2025020592,away,0.48,0.47,0.48,2025-12-28T00:00:00Z,KXNHLGAME-25DEC27WSHNJ-WSH,close,historical,https://api.elections.kalshi.com/trade-api/v2/historical/markets/KXNHLGAME-25DEC27WSHNJ-WSH/candlesticks?start_ts=1766646300&end_ts=1766894400&period_interval=60
2025020593,home,0.62,0.61,0.62,2025-12-28T00:00:00Z,KXNHLGAME-25DEC27DETCAR-CAR,close,historical,https://api.elections.kalshi.com/trade-api/v2/historical/markets/KXNHLGAME-25DEC27DETCAR-CAR/candlesticks?start_ts=1766646300&end_ts=1766894400&period_interval=60
2025020593,away,0.39,0.38,0.39,2025-12-28T00:00:00Z,KXNHLGAME-25DEC27DETCAR-DET,close,historical,https://api.elections.kalshi.com/trade-api/v2/historical/markets/KXNHLGAME-25DEC27DETCAR-DET/candlesticks?start_ts=1766646300&end_ts=1766894400&period_interval=60
2025020594,away,0.51,0.5,0.51,2025-12-28T00:00:00Z,KXNHLGAME-25DEC27MINWPG-MIN,close,historical,https://api.elections.kalshi.com/trade-api/v2/historical/markets/KXNHLGAME-25DEC27MINWPG-MIN/candlesticks?start_ts=1766646300&end_ts=1766894400&period_interval=60
2025020594,home,0.5,0.49,0.5,2025-12-28T00:00:00Z,KXNHLGAME-25DEC27MINWPG-WPG,close,historical,https://api.elections.kalshi.com/trade-api/v2/historical/markets/KXNHLGAME-25DEC27MINWPG-WPG/candlesticks?start_ts=1766646300&end_ts=1766894400&period_interval=60
2025020595,away,0.5,0.49,0.5,2025-12-28T01:00:00Z,KXNHLGAME-25DEC27NSHSTL-NSH,close,historical,https://api.elections.kalshi.com/trade-api/v2/historical/markets/KXNHLGAME-25DEC27NSHSTL-NSH/candlesticks?start_ts=1766646300&end_ts=1766898000&period_interval=60
2025020595,home,0.51,0.5,0.51,2025-12-28T01:00:00Z,KXNHLGAME-25DEC27NSHSTL-STL,close,historical,https://api.elections.kalshi.com/trade-api/v2/historical/markets/KXNHLGAME-25DEC27NSHSTL-STL/candlesticks?start_ts=1766646300&end_ts=1766898000&period_interval=60
2025020596,away,0.25,0.23,0.25,2025-12-28T01:00:00Z,KXNHLGAME-25DEC27CHIDAL-CHI,close,historical,https://api.elections.kalshi.com/trade-api/v2/historical/markets/KXNHLGAME-25DEC27CHIDAL-CHI/candlesticks?start_ts=1766646300&end_ts=1766898000&period_interval=60
2025020596,home,0.76,0.75,0.76,2025-12-28T01:00:00Z,KXNHLGAME-25DEC27CHIDAL-DAL,close,historical,https://api.elections.kalshi.com/trade-api/v2/historical/markets/KXNHLGAME-25DEC27CHIDAL-DAL/candlesticks?start_ts=1766646300&end_ts=1766898000&period_interval=60
2025020597,away,0.47,0.45,0.47,2025-12-28T02:00:00Z,KXNHLGAME-25DEC27ANALA-ANA,close,historical,https://api.elections.kalshi.com/trade-api/v2/historical/markets/KXNHLGAME-25DEC27ANALA-ANA/candlesticks?start_ts=1766646300&end_ts=1766901600&period_interval=60
2025020597,home,0.55,0.54,0.55,2025-12-28T02:00:00Z,KXNHLGAME-25DEC27ANALA-LA,close,historical,https://api.elections.kalshi.com/trade-api/v2/historical/markets/KXNHLGAME-25DEC27ANALA-LA/candlesticks?start_ts=1766646300&end_ts=1766901600&period_interval=60
2025020598,home,0.43,0.42,0.43,2025-12-28T03:00:00Z,KXNHLGAME-25DEC27EDMCGY-CGY,close,historical,https://api.elections.kalshi.com/trade-api/v2/historical/markets/KXNHLGAME-25DEC27EDMCGY-CGY/candlesticks?start_ts=1766657100&end_ts=1766905200&period_interval=60
2025020598,away,0.58,0.57,0.58,2025-12-28T03:00:00Z,KXNHLGAME-25DEC27EDMCGY-EDM,close,historical,https://api.elections.kalshi.com/trade-api/v2/historical/markets/KXNHLGAME-25DEC27EDMCGY-EDM/candlesticks?start_ts=1766657100&end_ts=1766905200&period_interval=60
2025020599,away,0.44,0.43,0.44,2025-12-28T03:00:00Z,KXNHLGAME-25DEC27SJVAN-SJ,close,historical,https://api.elections.kalshi.com/trade-api/v2/historical/markets/KXNHLGAME-25DEC27SJVAN-SJ/candlesticks?start_ts=1766657100&end_ts=1766905200&period_interval=60
2025020599,home,0.57,0.56,0.57,2025-12-28T03:00:00Z,KXNHLGAME-25DEC27SJVAN-VAN,close,historical,https://api.elections.kalshi.com/trade-api/v2/historical/markets/KXNHLGAME-25DEC27SJVAN-VAN/candlesticks?start_ts=1766657100&end_ts=1766905200&period_interval=60
2025020600,away,0.6,0.59,0.6,2025-12-28T03:00:00Z,KXNHLGAME-25DEC27COLVGK-COL,close,historical,https://api.elections.kalshi.com/trade-api/v2/historical/markets/KXNHLGAME-25DEC27COLVGK-COL/candlesticks?start_ts=1766657100&end_ts=1766905200&period_interval=60
2025020600,home,0.42,0.41,0.42,2025-12-28T03:00:00Z,KXNHLGAME-25DEC27COLVGK-VGK,close,historical,https://api.elections.kalshi.com/trade-api/v2/historical/markets/KXNHLGAME-25DEC27COLVGK-VGK/candlesticks?start_ts=1766657100&end_ts=1766905200&period_interval=60
2025020601,home,0.56,0.55,0.56,2025-12-29T00:00:00Z,KXNHLGAME-25DEC28TORDET-DET,close,historical,https://api.elections.kalshi.com/trade-api/v2/historical/markets/KXNHLGAME-25DEC28TORDET-DET/candlesticks?start_ts=1766732700&end_ts=1766980800&period_interval=60
2025020601,away,0.46,0.45,0.46,2025-12-29T00:00:00Z,KXNHLGAME-25DEC28TORDET-TOR,close,historical,https://api.elections.kalshi.com/trade-api/v2/historical/markets/KXNHLGAME-25DEC28TORDET-TOR/candlesticks?start_ts=1766732700&end_ts=1766980800&period_interval=60
2025020602,away,0.44,0.43,0.43,2025-12-28T22:00:00Z,KXNHLGAME-25DEC28MTLTB-MTL,close,historical,https://api.elections.kalshi.com/trade-api/v2/historical/markets/KXNHLGAME-25DEC28MTLTB-MTL/candlesticks?start_ts=1766721900&end_ts=1766973600&period_interval=60
2025020602,home,0.57,0.56,0.57,2025-12-28T22:00:00Z,KXNHLGAME-25DEC28MTLTB-TB,close,historical,https://api.elections.kalshi.com/trade-api/v2/historical/markets/KXNHLGAME-25DEC28MTLTB-TB/candlesticks?start_ts=1766721900&end_ts=1766973600&period_interval=60
2025020603,home,0.56,0.55,0.56,2025-12-28T22:00:00Z,KXNHLGAME-25DEC28NYICBJ-CBJ,close,historical,https://api.elections.kalshi.com/trade-api/v2/historical/markets/KXNHLGAME-25DEC28NYICBJ-CBJ/candlesticks?start_ts=1766721900&end_ts=1766973600&period_interval=60
2025020603,away,0.44,0.43,0.44,2025-12-28T22:00:00Z,KXNHLGAME-25DEC28NYICBJ-NYI,close,historical,https://api.elections.kalshi.com/trade-api/v2/historical/markets/KXNHLGAME-25DEC28NYICBJ-NYI/candlesticks?start_ts=1766721900&end_ts=1766973600&period_interval=60
2025020604,home,0.42,0.41,0.42,2025-12-29T00:00:00Z,KXNHLGAME-25DEC28PITCHI-CHI,close,historical,https://api.elections.kalshi.com/trade-api/v2/historical/markets/KXNHLGAME-25DEC28PITCHI-CHI/candlesticks?start_ts=1766732700&end_ts=1766980800&period_interval=60
2025020604,away,0.59,0.58,0.59,2025-12-29T00:00:00Z,KXNHLGAME-25DEC28PITCHI-PIT,close,historical,https://api.elections.kalshi.com/trade-api/v2/historical/markets/KXNHLGAME-25DEC28PITCHI-PIT/candlesticks?start_ts=1766732700&end_ts=1766980800&period_interval=60
2025020605,away,0.58,0.57,0.58,2025-12-29T01:00:00Z,KXNHLGAME-25DEC28PHISEA-PHI,close,historical,https://api.elections.kalshi.com/trade-api/v2/historical/markets/KXNHLGAME-25DEC28PHISEA-PHI/candlesticks?start_ts=1766732760&end_ts=1766984400&period_interval=60
2025020605,home,0.43,0.42,0.43,2025-12-29T01:00:00Z,KXNHLGAME-25DEC28PHISEA-SEA,close,historical,https://api.elections.kalshi.com/trade-api/v2/historical/markets/KXNHLGAME-25DEC28PHISEA-SEA/candlesticks?start_ts=1766732760&end_ts=1766984400&period_interval=60
2025020606,away,0.35,0.34,0.34,2025-12-30T00:00:00Z,KXNHLGAME-25DEC29CBJOTT-CBJ,close,historical,https://api.elections.kalshi.com/trade-api/v2/historical/markets/KXNHLGAME-25DEC29CBJOTT-CBJ/candlesticks?start_ts=1766819160&end_ts=1767069000&period_interval=60
2025020606,home,0.66,0.65,0.66,2025-12-30T00:00:00Z,KXNHLGAME-25DEC29CBJOTT-OTT,close,historical,https://api.elections.kalshi.com/trade-api/v2/historical/markets/KXNHLGAME-25DEC29CBJOTT-OTT/candlesticks?start_ts=1766819160&end_ts=1767069000&period_interval=60
2025020607,home,0.55,0.53,0.55,2025-12-30T00:00:00Z,KXNHLGAME-25DEC29WSHFLA-FLA,close,historical,https://api.elections.kalshi.com/trade-api/v2/historical/markets/KXNHLGAME-25DEC29WSHFLA-FLA/candlesticks?start_ts=1766819160&end_ts=1767067200&period_interval=60
2025020607,away,0.47,0.46,0.47,2025-12-30T00:00:00Z,KXNHLGAME-25DEC29WSHFLA-WSH,close,historical,https://api.elections.kalshi.com/trade-api/v2/historical/markets/KXNHLGAME-25DEC29WSHFLA-WSH/candlesticks?start_ts=1766819160&end_ts=1767067200&period_interval=60
2025020608,home,0.63,0.62,0.63,2025-12-30T00:00:00Z,KXNHLGAME-25DEC29NYRCAR-CAR,close,historical,https://api.elections.kalshi.com/trade-api/v2/historical/markets/KXNHLGAME-25DEC29NYRCAR-CAR/candlesticks?start_ts=1766819160&end_ts=1767067200&period_interval=60
2025020608,away,0.38,0.37,0.38,2025-12-30T00:00:00Z,KXNHLGAME-25DEC29NYRCAR-NYR,close,historical,https://api.elections.kalshi.com/trade-api/v2/historical/markets/KXNHLGAME-25DEC29NYRCAR-NYR/candlesticks?start_ts=1766819160&end_ts=1767067200&period_interval=60
2025020609,away,0.51,0.5,0.51,2025-12-30T00:00:00Z,KXNHLGAME-25DEC29EDMWPG-EDM,close,historical,https://api.elections.kalshi.com/trade-api/v2/historical/markets/KXNHLGAME-25DEC29EDMWPG-EDM/candlesticks?start_ts=1766819160&end_ts=1767069000&period_interval=60
2025020609,home,0.51,0.5,0.51,2025-12-30T00:00:00Z,KXNHLGAME-25DEC29EDMWPG-WPG,close,historical,https://api.elections.kalshi.com/trade-api/v2/historical/markets/KXNHLGAME-25DEC29EDMWPG-WPG/candlesticks?start_ts=1766819160&end_ts=1767069000&period_interval=60
2025020610,away,0.53,0.52,0.53,2025-12-30T01:00:00Z,KXNHLGAME-25DEC29BUFSTL-BUF,close,historical,https://api.elections.kalshi.com/trade-api/v2/historical/markets/KXNHLGAME-25DEC29BUFSTL-BUF/candlesticks?start_ts=1766819160&end_ts=1767070800&period_interval=60
2025020610,home,0.48,0.47,0.48,2025-12-30T01:00:00Z,KXNHLGAME-25DEC29BUFSTL-STL,close,historical,https://api.elections.kalshi.com/trade-api/v2/historical/markets/KXNHLGAME-25DEC29BUFSTL-STL/candlesticks?start_ts=1766819160&end_ts=1767070800&period_interval=60
2025020611,home,0.68,0.67,0.68,2025-12-30T02:00:00Z,KXNHLGAME-25DEC29LACOL-COL,close,historical,https://api.elections.kalshi.com/trade-api/v2/historical/markets/KXNHLGAME-25DEC29LACOL-COL/candlesticks?start_ts=1766819160&end_ts=1767074400&period_interval=60
2025020611,away,0.34,0.33,0.32,2025-12-30T02:00:00Z,KXNHLGAME-25DEC29LACOL-LA,close,historical,https://api.elections.kalshi.com/trade-api/v2/historical/markets/KXNHLGAME-25DEC29LACOL-LA/candlesticks?start_ts=1766819160&end_ts=1767074400&period_interval=60
2025020612,away,0.44,0.43,0.44,2025-12-30T02:00:00Z,KXNHLGAME-25DEC29NSHUTA-NSH,close,historical,https://api.elections.kalshi.com/trade-api/v2/historical/markets/KXNHLGAME-25DEC29NSHUTA-NSH/candlesticks?start_ts=1766819160&end_ts=1767074400&period_interval=60
2025020612,home,0.57,0.56,0.57,2025-12-30T02:00:00Z,KXNHLGAME-25DEC29NSHUTA-UTA,close,historical,https://api.elections.kalshi.com/trade-api/v2/historical/markets/KXNHLGAME-25DEC29NSHUTA-UTA/candlesticks?start_ts=1766819160&end_ts=1767074400&period_interval=60
2025020613,away,0.47,0.46,0.47,2025-12-30T02:00:00Z,KXNHLGAME-25DEC29BOSCGY-BOS,close,historical,https://api.elections.kalshi.com/trade-api/v2/historical/markets/KXNHLGAME-25DEC29BOSCGY-BOS/candlesticks?start_ts=1766819160&end_ts=1767074400&period_interval=60
2025020613,home,0.54,0.53,0.54,2025-12-30T02:00:00Z,KXNHLGAME-25DEC29BOSCGY-CGY,close,historical,https://api.elections.kalshi.com/trade-api/v2/historical/markets/KXNHLGAME-25DEC29BOSCGY-CGY/candlesticks?start_ts=1766819160&end_ts=1767074400&period_interval=60
2025020614,away,0.51,0.5,0.51,2025-12-30T03:00:00Z,KXNHLGAME-25DEC29MINVGK-MIN,close,historical,https://api.elections.kalshi.com/trade-api/v2/historical/markets/KXNHLGAME-25DEC29MINVGK-MIN/candlesticks?start_ts=1766829960&end_ts=1767078000&period_interval=60
2025020614,home,0.5,0.49,0.5,2025-12-30T03:00:00Z,KXNHLGAME-25DEC29MINVGK-VGK,close,historical,https://api.elections.kalshi.com/trade-api/v2/historical/markets/KXNHLGAME-25DEC29MINVGK-VGK/candlesticks?start_ts=1766829960&end_ts=1767078000&period_interval=60
2025020615,home,0.6,0.59,0.6,2025-12-30T03:00:00Z,KXNHLGAME-25DEC29SJANA-ANA,close,historical,https://api.elections.kalshi.com/trade-api/v2/historical/markets/KXNHLGAME-25DEC29SJANA-ANA/candlesticks?start_ts=1766829960&end_ts=1767078000&period_interval=60
2025020615,away,0.41,0.4,0.41,2025-12-30T03:00:00Z,KXNHLGAME-25DEC29SJANA-SJ,close,historical,https://api.elections.kalshi.com/trade-api/v2/historical/markets/KXNHLGAME-25DEC29SJANA-SJ/candlesticks?start_ts=1766829960&end_ts=1767078000&period_interval=60
2025020616,home,0.48,0.46,0.48,2025-12-30T03:00:00Z,KXNHLGAME-25DEC29VANSEA-SEA,close,historical,https://api.elections.kalshi.com/trade-api/v2/historical/markets/KXNHLGAME-25DEC29VANSEA-SEA/candlesticks?start_ts=1766829960&end_ts=1767078000&period_interval=60
2025020616,away,0.54,0.53,0.53,2025-12-30T03:00:00Z,KXNHLGAME-25DEC29VANSEA-VAN,close,historical,https://api.elections.kalshi.com/trade-api/v2/historical/markets/KXNHLGAME-25DEC29VANSEA-VAN/candlesticks?start_ts=1766829960&end_ts=1767078000&period_interval=60
2025020617,away,0.57,0.56,0.57,2025-12-31T00:00:00Z,KXNHLGAME-25DEC30NJTOR-NJ,close,historical,https://api.elections.kalshi.com/trade-api/v2/historical/markets/KXNHLGAME-25DEC30NJTOR-NJ/candlesticks?start_ts=1766905560&end_ts=1767153600&period_interval=60
2025020617,home,0.45,0.44,0.45,2025-12-31T00:00:00Z,KXNHLGAME-25DEC30NJTOR-TOR,close,historical,https://api.elections.kalshi.com/trade-api/v2/historical/markets/KXNHLGAME-25DEC30NJTOR-TOR/candlesticks?start_ts=1766905560&end_ts=1767153600&period_interval=60
2025020618,home,0.53,0.52,0.53,2025-12-31T00:00:00Z,KXNHLGAME-25DEC30MTLFLA-FLA,close,historical,https://api.elections.kalshi.com/trade-api/v2/historical/markets/KXNHLGAME-25DEC30MTLFLA-FLA/candlesticks?start_ts=1766905560&end_ts=1767153600&period_interval=60
2025020618,away,0.47,0.46,0.47,2025-12-31T00:00:00Z,KXNHLGAME-25DEC30MTLFLA-MTL,close,historical,https://api.elections.kalshi.com/trade-api/v2/historical/markets/KXNHLGAME-25DEC30MTLFLA-MTL/candlesticks?start_ts=1766905560&end_ts=1767153600&period_interval=60
2025020619,away,0.56,0.55,0.56,2025-12-31T00:00:00Z,KXNHLGAME-25DEC30CARPIT-CAR,close,historical,https://api.elections.kalshi.com/trade-api/v2/historical/markets/KXNHLGAME-25DEC30CARPIT-CAR/candlesticks?start_ts=1766905560&end_ts=1767153600&period_interval=60
2025020619,home,0.46,0.45,0.46,2025-12-31T00:00:00Z,KXNHLGAME-25DEC30CARPIT-PIT,close,historical,https://api.elections.kalshi.com/trade-api/v2/historical/markets/KXNHLGAME-25DEC30CARPIT-PIT/candlesticks?start_ts=1766905560&end_ts=1767153600&period_interval=60
2025020620,home,0.44,0.43,0.44,2025-12-31T01:00:00Z,KXNHLGAME-25DEC30NYICHI-CHI,close,historical,https://api.elections.kalshi.com/trade-api/v2/historical/markets/KXNHLGAME-25DEC30NYICHI-CHI/candlesticks?start_ts=1766916360&end_ts=1767159000&period_interval=60
2025020620,away,0.57,0.56,0.57,2025-12-31T01:00:00Z,KXNHLGAME-25DEC30NYICHI-NYI,close,historical,https://api.elections.kalshi.com/trade-api/v2/historical/markets/KXNHLGAME-25DEC30NYICHI-NYI/candlesticks?start_ts=1766916360&end_ts=1767159000&period_interval=60
2025020621,away,0.59,0.58,0.59,2025-12-31T03:00:00Z,KXNHLGAME-25DEC30PHIVAN-PHI,close,historical,https://api.elections.kalshi.com/trade-api/v2/historical/markets/KXNHLGAME-25DEC30PHIVAN-PHI/candlesticks?start_ts=1766916360&end_ts=1767164400&period_interval=60
2025020621,home,0.42,0.41,0.42,2025-12-31T03:00:00Z,KXNHLGAME-25DEC30PHIVAN-VAN,close,historical,https://api.elections.kalshi.com/trade-api/v2/historical/markets/KXNHLGAME-25DEC30PHIVAN-VAN/candlesticks?start_ts=1766916360&end_ts=1767164400&period_interval=60
2025020622,away,0.45,0.44,0.45,2025-12-31T17:00:00Z,KXNHLGAME-25DEC31NYRWSH-NYR,close,historical,https://api.elections.kalshi.com/trade-api/v2/historical/markets/KXNHLGAME-25DEC31NYRWSH-NYR/candlesticks?start_ts=1766970360&end_ts=1767216600&period_interval=60
2025020622,home,0.57,0.55,0.57,2025-12-31T17:00:00Z,KXNHLGAME-25DEC31NYRWSH-WSH,close,historical,https://api.elections.kalshi.com/trade-api/v2/historical/markets/KXNHLGAME-25DEC31NYRWSH-WSH/candlesticks?start_ts=1766970360&end_ts=1767216600&period_interval=60
2025020623,away,0.39,0.38,0.39,2025-12-31T20:00:00Z,KXNHLGAME-25DEC31NSHVGK-NSH,close,historical,https://api.elections.kalshi.com/trade-api/v2/historical/markets/KXNHLGAME-25DEC31NSHVGK-NSH/candlesticks?start_ts=1766970360&end_ts=1767225600&period_interval=60
2025020623,home,0.62,0.61,0.62,2025-12-31T20:00:00Z,KXNHLGAME-25DEC31NSHVGK-VGK,close,historical,https://api.elections.kalshi.com/trade-api/v2/historical/markets/KXNHLGAME-25DEC31NSHVGK-VGK/candlesticks?start_ts=1766970360&end_ts=1767225600&period_interval=60
2025020624,home,0.41,0.4,0.41,2025-12-31T21:00:00Z,KXNHLGAME-25DEC31TBANA-ANA,close,historical,https://api.elections.kalshi.com/trade-api/v2/historical/markets/KXNHLGAME-25DEC31TBANA-ANA/candlesticks?start_ts=1766981160&end_ts=1767229281&period_interval=60
2025020624,away,0.61,0.6,0.61,2025-12-31T21:00:00Z,KXNHLGAME-25DEC31TBANA-TB,close,historical,https://api.elections.kalshi.com/trade-api/v2/historical/markets/KXNHLGAME-25DEC31TBANA-TB/candlesticks?start_ts=1766981160&end_ts=1767229281&period_interval=60
2025020625,away,0.62,0.61,0.62,2025-12-31T21:00:00Z,KXNHLGAME-25DEC31MINSJ-MIN,close,historical,https://api.elections.kalshi.com/trade-api/v2/historical/markets/KXNHLGAME-25DEC31MINSJ-MIN/candlesticks?start_ts=1766981160&end_ts=1767229200&period_interval=60
2025020625,home,0.4,0.39,0.4,2025-12-31T21:00:00Z,KXNHLGAME-25DEC31MINSJ-SJ,close,historical,https://api.elections.kalshi.com/trade-api/v2/historical/markets/KXNHLGAME-25DEC31MINSJ-SJ/candlesticks?start_ts=1766981160&end_ts=1767229200&period_interval=60
2025020626,home,0.48,0.47,0.48,2025-12-31T23:00:00Z,KXNHLGAME-25DEC31WPGDET-DET,close,historical,https://api.elections.kalshi.com/trade-api/v2/historical/markets/KXNHLGAME-25DEC31WPGDET-DET/candlesticks?start_ts=1767013560&end_ts=1767238200&period_interval=60
2025020626,away,0.54,0.52,0.52,2025-12-31T23:00:00Z,KXNHLGAME-25DEC31WPGDET-WPG,close,historical,https://api.elections.kalshi.com/trade-api/v2/historical/markets/KXNHLGAME-25DEC31WPGDET-WPG/candlesticks?start_ts=1767013560&end_ts=1767238200&period_interval=60
2025020627,home,0.53,0.52,0.53,2026-01-01T00:00:00Z,KXNHLGAME-25DEC31NJCBJ-CBJ,close,historical,https://api.elections.kalshi.com/trade-api/v2/historical/markets/KXNHLGAME-25DEC31NJCBJ-CBJ/candlesticks?start_ts=1767002760&end_ts=1767240000&period_interval=60
2025020627,away,0.48,0.47,0.48,2026-01-01T00:00:00Z,KXNHLGAME-25DEC31NJCBJ-NJ,close,historical,https://api.elections.kalshi.com/trade-api/v2/historical/markets/KXNHLGAME-25DEC31NJCBJ-NJ/candlesticks?start_ts=1767002760&end_ts=1767240000&period_interval=60
2025020628,away,0.42,0.41,0.42,2026-01-01T01:00:00Z,KXNHLGAME-25DEC31BUFDAL-BUF,close,historical,https://api.elections.kalshi.com/trade-api/v2/historical/markets/KXNHLGAME-25DEC31BUFDAL-BUF/candlesticks?start_ts=1766991960&end_ts=1767243600&period_interval=60
2025020628,home,0.59,0.58,0.59,2026-01-01T01:00:00Z,KXNHLGAME-25DEC31BUFDAL-DAL,close,historical,https://api.elections.kalshi.com/trade-api/v2/historical/markets/KXNHLGAME-25DEC31BUFDAL-DAL/candlesticks?start_ts=1766991960&end_ts=1767243600&period_interval=60
2025020629,home,0.77,0.76,0.77,2026-01-01T02:00:00Z,KXNHLGAME-25DEC31STLCOL-COL,close,historical,https://api.elections.kalshi.com/trade-api/v2/historical/markets/KXNHLGAME-25DEC31STLCOL-COL/candlesticks?start_ts=1767013560&end_ts=1767247200&period_interval=60
2025020629,away,0.25,0.24,0.24,2026-01-01T02:00:00Z,KXNHLGAME-25DEC31STLCOL-STL,close,historical,https://api.elections.kalshi.com/trade-api/v2/historical/markets/KXNHLGAME-25DEC31STLCOL-STL/candlesticks?start_ts=1767013560&end_ts=1767247200&period_interval=60
2025020630,home,0.57,0.56,0.57,2026-01-01T02:00:00Z,KXNHLGAME-25DEC31PHICGY-CGY,close,historical,https://api.elections.kalshi.com/trade-api/v2/historical/markets/KXNHLGAME-25DEC31PHICGY-CGY/candlesticks?start_ts=1767013560&end_ts=1767249000&period_interval=60
2025020630,away,0.46,0.44,0.46,2026-01-01T02:00:00Z,KXNHLGAME-25DEC31PHICGY-PHI,close,historical,https://api.elections.kalshi.com/trade-api/v2/historical/markets/KXNHLGAME-25DEC31PHICGY-PHI/candlesticks?start_ts=1767013560&end_ts=1767249000&period_interval=60
2025020631,away,0.38,0.37,0.38,2026-01-01T02:00:00Z,KXNHLGAME-25DEC31BOSEDM-BOS,close,historical,https://api.elections.kalshi.com/trade-api/v2/historical/markets/KXNHLGAME-25DEC31BOSEDM-BOS/candlesticks?start_ts=1767013560&end_ts=1767249000&period_interval=60
2025020631,home,0.63,0.62,0.63,2026-01-01T02:00:00Z,KXNHLGAME-25DEC31BOSEDM-EDM,close,historical,https://api.elections.kalshi.com/trade-api/v2/historical/markets/KXNHLGAME-25DEC31BOSEDM-EDM/candlesticks?start_ts=1767013560&end_ts=1767249000&period_interval=60
2025020632,home,0.58,0.57,0.57,2026-01-01T18:00:00Z,KXNHLGAME-26JAN01WSHOTT-OTT,close,historical,https://api.elections.kalshi.com/trade-api/v2/historical/markets/KXNHLGAME-26JAN01WSHOTT-OTT/candlesticks?start_ts=1767056760&end_ts=1767304800&period_interval=60
2025020632,away,0.44,0.43,0.44,2026-01-01T18:00:00Z,KXNHLGAME-26JAN01WSHOTT-WSH,close,historical,https://api.elections.kalshi.com/trade-api/v2/historical/markets/KXNHLGAME-26JAN01WSHOTT-WSH/candlesticks?start_ts=1767056760&end_ts=1767304800&period_interval=60
2025020633,home,0.48,0.47,0.48,2026-01-01T20:00:00Z,KXNHLGAME-26JAN01UTANYI-NYI,close,historical,https://api.elections.kalshi.com/trade-api/v2/historical/markets/KXNHLGAME-26JAN01UTANYI-NYI/candlesticks?start_ts=1767056760&end_ts=1767312000&period_interval=60
2025020633,away,0.54,0.53,0.54,2026-01-01T20:00:00Z,KXNHLGAME-26JAN01UTANYI-UTA,close,historical,https://api.elections.kalshi.com/trade-api/v2/historical/markets/KXNHLGAME-26JAN01UTANYI-UTA/candlesticks?start_ts=1767056760&end_ts=1767312000&period_interval=60
2025020634,home,0.55,0.54,0.55,2026-01-02T00:00:00Z,KXNHLGAME-26JAN01WPGTOR-TOR,close,historical,https://api.elections.kalshi.com/trade-api/v2/historical/markets/KXNHLGAME-26JAN01WPGTOR-TOR/candlesticks?start_ts=1767078360&end_ts=1767326400&period_interval=60
2025020634,away,0.46,0.45,0.46,2026-01-02T00:00:00Z,KXNHLGAME-26JAN01WPGTOR-WPG,close,historical,https://api.elections.kalshi.com/trade-api/v2/historical/markets/KXNHLGAME-26JAN01WPGTOR-WPG/candlesticks?start_ts=1767078360&end_ts=1767326400&period_interval=60
2025020635,away,0.46,0.45,0.46,2026-01-02T00:00:00Z,KXNHLGAME-26JAN01DETPIT-DET,close,historical,https://api.elections.kalshi.com/trade-api/v2/historical/markets/KXNHLGAME-26JAN01DETPIT-DET/candlesticks?start_ts=1767078360&end_ts=1767326400&period_interval=60
2025020635,home,0.56,0.54,0.55,2026-01-02T00:00:00Z,KXNHLGAME-26JAN01DETPIT-PIT,close,historical,https://api.elections.kalshi.com/trade-api/v2/historical/markets/KXNHLGAME-26JAN01DETPIT-PIT/candlesticks?start_ts=1767078360&end_ts=1767326400&period_interval=60
2025020636,home,0.6,0.59,0.6,2026-01-02T00:00:00Z,KXNHLGAME-26JAN01MTLCAR-CAR,close,historical,https://api.elections.kalshi.com/trade-api/v2/historical/markets/KXNHLGAME-26JAN01MTLCAR-CAR/candlesticks?start_ts=1767078360&end_ts=1767326400&period_interval=60
2025020636,away,0.41,0.4,0.41,2026-01-02T00:00:00Z,KXNHLGAME-26JAN01MTLCAR-MTL,close,historical,https://api.elections.kalshi.com/trade-api/v2/historical/markets/KXNHLGAME-26JAN01MTLCAR-MTL/candlesticks?start_ts=1767078360&end_ts=1767326400&period_interval=60
2025020637,home,0.38,0.37,0.38,2026-01-02T01:00:00Z,KXNHLGAME-26JAN01DALCHI-CHI,close,historical,https://api.elections.kalshi.com/trade-api/v2/historical/markets/KXNHLGAME-26JAN01DALCHI-CHI/candlesticks?start_ts=1767078360&end_ts=1767331800&period_interval=60
2025020637,away,0.63,0.62,0.63,2026-01-02T01:00:00Z,KXNHLGAME-26JAN01DALCHI-DAL,close,historical,https://api.elections.kalshi.com/trade-api/v2/historical/markets/KXNHLGAME-26JAN01DALCHI-DAL/candlesticks?start_ts=1767078360&end_ts=1767331800&period_interval=60
2025020638,away,0.53,0.52,0.53,2026-01-02T03:00:00Z,KXNHLGAME-26JAN01NSHSEA-NSH,close,historical,https://api.elections.kalshi.com/trade-api/v2/historical/markets/KXNHLGAME-26JAN01NSHSEA-NSH/candlesticks?start_ts=1767089160&end_ts=1767337200&period_interval=60
2025020638,home,0.49,0.48,0.49,2026-01-02T03:00:00Z,KXNHLGAME-26JAN01NSHSEA-SEA,close,historical,https://api.elections.kalshi.com/trade-api/v2/historical/markets/KXNHLGAME-26JAN01NSHSEA-SEA/candlesticks?start_ts=1767089160&end_ts=1767337200&period_interval=60
2025020639,home,0.54,0.53,0.54,2026-01-02T00:00:00Z,KXNHLGAME-26JAN01TBLA-LA,close,historical,https://api.elections.kalshi.com/trade-api/v2/historical/markets/KXNHLGAME-26JAN01TBLA-LA/candlesticks?start_ts=1767078360&end_ts=1767326400&period_interval=60
2025020639,away,0.48,0.47,0.48,2026-01-02T00:00:00Z,KXNHLGAME-26JAN01TBLA-TB,close,historical,https://api.elections.kalshi.com/trade-api/v2/historical/markets/KXNHLGAME-26JAN01TBLA-TB/candlesticks?start_ts=1767078360&end_ts=1767326400&period_interval=60
2025020640,home,0.42,0.41,0.42,2026-01-02T20:00:00Z,KXNHLGAME-26JAN02VGKSTL-STL,close,historical,https://api.elections.kalshi.com/trade-api/v2/historical/markets/KXNHLGAME-26JAN02VGKSTL-STL/candlesticks?start_ts=1767143160&end_ts=1767398400&period_interval=60
2025020640,away,0.59,0.57,0.59,2026-01-02T20:00:00Z,KXNHLGAME-26JAN02VGKSTL-VGK,close,historical,https://api.elections.kalshi.com/trade-api/v2/historical/markets/KXNHLGAME-26JAN02VGKSTL-VGK/candlesticks?start_ts=1767143160&end_ts=1767398400&period_interval=60
2025020641,home,0.58,0.57,0.58,2026-01-03T01:00:00Z,KXNHLGAME-26JAN02NYRFLA-FLA,close,historical,https://api.elections.kalshi.com/trade-api/v2/historical/markets/KXNHLGAME-26JAN02NYRFLA-FLA/candlesticks?start_ts=1767164760&end_ts=1767416400&period_interval=60
2025020641,away,0.43,0.42,0.43,2026-01-03T01:00:00Z,KXNHLGAME-26JAN02NYRFLA-NYR,close,historical,https://api.elections.kalshi.com/trade-api/v2/historical/markets/KXNHLGAME-26JAN02NYRFLA-NYR/candlesticks?start_ts=1767164760&end_ts=1767416400&period_interval=60
2025020642,away,0.45,0.44,0.45,2026-01-03T03:00:00Z,KXNHLGAME-26JAN02SEAVAN-SEA,close,historical,https://api.elections.kalshi.com/trade-api/v2/historical/markets/KXNHLGAME-26JAN02SEAVAN-SEA/candlesticks?start_ts=1767175560&end_ts=1767425400&period_interval=60
2025020642,home,0.57,0.56,0.57,2026-01-03T03:00:00Z,KXNHLGAME-26JAN02SEAVAN-VAN,close,historical,https://api.elections.kalshi.com/trade-api/v2/historical/markets/KXNHLGAME-26JAN02SEAVAN-VAN/candlesticks?start_ts=1767175560&end_ts=1767425400&period_interval=60
2025020643,home,0.45,0.44,0.45,2026-01-03T03:00:00Z,KXNHLGAME-26JAN02MINANA-ANA,close,historical,https://api.elections.kalshi.com/trade-api/v2/historical/markets/KXNHLGAME-26JAN02MINANA-ANA/candlesticks?start_ts=1767175560&end_ts=1767425400&period_interval=60
2025020643,away,0.56,0.54,0.56,2026-01-03T03:00:00Z,KXNHLGAME-26JAN02MINANA-MIN,close,historical,https://api.elections.kalshi.com/trade-api/v2/historical/markets/KXNHLGAME-26JAN02MINANA-MIN/candlesticks?start_ts=1767175560&end_ts=1767425400&period_interval=60
2025020644,home,0.55,0.54,0.55,2026-01-03T17:00:00Z,KXNHLGAME-26JAN03PITDET-DET,close,historical,https://api.elections.kalshi.com/trade-api/v2/historical/markets/KXNHLGAME-26JAN03PITDET-DET/candlesticks?start_ts=1767240360&end_ts=1767474000&period_interval=60
2025020644,away,0.46,0.45,0.46,2026-01-03T17:00:00Z,KXNHLGAME-26JAN03PITDET-PIT,close,historical,https://api.elections.kalshi.com/trade-api/v2/historical/markets/KXNHLGAME-26JAN03PITDET-PIT/candlesticks?start_ts=1767240360&end_ts=1767474000&period_interval=60
2025020645,home,0.52,0.5,0.52,2026-01-03T20:00:00Z,KXNHLGAME-26JAN03UTANJ-NJ,close,historical,https://api.elections.kalshi.com/trade-api/v2/historical/markets/KXNHLGAME-26JAN03UTANJ-NJ/candlesticks?start_ts=1767229560&end_ts=1767484800&period_interval=60
2025020645,away,0.49,0.48,0.49,2026-01-03T20:00:00Z,KXNHLGAME-26JAN03UTANJ-UTA,close,historical,https://api.elections.kalshi.com/trade-api/v2/historical/markets/KXNHLGAME-26JAN03UTANJ-UTA/candlesticks?start_ts=1767229560&end_ts=1767484800&period_interval=60
2025020646,away,0.51,0.5,0.51,2026-01-03T20:00:00Z,KXNHLGAME-26JAN03BUFCBJ-BUF,close,historical,https://api.elections.kalshi.com/trade-api/v2/historical/markets/KXNHLGAME-26JAN03BUFCBJ-BUF/candlesticks?start_ts=1767240360&end_ts=1767484800&period_interval=60
2025020646,home,0.5,0.49,0.5,2026-01-03T20:00:00Z,KXNHLGAME-26JAN03BUFCBJ-CBJ,close,historical,https://api.elections.kalshi.com/trade-api/v2/historical/markets/KXNHLGAME-26JAN03BUFCBJ-CBJ/candlesticks?start_ts=1767240360&end_ts=1767484800&period_interval=60
2025020647,home,0.59,0.58,0.59,2026-01-03T20:00:00Z,KXNHLGAME-26JAN03PHIEDM-EDM,close,historical,https://api.elections.kalshi.com/trade-api/v2/historical/markets/KXNHLGAME-26JAN03PHIEDM-EDM/candlesticks?start_ts=1767240360&end_ts=1767486600&period_interval=60
2025020647,away,0.42,0.41,0.42,2026-01-03T20:00:00Z,KXNHLGAME-26JAN03PHIEDM-PHI,close,historical,https://api.elections.kalshi.com/trade-api/v2/historical/markets/KXNHLGAME-26JAN03PHIEDM-PHI/candlesticks?start_ts=1767240360&end_ts=1767486600&period_interval=60
2025020648,away,0.6,0.59,0.6,2026-01-03T21:00:00Z,KXNHLGAME-26JAN03MTLSTL-MTL,close,historical,https://api.elections.kalshi.com/trade-api/v2/historical/markets/KXNHLGAME-26JAN03MTLSTL-MTL/candlesticks?start_ts=1767240360&end_ts=1767488400&period_interval=60
2025020648,home,0.41,0.4,0.41,2026-01-03T21:00:00Z,KXNHLGAME-26JAN03MTLSTL-STL,close,historical,https://api.elections.kalshi.com/trade-api/v2/historical/markets/KXNHLGAME-26JAN03MTLSTL-STL/candlesticks?start_ts=1767240360&end_ts=1767488400&period_interval=60
2025020649,home,0.35,0.34,0.35,2026-01-03T21:00:00Z,KXNHLGAME-26JAN03TBSJ-SJ,close,historical,https://api.elections.kalshi.com/trade-api/v2/historical/markets/KXNHLGAME-26JAN03TBSJ-SJ/candlesticks?start_ts=1767240360&end_ts=1767495916&period_interval=60
2025020649,away,0.66,0.65,0.66,2026-01-03T21:00:00Z,KXNHLGAME-26JAN03TBSJ-TB,close,historical,https://api.elections.kalshi.com/trade-api/v2/historical/markets/KXNHLGAME-26JAN03TBSJ-TB/candlesticks?start_ts=1767240360&end_ts=1767495916&period_interval=60
2025020650,home,0.54,0.53,0.54,2026-01-04T00:00:00Z,KXNHLGAME-26JAN03WPGOTT-OTT,close,historical,https://api.elections.kalshi.com/trade-api/v2/historical/markets/KXNHLGAME-26JAN03WPGOTT-OTT/candlesticks?start_ts=1767251160&end_ts=1767499200&period_interval=60
2025020650,away,0.47,0.46,0.46,2026-01-04T00:00:00Z,KXNHLGAME-26JAN03WPGOTT-WPG,close,historical,https://api.elections.kalshi.com/trade-api/v2/historical/markets/KXNHLGAME-26JAN03WPGOTT-WPG/candlesticks?start_ts=1767251160&end_ts=1767499200&period_interval=60
2025020651,home,0.49,0.48,0.49,2026-01-04T00:00:00Z,KXNHLGAME-26JAN03TORNYI-NYI,close,historical,https://api.elections.kalshi.com/trade-api/v2/historical/markets/KXNHLGAME-26JAN03TORNYI-NYI/candlesticks?start_ts=1767251160&end_ts=1767499200&period_interval=60
2025020651,away,0.52,0.51,0.52,2026-01-04T00:00:00Z,KXNHLGAME-26JAN03TORNYI-TOR,close,historical,https://api.elections.kalshi.com/trade-api/v2/historical/markets/KXNHLGAME-26JAN03TORNYI-TOR/candlesticks?start_ts=1767251160&end_ts=1767499200&period_interval=60
2025020652,away,0.31,0.3,0.31,2026-01-04T00:00:00Z,KXNHLGAME-26JAN03CHIWSH-CHI,close,historical,https://api.elections.kalshi.com/trade-api/v2/historical/markets/KXNHLGAME-26JAN03CHIWSH-CHI/candlesticks?start_ts=1767251160&end_ts=1767499200&period_interval=60
2025020652,home,0.69,0.68,0.69,2026-01-04T00:00:00Z,KXNHLGAME-26JAN03CHIWSH-WSH,close,historical,https://api.elections.kalshi.com/trade-api/v2/historical/markets/KXNHLGAME-26JAN03CHIWSH-WSH/candlesticks?start_ts=1767251160&end_ts=1767499200&period_interval=60
2025020653,home,0.44,0.43,0.44,2026-01-04T00:00:00Z,KXNHLGAME-26JAN03COLCAR-CAR,close,historical,https://api.elections.kalshi.com/trade-api/v2/historical/markets/KXNHLGAME-26JAN03COLCAR-CAR/candlesticks?start_ts=1767251160&end_ts=1767499200&period_interval=60
2025020653,away,0.57,0.56,0.57,2026-01-04T00:00:00Z,KXNHLGAME-26JAN03COLCAR-COL,close,historical,https://api.elections.kalshi.com/trade-api/v2/historical/markets/KXNHLGAME-26JAN03COLCAR-COL/candlesticks?start_ts=1767251160&end_ts=1767499200&period_interval=60
2025020654,home,0.52,0.51,0.52,2026-01-04T00:00:00Z,KXNHLGAME-26JAN03NSHCGY-CGY,close,historical,https://api.elections.kalshi.com/trade-api/v2/historical/markets/KXNHLGAME-26JAN03NSHCGY-CGY/candlesticks?start_ts=1767251160&end_ts=1767499200&period_interval=60
2025020654,away,0.5,0.49,0.5,2026-01-04T00:00:00Z,KXNHLGAME-26JAN03NSHCGY-NSH,close,historical,https://api.elections.kalshi.com/trade-api/v2/historical/markets/KXNHLGAME-26JAN03NSHCGY-NSH/candlesticks?start_ts=1767251160&end_ts=1767499200&period_interval=60
2025020655,home,0.55,0.53,0.54,2026-01-04T02:00:00Z,KXNHLGAME-26JAN03MINLA-LA,close,historical,https://api.elections.kalshi.com/trade-api/v2/historical/markets/KXNHLGAME-26JAN03MINLA-LA/candlesticks?start_ts=1767251160&end_ts=1767506400&period_interval=60
2025020655,away,0.46,0.45,0.46,2026-01-04T02:00:00Z,KXNHLGAME-26JAN03MINLA-MIN,close,historical,https://api.elections.kalshi.com/trade-api/v2/historical/markets/KXNHLGAME-26JAN03MINLA-MIN/candlesticks?start_ts=1767251160&end_ts=1767506400&period_interval=60
2025020656,away,0.57,0.56,0.57,2026-01-04T03:00:00Z,KXNHLGAME-26JAN03BOSVAN-BOS,close,historical,https://api.elections.kalshi.com/trade-api/v2/historical/markets/KXNHLGAME-26JAN03BOSVAN-BOS/candlesticks?start_ts=1767261960&end_ts=1767510000&period_interval=60
2025020656,home,0.44,0.43,0.44,2026-01-04T03:00:00Z,KXNHLGAME-26JAN03BOSVAN-VAN,close,historical,https://api.elections.kalshi.com/trade-api/v2/historical/markets/KXNHLGAME-26JAN03BOSVAN-VAN/candlesticks?start_ts=1767261960&end_ts=1767510000&period_interval=60
2025020657,home,0.64,0.62,0.64,2026-01-04T19:00:00Z,KXNHLGAME-26JAN04MTLDAL-DAL,close,historical,https://api.elections.kalshi.com/trade-api/v2/historical/markets/KXNHLGAME-26JAN04MTLDAL-DAL/candlesticks?start_ts=1767315960&end_ts=1767567600&period_interval=60
2025020657,away,0.38,0.37,0.38,2026-01-04T19:00:00Z,KXNHLGAME-26JAN04MTLDAL-MTL,close,historical,https://api.elections.kalshi.com/trade-api/v2/historical/markets/KXNHLGAME-26JAN04MTLDAL-MTL/candlesticks?start_ts=1767315960&end_ts=1767567600&period_interval=60
2025020658,home,0.55,0.54,0.55,2026-01-04T20:00:00Z,KXNHLGAME-26JAN04PITCBJ-CBJ,close,historical,https://api.elections.kalshi.com/trade-api/v2/historical/markets/KXNHLGAME-26JAN04PITCBJ-CBJ/candlesticks?start_ts=1767315960&end_ts=1767571200&period_interval=60
2025020658,away,0.46,0.45,0.46,2026-01-04T20:00:00Z,KXNHLGAME-26JAN04PITCBJ-PIT,close,historical,https://api.elections.kalshi.com/trade-api/v2/historical/markets/KXNHLGAME-26JAN04PITCBJ-PIT/candlesticks?start_ts=1767315960&end_ts=1767571200&period_interval=60
2025020659,away,0.57,0.56,0.57,2026-01-04T22:00:00Z,KXNHLGAME-26JAN04COLFLA-COL,close,historical,https://api.elections.kalshi.com/trade-api/v2/historical/markets/KXNHLGAME-26JAN04COLFLA-COL/candlesticks?start_ts=1767326760&end_ts=1767578400&period_interval=60
2025020659,home,0.43,0.42,0.43,2026-01-04T22:00:00Z,KXNHLGAME-26JAN04COLFLA-FLA,close,historical,https://api.elections.kalshi.com/trade-api/v2/historical/markets/KXNHLGAME-26JAN04COLFLA-FLA/candlesticks?start_ts=1767326760&end_ts=1767578400&period_interval=60
2025020660,away,0.54,0.53,0.54,2026-01-05T00:00:00Z,KXNHLGAME-26JAN04CARNJ-CAR,close,historical,https://api.elections.kalshi.com/trade-api/v2/historical/markets/KXNHLGAME-26JAN04CARNJ-CAR/candlesticks?start_ts=1767348360&end_ts=1767585600&period_interval=60
2025020660,home,0.47,0.46,0.47,2026-01-05T00:00:00Z,KXNHLGAME-26JAN04CARNJ-NJ,close,historical,https://api.elections.kalshi.com/trade-api/v2/historical/markets/KXNHLGAME-26JAN04CARNJ-NJ/candlesticks?start_ts=1767348360&end_ts=1767585600&period_interval=60
2025020661,home,0.31,0.3,0.31,2026-01-05T00:00:00Z,KXNHLGAME-26JAN04VGKCHI-CHI,close,historical,https://api.elections.kalshi.com/trade-api/v2/historical/markets/KXNHLGAME-26JAN04VGKCHI-CHI/candlesticks?start_ts=1767348360&end_ts=1767585600&period_interval=60
2025020661,away,0.71,0.7,0.7,2026-01-05T00:00:00Z,KXNHLGAME-26JAN04VGKCHI-VGK,close,historical,https://api.elections.kalshi.com/trade-api/v2/historical/markets/KXNHLGAME-26JAN04VGKCHI-VGK/candlesticks?start_ts=1767348360&end_ts=1767585600&period_interval=60
2025020662,home,0.49,0.48,0.49,2026-01-06T00:00:00Z,KXNHLGAME-26JAN05UTANYR-NYR,close,historical,https://api.elections.kalshi.com/trade-api/v2/historical/markets/KXNHLGAME-26JAN05UTANYR-NYR/candlesticks?start_ts=1767423960&end_ts=1767672000&period_interval=60
2025020662,away,0.52,0.51,0.52,2026-01-06T00:00:00Z,KXNHLGAME-26JAN05UTANYR-UTA,close,historical,https://api.elections.kalshi.com/trade-api/v2/historical/markets/KXNHLGAME-26JAN05UTANYR-UTA/candlesticks?start_ts=1767423960&end_ts=1767672000&period_interval=60
2025020663,away,0.46,0.45,0.46,2026-01-06T00:00:00Z,KXNHLGAME-26JAN05ANAWSH-ANA,close,historical,https://api.elections.kalshi.com/trade-api/v2/historical/markets/KXNHLGAME-26JAN05ANAWSH-ANA/candlesticks?start_ts=1767423960&end_ts=1767672000&period_interval=60
2025020663,home,0.56,0.55,0.56,2026-01-06T00:00:00Z,KXNHLGAME-26JAN05ANAWSH-WSH,close,historical,https://api.elections.kalshi.com/trade-api/v2/historical/markets/KXNHLGAME-26JAN05ANAWSH-WSH/candlesticks?start_ts=1767423960&end_ts=1767672000&period_interval=60
2025020664,away,0.42,0.41,0.42,2026-01-06T00:00:00Z,KXNHLGAME-26JAN05DETOTT-DET,close,historical,https://api.elections.kalshi.com/trade-api/v2/historical/markets/KXNHLGAME-26JAN05DETOTT-DET/candlesticks?start_ts=1767423960&end_ts=1767673800&period_interval=60
2025020664,home,0.59,0.58,0.59,2026-01-06T00:00:00Z,KXNHLGAME-26JAN05DETOTT-OTT,close,historical,https://api.elections.kalshi.com/trade-api/v2/historical/markets/KXNHLGAME-26JAN05DETOTT-OTT/candlesticks?start_ts=1767423960&end_ts=1767673800&period_interval=60
2025020665,home,0.57,0.56,0.57,2026-01-06T02:00:00Z,KXNHLGAME-26JAN05SEACGY-CGY,close,historical,https://api.elections.kalshi.com/trade-api/v2/historical/markets/KXNHLGAME-26JAN05SEACGY-CGY/candlesticks?start_ts=1767445560&end_ts=1767681000&period_interval=60
2025020665,away,0.44,0.43,0.44,2026-01-06T02:00:00Z,KXNHLGAME-26JAN05SEACGY-SEA,close,historical,https://api.elections.kalshi.com/trade-api/v2/historical/markets/KXNHLGAME-26JAN05SEACGY-SEA/candlesticks?start_ts=1767445560&end_ts=1767681000&period_interval=60
2025020666,home,0.47,0.46,0.46,2026-01-06T03:00:00Z,KXNHLGAME-26JAN05MINLA-LA,close,historical,https://api.elections.kalshi.com/trade-api/v2/historical/markets/KXNHLGAME-26JAN05MINLA-LA/candlesticks?start_ts=1767445560&end_ts=1767684600&period_interval=60
2025020666,away,0.54,0.52,0.54,2026-01-06T03:00:00Z,KXNHLGAME-26JAN05MINLA-MIN,close,historical,https://api.elections.kalshi.com/trade-api/v2/historical/markets/KXNHLGAME-26JAN05MINLA-MIN/candlesticks?start_ts=1767445560&end_ts=1767684600&period_interval=60
2025020667,home,0.61,0.6,0.61,2026-01-07T00:00:00Z,KXNHLGAME-26JAN06VANBUF-BUF,close,historical,https://api.elections.kalshi.com/trade-api/v2/historical/markets/KXNHLGAME-26JAN06VANBUF-BUF/candlesticks?start_ts=1767510360&end_ts=1767758400&period_interval=60
2025020667,away,0.4,0.39,0.4,2026-01-07T00:00:00Z,KXNHLGAME-26JAN06VANBUF-VAN,close,historical,https://api.elections.kalshi.com/trade-api/v2/historical/markets/KXNHLGAME-26JAN06VANBUF-VAN/candlesticks?start_ts=1767510360&end_ts=1767758400&period_interval=60
2025020668,away,0.52,0.51,0.52,2026-01-07T00:00:00Z,KXNHLGAME-26JAN06COLTB-COL,close,historical,https://api.elections.kalshi.com/trade-api/v2/historical/markets/KXNHLGAME-26JAN06COLTB-COL/candlesticks?start_ts=1767510360&end_ts=1767758400&period_interval=60
2025020668,home,0.5,0.49,0.5,2026-01-07T00:00:00Z,KXNHLGAME-26JAN06COLTB-TB,close,historical,https://api.elections.kalshi.com/trade-api/v2/historical/markets/KXNHLGAME-26JAN06COLTB-TB/candlesticks?start_ts=1767510360&end_ts=1767758400&period_interval=60
2025020669,away,0.51,0.5,0.51,2026-01-07T00:00:00Z,KXNHLGAME-26JAN06NJNYI-NJ,close,historical,https://api.elections.kalshi.com/trade-api/v2/historical/markets/KXNHLGAME-26JAN06NJNYI-NJ/candlesticks?start_ts=1767510360&end_ts=1767760200&period_interval=60
2025020669,home,0.5,0.49,0.5,2026-01-07T00:00:00Z,KXNHLGAME-26JAN06NJNYI-NYI,close,historical,https://api.elections.kalshi.com/trade-api/v2/historical/markets/KXNHLGAME-26JAN06NJNYI-NYI/candlesticks?start_ts=1767510360&end_ts=1767760200&period_interval=60
2025020670,away,0.44,0.42,0.44,2026-01-07T00:00:00Z,KXNHLGAME-26JAN06ANAPHI-ANA,close,historical,https://api.elections.kalshi.com/trade-api/v2/historical/markets/KXNHLGAME-26JAN06ANAPHI-ANA/candlesticks?start_ts=1767510360&end_ts=1767758428&period_interval=60
2025020670,home,0.58,0.56,0.58,2026-01-07T00:00:00Z,KXNHLGAME-26JAN06ANAPHI-PHI,close,historical,https://api.elections.kalshi.com/trade-api/v2/historical/markets/KXNHLGAME-26JAN06ANAPHI-PHI/candlesticks?start_ts=1767510360&end_ts=1767758428&period_interval=60
2025020671,home,0.56,0.55,0.56,2026-01-07T00:00:00Z,KXNHLGAME-26JAN06DALCAR-CAR,close,historical,https://api.elections.kalshi.com/trade-api/v2/historical/markets/KXNHLGAME-26JAN06DALCAR-CAR/candlesticks?start_ts=1767510300&end_ts=1767758400&period_interval=60
2025020671,away,0.45,0.44,0.44,2026-01-07T00:00:00Z,KXNHLGAME-26JAN06DALCAR-DAL,close,historical,https://api.elections.kalshi.com/trade-api/v2/historical/markets/KXNHLGAME-26JAN06DALCAR-DAL/candlesticks?start_ts=1767510300&end_ts=1767758400&period_interval=60
2025020672,away,0.55,0.54,0.55,2026-01-07T00:00:00Z,KXNHLGAME-26JAN06FLATOR-FLA,close,historical,https://api.elections.kalshi.com/trade-api/v2/historical/markets/KXNHLGAME-26JAN06FLATOR-FLA/candlesticks?start_ts=1767510360&end_ts=1767760200&period_interval=60
2025020672,home,0.46,0.45,0.46,2026-01-07T00:00:00Z,KXNHLGAME-26JAN06FLATOR-TOR,close,historical,https://api.elections.kalshi.com/trade-api/v2/historical/markets/KXNHLGAME-26JAN06FLATOR-TOR/candlesticks?start_ts=1767510360&end_ts=1767760200&period_interval=60
2025020673,away,0.5,0.48,0.5,2026-01-07T01:00:00Z,KXNHLGAME-26JAN06VGKWPG-VGK,close,historical,https://api.elections.kalshi.com/trade-api/v2/historical/markets/KXNHLGAME-26JAN06VGKWPG-VGK/candlesticks?start_ts=1767510360&end_ts=1767762000&period_interval=60
2025020673,home,0.52,0.5,0.52,2026-01-07T01:00:00Z,KXNHLGAME-26JAN06VGKWPG-WPG,close,historical,https://api.elections.kalshi.com/trade-api/v2/historical/markets/KXNHLGAME-26JAN06VGKWPG-WPG/candlesticks?start_ts=1767510360&end_ts=1767762000&period_interval=60
2025020674,home,0.57,0.56,0.57,2026-01-07T02:00:00Z,KXNHLGAME-26JAN06NSHEDM-EDM,close,historical,https://api.elections.kalshi.com/trade-api/v2/historical/markets/KXNHLGAME-26JAN06NSHEDM-EDM/candlesticks?start_ts=1767510360&end_ts=1767765600&period_interval=60
2025020674,away,0.44,0.43,0.44,2026-01-07T02:00:00Z,KXNHLGAME-26JAN06NSHEDM-NSH,close,historical,https://api.elections.kalshi.com/trade-api/v2/historical/markets/KXNHLGAME-26JAN06NSHEDM-NSH/candlesticks?start_ts=1767510360&end_ts=1767765600&period_interval=60
2025020675,away,0.57,0.55,0.57,2026-01-07T03:00:00Z,KXNHLGAME-26JAN06CBJSJ-CBJ,close,historical,https://api.elections.kalshi.com/trade-api/v2/historical/markets/KXNHLGAME-26JAN06CBJSJ-CBJ/candlesticks?start_ts=1767521160&end_ts=1767769200&period_interval=60
2025020675,home,0.45,0.44,0.45,2026-01-07T03:00:00Z,KXNHLGAME-26JAN06CBJSJ-SJ,close,historical,https://api.elections.kalshi.com/trade-api/v2/historical/markets/KXNHLGAME-26JAN06CBJSJ-SJ/candlesticks?start_ts=1767521160&end_ts=1767769200&period_interval=60
2025020676,away,0.54,0.53,0.54,2026-01-07T03:00:00Z,KXNHLGAME-26JAN06BOSSEA-BOS,close,historical,https://api.elections.kalshi.com/trade-api/v2/historical/markets/KXNHLGAME-26JAN06BOSSEA-BOS/candlesticks?start_ts=1767521160&end_ts=1767769200&period_interval=60
2025020676,home,0.48,0.47,0.48,2026-01-07T03:00:00Z,KXNHLGAME-26JAN06BOSSEA-SEA,close,historical,https://api.elections.kalshi.com/trade-api/v2/historical/markets/KXNHLGAME-26JAN06BOSSEA-SEA/candlesticks?start_ts=1767521160&end_ts=1767769200&period_interval=60
2025020677,away,0.49,0.47,0.49,2026-01-08T00:00:00Z,KXNHLGAME-26JAN07DALWSH-DAL,close,historical,https://api.elections.kalshi.com/trade-api/v2/historical/markets/KXNHLGAME-26JAN07DALWSH-DAL/candlesticks?start_ts=1767596700&end_ts=1767844800&period_interval=60
2025020677,home,0.52,0.51,0.52,2026-01-08T00:00:00Z,KXNHLGAME-26JAN07DALWSH-WSH,close,historical,https://api.elections.kalshi.com/trade-api/v2/historical/markets/KXNHLGAME-26JAN07DALWSH-WSH/candlesticks?start_ts=1767596700&end_ts=1767844800&period_interval=60
2025020678,away,0.43,0.42,0.43,2026-01-08T00:00:00Z,KXNHLGAME-26JAN07CGYMTL-CGY,close,historical,https://api.elections.kalshi.com/trade-api/v2/historical/markets/KXNHLGAME-26JAN07CGYMTL-CGY/candlesticks?start_ts=1767596760&end_ts=1767846600&period_interval=60
2025020678,home,0.58,0.57,0.58,2026-01-08T00:00:00Z,KXNHLGAME-26JAN07CGYMTL-MTL,close,historical,https://api.elections.kalshi.com/trade-api/v2/historical/markets/KXNHLGAME-26JAN07CGYMTL-MTL/candlesticks?start_ts=1767596760&end_ts=1767846600&period_interval=60
2025020679,home,0.48,0.47,0.48,2026-01-08T02:00:00Z,KXNHLGAME-26JAN07STLCHI-CHI,close,historical,https://api.elections.kalshi.com/trade-api/v2/historical/markets/KXNHLGAME-26JAN07STLCHI-CHI/candlesticks?start_ts=1767607560&end_ts=1767853800&period_interval=60
2025020679,away,0.52,0.51,0.52,2026-01-08T02:00:00Z,KXNHLGAME-26JAN07STLCHI-STL,close,historical,https://api.elections.kalshi.com/trade-api/v2/historical/markets/KXNHLGAME-26JAN07STLCHI-STL/candlesticks?start_ts=1767607560&end_ts=1767853800&period_interval=60
2025020680,away,0.49,0.47,0.49,2026-01-08T02:00:00Z,KXNHLGAME-26JAN07OTTUTA-OTT,close,historical,https://api.elections.kalshi.com/trade-api/v2/historical/markets/KXNHLGAME-26JAN07OTTUTA-OTT/candlesticks?start_ts=1767607560&end_ts=1767853800&period_interval=60
2025020680,home,0.52,0.51,0.52,2026-01-08T02:00:00Z,KXNHLGAME-26JAN07OTTUTA-UTA,close,historical,https://api.elections.kalshi.com/trade-api/v2/historical/markets/KXNHLGAME-26JAN07OTTUTA-UTA/candlesticks?start_ts=1767607560&end_ts=1767853800&period_interval=60
2025020681,home,0.68,0.67,0.68,2026-01-08T03:00:00Z,KXNHLGAME-26JAN07SJLA-LA,close,historical,https://api.elections.kalshi.com/trade-api/v2/historical/markets/KXNHLGAME-26JAN07SJLA-LA/candlesticks?start_ts=1767607560&end_ts=1767857400&period_interval=60
2025020681,away,0.33,0.32,0.33,2026-01-08T03:00:00Z,KXNHLGAME-26JAN07SJLA-SJ,close,historical,https://api.elections.kalshi.com/trade-api/v2/historical/markets/KXNHLGAME-26JAN07SJLA-SJ/candlesticks?start_ts=1767607560&end_ts=1767857400&period_interval=60
2025020682,home,0.55,0.54,0.55,2026-01-09T00:00:00Z,KXNHLGAME-26JAN08CGYBOS-BOS,close,historical,https://api.elections.kalshi.com/trade-api/v2/historical/markets/KXNHLGAME-26JAN08CGYBOS-BOS/candlesticks?start_ts=1767683160&end_ts=1767931200&period_interval=60
2025020682,away,0.46,0.44,0.46,2026-01-09T00:00:00Z,KXNHLGAME-26JAN08CGYBOS-CGY,close,historical,https://api.elections.kalshi.com/trade-api/v2/historical/markets/KXNHLGAME-26JAN08CGYBOS-CGY/candlesticks?start_ts=1767683160&end_ts=1767931200&period_interval=60
2025020683,away,0.51,0.5,0.51,2026-01-09T00:00:00Z,KXNHLGAME-26JAN08FLAMTL-FLA,close,historical,https://api.elections.kalshi.com/trade-api/v2/historical/markets/KXNHLGAME-26JAN08FLAMTL-FLA/candlesticks?start_ts=1767683160&end_ts=1767931200&period_interval=60
2025020683,home,0.49,0.48,0.49,2026-01-09T00:00:00Z,KXNHLGAME-26JAN08FLAMTL-MTL,close,historical,https://api.elections.kalshi.com/trade-api/v2/historical/markets/KXNHLGAME-26JAN08FLAMTL-MTL/candlesticks?start_ts=1767683160&end_ts=1767931200&period_interval=60
2025020684,home,0.58,0.57,0.58,2026-01-09T00:00:00Z,KXNHLGAME-26JAN08VANDET-DET,close,historical,https://api.elections.kalshi.com/trade-api/v2/historical/markets/KXNHLGAME-26JAN08VANDET-DET/candlesticks?start_ts=1767683160&end_ts=1767931200&period_interval=60
2025020684,away,0.43,0.42,0.42,2026-01-09T00:00:00Z,KXNHLGAME-26JAN08VANDET-VAN,close,historical,https://api.elections.kalshi.com/trade-api/v2/historical/markets/KXNHLGAME-26JAN08VANDET-VAN/candlesticks?start_ts=1767683160&end_ts=1767931200&period_interval=60
2025020685,away,0.54,0.53,0.54,2026-01-09T00:00:00Z,KXNHLGAME-26JAN08BUFNYR-BUF,close,historical,https://api.elections.kalshi.com/trade-api/v2/historical/markets/KXNHLGAME-26JAN08BUFNYR-BUF/candlesticks?start_ts=1767683160&end_ts=1767931200&period_interval=60
2025020685,home,0.47,0.46,0.47,2026-01-09T00:00:00Z,KXNHLGAME-26JAN08BUFNYR-NYR,close,historical,https://api.elections.kalshi.com/trade-api/v2/historical/markets/KXNHLGAME-26JAN08BUFNYR-NYR/candlesticks?start_ts=1767683160&end_ts=1767931200&period_interval=60
2025020686,home,0.53,0.52,0.53,2026-01-09T00:00:00Z,KXNHLGAME-26JAN08TORPHI-PHI,close,historical,https://api.elections.kalshi.com/trade-api/v2/historical/markets/KXNHLGAME-26JAN08TORPHI-PHI/candlesticks?start_ts=1767683160&end_ts=1767931200&period_interval=60
2025020686,away,0.48,0.47,0.48,2026-01-09T00:00:00Z,KXNHLGAME-26JAN08TORPHI-TOR,close,historical,https://api.elections.kalshi.com/trade-api/v2/historical/markets/KXNHLGAME-26JAN08TORPHI-TOR/candlesticks?start_ts=1767683160&end_ts=1767931200&period_interval=60
2025020687,away,0.5,0.49,0.5,2026-01-09T00:00:00Z,KXNHLGAME-26JAN08NJPIT-NJ,close,historical,https://api.elections.kalshi.com/trade-api/v2/historical/markets/KXNHLGAME-26JAN08NJPIT-NJ/candlesticks?start_ts=1767683160&end_ts=1767931200&period_interval=60
2025020687,home,0.51,0.5,0.51,2026-01-09T00:00:00Z,KXNHLGAME-26JAN08NJPIT-PIT,close,historical,https://api.elections.kalshi.com/trade-api/v2/historical/markets/KXNHLGAME-26JAN08NJPIT-PIT/candlesticks?start_ts=1767683160&end_ts=1767931200&period_interval=60
2025020688,away,0.34,0.33,0.34,2026-01-09T00:00:00Z,KXNHLGAME-26JAN08ANACAR-ANA,close,historical,https://api.elections.kalshi.com/trade-api/v2/historical/markets/KXNHLGAME-26JAN08ANACAR-ANA/candlesticks?start_ts=1767683160&end_ts=1767931200&period_interval=60
2025020688,home,0.67,0.66,0.67,2026-01-09T00:00:00Z,KXNHLGAME-26JAN08ANACAR-CAR,close,historical,https://api.elections.kalshi.com/trade-api/v2/historical/markets/KXNHLGAME-26JAN08ANACAR-CAR/candlesticks?start_ts=1767683160&end_ts=1767931200&period_interval=60
2025020689,home,0.54,0.53,0.54,2026-01-09T01:00:00Z,KXNHLGAME-26JAN08NYINSH-NSH,close,historical,https://api.elections.kalshi.com/trade-api/v2/historical/markets/KXNHLGAME-26JAN08NYINSH-NSH/candlesticks?start_ts=1767683160&end_ts=1767934800&period_interval=60
2025020689,away,0.47,0.46,0.47,2026-01-09T01:00:00Z,KXNHLGAME-26JAN08NYINSH-NYI,close,historical,https://api.elections.kalshi.com/trade-api/v2/historical/markets/KXNHLGAME-26JAN08NYINSH-NYI/candlesticks?start_ts=1767683160&end_ts=1767934800&period_interval=60
2025020690,away,0.52,0.51,0.52,2026-01-09T01:00:00Z,KXNHLGAME-26JAN08EDMWPG-EDM,close,historical,https://api.elections.kalshi.com/trade-api/v2/historical/markets/KXNHLGAME-26JAN08EDMWPG-EDM/candlesticks?start_ts=1767683160&end_ts=1767934800&period_interval=60
2025020690,home,0.5,0.48,0.5,2026-01-09T01:00:00Z,KXNHLGAME-26JAN08EDMWPG-WPG,close,historical,https://api.elections.kalshi.com/trade-api/v2/historical/markets/KXNHLGAME-26JAN08EDMWPG-WPG/candlesticks?start_ts=1767683160&end_ts=1767934800&period_interval=60
2025020691,home,0.72,0.71,0.72,2026-01-09T02:00:00Z,KXNHLGAME-26JAN08OTTCOL-COL,close,historical,https://api.elections.kalshi.com/trade-api/v2/historical/markets/KXNHLGAME-26JAN08OTTCOL-COL/candlesticks?start_ts=1767683160&end_ts=1767938400&period_interval=60
2025020691,away,0.29,0.28,0.29,2026-01-09T02:00:00Z,KXNHLGAME-26JAN08OTTCOL-OTT,close,historical,https://api.elections.kalshi.com/trade-api/v2/historical/markets/KXNHLGAME-26JAN08OTTCOL-OTT/candlesticks?start_ts=1767683160&end_ts=1767938400&period_interval=60
2025020692,away,0.44,0.43,0.44,2026-01-09T03:00:00Z,KXNHLGAME-26JAN08CBJVGK-CBJ,close,historical,https://api.elections.kalshi.com/trade-api/v2/historical/markets/KXNHLGAME-26JAN08CBJVGK-CBJ/candlesticks?start_ts=1767693960&end_ts=1767942000&period_interval=60
2025020692,home,0.57,0.56,0.57,2026-01-09T03:00:00Z,KXNHLGAME-26JAN08CBJVGK-VGK,close,historical,https://api.elections.kalshi.com/trade-api/v2/historical/markets/KXNHLGAME-26JAN08CBJVGK-VGK/candlesticks?start_ts=1767693960&end_ts=1767942000&period_interval=60
2025020693,away,0.61,0.6,0.6,2026-01-09T03:00:00Z,KXNHLGAME-26JAN08MINSEA-MIN,close,historical,https://api.elections.kalshi.com/trade-api/v2/historical/markets/KXNHLGAME-26JAN08MINSEA-MIN/candlesticks?start_ts=1767693960&end_ts=1767942000&period_interval=60
2025020693,home,0.4,0.39,0.4,2026-01-09T03:00:00Z,KXNHLGAME-26JAN08MINSEA-SEA,close,historical,https://api.elections.kalshi.com/trade-api/v2/historical/markets/KXNHLGAME-26JAN08MINSEA-SEA/candlesticks?start_ts=1767693960&end_ts=1767942000&period_interval=60
2025020694,home,0.45,0.44,0.45,2026-01-10T01:00:00Z,KXNHLGAME-26JAN09WSHCHI-CHI,close,historical,https://api.elections.kalshi.com/trade-api/v2/historical/markets/KXNHLGAME-26JAN09WSHCHI-CHI/candlesticks?start_ts=1767769560&end_ts=1768021200&period_interval=60
2025020694,away,0.56,0.55,0.56,2026-01-10T01:00:00Z,KXNHLGAME-26JAN09WSHCHI-WSH,close,historical,https://api.elections.kalshi.com/trade-api/v2/historical/markets/KXNHLGAME-26JAN09WSHCHI-WSH/candlesticks?start_ts=1767769560&end_ts=1768021200&period_interval=60
2025020695,away,0.56,0.55,0.56,2026-01-10T01:00:00Z,KXNHLGAME-26JAN09LAWPG-LA,close,historical,https://api.elections.kalshi.com/trade-api/v2/historical/markets/KXNHLGAME-26JAN09LAWPG-LA/candlesticks?start_ts=1767769560&end_ts=1768021200&period_interval=60
2025020695,home,0.45,0.44,0.45,2026-01-10T01:00:00Z,KXNHLGAME-26JAN09LAWPG-WPG,close,historical,https://api.elections.kalshi.com/trade-api/v2/historical/markets/KXNHLGAME-26JAN09LAWPG-WPG/candlesticks?start_ts=1767769560&end_ts=1768021200&period_interval=60
2025020696,away,0.38,0.37,0.38,2026-01-10T02:00:00Z,KXNHLGAME-26JAN09STLUTA-STL,close,historical,https://api.elections.kalshi.com/trade-api/v2/historical/markets/KXNHLGAME-26JAN09STLUTA-STL/candlesticks?start_ts=1767769560&end_ts=1768024800&period_interval=60
2025020696,home,0.64,0.62,0.64,2026-01-10T02:00:00Z,KXNHLGAME-26JAN09STLUTA-UTA,close,historical,https://api.elections.kalshi.com/trade-api/v2/historical/markets/KXNHLGAME-26JAN09STLUTA-UTA/candlesticks?start_ts=1767769560&end_ts=1768024800&period_interval=60
2025020697,home,0.55,0.53,0.55,2026-01-10T18:00:00Z,KXNHLGAME-26JAN10NYRBOS-BOS,close,historical,https://api.elections.kalshi.com/trade-api/v2/historical/markets/KXNHLGAME-26JAN10NYRBOS-BOS/candlesticks?start_ts=1767834360&end_ts=1768082400&period_interval=60
2025020697,away,0.47,0.45,0.47,2026-01-10T18:00:00Z,KXNHLGAME-26JAN10NYRBOS-NYR,close,historical,https://api.elections.kalshi.com/trade-api/v2/historical/markets/KXNHLGAME-26JAN10NYRBOS-NYR/candlesticks?start_ts=1767834360&end_ts=1768082400&period_interval=60
2025020698,away,0.42,0.41,0.42,2026-01-10T20:00:00Z,KXNHLGAME-26JAN10CGYPIT-CGY,close,historical,https://api.elections.kalshi.com/trade-api/v2/historical/markets/KXNHLGAME-26JAN10CGYPIT-CGY/candlesticks?start_ts=1767845160&end_ts=1768091400&period_interval=60
2025020698,home,0.59,0.58,0.59,2026-01-10T20:00:00Z,KXNHLGAME-26JAN10CGYPIT-PIT,close,historical,https://api.elections.kalshi.com/trade-api/v2/historical/markets/KXNHLGAME-26JAN10CGYPIT-PIT/candlesticks?start_ts=1767845160&end_ts=1768091400&period_interval=60
2025020699,away,0.29,0.28,0.29,2026-01-10T21:00:00Z,KXNHLGAME-26JAN10CBJCOL-CBJ,close,historical,https://api.elections.kalshi.com/trade-api/v2/historical/markets/KXNHLGAME-26JAN10CBJCOL-CBJ/candlesticks?start_ts=1767845160&end_ts=1768093200&period_interval=60
2025020699,home,0.73,0.72,0.73,2026-01-10T21:00:00Z,KXNHLGAME-26JAN10CBJCOL-COL,close,historical,https://api.elections.kalshi.com/trade-api/v2/historical/markets/KXNHLGAME-26JAN10CBJCOL-COL/candlesticks?start_ts=1767845160&end_ts=1768093200&period_interval=60
2025020700,away,0.6,0.59,0.6,2026-01-10T21:00:00Z,KXNHLGAME-26JAN10DALSJ-DAL,close,historical,https://api.elections.kalshi.com/trade-api/v2/historical/markets/KXNHLGAME-26JAN10DALSJ-DAL/candlesticks?start_ts=1767845160&end_ts=1768093200&period_interval=60
2025020700,home,0.41,0.4,0.41,2026-01-10T21:00:00Z,KXNHLGAME-26JAN10DALSJ-SJ,close,historical,https://api.elections.kalshi.com/trade-api/v2/historical/markets/KXNHLGAME-26JAN10DALSJ-SJ/candlesticks?start_ts=1767845160&end_ts=1768093200&period_interval=60
2025020701,away,0.42,0.41,0.42,2026-01-11T00:00:00Z,KXNHLGAME-26JAN10ANABUF-ANA,close,historical,https://api.elections.kalshi.com/trade-api/v2/historical/markets/KXNHLGAME-26JAN10ANABUF-ANA/candlesticks?start_ts=1767855900&end_ts=1768104000&period_interval=60
2025020701,home,0.59,0.58,0.59,2026-01-11T00:00:00Z,KXNHLGAME-26JAN10ANABUF-BUF,close,historical,https://api.elections.kalshi.com/trade-api/v2/historical/markets/KXNHLGAME-26JAN10ANABUF-BUF/candlesticks?start_ts=1767855900&end_ts=1768104000&period_interval=60
2025020702,home,0.6,0.58,0.6,2026-01-11T00:00:00Z,KXNHLGAME-26JAN10VANTOR-TOR,close,historical,https://api.elections.kalshi.com/trade-api/v2/historical/markets/KXNHLGAME-26JAN10VANTOR-TOR/candlesticks?start_ts=1767855960&end_ts=1768104000&period_interval=60
2025020702,away,0.41,0.4,0.4,2026-01-11T00:00:00Z,KXNHLGAME-26JAN10VANTOR-VAN,close,historical,https://api.elections.kalshi.com/trade-api/v2/historical/markets/KXNHLGAME-26JAN10VANTOR-VAN/candlesticks?start_ts=1767855960&end_ts=1768104000&period_interval=60
2025020703,away,0.45,0.43,0.45,2026-01-11T00:00:00Z,KXNHLGAME-26JAN10DETMTL-DET,close,historical,https://api.elections.kalshi.com/trade-api/v2/historical/markets/KXNHLGAME-26JAN10DETMTL-DET/candlesticks?start_ts=1767855960&end_ts=1768104000&period_interval=60
2025020703,home,0.56,0.55,0.56,2026-01-11T00:00:00Z,KXNHLGAME-26JAN10DETMTL-MTL,close,historical,https://api.elections.kalshi.com/trade-api/v2/historical/markets/KXNHLGAME-26JAN10DETMTL-MTL/candlesticks?start_ts=1767855960&end_ts=1768104000&period_interval=60
2025020704,away,0.47,0.46,0.47,2026-01-11T00:00:00Z,KXNHLGAME-26JAN10FLAOTT-FLA,close,historical,https://api.elections.kalshi.com/trade-api/v2/historical/markets/KXNHLGAME-26JAN10FLAOTT-FLA/candlesticks?start_ts=1767855900&end_ts=1768104000&period_interval=60
2025020704,home,0.54,0.52,0.54,2026-01-11T00:00:00Z,KXNHLGAME-26JAN10FLAOTT-OTT,close,historical,https://api.elections.kalshi.com/trade-api/v2/historical/markets/KXNHLGAME-26JAN10FLAOTT-OTT/candlesticks?start_ts=1767855900&end_ts=1768104000&period_interval=60
2025020705,home,0.38,0.37,0.38,2026-01-11T00:00:00Z,KXNHLGAME-26JAN10TBPHI-PHI,close,historical,https://api.elections.kalshi.com/trade-api/v2/historical/markets/KXNHLGAME-26JAN10TBPHI-PHI/candlesticks?start_ts=1767855960&end_ts=1768104000&period_interval=60
2025020705,away,0.64,0.63,0.64,2026-01-11T00:00:00Z,KXNHLGAME-26JAN10TBPHI-TB,close,historical,https://api.elections.kalshi.com/trade-api/v2/historical/markets/KXNHLGAME-26JAN10TBPHI-TB/candlesticks?start_ts=1767855960&end_ts=1768104000&period_interval=60
2025020706,home,0.73,0.72,0.73,2026-01-11T00:00:00Z,KXNHLGAME-26JAN10SEACAR-CAR,close,historical,https://api.elections.kalshi.com/trade-api/v2/historical/markets/KXNHLGAME-26JAN10SEACAR-CAR/candlesticks?start_ts=1767855960&end_ts=1768104000&period_interval=60
2025020706,away,0.29,0.28,0.29,2026-01-11T00:00:00Z,KXNHLGAME-26JAN10SEACAR-SEA,close,historical,https://api.elections.kalshi.com/trade-api/v2/historical/markets/KXNHLGAME-26JAN10SEACAR-SEA/candlesticks?start_ts=1767855960&end_ts=1768104000&period_interval=60
2025020707,away,0.35,0.34,0.35,2026-01-11T01:00:00Z,KXNHLGAME-26JAN10CHINSH-CHI,close,historical,https://api.elections.kalshi.com/trade-api/v2/historical/markets/KXNHLGAME-26JAN10CHINSH-CHI/candlesticks?start_ts=1767855960&end_ts=1768107600&period_interval=60
2025020707,home,0.66,0.65,0.66,2026-01-11T01:00:00Z,KXNHLGAME-26JAN10CHINSH-NSH,close,historical,https://api.elections.kalshi.com/trade-api/v2/historical/markets/KXNHLGAME-26JAN10CHINSH-NSH/candlesticks?start_ts=1767855960&end_ts=1768107600&period_interval=60
2025020708,home,0.6,0.59,0.6,2026-01-11T01:00:00Z,KXNHLGAME-26JAN10NYIMIN-MIN,close,historical,https://api.elections.kalshi.com/trade-api/v2/historical/markets/KXNHLGAME-26JAN10NYIMIN-MIN/candlesticks?start_ts=1767855960&end_ts=1768107600&period_interval=60
2025020708,away,0.41,0.4,0.41,2026-01-11T01:00:00Z,KXNHLGAME-26JAN10NYIMIN-NYI,close,historical,https://api.elections.kalshi.com/trade-api/v2/historical/markets/KXNHLGAME-26JAN10NYIMIN-NYI/candlesticks?start_ts=1767855960&end_ts=1768107600&period_interval=60
2025020709,home,0.63,0.62,0.63,2026-01-11T03:00:00Z,KXNHLGAME-26JAN10LAEDM-EDM,close,historical,https://api.elections.kalshi.com/trade-api/v2/historical/markets/KXNHLGAME-26JAN10LAEDM-EDM/candlesticks?start_ts=1767866760&end_ts=1768114800&period_interval=60
2025020709,away,0.39,0.38,0.39,2026-01-11T03:00:00Z,KXNHLGAME-26JAN10LAEDM-LA,close,historical,https://api.elections.kalshi.com/trade-api/v2/historical/markets/KXNHLGAME-26JAN10LAEDM-LA/candlesticks?start_ts=1767866760&end_ts=1768114800&period_interval=60
2025020710,away,0.29,0.28,0.29,2026-01-11T03:00:00Z,KXNHLGAME-26JAN10STLVGK-STL,close,historical,https://api.elections.kalshi.com/trade-api/v2/historical/markets/KXNHLGAME-26JAN10STLVGK-STL/candlesticks?start_ts=1767866760&end_ts=1768114800&period_interval=60
2025020710,home,0.73,0.71,0.73,2026-01-11T03:00:00Z,KXNHLGAME-26JAN10STLVGK-VGK,close,historical,https://api.elections.kalshi.com/trade-api/v2/historical/markets/KXNHLGAME-26JAN10STLVGK-VGK/candlesticks?start_ts=1767866760&end_ts=1768114800&period_interval=60
2025020711,away,0.46,0.45,0.46,2026-01-11T19:00:00Z,KXNHLGAME-26JAN11NJWPG-NJ,close,historical,https://api.elections.kalshi.com/trade-api/v2/historical/markets/KXNHLGAME-26JAN11NJWPG-NJ/candlesticks?start_ts=1767920820&end_ts=1768172400&period_interval=60
2025020711,home,0.55,0.53,0.55,2026-01-11T19:00:00Z,KXNHLGAME-26JAN11NJWPG-WPG,close,historical,https://api.elections.kalshi.com/trade-api/v2/historical/markets/KXNHLGAME-26JAN11NJWPG-WPG/candlesticks?start_ts=1767920820&end_ts=1768172400&period_interval=60
2025020712,home,0.49,0.47,0.49,2026-01-11T22:00:00Z,KXNHLGAME-26JAN11PITBOS-BOS,close,historical,https://api.elections.kalshi.com/trade-api/v2/historical/markets/KXNHLGAME-26JAN11PITBOS-BOS/candlesticks?start_ts=1767931560&end_ts=1768183200&period_interval=60
2025020712,away,0.53,0.52,0.53,2026-01-11T22:00:00Z,KXNHLGAME-26JAN11PITBOS-PIT,close,historical,https://api.elections.kalshi.com/trade-api/v2/historical/markets/KXNHLGAME-26JAN11PITBOS-PIT/candlesticks?start_ts=1767931560&end_ts=1768183200&period_interval=60
2025020713,home,0.47,0.45,0.47,2026-01-12T00:00:00Z,KXNHLGAME-26JAN11WSHNSH-NSH,close,historical,https://api.elections.kalshi.com/trade-api/v2/historical/markets/KXNHLGAME-26JAN11WSHNSH-NSH/candlesticks?start_ts=1767942360&end_ts=1768190400&period_interval=60
2025020713,away,0.54,0.53,0.54,2026-01-12T00:00:00Z,KXNHLGAME-26JAN11WSHNSH-WSH,close,historical,https://api.elections.kalshi.com/trade-api/v2/historical/markets/KXNHLGAME-26JAN11WSHNSH-WSH/candlesticks?start_ts=1767942360&end_ts=1768190400&period_interval=60
2025020714,away,0.38,0.37,0.38,2026-01-12T00:00:00Z,KXNHLGAME-26JAN11CBJUTA-CBJ,close,historical,https://api.elections.kalshi.com/trade-api/v2/historical/markets/KXNHLGAME-26JAN11CBJUTA-CBJ/candlesticks?start_ts=1767942360&end_ts=1768190400&period_interval=60
2025020714,home,0.62,0.61,0.62,2026-01-12T00:00:00Z,KXNHLGAME-26JAN11CBJUTA-UTA,close,historical,https://api.elections.kalshi.com/trade-api/v2/historical/markets/KXNHLGAME-26JAN11CBJUTA-UTA/candlesticks?start_ts=1767942360&end_ts=1768190400&period_interval=60
2025020715,home,0.44,0.43,0.44,2026-01-12T01:00:00Z,KXNHLGAME-26JAN11VGKSJ-SJ,close,historical,https://api.elections.kalshi.com/trade-api/v2/historical/markets/KXNHLGAME-26JAN11VGKSJ-SJ/candlesticks?start_ts=1767942360&end_ts=1768194000&period_interval=60
2025020715,away,0.58,0.56,0.58,2026-01-12T01:00:00Z,KXNHLGAME-26JAN11VGKSJ-VGK,close,historical,https://api.elections.kalshi.com/trade-api/v2/historical/markets/KXNHLGAME-26JAN11VGKSJ-VGK/candlesticks?start_ts=1767942360&end_ts=1768194000&period_interval=60
2025020716,home,0.54,0.53,0.54,2026-01-13T00:00:00Z,KXNHLGAME-26JAN12FLABUF-BUF,close,historical,https://api.elections.kalshi.com/trade-api/v2/historical/markets/KXNHLGAME-26JAN12FLABUF-BUF/candlesticks?start_ts=1768028760&end_ts=1768276800&period_interval=60
2025020716,away,0.47,0.46,0.47,2026-01-13T00:00:00Z,KXNHLGAME-26JAN12FLABUF-FLA,close,historical,https://api.elections.kalshi.com/trade-api/v2/historical/markets/KXNHLGAME-26JAN12FLABUF-FLA/candlesticks?start_ts=1768028760&end_ts=1768276800&period_interval=60
2025020717,away,0.58,0.57,0.58,2026-01-13T00:00:00Z,KXNHLGAME-26JAN12CARDET-CAR,close,historical,https://api.elections.kalshi.com/trade-api/v2/historical/markets/KXNHLGAME-26JAN12CARDET-CAR/candlesticks?start_ts=1768028760&end_ts=1768276800&period_interval=60
2025020717,home,0.43,0.42,0.43,2026-01-13T00:00:00Z,KXNHLGAME-26JAN12CARDET-DET,close,historical,https://api.elections.kalshi.com/trade-api/v2/historical/markets/KXNHLGAME-26JAN12CARDET-DET/candlesticks?start_ts=1768028760&end_ts=1768276800&period_interval=60
2025020718,home,0.56,0.55,0.56,2026-01-13T00:00:00Z,KXNHLGAME-26JAN12SEANYR-NYR,close,historical,https://api.elections.kalshi.com/trade-api/v2/historical/markets/KXNHLGAME-26JAN12SEANYR-NYR/candlesticks?start_ts=1768028760&end_ts=1768276800&period_interval=60
2025020718,away,0.45,0.44,0.45,2026-01-13T00:00:00Z,KXNHLGAME-26JAN12SEANYR-SEA,close,historical,https://api.elections.kalshi.com/trade-api/v2/historical/markets/KXNHLGAME-26JAN12SEANYR-SEA/candlesticks?start_ts=1768028760&end_ts=1768276800&period_interval=60
2025020719,home,0.43,0.42,0.43,2026-01-13T00:00:00Z,KXNHLGAME-26JAN12TBPHI-PHI,close,historical,https://api.elections.kalshi.com/trade-api/v2/historical/markets/KXNHLGAME-26JAN12TBPHI-PHI/candlesticks?start_ts=1768028760&end_ts=1768276800&period_interval=60
2025020719,away,0.59,0.58,0.59,2026-01-13T00:00:00Z,KXNHLGAME-26JAN12TBPHI-TB,close,historical,https://api.elections.kalshi.com/trade-api/v2/historical/markets/KXNHLGAME-26JAN12TBPHI-TB/candlesticks?start_ts=1768028760&end_ts=1768276800&period_interval=60
2025020720,home,0.65,0.64,0.65,2026-01-13T00:00:00Z,KXNHLGAME-26JAN12VANMTL-MTL,close,historical,https://api.elections.kalshi.com/trade-api/v2/historical/markets/KXNHLGAME-26JAN12VANMTL-MTL/candlesticks?start_ts=1768028760&end_ts=1768278600&period_interval=60
2025020720,away,0.38,0.37,0.38,2026-01-13T00:00:00Z,KXNHLGAME-26JAN12VANMTL-VAN,close,historical,https://api.elections.kalshi.com/trade-api/v2/historical/markets/KXNHLGAME-26JAN12VANMTL-VAN/candlesticks?start_ts=1768028760&end_ts=1768278600&period_interval=60
2025020721,home,0.62,0.61,0.62,2026-01-13T01:00:00Z,KXNHLGAME-26JAN12NJMIN-MIN,close,historical,https://api.elections.kalshi.com/trade-api/v2/historical/markets/KXNHLGAME-26JAN12NJMIN-MIN/candlesticks?start_ts=1768028760&end_ts=1768280400&period_interval=60
2025020721,away,0.39,0.38,0.39,2026-01-13T01:00:00Z,KXNHLGAME-26JAN12NJMIN-NJ,close,historical,https://api.elections.kalshi.com/trade-api/v2/historical/markets/KXNHLGAME-26JAN12NJMIN-NJ/candlesticks?start_ts=1768028760&end_ts=1768280400&period_interval=60
2025020722,home,0.39,0.38,0.39,2026-01-13T01:00:00Z,KXNHLGAME-26JAN12EDMCHI-CHI,close,historical,https://api.elections.kalshi.com/trade-api/v2/historical/markets/KXNHLGAME-26JAN12EDMCHI-CHI/candlesticks?start_ts=1768028760&end_ts=1768282200&period_interval=60
2025020722,away,0.61,0.6,0.61,2026-01-13T01:00:00Z,KXNHLGAME-26JAN12EDMCHI-EDM,close,historical,https://api.elections.kalshi.com/trade-api/v2/historical/markets/KXNHLGAME-26JAN12EDMCHI-EDM/candlesticks?start_ts=1768028760&end_ts=1768282200&period_interval=60
2025020723,home,0.68,0.66,0.68,2026-01-13T03:00:00Z,KXNHLGAME-26JAN12TORCOL-COL,close,historical,https://api.elections.kalshi.com/trade-api/v2/historical/markets/KXNHLGAME-26JAN12TORCOL-COL/candlesticks?start_ts=1768039560&end_ts=1768287600&period_interval=60
2025020723,away,0.34,0.32,0.34,2026-01-13T03:00:00Z,KXNHLGAME-26JAN12TORCOL-TOR,close,historical,https://api.elections.kalshi.com/trade-api/v2/historical/markets/KXNHLGAME-26JAN12TORCOL-TOR/candlesticks?start_ts=1768039560&end_ts=1768287600&period_interval=60
2025020724,away,0.53,0.52,0.53,2026-01-13T03:00:00Z,KXNHLGAME-26JAN12DALLA-DAL,close,historical,https://api.elections.kalshi.com/trade-api/v2/historical/markets/KXNHLGAME-26JAN12DALLA-DAL/candlesticks?start_ts=1768039560&end_ts=1768287600&period_interval=60
2025020724,home,0.48,0.47,0.48,2026-01-13T03:00:00Z,KXNHLGAME-26JAN12DALLA-LA,close,historical,https://api.elections.kalshi.com/trade-api/v2/historical/markets/KXNHLGAME-26JAN12DALLA-LA/candlesticks?start_ts=1768039560&end_ts=1768287600&period_interval=60
2025020725,home,0.67,0.66,0.67,2026-01-14T00:00:00Z,KXNHLGAME-26JAN13VANOTT-OTT,close,historical,https://api.elections.kalshi.com/trade-api/v2/historical/markets/KXNHLGAME-26JAN13VANOTT-OTT/candlesticks?start_ts=1768115160&end_ts=1768363200&period_interval=60
2025020725,away,0.34,0.33,0.34,2026-01-14T00:00:00Z,KXNHLGAME-26JAN13VANOTT-VAN,close,historical,https://api.elections.kalshi.com/trade-api/v2/historical/markets/KXNHLGAME-26JAN13VANOTT-VAN/candlesticks?start_ts=1768115160&end_ts=1768363200&period_interval=60
2025020726,home,0.43,0.42,0.43,2026-01-14T00:00:00Z,KXNHLGAME-26JAN13TBPIT-PIT,close,historical,https://api.elections.kalshi.com/trade-api/v2/historical/markets/KXNHLGAME-26JAN13TBPIT-PIT/candlesticks?start_ts=1768115160&end_ts=1768363200&period_interval=60
2025020726,away,0.58,0.57,0.58,2026-01-14T00:00:00Z,KXNHLGAME-26JAN13TBPIT-TB,close,historical,https://api.elections.kalshi.com/trade-api/v2/historical/markets/KXNHLGAME-26JAN13TBPIT-TB/candlesticks?start_ts=1768115160&end_ts=1768363200&period_interval=60
2025020727,away,0.45,0.44,0.45,2026-01-14T00:00:00Z,KXNHLGAME-26JAN13MTLWSH-MTL,close,historical,https://api.elections.kalshi.com/trade-api/v2/historical/markets/KXNHLGAME-26JAN13MTLWSH-MTL/candlesticks?start_ts=1768115160&end_ts=1768363200&period_interval=60
2025020727,home,0.56,0.55,0.56,2026-01-14T00:00:00Z,KXNHLGAME-26JAN13MTLWSH-WSH,close,historical,https://api.elections.kalshi.com/trade-api/v2/historical/markets/KXNHLGAME-26JAN13MTLWSH-WSH/candlesticks?start_ts=1768115160&end_ts=1768363200&period_interval=60
2025020728,home,0.56,0.55,0.56,2026-01-14T00:00:00Z,KXNHLGAME-26JAN13CGYCBJ-CBJ,close,historical,https://api.elections.kalshi.com/trade-api/v2/historical/markets/KXNHLGAME-26JAN13CGYCBJ-CBJ/candlesticks?start_ts=1768115160&end_ts=1768363200&period_interval=60
2025020728,away,0.45,0.44,0.45,2026-01-14T00:00:00Z,KXNHLGAME-26JAN13CGYCBJ-CGY,close,historical,https://api.elections.kalshi.com/trade-api/v2/historical/markets/KXNHLGAME-26JAN13CGYCBJ-CGY/candlesticks?start_ts=1768115160&end_ts=1768363200&period_interval=60
2025020729,home,0.57,0.56,0.56,2026-01-14T00:00:00Z,KXNHLGAME-26JAN13DETBOS-BOS,close,historical,https://api.elections.kalshi.com/trade-api/v2/historical/markets/KXNHLGAME-26JAN13DETBOS-BOS/candlesticks?start_ts=1768115160&end_ts=1768365000&period_interval=60
2025020729,away,0.44,0.43,0.44,2026-01-14T00:00:00Z,KXNHLGAME-26JAN13DETBOS-DET,close,historical,https://api.elections.kalshi.com/trade-api/v2/historical/markets/KXNHLGAME-26JAN13DETBOS-DET/candlesticks?start_ts=1768115160&end_ts=1768365000&period_interval=60
2025020730,away,0.62,0.61,0.62,2026-01-14T00:00:00Z,KXNHLGAME-26JAN13CARSTL-CAR,close,historical,https://api.elections.kalshi.com/trade-api/v2/historical/markets/KXNHLGAME-26JAN13CARSTL-CAR/candlesticks?start_ts=1768115160&end_ts=1768365000&period_interval=60
2025020730,home,0.39,0.38,0.38,2026-01-14T00:00:00Z,KXNHLGAME-26JAN13CARSTL-STL,close,historical,https://api.elections.kalshi.com/trade-api/v2/historical/markets/KXNHLGAME-26JAN13CARSTL-STL/candlesticks?start_ts=1768115160&end_ts=1768365000&period_interval=60
2025020731,away,0.57,0.56,0.57,2026-01-14T01:00:00Z,KXNHLGAME-26JAN13EDMNSH-EDM,close,historical,https://api.elections.kalshi.com/trade-api/v2/historical/markets/KXNHLGAME-26JAN13EDMNSH-EDM/candlesticks?start_ts=1768115160&end_ts=1768366800&period_interval=60
2025020731,home,0.44,0.43,0.44,2026-01-14T01:00:00Z,KXNHLGAME-26JAN13EDMNSH-NSH,close,historical,https://api.elections.kalshi.com/trade-api/v2/historical/markets/KXNHLGAME-26JAN13EDMNSH-NSH/candlesticks?start_ts=1768115160&end_ts=1768366800&period_interval=60
2025020732,away,0.48,0.47,0.48,2026-01-14T01:00:00Z,KXNHLGAME-26JAN13NYIWPG-NYI,close,historical,https://api.elections.kalshi.com/trade-api/v2/historical/markets/KXNHLGAME-26JAN13NYIWPG-NYI/candlesticks?start_ts=1768115160&end_ts=1768366800&period_interval=60
2025020732,home,0.53,0.52,0.53,2026-01-14T01:00:00Z,KXNHLGAME-26JAN13NYIWPG-WPG,close,historical,https://api.elections.kalshi.com/trade-api/v2/historical/markets/KXNHLGAME-26JAN13NYIWPG-WPG/candlesticks?start_ts=1768115160&end_ts=1768366800&period_interval=60
2025020733,away,0.42,0.41,0.42,2026-01-14T03:00:00Z,KXNHLGAME-26JAN13TORUTA-TOR,close,historical,https://api.elections.kalshi.com/trade-api/v2/historical/markets/KXNHLGAME-26JAN13TORUTA-TOR/candlesticks?start_ts=1768125960&end_ts=1768374000&period_interval=60
2025020733,home,0.59,0.58,0.59,2026-01-14T03:00:00Z,KXNHLGAME-26JAN13TORUTA-UTA,close,historical,https://api.elections.kalshi.com/trade-api/v2/historical/markets/KXNHLGAME-26JAN13TORUTA-UTA/candlesticks?start_ts=1768125960&end_ts=1768374000&period_interval=60
2025020734,home,0.48,0.47,0.48,2026-01-14T03:00:00Z,KXNHLGAME-26JAN13DALANA-ANA,close,historical,https://api.elections.kalshi.com/trade-api/v2/historical/markets/KXNHLGAME-26JAN13DALANA-ANA/candlesticks?start_ts=1768125960&end_ts=1768374000&period_interval=60
2025020734,away,0.54,0.53,0.54,2026-01-14T03:00:00Z,KXNHLGAME-26JAN13DALANA-DAL,close,historical,https://api.elections.kalshi.com/trade-api/v2/historical/markets/KXNHLGAME-26JAN13DALANA-DAL/candlesticks?start_ts=1768125960&end_ts=1768374000&period_interval=60
2025020735,home,0.59,0.57,0.59,2026-01-15T00:00:00Z,KXNHLGAME-26JAN14SEANJ-NJ,close,historical,https://api.elections.kalshi.com/trade-api/v2/historical/markets/KXNHLGAME-26JAN14SEANJ-NJ/candlesticks?start_ts=1768201560&end_ts=1768449600&period_interval=60
2025020735,away,0.42,0.41,0.42,2026-01-15T00:00:00Z,KXNHLGAME-26JAN14SEANJ-SEA,close,historical,https://api.elections.kalshi.com/trade-api/v2/historical/markets/KXNHLGAME-26JAN14SEANJ-SEA/candlesticks?start_ts=1768201560&end_ts=1768449600&period_interval=60
2025020736,home,0.56,0.55,0.56,2026-01-15T00:00:00Z,KXNHLGAME-26JAN14PHIBUF-BUF,close,historical,https://api.elections.kalshi.com/trade-api/v2/historical/markets/KXNHLGAME-26JAN14PHIBUF-BUF/candlesticks?start_ts=1768201560&end_ts=1768451400&period_interval=60
2025020736,away,0.45,0.44,0.45,2026-01-15T00:00:00Z,KXNHLGAME-26JAN14PHIBUF-PHI,close,historical,https://api.elections.kalshi.com/trade-api/v2/historical/markets/KXNHLGAME-26JAN14PHIBUF-PHI/candlesticks?start_ts=1768201560&end_ts=1768451400&period_interval=60
2025020737,home,0.49,0.48,0.49,2026-01-15T00:00:00Z,KXNHLGAME-26JAN14OTTNYR-NYR,close,historical,https://api.elections.kalshi.com/trade-api/v2/historical/markets/KXNHLGAME-26JAN14OTTNYR-NYR/candlesticks?start_ts=1768201560&end_ts=1768451400&period_interval=60
2025020737,away,0.53,0.52,0.53,2026-01-15T00:00:00Z,KXNHLGAME-26JAN14OTTNYR-OTT,close,historical,https://api.elections.kalshi.com/trade-api/v2/historical/markets/KXNHLGAME-26JAN14OTTNYR-OTT/candlesticks?start_ts=1768201560&end_ts=1768451400&period_interval=60
2025020738,home,0.48,0.47,0.48,2026-01-15T03:00:00Z,KXNHLGAME-26JAN14VGKLA-LA,close,historical,https://api.elections.kalshi.com/trade-api/v2/historical/markets/KXNHLGAME-26JAN14VGKLA-LA/candlesticks?start_ts=1768212360&end_ts=1768460400&period_interval=60
2025020738,away,0.54,0.52,0.54,2026-01-15T03:00:00Z,KXNHLGAME-26JAN14VGKLA-VGK,close,historical,https://api.elections.kalshi.com/trade-api/v2/historical/markets/KXNHLGAME-26JAN14VGKLA-VGK/candlesticks?start_ts=1768212360&end_ts=1768460400&period_interval=60
2025020739,home,0.62,0.6,0.62,2026-01-16T01:00:00Z,KXNHLGAME-26JAN15SEABOS-BOS,close,historical,https://api.elections.kalshi.com/trade-api/v2/historical/markets/KXNHLGAME-26JAN15SEABOS-BOS/candlesticks?start_ts=1768287960&end_ts=1768539600&period_interval=60
2025020739,away,0.39,0.38,0.39,2026-01-16T01:00:00Z,KXNHLGAME-26JAN15SEABOS-SEA,close,historical,https://api.elections.kalshi.com/trade-api/v2/historical/markets/KXNHLGAME-26JAN15SEABOS-SEA/candlesticks?start_ts=1768287960&end_ts=1768539600&period_interval=60
2025020740,home,0.47,0.46,0.47,2026-01-16T00:00:00Z,KXNHLGAME-26JAN15MTLBUF-BUF,close,historical,https://api.elections.kalshi.com/trade-api/v2/historical/markets/KXNHLGAME-26JAN15MTLBUF-BUF/candlesticks?start_ts=1768287960&end_ts=1768536000&period_interval=60
2025020740,away,0.55,0.54,0.55,2026-01-16T00:00:00Z,KXNHLGAME-26JAN15MTLBUF-MTL,close,historical,https://api.elections.kalshi.com/trade-api/v2/historical/markets/KXNHLGAME-26JAN15MTLBUF-MTL/candlesticks?start_ts=1768287960&end_ts=1768536000&period_interval=60
2025020741,away,0.39,0.38,0.39,2026-01-16T00:00:00Z,KXNHLGAME-26JAN15PHIPIT-PHI,close,historical,https://api.elections.kalshi.com/trade-api/v2/historical/markets/KXNHLGAME-26JAN15PHIPIT-PHI/candlesticks?start_ts=1768287960&end_ts=1768536000&period_interval=60
2025020741,home,0.62,0.61,0.62,2026-01-16T00:00:00Z,KXNHLGAME-26JAN15PHIPIT-PIT,close,historical,https://api.elections.kalshi.com/trade-api/v2/historical/markets/KXNHLGAME-26JAN15PHIPIT-PIT/candlesticks?start_ts=1768287960&end_ts=1768536000&period_interval=60
2025020742,away,0.41,0.4,0.41,2026-01-16T00:00:00Z,KXNHLGAME-26JAN15SJWSH-SJ,close,historical,https://api.elections.kalshi.com/trade-api/v2/historical/markets/KXNHLGAME-26JAN15SJWSH-SJ/candlesticks?start_ts=1768287960&end_ts=1768536000&period_interval=60
2025020742,home,0.61,0.6,0.61,2026-01-16T00:00:00Z,KXNHLGAME-26JAN15SJWSH-WSH,close,historical,https://api.elections.kalshi.com/trade-api/v2/historical/markets/KXNHLGAME-26JAN15SJWSH-WSH/candlesticks?start_ts=1768287960&end_ts=1768536000&period_interval=60
2025020743,home,0.61,0.6,0.61,2026-01-16T00:00:00Z,KXNHLGAME-26JAN15VANCBJ-CBJ,close,historical,https://api.elections.kalshi.com/trade-api/v2/historical/markets/KXNHLGAME-26JAN15VANCBJ-CBJ/candlesticks?start_ts=1768287960&end_ts=1768536000&period_interval=60
2025020743,away,0.41,0.4,0.41,2026-01-16T00:00:00Z,KXNHLGAME-26JAN15VANCBJ-VAN,close,historical,https://api.elections.kalshi.com/trade-api/v2/historical/markets/KXNHLGAME-26JAN15VANCBJ-VAN/candlesticks?start_ts=1768287960&end_ts=1768536000&period_interval=60
2025020744,home,0.56,0.55,0.56,2026-01-16T01:00:00Z,KXNHLGAME-26JAN15WPGMIN-MIN,close,historical,https://api.elections.kalshi.com/trade-api/v2/historical/markets/KXNHLGAME-26JAN15WPGMIN-MIN/candlesticks?start_ts=1768287960&end_ts=1768539600&period_interval=60
2025020744,away,0.46,0.45,0.46,2026-01-16T01:00:00Z,KXNHLGAME-26JAN15WPGMIN-WPG,close,historical,https://api.elections.kalshi.com/trade-api/v2/historical/markets/KXNHLGAME-26JAN15WPGMIN-WPG/candlesticks?start_ts=1768287960&end_ts=1768539600&period_interval=60
2025020745,away,0.48,0.47,0.48,2026-01-16T01:00:00Z,KXNHLGAME-26JAN15CGYCHI-CGY,close,historical,https://api.elections.kalshi.com/trade-api/v2/historical/markets/KXNHLGAME-26JAN15CGYCHI-CGY/candlesticks?start_ts=1768287960&end_ts=1768541400&period_interval=60
2025020745,home,0.53,0.52,0.53,2026-01-16T01:00:00Z,KXNHLGAME-26JAN15CGYCHI-CHI,close,historical,https://api.elections.kalshi.com/trade-api/v2/historical/markets/KXNHLGAME-26JAN15CGYCHI-CHI/candlesticks?start_ts=1768287960&end_ts=1768541400&period_interval=60
2025020746,away,0.46,0.45,0.46,2026-01-16T02:00:00Z,KXNHLGAME-26JAN15DALUTA-DAL,close,historical,https://api.elections.kalshi.com/trade-api/v2/historical/markets/KXNHLGAME-26JAN15DALUTA-DAL/candlesticks?start_ts=1768287960&end_ts=1768543200&period_interval=60
2025020746,home,0.55,0.54,0.55,2026-01-16T02:00:00Z,KXNHLGAME-26JAN15DALUTA-UTA,close,historical,https://api.elections.kalshi.com/trade-api/v2/historical/markets/KXNHLGAME-26JAN15DALUTA-UTA/candlesticks?start_ts=1768287960&end_ts=1768543200&period_interval=60
2025020747,home,0.61,0.6,0.61,2026-01-16T02:00:00Z,KXNHLGAME-26JAN15NYIEDM-EDM,close,historical,https://api.elections.kalshi.com/trade-api/v2/historical/markets/KXNHLGAME-26JAN15NYIEDM-EDM/candlesticks?start_ts=1768287960&end_ts=1768543200&period_interval=60
2025020747,away,0.41,0.4,0.41,2026-01-16T02:00:00Z,KXNHLGAME-26JAN15NYIEDM-NYI,close,historical,https://api.elections.kalshi.com/trade-api/v2/historical/markets/KXNHLGAME-26JAN15NYIEDM-NYI/candlesticks?start_ts=1768287960&end_ts=1768543200&period_interval=60
2025020748,away,0.47,0.46,0.47,2026-01-16T02:00:00Z,KXNHLGAME-26JAN15TORVGK-TOR,close,historical,https://api.elections.kalshi.com/trade-api/v2/historical/markets/KXNHLGAME-26JAN15TORVGK-TOR/candlesticks?start_ts=1768298760&end_ts=1768545000&period_interval=60
2025020748,home,0.54,0.53,0.54,2026-01-16T02:00:00Z,KXNHLGAME-26JAN15TORVGK-VGK,close,historical,https://api.elections.kalshi.com/trade-api/v2/historical/markets/KXNHLGAME-26JAN15TORVGK-VGK/candlesticks?start_ts=1768298760&end_ts=1768545000&period_interval=60
2025020749,home,0.61,0.6,0.61,2026-01-17T00:00:00Z,KXNHLGAME-26JAN16SJDET-DET,close,historical,https://api.elections.kalshi.com/trade-api/v2/historical/markets/KXNHLGAME-26JAN16SJDET-DET/candlesticks?start_ts=1768374360&end_ts=1768622400&period_interval=60
2025020749,away,0.4,0.39,0.4,2026-01-17T00:00:00Z,KXNHLGAME-26JAN16SJDET-SJ,close,historical,https://api.elections.kalshi.com/trade-api/v2/historical/markets/KXNHLGAME-26JAN16SJDET-SJ/candlesticks?start_ts=1768374360&end_ts=1768622400&period_interval=60
2025020750,home,0.62,0.61,0.62,2026-01-17T00:00:00Z,KXNHLGAME-26JAN16FLACAR-CAR,close,historical,https://api.elections.kalshi.com/trade-api/v2/historical/markets/KXNHLGAME-26JAN16FLACAR-CAR/candlesticks?start_ts=1768374360&end_ts=1768622400&period_interval=60
2025020750,away,0.39,0.38,0.39,2026-01-17T00:00:00Z,KXNHLGAME-26JAN16FLACAR-FLA,close,historical,https://api.elections.kalshi.com/trade-api/v2/historical/markets/KXNHLGAME-26JAN16FLACAR-FLA/candlesticks?start_ts=1768374360&end_ts=1768622400&period_interval=60
2025020751,home,0.35,0.34,0.35,2026-01-17T01:00:00Z,KXNHLGAME-26JAN16TBSTL-STL,close,historical,https://api.elections.kalshi.com/trade-api/v2/historical/markets/KXNHLGAME-26JAN16TBSTL-STL/candlesticks?start_ts=1768374360&end_ts=1768626000&period_interval=60
2025020751,away,0.65,0.64,0.65,2026-01-17T01:00:00Z,KXNHLGAME-26JAN16TBSTL-TB,close,historical,https://api.elections.kalshi.com/trade-api/v2/historical/markets/KXNHLGAME-26JAN16TBSTL-TB/candlesticks?start_ts=1768374360&end_ts=1768626000&period_interval=60
2025020752,home,0.73,0.72,0.73,2026-01-17T02:00:00Z,KXNHLGAME-26JAN16NSHCOL-COL,close,historical,https://api.elections.kalshi.com/trade-api/v2/historical/markets/KXNHLGAME-26JAN16NSHCOL-COL/candlesticks?start_ts=1768374360&end_ts=1768629600&period_interval=60
2025020752,away,0.28,0.27,0.28,2026-01-17T02:00:00Z,KXNHLGAME-26JAN16NSHCOL-NSH,close,historical,https://api.elections.kalshi.com/trade-api/v2/historical/markets/KXNHLGAME-26JAN16NSHCOL-NSH/candlesticks?start_ts=1768374360&end_ts=1768629600&period_interval=60
2025020753,away,0.43,0.42,0.42,2026-01-17T03:00:00Z,KXNHLGAME-26JAN16ANALA-ANA,close,historical,https://api.elections.kalshi.com/trade-api/v2/historical/markets/KXNHLGAME-26JAN16ANALA-ANA/candlesticks?start_ts=1768385160&end_ts=1768635000&period_interval=60
2025020753,home,0.58,0.57,0.58,2026-01-17T03:00:00Z,KXNHLGAME-26JAN16ANALA-LA,close,historical,https://api.elections.kalshi.com/trade-api/v2/historical/markets/KXNHLGAME-26JAN16ANALA-LA/candlesticks?start_ts=1768385160&end_ts=1768635000&period_interval=60
2025020754,home,0.54,0.53,0.54,2026-01-17T17:00:00Z,KXNHLGAME-26JAN17MINBUF-BUF,close,historical,https://api.elections.kalshi.com/trade-api/v2/historical/markets/KXNHLGAME-26JAN17MINBUF-BUF/candlesticks?start_ts=1768439160&end_ts=1768685400&period_interval=60
2025020754,away,0.46,0.45,0.46,2026-01-17T17:00:00Z,KXNHLGAME-26JAN17MINBUF-MIN,close,historical,https://api.elections.kalshi.com/trade-api/v2/historical/markets/KXNHLGAME-26JAN17MINBUF-MIN/candlesticks?start_ts=1768439160&end_ts=1768685400&period_interval=60
2025020755,away,0.46,0.45,0.46,2026-01-17T18:00:00Z,KXNHLGAME-26JAN17NYRPHI-NYR,close,historical,https://api.elections.kalshi.com/trade-api/v2/historical/markets/KXNHLGAME-26JAN17NYRPHI-NYR/candlesticks?start_ts=1768439160&end_ts=1768687200&period_interval=60
2025020755,home,0.54,0.53,0.54,2026-01-17T18:00:00Z,KXNHLGAME-26JAN17NYRPHI-PHI,close,historical,https://api.elections.kalshi.com/trade-api/v2/historical/markets/KXNHLGAME-26JAN17NYRPHI-PHI/candlesticks?start_ts=1768439160&end_ts=1768687200&period_interval=60
2025020756,home,0.54,0.52,0.54,2026-01-17T20:00:00Z,KXNHLGAME-26JAN17NYICGY-CGY,close,historical,https://api.elections.kalshi.com/trade-api/v2/historical/markets/KXNHLGAME-26JAN17NYICGY-CGY/candlesticks?start_ts=1768439160&end_ts=1768694400&period_interval=60
2025020756,away,0.48,0.47,0.48,2026-01-17T20:00:00Z,KXNHLGAME-26JAN17NYICGY-NYI,close,historical,https://api.elections.kalshi.com/trade-api/v2/historical/markets/KXNHLGAME-26JAN17NYICGY-NYI/candlesticks?start_ts=1768439160&end_ts=1768694400&period_interval=60
2025020757,away,0.37,0.36,0.37,2026-01-17T22:00:00Z,KXNHLGAME-26JAN17SEAUTA-SEA,close,historical,https://api.elections.kalshi.com/trade-api/v2/historical/markets/KXNHLGAME-26JAN17SEAUTA-SEA/candlesticks?start_ts=1768449960&end_ts=1768701600&period_interval=60
2025020757,home,0.64,0.63,0.64,2026-01-17T22:00:00Z,KXNHLGAME-26JAN17SEAUTA-UTA,close,historical,https://api.elections.kalshi.com/trade-api/v2/historical/markets/KXNHLGAME-26JAN17SEAUTA-UTA/candlesticks?start_ts=1768449960&end_ts=1768701600&period_interval=60
2025020758,away,0.47,0.46,0.47,2026-01-18T00:00:00Z,KXNHLGAME-26JAN17MTLOTT-MTL,close,historical,https://api.elections.kalshi.com/trade-api/v2/historical/markets/KXNHLGAME-26JAN17MTLOTT-MTL/candlesticks?start_ts=1768460760&end_ts=1768708800&period_interval=60
2025020758,home,0.53,0.52,0.53,2026-01-18T00:00:00Z,KXNHLGAME-26JAN17MTLOTT-OTT,close,historical,https://api.elections.kalshi.com/trade-api/v2/historical/markets/KXNHLGAME-26JAN17MTLOTT-OTT/candlesticks?start_ts=1768460760&end_ts=1768708800&period_interval=60
2025020759,away,0.55,0.54,0.55,2026-01-18T00:00:00Z,KXNHLGAME-26JAN17CARNJ-CAR,close,historical,https://api.elections.kalshi.com/trade-api/v2/historical/markets/KXNHLGAME-26JAN17CARNJ-CAR/candlesticks?start_ts=1768460760&end_ts=1768708800&period_interval=60
2025020759,home,0.46,0.45,0.47,2026-01-18T00:00:00Z,KXNHLGAME-26JAN17CARNJ-NJ,close,historical,https://api.elections.kalshi.com/trade-api/v2/historical/markets/KXNHLGAME-26JAN17CARNJ-NJ/candlesticks?start_ts=1768460760&end_ts=1768708800&period_interval=60
2025020760,away,0.49,0.48,0.49,2026-01-18T00:00:00Z,KXNHLGAME-26JAN17CBJPIT-CBJ,close,historical,https://api.elections.kalshi.com/trade-api/v2/historical/markets/KXNHLGAME-26JAN17CBJPIT-CBJ/candlesticks?start_ts=1768460760&end_ts=1768708800&period_interval=60
2025020760,home,0.52,0.51,0.52,2026-01-18T00:00:00Z,KXNHLGAME-26JAN17CBJPIT-PIT,close,historical,https://api.elections.kalshi.com/trade-api/v2/historical/markets/KXNHLGAME-26JAN17CBJPIT-PIT/candlesticks?start_ts=1768460760&end_ts=1768708800&period_interval=60
2025020761,away,0.42,0.41,0.42,2026-01-18T00:00:00Z,KXNHLGAME-26JAN17FLAWSH-FLA,close,historical,https://api.elections.kalshi.com/trade-api/v2/historical/markets/KXNHLGAME-26JAN17FLAWSH-FLA/candlesticks?start_ts=1768460760&end_ts=1768708800&period_interval=60
2025020761,home,0.59,0.58,0.59,2026-01-18T00:00:00Z,KXNHLGAME-26JAN17FLAWSH-WSH,close,historical,https://api.elections.kalshi.com/trade-api/v2/historical/markets/KXNHLGAME-26JAN17FLAWSH-WSH/candlesticks?start_ts=1768460760&end_ts=1768708800&period_interval=60
2025020762,away,0.44,0.43,0.44,2026-01-18T00:00:00Z,KXNHLGAME-26JAN17TORWPG-TOR,close,historical,https://api.elections.kalshi.com/trade-api/v2/historical/markets/KXNHLGAME-26JAN17TORWPG-TOR/candlesticks?start_ts=1768460760&end_ts=1768708800&period_interval=60
2025020762,home,0.58,0.57,0.58,2026-01-18T00:00:00Z,KXNHLGAME-26JAN17TORWPG-WPG,close,historical,https://api.elections.kalshi.com/trade-api/v2/historical/markets/KXNHLGAME-26JAN17TORWPG-WPG/candlesticks?start_ts=1768460760&end_ts=1768708800&period_interval=60
2025020763,away,0.55,0.54,0.55,2026-01-18T01:00:00Z,KXNHLGAME-26JAN17BOSCHI-BOS,close,historical,https://api.elections.kalshi.com/trade-api/v2/historical/markets/KXNHLGAME-26JAN17BOSCHI-BOS/candlesticks?start_ts=1768460760&end_ts=1768712400&period_interval=60
2025020763,home,0.46,0.45,0.46,2026-01-18T01:00:00Z,KXNHLGAME-26JAN17BOSCHI-CHI,close,historical,https://api.elections.kalshi.com/trade-api/v2/historical/markets/KXNHLGAME-26JAN17BOSCHI-CHI/candlesticks?start_ts=1768460760&end_ts=1768712400&period_interval=60
2025020764,away,0.63,0.62,0.63,2026-01-18T03:00:00Z,KXNHLGAME-26JAN17EDMVAN-EDM,close,historical,https://api.elections.kalshi.com/trade-api/v2/historical/markets/KXNHLGAME-26JAN17EDMVAN-EDM/candlesticks?start_ts=1768471560&end_ts=1768719600&period_interval=60
2025020764,home,0.38,0.37,0.38,2026-01-18T03:00:00Z,KXNHLGAME-26JAN17EDMVAN-VAN,close,historical,https://api.elections.kalshi.com/trade-api/v2/historical/markets/KXNHLGAME-26JAN17EDMVAN-VAN/candlesticks?start_ts=1768471560&end_ts=1768719600&period_interval=60
2025020765,away,0.35,0.34,0.35,2026-01-18T03:00:00Z,KXNHLGAME-26JAN17NSHVGK-NSH,close,historical,https://api.elections.kalshi.com/trade-api/v2/historical/markets/KXNHLGAME-26JAN17NSHVGK-NSH/candlesticks?start_ts=1768471560&end_ts=1768719600&period_interval=60
2025020765,home,0.66,0.65,0.66,2026-01-18T03:00:00Z,KXNHLGAME-26JAN17NSHVGK-VGK,close,historical,https://api.elections.kalshi.com/trade-api/v2/historical/markets/KXNHLGAME-26JAN17NSHVGK-VGK/candlesticks?start_ts=1768471560&end_ts=1768719600&period_interval=60
2025020766,home,0.46,0.45,0.46,2026-01-18T03:00:00Z,KXNHLGAME-26JAN17LAANA-ANA,close,historical,https://api.elections.kalshi.com/trade-api/v2/historical/markets/KXNHLGAME-26JAN17LAANA-ANA/candlesticks?start_ts=1768471560&end_ts=1768719600&period_interval=60
2025020766,away,0.55,0.53,0.54,2026-01-18T03:00:00Z,KXNHLGAME-26JAN17LAANA-LA,close,historical,https://api.elections.kalshi.com/trade-api/v2/historical/markets/KXNHLGAME-26JAN17LAANA-LA/candlesticks?start_ts=1768471560&end_ts=1768719600&period_interval=60
2025020767,home,0.47,0.46,0.47,2026-01-18T19:00:00Z,KXNHLGAME-26JAN18TBDAL-DAL,close,historical,https://api.elections.kalshi.com/trade-api/v2/historical/markets/KXNHLGAME-26JAN18TBDAL-DAL/candlesticks?start_ts=1768525560&end_ts=1768777200&period_interval=60
2025020767,away,0.54,0.53,0.54,2026-01-18T19:00:00Z,KXNHLGAME-26JAN18TBDAL-TB,close,historical,https://api.elections.kalshi.com/trade-api/v2/historical/markets/KXNHLGAME-26JAN18TBDAL-TB/candlesticks?start_ts=1768525560&end_ts=1768777200&period_interval=60
2025020768,home,0.54,0.53,0.54,2026-01-18T22:00:00Z,KXNHLGAME-26JAN18OTTDET-DET,close,historical,https://api.elections.kalshi.com/trade-api/v2/historical/markets/KXNHLGAME-26JAN18OTTDET-DET/candlesticks?start_ts=1768536360&end_ts=1768788000&period_interval=60
2025020768,away,0.48,0.46,0.48,2026-01-18T22:00:00Z,KXNHLGAME-26JAN18OTTDET-OTT,close,historical,https://api.elections.kalshi.com/trade-api/v2/historical/markets/KXNHLGAME-26JAN18OTTDET-OTT/candlesticks?start_ts=1768536360&end_ts=1768788000&period_interval=60
2025020769,home,0.59,0.58,0.59,2026-01-19T01:00:00Z,KXNHLGAME-26JAN18STLEDM-EDM,close,historical,https://api.elections.kalshi.com/trade-api/v2/historical/markets/KXNHLGAME-26JAN18STLEDM-EDM/candlesticks?start_ts=1768547160&end_ts=1768798800&period_interval=60
2025020769,away,0.42,0.41,0.42,2026-01-19T01:00:00Z,KXNHLGAME-26JAN18STLEDM-STL,close,historical,https://api.elections.kalshi.com/trade-api/v2/historical/markets/KXNHLGAME-26JAN18STLEDM-STL/candlesticks?start_ts=1768547160&end_ts=1768798800&period_interval=60
2025020770,away,0.38,0.37,0.38,2026-01-19T18:00:00Z,KXNHLGAME-26JAN19BUFCAR-BUF,close,historical,https://api.elections.kalshi.com/trade-api/v2/historical/markets/KXNHLGAME-26JAN19BUFCAR-BUF/candlesticks?start_ts=1768611960&end_ts=1768861800&period_interval=60
2025020770,home,0.63,0.62,0.63,2026-01-19T18:00:00Z,KXNHLGAME-26JAN19BUFCAR-CAR,close,historical,https://api.elections.kalshi.com/trade-api/v2/historical/markets/KXNHLGAME-26JAN19BUFCAR-CAR/candlesticks?start_ts=1768611960&end_ts=1768861800&period_interval=60
2025020771,home,0.67,0.65,0.67,2026-01-19T21:00:00Z,KXNHLGAME-26JAN19WSHCOL-COL,close,historical,https://api.elections.kalshi.com/trade-api/v2/historical/markets/KXNHLGAME-26JAN19WSHCOL-COL/candlesticks?start_ts=1768622760&end_ts=1768870800&period_interval=60
2025020771,away,0.36,0.35,0.36,2026-01-19T21:00:00Z,KXNHLGAME-26JAN19WSHCOL-WSH,close,historical,https://api.elections.kalshi.com/trade-api/v2/historical/markets/KXNHLGAME-26JAN19WSHCOL-WSH/candlesticks?start_ts=1768622760&end_ts=1768870800&period_interval=60
2025020772,away,0.56,0.54,0.56,2026-01-19T22:00:00Z,KXNHLGAME-26JAN19PITSEA-PIT,close,historical,https://api.elections.kalshi.com/trade-api/v2/historical/markets/KXNHLGAME-26JAN19PITSEA-PIT/candlesticks?start_ts=1768622760&end_ts=1768874400&period_interval=60
2025020772,home,0.46,0.45,0.46,2026-01-19T22:00:00Z,KXNHLGAME-26JAN19PITSEA-SEA,close,historical,https://api.elections.kalshi.com/trade-api/v2/historical/markets/KXNHLGAME-26JAN19PITSEA-SEA/candlesticks?start_ts=1768622760&end_ts=1768874400&period_interval=60
2025020773,home,0.62,0.61,0.62,2026-01-19T23:00:00Z,KXNHLGAME-26JAN19SJFLA-FLA,close,historical,https://api.elections.kalshi.com/trade-api/v2/historical/markets/KXNHLGAME-26JAN19SJFLA-FLA/candlesticks?start_ts=1768622760&end_ts=1768878759&period_interval=60
2025020773,away,0.39,0.38,0.39,2026-01-19T23:00:00Z,KXNHLGAME-26JAN19SJFLA-SJ,close,historical,https://api.elections.kalshi.com/trade-api/v2/historical/markets/KXNHLGAME-26JAN19SJFLA-SJ/candlesticks?start_ts=1768622760&end_ts=1768878759&period_interval=60
2025020774,away,0.52,0.5,0.52,2026-01-20T00:00:00Z,KXNHLGAME-26JAN19MINTOR-MIN,close,historical,https://api.elections.kalshi.com/trade-api/v2/historical/markets/KXNHLGAME-26JAN19MINTOR-MIN/candlesticks?start_ts=1768633560&end_ts=1768883400&period_interval=60
2025020774,home,0.51,0.5,0.51,2026-01-20T00:00:00Z,KXNHLGAME-26JAN19MINTOR-TOR,close,historical,https://api.elections.kalshi.com/trade-api/v2/historical/markets/KXNHLGAME-26JAN19MINTOR-TOR/candlesticks?start_ts=1768633560&end_ts=1768883400&period_interval=60
2025020775,away,0.34,0.33,0.34,2026-01-20T01:00:00Z,KXNHLGAME-26JAN19PHIVGK-PHI,close,historical,https://api.elections.kalshi.com/trade-api/v2/historical/markets/KXNHLGAME-26JAN19PHIVGK-PHI/candlesticks?start_ts=1768633560&end_ts=1768885200&period_interval=60
2025020775,home,0.68,0.67,0.68,2026-01-20T01:00:00Z,KXNHLGAME-26JAN19PHIVGK-VGK,close,historical,https://api.elections.kalshi.com/trade-api/v2/historical/markets/KXNHLGAME-26JAN19PHIVGK-VGK/candlesticks?start_ts=1768633560&end_ts=1768885200&period_interval=60
2025020776,home,0.44,0.43,0.44,2026-01-20T01:00:00Z,KXNHLGAME-26JAN19WPGCHI-CHI,close,historical,https://api.elections.kalshi.com/trade-api/v2/historical/markets/KXNHLGAME-26JAN19WPGCHI-CHI/candlesticks?start_ts=1768633560&end_ts=1768887000&period_interval=60
2025020776,away,0.57,0.56,0.57,2026-01-20T01:00:00Z,KXNHLGAME-26JAN19WPGCHI-WPG,close,historical,https://api.elections.kalshi.com/trade-api/v2/historical/markets/KXNHLGAME-26JAN19WPGCHI-WPG/candlesticks?start_ts=1768633560&end_ts=1768887000&period_interval=60
2025020777,home,0.48,0.47,0.48,2026-01-20T02:00:00Z,KXNHLGAME-26JAN19NJCGY-CGY,close,historical,https://api.elections.kalshi.com/trade-api/v2/historical/markets/KXNHLGAME-26JAN19NJCGY-CGY/candlesticks?start_ts=1768633560&end_ts=1768888800&period_interval=60
2025020777,away,0.53,0.52,0.53,2026-01-20T02:00:00Z,KXNHLGAME-26JAN19NJCGY-NJ,close,historical,https://api.elections.kalshi.com/trade-api/v2/historical/markets/KXNHLGAME-26JAN19NJCGY-NJ/candlesticks?start_ts=1768633560&end_ts=1768888800&period_interval=60
2025020778,away,0.59,0.58,0.59,2026-01-20T03:00:00Z,KXNHLGAME-26JAN19NYIVAN-NYI,close,historical,https://api.elections.kalshi.com/trade-api/v2/historical/markets/KXNHLGAME-26JAN19NYIVAN-NYI/candlesticks?start_ts=1768644360&end_ts=1768892400&period_interval=60
2025020778,home,0.42,0.41,0.42,2026-01-20T03:00:00Z,KXNHLGAME-26JAN19NYIVAN-VAN,close,historical,https://api.elections.kalshi.com/trade-api/v2/historical/markets/KXNHLGAME-26JAN19NYIVAN-VAN/candlesticks?start_ts=1768644360&end_ts=1768892400&period_interval=60
2025020779,home,0.58,0.57,0.58,2026-01-20T03:00:00Z,KXNHLGAME-26JAN19NYRANA-ANA,close,historical,https://api.elections.kalshi.com/trade-api/v2/historical/markets/KXNHLGAME-26JAN19NYRANA-ANA/candlesticks?start_ts=1768644360&end_ts=1768892400&period_interval=60
2025020779,away,0.44,0.43,0.44,2026-01-20T03:00:00Z,KXNHLGAME-26JAN19NYRANA-NYR,close,historical,https://api.elections.kalshi.com/trade-api/v2/historical/markets/KXNHLGAME-26JAN19NYRANA-NYR/candlesticks?start_ts=1768644360&end_ts=1768892400&period_interval=60
2025020780,away,0.45,0.44,0.45,2026-01-21T00:00:00Z,KXNHLGAME-26JAN20MINMTL-MIN,close,historical,https://api.elections.kalshi.com/trade-api/v2/historical/markets/KXNHLGAME-26JAN20MINMTL-MIN/candlesticks?start_ts=1768719960&end_ts=1768968000&period_interval=60
2025020780,home,0.56,0.55,0.56,2026-01-21T00:00:00Z,KXNHLGAME-26JAN20MINMTL-MTL,close,historical,https://api.elections.kalshi.com/trade-api/v2/historical/markets/KXNHLGAME-26JAN20MINMTL-MTL/candlesticks?start_ts=1768719960&end_ts=1768968000&period_interval=60
2025020781,away,0.27,0.26,0.27,2026-01-21T00:00:00Z,KXNHLGAME-26JAN20SJTB-SJ,close,historical,https://api.elections.kalshi.com/trade-api/v2/historical/markets/KXNHLGAME-26JAN20SJTB-SJ/candlesticks?start_ts=1768719960&end_ts=1768968000&period_interval=60
2025020781,home,0.74,0.73,0.74,2026-01-21T00:00:00Z,KXNHLGAME-26JAN20SJTB-TB,close,historical,https://api.elections.kalshi.com/trade-api/v2/historical/markets/KXNHLGAME-26JAN20SJTB-TB/candlesticks?start_ts=1768719960&end_ts=1768968000&period_interval=60
2025020782,home,0.49,0.48,0.49,2026-01-21T00:00:00Z,KXNHLGAME-26JAN20OTTCBJ-CBJ,close,historical,https://api.elections.kalshi.com/trade-api/v2/historical/markets/KXNHLGAME-26JAN20OTTCBJ-CBJ/candlesticks?start_ts=1768719960&end_ts=1768968000&period_interval=60
2025020782,away,0.52,0.51,0.52,2026-01-21T00:00:00Z,KXNHLGAME-26JAN20OTTCBJ-OTT,close,historical,https://api.elections.kalshi.com/trade-api/v2/historical/markets/KXNHLGAME-26JAN20OTTCBJ-OTT/candlesticks?start_ts=1768719960&end_ts=1768968000&period_interval=60
2025020783,away,0.44,0.43,0.44,2026-01-21T00:00:00Z,KXNHLGAME-26JAN20BOSDAL-BOS,close,historical,https://api.elections.kalshi.com/trade-api/v2/historical/markets/KXNHLGAME-26JAN20BOSDAL-BOS/candlesticks?start_ts=1768719960&end_ts=1768969800&period_interval=60
2025020783,home,0.57,0.56,0.57,2026-01-21T00:00:00Z,KXNHLGAME-26JAN20BOSDAL-DAL,close,historical,https://api.elections.kalshi.com/trade-api/v2/historical/markets/KXNHLGAME-26JAN20BOSDAL-DAL/candlesticks?start_ts=1768719960&end_ts=1768969800&period_interval=60
2025020784,away,0.47,0.46,0.47,2026-01-21T01:00:00Z,KXNHLGAME-26JAN20BUFNSH-BUF,close,historical,https://api.elections.kalshi.com/trade-api/v2/historical/markets/KXNHLGAME-26JAN20BUFNSH-BUF/candlesticks?start_ts=1768719960&end_ts=1768971600&period_interval=60
2025020784,home,0.54,0.53,0.54,2026-01-21T01:00:00Z,KXNHLGAME-26JAN20BUFNSH-NSH,close,historical,https://api.elections.kalshi.com/trade-api/v2/historical/markets/KXNHLGAME-26JAN20BUFNSH-NSH/candlesticks?start_ts=1768719960&end_ts=1768971600&period_interval=60
2025020785,away,0.48,0.47,0.48,2026-01-21T01:00:00Z,KXNHLGAME-26JAN20STLWPG-STL,close,historical,https://api.elections.kalshi.com/trade-api/v2/historical/markets/KXNHLGAME-26JAN20STLWPG-STL/candlesticks?start_ts=1768719960&end_ts=1768971600&period_interval=60
2025020785,home,0.54,0.53,0.54,2026-01-21T01:00:00Z,KXNHLGAME-26JAN20STLWPG-WPG,close,historical,https://api.elections.kalshi.com/trade-api/v2/historical/markets/KXNHLGAME-26JAN20STLWPG-WPG/candlesticks?start_ts=1768719960&end_ts=1768971600&period_interval=60
2025020786,home,0.63,0.62,0.63,2026-01-21T03:00:00Z,KXNHLGAME-26JAN20NJEDM-EDM,close,historical,https://api.elections.kalshi.com/trade-api/v2/historical/markets/KXNHLGAME-26JAN20NJEDM-EDM/candlesticks?start_ts=1768730760&end_ts=1768978800&period_interval=60
2025020786,away,0.38,0.37,0.38,2026-01-21T03:00:00Z,KXNHLGAME-26JAN20NJEDM-NJ,close,historical,https://api.elections.kalshi.com/trade-api/v2/historical/markets/KXNHLGAME-26JAN20NJEDM-NJ/candlesticks?start_ts=1768730760&end_ts=1768978800&period_interval=60
2025020787,home,0.63,0.62,0.63,2026-01-21T03:00:00Z,KXNHLGAME-26JAN20NYRLA-LA,close,historical,https://api.elections.kalshi.com/trade-api/v2/historical/markets/KXNHLGAME-26JAN20NYRLA-LA/candlesticks?start_ts=1768730760&end_ts=1768978800&period_interval=60
2025020787,away,0.38,0.37,0.38,2026-01-21T03:00:00Z,KXNHLGAME-26JAN20NYRLA-NYR,close,historical,https://api.elections.kalshi.com/trade-api/v2/historical/markets/KXNHLGAME-26JAN20NYRLA-NYR/candlesticks?start_ts=1768730760&end_ts=1768978800&period_interval=60
2025020788,away,0.47,0.46,0.47,2026-01-22T00:00:00Z,KXNHLGAME-26JAN21DETTOR-DET,close,historical,https://api.elections.kalshi.com/trade-api/v2/historical/markets/KXNHLGAME-26JAN21DETTOR-DET/candlesticks?start_ts=1768806360&end_ts=1769054400&period_interval=60
2025020788,home,0.54,0.53,0.54,2026-01-22T00:00:00Z,KXNHLGAME-26JAN21DETTOR-TOR,close,historical,https://api.elections.kalshi.com/trade-api/v2/historical/markets/KXNHLGAME-26JAN21DETTOR-TOR/candlesticks?start_ts=1768806360&end_ts=1769054400&period_interval=60
2025020789,away,0.27,0.26,0.27,2026-01-22T02:00:00Z,KXNHLGAME-26JAN21ANACOL-ANA,close,historical,https://api.elections.kalshi.com/trade-api/v2/historical/markets/KXNHLGAME-26JAN21ANACOL-ANA/candlesticks?start_ts=1768806360&end_ts=1769061600&period_interval=60
2025020789,home,0.74,0.73,0.74,2026-01-22T02:00:00Z,KXNHLGAME-26JAN21ANACOL-COL,close,historical,https://api.elections.kalshi.com/trade-api/v2/historical/markets/KXNHLGAME-26JAN21ANACOL-COL/candlesticks?start_ts=1768806360&end_ts=1769061600&period_interval=60
2025020790,away,0.38,0.36,0.38,2026-01-22T02:00:00Z,KXNHLGAME-26JAN21PHIUTA-PHI,close,historical,https://api.elections.kalshi.com/trade-api/v2/historical/markets/KXNHLGAME-26JAN21PHIUTA-PHI/candlesticks?start_ts=1768806360&end_ts=1769061600&period_interval=60
2025020790,home,0.63,0.62,0.63,2026-01-22T02:00:00Z,KXNHLGAME-26JAN21PHIUTA-UTA,close,historical,https://api.elections.kalshi.com/trade-api/v2/historical/markets/KXNHLGAME-26JAN21PHIUTA-UTA/candlesticks?start_ts=1768806360&end_ts=1769061600&period_interval=60
2025020791,home,0.46,0.45,0.46,2026-01-22T02:00:00Z,KXNHLGAME-26JAN21PITCGY-CGY,close,historical,https://api.elections.kalshi.com/trade-api/v2/historical/markets/KXNHLGAME-26JAN21PITCGY-CGY/candlesticks?start_ts=1768817160&end_ts=1769063400&period_interval=60
2025020791,away,0.55,0.54,0.55,2026-01-22T02:00:00Z,KXNHLGAME-26JAN21PITCGY-PIT,close,historical,https://api.elections.kalshi.com/trade-api/v2/historical/markets/KXNHLGAME-26JAN21PITCGY-PIT/candlesticks?start_ts=1768817160&end_ts=1769063400&period_interval=60
2025020792,home,0.4,0.39,0.4,2026-01-22T03:00:00Z,KXNHLGAME-26JAN21WSHVAN-VAN,close,historical,https://api.elections.kalshi.com/trade-api/v2/historical/markets/KXNHLGAME-26JAN21WSHVAN-VAN/candlesticks?start_ts=1768817160&end_ts=1769065200&period_interval=60
2025020792,away,0.61,0.6,0.61,2026-01-22T03:00:00Z,KXNHLGAME-26JAN21WSHVAN-WSH,close,historical,https://api.elections.kalshi.com/trade-api/v2/historical/markets/KXNHLGAME-26JAN21WSHVAN-WSH/candlesticks?start_ts=1768817160&end_ts=1769065200&period_interval=60
2025020793,away,0.53,0.52,0.53,2026-01-22T02:00:00Z,KXNHLGAME-26JAN21NYISEA-NYI,close,historical,https://api.elections.kalshi.com/trade-api/v2/historical/markets/KXNHLGAME-26JAN21NYISEA-NYI/candlesticks?start_ts=1768817160&end_ts=1769063400&period_interval=60
2025020793,home,0.49,0.48,0.49,2026-01-22T02:00:00Z,KXNHLGAME-26JAN21NYISEA-SEA,close,historical,https://api.elections.kalshi.com/trade-api/v2/historical/markets/KXNHLGAME-26JAN21NYISEA-SEA/candlesticks?start_ts=1768817160&end_ts=1769063400&period_interval=60
2025020794,home,0.42,0.41,0.42,2026-01-23T00:00:00Z,KXNHLGAME-26JAN22VGKBOS-BOS,close,historical,https://api.elections.kalshi.com/trade-api/v2/historical/markets/KXNHLGAME-26JAN22VGKBOS-BOS/candlesticks?start_ts=1768892760&end_ts=1769140800&period_interval=60
2025020794,away,0.59,0.58,0.59,2026-01-23T00:00:00Z,KXNHLGAME-26JAN22VGKBOS-VGK,close,historical,https://api.elections.kalshi.com/trade-api/v2/historical/markets/KXNHLGAME-26JAN22VGKBOS-VGK/candlesticks?start_ts=1768892760&end_ts=1769140800&period_interval=60
2025020795,away,0.48,0.47,0.48,2026-01-23T00:00:00Z,KXNHLGAME-26JAN22BUFMTL-BUF,close,historical,https://api.elections.kalshi.com/trade-api/v2/historical/markets/KXNHLGAME-26JAN22BUFMTL-BUF/candlesticks?start_ts=1768892760&end_ts=1769140800&period_interval=60
2025020795,home,0.54,0.53,0.54,2026-01-23T00:00:00Z,KXNHLGAME-26JAN22BUFMTL-MTL,close,historical,https://api.elections.kalshi.com/trade-api/v2/historical/markets/KXNHLGAME-26JAN22BUFMTL-MTL/candlesticks?start_ts=1768892760&end_ts=1769140800&period_interval=60
2025020796,home,0.72,0.71,0.71,2026-01-23T00:00:00Z,KXNHLGAME-26JAN22CHICAR-CAR,close,historical,https://api.elections.kalshi.com/trade-api/v2/historical/markets/KXNHLGAME-26JAN22CHICAR-CAR/candlesticks?start_ts=1768892760&end_ts=1769140800&period_interval=60
2025020796,away,0.29,0.28,0.29,2026-01-23T00:00:00Z,KXNHLGAME-26JAN22CHICAR-CHI,close,historical,https://api.elections.kalshi.com/trade-api/v2/historical/markets/KXNHLGAME-26JAN22CHICAR-CHI/candlesticks?start_ts=1768892760&end_ts=1769140800&period_interval=60
2025020797,home,0.51,0.5,0.51,2026-01-23T00:00:00Z,KXNHLGAME-26JAN22DALCBJ-CBJ,close,historical,https://api.elections.kalshi.com/trade-api/v2/historical/markets/KXNHLGAME-26JAN22DALCBJ-CBJ/candlesticks?start_ts=1768892760&end_ts=1769140800&period_interval=60
2025020797,away,0.51,0.49,0.51,2026-01-23T00:00:00Z,KXNHLGAME-26JAN22DALCBJ-DAL,close,historical,https://api.elections.kalshi.com/trade-api/v2/historical/markets/KXNHLGAME-26JAN22DALCBJ-DAL/candlesticks?start_ts=1768892760&end_ts=1769140800&period_interval=60
2025020798,home,0.48,0.47,0.48,2026-01-23T01:00:00Z,KXNHLGAME-26JAN22OTTNSH-NSH,close,historical,https://api.elections.kalshi.com/trade-api/v2/historical/markets/KXNHLGAME-26JAN22OTTNSH-NSH/candlesticks?start_ts=1768892760&end_ts=1769144400&period_interval=60
2025020798,away,0.53,0.52,0.53,2026-01-23T01:00:00Z,KXNHLGAME-26JAN22OTTNSH-OTT,close,historical,https://api.elections.kalshi.com/trade-api/v2/historical/markets/KXNHLGAME-26JAN22OTTNSH-OTT/candlesticks?start_ts=1768892760&end_ts=1769144400&period_interval=60
2025020799,away,0.51,0.5,0.51,2026-01-23T01:00:00Z,KXNHLGAME-26JAN22FLAWPG-FLA,close,historical,https://api.elections.kalshi.com/trade-api/v2/historical/markets/KXNHLGAME-26JAN22FLAWPG-FLA/candlesticks?start_ts=1768892760&end_ts=1769144400&period_interval=60
2025020799,home,0.5,0.49,0.5,2026-01-23T01:00:00Z,KXNHLGAME-26JAN22FLAWPG-WPG,close,historical,https://api.elections.kalshi.com/trade-api/v2/historical/markets/KXNHLGAME-26JAN22FLAWPG-WPG/candlesticks?start_ts=1768892760&end_ts=1769144400&period_interval=60
2025020800,home,0.63,0.62,0.63,2026-01-23T02:00:00Z,KXNHLGAME-26JAN22PITEDM-EDM,close,historical,https://api.elections.kalshi.com/trade-api/v2/historical/markets/KXNHLGAME-26JAN22PITEDM-EDM/candlesticks?start_ts=1768892760&end_ts=1769148000&period_interval=60
2025020800,away,0.39,0.38,0.39,2026-01-23T02:00:00Z,KXNHLGAME-26JAN22PITEDM-PIT,close,historical,https://api.elections.kalshi.com/trade-api/v2/historical/markets/KXNHLGAME-26JAN22PITEDM-PIT/candlesticks?start_ts=1768892760&end_ts=1769148000&period_interval=60
2025020801,away,0.42,0.41,0.42,2026-01-23T02:00:00Z,KXNHLGAME-26JAN22DETMIN-DET,close,historical,https://api.elections.kalshi.com/trade-api/v2/historical/markets/KXNHLGAME-26JAN22DETMIN-DET/candlesticks?start_ts=1768903560&end_ts=1769149800&period_interval=60
2025020801,home,0.6,0.59,0.6,2026-01-23T02:00:00Z,KXNHLGAME-26JAN22DETMIN-MIN,close,historical,https://api.elections.kalshi.com/trade-api/v2/historical/markets/KXNHLGAME-26JAN22DETMIN-MIN/candlesticks?start_ts=1768903560&end_ts=1769149800&period_interval=60
2025020802,home,0.48,0.47,0.48,2026-01-24T00:00:00Z,KXNHLGAME-26JAN23VGKTOR-TOR,close,historical,https://api.elections.kalshi.com/trade-api/v2/historical/markets/KXNHLGAME-26JAN23VGKTOR-TOR/candlesticks?start_ts=1768979160&end_ts=1769227200&period_interval=60
2025020802,away,0.53,0.52,0.53,2026-01-24T00:00:00Z,KXNHLGAME-26JAN23VGKTOR-VGK,close,historical,https://api.elections.kalshi.com/trade-api/v2/historical/markets/KXNHLGAME-26JAN23VGKTOR-VGK/candlesticks?start_ts=1768979160&end_ts=1769227200&period_interval=60
2025020803,home,0.28,0.27,0.28,2026-01-24T00:00:00Z,KXNHLGAME-26JAN23TBCHI-CHI,close,historical,https://api.elections.kalshi.com/trade-api/v2/historical/markets/KXNHLGAME-26JAN23TBCHI-CHI/candlesticks?start_ts=1768979160&end_ts=1769227200&period_interval=60
2025020803,away,0.73,0.72,0.73,2026-01-24T00:00:00Z,KXNHLGAME-26JAN23TBCHI-TB,close,historical,https://api.elections.kalshi.com/trade-api/v2/historical/markets/KXNHLGAME-26JAN23TBCHI-TB/candlesticks?start_ts=1768979160&end_ts=1769227200&period_interval=60
2025020804,home,0.6,0.58,0.58,2026-01-24T01:00:00Z,KXNHLGAME-26JAN23STLDAL-DAL,close,historical,https://api.elections.kalshi.com/trade-api/v2/historical/markets/KXNHLGAME-26JAN23STLDAL-DAL/candlesticks?start_ts=1768979160&end_ts=1769230800&period_interval=60
2025020804,away,0.41,0.4,0.4,2026-01-24T01:00:00Z,KXNHLGAME-26JAN23STLDAL-STL,close,historical,https://api.elections.kalshi.com/trade-api/v2/historical/markets/KXNHLGAME-26JAN23STLDAL-STL/candlesticks?start_ts=1768979160&end_ts=1769230800&period_interval=60
2025020805,home,0.74,0.73,0.74,2026-01-24T02:00:00Z,KXNHLGAME-26JAN23PHICOL-COL,close,historical,https://api.elections.kalshi.com/trade-api/v2/historical/markets/KXNHLGAME-26JAN23PHICOL-COL/candlesticks?start_ts=1768979160&end_ts=1769234400&period_interval=60
2025020805,away,0.28,0.26,0.28,2026-01-24T02:00:00Z,KXNHLGAME-26JAN23PHICOL-PHI,close,historical,https://api.elections.kalshi.com/trade-api/v2/historical/markets/KXNHLGAME-26JAN23PHICOL-PHI/candlesticks?start_ts=1768979160&end_ts=1769234400&period_interval=60
2025020806,home,0.44,0.43,0.44,2026-01-24T02:00:00Z,KXNHLGAME-26JAN23WSHCGY-CGY,close,historical,https://api.elections.kalshi.com/trade-api/v2/historical/markets/KXNHLGAME-26JAN23WSHCGY-CGY/candlesticks?start_ts=1768979160&end_ts=1769234400&period_interval=60
2025020806,away,0.57,0.56,0.57,2026-01-24T02:00:00Z,KXNHLGAME-26JAN23WSHCGY-WSH,close,historical,https://api.elections.kalshi.com/trade-api/v2/historical/markets/KXNHLGAME-26JAN23WSHCGY-WSH/candlesticks?start_ts=1768979160&end_ts=1769234400&period_interval=60
2025020807,away,0.58,0.57,0.58,2026-01-24T03:00:00Z,KXNHLGAME-26JAN23NJVAN-NJ,close,historical,https://api.elections.kalshi.com/trade-api/v2/historical/markets/KXNHLGAME-26JAN23NJVAN-NJ/candlesticks?start_ts=1768989960&end_ts=1769238000&period_interval=60
2025020807,home,0.43,0.42,0.43,2026-01-24T03:00:00Z,KXNHLGAME-26JAN23NJVAN-VAN,close,historical,https://api.elections.kalshi.com/trade-api/v2/historical/markets/KXNHLGAME-26JAN23NJVAN-VAN/candlesticks?start_ts=1768989960&end_ts=1769238000&period_interval=60
2025020808,away,0.48,0.47,0.48,2026-01-24T03:00:00Z,KXNHLGAME-26JAN23NYRSJ-NYR,close,historical,https://api.elections.kalshi.com/trade-api/v2/historical/markets/KXNHLGAME-26JAN23NYRSJ-NYR/candlesticks?start_ts=1768989960&end_ts=1769238000&period_interval=60
2025020808,home,0.53,0.52,0.53,2026-01-24T03:00:00Z,KXNHLGAME-26JAN23NYRSJ-SJ,close,historical,https://api.elections.kalshi.com/trade-api/v2/historical/markets/KXNHLGAME-26JAN23NYRSJ-SJ/candlesticks?start_ts=1768989960&end_ts=1769238000&period_interval=60
2025020809,away,0.48,0.47,0.48,2026-01-24T03:00:00Z,KXNHLGAME-26JAN23ANASEA-ANA,close,historical,https://api.elections.kalshi.com/trade-api/v2/historical/markets/KXNHLGAME-26JAN23ANASEA-ANA/candlesticks?start_ts=1768989960&end_ts=1769238000&period_interval=60
2025020809,home,0.53,0.52,0.53,2026-01-24T03:00:00Z,KXNHLGAME-26JAN23ANASEA-SEA,close,historical,https://api.elections.kalshi.com/trade-api/v2/historical/markets/KXNHLGAME-26JAN23ANASEA-SEA/candlesticks?start_ts=1768989960&end_ts=1769238000&period_interval=60
2025020810,away,0.51,0.5,0.51,2026-01-24T18:00:00Z,KXNHLGAME-26JAN24BUFNYI-BUF,close,historical,https://api.elections.kalshi.com/trade-api/v2/historical/markets/KXNHLGAME-26JAN24BUFNYI-BUF/candlesticks?start_ts=1769043960&end_ts=1769292000&period_interval=60
2025020810,home,0.5,0.49,0.5,2026-01-24T18:00:00Z,KXNHLGAME-26JAN24BUFNYI-NYI,close,historical,https://api.elections.kalshi.com/trade-api/v2/historical/markets/KXNHLGAME-26JAN24BUFNYI-NYI/candlesticks?start_ts=1769043960&end_ts=1769292000&period_interval=60
2025020811,home,0.47,0.46,0.47,2026-01-24T18:00:00Z,KXNHLGAME-26JAN24UTANSH-NSH,close,historical,https://api.elections.kalshi.com/trade-api/v2/historical/markets/KXNHLGAME-26JAN24UTANSH-NSH/candlesticks?start_ts=1769054760&end_ts=1769293800&period_interval=60
2025020811,away,0.54,0.53,0.54,2026-01-24T18:00:00Z,KXNHLGAME-26JAN24UTANSH-UTA,close,historical,https://api.elections.kalshi.com/trade-api/v2/historical/markets/KXNHLGAME-26JAN24UTANSH-UTA/candlesticks?start_ts=1769054760&end_ts=1769293800&period_interval=60
2025020812,home,0.52,0.51,0.51,2026-01-25T00:00:00Z,KXNHLGAME-26JAN24MTLBOS-BOS,close,historical,https://api.elections.kalshi.com/trade-api/v2/historical/markets/KXNHLGAME-26JAN24MTLBOS-BOS/candlesticks?start_ts=1769065620&end_ts=1769313600&period_interval=60
2025020812,away,0.48,0.47,0.48,2026-01-25T00:00:00Z,KXNHLGAME-26JAN24MTLBOS-MTL,close,historical,https://api.elections.kalshi.com/trade-api/v2/historical/markets/KXNHLGAME-26JAN24MTLBOS-MTL/candlesticks?start_ts=1769065620&end_ts=1769313600&period_interval=60
2025020813,away,0.56,0.55,0.56,2026-01-25T00:00:00Z,KXNHLGAME-26JAN24CAROTT-CAR,close,historical,https://api.elections.kalshi.com/trade-api/v2/historical/markets/KXNHLGAME-26JAN24CAROTT-CAR/candlesticks?start_ts=1769065560&end_ts=1769313600&period_interval=60
2025020813,home,0.46,0.45,0.46,2026-01-25T00:00:00Z,KXNHLGAME-26JAN24CAROTT-OTT,close,historical,https://api.elections.kalshi.com/trade-api/v2/historical/markets/KXNHLGAME-26JAN24CAROTT-OTT/candlesticks?start_ts=1769065560&end_ts=1769313600&period_interval=60
2025020814,home,0.48,0.47,0.48,2026-01-25T00:00:00Z,KXNHLGAME-26JAN24TBCBJ-CBJ,close,historical,https://api.elections.kalshi.com/trade-api/v2/historical/markets/KXNHLGAME-26JAN24TBCBJ-CBJ/candlesticks?start_ts=1769065560&end_ts=1769313600&period_interval=60
2025020814,away,0.53,0.52,0.53,2026-01-25T00:00:00Z,KXNHLGAME-26JAN24TBCBJ-TB,close,historical,https://api.elections.kalshi.com/trade-api/v2/historical/markets/KXNHLGAME-26JAN24TBCBJ-TB/candlesticks?start_ts=1769065560&end_ts=1769313600&period_interval=60
2025020815,away,0.48,0.47,0.48,2026-01-25T00:00:00Z,KXNHLGAME-26JAN24DETWPG-DET,close,historical,https://api.elections.kalshi.com/trade-api/v2/historical/markets/KXNHLGAME-26JAN24DETWPG-DET/candlesticks?start_ts=1769065560&end_ts=1769313600&period_interval=60
2025020815,home,0.54,0.53,0.54,2026-01-25T00:00:00Z,KXNHLGAME-26JAN24DETWPG-WPG,close,historical,https://api.elections.kalshi.com/trade-api/v2/historical/markets/KXNHLGAME-26JAN24DETWPG-WPG/candlesticks?start_ts=1769065560&end_ts=1769313600&period_interval=60
2025020816,away,0.58,0.57,0.58,2026-01-25T01:00:00Z,KXNHLGAME-26JAN24LASTL-LA,close,historical,https://api.elections.kalshi.com/trade-api/v2/historical/markets/KXNHLGAME-26JAN24LASTL-LA/candlesticks?start_ts=1769065620&end_ts=1769317200&period_interval=60
2025020816,home,0.44,0.43,0.44,2026-01-25T01:00:00Z,KXNHLGAME-26JAN24LASTL-STL,close,historical,https://api.elections.kalshi.com/trade-api/v2/historical/markets/KXNHLGAME-26JAN24LASTL-STL/candlesticks?start_ts=1769065620&end_ts=1769317200&period_interval=60
2025020817,away,0.46,0.45,0.46,2026-01-25T02:00:00Z,KXNHLGAME-26JAN24FLAMIN-FLA,close,historical,https://api.elections.kalshi.com/trade-api/v2/historical/markets/KXNHLGAME-26JAN24FLAMIN-FLA/candlesticks?start_ts=1769065620&end_ts=1769320800&period_interval=60
2025020817,home,0.54,0.53,0.54,2026-01-25T02:00:00Z,KXNHLGAME-26JAN24FLAMIN-MIN,close,historical,https://api.elections.kalshi.com/trade-api/v2/historical/markets/KXNHLGAME-26JAN24FLAMIN-MIN/candlesticks?start_ts=1769065620&end_ts=1769320800&period_interval=60
2025020818,home,0.62,0.61,0.62,2026-01-25T03:00:00Z,KXNHLGAME-26JAN24WSHEDM-EDM,close,historical,https://api.elections.kalshi.com/trade-api/v2/historical/markets/KXNHLGAME-26JAN24WSHEDM-EDM/candlesticks?start_ts=1769076360&end_ts=1769324400&period_interval=60
2025020818,away,0.39,0.38,0.39,2026-01-25T03:00:00Z,KXNHLGAME-26JAN24WSHEDM-WSH,close,historical,https://api.elections.kalshi.com/trade-api/v2/historical/markets/KXNHLGAME-26JAN24WSHEDM-WSH/candlesticks?start_ts=1769076360&end_ts=1769324400&period_interval=60
2025020819,away,0.61,0.6,0.61,2026-01-25T18:00:00Z,KXNHLGAME-26JAN25COLTOR-COL,close,historical,https://api.elections.kalshi.com/trade-api/v2/historical/markets/KXNHLGAME-26JAN25COLTOR-COL/candlesticks?start_ts=1769130360&end_ts=1769380200&period_interval=60
2025020819,home,0.4,0.39,0.4,2026-01-25T18:00:00Z,KXNHLGAME-26JAN25COLTOR-TOR,close,historical,https://api.elections.kalshi.com/trade-api/v2/historical/markets/KXNHLGAME-26JAN25COLTOR-TOR/candlesticks?start_ts=1769130360&end_ts=1769380200&period_interval=60
2025020820,away,0.54,0.53,0.54,2026-01-25T20:00:00Z,KXNHLGAME-26JAN25NJSEA-NJ,close,historical,https://api.elections.kalshi.com/trade-api/v2/historical/markets/KXNHLGAME-26JAN25NJSEA-NJ/candlesticks?start_ts=1769130360&end_ts=1769385600&period_interval=60
2025020820,home,0.47,0.46,0.47,2026-01-25T20:00:00Z,KXNHLGAME-26JAN25NJSEA-SEA,close,historical,https://api.elections.kalshi.com/trade-api/v2/historical/markets/KXNHLGAME-26JAN25NJSEA-SEA/candlesticks?start_ts=1769130360&end_ts=1769385600&period_interval=60
2025020821,home,0.44,0.43,0.44,2026-01-25T22:00:00Z,KXNHLGAME-26JAN25VGKOTT-OTT,close,historical,https://api.elections.kalshi.com/trade-api/v2/historical/markets/KXNHLGAME-26JAN25VGKOTT-OTT/candlesticks?start_ts=1769141160&end_ts=1769392800&period_interval=60
2025020821,away,0.58,0.57,0.58,2026-01-25T22:00:00Z,KXNHLGAME-26JAN25VGKOTT-VGK,close,historical,https://api.elections.kalshi.com/trade-api/v2/historical/markets/KXNHLGAME-26JAN25VGKOTT-VGK/candlesticks?start_ts=1769141160&end_ts=1769392800&period_interval=60
2025020822,away,0.59,0.58,0.59,2026-01-25T23:00:00Z,KXNHLGAME-26JAN25PITVAN-PIT,close,historical,https://api.elections.kalshi.com/trade-api/v2/historical/markets/KXNHLGAME-26JAN25PITVAN-PIT/candlesticks?start_ts=1769141160&end_ts=1769396400&period_interval=60
2025020822,home,0.42,0.41,0.42,2026-01-25T23:00:00Z,KXNHLGAME-26JAN25PITVAN-VAN,close,historical,https://api.elections.kalshi.com/trade-api/v2/historical/markets/KXNHLGAME-26JAN25PITVAN-VAN/candlesticks?start_ts=1769141160&end_ts=1769396400&period_interval=60
2025020823,home,0.45,0.44,0.45,2026-01-26T00:00:00Z,KXNHLGAME-26JAN25FLACHI-CHI,close,historical,https://api.elections.kalshi.com/trade-api/v2/historical/markets/KXNHLGAME-26JAN25FLACHI-CHI/candlesticks?start_ts=1769151960&end_ts=1769400000&period_interval=60
2025020823,away,0.56,0.55,0.56,2026-01-26T00:00:00Z,KXNHLGAME-26JAN25FLACHI-FLA,close,historical,https://api.elections.kalshi.com/trade-api/v2/historical/markets/KXNHLGAME-26JAN25FLACHI-FLA/candlesticks?start_ts=1769151960&end_ts=1769400000&period_interval=60
2025020824,away,0.52,0.51,0.52,2026-01-26T01:00:00Z,KXNHLGAME-26JAN25ANACGY-ANA,close,historical,https://api.elections.kalshi.com/trade-api/v2/historical/markets/KXNHLGAME-26JAN25ANACGY-ANA/candlesticks?start_ts=1769151960&end_ts=1769403600&period_interval=60
2025020824,home,0.49,0.48,0.49,2026-01-26T01:00:00Z,KXNHLGAME-26JAN25ANACGY-CGY,close,historical,https://api.elections.kalshi.com/trade-api/v2/historical/markets/KXNHLGAME-26JAN25ANACGY-CGY/candlesticks?start_ts=1769151960&end_ts=1769403600&period_interval=60
2025020825,home,0.6,0.59,0.6,2026-01-27T00:00:00Z,KXNHLGAME-26JAN26UTATB-TB,close,historical,https://api.elections.kalshi.com/trade-api/v2/historical/markets/KXNHLGAME-26JAN26UTATB-TB/candlesticks?start_ts=1769238360&end_ts=1769486400&period_interval=60
2025020825,away,0.42,0.41,0.42,2026-01-27T00:00:00Z,KXNHLGAME-26JAN26UTATB-UTA,close,historical,https://api.elections.kalshi.com/trade-api/v2/historical/markets/KXNHLGAME-26JAN26UTATB-UTA/candlesticks?start_ts=1769238360&end_ts=1769486400&period_interval=60
2025020826,away,0.54,0.53,0.54,2026-01-27T00:00:00Z,KXNHLGAME-26JAN26BOSNYR-BOS,close,historical,https://api.elections.kalshi.com/trade-api/v2/historical/markets/KXNHLGAME-26JAN26BOSNYR-BOS/candlesticks?start_ts=1769238360&end_ts=1769486400&period_interval=60
2025020826,home,0.47,0.46,0.46,2026-01-27T00:00:00Z,KXNHLGAME-26JAN26BOSNYR-NYR,close,historical,https://api.elections.kalshi.com/trade-api/v2/historical/markets/KXNHLGAME-26JAN26BOSNYR-NYR/candlesticks?start_ts=1769238360&end_ts=1769486400&period_interval=60
2025020827,away,0.49,0.48,0.49,2026-01-27T00:00:00Z,KXNHLGAME-26JAN26NYIPHI-NYI,close,historical,https://api.elections.kalshi.com/trade-api/v2/historical/markets/KXNHLGAME-26JAN26NYIPHI-NYI/candlesticks?start_ts=1769238360&end_ts=1769486400&period_interval=60
2025020827,home,0.52,0.51,0.52,2026-01-27T00:00:00Z,KXNHLGAME-26JAN26NYIPHI-PHI,close,historical,https://api.elections.kalshi.com/trade-api/v2/historical/markets/KXNHLGAME-26JAN26NYIPHI-PHI/candlesticks?start_ts=1769238360&end_ts=1769486400&period_interval=60
2025020828,home,0.61,0.6,0.61,2026-03-09T20:00:00Z,KXNHLGAME-26MAR09LACBJ-CBJ,close,historical,https://api.elections.kalshi.com/trade-api/v2/historical/markets/KXNHLGAME-26MAR09LACBJ-CBJ/candlesticks?start_ts=1773022800&end_ts=1773100800&period_interval=60
2025020828,away,0.42,0.41,0.42,2026-03-09T20:00:00Z,KXNHLGAME-26MAR09LACBJ-LA,close,historical,https://api.elections.kalshi.com/trade-api/v2/historical/markets/KXNHLGAME-26MAR09LACBJ-LA/candlesticks?start_ts=1773022800&end_ts=1773100800&period_interval=60
2025020829,away,0.3,0.29,0.3,2026-01-27T01:00:00Z,KXNHLGAME-26JAN26ANAEDM-ANA,close,historical,https://api.elections.kalshi.com/trade-api/v2/historical/markets/KXNHLGAME-26JAN26ANAEDM-ANA/candlesticks?start_ts=1769238360&end_ts=1769491800&period_interval=60
2025020829,home,0.71,0.7,0.71,2026-01-27T01:00:00Z,KXNHLGAME-26JAN26ANAEDM-EDM,close,historical,https://api.elections.kalshi.com/trade-api/v2/historical/markets/KXNHLGAME-26JAN26ANAEDM-EDM/candlesticks?start_ts=1769238360&end_ts=1769491800&period_interval=60
2025020830,home,0.51,0.5,0.5,2026-01-28T00:00:00Z,KXNHLGAME-26JAN27NSHBOS-BOS,close,historical,https://api.elections.kalshi.com/trade-api/v2/historical/markets/KXNHLGAME-26JAN27NSHBOS-BOS/candlesticks?start_ts=1769324760&end_ts=1769572800&period_interval=60
2025020830,away,0.5,0.49,0.5,2026-01-28T00:00:00Z,KXNHLGAME-26JAN27NSHBOS-NSH,close,historical,https://api.elections.kalshi.com/trade-api/v2/historical/markets/KXNHLGAME-26JAN27NSHBOS-NSH/candlesticks?start_ts=1769324760&end_ts=1769572800&period_interval=60
2025020831,away,0.49,0.48,0.49,2026-01-28T00:00:00Z,KXNHLGAME-26JAN27BUFTOR-BUF,close,historical,https://api.elections.kalshi.com/trade-api/v2/historical/markets/KXNHLGAME-26JAN27BUFTOR-BUF/candlesticks?start_ts=1769324700&end_ts=1769572800&period_interval=60
2025020831,home,0.53,0.52,0.53,2026-01-28T00:00:00Z,KXNHLGAME-26JAN27BUFTOR-TOR,close,historical,https://api.elections.kalshi.com/trade-api/v2/historical/markets/KXNHLGAME-26JAN27BUFTOR-TOR/candlesticks?start_ts=1769324700&end_ts=1769572800&period_interval=60
2025020832,home,0.49,0.48,0.49,2026-01-28T00:00:00Z,KXNHLGAME-26JAN27VGKMTL-MTL,close,historical,https://api.elections.kalshi.com/trade-api/v2/historical/markets/KXNHLGAME-26JAN27VGKMTL-MTL/candlesticks?start_ts=1769324700&end_ts=1769572800&period_interval=60
2025020832,away,0.53,0.52,0.53,2026-01-28T00:00:00Z,KXNHLGAME-26JAN27VGKMTL-VGK,close,historical,https://api.elections.kalshi.com/trade-api/v2/historical/markets/KXNHLGAME-26JAN27VGKMTL-VGK/candlesticks?start_ts=1769324700&end_ts=1769572800&period_interval=60
2025020833,home,0.55,0.54,0.55,2026-01-28T00:00:00Z,KXNHLGAME-26JAN27LADET-DET,close,historical,https://api.elections.kalshi.com/trade-api/v2/historical/markets/KXNHLGAME-26JAN27LADET-DET/candlesticks?start_ts=1769324700&end_ts=1769572800&period_interval=60
2025020833,away,0.47,0.46,0.47,2026-01-28T00:00:00Z,KXNHLGAME-26JAN27LADET-LA,close,historical,https://api.elections.kalshi.com/trade-api/v2/historical/markets/KXNHLGAME-26JAN27LADET-LA/candlesticks?start_ts=1769324700&end_ts=1769572800&period_interval=60
2025020834,home,0.59,0.58,0.59,2026-01-28T00:00:00Z,KXNHLGAME-26JAN27UTAFLA-FLA,close,historical,https://api.elections.kalshi.com/trade-api/v2/historical/markets/KXNHLGAME-26JAN27UTAFLA-FLA/candlesticks?start_ts=1769324700&end_ts=1769572800&period_interval=60
2025020834,away,0.42,0.41,0.42,2026-01-28T00:00:00Z,KXNHLGAME-26JAN27UTAFLA-UTA,close,historical,https://api.elections.kalshi.com/trade-api/v2/historical/markets/KXNHLGAME-26JAN27UTAFLA-UTA/candlesticks?start_ts=1769324700&end_ts=1769572800&period_interval=60
2025020835,home,0.54,0.53,0.54,2026-01-28T00:00:00Z,KXNHLGAME-26JAN27WPGNJ-NJ,close,historical,https://api.elections.kalshi.com/trade-api/v2/historical/markets/KXNHLGAME-26JAN27WPGNJ-NJ/candlesticks?start_ts=1769324760&end_ts=1769575002&period_interval=60
2025020835,away,0.46,0.45,0.46,2026-01-28T00:00:00Z,KXNHLGAME-26JAN27WPGNJ-WPG,close,historical,https://api.elections.kalshi.com/trade-api/v2/historical/markets/KXNHLGAME-26JAN27WPGNJ-WPG/candlesticks?start_ts=1769324760&end_ts=1769575002&period_interval=60
2025020836,away,0.6,0.59,0.6,2026-01-28T01:00:00Z,KXNHLGAME-26JAN27DALSTL-DAL,close,historical,https://api.elections.kalshi.com/trade-api/v2/historical/markets/KXNHLGAME-26JAN27DALSTL-DAL/candlesticks?start_ts=1769324760&end_ts=1769576400&period_interval=60
2025020836,home,0.41,0.4,0.41,2026-01-28T01:00:00Z,KXNHLGAME-26JAN27DALSTL-STL,close,historical,https://api.elections.kalshi.com/trade-api/v2/historical/markets/KXNHLGAME-26JAN27DALSTL-STL/candlesticks?start_ts=1769324760&end_ts=1769576400&period_interval=60
2025020837,away,0.36,0.35,0.36,2026-01-28T01:00:00Z,KXNHLGAME-26JAN27CHIMIN-CHI,close,historical,https://api.elections.kalshi.com/trade-api/v2/historical/markets/KXNHLGAME-26JAN27CHIMIN-CHI/candlesticks?start_ts=1769324760&end_ts=1769576400&period_interval=60
2025020837,home,0.65,0.64,0.65,2026-01-28T01:00:00Z,KXNHLGAME-26JAN27CHIMIN-MIN,close,historical,https://api.elections.kalshi.com/trade-api/v2/historical/markets/KXNHLGAME-26JAN27CHIMIN-MIN/candlesticks?start_ts=1769324760&end_ts=1769576400&period_interval=60
2025020838,away,0.56,0.55,0.56,2026-01-28T03:00:00Z,KXNHLGAME-26JAN27SJVAN-SJ,close,historical,https://api.elections.kalshi.com/trade-api/v2/historical/markets/KXNHLGAME-26JAN27SJVAN-SJ/candlesticks?start_ts=1769335560&end_ts=1769583600&period_interval=60
2025020838,home,0.46,0.45,0.46,2026-01-28T03:00:00Z,KXNHLGAME-26JAN27SJVAN-VAN,close,historical,https://api.elections.kalshi.com/trade-api/v2/historical/markets/KXNHLGAME-26JAN27SJVAN-VAN/candlesticks?start_ts=1769335560&end_ts=1769583600&period_interval=60
2025020839,home,0.46,0.45,0.46,2026-01-28T03:00:00Z,KXNHLGAME-26JAN27WSHSEA-SEA,close,historical,https://api.elections.kalshi.com/trade-api/v2/historical/markets/KXNHLGAME-26JAN27WSHSEA-SEA/candlesticks?start_ts=1769335560&end_ts=1769583600&period_interval=60
2025020839,away,0.55,0.54,0.55,2026-01-28T03:00:00Z,KXNHLGAME-26JAN27WSHSEA-WSH,close,historical,https://api.elections.kalshi.com/trade-api/v2/historical/markets/KXNHLGAME-26JAN27WSHSEA-WSH/candlesticks?start_ts=1769335560&end_ts=1769583600&period_interval=60
2025020840,home,0.53,0.52,0.53,2026-01-29T00:00:00Z,KXNHLGAME-26JAN28PHICBJ-CBJ,close,historical,https://api.elections.kalshi.com/trade-api/v2/historical/markets/KXNHLGAME-26JAN28PHICBJ-CBJ/candlesticks?start_ts=1769411160&end_ts=1769661000&period_interval=60
2025020840,away,0.48,0.47,0.48,2026-01-29T00:00:00Z,KXNHLGAME-26JAN28PHICBJ-PHI,close,historical,https://api.elections.kalshi.com/trade-api/v2/historical/markets/KXNHLGAME-26JAN28PHICBJ-PHI/candlesticks?start_ts=1769411160&end_ts=1769661000&period_interval=60
2025020841,away,0.59,0.58,0.59,2026-01-29T00:00:00Z,KXNHLGAME-26JAN28COLOTT-COL,close,historical,https://api.elections.kalshi.com/trade-api/v2/historical/markets/KXNHLGAME-26JAN28COLOTT-COL/candlesticks?start_ts=1769411160&end_ts=1769661000&period_interval=60
2025020841,home,0.43,0.42,0.43,2026-01-29T00:00:00Z,KXNHLGAME-26JAN28COLOTT-OTT,close,historical,https://api.elections.kalshi.com/trade-api/v2/historical/markets/KXNHLGAME-26JAN28COLOTT-OTT/candlesticks?start_ts=1769411160&end_ts=1769661000&period_interval=60
2025020842,home,0.57,0.56,0.57,2026-01-29T00:00:00Z,KXNHLGAME-26JAN28NYRNYI-NYI,close,historical,https://api.elections.kalshi.com/trade-api/v2/historical/markets/KXNHLGAME-26JAN28NYRNYI-NYI/candlesticks?start_ts=1769411160&end_ts=1769659200&period_interval=60
2025020842,away,0.44,0.43,0.44,2026-01-29T00:00:00Z,KXNHLGAME-26JAN28NYRNYI-NYR,close,historical,https://api.elections.kalshi.com/trade-api/v2/historical/markets/KXNHLGAME-26JAN28NYRNYI-NYR/candlesticks?start_ts=1769411160&end_ts=1769659200&period_interval=60
2025020843,home,0.6,0.59,0.6,2026-01-30T00:00:00Z,KXNHLGAME-26JAN29PHIBOS-BOS,close,historical,https://api.elections.kalshi.com/trade-api/v2/historical/markets/KXNHLGAME-26JAN29PHIBOS-BOS/candlesticks?start_ts=1769497560&end_ts=1769745600&period_interval=60
2025020843,away,0.41,0.4,0.41,2026-01-30T00:00:00Z,KXNHLGAME-26JAN29PHIBOS-PHI,close,historical,https://api.elections.kalshi.com/trade-api/v2/historical/markets/KXNHLGAME-26JAN29PHIBOS-PHI/candlesticks?start_ts=1769497560&end_ts=1769745600&period_interval=60
2025020844,home,0.53,0.52,0.53,2026-01-30T00:00:00Z,KXNHLGAME-26JAN29LABUF-BUF,close,historical,https://api.elections.kalshi.com/trade-api/v2/historical/markets/KXNHLGAME-26JAN29LABUF-BUF/candlesticks?start_ts=1769497560&end_ts=1769745600&period_interval=60
2025020844,away,0.48,0.47,0.48,2026-01-30T00:00:00Z,KXNHLGAME-26JAN29LABUF-LA,close,historical,https://api.elections.kalshi.com/trade-api/v2/historical/markets/KXNHLGAME-26JAN29LABUF-LA/candlesticks?start_ts=1769497560&end_ts=1769745600&period_interval=60
2025020845,away,0.55,0.54,0.53,2026-01-30T00:00:00Z,KXNHLGAME-26JAN29COLMTL-COL,close,historical,https://api.elections.kalshi.com/trade-api/v2/historical/markets/KXNHLGAME-26JAN29COLMTL-COL/candlesticks?start_ts=1769497500&end_ts=1769745600&period_interval=60
2025020845,home,0.47,0.46,0.46,2026-01-30T00:00:00Z,KXNHLGAME-26JAN29COLMTL-MTL,close,historical,https://api.elections.kalshi.com/trade-api/v2/historical/markets/KXNHLGAME-26JAN29COLMTL-MTL/candlesticks?start_ts=1769497500&end_ts=1769745600&period_interval=60
2025020846,home,0.56,0.55,0.56,2026-01-30T00:00:00Z,KXNHLGAME-26JAN29WSHDET-DET,close,historical,https://api.elections.kalshi.com/trade-api/v2/historical/markets/KXNHLGAME-26JAN29WSHDET-DET/candlesticks?start_ts=1769497560&end_ts=1769747400&period_interval=60
2025020846,away,0.45,0.44,0.45,2026-01-30T00:00:00Z,KXNHLGAME-26JAN29WSHDET-WSH,close,historical,https://api.elections.kalshi.com/trade-api/v2/historical/markets/KXNHLGAME-26JAN29WSHDET-WSH/candlesticks?start_ts=1769497560&end_ts=1769747400&period_interval=60
2025020847,home,0.64,0.63,0.64,2026-01-30T00:00:00Z,KXNHLGAME-26JAN29WPGTB-TB,close,historical,https://api.elections.kalshi.com/trade-api/v2/historical/markets/KXNHLGAME-26JAN29WPGTB-TB/candlesticks?start_ts=1769497560&end_ts=1769745600&period_interval=60
2025020847,away,0.38,0.37,0.38,2026-01-30T00:00:00Z,KXNHLGAME-26JAN29WPGTB-WPG,close,historical,https://api.elections.kalshi.com/trade-api/v2/historical/markets/KXNHLGAME-26JAN29WPGTB-WPG/candlesticks?start_ts=1769497560&end_ts=1769745600&period_interval=60
2025020848,home,0.55,0.54,0.55,2026-01-30T00:00:00Z,KXNHLGAME-26JAN29NSHNJ-NJ,close,historical,https://api.elections.kalshi.com/trade-api/v2/historical/markets/KXNHLGAME-26JAN29NSHNJ-NJ/candlesticks?start_ts=1769497500&end_ts=1769745600&period_interval=60
2025020848,away,0.46,0.45,0.46,2026-01-30T00:00:00Z,KXNHLGAME-26JAN29NSHNJ-NSH,close,historical,https://api.elections.kalshi.com/trade-api/v2/historical/markets/KXNHLGAME-26JAN29NSHNJ-NSH/candlesticks?start_ts=1769497500&end_ts=1769745600&period_interval=60
2025020849,away,0.58,0.57,0.57,2026-01-30T00:00:00Z,KXNHLGAME-26JAN29NYINYR-NYI,close,historical,https://api.elections.kalshi.com/trade-api/v2/historical/markets/KXNHLGAME-26JAN29NYINYR-NYI/candlesticks?start_ts=1769497500&end_ts=1769745600&period_interval=60
2025020849,home,0.43,0.42,0.43,2026-01-30T00:00:00Z,KXNHLGAME-26JAN29NYINYR-NYR,close,historical,https://api.elections.kalshi.com/trade-api/v2/historical/markets/KXNHLGAME-26JAN29NYINYR-NYR/candlesticks?start_ts=1769497500&end_ts=1769745600&period_interval=60
2025020850,away,0.39,0.38,0.39,2026-01-30T00:00:00Z,KXNHLGAME-26JAN29CHIPIT-CHI,close,historical,https://api.elections.kalshi.com/trade-api/v2/historical/markets/KXNHLGAME-26JAN29CHIPIT-CHI/candlesticks?start_ts=1769497560&end_ts=1769745600&period_interval=60
2025020850,home,0.62,0.61,0.62,2026-01-30T00:00:00Z,KXNHLGAME-26JAN29CHIPIT-PIT,close,historical,https://api.elections.kalshi.com/trade-api/v2/historical/markets/KXNHLGAME-26JAN29CHIPIT-PIT/candlesticks?start_ts=1769497560&end_ts=1769745600&period_interval=60
2025020851,home,0.61,0.6,0.61,2026-01-30T00:00:00Z,KXNHLGAME-26JAN29UTACAR-CAR,close,historical,https://api.elections.kalshi.com/trade-api/v2/historical/markets/KXNHLGAME-26JAN29UTACAR-CAR/candlesticks?start_ts=1769497560&end_ts=1769745600&period_interval=60
2025020851,away,0.4,0.39,0.4,2026-01-30T00:00:00Z,KXNHLGAME-26JAN29UTACAR-UTA,close,historical,https://api.elections.kalshi.com/trade-api/v2/historical/markets/KXNHLGAME-26JAN29UTACAR-UTA/candlesticks?start_ts=1769497560&end_ts=1769745600&period_interval=60
2025020852,away,0.58,0.57,0.58,2026-01-30T01:00:00Z,KXNHLGAME-26JAN29FLASTL-FLA,close,historical,https://api.elections.kalshi.com/trade-api/v2/historical/markets/KXNHLGAME-26JAN29FLASTL-FLA/candlesticks?start_ts=1769497560&end_ts=1769749200&period_interval=60
2025020852,home,0.42,0.41,0.42,2026-01-30T01:00:00Z,KXNHLGAME-26JAN29FLASTL-STL,close,historical,https://api.elections.kalshi.com/trade-api/v2/historical/markets/KXNHLGAME-26JAN29FLASTL-STL/candlesticks?start_ts=1769497560&end_ts=1769749200&period_interval=60
2025020853,away,0.38,0.37,0.38,2026-01-30T01:00:00Z,KXNHLGAME-26JAN29CGYMIN-CGY,close,historical,https://api.elections.kalshi.com/trade-api/v2/historical/markets/KXNHLGAME-26JAN29CGYMIN-CGY/candlesticks?start_ts=1769497560&end_ts=1769749200&period_interval=60
2025020853,home,0.63,0.62,0.63,2026-01-30T01:00:00Z,KXNHLGAME-26JAN29CGYMIN-MIN,close,historical,https://api.elections.kalshi.com/trade-api/v2/historical/markets/KXNHLGAME-26JAN29CGYMIN-MIN/candlesticks?start_ts=1769497560&end_ts=1769749200&period_interval=60
2025020854,home,0.63,0.62,0.63,2026-01-30T02:00:00Z,KXNHLGAME-26JAN29SJEDM-EDM,close,historical,https://api.elections.kalshi.com/trade-api/v2/historical/markets/KXNHLGAME-26JAN29SJEDM-EDM/candlesticks?start_ts=1769497560&end_ts=1769752800&period_interval=60
2025020854,away,0.38,0.37,0.38,2026-01-30T02:00:00Z,KXNHLGAME-26JAN29SJEDM-SJ,close,historical,https://api.elections.kalshi.com/trade-api/v2/historical/markets/KXNHLGAME-26JAN29SJEDM-SJ/candlesticks?start_ts=1769497560&end_ts=1769752800&period_interval=60
2025020855,away,0.6,0.59,0.6,2026-01-30T03:00:00Z,KXNHLGAME-26JAN29ANAVAN-ANA,close,historical,https://api.elections.kalshi.com/trade-api/v2/historical/markets/KXNHLGAME-26JAN29ANAVAN-ANA/candlesticks?start_ts=1769508360&end_ts=1769756400&period_interval=60
2025020855,home,0.41,0.4,0.41,2026-01-30T03:00:00Z,KXNHLGAME-26JAN29ANAVAN-VAN,close,historical,https://api.elections.kalshi.com/trade-api/v2/historical/markets/KXNHLGAME-26JAN29ANAVAN-VAN/candlesticks?start_ts=1769508360&end_ts=1769756400&period_interval=60
2025020856,away,0.49,0.48,0.49,2026-01-30T03:00:00Z,KXNHLGAME-26JAN29DALVGK-DAL,close,historical,https://api.elections.kalshi.com/trade-api/v2/historical/markets/KXNHLGAME-26JAN29DALVGK-DAL/candlesticks?start_ts=1769508360&end_ts=1769756400&period_interval=60
2025020856,home,0.52,0.51,0.52,2026-01-30T03:00:00Z,KXNHLGAME-26JAN29DALVGK-VGK,close,historical,https://api.elections.kalshi.com/trade-api/v2/historical/markets/KXNHLGAME-26JAN29DALVGK-VGK/candlesticks?start_ts=1769508360&end_ts=1769756400&period_interval=60
2025020857,home,0.51,0.5,0.51,2026-01-30T03:00:00Z,KXNHLGAME-26JAN29TORSEA-SEA,close,historical,https://api.elections.kalshi.com/trade-api/v2/historical/markets/KXNHLGAME-26JAN29TORSEA-SEA/candlesticks?start_ts=1769508360&end_ts=1769756400&period_interval=60
2025020857,away,0.5,0.49,0.5,2026-01-30T03:00:00Z,KXNHLGAME-26JAN29TORSEA-TOR,close,historical,https://api.elections.kalshi.com/trade-api/v2/historical/markets/KXNHLGAME-26JAN29TORSEA-TOR/candlesticks?start_ts=1769508360&end_ts=1769756400&period_interval=60
2025020858,away,0.6,0.59,0.59,2026-01-31T01:00:00Z,KXNHLGAME-26JAN30CBJCHI-CBJ,close,historical,https://api.elections.kalshi.com/trade-api/v2/historical/markets/KXNHLGAME-26JAN30CBJCHI-CBJ/candlesticks?start_ts=1769583960&end_ts=1769837400&period_interval=60
2025020858,home,0.41,0.4,0.41,2026-01-31T01:00:00Z,KXNHLGAME-26JAN30CBJCHI-CHI,close,historical,https://api.elections.kalshi.com/trade-api/v2/historical/markets/KXNHLGAME-26JAN30CBJCHI-CHI/candlesticks?start_ts=1769583960&end_ts=1769837400&period_interval=60
2025020859,away,0.51,0.5,0.51,2026-01-31T17:00:00Z,KXNHLGAME-26JAN31LAPHI-LA,close,historical,https://api.elections.kalshi.com/trade-api/v2/historical/markets/KXNHLGAME-26JAN31LAPHI-LA/candlesticks?start_ts=1769648760&end_ts=1769895000&period_interval=60
2025020859,home,0.5,0.49,0.5,2026-01-31T17:00:00Z,KXNHLGAME-26JAN31LAPHI-PHI,close,historical,https://api.elections.kalshi.com/trade-api/v2/historical/markets/KXNHLGAME-26JAN31LAPHI-PHI/candlesticks?start_ts=1769648760&end_ts=1769895000&period_interval=60
2025020860,away,0.58,0.57,0.58,2026-01-31T18:00:00Z,KXNHLGAME-26JAN31COLDET-COL,close,historical,https://api.elections.kalshi.com/trade-api/v2/historical/markets/KXNHLGAME-26JAN31COLDET-COL/candlesticks?start_ts=1769648760&end_ts=1769896800&period_interval=60
2025020860,home,0.44,0.43,0.44,2026-01-31T18:00:00Z,KXNHLGAME-26JAN31COLDET-DET,close,historical,https://api.elections.kalshi.com/trade-api/v2/historical/markets/KXNHLGAME-26JAN31COLDET-DET/candlesticks?start_ts=1769648760&end_ts=1769896800&period_interval=60
2025020861,away,0.35,0.34,0.35,2026-01-31T20:00:00Z,KXNHLGAME-26JAN31NYRPIT-NYR,close,historical,https://api.elections.kalshi.com/trade-api/v2/historical/markets/KXNHLGAME-26JAN31NYRPIT-NYR/candlesticks?start_ts=1769659560&end_ts=1769905800&period_interval=60
2025020861,home,0.66,0.65,0.66,2026-01-31T20:00:00Z,KXNHLGAME-26JAN31NYRPIT-PIT,close,historical,https://api.elections.kalshi.com/trade-api/v2/historical/markets/KXNHLGAME-26JAN31NYRPIT-PIT/candlesticks?start_ts=1769659560&end_ts=1769905800&period_interval=60
2025020862,home,0.57,0.56,0.57,2026-01-31T21:00:00Z,KXNHLGAME-26JAN31WPGFLA-FLA,close,historical,https://api.elections.kalshi.com/trade-api/v2/historical/markets/KXNHLGAME-26JAN31WPGFLA-FLA/candlesticks?start_ts=1769659560&end_ts=1769907600&period_interval=60
2025020862,away,0.45,0.44,0.45,2026-01-31T21:00:00Z,KXNHLGAME-26JAN31WPGFLA-WPG,close,historical,https://api.elections.kalshi.com/trade-api/v2/historical/markets/KXNHLGAME-26JAN31WPGFLA-WPG/candlesticks?start_ts=1769659560&end_ts=1769907600&period_interval=60
2025020863,home,0.5,0.49,0.49,2026-01-31T21:00:00Z,KXNHLGAME-26JAN31SJCGY-CGY,close,historical,https://api.elections.kalshi.com/trade-api/v2/historical/markets/KXNHLGAME-26JAN31SJCGY-CGY/candlesticks?start_ts=1769659560&end_ts=1769907600&period_interval=60
2025020863,away,0.53,0.52,0.53,2026-01-31T21:00:00Z,KXNHLGAME-26JAN31SJCGY-SJ,close,historical,https://api.elections.kalshi.com/trade-api/v2/historical/markets/KXNHLGAME-26JAN31SJCGY-SJ/candlesticks?start_ts=1769659560&end_ts=1769907600&period_interval=60
2025020864,away,0.64,0.63,0.64,2026-01-31T22:00:00Z,KXNHLGAME-26JAN31CARWSH-CAR,close,historical,https://api.elections.kalshi.com/trade-api/v2/historical/markets/KXNHLGAME-26JAN31CARWSH-CAR/candlesticks?start_ts=1769659560&end_ts=1769911200&period_interval=60
2025020864,home,0.37,0.36,0.37,2026-01-31T22:00:00Z,KXNHLGAME-26JAN31CARWSH-WSH,close,historical,https://api.elections.kalshi.com/trade-api/v2/historical/markets/KXNHLGAME-26JAN31CARWSH-WSH/candlesticks?start_ts=1769659560&end_ts=1769911200&period_interval=60
2025020865,home,0.54,0.53,0.54,2026-02-01T00:00:00Z,KXNHLGAME-26JAN31MTLBUF-BUF,close,historical,https://api.elections.kalshi.com/trade-api/v2/historical/markets/KXNHLGAME-26JAN31MTLBUF-BUF/candlesticks?start_ts=1769670360&end_ts=1769918400&period_interval=60
2025020865,away,0.47,0.46,0.47,2026-02-01T00:00:00Z,KXNHLGAME-26JAN31MTLBUF-MTL,close,historical,https://api.elections.kalshi.com/trade-api/v2/historical/markets/KXNHLGAME-26JAN31MTLBUF-MTL/candlesticks?start_ts=1769670360&end_ts=1769918400&period_interval=60
2025020866,away,0.4,0.39,0.4,2026-02-01T00:00:00Z,KXNHLGAME-26JAN31NJOTT-NJ,close,historical,https://api.elections.kalshi.com/trade-api/v2/historical/markets/KXNHLGAME-26JAN31NJOTT-NJ/candlesticks?start_ts=1769670360&end_ts=1769918400&period_interval=60
2025020866,home,0.62,0.61,0.62,2026-02-01T00:00:00Z,KXNHLGAME-26JAN31NJOTT-OTT,close,historical,https://api.elections.kalshi.com/trade-api/v2/historical/markets/KXNHLGAME-26JAN31NJOTT-OTT/candlesticks?start_ts=1769670360&end_ts=1769918400&period_interval=60
2025020867,away,0.47,0.46,0.47,2026-02-01T00:00:00Z,KXNHLGAME-26JAN31NSHNYI-NSH,close,historical,https://api.elections.kalshi.com/trade-api/v2/historical/markets/KXNHLGAME-26JAN31NSHNYI-NSH/candlesticks?start_ts=1769670360&end_ts=1769918400&period_interval=60
2025020867,home,0.54,0.53,0.54,2026-02-01T00:00:00Z,KXNHLGAME-26JAN31NSHNYI-NYI,close,historical,https://api.elections.kalshi.com/trade-api/v2/historical/markets/KXNHLGAME-26JAN31NSHNYI-NYI/candlesticks?start_ts=1769670360&end_ts=1769918400&period_interval=60
2025020868,away,0.51,0.5,0.51,2026-02-01T00:00:00Z,KXNHLGAME-26JAN31CBJSTL-CBJ,close,historical,https://api.elections.kalshi.com/trade-api/v2/historical/markets/KXNHLGAME-26JAN31CBJSTL-CBJ/candlesticks?start_ts=1769670360&end_ts=1769918400&period_interval=60
2025020868,home,0.5,0.49,0.5,2026-02-01T00:00:00Z,KXNHLGAME-26JAN31CBJSTL-STL,close,historical,https://api.elections.kalshi.com/trade-api/v2/historical/markets/KXNHLGAME-26JAN31CBJSTL-STL/candlesticks?start_ts=1769670360&end_ts=1769918400&period_interval=60
2025020869,away,0.6,0.59,0.6,2026-02-01T00:00:00Z,KXNHLGAME-26JAN31TORVAN-TOR,close,historical,https://api.elections.kalshi.com/trade-api/v2/historical/markets/KXNHLGAME-26JAN31TORVAN-TOR/candlesticks?start_ts=1769670360&end_ts=1769918400&period_interval=60
2025020869,home,0.42,0.41,0.42,2026-02-01T00:00:00Z,KXNHLGAME-26JAN31TORVAN-VAN,close,historical,https://api.elections.kalshi.com/trade-api/v2/historical/markets/KXNHLGAME-26JAN31TORVAN-VAN/candlesticks?start_ts=1769670360&end_ts=1769918400&period_interval=60
2025020870,away,0.49,0.48,0.49,2026-02-01T02:00:00Z,KXNHLGAME-26JAN31DALUTA-DAL,close,historical,https://api.elections.kalshi.com/trade-api/v2/historical/markets/KXNHLGAME-26JAN31DALUTA-DAL/candlesticks?start_ts=1769670360&end_ts=1769925600&period_interval=60
2025020870,home,0.53,0.52,0.53,2026-02-01T02:00:00Z,KXNHLGAME-26JAN31DALUTA-UTA,close,historical,https://api.elections.kalshi.com/trade-api/v2/historical/markets/KXNHLGAME-26JAN31DALUTA-UTA/candlesticks?start_ts=1769670360&end_ts=1769925600&period_interval=60
2025020871,home,0.54,0.53,0.54,2026-02-01T03:00:00Z,KXNHLGAME-26JAN31MINEDM-EDM,close,historical,https://api.elections.kalshi.com/trade-api/v2/historical/markets/KXNHLGAME-26JAN31MINEDM-EDM/candlesticks?start_ts=1769681160&end_ts=1769929200&period_interval=60
2025020871,away,0.47,0.46,0.47,2026-02-01T03:00:00Z,KXNHLGAME-26JAN31MINEDM-MIN,close,historical,https://api.elections.kalshi.com/trade-api/v2/historical/markets/KXNHLGAME-26JAN31MINEDM-MIN/candlesticks?start_ts=1769681160&end_ts=1769929200&period_interval=60
2025020872,away,0.37,0.36,0.37,2026-02-01T03:00:00Z,KXNHLGAME-26JAN31SEAVGK-SEA,close,historical,https://api.elections.kalshi.com/trade-api/v2/historical/markets/KXNHLGAME-26JAN31SEAVGK-SEA/candlesticks?start_ts=1769681160&end_ts=1769929200&period_interval=60
2025020872,home,0.64,0.63,0.64,2026-02-01T03:00:00Z,KXNHLGAME-26JAN31SEAVGK-VGK,close,historical,https://api.elections.kalshi.com/trade-api/v2/historical/markets/KXNHLGAME-26JAN31SEAVGK-VGK/candlesticks?start_ts=1769681160&end_ts=1769929200&period_interval=60
2025020873,away,0.35,0.34,0.35,2026-02-01T23:00:00Z,KXNHLGAME-26FEB01BOSTB-BOS,close,historical,https://api.elections.kalshi.com/trade-api/v2/historical/markets/KXNHLGAME-26FEB01BOSTB-BOS/candlesticks?start_ts=1769756760&end_ts=1770004198&period_interval=60
2025020873,home,0.66,0.65,0.66,2026-02-01T23:00:00Z,KXNHLGAME-26FEB01BOSTB-TB,close,historical,https://api.elections.kalshi.com/trade-api/v2/historical/markets/KXNHLGAME-26FEB01BOSTB-TB/candlesticks?start_ts=1769756760&end_ts=1770004198&period_interval=60
2025020874,home,0.62,0.61,0.62,2026-02-01T20:00:00Z,KXNHLGAME-26FEB01LACAR-CAR,close,historical,https://api.elections.kalshi.com/trade-api/v2/historical/markets/KXNHLGAME-26FEB01LACAR-CAR/candlesticks?start_ts=1769735160&end_ts=1769990400&period_interval=60
2025020874,away,0.4,0.39,0.4,2026-02-01T20:00:00Z,KXNHLGAME-26FEB01LACAR-LA,close,historical,https://api.elections.kalshi.com/trade-api/v2/historical/markets/KXNHLGAME-26FEB01LACAR-LA/candlesticks?start_ts=1769735160&end_ts=1769990400&period_interval=60
2025020875,home,0.52,0.51,0.52,2026-02-02T02:00:00Z,KXNHLGAME-26FEB01VGKANA-ANA,close,historical,https://api.elections.kalshi.com/trade-api/v2/historical/markets/KXNHLGAME-26FEB01VGKANA-ANA/candlesticks?start_ts=1769767560&end_ts=1770013800&period_interval=60
2025020875,away,0.49,0.48,0.49,2026-02-02T02:00:00Z,KXNHLGAME-26FEB01VGKANA-VGK,close,historical,https://api.elections.kalshi.com/trade-api/v2/historical/markets/KXNHLGAME-26FEB01VGKANA-VGK/candlesticks?start_ts=1769767560&end_ts=1770013800&period_interval=60
2025020876,away,0.5,0.49,0.5,2026-02-03T00:00:00Z,KXNHLGAME-26FEB02BUFFLA-BUF,close,historical,https://api.elections.kalshi.com/trade-api/v2/historical/markets/KXNHLGAME-26FEB02BUFFLA-BUF/candlesticks?start_ts=1769843160&end_ts=1770091200&period_interval=60
2025020876,home,0.52,0.51,0.52,2026-02-03T00:00:00Z,KXNHLGAME-26FEB02BUFFLA-FLA,close,historical,https://api.elections.kalshi.com/trade-api/v2/historical/markets/KXNHLGAME-26FEB02BUFFLA-FLA/candlesticks?start_ts=1769843160&end_ts=1770091200&period_interval=60
2025020877,away,0.54,0.53,0.54,2026-02-03T00:00:00Z,KXNHLGAME-26FEB02OTTPIT-OTT,close,historical,https://api.elections.kalshi.com/trade-api/v2/historical/markets/KXNHLGAME-26FEB02OTTPIT-OTT/candlesticks?start_ts=1769843160&end_ts=1770091200&period_interval=60
2025020877,home,0.48,0.47,0.47,2026-02-03T00:00:00Z,KXNHLGAME-26FEB02OTTPIT-PIT,close,historical,https://api.elections.kalshi.com/trade-api/v2/historical/markets/KXNHLGAME-26FEB02OTTPIT-PIT/candlesticks?start_ts=1769843160&end_ts=1770091200&period_interval=60
2025020878,away,0.46,0.45,0.46,2026-02-03T00:00:00Z,KXNHLGAME-26FEB02NYIWSH-NYI,close,historical,https://api.elections.kalshi.com/trade-api/v2/historical/markets/KXNHLGAME-26FEB02NYIWSH-NYI/candlesticks?start_ts=1769843160&end_ts=1770091200&period_interval=60
2025020878,home,0.55,0.54,0.55,2026-02-03T00:00:00Z,KXNHLGAME-26FEB02NYIWSH-WSH,close,historical,https://api.elections.kalshi.com/trade-api/v2/historical/markets/KXNHLGAME-26FEB02NYIWSH-WSH/candlesticks?start_ts=1769843160&end_ts=1770091200&period_interval=60
2025020879,home,0.55,0.54,0.55,2026-02-03T00:00:00Z,KXNHLGAME-26FEB02MTLMIN-MIN,close,historical,https://api.elections.kalshi.com/trade-api/v2/historical/markets/KXNHLGAME-26FEB02MTLMIN-MIN/candlesticks?start_ts=1769843160&end_ts=1770093000&period_interval=60
2025020879,away,0.46,0.45,0.46,2026-02-03T00:00:00Z,KXNHLGAME-26FEB02MTLMIN-MTL,close,historical,https://api.elections.kalshi.com/trade-api/v2/historical/markets/KXNHLGAME-26FEB02MTLMIN-MTL/candlesticks?start_ts=1769843160&end_ts=1770093000&period_interval=60
2025020880,home,0.57,0.56,0.57,2026-02-03T01:00:00Z,KXNHLGAME-26FEB02STLNSH-NSH,close,historical,https://api.elections.kalshi.com/trade-api/v2/historical/markets/KXNHLGAME-26FEB02STLNSH-NSH/candlesticks?start_ts=1769843160&end_ts=1770094800&period_interval=60
2025020880,away,0.45,0.44,0.45,2026-02-03T01:00:00Z,KXNHLGAME-26FEB02STLNSH-STL,close,historical,https://api.elections.kalshi.com/trade-api/v2/historical/markets/KXNHLGAME-26FEB02STLNSH-STL/candlesticks?start_ts=1769843160&end_ts=1770094800&period_interval=60
2025020881,home,0.5,0.49,0.5,2026-02-03T01:00:00Z,KXNHLGAME-26FEB02SJCHI-CHI,close,historical,https://api.elections.kalshi.com/trade-api/v2/historical/markets/KXNHLGAME-26FEB02SJCHI-CHI/candlesticks?start_ts=1769843160&end_ts=1770096600&period_interval=60
2025020881,away,0.51,0.5,0.51,2026-02-03T01:00:00Z,KXNHLGAME-26FEB02SJCHI-SJ,close,historical,https://api.elections.kalshi.com/trade-api/v2/historical/markets/KXNHLGAME-26FEB02SJCHI-SJ/candlesticks?start_ts=1769843160&end_ts=1770096600&period_interval=60
2025020882,home,0.59,0.58,0.59,2026-02-03T01:00:00Z,KXNHLGAME-26FEB02WPGDAL-DAL,close,historical,https://api.elections.kalshi.com/trade-api/v2/historical/markets/KXNHLGAME-26FEB02WPGDAL-DAL/candlesticks?start_ts=1769843160&end_ts=1770096600&period_interval=60
2025020882,away,0.43,0.42,0.43,2026-02-03T01:00:00Z,KXNHLGAME-26FEB02WPGDAL-WPG,close,historical,https://api.elections.kalshi.com/trade-api/v2/historical/markets/KXNHLGAME-26FEB02WPGDAL-WPG/candlesticks?start_ts=1769843160&end_ts=1770096600&period_interval=60
2025020883,home,0.65,0.64,0.64,2026-02-03T02:00:00Z,KXNHLGAME-26FEB02DETCOL-COL,close,historical,https://api.elections.kalshi.com/trade-api/v2/historical/markets/KXNHLGAME-26FEB02DETCOL-COL/candlesticks?start_ts=1769843160&end_ts=1770098400&period_interval=60
2025020883,away,0.37,0.36,0.37,2026-02-03T02:00:00Z,KXNHLGAME-26FEB02DETCOL-DET,close,historical,https://api.elections.kalshi.com/trade-api/v2/historical/markets/KXNHLGAME-26FEB02DETCOL-DET/candlesticks?start_ts=1769843160&end_ts=1770098400&period_interval=60
2025020884,home,0.72,0.71,0.72,2026-02-03T02:00:00Z,KXNHLGAME-26FEB02VANUTA-UTA,close,historical,https://api.elections.kalshi.com/trade-api/v2/historical/markets/KXNHLGAME-26FEB02VANUTA-UTA/candlesticks?start_ts=1769853960&end_ts=1770100200&period_interval=60
2025020884,away,0.29,0.28,0.29,2026-02-03T02:00:00Z,KXNHLGAME-26FEB02VANUTA-VAN,close,historical,https://api.elections.kalshi.com/trade-api/v2/historical/markets/KXNHLGAME-26FEB02VANUTA-VAN/candlesticks?start_ts=1769853960&end_ts=1770100200&period_interval=60
2025020885,home,0.49,0.48,0.49,2026-02-03T03:00:00Z,KXNHLGAME-26FEB02TORCGY-CGY,close,historical,https://api.elections.kalshi.com/trade-api/v2/historical/markets/KXNHLGAME-26FEB02TORCGY-CGY/candlesticks?start_ts=1769853960&end_ts=1770102000&period_interval=60
2025020885,away,0.53,0.52,0.53,2026-02-03T03:00:00Z,KXNHLGAME-26FEB02TORCGY-TOR,close,historical,https://api.elections.kalshi.com/trade-api/v2/historical/markets/KXNHLGAME-26FEB02TORCGY-TOR/candlesticks?start_ts=1769853960&end_ts=1770102000&period_interval=60
2025020886,away,0.38,0.37,0.38,2026-02-04T00:00:00Z,KXNHLGAME-26FEB03BUFTB-BUF,close,historical,https://api.elections.kalshi.com/trade-api/v2/historical/markets/KXNHLGAME-26FEB03BUFTB-BUF/candlesticks?start_ts=1769929560&end_ts=1770179400&period_interval=60
2025020886,home,0.63,0.62,0.63,2026-02-04T00:00:00Z,KXNHLGAME-26FEB03BUFTB-TB,close,historical,https://api.elections.kalshi.com/trade-api/v2/historical/markets/KXNHLGAME-26FEB03BUFTB-TB/candlesticks?start_ts=1769929560&end_ts=1770179400&period_interval=60
2025020887,away,0.52,0.51,0.52,2026-02-04T00:00:00Z,KXNHLGAME-26FEB03CBJNJ-CBJ,close,historical,https://api.elections.kalshi.com/trade-api/v2/historical/markets/KXNHLGAME-26FEB03CBJNJ-CBJ/candlesticks?start_ts=1769929560&end_ts=1770177600&period_interval=60
2025020887,home,0.49,0.48,0.49,2026-02-04T00:00:00Z,KXNHLGAME-26FEB03CBJNJ-NJ,close,historical,https://api.elections.kalshi.com/trade-api/v2/historical/markets/KXNHLGAME-26FEB03CBJNJ-NJ/candlesticks?start_ts=1769929560&end_ts=1770177600&period_interval=60
2025020888,home,0.48,0.47,0.48,2026-02-04T00:00:00Z,KXNHLGAME-26FEB03PITNYI-NYI,close,historical,https://api.elections.kalshi.com/trade-api/v2/historical/markets/KXNHLGAME-26FEB03PITNYI-NYI/candlesticks?start_ts=1769929560&end_ts=1770179400&period_interval=60
2025020888,away,0.53,0.52,0.53,2026-02-04T00:00:00Z,KXNHLGAME-26FEB03PITNYI-PIT,close,historical,https://api.elections.kalshi.com/trade-api/v2/historical/markets/KXNHLGAME-26FEB03PITNYI-PIT/candlesticks?start_ts=1769929560&end_ts=1770179400&period_interval=60
2025020889,home,0.57,0.56,0.57,2026-02-04T00:00:00Z,KXNHLGAME-26FEB03WSHPHI-PHI,close,historical,https://api.elections.kalshi.com/trade-api/v2/historical/markets/KXNHLGAME-26FEB03WSHPHI-PHI/candlesticks?start_ts=1769929560&end_ts=1770177600&period_interval=60
2025020889,away,0.44,0.43,0.44,2026-02-04T00:00:00Z,KXNHLGAME-26FEB03WSHPHI-WSH,close,historical,https://api.elections.kalshi.com/trade-api/v2/historical/markets/KXNHLGAME-26FEB03WSHPHI-WSH/candlesticks?start_ts=1769929560&end_ts=1770177600&period_interval=60
2025020890,home,0.62,0.61,0.62,2026-02-04T00:00:00Z,KXNHLGAME-26FEB03OTTCAR-CAR,close,historical,https://api.elections.kalshi.com/trade-api/v2/historical/markets/KXNHLGAME-26FEB03OTTCAR-CAR/candlesticks?start_ts=1769929500&end_ts=1770177600&period_interval=60
2025020890,away,0.4,0.39,0.4,2026-02-04T00:00:00Z,KXNHLGAME-26FEB03OTTCAR-OTT,close,historical,https://api.elections.kalshi.com/trade-api/v2/historical/markets/KXNHLGAME-26FEB03OTTCAR-OTT/candlesticks?start_ts=1769929500&end_ts=1770177600&period_interval=60
2025020891,home,0.62,0.61,0.62,2026-02-04T01:00:00Z,KXNHLGAME-26FEB03TOREDM-EDM,close,historical,https://api.elections.kalshi.com/trade-api/v2/historical/markets/KXNHLGAME-26FEB03TOREDM-EDM/candlesticks?start_ts=1769929560&end_ts=1770183000&period_interval=60
2025020891,away,0.39,0.38,0.39,2026-02-04T01:00:00Z,KXNHLGAME-26FEB03TOREDM-TOR,close,historical,https://api.elections.kalshi.com/trade-api/v2/historical/markets/KXNHLGAME-26FEB03TOREDM-TOR/candlesticks?start_ts=1769929560&end_ts=1770183000&period_interval=60
2025020892,home,0.57,0.56,0.57,2026-02-04T03:00:00Z,KXNHLGAME-26FEB03SEAANA-ANA,close,historical,https://api.elections.kalshi.com/trade-api/v2/historical/markets/KXNHLGAME-26FEB03SEAANA-ANA/candlesticks?start_ts=1769940360&end_ts=1770188400&period_interval=60
2025020892,away,0.44,0.43,0.44,2026-02-04T03:00:00Z,KXNHLGAME-26FEB03SEAANA-SEA,close,historical,https://api.elections.kalshi.com/trade-api/v2/historical/markets/KXNHLGAME-26FEB03SEAANA-SEA/candlesticks?start_ts=1769940360&end_ts=1770188400&period_interval=60
2025020893,away,0.42,0.41,0.42,2026-02-05T00:00:00Z,KXNHLGAME-26FEB04BOSFLA-BOS,close,historical,https://api.elections.kalshi.com/trade-api/v2/historical/markets/KXNHLGAME-26FEB04BOSFLA-BOS/candlesticks?start_ts=1770015960&end_ts=1770264000&period_interval=60
2025020893,home,0.6,0.59,0.6,2026-02-05T00:00:00Z,KXNHLGAME-26FEB04BOSFLA-FLA,close,historical,https://api.elections.kalshi.com/trade-api/v2/historical/markets/KXNHLGAME-26FEB04BOSFLA-FLA/candlesticks?start_ts=1770015960&end_ts=1770264000&period_interval=60
2025020894,home,0.58,0.57,0.58,2026-02-05T00:00:00Z,KXNHLGAME-26FEB04CHICBJ-CBJ,close,historical,https://api.elections.kalshi.com/trade-api/v2/historical/markets/KXNHLGAME-26FEB04CHICBJ-CBJ/candlesticks?start_ts=1770015960&end_ts=1770264000&period_interval=60
2025020894,away,0.43,0.42,0.43,2026-02-05T00:00:00Z,KXNHLGAME-26FEB04CHICBJ-CHI,close,historical,https://api.elections.kalshi.com/trade-api/v2/historical/markets/KXNHLGAME-26FEB04CHICBJ-CHI/candlesticks?start_ts=1770015960&end_ts=1770264000&period_interval=60
2025020895,away,0.47,0.46,0.47,2026-02-05T00:00:00Z,KXNHLGAME-26FEB04MTLWPG-MTL,close,historical,https://api.elections.kalshi.com/trade-api/v2/historical/markets/KXNHLGAME-26FEB04MTLWPG-MTL/candlesticks?start_ts=1770015960&end_ts=1770264000&period_interval=60
2025020895,home,0.55,0.54,0.55,2026-02-05T00:00:00Z,KXNHLGAME-26FEB04MTLWPG-WPG,close,historical,https://api.elections.kalshi.com/trade-api/v2/historical/markets/KXNHLGAME-26FEB04MTLWPG-WPG/candlesticks?start_ts=1770015960&end_ts=1770264000&period_interval=60
2025020896,away,0.54,0.53,0.54,2026-02-05T01:00:00Z,KXNHLGAME-26FEB04MINNSH-MIN,close,historical,https://api.elections.kalshi.com/trade-api/v2/historical/markets/KXNHLGAME-26FEB04MINNSH-MIN/candlesticks?start_ts=1770015960&end_ts=1770267600&period_interval=60
2025020896,home,0.47,0.46,0.47,2026-02-05T01:00:00Z,KXNHLGAME-26FEB04MINNSH-NSH,close,historical,https://api.elections.kalshi.com/trade-api/v2/historical/markets/KXNHLGAME-26FEB04MINNSH-NSH/candlesticks?start_ts=1770015960&end_ts=1770267600&period_interval=60
2025020897,home,0.73,0.72,0.73,2026-02-05T02:00:00Z,KXNHLGAME-26FEB04SJCOL-COL,close,historical,https://api.elections.kalshi.com/trade-api/v2/historical/markets/KXNHLGAME-26FEB04SJCOL-COL/candlesticks?start_ts=1770015960&end_ts=1770271200&period_interval=60
2025020897,away,0.29,0.28,0.29,2026-02-05T02:00:00Z,KXNHLGAME-26FEB04SJCOL-SJ,close,historical,https://api.elections.kalshi.com/trade-api/v2/historical/markets/KXNHLGAME-26FEB04SJCOL-SJ/candlesticks?start_ts=1770015960&end_ts=1770271200&period_interval=60
2025020898,away,0.46,0.45,0.46,2026-02-05T02:00:00Z,KXNHLGAME-26FEB04DETUTA-DET,close,historical,https://api.elections.kalshi.com/trade-api/v2/historical/markets/KXNHLGAME-26FEB04DETUTA-DET/candlesticks?start_ts=1770015960&end_ts=1770271200&period_interval=60
2025020898,home,0.56,0.55,0.56,2026-02-05T02:00:00Z,KXNHLGAME-26FEB04DETUTA-UTA,close,historical,https://api.elections.kalshi.com/trade-api/v2/historical/markets/KXNHLGAME-26FEB04DETUTA-UTA/candlesticks?start_ts=1770015960&end_ts=1770271200&period_interval=60
2025020899,home,0.67,0.66,0.67,2026-02-05T02:00:00Z,KXNHLGAME-26FEB04STLDAL-DAL,close,historical,https://api.elections.kalshi.com/trade-api/v2/historical/markets/KXNHLGAME-26FEB04STLDAL-DAL/candlesticks?start_ts=1770026760&end_ts=1770273000&period_interval=60
2025020899,away,0.35,0.34,0.35,2026-02-05T02:00:00Z,KXNHLGAME-26FEB04STLDAL-STL,close,historical,https://api.elections.kalshi.com/trade-api/v2/historical/markets/KXNHLGAME-26FEB04STLDAL-STL/candlesticks?start_ts=1770026760&end_ts=1770273000&period_interval=60
2025020900,home,0.45,0.44,0.45,2026-02-05T03:00:00Z,KXNHLGAME-26FEB04EDMCGY-CGY,close,historical,https://api.elections.kalshi.com/trade-api/v2/historical/markets/KXNHLGAME-26FEB04EDMCGY-CGY/candlesticks?start_ts=1770026760&end_ts=1770274800&period_interval=60
2025020900,away,0.56,0.55,0.56,2026-02-05T03:00:00Z,KXNHLGAME-26FEB04EDMCGY-EDM,close,historical,https://api.elections.kalshi.com/trade-api/v2/historical/markets/KXNHLGAME-26FEB04EDMCGY-EDM/candlesticks?start_ts=1770026760&end_ts=1770274800&period_interval=60
2025020901,away,0.28,0.27,0.28,2026-02-05T03:00:00Z,KXNHLGAME-26FEB04VANVGK-VAN,close,historical,https://api.elections.kalshi.com/trade-api/v2/historical/markets/KXNHLGAME-26FEB04VANVGK-VAN/candlesticks?start_ts=1770026760&end_ts=1770274800&period_interval=60
2025020901,home,0.73,0.72,0.73,2026-02-05T03:00:00Z,KXNHLGAME-26FEB04VANVGK-VGK,close,historical,https://api.elections.kalshi.com/trade-api/v2/historical/markets/KXNHLGAME-26FEB04VANVGK-VGK/candlesticks?start_ts=1770026760&end_ts=1770274800&period_interval=60
2025020902,home,0.61,0.6,0.6,2026-02-05T03:00:00Z,KXNHLGAME-26FEB04SEALA-LA,close,historical,https://api.elections.kalshi.com/trade-api/v2/historical/markets/KXNHLGAME-26FEB04SEALA-LA/candlesticks?start_ts=1770026760&end_ts=1770274800&period_interval=60
2025020902,away,0.4,0.39,0.4,2026-02-05T03:00:00Z,KXNHLGAME-26FEB04SEALA-SEA,close,historical,https://api.elections.kalshi.com/trade-api/v2/historical/markets/KXNHLGAME-26FEB04SEALA-SEA/candlesticks?start_ts=1770026760&end_ts=1770274800&period_interval=60
2025020903,home,0.55,0.54,0.55,2026-02-06T00:00:00Z,KXNHLGAME-26FEB05PITBUF-BUF,close,historical,https://api.elections.kalshi.com/trade-api/v2/historical/markets/KXNHLGAME-26FEB05PITBUF-BUF/candlesticks?start_ts=1770102360&end_ts=1770350400&period_interval=60
2025020903,away,0.47,0.46,0.47,2026-02-06T00:00:00Z,KXNHLGAME-26FEB05PITBUF-PIT,close,historical,https://api.elections.kalshi.com/trade-api/v2/historical/markets/KXNHLGAME-26FEB05PITBUF-PIT/candlesticks?start_ts=1770102360&end_ts=1770350400&period_interval=60
2025020904,away,0.35,0.34,0.35,2026-02-06T00:00:00Z,KXNHLGAME-26FEB05FLATB-FLA,close,historical,https://api.elections.kalshi.com/trade-api/v2/historical/markets/KXNHLGAME-26FEB05FLATB-FLA/candlesticks?start_ts=1770102360&end_ts=1770353098&period_interval=60
2025020904,home,0.66,0.65,0.66,2026-02-06T00:00:00Z,KXNHLGAME-26FEB05FLATB-TB,close,historical,https://api.elections.kalshi.com/trade-api/v2/historical/markets/KXNHLGAME-26FEB05FLATB-TB/candlesticks?start_ts=1770102360&end_ts=1770353098&period_interval=60
2025020905,home,0.51,0.5,0.51,2026-02-06T00:00:00Z,KXNHLGAME-26FEB05NYINJ-NJ,close,historical,https://api.elections.kalshi.com/trade-api/v2/historical/markets/KXNHLGAME-26FEB05NYINJ-NJ/candlesticks?start_ts=1770102360&end_ts=1770350400&period_interval=60
2025020905,away,0.51,0.5,0.52,2026-02-06T00:00:00Z,KXNHLGAME-26FEB05NYINJ-NYI,close,historical,https://api.elections.kalshi.com/trade-api/v2/historical/markets/KXNHLGAME-26FEB05NYINJ-NYI/candlesticks?start_ts=1770102360&end_ts=1770350400&period_interval=60
2025020906,away,0.67,0.66,0.66,2026-02-06T00:00:00Z,KXNHLGAME-26FEB05CARNYR-CAR,close,historical,https://api.elections.kalshi.com/trade-api/v2/historical/markets/KXNHLGAME-26FEB05CARNYR-CAR/candlesticks?start_ts=1770102360&end_ts=1770350400&period_interval=60
2025020906,home,0.35,0.34,0.35,2026-02-06T00:00:00Z,KXNHLGAME-26FEB05CARNYR-NYR,close,historical,https://api.elections.kalshi.com/trade-api/v2/historical/markets/KXNHLGAME-26FEB05CARNYR-NYR/candlesticks?start_ts=1770102360&end_ts=1770350400&period_interval=60
2025020907,away,0.56,0.55,0.56,2026-02-06T00:00:00Z,KXNHLGAME-26FEB05OTTPHI-OTT,close,historical,https://api.elections.kalshi.com/trade-api/v2/historical/markets/KXNHLGAME-26FEB05OTTPHI-OTT/candlesticks?start_ts=1770102360&end_ts=1770350400&period_interval=60
2025020907,home,0.46,0.45,0.46,2026-02-06T00:00:00Z,KXNHLGAME-26FEB05OTTPHI-PHI,close,historical,https://api.elections.kalshi.com/trade-api/v2/historical/markets/KXNHLGAME-26FEB05OTTPHI-PHI/candlesticks?start_ts=1770102360&end_ts=1770350400&period_interval=60
2025020908,away,0.4,0.39,0.4,2026-02-06T00:00:00Z,KXNHLGAME-26FEB05NSHWSH-NSH,close,historical,https://api.elections.kalshi.com/trade-api/v2/historical/markets/KXNHLGAME-26FEB05NSHWSH-NSH/candlesticks?start_ts=1770102360&end_ts=1770350400&period_interval=60
2025020908,home,0.61,0.6,0.61,2026-02-06T00:00:00Z,KXNHLGAME-26FEB05NSHWSH-WSH,close,historical,https://api.elections.kalshi.com/trade-api/v2/historical/markets/KXNHLGAME-26FEB05NSHWSH-WSH/candlesticks?start_ts=1770102360&end_ts=1770350400&period_interval=60
2025020909,away,0.44,0.43,0.44,2026-02-06T03:00:00Z,KXNHLGAME-26FEB05LAVGK-LA,close,historical,https://api.elections.kalshi.com/trade-api/v2/historical/markets/KXNHLGAME-26FEB05LAVGK-LA/candlesticks?start_ts=1770113160&end_ts=1770361200&period_interval=60
2025020909,home,0.57,0.56,0.57,2026-02-06T03:00:00Z,KXNHLGAME-26FEB05LAVGK-VGK,close,historical,https://api.elections.kalshi.com/trade-api/v2/historical/markets/KXNHLGAME-26FEB05LAVGK-VGK/candlesticks?start_ts=1770113160&end_ts=1770361200&period_interval=60
2025020910,away,0.51,0.5,0.51,2026-02-26T00:00:00Z,KXNHLGAME-26FEB25BUFNJ-BUF,close,historical,https://api.elections.kalshi.com/trade-api/v2/historical/markets/KXNHLGAME-26FEB25BUFNJ-BUF/candlesticks?start_ts=1771812300&end_ts=1772078400&period_interval=60
2025020910,home,0.51,0.5,0.51,2026-02-26T00:00:00Z,KXNHLGAME-26FEB25BUFNJ-NJ,close,historical,https://api.elections.kalshi.com/trade-api/v2/historical/markets/KXNHLGAME-26FEB25BUFNJ-NJ/candlesticks?start_ts=1771812300&end_ts=1772078400&period_interval=60
2025020911,away,0.43,0.42,0.42,2026-02-26T00:00:00Z,KXNHLGAME-26FEB25PHIWSH-PHI,close,historical,https://api.elections.kalshi.com/trade-api/v2/historical/markets/KXNHLGAME-26FEB25PHIWSH-PHI/candlesticks?start_ts=1771812300&end_ts=1772078400&period_interval=60
2025020911,home,0.57,0.56,0.57,2026-02-26T00:00:00Z,KXNHLGAME-26FEB25PHIWSH-WSH,close,historical,https://api.elections.kalshi.com/trade-api/v2/historical/markets/KXNHLGAME-26FEB25PHIWSH-WSH/candlesticks?start_ts=1771812300&end_ts=1772078400&period_interval=60
2025020912,home,0.67,0.66,0.66,2026-02-26T00:00:00Z,KXNHLGAME-26FEB25TORTB-TB,close,historical,https://api.elections.kalshi.com/trade-api/v2/historical/markets/KXNHLGAME-26FEB25TORTB-TB/candlesticks?start_ts=1771812300&end_ts=1772080200&period_interval=60
2025020912,away,0.34,0.33,0.34,2026-02-26T00:00:00Z,KXNHLGAME-26FEB25TORTB-TOR,close,historical,https://api.elections.kalshi.com/trade-api/v2/historical/markets/KXNHLGAME-26FEB25TORTB-TOR/candlesticks?start_ts=1771812300&end_ts=1772080200&period_interval=60
2025020913,home,0.6,0.59,0.6,2026-02-26T01:00:00Z,KXNHLGAME-26FEB25SEADAL-DAL,close,historical,https://api.elections.kalshi.com/trade-api/v2/historical/markets/KXNHLGAME-26FEB25SEADAL-DAL/candlesticks?start_ts=1771812300&end_ts=1772082000&period_interval=60
2025020913,away,0.41,0.4,0.41,2026-02-26T01:00:00Z,KXNHLGAME-26FEB25SEADAL-SEA,close,historical,https://api.elections.kalshi.com/trade-api/v2/historical/markets/KXNHLGAME-26FEB25SEADAL-SEA/candlesticks?start_ts=1771812300&end_ts=1772082000&period_interval=60
2025020914,away,0.53,0.52,0.53,2026-02-26T02:00:00Z,KXNHLGAME-26FEB25COLUTA-COL,close,historical,https://api.elections.kalshi.com/trade-api/v2/historical/markets/KXNHLGAME-26FEB25COLUTA-COL/candlesticks?start_ts=1771812300&end_ts=1772085600&period_interval=60
2025020914,home,0.48,0.47,0.48,2026-02-26T02:00:00Z,KXNHLGAME-26FEB25COLUTA-UTA,close,historical,https://api.elections.kalshi.com/trade-api/v2/historical/markets/KXNHLGAME-26FEB25COLUTA-UTA/candlesticks?start_ts=1771812300&end_ts=1772085600&period_interval=60
2025020915,home,0.45,0.44,0.45,2026-02-26T03:00:00Z,KXNHLGAME-26FEB25WPGVAN-VAN,close,historical,https://api.elections.kalshi.com/trade-api/v2/historical/markets/KXNHLGAME-26FEB25WPGVAN-VAN/candlesticks?start_ts=1771823100&end_ts=1772089200&period_interval=60
2025020915,away,0.56,0.55,0.56,2026-02-26T03:00:00Z,KXNHLGAME-26FEB25WPGVAN-WPG,close,historical,https://api.elections.kalshi.com/trade-api/v2/historical/markets/KXNHLGAME-26FEB25WPGVAN-WPG/candlesticks?start_ts=1771823100&end_ts=1772089200&period_interval=60
2025020916,home,0.62,0.61,0.62,2026-02-26T03:00:00Z,KXNHLGAME-26FEB25VGKLA-LA,close,historical,https://api.elections.kalshi.com/trade-api/v2/historical/markets/KXNHLGAME-26FEB25VGKLA-LA/candlesticks?start_ts=1771823100&end_ts=1772089200&period_interval=60
2025020916,away,0.39,0.38,0.39,2026-02-26T03:00:00Z,KXNHLGAME-26FEB25VGKLA-VGK,close,historical,https://api.elections.kalshi.com/trade-api/v2/historical/markets/KXNHLGAME-26FEB25VGKLA-VGK/candlesticks?start_ts=1771823100&end_ts=1772089200&period_interval=60
2025020917,home,0.46,0.45,0.46,2026-02-26T03:00:00Z,KXNHLGAME-26FEB25EDMANA-ANA,close,historical,https://api.elections.kalshi.com/trade-api/v2/historical/markets/KXNHLGAME-26FEB25EDMANA-ANA/candlesticks?start_ts=1771823100&end_ts=1772091000&period_interval=60
2025020917,away,0.55,0.54,0.55,2026-02-26T03:00:00Z,KXNHLGAME-26FEB25EDMANA-EDM,close,historical,https://api.elections.kalshi.com/trade-api/v2/historical/markets/KXNHLGAME-26FEB25EDMANA-EDM/candlesticks?start_ts=1771823100&end_ts=1772091000&period_interval=60
2025020918,home,0.51,0.5,0.51,2026-02-27T00:00:00Z,KXNHLGAME-26FEB26CBJBOS-BOS,close,historical,https://api.elections.kalshi.com/trade-api/v2/historical/markets/KXNHLGAME-26FEB26CBJBOS-BOS/candlesticks?start_ts=1771898760&end_ts=1772164800&period_interval=60
2025020918,away,0.5,0.49,0.5,2026-02-27T00:00:00Z,KXNHLGAME-26FEB26CBJBOS-CBJ,close,historical,https://api.elections.kalshi.com/trade-api/v2/historical/markets/KXNHLGAME-26FEB26CBJBOS-CBJ/candlesticks?start_ts=1771898760&end_ts=1772164800&period_interval=60
2025020919,home,0.57,0.56,0.57,2026-02-27T00:00:00Z,KXNHLGAME-26FEB26NYIMTL-MTL,close,historical,https://api.elections.kalshi.com/trade-api/v2/historical/markets/KXNHLGAME-26FEB26NYIMTL-MTL/candlesticks?start_ts=1771898760&end_ts=1772164800&period_interval=60
2025020919,away,0.44,0.43,0.44,2026-02-27T00:00:00Z,KXNHLGAME-26FEB26NYIMTL-NYI,close,historical,https://api.elections.kalshi.com/trade-api/v2/historical/markets/KXNHLGAME-26FEB26NYIMTL-NYI/candlesticks?start_ts=1771898760&end_ts=1772164800&period_interval=60
2025020920,away,0.43,0.42,0.43,2026-02-27T00:00:00Z,KXNHLGAME-26FEB26DETOTT-DET,close,historical,https://api.elections.kalshi.com/trade-api/v2/historical/markets/KXNHLGAME-26FEB26DETOTT-DET/candlesticks?start_ts=1771898760&end_ts=1772164800&period_interval=60
2025020920,home,0.59,0.58,0.59,2026-02-27T00:00:00Z,KXNHLGAME-26FEB26DETOTT-OTT,close,historical,https://api.elections.kalshi.com/trade-api/v2/historical/markets/KXNHLGAME-26FEB26DETOTT-OTT/candlesticks?start_ts=1771898760&end_ts=1772164800&period_interval=60
2025020921,home,0.61,0.6,0.61,2026-02-27T00:00:00Z,KXNHLGAME-26FEB26TORFLA-FLA,close,historical,https://api.elections.kalshi.com/trade-api/v2/historical/markets/KXNHLGAME-26FEB26TORFLA-FLA/candlesticks?start_ts=1771898760&end_ts=1772164800&period_interval=60
2025020921,away,0.41,0.4,0.4,2026-02-27T00:00:00Z,KXNHLGAME-26FEB26TORFLA-TOR,close,historical,https://api.elections.kalshi.com/trade-api/v2/historical/markets/KXNHLGAME-26FEB26TORFLA-TOR/candlesticks?start_ts=1771898760&end_ts=1772164800&period_interval=60
2025020922,away,0.42,0.41,0.42,2026-02-27T00:00:00Z,KXNHLGAME-26FEB26NJPIT-NJ,close,historical,https://api.elections.kalshi.com/trade-api/v2/historical/markets/KXNHLGAME-26FEB26NJPIT-NJ/candlesticks?start_ts=1771898760&end_ts=1772164800&period_interval=60
2025020922,home,0.59,0.58,0.59,2026-02-27T00:00:00Z,KXNHLGAME-26FEB26NJPIT-PIT,close,historical,https://api.elections.kalshi.com/trade-api/v2/historical/markets/KXNHLGAME-26FEB26NJPIT-PIT/candlesticks?start_ts=1771898760&end_ts=1772164800&period_interval=60
2025020923,home,0.57,0.56,0.57,2026-02-27T00:00:00Z,KXNHLGAME-26FEB26TBCAR-CAR,close,historical,https://api.elections.kalshi.com/trade-api/v2/historical/markets/KXNHLGAME-26FEB26TBCAR-CAR/candlesticks?start_ts=1771898760&end_ts=1772164800&period_interval=60
2025020923,away,0.43,0.42,0.43,2026-02-27T00:00:00Z,KXNHLGAME-26FEB26TBCAR-TB,close,historical,https://api.elections.kalshi.com/trade-api/v2/historical/markets/KXNHLGAME-26FEB26TBCAR-TB/candlesticks?start_ts=1771898760&end_ts=1772164800&period_interval=60
2025020924,home,0.57,0.56,0.57,2026-02-27T01:00:00Z,KXNHLGAME-26FEB26PHINYR-NYR,close,historical,https://api.elections.kalshi.com/trade-api/v2/historical/markets/KXNHLGAME-26FEB26PHINYR-NYR/candlesticks?start_ts=1771898760&end_ts=1772168400&period_interval=60
2025020924,away,0.44,0.43,0.44,2026-02-27T01:00:00Z,KXNHLGAME-26FEB26PHINYR-PHI,close,historical,https://api.elections.kalshi.com/trade-api/v2/historical/markets/KXNHLGAME-26FEB26PHINYR-PHI/candlesticks?start_ts=1771898760&end_ts=1772168400&period_interval=60
2025020925,away,0.45,0.44,0.45,2026-02-27T01:00:00Z,KXNHLGAME-26FEB26SEASTL-SEA,close,historical,https://api.elections.kalshi.com/trade-api/v2/historical/markets/KXNHLGAME-26FEB26SEASTL-SEA/candlesticks?start_ts=1771898760&end_ts=1772168400&period_interval=60
2025020925,home,0.56,0.55,0.56,2026-02-27T01:00:00Z,KXNHLGAME-26FEB26SEASTL-STL,close,historical,https://api.elections.kalshi.com/trade-api/v2/historical/markets/KXNHLGAME-26FEB26SEASTL-STL/candlesticks?start_ts=1771898760&end_ts=1772168400&period_interval=60
2025020926,away,0.4,0.39,0.4,2026-02-27T01:00:00Z,KXNHLGAME-26FEB26CHINSH-CHI,close,historical,https://api.elections.kalshi.com/trade-api/v2/historical/markets/KXNHLGAME-26FEB26CHINSH-CHI/candlesticks?start_ts=1771898760&end_ts=1772168400&period_interval=60
2025020926,home,0.62,0.61,0.62,2026-02-27T01:00:00Z,KXNHLGAME-26FEB26CHINSH-NSH,close,historical,https://api.elections.kalshi.com/trade-api/v2/historical/markets/KXNHLGAME-26FEB26CHINSH-NSH/candlesticks?start_ts=1771898760&end_ts=1772168400&period_interval=60
2025020927,home,0.58,0.57,0.58,2026-02-27T02:00:00Z,KXNHLGAME-26FEB26MINCOL-COL,close,historical,https://api.elections.kalshi.com/trade-api/v2/historical/markets/KXNHLGAME-26FEB26MINCOL-COL/candlesticks?start_ts=1771898760&end_ts=1772172000&period_interval=60
2025020927,away,0.43,0.42,0.43,2026-02-27T02:00:00Z,KXNHLGAME-26FEB26MINCOL-MIN,close,historical,https://api.elections.kalshi.com/trade-api/v2/historical/markets/KXNHLGAME-26FEB26MINCOL-MIN/candlesticks?start_ts=1771898760&end_ts=1772172000&period_interval=60
2025020928,away,0.47,0.46,0.46,2026-02-27T03:00:00Z,KXNHLGAME-26FEB26CGYSJ-CGY,close,historical,https://api.elections.kalshi.com/trade-api/v2/historical/markets/KXNHLGAME-26FEB26CGYSJ-CGY/candlesticks?start_ts=1771909560&end_ts=1772175600&period_interval=60
2025020928,home,0.55,0.54,0.55,2026-02-27T03:00:00Z,KXNHLGAME-26FEB26CGYSJ-SJ,close,historical,https://api.elections.kalshi.com/trade-api/v2/historical/markets/KXNHLGAME-26FEB26CGYSJ-SJ/candlesticks?start_ts=1771909560&end_ts=1772175600&period_interval=60
2025020929,away,0.51,0.5,0.51,2026-02-27T03:00:00Z,KXNHLGAME-26FEB26EDMLA-EDM,close,historical,https://api.elections.kalshi.com/trade-api/v2/historical/markets/KXNHLGAME-26FEB26EDMLA-EDM/candlesticks?start_ts=1771909560&end_ts=1772177400&period_interval=60
2025020929,home,0.49,0.48,0.49,2026-02-27T03:00:00Z,KXNHLGAME-26FEB26EDMLA-LA,close,historical,https://api.elections.kalshi.com/trade-api/v2/historical/markets/KXNHLGAME-26FEB26EDMLA-LA/candlesticks?start_ts=1771909560&end_ts=1772177400&period_interval=60
2025020930,away,0.49,0.48,0.49,2026-02-28T00:00:00Z,KXNHLGAME-26FEB27BUFFLA-BUF,close,historical,https://api.elections.kalshi.com/trade-api/v2/historical/markets/KXNHLGAME-26FEB27BUFFLA-BUF/candlesticks?start_ts=1771985220&end_ts=1772251200&period_interval=60
2025020930,home,0.52,0.51,0.51,2026-02-28T00:00:00Z,KXNHLGAME-26FEB27BUFFLA-FLA,close,historical,https://api.elections.kalshi.com/trade-api/v2/historical/markets/KXNHLGAME-26FEB27BUFFLA-FLA/candlesticks?start_ts=1771985220&end_ts=1772251200&period_interval=60
2025020931,away,0.5,0.49,0.5,2026-02-28T00:00:00Z,KXNHLGAME-26FEB27VGKWSH-VGK,close,historical,https://api.elections.kalshi.com/trade-api/v2/historical/markets/KXNHLGAME-26FEB27VGKWSH-VGK/candlesticks?start_ts=1771985220&end_ts=1772251200&period_interval=60
2025020931,home,0.52,0.51,0.52,2026-02-28T00:00:00Z,KXNHLGAME-26FEB27VGKWSH-WSH,close,historical,https://api.elections.kalshi.com/trade-api/v2/historical/markets/KXNHLGAME-26FEB27VGKWSH-WSH/candlesticks?start_ts=1771985220&end_ts=1772251200&period_interval=60
2025020932,away,0.45,0.44,0.45,2026-02-28T02:00:00Z,KXNHLGAME-26FEB27MINUTA-MIN,close,historical,https://api.elections.kalshi.com/trade-api/v2/historical/markets/KXNHLGAME-26FEB27MINUTA-MIN/candlesticks?start_ts=1771985220&end_ts=1772258400&period_interval=60
2025020932,home,0.57,0.56,0.57,2026-02-28T02:00:00Z,KXNHLGAME-26FEB27MINUTA-UTA,close,historical,https://api.elections.kalshi.com/trade-api/v2/historical/markets/KXNHLGAME-26FEB27MINUTA-UTA/candlesticks?start_ts=1771985220&end_ts=1772258400&period_interval=60
2025020933,home,0.57,0.56,0.57,2026-02-28T03:00:00Z,KXNHLGAME-26FEB27WPGANA-ANA,close,historical,https://api.elections.kalshi.com/trade-api/v2/historical/markets/KXNHLGAME-26FEB27WPGANA-ANA/candlesticks?start_ts=1771995960&end_ts=1772262000&period_interval=60
2025020933,away,0.45,0.44,0.45,2026-02-28T03:00:00Z,KXNHLGAME-26FEB27WPGANA-WPG,close,historical,https://api.elections.kalshi.com/trade-api/v2/historical/markets/KXNHLGAME-26FEB27WPGANA-WPG/candlesticks?start_ts=1771995960&end_ts=1772262000&period_interval=60
2025020934,home,0.48,0.47,0.48,2026-02-28T17:00:00Z,KXNHLGAME-26FEB28PITNYR-NYR,close,historical,https://api.elections.kalshi.com/trade-api/v2/historical/markets/KXNHLGAME-26FEB28PITNYR-NYR/candlesticks?start_ts=1772050020&end_ts=1772314200&period_interval=60
2025020934,away,0.54,0.53,0.54,2026-02-28T17:00:00Z,KXNHLGAME-26FEB28PITNYR-PIT,close,historical,https://api.elections.kalshi.com/trade-api/v2/historical/markets/KXNHLGAME-26FEB28PITNYR-PIT/candlesticks?start_ts=1772050020&end_ts=1772314200&period_interval=60
2025020935,away,0.51,0.49,0.51,2026-02-28T20:00:00Z,KXNHLGAME-26FEB28BOSPHI-BOS,close,historical,https://api.elections.kalshi.com/trade-api/v2/historical/markets/KXNHLGAME-26FEB28BOSPHI-BOS/candlesticks?start_ts=1772050020&end_ts=1772323200&period_interval=60
2025020935,home,0.52,0.51,0.52,2026-02-28T20:00:00Z,KXNHLGAME-26FEB28BOSPHI-PHI,close,historical,https://api.elections.kalshi.com/trade-api/v2/historical/markets/KXNHLGAME-26FEB28BOSPHI-PHI/candlesticks?start_ts=1772050020&end_ts=1772323200&period_interval=60
2025020936,away,0.6,0.59,0.6,2026-02-28T21:00:00Z,KXNHLGAME-26FEB28EDMSJ-EDM,close,historical,https://api.elections.kalshi.com/trade-api/v2/historical/markets/KXNHLGAME-26FEB28EDMSJ-EDM/candlesticks?start_ts=1772238660&end_ts=1772326800&period_interval=60
2025020936,home,0.41,0.39,0.41,2026-02-28T21:00:00Z,KXNHLGAME-26FEB28EDMSJ-SJ,close,historical,https://api.elections.kalshi.com/trade-api/v2/historical/markets/KXNHLGAME-26FEB28EDMSJ-SJ/candlesticks?start_ts=1772238660&end_ts=1772326800&period_interval=60
2025020937,home,0.58,0.57,0.58,2026-02-28T23:00:00Z,KXNHLGAME-26FEB28NYICBJ-CBJ,close,historical,https://api.elections.kalshi.com/trade-api/v2/historical/markets/KXNHLGAME-26FEB28NYICBJ-CBJ/candlesticks?start_ts=1772238660&end_ts=1772334000&period_interval=60
2025020937,away,0.44,0.43,0.44,2026-02-28T23:00:00Z,KXNHLGAME-26FEB28NYICBJ-NYI,close,historical,https://api.elections.kalshi.com/trade-api/v2/historical/markets/KXNHLGAME-26FEB28NYICBJ-NYI/candlesticks?start_ts=1772238660&end_ts=1772334000&period_interval=60
2025020938,away,0.25,0.24,0.25,2026-02-28T23:00:00Z,KXNHLGAME-26FEB28CHICOL-CHI,close,historical,https://api.elections.kalshi.com/trade-api/v2/historical/markets/KXNHLGAME-26FEB28CHICOL-CHI/candlesticks?start_ts=1772238660&end_ts=1772334000&period_interval=60
2025020938,home,0.76,0.75,0.76,2026-02-28T23:00:00Z,KXNHLGAME-26FEB28CHICOL-COL,close,historical,https://api.elections.kalshi.com/trade-api/v2/historical/markets/KXNHLGAME-26FEB28CHICOL-COL/candlesticks?start_ts=1772238660&end_ts=1772334000&period_interval=60
2025020939,away,0.56,0.55,0.56,2026-03-01T00:00:00Z,KXNHLGAME-26FEB28OTTTOR-OTT,close,historical,https://api.elections.kalshi.com/trade-api/v2/historical/markets/KXNHLGAME-26FEB28OTTTOR-OTT/candlesticks?start_ts=1772238660&end_ts=1772337600&period_interval=60
2025020939,home,0.45,0.44,0.44,2026-03-01T00:00:00Z,KXNHLGAME-26FEB28OTTTOR-TOR,close,historical,https://api.elections.kalshi.com/trade-api/v2/historical/markets/KXNHLGAME-26FEB28OTTTOR-TOR/candlesticks?start_ts=1772238660&end_ts=1772337600&period_interval=60
2025020940,home,0.6,0.59,0.6,2026-03-01T00:00:00Z,KXNHLGAME-26FEB28WSHMTL-MTL,close,historical,https://api.elections.kalshi.com/trade-api/v2/historical/markets/KXNHLGAME-26FEB28WSHMTL-MTL/candlesticks?start_ts=1772238660&end_ts=1772337600&period_interval=60
2025020940,away,0.4,0.39,0.4,2026-03-01T00:00:00Z,KXNHLGAME-26FEB28WSHMTL-WSH,close,historical,https://api.elections.kalshi.com/trade-api/v2/historical/markets/KXNHLGAME-26FEB28WSHMTL-WSH/candlesticks?start_ts=1772238660&end_ts=1772337600&period_interval=60
2025020941,away,0.31,0.3,0.31,2026-03-01T00:00:00Z,KXNHLGAME-26FEB28BUFTB-BUF,close,historical,https://api.elections.kalshi.com/trade-api/v2/historical/markets/KXNHLGAME-26FEB28BUFTB-BUF/candlesticks?start_ts=1772238660&end_ts=1772338072&period_interval=60
2025020941,home,0.69,0.68,0.69,2026-03-01T00:00:00Z,KXNHLGAME-26FEB28BUFTB-TB,close,historical,https://api.elections.kalshi.com/trade-api/v2/historical/markets/KXNHLGAME-26FEB28BUFTB-TB/candlesticks?start_ts=1772238660&end_ts=1772338072&period_interval=60
2025020942,home,0.65,0.64,0.65,2026-03-01T00:00:00Z,KXNHLGAME-26FEB28DETCAR-CAR,close,historical,https://api.elections.kalshi.com/trade-api/v2/historical/markets/KXNHLGAME-26FEB28DETCAR-CAR/candlesticks?start_ts=1772238660&end_ts=1772337600&period_interval=60
2025020942,away,0.37,0.36,0.37,2026-03-01T00:00:00Z,KXNHLGAME-26FEB28DETCAR-DET,close,historical,https://api.elections.kalshi.com/trade-api/v2/historical/markets/KXNHLGAME-26FEB28DETCAR-DET/candlesticks?start_ts=1772238660&end_ts=1772337600&period_interval=60
2025020943,away,0.52,0.51,0.52,2026-02-28T22:00:00Z,KXNHLGAME-26FEB28NJSTL-NJ,close,historical,https://api.elections.kalshi.com/trade-api/v2/historical/markets/KXNHLGAME-26FEB28NJSTL-NJ/candlesticks?start_ts=1772238660&end_ts=1772330400&period_interval=60
2025020943,home,0.49,0.48,0.49,2026-02-28T22:00:00Z,KXNHLGAME-26FEB28NJSTL-STL,close,historical,https://api.elections.kalshi.com/trade-api/v2/historical/markets/KXNHLGAME-26FEB28NJSTL-STL/candlesticks?start_ts=1772238660&end_ts=1772330400&period_interval=60
2025020944,away,0.44,0.43,0.44,2026-03-01T00:00:00Z,KXNHLGAME-26FEB28CGYLA-CGY,close,historical,https://api.elections.kalshi.com/trade-api/v2/historical/markets/KXNHLGAME-26FEB28CGYLA-CGY/candlesticks?start_ts=1772238660&end_ts=1772337600&period_interval=60
2025020944,home,0.57,0.56,0.57,2026-03-01T00:00:00Z,KXNHLGAME-26FEB28CGYLA-LA,close,historical,https://api.elections.kalshi.com/trade-api/v2/historical/markets/KXNHLGAME-26FEB28CGYLA-LA/candlesticks?start_ts=1772238660&end_ts=1772337600&period_interval=60
2025020945,home,0.58,0.57,0.58,2026-03-01T01:00:00Z,KXNHLGAME-26FEB28NSHDAL-DAL,close,historical,https://api.elections.kalshi.com/trade-api/v2/historical/markets/KXNHLGAME-26FEB28NSHDAL-DAL/candlesticks?start_ts=1772238660&end_ts=1772341200&period_interval=60
2025020945,away,0.43,0.42,0.43,2026-03-01T01:00:00Z,KXNHLGAME-26FEB28NSHDAL-NSH,close,historical,https://api.elections.kalshi.com/trade-api/v2/historical/markets/KXNHLGAME-26FEB28NSHDAL-NSH/candlesticks?start_ts=1772238660&end_ts=1772341200&period_interval=60
2025020946,home,0.61,0.6,0.61,2026-03-01T03:00:00Z,KXNHLGAME-26FEB28VANSEA-SEA,close,historical,https://api.elections.kalshi.com/trade-api/v2/historical/markets/KXNHLGAME-26FEB28VANSEA-SEA/candlesticks?start_ts=1772238660&end_ts=1772348400&period_interval=60
2025020946,away,0.41,0.4,0.41,2026-03-01T03:00:00Z,KXNHLGAME-26FEB28VANSEA-VAN,close,historical,https://api.elections.kalshi.com/trade-api/v2/historical/markets/KXNHLGAME-26FEB28VANSEA-VAN/candlesticks?start_ts=1772238660&end_ts=1772348400&period_interval=60
2025020947,home,0.43,0.42,0.43,2026-03-01T18:00:00Z,KXNHLGAME-26MAR01VGKPIT-PIT,close,historical,https://api.elections.kalshi.com/trade-api/v2/historical/markets/KXNHLGAME-26MAR01VGKPIT-PIT/candlesticks?start_ts=1772238660&end_ts=1772402400&period_interval=60
2025020947,away,0.58,0.57,0.58,2026-03-01T18:00:00Z,KXNHLGAME-26MAR01VGKPIT-VGK,close,historical,https://api.elections.kalshi.com/trade-api/v2/historical/markets/KXNHLGAME-26MAR01VGKPIT-VGK/candlesticks?start_ts=1772238660&end_ts=1772402400&period_interval=60
2025020948,away,0.58,0.57,0.58,2026-03-01T23:00:00Z,KXNHLGAME-26MAR01FLANYI-FLA,close,historical,https://api.elections.kalshi.com/trade-api/v2/historical/markets/KXNHLGAME-26MAR01FLANYI-FLA/candlesticks?start_ts=1772238660&end_ts=1772422200&period_interval=60
2025020948,home,0.44,0.43,0.44,2026-03-01T23:00:00Z,KXNHLGAME-26MAR01FLANYI-NYI,close,historical,https://api.elections.kalshi.com/trade-api/v2/historical/markets/KXNHLGAME-26MAR01FLANYI-NYI/candlesticks?start_ts=1772238660&end_ts=1772422200&period_interval=60
2025020949,away,0.26,0.25,0.26,2026-03-01T21:00:00Z,KXNHLGAME-26MAR01CHIUTA-CHI,close,historical,https://api.elections.kalshi.com/trade-api/v2/historical/markets/KXNHLGAME-26MAR01CHIUTA-CHI/candlesticks?start_ts=1772238660&end_ts=1772413200&period_interval=60
2025020949,home,0.75,0.74,0.75,2026-03-01T21:00:00Z,KXNHLGAME-26MAR01CHIUTA-UTA,close,historical,https://api.elections.kalshi.com/trade-api/v2/historical/markets/KXNHLGAME-26MAR01CHIUTA-UTA/candlesticks?start_ts=1772238660&end_ts=1772413200&period_interval=60
2025020950,home,0.5,0.49,0.5,2026-03-01T21:00:00Z,KXNHLGAME-26MAR01WPGSJ-SJ,close,historical,https://api.elections.kalshi.com/trade-api/v2/historical/markets/KXNHLGAME-26MAR01WPGSJ-SJ/candlesticks?start_ts=1772238660&end_ts=1772413200&period_interval=60
2025020950,away,0.52,0.51,0.52,2026-03-01T21:00:00Z,KXNHLGAME-26MAR01WPGSJ-WPG,close,historical,https://api.elections.kalshi.com/trade-api/v2/historical/markets/KXNHLGAME-26MAR01WPGSJ-WPG/candlesticks?start_ts=1772238660&end_ts=1772413200&period_interval=60
2025020951,home,0.68,0.67,0.68,2026-03-01T22:00:00Z,KXNHLGAME-26MAR01STLMIN-MIN,close,historical,https://api.elections.kalshi.com/trade-api/v2/historical/markets/KXNHLGAME-26MAR01STLMIN-MIN/candlesticks?start_ts=1772238660&end_ts=1772416800&period_interval=60
2025020951,away,0.32,0.31,0.32,2026-03-01T22:00:00Z,KXNHLGAME-26MAR01STLMIN-STL,close,historical,https://api.elections.kalshi.com/trade-api/v2/historical/markets/KXNHLGAME-26MAR01STLMIN-STL/candlesticks?start_ts=1772238660&end_ts=1772416800&period_interval=60
2025020952,home,0.63,0.62,0.63,2026-03-02T01:00:00Z,KXNHLGAME-26MAR01CGYANA-ANA,close,historical,https://api.elections.kalshi.com/trade-api/v2/historical/markets/KXNHLGAME-26MAR01CGYANA-ANA/candlesticks?start_ts=1772238660&end_ts=1772427600&period_interval=60
2025020952,away,0.38,0.37,0.38,2026-03-02T01:00:00Z,KXNHLGAME-26MAR01CGYANA-CGY,close,historical,https://api.elections.kalshi.com/trade-api/v2/historical/markets/KXNHLGAME-26MAR01CGYANA-CGY/candlesticks?start_ts=1772238660&end_ts=1772427600&period_interval=60
2025020953,away,0.52,0.51,0.52,2026-03-03T00:00:00Z,KXNHLGAME-26MAR02CBJNYR-CBJ,close,historical,https://api.elections.kalshi.com/trade-api/v2/historical/markets/KXNHLGAME-26MAR02CBJNYR-CBJ/candlesticks?start_ts=1772244360&end_ts=1772510606&period_interval=60
2025020953,home,0.48,0.47,0.48,2026-03-03T00:00:00Z,KXNHLGAME-26MAR02CBJNYR-NYR,close,historical,https://api.elections.kalshi.com/trade-api/v2/historical/markets/KXNHLGAME-26MAR02CBJNYR-NYR/candlesticks?start_ts=1772244360&end_ts=1772510606&period_interval=60
2025020954,away,0.46,0.45,0.46,2026-03-03T00:00:00Z,KXNHLGAME-26MAR02PHITOR-PHI,close,historical,https://api.elections.kalshi.com/trade-api/v2/historical/markets/KXNHLGAME-26MAR02PHITOR-PHI/candlesticks?start_ts=1772244360&end_ts=1772512200&period_interval=60
2025020954,home,0.55,0.54,0.55,2026-03-03T00:00:00Z,KXNHLGAME-26MAR02PHITOR-TOR,close,historical,https://api.elections.kalshi.com/trade-api/v2/historical/markets/KXNHLGAME-26MAR02PHITOR-TOR/candlesticks?start_ts=1772244360&end_ts=1772512200&period_interval=60
2025020955,away,0.52,0.5,0.52,2026-03-02T19:00:00Z,KXNHLGAME-26MAR02DETNSH-DET,close,historical,https://api.elections.kalshi.com/trade-api/v2/historical/markets/KXNHLGAME-26MAR02DETNSH-DET/candlesticks?start_ts=1772238660&end_ts=1772492400&period_interval=60
2025020955,home,0.5,0.49,0.5,2026-03-02T19:00:00Z,KXNHLGAME-26MAR02DETNSH-NSH,close,historical,https://api.elections.kalshi.com/trade-api/v2/historical/markets/KXNHLGAME-26MAR02DETNSH-NSH/candlesticks?start_ts=1772238660&end_ts=1772492400&period_interval=60
2025020956,away,0.65,0.64,0.65,2026-03-03T03:00:00Z,KXNHLGAME-26MAR02DALVAN-DAL,close,historical,https://api.elections.kalshi.com/trade-api/v2/historical/markets/KXNHLGAME-26MAR02DALVAN-DAL/candlesticks?start_ts=1772255160&end_ts=1772521200&period_interval=60
2025020956,home,0.36,0.35,0.36,2026-03-03T03:00:00Z,KXNHLGAME-26MAR02DALVAN-VAN,close,historical,https://api.elections.kalshi.com/trade-api/v2/historical/markets/KXNHLGAME-26MAR02DALVAN-VAN/candlesticks?start_ts=1772255160&end_ts=1772521200&period_interval=60
2025020957,away,0.63,0.62,0.63,2026-03-03T03:00:00Z,KXNHLGAME-26MAR02CARSEA-CAR,close,historical,https://api.elections.kalshi.com/trade-api/v2/historical/markets/KXNHLGAME-26MAR02CARSEA-CAR/candlesticks?start_ts=1772255160&end_ts=1772521200&period_interval=60
2025020957,home,0.38,0.37,0.38,2026-03-03T03:00:00Z,KXNHLGAME-26MAR02CARSEA-SEA,close,historical,https://api.elections.kalshi.com/trade-api/v2/historical/markets/KXNHLGAME-26MAR02CARSEA-SEA/candlesticks?start_ts=1772255160&end_ts=1772521200&period_interval=60
2025020958,away,0.63,0.62,0.63,2026-03-03T03:00:00Z,KXNHLGAME-26MAR02COLLA-COL,close,historical,https://api.elections.kalshi.com/trade-api/v2/historical/markets/KXNHLGAME-26MAR02COLLA-COL/candlesticks?start_ts=1772255160&end_ts=1772523000&period_interval=60
2025020958,home,0.39,0.38,0.39,2026-03-03T03:00:00Z,KXNHLGAME-26MAR02COLLA-LA,close,historical,https://api.elections.kalshi.com/trade-api/v2/historical/markets/KXNHLGAME-26MAR02COLLA-LA/candlesticks?start_ts=1772255160&end_ts=1772523000&period_interval=60
2025020959,home,0.54,0.53,0.54,2026-03-04T00:00:00Z,KXNHLGAME-26MAR03PITBOS-BOS,close,historical,https://api.elections.kalshi.com/trade-api/v2/historical/markets/KXNHLGAME-26MAR03PITBOS-BOS/candlesticks?start_ts=1772330700&end_ts=1772596800&period_interval=60
2025020959,away,0.47,0.46,0.47,2026-03-04T00:00:00Z,KXNHLGAME-26MAR03PITBOS-PIT,close,historical,https://api.elections.kalshi.com/trade-api/v2/historical/markets/KXNHLGAME-26MAR03PITBOS-PIT/candlesticks?start_ts=1772330700&end_ts=1772596800&period_interval=60
2025020960,home,0.58,0.57,0.57,2026-03-04T00:00:00Z,KXNHLGAME-26MAR03VGKBUF-BUF,close,historical,https://api.elections.kalshi.com/trade-api/v2/historical/markets/KXNHLGAME-26MAR03VGKBUF-BUF/candlesticks?start_ts=1772330760&end_ts=1772596800&period_interval=60
2025020960,away,0.44,0.43,0.44,2026-03-04T00:00:00Z,KXNHLGAME-26MAR03VGKBUF-VGK,close,historical,https://api.elections.kalshi.com/trade-api/v2/historical/markets/KXNHLGAME-26MAR03VGKBUF-VGK/candlesticks?start_ts=1772330760&end_ts=1772596800&period_interval=60
2025020961,away,0.52,0.51,0.52,2026-03-04T00:00:00Z,KXNHLGAME-26MAR03FLANJ-FLA,close,historical,https://api.elections.kalshi.com/trade-api/v2/historical/markets/KXNHLGAME-26MAR03FLANJ-FLA/candlesticks?start_ts=1772330700&end_ts=1772596800&period_interval=60
2025020961,home,0.49,0.48,0.49,2026-03-04T00:00:00Z,KXNHLGAME-26MAR03FLANJ-NJ,close,historical,https://api.elections.kalshi.com/trade-api/v2/historical/markets/KXNHLGAME-26MAR03FLANJ-NJ/candlesticks?start_ts=1772330700&end_ts=1772596800&period_interval=60
2025020962,away,0.49,0.48,0.49,2026-03-04T00:00:00Z,KXNHLGAME-26MAR03UTAWSH-UTA,close,historical,https://api.elections.kalshi.com/trade-api/v2/historical/markets/KXNHLGAME-26MAR03UTAWSH-UTA/candlesticks?start_ts=1772330700&end_ts=1772596800&period_interval=60
2025020962,home,0.52,0.51,0.52,2026-03-04T00:00:00Z,KXNHLGAME-26MAR03UTAWSH-WSH,close,historical,https://api.elections.kalshi.com/trade-api/v2/historical/markets/KXNHLGAME-26MAR03UTAWSH-WSH/candlesticks?start_ts=1772330700&end_ts=1772596800&period_interval=60
2025020963,home,0.56,0.55,0.56,2026-03-04T00:00:00Z,KXNHLGAME-26MAR03NSHCBJ-CBJ,close,historical,https://api.elections.kalshi.com/trade-api/v2/historical/markets/KXNHLGAME-26MAR03NSHCBJ-CBJ/candlesticks?start_ts=1772330760&end_ts=1772596800&period_interval=60
2025020963,away,0.46,0.45,0.46,2026-03-04T00:00:00Z,KXNHLGAME-26MAR03NSHCBJ-NSH,close,historical,https://api.elections.kalshi.com/trade-api/v2/historical/markets/KXNHLGAME-26MAR03NSHCBJ-NSH/candlesticks?start_ts=1772330760&end_ts=1772596800&period_interval=60
2025020964,away,0.43,0.42,0.43,2026-03-04T01:00:00Z,KXNHLGAME-26MAR03CHIWPG-CHI,close,historical,https://api.elections.kalshi.com/trade-api/v2/historical/markets/KXNHLGAME-26MAR03CHIWPG-CHI/candlesticks?start_ts=1772330760&end_ts=1772600400&period_interval=60
2025020964,home,0.59,0.58,0.59,2026-03-04T01:00:00Z,KXNHLGAME-26MAR03CHIWPG-WPG,close,historical,https://api.elections.kalshi.com/trade-api/v2/historical/markets/KXNHLGAME-26MAR03CHIWPG-WPG/candlesticks?start_ts=1772330760&end_ts=1772600400&period_interval=60
2025020965,home,0.45,0.44,0.45,2026-03-04T02:00:00Z,KXNHLGAME-26MAR03DALCGY-CGY,close,historical,https://api.elections.kalshi.com/trade-api/v2/historical/markets/KXNHLGAME-26MAR03DALCGY-CGY/candlesticks?start_ts=1772330760&end_ts=1772604000&period_interval=60
2025020965,away,0.57,0.56,0.57,2026-03-04T02:00:00Z,KXNHLGAME-26MAR03DALCGY-DAL,close,historical,https://api.elections.kalshi.com/trade-api/v2/historical/markets/KXNHLGAME-26MAR03DALCGY-DAL/candlesticks?start_ts=1772330760&end_ts=1772604000&period_interval=60
2025020966,home,0.52,0.51,0.52,2026-03-04T02:00:00Z,KXNHLGAME-26MAR03OTTEDM-EDM,close,historical,https://api.elections.kalshi.com/trade-api/v2/historical/markets/KXNHLGAME-26MAR03OTTEDM-EDM/candlesticks?start_ts=1772330760&end_ts=1772604000&period_interval=60
2025020966,away,0.5,0.49,0.49,2026-03-04T02:00:00Z,KXNHLGAME-26MAR03OTTEDM-OTT,close,historical,https://api.elections.kalshi.com/trade-api/v2/historical/markets/KXNHLGAME-26MAR03OTTEDM-OTT/candlesticks?start_ts=1772330760&end_ts=1772604000&period_interval=60
2025020967,home,0.44,0.43,0.44,2026-03-04T02:00:00Z,KXNHLGAME-26MAR03TBMIN-MIN,close,historical,https://api.elections.kalshi.com/trade-api/v2/historical/markets/KXNHLGAME-26MAR03TBMIN-MIN/candlesticks?start_ts=1772341560&end_ts=1772605800&period_interval=60
2025020967,away,0.57,0.56,0.57,2026-03-04T02:00:00Z,KXNHLGAME-26MAR03TBMIN-TB,close,historical,https://api.elections.kalshi.com/trade-api/v2/historical/markets/KXNHLGAME-26MAR03TBMIN-TB/candlesticks?start_ts=1772341560&end_ts=1772605800&period_interval=60
2025020968,home,0.44,0.43,0.44,2026-03-04T03:00:00Z,KXNHLGAME-26MAR03COLANA-ANA,close,historical,https://api.elections.kalshi.com/trade-api/v2/historical/markets/KXNHLGAME-26MAR03COLANA-ANA/candlesticks?start_ts=1772341560&end_ts=1772607600&period_interval=60
2025020968,away,0.57,0.56,0.57,2026-03-04T03:00:00Z,KXNHLGAME-26MAR03COLANA-COL,close,historical,https://api.elections.kalshi.com/trade-api/v2/historical/markets/KXNHLGAME-26MAR03COLANA-COL/candlesticks?start_ts=1772341560&end_ts=1772607600&period_interval=60
2025020969,away,0.56,0.55,0.56,2026-03-04T03:00:00Z,KXNHLGAME-26MAR03MTLSJ-MTL,close,historical,https://api.elections.kalshi.com/trade-api/v2/historical/markets/KXNHLGAME-26MAR03MTLSJ-MTL/candlesticks?start_ts=1772341560&end_ts=1772607600&period_interval=60
2025020969,home,0.46,0.45,0.46,2026-03-04T03:00:00Z,KXNHLGAME-26MAR03MTLSJ-SJ,close,historical,https://api.elections.kalshi.com/trade-api/v2/historical/markets/KXNHLGAME-26MAR03MTLSJ-SJ/candlesticks?start_ts=1772341560&end_ts=1772607600&period_interval=60
2025020970,home,0.56,0.55,0.56,2026-03-05T00:00:00Z,KXNHLGAME-26MAR04VGKDET-DET,close,historical,https://api.elections.kalshi.com/trade-api/v2/historical/markets/KXNHLGAME-26MAR04VGKDET-DET/candlesticks?start_ts=1772417160&end_ts=1772683200&period_interval=60
2025020970,away,0.44,0.43,0.44,2026-03-05T00:00:00Z,KXNHLGAME-26MAR04VGKDET-VGK,close,historical,https://api.elections.kalshi.com/trade-api/v2/historical/markets/KXNHLGAME-26MAR04VGKDET-VGK/candlesticks?start_ts=1772417160&end_ts=1772683200&period_interval=60
2025020971,home,0.54,0.53,0.54,2026-03-05T00:00:00Z,KXNHLGAME-26MAR04TORNJ-NJ,close,historical,https://api.elections.kalshi.com/trade-api/v2/historical/markets/KXNHLGAME-26MAR04TORNJ-NJ/candlesticks?start_ts=1772417160&end_ts=1772683200&period_interval=60
2025020971,away,0.48,0.47,0.48,2026-03-05T00:00:00Z,KXNHLGAME-26MAR04TORNJ-TOR,close,historical,https://api.elections.kalshi.com/trade-api/v2/historical/markets/KXNHLGAME-26MAR04TORNJ-TOR/candlesticks?start_ts=1772417160&end_ts=1772683200&period_interval=60
2025020972,away,0.75,0.74,0.74,2026-03-05T03:00:00Z,KXNHLGAME-26MAR04CARVAN-CAR,close,historical,https://api.elections.kalshi.com/trade-api/v2/historical/markets/KXNHLGAME-26MAR04CARVAN-CAR/candlesticks?start_ts=1772427960&end_ts=1772694000&period_interval=60
2025020972,home,0.26,0.25,0.26,2026-03-05T03:00:00Z,KXNHLGAME-26MAR04CARVAN-VAN,close,historical,https://api.elections.kalshi.com/trade-api/v2/historical/markets/KXNHLGAME-26MAR04CARVAN-VAN/candlesticks?start_ts=1772427960&end_ts=1772694000&period_interval=60
2025020973,home,0.47,0.46,0.47,2026-03-05T03:00:00Z,KXNHLGAME-26MAR04NYIANA-ANA,close,historical,https://api.elections.kalshi.com/trade-api/v2/historical/markets/KXNHLGAME-26MAR04NYIANA-ANA/candlesticks?start_ts=1772427960&end_ts=1772694000&period_interval=60
2025020973,away,0.54,0.53,0.54,2026-03-05T03:00:00Z,KXNHLGAME-26MAR04NYIANA-NYI,close,historical,https://api.elections.kalshi.com/trade-api/v2/historical/markets/KXNHLGAME-26MAR04NYIANA-NYI/candlesticks?start_ts=1772427960&end_ts=1772694000&period_interval=60
2025020974,home,0.59,0.58,0.59,2026-03-05T03:00:00Z,KXNHLGAME-26MAR04STLSEA-SEA,close,historical,https://api.elections.kalshi.com/trade-api/v2/historical/markets/KXNHLGAME-26MAR04STLSEA-SEA/candlesticks?start_ts=1772427960&end_ts=1772694000&period_interval=60
2025020974,away,0.43,0.42,0.43,2026-03-05T03:00:00Z,KXNHLGAME-26MAR04STLSEA-STL,close,historical,https://api.elections.kalshi.com/trade-api/v2/historical/markets/KXNHLGAME-26MAR04STLSEA-STL/candlesticks?start_ts=1772427960&end_ts=1772694000&period_interval=60
2025020975,home,0.55,0.54,0.55,2026-03-06T00:00:00Z,KXNHLGAME-26MAR05TORNYR-NYR,close,historical,https://api.elections.kalshi.com/trade-api/v2/historical/markets/KXNHLGAME-26MAR05TORNYR-NYR/candlesticks?start_ts=1772503560&end_ts=1772769600&period_interval=60
2025020975,away,0.45,0.44,0.45,2026-03-06T00:00:00Z,KXNHLGAME-26MAR05TORNYR-TOR,close,historical,https://api.elections.kalshi.com/trade-api/v2/historical/markets/KXNHLGAME-26MAR05TORNYR-TOR/candlesticks?start_ts=1772503560&end_ts=1772769600&period_interval=60
2025020976,home,0.48,0.47,0.48,2026-03-06T00:00:00Z,KXNHLGAME-26MAR05UTAPHI-PHI,close,historical,https://api.elections.kalshi.com/trade-api/v2/historical/markets/KXNHLGAME-26MAR05UTAPHI-PHI/candlesticks?start_ts=1772503560&end_ts=1772769600&period_interval=60
2025020976,away,0.53,0.52,0.53,2026-03-06T00:00:00Z,KXNHLGAME-26MAR05UTAPHI-UTA,close,historical,https://api.elections.kalshi.com/trade-api/v2/historical/markets/KXNHLGAME-26MAR05UTAPHI-UTA/candlesticks?start_ts=1772503560&end_ts=1772769600&period_interval=60
2025020977,away,0.51,0.5,0.51,2026-03-06T00:00:00Z,KXNHLGAME-26MAR05BUFPIT-BUF,close,historical,https://api.elections.kalshi.com/trade-api/v2/historical/markets/KXNHLGAME-26MAR05BUFPIT-BUF/candlesticks?start_ts=1772503560&end_ts=1772769600&period_interval=60
2025020977,home,0.5,0.49,0.5,2026-03-06T00:00:00Z,KXNHLGAME-26MAR05BUFPIT-PIT,close,historical,https://api.elections.kalshi.com/trade-api/v2/historical/markets/KXNHLGAME-26MAR05BUFPIT-PIT/candlesticks?start_ts=1772503560&end_ts=1772769600&period_interval=60
2025020978,home,0.51,0.49,0.51,2026-03-06T00:00:00Z,KXNHLGAME-26MAR05FLACBJ-CBJ,close,historical,https://api.elections.kalshi.com/trade-api/v2/historical/markets/KXNHLGAME-26MAR05FLACBJ-CBJ/candlesticks?start_ts=1772503560&end_ts=1772769600&period_interval=60
2025020978,away,0.5,0.49,0.5,2026-03-06T00:00:00Z,KXNHLGAME-26MAR05FLACBJ-FLA,close,historical,https://api.elections.kalshi.com/trade-api/v2/historical/markets/KXNHLGAME-26MAR05FLACBJ-FLA/candlesticks?start_ts=1772503560&end_ts=1772769600&period_interval=60
2025020979,away,0.51,0.5,0.51,2026-03-06T01:00:00Z,KXNHLGAME-26MAR05BOSNSH-BOS,close,historical,https://api.elections.kalshi.com/trade-api/v2/historical/markets/KXNHLGAME-26MAR05BOSNSH-BOS/candlesticks?start_ts=1772503560&end_ts=1772773200&period_interval=60
2025020979,home,0.5,0.49,0.5,2026-03-06T01:00:00Z,KXNHLGAME-26MAR05BOSNSH-NSH,close,historical,https://api.elections.kalshi.com/trade-api/v2/historical/markets/KXNHLGAME-26MAR05BOSNSH-NSH/candlesticks?start_ts=1772503560&end_ts=1772773200&period_interval=60
2025020980,away,0.66,0.65,0.66,2026-03-06T01:00:00Z,KXNHLGAME-26MAR05TBWPG-TB,close,historical,https://api.elections.kalshi.com/trade-api/v2/historical/markets/KXNHLGAME-26MAR05TBWPG-TB/candlesticks?start_ts=1772503560&end_ts=1772773200&period_interval=60
2025020980,home,0.35,0.34,0.35,2026-03-06T01:00:00Z,KXNHLGAME-26MAR05TBWPG-WPG,close,historical,https://api.elections.kalshi.com/trade-api/v2/historical/markets/KXNHLGAME-26MAR05TBWPG-WPG/candlesticks?start_ts=1772503560&end_ts=1772773200&period_interval=60
2025020981,home,0.39,0.38,0.39,2026-03-06T02:00:00Z,KXNHLGAME-26MAR05OTTCGY-CGY,close,historical,https://api.elections.kalshi.com/trade-api/v2/historical/markets/KXNHLGAME-26MAR05OTTCGY-CGY/candlesticks?start_ts=1772503560&end_ts=1772776800&period_interval=60
2025020981,away,0.62,0.61,0.62,2026-03-06T02:00:00Z,KXNHLGAME-26MAR05OTTCGY-OTT,close,historical,https://api.elections.kalshi.com/trade-api/v2/historical/markets/KXNHLGAME-26MAR05OTTCGY-OTT/candlesticks?start_ts=1772503560&end_ts=1772776800&period_interval=60
2025020982,home,0.53,0.52,0.53,2026-03-06T02:00:00Z,KXNHLGAME-26MAR05NYILA-LA,close,historical,https://api.elections.kalshi.com/trade-api/v2/historical/markets/KXNHLGAME-26MAR05NYILA-LA/candlesticks?start_ts=1772514360&end_ts=1772778600&period_interval=60
2025020982,away,0.48,0.47,0.48,2026-03-06T02:00:00Z,KXNHLGAME-26MAR05NYILA-NYI,close,historical,https://api.elections.kalshi.com/trade-api/v2/historical/markets/KXNHLGAME-26MAR05NYILA-NYI/candlesticks?start_ts=1772514360&end_ts=1772778600&period_interval=60
2025020983,home,0.59,0.58,0.59,2026-03-07T00:00:00Z,KXNHLGAME-26MAR06FLADET-DET,close,historical,https://api.elections.kalshi.com/trade-api/v2/historical/markets/KXNHLGAME-26MAR06FLADET-DET/candlesticks?start_ts=1772589960&end_ts=1772856000&period_interval=60
2025020983,away,0.42,0.41,0.42,2026-03-07T00:00:00Z,KXNHLGAME-26MAR06FLADET-FLA,close,historical,https://api.elections.kalshi.com/trade-api/v2/historical/markets/KXNHLGAME-26MAR06FLADET-FLA/candlesticks?start_ts=1772589960&end_ts=1772856000&period_interval=60
2025020984,away,0.54,0.53,0.54,2026-03-07T01:00:00Z,KXNHLGAME-26MAR06COLDAL-COL,close,historical,https://api.elections.kalshi.com/trade-api/v2/historical/markets/KXNHLGAME-26MAR06COLDAL-COL/candlesticks?start_ts=1772589960&end_ts=1772859600&period_interval=60
2025020984,home,0.48,0.47,0.48,2026-03-07T01:00:00Z,KXNHLGAME-26MAR06COLDAL-DAL,close,historical,https://api.elections.kalshi.com/trade-api/v2/historical/markets/KXNHLGAME-26MAR06COLDAL-DAL/candlesticks?start_ts=1772589960&end_ts=1772859600&period_interval=60
2025020985,home,0.6,0.59,0.6,2026-03-07T01:00:00Z,KXNHLGAME-26MAR06VANCHI-CHI,close,historical,https://api.elections.kalshi.com/trade-api/v2/historical/markets/KXNHLGAME-26MAR06VANCHI-CHI/candlesticks?start_ts=1772589960&end_ts=1772861400&period_interval=60
2025020985,away,0.42,0.41,0.42,2026-03-07T01:00:00Z,KXNHLGAME-26MAR06VANCHI-VAN,close,historical,https://api.elections.kalshi.com/trade-api/v2/historical/markets/KXNHLGAME-26MAR06VANCHI-VAN/candlesticks?start_ts=1772589960&end_ts=1772861400&period_interval=60
2025020986,away,0.52,0.51,0.52,2026-03-07T02:00:00Z,KXNHLGAME-26MAR06CAREDM-CAR,close,historical,https://api.elections.kalshi.com/trade-api/v2/historical/markets/KXNHLGAME-26MAR06CAREDM-CAR/candlesticks?start_ts=1772589960&end_ts=1772863200&period_interval=60
2025020986,home,0.49,0.48,0.49,2026-03-07T02:00:00Z,KXNHLGAME-26MAR06CAREDM-EDM,close,historical,https://api.elections.kalshi.com/trade-api/v2/historical/markets/KXNHLGAME-26MAR06CAREDM-EDM/candlesticks?start_ts=1772589960&end_ts=1772863200&period_interval=60
2025020987,home,0.49,0.48,0.49,2026-03-07T02:00:00Z,KXNHLGAME-26MAR06MTLANA-ANA,close,historical,https://api.elections.kalshi.com/trade-api/v2/historical/markets/KXNHLGAME-26MAR06MTLANA-ANA/candlesticks?start_ts=1772589960&end_ts=1772863200&period_interval=60
2025020987,away,0.52,0.51,0.52,2026-03-07T02:00:00Z,KXNHLGAME-26MAR06MTLANA-MTL,close,historical,https://api.elections.kalshi.com/trade-api/v2/historical/markets/KXNHLGAME-26MAR06MTLANA-MTL/candlesticks?start_ts=1772589960&end_ts=1772863200&period_interval=60
2025020988,away,0.52,0.51,0.52,2026-03-07T03:00:00Z,KXNHLGAME-26MAR06MINVGK-MIN,close,historical,https://api.elections.kalshi.com/trade-api/v2/historical/markets/KXNHLGAME-26MAR06MINVGK-MIN/candlesticks?start_ts=1772600760&end_ts=1772866800&period_interval=60
2025020988,home,0.51,0.5,0.51,2026-03-07T03:00:00Z,KXNHLGAME-26MAR06MINVGK-VGK,close,historical,https://api.elections.kalshi.com/trade-api/v2/historical/markets/KXNHLGAME-26MAR06MINVGK-VGK/candlesticks?start_ts=1772600760&end_ts=1772866800&period_interval=60
2025020989,home,0.58,0.57,0.58,2026-03-07T03:00:00Z,KXNHLGAME-26MAR06STLSJ-SJ,close,historical,https://api.elections.kalshi.com/trade-api/v2/historical/markets/KXNHLGAME-26MAR06STLSJ-SJ/candlesticks?start_ts=1772600760&end_ts=1772866800&period_interval=60
2025020989,away,0.43,0.42,0.43,2026-03-07T03:00:00Z,KXNHLGAME-26MAR06STLSJ-STL,close,historical,https://api.elections.kalshi.com/trade-api/v2/historical/markets/KXNHLGAME-26MAR06STLSJ-STL/candlesticks?start_ts=1772600760&end_ts=1772866800&period_interval=60
2025020990,home,0.55,0.54,0.55,2026-03-07T17:00:00Z,KXNHLGAME-26MAR07WSHBOS-BOS,close,historical,https://api.elections.kalshi.com/trade-api/v2/historical/markets/KXNHLGAME-26MAR07WSHBOS-BOS/candlesticks?start_ts=1772654760&end_ts=1772919000&period_interval=60
2025020990,away,0.46,0.45,0.46,2026-03-07T17:00:00Z,KXNHLGAME-26MAR07WSHBOS-WSH,close,historical,https://api.elections.kalshi.com/trade-api/v2/historical/markets/KXNHLGAME-26MAR07WSHBOS-WSH/candlesticks?start_ts=1772654760&end_ts=1772919000&period_interval=60
2025020991,home,0.62,0.6,0.62,2026-03-07T20:00:00Z,KXNHLGAME-26MAR07NYRNJ-NJ,close,historical,https://api.elections.kalshi.com/trade-api/v2/historical/markets/KXNHLGAME-26MAR07NYRNJ-NJ/candlesticks?start_ts=1772654760&end_ts=1772928000&period_interval=60
2025020991,away,0.4,0.38,0.4,2026-03-07T20:00:00Z,KXNHLGAME-26MAR07NYRNJ-NYR,close,historical,https://api.elections.kalshi.com/trade-api/v2/historical/markets/KXNHLGAME-26MAR07NYRNJ-NYR/candlesticks?start_ts=1772654760&end_ts=1772928000&period_interval=60
2025020992,home,0.63,0.62,0.63,2026-03-07T22:00:00Z,KXNHLGAME-26MAR07NSHBUF-BUF,close,historical,https://api.elections.kalshi.com/trade-api/v2/historical/markets/KXNHLGAME-26MAR07NSHBUF-BUF/candlesticks?start_ts=1772665560&end_ts=1772937000&period_interval=60
2025020992,away,0.38,0.37,0.38,2026-03-07T22:00:00Z,KXNHLGAME-26MAR07NSHBUF-NSH,close,historical,https://api.elections.kalshi.com/trade-api/v2/historical/markets/KXNHLGAME-26MAR07NSHBUF-NSH/candlesticks?start_ts=1772665560&end_ts=1772937000&period_interval=60
2025020993,away,0.44,0.43,0.44,2026-03-07T22:00:00Z,KXNHLGAME-26MAR07PHIPIT-PHI,close,historical,https://api.elections.kalshi.com/trade-api/v2/historical/markets/KXNHLGAME-26MAR07PHIPIT-PHI/candlesticks?start_ts=1772665560&end_ts=1772937000&period_interval=60
2025020993,home,0.57,0.56,0.57,2026-03-07T22:00:00Z,KXNHLGAME-26MAR07PHIPIT-PIT,close,historical,https://api.elections.kalshi.com/trade-api/v2/historical/markets/KXNHLGAME-26MAR07PHIPIT-PIT/candlesticks?start_ts=1772665560&end_ts=1772937000&period_interval=60
2025020994,away,0.67,0.66,0.67,2026-03-08T00:00:00Z,KXNHLGAME-26MAR07TBTOR-TB,close,historical,https://api.elections.kalshi.com/trade-api/v2/historical/markets/KXNHLGAME-26MAR07TBTOR-TB/candlesticks?start_ts=1772676360&end_ts=1772942400&period_interval=60
2025020994,home,0.35,0.34,0.35,2026-03-08T00:00:00Z,KXNHLGAME-26MAR07TBTOR-TOR,close,historical,https://api.elections.kalshi.com/trade-api/v2/historical/markets/KXNHLGAME-26MAR07TBTOR-TOR/candlesticks?start_ts=1772676360&end_ts=1772942400&period_interval=60
2025020995,home,0.49,0.48,0.49,2026-03-08T00:00:00Z,KXNHLGAME-26MAR07UTACBJ-CBJ,close,historical,https://api.elections.kalshi.com/trade-api/v2/historical/markets/KXNHLGAME-26MAR07UTACBJ-CBJ/candlesticks?start_ts=1772676360&end_ts=1772942400&period_interval=60
2025020995,away,0.53,0.52,0.53,2026-03-08T00:00:00Z,KXNHLGAME-26MAR07UTACBJ-UTA,close,historical,https://api.elections.kalshi.com/trade-api/v2/historical/markets/KXNHLGAME-26MAR07UTACBJ-UTA/candlesticks?start_ts=1772676360&end_ts=1772942400&period_interval=60
2025020996,away,0.28,0.27,0.28,2026-03-08T00:00:00Z,KXNHLGAME-26MAR07VANWPG-VAN,close,historical,https://api.elections.kalshi.com/trade-api/v2/historical/markets/KXNHLGAME-26MAR07VANWPG-VAN/candlesticks?start_ts=1772676360&end_ts=1772942400&period_interval=60
2025020996,home,0.73,0.72,0.73,2026-03-08T00:00:00Z,KXNHLGAME-26MAR07VANWPG-WPG,close,historical,https://api.elections.kalshi.com/trade-api/v2/historical/markets/KXNHLGAME-26MAR07VANWPG-WPG/candlesticks?start_ts=1772676360&end_ts=1772942400&period_interval=60
2025020997,home,0.53,0.52,0.53,2026-03-08T00:00:00Z,KXNHLGAME-26MAR07MTLLA-LA,close,historical,https://api.elections.kalshi.com/trade-api/v2/historical/markets/KXNHLGAME-26MAR07MTLLA-LA/candlesticks?start_ts=1772676360&end_ts=1772942400&period_interval=60
2025020997,away,0.49,0.48,0.49,2026-03-08T00:00:00Z,KXNHLGAME-26MAR07MTLLA-MTL,close,historical,https://api.elections.kalshi.com/trade-api/v2/historical/markets/KXNHLGAME-26MAR07MTLLA-MTL/candlesticks?start_ts=1772676360&end_ts=1772942400&period_interval=60
2025020998,away,0.66,0.65,0.66,2026-03-08T03:00:00Z,KXNHLGAME-26MAR07CARCGY-CAR,close,historical,https://api.elections.kalshi.com/trade-api/v2/historical/markets/KXNHLGAME-26MAR07CARCGY-CAR/candlesticks?start_ts=1772687160&end_ts=1772953200&period_interval=60
2025020998,home,0.35,0.34,0.35,2026-03-08T03:00:00Z,KXNHLGAME-26MAR07CARCGY-CGY,close,historical,https://api.elections.kalshi.com/trade-api/v2/historical/markets/KXNHLGAME-26MAR07CARCGY-CGY/candlesticks?start_ts=1772687160&end_ts=1772953200&period_interval=60
2025020999,away,0.58,0.56,0.58,2026-03-08T03:00:00Z,KXNHLGAME-26MAR07NYISJ-NYI,close,historical,https://api.elections.kalshi.com/trade-api/v2/historical/markets/KXNHLGAME-26MAR07NYISJ-NYI/candlesticks?start_ts=1772687220&end_ts=1772953200&period_interval=60
2025020999,home,0.44,0.43,0.44,2026-03-08T03:00:00Z,KXNHLGAME-26MAR07NYISJ-SJ,close,historical,https://api.elections.kalshi.com/trade-api/v2/historical/markets/KXNHLGAME-26MAR07NYISJ-SJ/candlesticks?start_ts=1772687220&end_ts=1772953200&period_interval=60
2025021000,away,0.6,0.59,0.6,2026-03-08T03:00:00Z,KXNHLGAME-26MAR07OTTSEA-OTT,close,historical,https://api.elections.kalshi.com/trade-api/v2/historical/markets/KXNHLGAME-26MAR07OTTSEA-OTT/candlesticks?start_ts=1772687220&end_ts=1772953200&period_interval=60
2025021000,home,0.41,0.4,0.41,2026-03-08T03:00:00Z,KXNHLGAME-26MAR07OTTSEA-SEA,close,historical,https://api.elections.kalshi.com/trade-api/v2/historical/markets/KXNHLGAME-26MAR07OTTSEA-SEA/candlesticks?start_ts=1772687220&end_ts=1772953200&period_interval=60
2025021001,home,0.63,0.62,0.63,2026-03-08T18:00:00Z,KXNHLGAME-26MAR08MINCOL-COL,close,historical,https://api.elections.kalshi.com/trade-api/v2/historical/markets/KXNHLGAME-26MAR08MINCOL-COL/candlesticks?start_ts=1772741160&end_ts=1773007200&period_interval=60
2025021001,away,0.38,0.37,0.38,2026-03-08T18:00:00Z,KXNHLGAME-26MAR08MINCOL-MIN,close,historical,https://api.elections.kalshi.com/trade-api/v2/historical/markets/KXNHLGAME-26MAR08MINCOL-MIN/candlesticks?start_ts=1772741160&end_ts=1773007200&period_interval=60
2025021002,away,0.48,0.47,0.48,2026-03-08T20:00:00Z,KXNHLGAME-26MAR08BOSPIT-BOS,close,historical,https://api.elections.kalshi.com/trade-api/v2/historical/markets/KXNHLGAME-26MAR08BOSPIT-BOS/candlesticks?start_ts=1772751960&end_ts=1773016200&period_interval=60
2025021002,home,0.53,0.52,0.53,2026-03-08T20:00:00Z,KXNHLGAME-26MAR08BOSPIT-PIT,close,historical,https://api.elections.kalshi.com/trade-api/v2/historical/markets/KXNHLGAME-26MAR08BOSPIT-PIT/candlesticks?start_ts=1772751960&end_ts=1773016200&period_interval=60
2025021003,home,0.49,0.48,0.49,2026-03-08T22:00:00Z,KXNHLGAME-26MAR08TBBUF-BUF,close,historical,https://api.elections.kalshi.com/trade-api/v2/historical/markets/KXNHLGAME-26MAR08TBBUF-BUF/candlesticks?start_ts=1772751960&end_ts=1773021629&period_interval=60
2025021003,away,0.52,0.51,0.52,2026-03-08T22:00:00Z,KXNHLGAME-26MAR08TBBUF-TB,close,historical,https://api.elections.kalshi.com/trade-api/v2/historical/markets/KXNHLGAME-26MAR08TBBUF-TB/candlesticks?start_ts=1772751960&end_ts=1773021629&period_interval=60
2025021004,away,0.27,0.26,0.27,2026-03-08T22:00:00Z,KXNHLGAME-26MAR08CHIDAL-CHI,close,historical,https://api.elections.kalshi.com/trade-api/v2/historical/markets/KXNHLGAME-26MAR08CHIDAL-CHI/candlesticks?start_ts=1772751960&end_ts=1773021600&period_interval=60
2025021004,home,0.74,0.73,0.74,2026-03-08T22:00:00Z,KXNHLGAME-26MAR08CHIDAL-DAL,close,historical,https://api.elections.kalshi.com/trade-api/v2/historical/markets/KXNHLGAME-26MAR08CHIDAL-DAL/candlesticks?start_ts=1772751960&end_ts=1773021600&period_interval=60
2025021005,away,0.52,0.51,0.52,2026-03-08T23:00:00Z,KXNHLGAME-26MAR08DETNJ-DET,close,historical,https://api.elections.kalshi.com/trade-api/v2/historical/markets/KXNHLGAME-26MAR08DETNJ-DET/candlesticks?start_ts=1772751960&end_ts=1773025492&period_interval=60
2025021005,home,0.49,0.48,0.49,2026-03-08T23:00:00Z,KXNHLGAME-26MAR08DETNJ-NJ,close,historical,https://api.elections.kalshi.com/trade-api/v2/historical/markets/KXNHLGAME-26MAR08DETNJ-NJ/candlesticks?start_ts=1772751960&end_ts=1773025492&period_interval=60
2025021006,home,0.61,0.6,0.61,2026-03-09T01:00:00Z,KXNHLGAME-26MAR08STLANA-ANA,close,historical,https://api.elections.kalshi.com/trade-api/v2/historical/markets/KXNHLGAME-26MAR08STLANA-ANA/candlesticks?start_ts=1772762820&end_ts=1773033078&period_interval=60
2025021006,away,0.41,0.39,0.41,2026-03-09T01:00:00Z,KXNHLGAME-26MAR08STLANA-STL,close,historical,https://api.elections.kalshi.com/trade-api/v2/historical/markets/KXNHLGAME-26MAR08STLANA-STL/candlesticks?start_ts=1772762820&end_ts=1773033078&period_interval=60
2025021007,away,0.52,0.51,0.52,2026-03-09T01:00:00Z,KXNHLGAME-26MAR08EDMVGK-EDM,close,historical,https://api.elections.kalshi.com/trade-api/v2/historical/markets/KXNHLGAME-26MAR08EDMVGK-EDM/candlesticks?start_ts=1772762820&end_ts=1773034200&period_interval=60
2025021007,home,0.5,0.49,0.5,2026-03-09T01:00:00Z,KXNHLGAME-26MAR08EDMVGK-VGK,close,historical,https://api.elections.kalshi.com/trade-api/v2/historical/markets/KXNHLGAME-26MAR08EDMVGK-VGK/candlesticks?start_ts=1772762820&end_ts=1773034200&period_interval=60
2025021008,away,0.45,0.44,0.45,2026-03-09T23:00:00Z,KXNHLGAME-26MAR09NYRPHI-NYR,close,historical,https://api.elections.kalshi.com/trade-api/v2/historical/markets/KXNHLGAME-26MAR09NYRPHI-NYR/candlesticks?start_ts=1772838360&end_ts=1773111600&period_interval=60
2025021008,home,0.57,0.56,0.57,2026-03-09T23:00:00Z,KXNHLGAME-26MAR09NYRPHI-PHI,close,historical,https://api.elections.kalshi.com/trade-api/v2/historical/markets/KXNHLGAME-26MAR09NYRPHI-PHI/candlesticks?start_ts=1772838360&end_ts=1773111600&period_interval=60
2025021009,away,0.37,0.36,0.37,2026-03-09T23:00:00Z,KXNHLGAME-26MAR09CGYWSH-CGY,close,historical,https://api.elections.kalshi.com/trade-api/v2/historical/markets/KXNHLGAME-26MAR09CGYWSH-CGY/candlesticks?start_ts=1772838360&end_ts=1773111600&period_interval=60
2025021009,home,0.64,0.63,0.64,2026-03-09T23:00:00Z,KXNHLGAME-26MAR09CGYWSH-WSH,close,historical,https://api.elections.kalshi.com/trade-api/v2/historical/markets/KXNHLGAME-26MAR09CGYWSH-WSH/candlesticks?start_ts=1772838360&end_ts=1773111600&period_interval=60
2025021010,home,0.34,0.33,0.34,2026-03-10T00:00:00Z,KXNHLGAME-26MAR09UTACHI-CHI,close,historical,https://api.elections.kalshi.com/trade-api/v2/historical/markets/KXNHLGAME-26MAR09UTACHI-CHI/candlesticks?start_ts=1772849160&end_ts=1773117000&period_interval=60
2025021010,away,0.68,0.67,0.68,2026-03-10T00:00:00Z,KXNHLGAME-26MAR09UTACHI-UTA,close,historical,https://api.elections.kalshi.com/trade-api/v2/historical/markets/KXNHLGAME-26MAR09UTACHI-UTA/candlesticks?start_ts=1772849160&end_ts=1773117000&period_interval=60
2025021011,away,0.69,0.68,0.69,2026-03-10T01:00:00Z,KXNHLGAME-26MAR09OTTVAN-OTT,close,historical,https://api.elections.kalshi.com/trade-api/v2/historical/markets/KXNHLGAME-26MAR09OTTVAN-OTT/candlesticks?start_ts=1772849160&end_ts=1773118800&period_interval=60
2025021011,home,0.33,0.32,0.33,2026-03-10T01:00:00Z,KXNHLGAME-26MAR09OTTVAN-VAN,close,historical,https://api.elections.kalshi.com/trade-api/v2/historical/markets/KXNHLGAME-26MAR09OTTVAN-VAN/candlesticks?start_ts=1772849160&end_ts=1773118800&period_interval=60
2025021012,home,0.6,0.59,0.6,2026-03-10T23:00:00Z,KXNHLGAME-26MAR10LABOS-BOS,close,historical,https://api.elections.kalshi.com/trade-api/v2/historical/markets/KXNHLGAME-26MAR10LABOS-BOS/candlesticks?start_ts=1772924760&end_ts=1773198000&period_interval=60
2025021012,away,0.41,0.4,0.41,2026-03-10T23:00:00Z,KXNHLGAME-26MAR10LABOS-LA,close,historical,https://api.elections.kalshi.com/trade-api/v2/historical/markets/KXNHLGAME-26MAR10LABOS-LA/candlesticks?start_ts=1772924760&end_ts=1773198000&period_interval=60
2025021013,home,0.66,0.65,0.66,2026-03-10T23:00:00Z,KXNHLGAME-26MAR10SJBUF-BUF,close,historical,https://api.elections.kalshi.com/trade-api/v2/historical/markets/KXNHLGAME-26MAR10SJBUF-BUF/candlesticks?start_ts=1772924760&end_ts=1773198000&period_interval=60
2025021013,away,0.35,0.34,0.35,2026-03-10T23:00:00Z,KXNHLGAME-26MAR10SJBUF-SJ,close,historical,https://api.elections.kalshi.com/trade-api/v2/historical/markets/KXNHLGAME-26MAR10SJBUF-SJ/candlesticks?start_ts=1772924760&end_ts=1773198000&period_interval=60
2025021014,home,0.61,0.6,0.61,2026-03-10T23:00:00Z,KXNHLGAME-26MAR10TORMTL-MTL,close,historical,https://api.elections.kalshi.com/trade-api/v2/historical/markets/KXNHLGAME-26MAR10TORMTL-MTL/candlesticks?start_ts=1772924760&end_ts=1773198000&period_interval=60
2025021014,away,0.41,0.4,0.41,2026-03-10T23:00:00Z,KXNHLGAME-26MAR10TORMTL-TOR,close,historical,https://api.elections.kalshi.com/trade-api/v2/historical/markets/KXNHLGAME-26MAR10TORMTL-TOR/candlesticks?start_ts=1772924760&end_ts=1773198000&period_interval=60
2025021015,away,0.33,0.32,0.33,2026-03-10T23:00:00Z,KXNHLGAME-26MAR10CBJTB-CBJ,close,historical,https://api.elections.kalshi.com/trade-api/v2/historical/markets/KXNHLGAME-26MAR10CBJTB-CBJ/candlesticks?start_ts=1772924760&end_ts=1773198000&period_interval=60
2025021015,home,0.69,0.68,0.69,2026-03-10T23:00:00Z,KXNHLGAME-26MAR10CBJTB-TB,close,historical,https://api.elections.kalshi.com/trade-api/v2/historical/markets/KXNHLGAME-26MAR10CBJTB-TB/candlesticks?start_ts=1772924760&end_ts=1773198000&period_interval=60
2025021016,away,0.53,0.52,0.53,2026-03-10T23:00:00Z,KXNHLGAME-26MAR10DETFLA-DET,close,historical,https://api.elections.kalshi.com/trade-api/v2/historical/markets/KXNHLGAME-26MAR10DETFLA-DET/candlesticks?start_ts=1772924760&end_ts=1773198000&period_interval=60
2025021016,home,0.49,0.48,0.49,2026-03-10T23:00:00Z,KXNHLGAME-26MAR10DETFLA-FLA,close,historical,https://api.elections.kalshi.com/trade-api/v2/historical/markets/KXNHLGAME-26MAR10DETFLA-FLA/candlesticks?start_ts=1772924760&end_ts=1773198000&period_interval=60
2025021017,away,0.48,0.46,0.48,2026-03-10T23:00:00Z,KXNHLGAME-26MAR10CGYNYR-CGY,close,historical,https://api.elections.kalshi.com/trade-api/v2/historical/markets/KXNHLGAME-26MAR10CGYNYR-CGY/candlesticks?start_ts=1772924760&end_ts=1773198000&period_interval=60
2025021017,home,0.54,0.53,0.53,2026-03-10T23:00:00Z,KXNHLGAME-26MAR10CGYNYR-NYR,close,historical,https://api.elections.kalshi.com/trade-api/v2/historical/markets/KXNHLGAME-26MAR10CGYNYR-NYR/candlesticks?start_ts=1772924760&end_ts=1773198000&period_interval=60
2025021018,home,0.65,0.64,0.65,2026-03-10T23:00:00Z,KXNHLGAME-26MAR10PITCAR-CAR,close,historical,https://api.elections.kalshi.com/trade-api/v2/historical/markets/KXNHLGAME-26MAR10PITCAR-CAR/candlesticks?start_ts=1772924760&end_ts=1773198000&period_interval=60
2025021018,away,0.37,0.36,0.37,2026-03-10T23:00:00Z,KXNHLGAME-26MAR10PITCAR-PIT,close,historical,https://api.elections.kalshi.com/trade-api/v2/historical/markets/KXNHLGAME-26MAR10PITCAR-PIT/candlesticks?start_ts=1772924760&end_ts=1773198000&period_interval=60
2025021019,away,0.54,0.53,0.54,2026-03-10T23:00:00Z,KXNHLGAME-26MAR10NYISTL-NYI,close,historical,https://api.elections.kalshi.com/trade-api/v2/historical/markets/KXNHLGAME-26MAR10NYISTL-NYI/candlesticks?start_ts=1772935620&end_ts=1773199800&period_interval=60
2025021019,home,0.48,0.47,0.48,2026-03-10T23:00:00Z,KXNHLGAME-26MAR10NYISTL-STL,close,historical,https://api.elections.kalshi.com/trade-api/v2/historical/markets/KXNHLGAME-26MAR10NYISTL-STL/candlesticks?start_ts=1772935620&end_ts=1773199800&period_interval=60
2025021020,home,0.59,0.58,0.58,2026-03-11T00:00:00Z,KXNHLGAME-26MAR10VGKDAL-DAL,close,historical,https://api.elections.kalshi.com/trade-api/v2/historical/markets/KXNHLGAME-26MAR10VGKDAL-DAL/candlesticks?start_ts=1772935680&end_ts=1773201600&period_interval=60
2025021020,away,0.43,0.42,0.43,2026-03-11T00:00:00Z,KXNHLGAME-26MAR10VGKDAL-VGK,close,historical,https://api.elections.kalshi.com/trade-api/v2/historical/markets/KXNHLGAME-26MAR10VGKDAL-VGK/candlesticks?start_ts=1772935680&end_ts=1773201600&period_interval=60
2025021021,home,0.6,0.59,0.6,2026-03-11T00:00:00Z,KXNHLGAME-26MAR10UTAMIN-MIN,close,historical,https://api.elections.kalshi.com/trade-api/v2/historical/markets/KXNHLGAME-26MAR10UTAMIN-MIN/candlesticks?start_ts=1772935680&end_ts=1773201600&period_interval=60
2025021021,away,0.43,0.42,0.43,2026-03-11T00:00:00Z,KXNHLGAME-26MAR10UTAMIN-UTA,close,historical,https://api.elections.kalshi.com/trade-api/v2/historical/markets/KXNHLGAME-26MAR10UTAMIN-UTA/candlesticks?start_ts=1772935680&end_ts=1773201600&period_interval=60
2025021022,away,0.44,0.43,0.44,2026-03-11T00:00:00Z,KXNHLGAME-26MAR10ANAWPG-ANA,close,historical,https://api.elections.kalshi.com/trade-api/v2/historical/markets/KXNHLGAME-26MAR10ANAWPG-ANA/candlesticks?start_ts=1772935680&end_ts=1773203400&period_interval=60
2025021022,home,0.57,0.56,0.57,2026-03-11T00:00:00Z,KXNHLGAME-26MAR10ANAWPG-WPG,close,historical,https://api.elections.kalshi.com/trade-api/v2/historical/markets/KXNHLGAME-26MAR10ANAWPG-WPG/candlesticks?start_ts=1772935680&end_ts=1773203400&period_interval=60
2025021023,home,0.62,0.61,0.62,2026-03-11T02:00:00Z,KXNHLGAME-26MAR10EDMCOL-COL,close,historical,https://api.elections.kalshi.com/trade-api/v2/historical/markets/KXNHLGAME-26MAR10EDMCOL-COL/candlesticks?start_ts=1772935680&end_ts=1773208800&period_interval=60
2025021023,away,0.4,0.38,0.4,2026-03-11T02:00:00Z,KXNHLGAME-26MAR10EDMCOL-EDM,close,historical,https://api.elections.kalshi.com/trade-api/v2/historical/markets/KXNHLGAME-26MAR10EDMCOL-EDM/candlesticks?start_ts=1772935680&end_ts=1773208800&period_interval=60
2025021024,away,0.5,0.49,0.5,2026-03-11T02:00:00Z,KXNHLGAME-26MAR10NSHSEA-NSH,close,historical,https://api.elections.kalshi.com/trade-api/v2/historical/markets/KXNHLGAME-26MAR10NSHSEA-NSH/candlesticks?start_ts=1772935680&end_ts=1773208800&period_interval=60
2025021024,home,0.51,0.5,0.51,2026-03-11T02:00:00Z,KXNHLGAME-26MAR10NSHSEA-SEA,close,historical,https://api.elections.kalshi.com/trade-api/v2/historical/markets/KXNHLGAME-26MAR10NSHSEA-SEA/candlesticks?start_ts=1772935680&end_ts=1773208800&period_interval=60
2025021025,away,0.37,0.36,0.37,2026-03-11T23:00:00Z,KXNHLGAME-26MAR11MTLOTT-MTL,close,historical,https://api.elections.kalshi.com/trade-api/v2/historical/markets/KXNHLGAME-26MAR11MTLOTT-MTL/candlesticks?start_ts=1773018420&end_ts=1773286200&period_interval=60
2025021025,home,0.64,0.63,0.64,2026-03-11T23:00:00Z,KXNHLGAME-26MAR11MTLOTT-OTT,close,historical,https://api.elections.kalshi.com/trade-api/v2/historical/markets/KXNHLGAME-26MAR11MTLOTT-OTT/candlesticks?start_ts=1773018420&end_ts=1773286200&period_interval=60
2025021026,home,0.46,0.45,0.46,2026-03-11T23:00:00Z,KXNHLGAME-26MAR11WSHPHI-PHI,close,historical,https://api.elections.kalshi.com/trade-api/v2/historical/markets/KXNHLGAME-26MAR11WSHPHI-PHI/candlesticks?start_ts=1773018420&end_ts=1773286200&period_interval=60
2025021026,away,0.55,0.54,0.55,2026-03-11T23:00:00Z,KXNHLGAME-26MAR11WSHPHI-WSH,close,historical,https://api.elections.kalshi.com/trade-api/v2/historical/markets/KXNHLGAME-26MAR11WSHPHI-WSH/candlesticks?start_ts=1773018420&end_ts=1773286200&period_interval=60
2025021027,home,0.59,0.58,0.59,2026-03-12T23:00:00Z,KXNHLGAME-26MAR12SJBOS-BOS,close,historical,https://api.elections.kalshi.com/trade-api/v2/historical/markets/KXNHLGAME-26MAR12SJBOS-BOS/candlesticks?start_ts=1773104760&end_ts=1773370800&period_interval=60
2025021027,away,0.42,0.41,0.42,2026-03-12T23:00:00Z,KXNHLGAME-26MAR12SJBOS-SJ,close,historical,https://api.elections.kalshi.com/trade-api/v2/historical/markets/KXNHLGAME-26MAR12SJBOS-SJ/candlesticks?start_ts=1773104760&end_ts=1773370800&period_interval=60
2025021028,home,0.67,0.66,0.67,2026-03-12T23:00:00Z,KXNHLGAME-26MAR12WSHBUF-BUF,close,historical,https://api.elections.kalshi.com/trade-api/v2/historical/markets/KXNHLGAME-26MAR12WSHBUF-BUF/candlesticks?start_ts=1773104760&end_ts=1773370800&period_interval=60
2025021028,away,0.35,0.33,0.35,2026-03-12T23:00:00Z,KXNHLGAME-26MAR12WSHBUF-WSH,close,historical,https://api.elections.kalshi.com/trade-api/v2/historical/markets/KXNHLGAME-26MAR12WSHBUF-WSH/candlesticks?start_ts=1773104760&end_ts=1773370800&period_interval=60
2025021029,away,0.5,0.49,0.5,2026-03-12T23:00:00Z,KXNHLGAME-26MAR12ANATOR-ANA,close,historical,https://api.elections.kalshi.com/trade-api/v2/historical/markets/KXNHLGAME-26MAR12ANATOR-ANA/candlesticks?start_ts=1773104760&end_ts=1773370800&period_interval=60
2025021029,home,0.52,0.51,0.52,2026-03-12T23:00:00Z,KXNHLGAME-26MAR12ANATOR-TOR,close,historical,https://api.elections.kalshi.com/trade-api/v2/historical/markets/KXNHLGAME-26MAR12ANATOR-TOR/candlesticks?start_ts=1773104760&end_ts=1773370800&period_interval=60
2025021030,away,0.34,0.33,0.34,2026-03-12T23:00:00Z,KXNHLGAME-26MAR12DETTB-DET,close,historical,https://api.elections.kalshi.com/trade-api/v2/historical/markets/KXNHLGAME-26MAR12DETTB-DET/candlesticks?start_ts=1773104760&end_ts=1773370800&period_interval=60
2025021030,home,0.67,0.66,0.67,2026-03-12T23:00:00Z,KXNHLGAME-26MAR12DETTB-TB,close,historical,https://api.elections.kalshi.com/trade-api/v2/historical/markets/KXNHLGAME-26MAR12DETTB-TB/candlesticks?start_ts=1773104760&end_ts=1773370800&period_interval=60
2025021031,away,0.54,0.53,0.54,2026-03-12T23:00:00Z,KXNHLGAME-26MAR12CBJFLA-CBJ,close,historical,https://api.elections.kalshi.com/trade-api/v2/historical/markets/KXNHLGAME-26MAR12CBJFLA-CBJ/candlesticks?start_ts=1773104760&end_ts=1773370800&period_interval=60
2025021031,home,0.47,0.46,0.47,2026-03-12T23:00:00Z,KXNHLGAME-26MAR12CBJFLA-FLA,close,historical,https://api.elections.kalshi.com/trade-api/v2/historical/markets/KXNHLGAME-26MAR12CBJFLA-FLA/candlesticks?start_ts=1773104760&end_ts=1773370800&period_interval=60
2025021032,away,0.37,0.36,0.37,2026-03-12T23:00:00Z,KXNHLGAME-26MAR12CGYNJ-CGY,close,historical,https://api.elections.kalshi.com/trade-api/v2/historical/markets/KXNHLGAME-26MAR12CGYNJ-CGY/candlesticks?start_ts=1773104760&end_ts=1773370800&period_interval=60
2025021032,home,0.64,0.63,0.64,2026-03-12T23:00:00Z,KXNHLGAME-26MAR12CGYNJ-NJ,close,historical,https://api.elections.kalshi.com/trade-api/v2/historical/markets/KXNHLGAME-26MAR12CGYNJ-NJ/candlesticks?start_ts=1773104760&end_ts=1773370800&period_interval=60
2025021033,home,0.72,0.71,0.72,2026-03-12T23:00:00Z,KXNHLGAME-26MAR12STLCAR-CAR,close,historical,https://api.elections.kalshi.com/trade-api/v2/historical/markets/KXNHLGAME-26MAR12STLCAR-CAR/candlesticks?start_ts=1773104760&end_ts=1773370800&period_interval=60
2025021033,away,0.29,0.28,0.29,2026-03-12T23:00:00Z,KXNHLGAME-26MAR12STLCAR-STL,close,historical,https://api.elections.kalshi.com/trade-api/v2/historical/markets/KXNHLGAME-26MAR12STLCAR-STL/candlesticks?start_ts=1773104760&end_ts=1773370800&period_interval=60
2025021034,home,0.54,0.53,0.54,2026-03-13T00:00:00Z,KXNHLGAME-26MAR12EDMDAL-DAL,close,historical,https://api.elections.kalshi.com/trade-api/v2/historical/markets/KXNHLGAME-26MAR12EDMDAL-DAL/candlesticks?start_ts=1773104760&end_ts=1773374400&period_interval=60
2025021034,away,0.47,0.46,0.47,2026-03-13T00:00:00Z,KXNHLGAME-26MAR12EDMDAL-EDM,close,historical,https://api.elections.kalshi.com/trade-api/v2/historical/markets/KXNHLGAME-26MAR12EDMDAL-EDM/candlesticks?start_ts=1773104760&end_ts=1773374400&period_interval=60
2025021035,home,0.68,0.66,0.68,2026-03-13T00:00:00Z,KXNHLGAME-26MAR12PHIMIN-MIN,close,historical,https://api.elections.kalshi.com/trade-api/v2/historical/markets/KXNHLGAME-26MAR12PHIMIN-MIN/candlesticks?start_ts=1773104760&end_ts=1773374400&period_interval=60
2025021035,away,0.34,0.32,0.34,2026-03-13T00:00:00Z,KXNHLGAME-26MAR12PHIMIN-PHI,close,historical,https://api.elections.kalshi.com/trade-api/v2/historical/markets/KXNHLGAME-26MAR12PHIMIN-PHI/candlesticks?start_ts=1773104760&end_ts=1773374400&period_interval=60
2025021036,away,0.43,0.42,0.43,2026-03-13T00:00:00Z,KXNHLGAME-26MAR12NYRWPG-NYR,close,historical,https://api.elections.kalshi.com/trade-api/v2/historical/markets/KXNHLGAME-26MAR12NYRWPG-NYR/candlesticks?start_ts=1773104760&end_ts=1773374400&period_interval=60
2025021036,home,0.58,0.57,0.58,2026-03-13T00:00:00Z,KXNHLGAME-26MAR12NYRWPG-WPG,close,historical,https://api.elections.kalshi.com/trade-api/v2/historical/markets/KXNHLGAME-26MAR12NYRWPG-WPG/candlesticks?start_ts=1773104760&end_ts=1773374400&period_interval=60
2025021037,away,0.33,0.32,0.33,2026-03-13T01:00:00Z,KXNHLGAME-26MAR12CHIUTA-CHI,close,historical,https://api.elections.kalshi.com/trade-api/v2/historical/markets/KXNHLGAME-26MAR12CHIUTA-CHI/candlesticks?start_ts=1773104760&end_ts=1773378000&period_interval=60
2025021037,home,0.68,0.67,0.68,2026-03-13T01:00:00Z,KXNHLGAME-26MAR12CHIUTA-UTA,close,historical,https://api.elections.kalshi.com/trade-api/v2/historical/markets/KXNHLGAME-26MAR12CHIUTA-UTA/candlesticks?start_ts=1773104760&end_ts=1773378000&period_interval=60
2025021038,away,0.61,0.6,0.61,2026-03-13T02:00:00Z,KXNHLGAME-26MAR12NSHVAN-NSH,close,historical,https://api.elections.kalshi.com/trade-api/v2/historical/markets/KXNHLGAME-26MAR12NSHVAN-NSH/candlesticks?start_ts=1773115560&end_ts=1773381600&period_interval=60
2025021038,home,0.4,0.39,0.39,2026-03-13T02:00:00Z,KXNHLGAME-26MAR12NSHVAN-VAN,close,historical,https://api.elections.kalshi.com/trade-api/v2/historical/markets/KXNHLGAME-26MAR12NSHVAN-VAN/candlesticks?start_ts=1773115560&end_ts=1773381600&period_interval=60
2025021039,away,0.4,0.39,0.4,2026-03-13T02:00:00Z,KXNHLGAME-26MAR12PITVGK-PIT,close,historical,https://api.elections.kalshi.com/trade-api/v2/historical/markets/KXNHLGAME-26MAR12PITVGK-PIT/candlesticks?start_ts=1773115560&end_ts=1773381600&period_interval=60
2025021039,home,0.61,0.6,0.61,2026-03-13T02:00:00Z,KXNHLGAME-26MAR12PITVGK-VGK,close,historical,https://api.elections.kalshi.com/trade-api/v2/historical/markets/KXNHLGAME-26MAR12PITVGK-VGK/candlesticks?start_ts=1773115560&end_ts=1773381600&period_interval=60
2025021040,away,0.65,0.64,0.65,2026-03-13T02:00:00Z,KXNHLGAME-26MAR12COLSEA-COL,close,historical,https://api.elections.kalshi.com/trade-api/v2/historical/markets/KXNHLGAME-26MAR12COLSEA-COL/candlesticks?start_ts=1773115560&end_ts=1773381600&period_interval=60
2025021040,home,0.36,0.35,0.36,2026-03-13T02:00:00Z,KXNHLGAME-26MAR12COLSEA-SEA,close,historical,https://api.elections.kalshi.com/trade-api/v2/historical/markets/KXNHLGAME-26MAR12COLSEA-SEA/candlesticks?start_ts=1773115560&end_ts=1773381600&period_interval=60
2025021041,away,0.44,0.43,0.44,2026-03-13T23:00:00Z,KXNHLGAME-26MAR13LANYI-LA,close,historical,https://api.elections.kalshi.com/trade-api/v2/historical/markets/KXNHLGAME-26MAR13LANYI-LA/candlesticks?start_ts=1773191220&end_ts=1773457200&period_interval=60
2025021041,home,0.57,0.56,0.57,2026-03-13T23:00:00Z,KXNHLGAME-26MAR13LANYI-NYI,close,historical,https://api.elections.kalshi.com/trade-api/v2/historical/markets/KXNHLGAME-26MAR13LANYI-NYI/candlesticks?start_ts=1773191220&end_ts=1773457200&period_interval=60
2025021042,away,0.57,0.56,0.57,2026-03-14T00:00:00Z,KXNHLGAME-26MAR13EDMSTL-EDM,close,historical,https://api.elections.kalshi.com/trade-api/v2/historical/markets/KXNHLGAME-26MAR13EDMSTL-EDM/candlesticks?start_ts=1773191220&end_ts=1773460800&period_interval=60
2025021042,home,0.44,0.43,0.44,2026-03-14T00:00:00Z,KXNHLGAME-26MAR13EDMSTL-STL,close,historical,https://api.elections.kalshi.com/trade-api/v2/historical/markets/KXNHLGAME-26MAR13EDMSTL-STL/candlesticks?start_ts=1773191220&end_ts=1773460800&period_interval=60
2025021043,away,0.38,0.37,0.38,2026-03-14T17:00:00Z,KXNHLGAME-26MAR14ANAOTT-ANA,close,historical,https://api.elections.kalshi.com/trade-api/v2/historical/markets/KXNHLGAME-26MAR14ANAOTT-ANA/candlesticks?start_ts=1773255960&end_ts=1773522000&period_interval=60
2025021043,home,0.63,0.62,0.63,2026-03-14T17:00:00Z,KXNHLGAME-26MAR14ANAOTT-OTT,close,historical,https://api.elections.kalshi.com/trade-api/v2/historical/markets/KXNHLGAME-26MAR14ANAOTT-OTT/candlesticks?start_ts=1773255960&end_ts=1773522000&period_interval=60
2025021044,away,0.46,0.45,0.46,2026-03-14T19:00:00Z,KXNHLGAME-26MAR14BOSWSH-BOS,close,historical,https://api.elections.kalshi.com/trade-api/v2/historical/markets/KXNHLGAME-26MAR14BOSWSH-BOS/candlesticks?start_ts=1773255960&end_ts=1773529253&period_interval=60
2025021044,home,0.55,0.54,0.55,2026-03-14T19:00:00Z,KXNHLGAME-26MAR14BOSWSH-WSH,close,historical,https://api.elections.kalshi.com/trade-api/v2/historical/markets/KXNHLGAME-26MAR14BOSWSH-WSH/candlesticks?start_ts=1773255960&end_ts=1773529253&period_interval=60
2025021045,away,0.63,0.62,0.63,2026-03-14T20:00:00Z,KXNHLGAME-26MAR14COLWPG-COL,close,historical,https://api.elections.kalshi.com/trade-api/v2/historical/markets/KXNHLGAME-26MAR14COLWPG-COL/candlesticks?start_ts=1773266820&end_ts=1773532800&period_interval=60
2025021045,home,0.38,0.37,0.38,2026-03-14T20:00:00Z,KXNHLGAME-26MAR14COLWPG-WPG,close,historical,https://api.elections.kalshi.com/trade-api/v2/historical/markets/KXNHLGAME-26MAR14COLWPG-WPG/candlesticks?start_ts=1773266820&end_ts=1773532800&period_interval=60
2025021046,home,0.64,0.63,0.64,2026-03-14T22:00:00Z,KXNHLGAME-26MAR14NYRMIN-MIN,close,historical,https://api.elections.kalshi.com/trade-api/v2/historical/markets/KXNHLGAME-26MAR14NYRMIN-MIN/candlesticks?start_ts=1773266760&end_ts=1773540000&period_interval=60
2025021046,away,0.37,0.36,0.37,2026-03-14T22:00:00Z,KXNHLGAME-26MAR14NYRMIN-NYR,close,historical,https://api.elections.kalshi.com/trade-api/v2/historical/markets/KXNHLGAME-26MAR14NYRMIN-NYR/candlesticks?start_ts=1773266760&end_ts=1773540000&period_interval=60
2025021047,home,0.68,0.67,0.68,2026-03-14T23:00:00Z,KXNHLGAME-26MAR14TORBUF-BUF,close,historical,https://api.elections.kalshi.com/trade-api/v2/historical/markets/KXNHLGAME-26MAR14TORBUF-BUF/candlesticks?start_ts=1773277560&end_ts=1773543600&period_interval=60
2025021047,away,0.33,0.32,0.32,2026-03-14T23:00:00Z,KXNHLGAME-26MAR14TORBUF-TOR,close,historical,https://api.elections.kalshi.com/trade-api/v2/historical/markets/KXNHLGAME-26MAR14TORBUF-TOR/candlesticks?start_ts=1773277560&end_ts=1773543600&period_interval=60
2025021048,home,0.59,0.58,0.59,2026-03-14T23:00:00Z,KXNHLGAME-26MAR14SJMTL-MTL,close,historical,https://api.elections.kalshi.com/trade-api/v2/historical/markets/KXNHLGAME-26MAR14SJMTL-MTL/candlesticks?start_ts=1773277560&end_ts=1773543600&period_interval=60
2025021048,away,0.42,0.41,0.42,2026-03-14T23:00:00Z,KXNHLGAME-26MAR14SJMTL-SJ,close,historical,https://api.elections.kalshi.com/trade-api/v2/historical/markets/KXNHLGAME-26MAR14SJMTL-SJ/candlesticks?start_ts=1773277560&end_ts=1773543600&period_interval=60
2025021049,away,0.47,0.46,0.47,2026-03-14T23:00:00Z,KXNHLGAME-26MAR14CARTB-CAR,close,historical,https://api.elections.kalshi.com/trade-api/v2/historical/markets/KXNHLGAME-26MAR14CARTB-CAR/candlesticks?start_ts=1773277620&end_ts=1773543600&period_interval=60
2025021049,home,0.54,0.53,0.54,2026-03-14T23:00:00Z,KXNHLGAME-26MAR14CARTB-TB,close,historical,https://api.elections.kalshi.com/trade-api/v2/historical/markets/KXNHLGAME-26MAR14CARTB-TB/candlesticks?start_ts=1773277620&end_ts=1773543600&period_interval=60
2025021050,away,0.42,0.41,0.42,2026-03-14T23:00:00Z,KXNHLGAME-26MAR14LANJ-LA,close,historical,https://api.elections.kalshi.com/trade-api/v2/historical/markets/KXNHLGAME-26MAR14LANJ-LA/candlesticks?start_ts=1773277560&end_ts=1773543600&period_interval=60
2025021050,home,0.59,0.58,0.59,2026-03-14T23:00:00Z,KXNHLGAME-26MAR14LANJ-NJ,close,historical,https://api.elections.kalshi.com/trade-api/v2/historical/markets/KXNHLGAME-26MAR14LANJ-NJ/candlesticks?start_ts=1773277560&end_ts=1773543600&period_interval=60
2025021051,away,0.43,0.42,0.43,2026-03-14T23:00:00Z,KXNHLGAME-26MAR14CGYNYI-CGY,close,historical,https://api.elections.kalshi.com/trade-api/v2/historical/markets/KXNHLGAME-26MAR14CGYNYI-CGY/candlesticks?start_ts=1773277560&end_ts=1773543600&period_interval=60
2025021051,home,0.58,0.57,0.58,2026-03-14T23:00:00Z,KXNHLGAME-26MAR14CGYNYI-NYI,close,historical,https://api.elections.kalshi.com/trade-api/v2/historical/markets/KXNHLGAME-26MAR14CGYNYI-NYI/candlesticks?start_ts=1773277560&end_ts=1773543600&period_interval=60
2025021052,away,0.56,0.55,0.56,2026-03-14T23:00:00Z,KXNHLGAME-26MAR14CBJPHI-CBJ,close,historical,https://api.elections.kalshi.com/trade-api/v2/historical/markets/KXNHLGAME-26MAR14CBJPHI-CBJ/candlesticks?start_ts=1773277620&end_ts=1773545400&period_interval=60
2025021052,home,0.45,0.44,0.45,2026-03-14T23:00:00Z,KXNHLGAME-26MAR14CBJPHI-PHI,close,historical,https://api.elections.kalshi.com/trade-api/v2/historical/markets/KXNHLGAME-26MAR14CBJPHI-PHI/candlesticks?start_ts=1773277620&end_ts=1773545400&period_interval=60
2025021053,home,0.64,0.63,0.64,2026-03-15T00:00:00Z,KXNHLGAME-26MAR14DETDAL-DAL,close,historical,https://api.elections.kalshi.com/trade-api/v2/historical/markets/KXNHLGAME-26MAR14DETDAL-DAL/candlesticks?start_ts=1773277620&end_ts=1773547200&period_interval=60
2025021053,away,0.37,0.36,0.37,2026-03-15T00:00:00Z,KXNHLGAME-26MAR14DETDAL-DET,close,historical,https://api.elections.kalshi.com/trade-api/v2/historical/markets/KXNHLGAME-26MAR14DETDAL-DET/candlesticks?start_ts=1773277620&end_ts=1773547200&period_interval=60
2025021054,away,0.42,0.41,0.42,2026-03-15T01:00:00Z,KXNHLGAME-26MAR14PITUTA-PIT,close,historical,https://api.elections.kalshi.com/trade-api/v2/historical/markets/KXNHLGAME-26MAR14PITUTA-PIT/candlesticks?start_ts=1773277620&end_ts=1773550800&period_interval=60
2025021054,home,0.59,0.58,0.59,2026-03-15T01:00:00Z,KXNHLGAME-26MAR14PITUTA-UTA,close,historical,https://api.elections.kalshi.com/trade-api/v2/historical/markets/KXNHLGAME-26MAR14PITUTA-UTA/candlesticks?start_ts=1773277620&end_ts=1773550800&period_interval=60
2025021055,away,0.57,0.56,0.57,2026-03-15T02:00:00Z,KXNHLGAME-26MAR14SEAVAN-SEA,close,historical,https://api.elections.kalshi.com/trade-api/v2/historical/markets/KXNHLGAME-26MAR14SEAVAN-SEA/candlesticks?start_ts=1773288360&end_ts=1773554400&period_interval=60
2025021055,home,0.44,0.43,0.44,2026-03-15T02:00:00Z,KXNHLGAME-26MAR14SEAVAN-VAN,close,historical,https://api.elections.kalshi.com/trade-api/v2/historical/markets/KXNHLGAME-26MAR14SEAVAN-VAN/candlesticks?start_ts=1773288360&end_ts=1773554400&period_interval=60
2025021056,away,0.34,0.33,0.34,2026-03-15T02:00:00Z,KXNHLGAME-26MAR14CHIVGK-CHI,close,historical,https://api.elections.kalshi.com/trade-api/v2/historical/markets/KXNHLGAME-26MAR14CHIVGK-CHI/candlesticks?start_ts=1773288360&end_ts=1773554400&period_interval=60
2025021056,home,0.67,0.66,0.67,2026-03-15T02:00:00Z,KXNHLGAME-26MAR14CHIVGK-VGK,close,historical,https://api.elections.kalshi.com/trade-api/v2/historical/markets/KXNHLGAME-26MAR14CHIVGK-VGK/candlesticks?start_ts=1773288360&end_ts=1773554400&period_interval=60
2025021057,away,0.52,0.51,0.52,2026-03-15T19:00:00Z,KXNHLGAME-26MAR15STLWPG-STL,close,historical,https://api.elections.kalshi.com/trade-api/v2/historical/markets/KXNHLGAME-26MAR15STLWPG-STL/candlesticks?start_ts=1773342360&end_ts=1773615600&period_interval=60
2025021057,home,0.5,0.49,0.5,2026-03-15T19:00:00Z,KXNHLGAME-26MAR15STLWPG-WPG,close,historical,https://api.elections.kalshi.com/trade-api/v2/historical/markets/KXNHLGAME-26MAR15STLWPG-WPG/candlesticks?start_ts=1773342360&end_ts=1773615600&period_interval=60
2025021058,home,0.64,0.63,0.64,2026-03-15T21:00:00Z,KXNHLGAME-26MAR15SJOTT-OTT,close,historical,https://api.elections.kalshi.com/trade-api/v2/historical/markets/KXNHLGAME-26MAR15SJOTT-OTT/candlesticks?start_ts=1773374760&end_ts=1773622800&period_interval=60
2025021058,away,0.37,0.36,0.37,2026-03-15T21:00:00Z,KXNHLGAME-26MAR15SJOTT-SJ,close,historical,https://api.elections.kalshi.com/trade-api/v2/historical/markets/KXNHLGAME-26MAR15SJOTT-SJ/candlesticks?start_ts=1773374760&end_ts=1773622800&period_interval=60
2025021059,away,0.44,0.43,0.44,2026-03-15T23:00:00Z,KXNHLGAME-26MAR15ANAMTL-ANA,close,historical,https://api.elections.kalshi.com/trade-api/v2/historical/markets/KXNHLGAME-26MAR15ANAMTL-ANA/candlesticks?start_ts=1773374760&end_ts=1773630000&period_interval=60
2025021059,home,0.58,0.57,0.58,2026-03-15T23:00:00Z,KXNHLGAME-26MAR15ANAMTL-MTL,close,historical,https://api.elections.kalshi.com/trade-api/v2/historical/markets/KXNHLGAME-26MAR15ANAMTL-MTL/candlesticks?start_ts=1773374760&end_ts=1773630000&period_interval=60
2025021060,home,0.7,0.69,0.7,2026-03-15T23:00:00Z,KXNHLGAME-26MAR15TORMIN-MIN,close,historical,https://api.elections.kalshi.com/trade-api/v2/historical/markets/KXNHLGAME-26MAR15TORMIN-MIN/candlesticks?start_ts=1773374760&end_ts=1773631800&period_interval=60
2025021060,away,0.31,0.3,0.31,2026-03-15T23:00:00Z,KXNHLGAME-26MAR15TORMIN-TOR,close,historical,https://api.elections.kalshi.com/trade-api/v2/historical/markets/KXNHLGAME-26MAR15TORMIN-TOR/candlesticks?start_ts=1773374760&end_ts=1773631800&period_interval=60
2025021061,home,0.63,0.62,0.63,2026-03-16T00:00:00Z,KXNHLGAME-26MAR15NSHEDM-EDM,close,historical,https://api.elections.kalshi.com/trade-api/v2/historical/markets/KXNHLGAME-26MAR15NSHEDM-EDM/candlesticks?start_ts=1773374760&end_ts=1773633600&period_interval=60
2025021061,away,0.38,0.37,0.38,2026-03-16T00:00:00Z,KXNHLGAME-26MAR15NSHEDM-NSH,close,historical,https://api.elections.kalshi.com/trade-api/v2/historical/markets/KXNHLGAME-26MAR15NSHEDM-NSH/candlesticks?start_ts=1773374760&end_ts=1773633600&period_interval=60
2025021062,away,0.53,0.52,0.53,2026-03-16T00:00:00Z,KXNHLGAME-26MAR15FLASEA-FLA,close,historical,https://api.elections.kalshi.com/trade-api/v2/historical/markets/KXNHLGAME-26MAR15FLASEA-FLA/candlesticks?start_ts=1773374760&end_ts=1773633600&period_interval=60
2025021062,home,0.48,0.47,0.48,2026-03-16T00:00:00Z,KXNHLGAME-26MAR15FLASEA-SEA,close,historical,https://api.elections.kalshi.com/trade-api/v2/historical/markets/KXNHLGAME-26MAR15FLASEA-SEA/candlesticks?start_ts=1773374760&end_ts=1773633600&period_interval=60
2025021063,away,0.39,0.38,0.38,2026-03-16T23:00:00Z,KXNHLGAME-26MAR16CGYDET-CGY,close,historical,https://api.elections.kalshi.com/trade-api/v2/historical/markets/KXNHLGAME-26MAR16CGYDET-CGY/candlesticks?start_ts=1773450420&end_ts=1773716400&period_interval=60
2025021063,home,0.63,0.61,0.63,2026-03-16T23:00:00Z,KXNHLGAME-26MAR16CGYDET-DET,close,historical,https://api.elections.kalshi.com/trade-api/v2/historical/markets/KXNHLGAME-26MAR16CGYDET-DET/candlesticks?start_ts=1773450420&end_ts=1773716400&period_interval=60
2025021064,away,0.48,0.47,0.48,2026-03-16T23:00:00Z,KXNHLGAME-26MAR16BOSNJ-BOS,close,historical,https://api.elections.kalshi.com/trade-api/v2/historical/markets/KXNHLGAME-26MAR16BOSNJ-BOS/candlesticks?start_ts=1773450420&end_ts=1773716400&period_interval=60
2025021064,home,0.54,0.53,0.54,2026-03-16T23:00:00Z,KXNHLGAME-26MAR16BOSNJ-NJ,close,historical,https://api.elections.kalshi.com/trade-api/v2/historical/markets/KXNHLGAME-26MAR16BOSNJ-NJ/candlesticks?start_ts=1773450420&end_ts=1773716400&period_interval=60
2025021065,away,0.51,0.5,0.51,2026-03-16T23:00:00Z,KXNHLGAME-26MAR16LANYR-LA,close,historical,https://api.elections.kalshi.com/trade-api/v2/historical/markets/KXNHLGAME-26MAR16LANYR-LA/candlesticks?start_ts=1773450420&end_ts=1773716400&period_interval=60
2025021065,home,0.51,0.5,0.51,2026-03-16T23:00:00Z,KXNHLGAME-26MAR16LANYR-NYR,close,historical,https://api.elections.kalshi.com/trade-api/v2/historical/markets/KXNHLGAME-26MAR16LANYR-NYR/candlesticks?start_ts=1773450420&end_ts=1773716400&period_interval=60
2025021066,home,0.6,0.58,0.6,2026-03-17T00:00:00Z,KXNHLGAME-26MAR16UTADAL-DAL,close,historical,https://api.elections.kalshi.com/trade-api/v2/historical/markets/KXNHLGAME-26MAR16UTADAL-DAL/candlesticks?start_ts=1773450420&end_ts=1773720000&period_interval=60
2025021066,away,0.42,0.41,0.42,2026-03-17T00:00:00Z,KXNHLGAME-26MAR16UTADAL-UTA,close,historical,https://api.elections.kalshi.com/trade-api/v2/historical/markets/KXNHLGAME-26MAR16UTADAL-UTA/candlesticks?start_ts=1773450420&end_ts=1773720000&period_interval=60
2025021067,home,0.67,0.66,0.67,2026-03-17T01:00:00Z,KXNHLGAME-26MAR16PITCOL-COL,close,historical,https://api.elections.kalshi.com/trade-api/v2/historical/markets/KXNHLGAME-26MAR16PITCOL-COL/candlesticks?start_ts=1773461220&end_ts=1773725400&period_interval=60
2025021067,away,0.35,0.34,0.35,2026-03-17T01:00:00Z,KXNHLGAME-26MAR16PITCOL-PIT,close,historical,https://api.elections.kalshi.com/trade-api/v2/historical/markets/KXNHLGAME-26MAR16PITCOL-PIT/candlesticks?start_ts=1773461220&end_ts=1773725400&period_interval=60
2025021068,away,0.59,0.58,0.59,2026-03-17T23:00:00Z,KXNHLGAME-26MAR17NYITOR-NYI,close,historical,https://api.elections.kalshi.com/trade-api/v2/historical/markets/KXNHLGAME-26MAR17NYITOR-NYI/candlesticks?start_ts=1773536700&end_ts=1773802800&period_interval=60
2025021068,home,0.42,0.41,0.42,2026-03-17T23:00:00Z,KXNHLGAME-26MAR17NYITOR-TOR,close,historical,https://api.elections.kalshi.com/trade-api/v2/historical/markets/KXNHLGAME-26MAR17NYITOR-TOR/candlesticks?start_ts=1773536700&end_ts=1773802800&period_interval=60
2025021069,away,0.42,0.41,0.42,2026-03-17T23:00:00Z,KXNHLGAME-26MAR17BOSMTL-BOS,close,historical,https://api.elections.kalshi.com/trade-api/v2/historical/markets/KXNHLGAME-26MAR17BOSMTL-BOS/candlesticks?start_ts=1773536760&end_ts=1773802800&period_interval=60
2025021069,home,0.6,0.59,0.6,2026-03-17T23:00:00Z,KXNHLGAME-26MAR17BOSMTL-MTL,close,historical,https://api.elections.kalshi.com/trade-api/v2/historical/markets/KXNHLGAME-26MAR17BOSMTL-MTL/candlesticks?start_ts=1773536760&end_ts=1773802800&period_interval=60
2025021070,away,0.53,0.52,0.53,2026-03-17T23:00:00Z,KXNHLGAME-26MAR17CARCBJ-CAR,close,historical,https://api.elections.kalshi.com/trade-api/v2/historical/markets/KXNHLGAME-26MAR17CARCBJ-CAR/candlesticks?start_ts=1773536760&end_ts=1773802800&period_interval=60
2025021070,home,0.48,0.47,0.48,2026-03-17T23:00:00Z,KXNHLGAME-26MAR17CARCBJ-CBJ,close,historical,https://api.elections.kalshi.com/trade-api/v2/historical/markets/KXNHLGAME-26MAR17CARCBJ-CBJ/candlesticks?start_ts=1773536760&end_ts=1773802800&period_interval=60
2025021071,away,0.47,0.46,0.46,2026-03-18T00:00:00Z,KXNHLGAME-26MAR17NSHWPG-NSH,close,historical,https://api.elections.kalshi.com/trade-api/v2/historical/markets/KXNHLGAME-26MAR17NSHWPG-NSH/candlesticks?start_ts=1773536760&end_ts=1773806400&period_interval=60
2025021071,home,0.55,0.54,0.55,2026-03-18T00:00:00Z,KXNHLGAME-26MAR17NSHWPG-WPG,close,historical,https://api.elections.kalshi.com/trade-api/v2/historical/markets/KXNHLGAME-26MAR17NSHWPG-WPG/candlesticks?start_ts=1773536760&end_ts=1773806400&period_interval=60
2025021072,home,0.39,0.38,0.39,2026-03-17T23:00:00Z,KXNHLGAME-26MAR17MINCHI-CHI,close,historical,https://api.elections.kalshi.com/trade-api/v2/historical/markets/KXNHLGAME-26MAR17MINCHI-CHI/candlesticks?start_ts=1773536760&end_ts=1773804600&period_interval=60
2025021072,away,0.62,0.61,0.62,2026-03-17T23:00:00Z,KXNHLGAME-26MAR17MINCHI-MIN,close,historical,https://api.elections.kalshi.com/trade-api/v2/historical/markets/KXNHLGAME-26MAR17MINCHI-MIN/candlesticks?start_ts=1773536760&end_ts=1773804600&period_interval=60
2025021073,home,0.6,0.59,0.6,2026-03-18T01:00:00Z,KXNHLGAME-26MAR17SJEDM-EDM,close,historical,https://api.elections.kalshi.com/trade-api/v2/historical/markets/KXNHLGAME-26MAR17SJEDM-EDM/candlesticks?start_ts=1773536760&end_ts=1773810000&period_interval=60
2025021073,away,0.41,0.4,0.41,2026-03-18T01:00:00Z,KXNHLGAME-26MAR17SJEDM-SJ,close,historical,https://api.elections.kalshi.com/trade-api/v2/historical/markets/KXNHLGAME-26MAR17SJEDM-SJ/candlesticks?start_ts=1773536760&end_ts=1773810000&period_interval=60
2025021074,away,0.6,0.59,0.6,2026-03-18T02:00:00Z,KXNHLGAME-26MAR17FLAVAN-FLA,close,historical,https://api.elections.kalshi.com/trade-api/v2/historical/markets/KXNHLGAME-26MAR17FLAVAN-FLA/candlesticks?start_ts=1773547560&end_ts=1773813600&period_interval=60
2025021074,home,0.42,0.41,0.42,2026-03-18T02:00:00Z,KXNHLGAME-26MAR17FLAVAN-VAN,close,historical,https://api.elections.kalshi.com/trade-api/v2/historical/markets/KXNHLGAME-26MAR17FLAVAN-VAN/candlesticks?start_ts=1773547560&end_ts=1773813600&period_interval=60
2025021075,away,0.46,0.45,0.46,2026-03-18T02:00:00Z,KXNHLGAME-26MAR17BUFVGK-BUF,close,historical,https://api.elections.kalshi.com/trade-api/v2/historical/markets/KXNHLGAME-26MAR17BUFVGK-BUF/candlesticks?start_ts=1773547560&end_ts=1773813600&period_interval=60
2025021075,home,0.56,0.55,0.56,2026-03-18T02:00:00Z,KXNHLGAME-26MAR17BUFVGK-VGK,close,historical,https://api.elections.kalshi.com/trade-api/v2/historical/markets/KXNHLGAME-26MAR17BUFVGK-VGK/candlesticks?start_ts=1773547560&end_ts=1773813600&period_interval=60
2025021076,home,0.38,0.37,0.38,2026-03-18T02:00:00Z,KXNHLGAME-26MAR17TBSEA-SEA,close,historical,https://api.elections.kalshi.com/trade-api/v2/historical/markets/KXNHLGAME-26MAR17TBSEA-SEA/candlesticks?start_ts=1773547560&end_ts=1773813600&period_interval=60
2025021076,away,0.63,0.62,0.63,2026-03-18T02:00:00Z,KXNHLGAME-26MAR17TBSEA-TB,close,historical,https://api.elections.kalshi.com/trade-api/v2/historical/markets/KXNHLGAME-26MAR17TBSEA-TB/candlesticks?start_ts=1773547560&end_ts=1773813600&period_interval=60
2025021077,away,0.54,0.53,0.54,2026-03-18T23:00:00Z,KXNHLGAME-26MAR18NJNYR-NJ,close,historical,https://api.elections.kalshi.com/trade-api/v2/historical/markets/KXNHLGAME-26MAR18NJNYR-NJ/candlesticks?start_ts=1773623160&end_ts=1773889200&period_interval=60
2025021077,home,0.47,0.46,0.47,2026-03-18T23:00:00Z,KXNHLGAME-26MAR18NJNYR-NYR,close,historical,https://api.elections.kalshi.com/trade-api/v2/historical/markets/KXNHLGAME-26MAR18NJNYR-NYR/candlesticks?start_ts=1773623160&end_ts=1773889200&period_interval=60
2025021078,home,0.56,0.55,0.56,2026-03-18T23:00:00Z,KXNHLGAME-26MAR18PITCAR-CAR,close,historical,https://api.elections.kalshi.com/trade-api/v2/historical/markets/KXNHLGAME-26MAR18PITCAR-CAR/candlesticks?start_ts=1773623160&end_ts=1773889200&period_interval=60
2025021078,away,0.46,0.45,0.46,2026-03-18T23:00:00Z,KXNHLGAME-26MAR18PITCAR-PIT,close,historical,https://api.elections.kalshi.com/trade-api/v2/historical/markets/KXNHLGAME-26MAR18PITCAR-PIT/candlesticks?start_ts=1773623160&end_ts=1773889200&period_interval=60
2025021079,away,0.56,0.55,0.55,2026-03-18T23:00:00Z,KXNHLGAME-26MAR18OTTWSH-OTT,close,historical,https://api.elections.kalshi.com/trade-api/v2/historical/markets/KXNHLGAME-26MAR18OTTWSH-OTT/candlesticks?start_ts=1773623160&end_ts=1773891000&period_interval=60
2025021079,home,0.45,0.44,0.45,2026-03-18T23:00:00Z,KXNHLGAME-26MAR18OTTWSH-WSH,close,historical,https://api.elections.kalshi.com/trade-api/v2/historical/markets/KXNHLGAME-26MAR18OTTWSH-WSH/candlesticks?start_ts=1773623160&end_ts=1773891000&period_interval=60
2025021080,home,0.57,0.56,0.57,2026-03-19T01:00:00Z,KXNHLGAME-26MAR18DALCOL-COL,close,historical,https://api.elections.kalshi.com/trade-api/v2/historical/markets/KXNHLGAME-26MAR18DALCOL-COL/candlesticks?start_ts=1773633960&end_ts=1773898200&period_interval=60
2025021080,away,0.45,0.44,0.45,2026-03-19T01:00:00Z,KXNHLGAME-26MAR18DALCOL-DAL,close,historical,https://api.elections.kalshi.com/trade-api/v2/historical/markets/KXNHLGAME-26MAR18DALCOL-DAL/candlesticks?start_ts=1773633960&end_ts=1773898200&period_interval=60
2025021081,home,0.46,0.45,0.46,2026-03-19T01:00:00Z,KXNHLGAME-26MAR18STLCGY-CGY,close,historical,https://api.elections.kalshi.com/trade-api/v2/historical/markets/KXNHLGAME-26MAR18STLCGY-CGY/candlesticks?start_ts=1773633960&end_ts=1773898200&period_interval=60
2025021081,away,0.55,0.54,0.55,2026-03-19T01:00:00Z,KXNHLGAME-26MAR18STLCGY-STL,close,historical,https://api.elections.kalshi.com/trade-api/v2/historical/markets/KXNHLGAME-26MAR18STLCGY-STL/candlesticks?start_ts=1773633960&end_ts=1773898200&period_interval=60
2025021082,home,0.58,0.57,0.58,2026-03-19T02:00:00Z,KXNHLGAME-26MAR18PHIANA-ANA,close,historical,https://api.elections.kalshi.com/trade-api/v2/historical/markets/KXNHLGAME-26MAR18PHIANA-ANA/candlesticks?start_ts=1773633960&end_ts=1773901817&period_interval=60
2025021082,away,0.43,0.41,0.41,2026-03-19T02:00:00Z,KXNHLGAME-26MAR18PHIANA-PHI,close,historical,https://api.elections.kalshi.com/trade-api/v2/historical/markets/KXNHLGAME-26MAR18PHIANA-PHI/candlesticks?start_ts=1773633960&end_ts=1773901817&period_interval=60
2025021083,home,0.56,0.55,0.56,2026-03-19T23:00:00Z,KXNHLGAME-26MAR19WPGBOS-BOS,close,historical,https://api.elections.kalshi.com/trade-api/v2/historical/markets/KXNHLGAME-26MAR19WPGBOS-BOS/candlesticks?start_ts=1773709560&end_ts=1773975600&period_interval=60
2025021083,away,0.45,0.44,0.45,2026-03-19T23:00:00Z,KXNHLGAME-26MAR19WPGBOS-WPG,close,historical,https://api.elections.kalshi.com/trade-api/v2/historical/markets/KXNHLGAME-26MAR19WPGBOS-WPG/candlesticks?start_ts=1773709560&end_ts=1773975600&period_interval=60
2025021084,away,0.47,0.46,0.47,2026-03-19T23:00:00Z,KXNHLGAME-26MAR19NYIOTT-NYI,close,historical,https://api.elections.kalshi.com/trade-api/v2/historical/markets/KXNHLGAME-26MAR19NYIOTT-NYI/candlesticks?start_ts=1773709560&end_ts=1773975600&period_interval=60
2025021084,home,0.54,0.53,0.54,2026-03-19T23:00:00Z,KXNHLGAME-26MAR19NYIOTT-OTT,close,historical,https://api.elections.kalshi.com/trade-api/v2/historical/markets/KXNHLGAME-26MAR19NYIOTT-OTT/candlesticks?start_ts=1773709560&end_ts=1773975600&period_interval=60
2025021085,home,0.49,0.48,0.49,2026-03-19T23:00:00Z,KXNHLGAME-26MAR19MTLDET-DET,close,historical,https://api.elections.kalshi.com/trade-api/v2/historical/markets/KXNHLGAME-26MAR19MTLDET-DET/candlesticks?start_ts=1773709560&end_ts=1773975600&period_interval=60
2025021085,away,0.52,0.51,0.52,2026-03-19T23:00:00Z,KXNHLGAME-26MAR19MTLDET-MTL,close,historical,https://api.elections.kalshi.com/trade-api/v2/historical/markets/KXNHLGAME-26MAR19MTLDET-MTL/candlesticks?start_ts=1773709560&end_ts=1773975600&period_interval=60
2025021086,home,0.68,0.66,0.68,2026-03-19T23:00:00Z,KXNHLGAME-26MAR19NYRCBJ-CBJ,close,historical,https://api.elections.kalshi.com/trade-api/v2/historical/markets/KXNHLGAME-26MAR19NYRCBJ-CBJ/candlesticks?start_ts=1773709560&end_ts=1773975600&period_interval=60
2025021086,away,0.33,0.32,0.33,2026-03-19T23:00:00Z,KXNHLGAME-26MAR19NYRCBJ-NYR,close,historical,https://api.elections.kalshi.com/trade-api/v2/historical/markets/KXNHLGAME-26MAR19NYRCBJ-NYR/candlesticks?start_ts=1773709560&end_ts=1773975600&period_interval=60
2025021087,home,0.54,0.53,0.54,2026-03-20T00:00:00Z,KXNHLGAME-26MAR19SEANSH-NSH,close,historical,https://api.elections.kalshi.com/trade-api/v2/historical/markets/KXNHLGAME-26MAR19SEANSH-NSH/candlesticks?start_ts=1773709620&end_ts=1773979200&period_interval=60
2025021087,away,0.48,0.47,0.48,2026-03-20T00:00:00Z,KXNHLGAME-26MAR19SEANSH-SEA,close,historical,https://api.elections.kalshi.com/trade-api/v2/historical/markets/KXNHLGAME-26MAR19SEANSH-SEA/candlesticks?start_ts=1773709620&end_ts=1773979200&period_interval=60
2025021088,away,0.34,0.33,0.34,2026-03-19T23:00:00Z,KXNHLGAME-26MAR19CHIMIN-CHI,close,historical,https://api.elections.kalshi.com/trade-api/v2/historical/markets/KXNHLGAME-26MAR19CHIMIN-CHI/candlesticks?start_ts=1773709560&end_ts=1773977400&period_interval=60
2025021088,home,0.66,0.65,0.66,2026-03-19T23:00:00Z,KXNHLGAME-26MAR19CHIMIN-MIN,close,historical,https://api.elections.kalshi.com/trade-api/v2/historical/markets/KXNHLGAME-26MAR19CHIMIN-MIN/candlesticks?start_ts=1773709560&end_ts=1773977400&period_interval=60
2025021089,home,0.6,0.59,0.6,2026-03-20T01:00:00Z,KXNHLGAME-26MAR19FLAEDM-EDM,close,historical,https://api.elections.kalshi.com/trade-api/v2/historical/markets/KXNHLGAME-26MAR19FLAEDM-EDM/candlesticks?start_ts=1773709620&end_ts=1773982800&period_interval=60
2025021089,away,0.41,0.4,0.41,2026-03-20T01:00:00Z,KXNHLGAME-26MAR19FLAEDM-FLA,close,historical,https://api.elections.kalshi.com/trade-api/v2/historical/markets/KXNHLGAME-26MAR19FLAEDM-FLA/candlesticks?start_ts=1773709620&end_ts=1773982800&period_interval=60
2025021090,away,0.74,0.73,0.74,2026-03-20T02:00:00Z,KXNHLGAME-26MAR19TBVAN-TB,close,historical,https://api.elections.kalshi.com/trade-api/v2/historical/markets/KXNHLGAME-26MAR19TBVAN-TB/candlesticks?start_ts=1773720360&end_ts=1773986400&period_interval=60
2025021090,home,0.28,0.27,0.28,2026-03-20T02:00:00Z,KXNHLGAME-26MAR19TBVAN-VAN,close,historical,https://api.elections.kalshi.com/trade-api/v2/historical/markets/KXNHLGAME-26MAR19TBVAN-VAN/candlesticks?start_ts=1773720360&end_ts=1773986400&period_interval=60
2025021091,away,0.46,0.45,0.46,2026-03-20T02:00:00Z,KXNHLGAME-26MAR19UTAVGK-UTA,close,historical,https://api.elections.kalshi.com/trade-api/v2/historical/markets/KXNHLGAME-26MAR19UTAVGK-UTA/candlesticks?start_ts=1773720360&end_ts=1773986400&period_interval=60
2025021091,home,0.56,0.55,0.56,2026-03-20T02:00:00Z,KXNHLGAME-26MAR19UTAVGK-VGK,close,historical,https://api.elections.kalshi.com/trade-api/v2/historical/markets/KXNHLGAME-26MAR19UTAVGK-VGK/candlesticks?start_ts=1773720360&end_ts=1773986400&period_interval=60
2025021092,away,0.57,0.56,0.57,2026-03-20T02:00:00Z,KXNHLGAME-26MAR19BUFSJ-BUF,close,historical,https://api.elections.kalshi.com/trade-api/v2/historical/markets/KXNHLGAME-26MAR19BUFSJ-BUF/candlesticks?start_ts=1773720360&end_ts=1773986400&period_interval=60
2025021092,home,0.43,0.42,0.43,2026-03-20T02:00:00Z,KXNHLGAME-26MAR19BUFSJ-SJ,close,historical,https://api.elections.kalshi.com/trade-api/v2/historical/markets/KXNHLGAME-26MAR19BUFSJ-SJ/candlesticks?start_ts=1773720360&end_ts=1773986400&period_interval=60
2025021093,home,0.62,0.61,0.62,2026-03-20T02:00:00Z,KXNHLGAME-26MAR19PHILA-LA,close,historical,https://api.elections.kalshi.com/trade-api/v2/historical/markets/KXNHLGAME-26MAR19PHILA-LA/candlesticks?start_ts=1773720360&end_ts=1773988200&period_interval=60
2025021093,away,0.39,0.38,0.39,2026-03-20T02:00:00Z,KXNHLGAME-26MAR19PHILA-PHI,close,historical,https://api.elections.kalshi.com/trade-api/v2/historical/markets/KXNHLGAME-26MAR19PHILA-PHI/candlesticks?start_ts=1773720360&end_ts=1773988200&period_interval=60
2025021094,away,0.67,0.66,0.67,2026-03-20T23:00:00Z,KXNHLGAME-26MAR20CARTOR-CAR,close,historical,https://api.elections.kalshi.com/trade-api/v2/historical/markets/KXNHLGAME-26MAR20CARTOR-CAR/candlesticks?start_ts=1773796020&end_ts=1774062000&period_interval=60
2025021094,home,0.34,0.33,0.34,2026-03-20T23:00:00Z,KXNHLGAME-26MAR20CARTOR-TOR,close,historical,https://api.elections.kalshi.com/trade-api/v2/historical/markets/KXNHLGAME-26MAR20CARTOR-TOR/candlesticks?start_ts=1773796020&end_ts=1774062000&period_interval=60
2025021095,away,0.47,0.46,0.47,2026-03-20T23:00:00Z,KXNHLGAME-26MAR20NJWSH-NJ,close,historical,https://api.elections.kalshi.com/trade-api/v2/historical/markets/KXNHLGAME-26MAR20NJWSH-NJ/candlesticks?start_ts=1773796020&end_ts=1774062000&period_interval=60
2025021095,home,0.54,0.53,0.54,2026-03-20T23:00:00Z,KXNHLGAME-26MAR20NJWSH-WSH,close,historical,https://api.elections.kalshi.com/trade-api/v2/historical/markets/KXNHLGAME-26MAR20NJWSH-WSH/candlesticks?start_ts=1773796020&end_ts=1774062000&period_interval=60
2025021096,home,0.26,0.25,0.26,2026-03-21T00:00:00Z,KXNHLGAME-26MAR20COLCHI-CHI,close,historical,https://api.elections.kalshi.com/trade-api/v2/historical/markets/KXNHLGAME-26MAR20COLCHI-CHI/candlesticks?start_ts=1773796020&end_ts=1774067400&period_interval=60
2025021096,away,0.75,0.74,0.75,2026-03-21T00:00:00Z,KXNHLGAME-26MAR20COLCHI-COL,close,historical,https://api.elections.kalshi.com/trade-api/v2/historical/markets/KXNHLGAME-26MAR20COLCHI-COL/candlesticks?start_ts=1773796020&end_ts=1774067400&period_interval=60
2025021097,home,0.53,0.52,0.53,2026-03-21T01:00:00Z,KXNHLGAME-26MAR20FLACGY-CGY,close,historical,https://api.elections.kalshi.com/trade-api/v2/historical/markets/KXNHLGAME-26MAR20FLACGY-CGY/candlesticks?start_ts=1773796020&end_ts=1774069200&period_interval=60
2025021097,away,0.49,0.48,0.49,2026-03-21T01:00:00Z,KXNHLGAME-26MAR20FLACGY-FLA,close,historical,https://api.elections.kalshi.com/trade-api/v2/historical/markets/KXNHLGAME-26MAR20FLACGY-FLA/candlesticks?start_ts=1773796020&end_ts=1774069200&period_interval=60
2025021098,away,0.45,0.44,0.45,2026-03-21T02:00:00Z,KXNHLGAME-26MAR20ANAUTA-ANA,close,historical,https://api.elections.kalshi.com/trade-api/v2/historical/markets/KXNHLGAME-26MAR20ANAUTA-ANA/candlesticks?start_ts=1773806760&end_ts=1774072800&period_interval=60
2025021098,home,0.56,0.55,0.56,2026-03-21T02:00:00Z,KXNHLGAME-26MAR20ANAUTA-UTA,close,historical,https://api.elections.kalshi.com/trade-api/v2/historical/markets/KXNHLGAME-26MAR20ANAUTA-UTA/candlesticks?start_ts=1773806760&end_ts=1774072800&period_interval=60
2025021099,home,0.6,0.59,0.6,2026-03-21T17:00:00Z,KXNHLGAME-26MAR21WPGPIT-PIT,close,historical,https://api.elections.kalshi.com/trade-api/v2/historical/markets/KXNHLGAME-26MAR21WPGPIT-PIT/candlesticks?start_ts=1773860760&end_ts=1774126800&period_interval=60
2025021099,away,0.41,0.4,0.41,2026-03-21T17:00:00Z,KXNHLGAME-26MAR21WPGPIT-WPG,close,historical,https://api.elections.kalshi.com/trade-api/v2/historical/markets/KXNHLGAME-26MAR21WPGPIT-WPG/candlesticks?start_ts=1773860760&end_ts=1774126800&period_interval=60
2025021100,home,0.42,0.41,0.42,2026-03-21T18:00:00Z,KXNHLGAME-26MAR21VGKNSH-NSH,close,historical,https://api.elections.kalshi.com/trade-api/v2/historical/markets/KXNHLGAME-26MAR21VGKNSH-NSH/candlesticks?start_ts=1773860760&end_ts=1774130400&period_interval=60
2025021100,away,0.59,0.58,0.59,2026-03-21T18:00:00Z,KXNHLGAME-26MAR21VGKNSH-VGK,close,historical,https://api.elections.kalshi.com/trade-api/v2/historical/markets/KXNHLGAME-26MAR21VGKNSH-VGK/candlesticks?start_ts=1773860760&end_ts=1774130400&period_interval=60
2025021101,away,0.56,0.55,0.56,2026-03-21T20:00:00Z,KXNHLGAME-26MAR21DALMIN-DAL,close,historical,https://api.elections.kalshi.com/trade-api/v2/historical/markets/KXNHLGAME-26MAR21DALMIN-DAL/candlesticks?start_ts=1773871620&end_ts=1774137653&period_interval=60
2025021101,home,0.46,0.44,0.46,2026-03-21T20:00:00Z,KXNHLGAME-26MAR21DALMIN-MIN,close,historical,https://api.elections.kalshi.com/trade-api/v2/historical/markets/KXNHLGAME-26MAR21DALMIN-MIN/candlesticks?start_ts=1773871620&end_ts=1774137653&period_interval=60
2025021102,away,0.55,0.54,0.55,2026-03-21T20:00:00Z,KXNHLGAME-26MAR21BUFLA-BUF,close,historical,https://api.elections.kalshi.com/trade-api/v2/historical/markets/KXNHLGAME-26MAR21BUFLA-BUF/candlesticks?start_ts=1773871620&end_ts=1774137600&period_interval=60
2025021102,home,0.47,0.46,0.47,2026-03-21T20:00:00Z,KXNHLGAME-26MAR21BUFLA-LA,close,historical,https://api.elections.kalshi.com/trade-api/v2/historical/markets/KXNHLGAME-26MAR21BUFLA-LA/candlesticks?start_ts=1773871620&end_ts=1774137600&period_interval=60
2025021103,away,0.48,0.46,0.48,2026-03-21T20:00:00Z,KXNHLGAME-26MAR21PHISJ-PHI,close,historical,https://api.elections.kalshi.com/trade-api/v2/historical/markets/KXNHLGAME-26MAR21PHISJ-PHI/candlesticks?start_ts=1773871620&end_ts=1774137600&period_interval=60
2025021103,home,0.54,0.53,0.54,2026-03-21T20:00:00Z,KXNHLGAME-26MAR21PHISJ-SJ,close,historical,https://api.elections.kalshi.com/trade-api/v2/historical/markets/KXNHLGAME-26MAR21PHISJ-SJ/candlesticks?start_ts=1773871620&end_ts=1774137600&period_interval=60
2025021104,home,0.64,0.63,0.64,2026-03-21T21:00:00Z,KXNHLGAME-26MAR21SEACBJ-CBJ,close,historical,https://api.elections.kalshi.com/trade-api/v2/historical/markets/KXNHLGAME-26MAR21SEACBJ-CBJ/candlesticks?start_ts=1773871620&end_ts=1774141200&period_interval=60
2025021104,away,0.37,0.36,0.37,2026-03-21T21:00:00Z,KXNHLGAME-26MAR21SEACBJ-SEA,close,historical,https://api.elections.kalshi.com/trade-api/v2/historical/markets/KXNHLGAME-26MAR21SEACBJ-SEA/candlesticks?start_ts=1773871620&end_ts=1774141200&period_interval=60
2025021105,home,0.53,0.52,0.53,2026-03-21T23:00:00Z,KXNHLGAME-26MAR21NYIMTL-MTL,close,historical,https://api.elections.kalshi.com/trade-api/v2/historical/markets/KXNHLGAME-26MAR21NYIMTL-MTL/candlesticks?start_ts=1773882420&end_ts=1774148400&period_interval=60
2025021105,away,0.48,0.47,0.48,2026-03-21T23:00:00Z,KXNHLGAME-26MAR21NYIMTL-NYI,close,historical,https://api.elections.kalshi.com/trade-api/v2/historical/markets/KXNHLGAME-26MAR21NYIMTL-NYI/candlesticks?start_ts=1773882420&end_ts=1774148400&period_interval=60
2025021106,home,0.74,0.73,0.73,2026-03-21T23:00:00Z,KXNHLGAME-26MAR21TOROTT-OTT,close,historical,https://api.elections.kalshi.com/trade-api/v2/historical/markets/KXNHLGAME-26MAR21TOROTT-OTT/candlesticks?start_ts=1773882420&end_ts=1774148400&period_interval=60
2025021106,away,0.27,0.26,0.27,2026-03-21T23:00:00Z,KXNHLGAME-26MAR21TOROTT-TOR,close,historical,https://api.elections.kalshi.com/trade-api/v2/historical/markets/KXNHLGAME-26MAR21TOROTT-TOR/candlesticks?start_ts=1773882420&end_ts=1774148400&period_interval=60
2025021107,away,0.58,0.57,0.58,2026-03-21T23:00:00Z,KXNHLGAME-26MAR21STLVAN-STL,close,historical,https://api.elections.kalshi.com/trade-api/v2/historical/markets/KXNHLGAME-26MAR21STLVAN-STL/candlesticks?start_ts=1773882420&end_ts=1774148400&period_interval=60
2025021107,home,0.44,0.42,0.43,2026-03-21T23:00:00Z,KXNHLGAME-26MAR21STLVAN-VAN,close,historical,https://api.elections.kalshi.com/trade-api/v2/historical/markets/KXNHLGAME-26MAR21STLVAN-VAN/candlesticks?start_ts=1773882420&end_ts=1774148400&period_interval=60
2025021108,away,0.48,0.47,0.48,2026-03-22T00:00:00Z,KXNHLGAME-26MAR21BOSDET-BOS,close,historical,https://api.elections.kalshi.com/trade-api/v2/historical/markets/KXNHLGAME-26MAR21BOSDET-BOS/candlesticks?start_ts=1773882420&end_ts=1774152000&period_interval=60
2025021108,home,0.54,0.53,0.54,2026-03-22T00:00:00Z,KXNHLGAME-26MAR21BOSDET-DET,close,historical,https://api.elections.kalshi.com/trade-api/v2/historical/markets/KXNHLGAME-26MAR21BOSDET-DET/candlesticks?start_ts=1773882420&end_ts=1774152000&period_interval=60
2025021109,home,0.45,0.44,0.45,2026-03-22T02:00:00Z,KXNHLGAME-26MAR21TBEDM-EDM,close,historical,https://api.elections.kalshi.com/trade-api/v2/historical/markets/KXNHLGAME-26MAR21TBEDM-EDM/candlesticks?start_ts=1773893160&end_ts=1774159200&period_interval=60
2025021109,away,0.56,0.55,0.56,2026-03-22T02:00:00Z,KXNHLGAME-26MAR21TBEDM-TB,close,historical,https://api.elections.kalshi.com/trade-api/v2/historical/markets/KXNHLGAME-26MAR21TBEDM-TB/candlesticks?start_ts=1773893160&end_ts=1774159200&period_interval=60
2025021110,home,0.52,0.51,0.52,2026-03-22T16:00:00Z,KXNHLGAME-26MAR22WPGNYR-NYR,close,historical,https://api.elections.kalshi.com/trade-api/v2/historical/markets/KXNHLGAME-26MAR22WPGNYR-NYR/candlesticks?start_ts=1773936420&end_ts=1774209600&period_interval=60
2025021110,away,0.49,0.48,0.49,2026-03-22T16:00:00Z,KXNHLGAME-26MAR22WPGNYR-WPG,close,historical,https://api.elections.kalshi.com/trade-api/v2/historical/markets/KXNHLGAME-26MAR22WPGNYR-WPG/candlesticks?start_ts=1773936420&end_ts=1774209600&period_interval=60
2025021111,away,0.61,0.6,0.61,2026-03-22T16:00:00Z,KXNHLGAME-26MAR22COLWSH-COL,close,historical,https://api.elections.kalshi.com/trade-api/v2/historical/markets/KXNHLGAME-26MAR22COLWSH-COL/candlesticks?start_ts=1773968760&end_ts=1774211400&period_interval=60
2025021111,home,0.4,0.39,0.4,2026-03-22T16:00:00Z,KXNHLGAME-26MAR22COLWSH-WSH,close,historical,https://api.elections.kalshi.com/trade-api/v2/historical/markets/KXNHLGAME-26MAR22COLWSH-WSH/candlesticks?start_ts=1773968760&end_ts=1774211400&period_interval=60
2025021112,away,0.58,0.57,0.58,2026-03-22T19:00:00Z,KXNHLGAME-26MAR22CARPIT-CAR,close,historical,https://api.elections.kalshi.com/trade-api/v2/historical/markets/KXNHLGAME-26MAR22CARPIT-CAR/candlesticks?start_ts=1773968760&end_ts=1774220400&period_interval=60
2025021112,home,0.43,0.42,0.43,2026-03-22T19:00:00Z,KXNHLGAME-26MAR22CARPIT-PIT,close,historical,https://api.elections.kalshi.com/trade-api/v2/historical/markets/KXNHLGAME-26MAR22CARPIT-PIT/candlesticks?start_ts=1773968760&end_ts=1774220400&period_interval=60
2025021113,home,0.5,0.49,0.5,2026-03-22T19:00:00Z,KXNHLGAME-26MAR22NSHCHI-CHI,close,historical,https://api.elections.kalshi.com/trade-api/v2/historical/markets/KXNHLGAME-26MAR22NSHCHI-CHI/candlesticks?start_ts=1773968760&end_ts=1774220400&period_interval=60
2025021113,away,0.51,0.5,0.51,2026-03-22T19:00:00Z,KXNHLGAME-26MAR22NSHCHI-NSH,close,historical,https://api.elections.kalshi.com/trade-api/v2/historical/markets/KXNHLGAME-26MAR22NSHCHI-NSH/candlesticks?start_ts=1773968760&end_ts=1774220400&period_interval=60
2025021114,away,0.54,0.53,0.54,2026-03-22T23:00:00Z,KXNHLGAME-26MAR22CBJNYI-CBJ,close,historical,https://api.elections.kalshi.com/trade-api/v2/historical/markets/KXNHLGAME-26MAR22CBJNYI-CBJ/candlesticks?start_ts=1773968760&end_ts=1774234800&period_interval=60
2025021114,home,0.48,0.47,0.48,2026-03-22T23:00:00Z,KXNHLGAME-26MAR22CBJNYI-NYI,close,historical,https://api.elections.kalshi.com/trade-api/v2/historical/markets/KXNHLGAME-26MAR22CBJNYI-NYI/candlesticks?start_ts=1773968760&end_ts=1774234800&period_interval=60
2025021115,home,0.57,0.56,0.57,2026-03-22T23:00:00Z,KXNHLGAME-26MAR22VGKDAL-DAL,close,historical,https://api.elections.kalshi.com/trade-api/v2/historical/markets/KXNHLGAME-26MAR22VGKDAL-DAL/candlesticks?start_ts=1773968760&end_ts=1774234800&period_interval=60
2025021115,away,0.44,0.43,0.44,2026-03-22T23:00:00Z,KXNHLGAME-26MAR22VGKDAL-VGK,close,historical,https://api.elections.kalshi.com/trade-api/v2/historical/markets/KXNHLGAME-26MAR22VGKDAL-VGK/candlesticks?start_ts=1773968760&end_ts=1774234800&period_interval=60
2025021116,home,0.41,0.4,0.4,2026-03-23T00:00:00Z,KXNHLGAME-26MAR22TBCGY-CGY,close,historical,https://api.elections.kalshi.com/trade-api/v2/historical/markets/KXNHLGAME-26MAR22TBCGY-CGY/candlesticks?start_ts=1773968760&end_ts=1774238400&period_interval=60
2025021116,away,0.61,0.6,0.6,2026-03-23T00:00:00Z,KXNHLGAME-26MAR22TBCGY-TB,close,historical,https://api.elections.kalshi.com/trade-api/v2/historical/markets/KXNHLGAME-26MAR22TBCGY-TB/candlesticks?start_ts=1773968760&end_ts=1774238400&period_interval=60
2025021117,home,0.49,0.47,0.49,2026-03-23T00:00:00Z,KXNHLGAME-26MAR22BUFANA-ANA,close,historical,https://api.elections.kalshi.com/trade-api/v2/historical/markets/KXNHLGAME-26MAR22BUFANA-ANA/candlesticks?start_ts=1773968760&end_ts=1774238400&period_interval=60
2025021117,away,0.52,0.51,0.52,2026-03-23T00:00:00Z,KXNHLGAME-26MAR22BUFANA-BUF,close,historical,https://api.elections.kalshi.com/trade-api/v2/historical/markets/KXNHLGAME-26MAR22BUFANA-BUF/candlesticks?start_ts=1773968760&end_ts=1774238400&period_interval=60
2025021118,away,0.39,0.38,0.39,2026-03-23T01:00:00Z,KXNHLGAME-26MAR22LAUTA-LA,close,historical,https://api.elections.kalshi.com/trade-api/v2/historical/markets/KXNHLGAME-26MAR22LAUTA-LA/candlesticks?start_ts=1773968760&end_ts=1774242000&period_interval=60
2025021118,home,0.62,0.61,0.62,2026-03-23T01:00:00Z,KXNHLGAME-26MAR22LAUTA-UTA,close,historical,https://api.elections.kalshi.com/trade-api/v2/historical/markets/KXNHLGAME-26MAR22LAUTA-UTA/candlesticks?start_ts=1773968760&end_ts=1774242000&period_interval=60
2025021119,home,0.38,0.37,0.38,2026-03-23T23:00:00Z,KXNHLGAME-26MAR23OTTNYR-NYR,close,historical,https://api.elections.kalshi.com/trade-api/v2/historical/markets/KXNHLGAME-26MAR23OTTNYR-NYR/candlesticks?start_ts=1774055220&end_ts=1774323000&period_interval=60
2025021119,away,0.63,0.62,0.63,2026-03-23T23:00:00Z,KXNHLGAME-26MAR23OTTNYR-OTT,close,historical,https://api.elections.kalshi.com/trade-api/v2/historical/markets/KXNHLGAME-26MAR23OTTNYR-OTT/candlesticks?start_ts=1774055220&end_ts=1774323000&period_interval=60
2025021120,home,0.64,0.63,0.64,2026-03-24T23:00:00Z,KXNHLGAME-26MAR24TORBOS-BOS,close,historical,https://api.elections.kalshi.com/trade-api/v2/historical/markets/KXNHLGAME-26MAR24TORBOS-BOS/candlesticks?start_ts=1774141560&end_ts=1774407600&period_interval=60
2025021120,away,0.37,0.36,0.37,2026-03-24T23:00:00Z,KXNHLGAME-26MAR24TORBOS-TOR,close,historical,https://api.elections.kalshi.com/trade-api/v2/historical/markets/KXNHLGAME-26MAR24TORBOS-TOR/candlesticks?start_ts=1774141560&end_ts=1774407600&period_interval=60
2025021121,away,0.56,0.55,0.56,2026-03-24T23:00:00Z,KXNHLGAME-26MAR24CARMTL-CAR,close,historical,https://api.elections.kalshi.com/trade-api/v2/historical/markets/KXNHLGAME-26MAR24CARMTL-CAR/candlesticks?start_ts=1774141560&end_ts=1774407600&period_interval=60
2025021121,home,0.46,0.45,0.46,2026-03-24T23:00:00Z,KXNHLGAME-26MAR24CARMTL-MTL,close,historical,https://api.elections.kalshi.com/trade-api/v2/historical/markets/KXNHLGAME-26MAR24CARMTL-MTL/candlesticks?start_ts=1774141560&end_ts=1774407600&period_interval=60
2025021122,home,0.56,0.54,0.56,2026-03-24T23:00:00Z,KXNHLGAME-26MAR24OTTDET-DET,close,historical,https://api.elections.kalshi.com/trade-api/v2/historical/markets/KXNHLGAME-26MAR24OTTDET-DET/candlesticks?start_ts=1774141560&end_ts=1774407600&period_interval=60
2025021122,away,0.47,0.46,0.47,2026-03-24T23:00:00Z,KXNHLGAME-26MAR24OTTDET-OTT,close,historical,https://api.elections.kalshi.com/trade-api/v2/historical/markets/KXNHLGAME-26MAR24OTTDET-OTT/candlesticks?start_ts=1774141560&end_ts=1774407600&period_interval=60
2025021123,home,0.54,0.53,0.54,2026-03-24T23:00:00Z,KXNHLGAME-26MAR24SEAFLA-FLA,close,historical,https://api.elections.kalshi.com/trade-api/v2/historical/markets/KXNHLGAME-26MAR24SEAFLA-FLA/candlesticks?start_ts=1774141560&end_ts=1774407600&period_interval=60
2025021123,away,0.47,0.46,0.47,2026-03-24T23:00:00Z,KXNHLGAME-26MAR24SEAFLA-SEA,close,historical,https://api.elections.kalshi.com/trade-api/v2/historical/markets/KXNHLGAME-26MAR24SEAFLA-SEA/candlesticks?start_ts=1774141560&end_ts=1774407600&period_interval=60
2025021124,away,0.4,0.39,0.4,2026-03-24T23:00:00Z,KXNHLGAME-26MAR24CHINYI-CHI,close,historical,https://api.elections.kalshi.com/trade-api/v2/historical/markets/KXNHLGAME-26MAR24CHINYI-CHI/candlesticks?start_ts=1774141560&end_ts=1774407600&period_interval=60
2025021124,home,0.61,0.6,0.61,2026-03-24T23:00:00Z,KXNHLGAME-26MAR24CHINYI-NYI,close,historical,https://api.elections.kalshi.com/trade-api/v2/historical/markets/KXNHLGAME-26MAR24CHINYI-NYI/candlesticks?start_ts=1774141560&end_ts=1774407600&period_interval=60
2025021125,away,0.57,0.55,0.57,2026-03-24T23:00:00Z,KXNHLGAME-26MAR24CBJPHI-CBJ,close,historical,https://api.elections.kalshi.com/trade-api/v2/historical/markets/KXNHLGAME-26MAR24CBJPHI-CBJ/candlesticks?start_ts=1774141560&end_ts=1774407600&period_interval=60
2025021125,home,0.45,0.44,0.45,2026-03-24T23:00:00Z,KXNHLGAME-26MAR24CBJPHI-PHI,close,historical,https://api.elections.kalshi.com/trade-api/v2/historical/markets/KXNHLGAME-26MAR24CBJPHI-PHI/candlesticks?start_ts=1774141560&end_ts=1774407600&period_interval=60
2025021126,away,0.61,0.6,0.6,2026-03-24T23:00:00Z,KXNHLGAME-26MAR24COLPIT-COL,close,historical,https://api.elections.kalshi.com/trade-api/v2/historical/markets/KXNHLGAME-26MAR24COLPIT-COL/candlesticks?start_ts=1774141560&end_ts=1774407600&period_interval=60
2025021126,home,0.41,0.39,0.41,2026-03-24T23:00:00Z,KXNHLGAME-26MAR24COLPIT-PIT,close,historical,https://api.elections.kalshi.com/trade-api/v2/historical/markets/KXNHLGAME-26MAR24COLPIT-PIT/candlesticks?start_ts=1774141560&end_ts=1774407600&period_interval=60
2025021127,away,0.42,0.41,0.42,2026-03-24T23:00:00Z,KXNHLGAME-26MAR24MINTB-MIN,close,historical,https://api.elections.kalshi.com/trade-api/v2/historical/markets/KXNHLGAME-26MAR24MINTB-MIN/candlesticks?start_ts=1774141560&end_ts=1774409400&period_interval=60
2025021127,home,0.6,0.59,0.6,2026-03-24T23:00:00Z,KXNHLGAME-26MAR24MINTB-TB,close,historical,https://api.elections.kalshi.com/trade-api/v2/historical/markets/KXNHLGAME-26MAR24MINTB-TB/candlesticks?start_ts=1774141560&end_ts=1774409400&period_interval=60
2025021128,home,0.5,0.49,0.5,2026-03-25T00:00:00Z,KXNHLGAME-26MAR24WSHSTL-STL,close,historical,https://api.elections.kalshi.com/trade-api/v2/historical/markets/KXNHLGAME-26MAR24WSHSTL-STL/candlesticks?start_ts=1774141560&end_ts=1774411200&period_interval=60
2025021128,away,0.52,0.51,0.52,2026-03-25T00:00:00Z,KXNHLGAME-26MAR24WSHSTL-WSH,close,historical,https://api.elections.kalshi.com/trade-api/v2/historical/markets/KXNHLGAME-26MAR24WSHSTL-WSH/candlesticks?start_ts=1774141560&end_ts=1774411200&period_interval=60
2025021129,home,0.56,0.55,0.56,2026-03-25T00:00:00Z,KXNHLGAME-26MAR24SJNSH-NSH,close,historical,https://api.elections.kalshi.com/trade-api/v2/historical/markets/KXNHLGAME-26MAR24SJNSH-NSH/candlesticks?start_ts=1774141560&end_ts=1774411200&period_interval=60
2025021129,away,0.45,0.44,0.45,2026-03-25T00:00:00Z,KXNHLGAME-26MAR24SJNSH-SJ,close,historical,https://api.elections.kalshi.com/trade-api/v2/historical/markets/KXNHLGAME-26MAR24SJNSH-SJ/candlesticks?start_ts=1774141560&end_ts=1774411200&period_interval=60
2025021130,home,0.61,0.6,0.61,2026-03-25T00:00:00Z,KXNHLGAME-26MAR24NJDAL-DAL,close,historical,https://api.elections.kalshi.com/trade-api/v2/historical/markets/KXNHLGAME-26MAR24NJDAL-DAL/candlesticks?start_ts=1774141560&end_ts=1774411200&period_interval=60
2025021130,away,0.41,0.4,0.4,2026-03-25T00:00:00Z,KXNHLGAME-26MAR24NJDAL-NJ,close,historical,https://api.elections.kalshi.com/trade-api/v2/historical/markets/KXNHLGAME-26MAR24NJDAL-NJ/candlesticks?start_ts=1774141560&end_ts=1774411200&period_interval=60
2025021131,away,0.55,0.53,0.55,2026-03-25T00:00:00Z,KXNHLGAME-26MAR24VGKWPG-VGK,close,historical,https://api.elections.kalshi.com/trade-api/v2/historical/markets/KXNHLGAME-26MAR24VGKWPG-VGK/candlesticks?start_ts=1774141560&end_ts=1774411200&period_interval=60
2025021131,home,0.46,0.45,0.46,2026-03-25T00:00:00Z,KXNHLGAME-26MAR24VGKWPG-WPG,close,historical,https://api.elections.kalshi.com/trade-api/v2/historical/markets/KXNHLGAME-26MAR24VGKWPG-WPG/candlesticks?start_ts=1774141560&end_ts=1774411200&period_interval=60
2025021132,away,0.45,0.44,0.45,2026-03-25T01:00:00Z,KXNHLGAME-26MAR24EDMUTA-EDM,close,historical,https://api.elections.kalshi.com/trade-api/v2/historical/markets/KXNHLGAME-26MAR24EDMUTA-EDM/candlesticks?start_ts=1774152360&end_ts=1774416600&period_interval=60
2025021132,home,0.56,0.55,0.56,2026-03-25T01:00:00Z,KXNHLGAME-26MAR24EDMUTA-UTA,close,historical,https://api.elections.kalshi.com/trade-api/v2/historical/markets/KXNHLGAME-26MAR24EDMUTA-UTA/candlesticks?start_ts=1774152360&end_ts=1774416600&period_interval=60
2025021133,home,0.43,0.42,0.43,2026-03-25T01:00:00Z,KXNHLGAME-26MAR24LACGY-CGY,close,historical,https://api.elections.kalshi.com/trade-api/v2/historical/markets/KXNHLGAME-26MAR24LACGY-CGY/candlesticks?start_ts=1774141560&end_ts=1774414800&period_interval=60
2025021133,away,0.58,0.57,0.58,2026-03-25T01:00:00Z,KXNHLGAME-26MAR24LACGY-LA,close,historical,https://api.elections.kalshi.com/trade-api/v2/historical/markets/KXNHLGAME-26MAR24LACGY-LA/candlesticks?start_ts=1774141560&end_ts=1774414800&period_interval=60
2025021134,away,0.63,0.62,0.63,2026-03-25T02:00:00Z,KXNHLGAME-26MAR24ANAVAN-ANA,close,historical,https://api.elections.kalshi.com/trade-api/v2/historical/markets/KXNHLGAME-26MAR24ANAVAN-ANA/candlesticks?start_ts=1774152360&end_ts=1774418400&period_interval=60
2025021134,home,0.38,0.37,0.37,2026-03-25T02:00:00Z,KXNHLGAME-26MAR24ANAVAN-VAN,close,historical,https://api.elections.kalshi.com/trade-api/v2/historical/markets/KXNHLGAME-26MAR24ANAVAN-VAN/candlesticks?start_ts=1774152360&end_ts=1774418400&period_interval=60
2025021135,away,0.35,0.34,0.35,2026-03-25T23:00:00Z,KXNHLGAME-26MAR25BOSBUF-BOS,close,historical,https://api.elections.kalshi.com/trade-api/v2/historical/markets/KXNHLGAME-26MAR25BOSBUF-BOS/candlesticks?start_ts=1774227960&end_ts=1774495800&period_interval=60
2025021135,home,0.66,0.65,0.66,2026-03-25T23:00:00Z,KXNHLGAME-26MAR25BOSBUF-BUF,close,historical,https://api.elections.kalshi.com/trade-api/v2/historical/markets/KXNHLGAME-26MAR25BOSBUF-BUF/candlesticks?start_ts=1774227960&end_ts=1774495800&period_interval=60
2025021136,away,0.56,0.55,0.56,2026-03-25T23:00:00Z,KXNHLGAME-26MAR25NYRTOR-NYR,close,historical,https://api.elections.kalshi.com/trade-api/v2/historical/markets/KXNHLGAME-26MAR25NYRTOR-NYR/candlesticks?start_ts=1774227960&end_ts=1774495800&period_interval=60
2025021136,home,0.44,0.43,0.44,2026-03-25T23:00:00Z,KXNHLGAME-26MAR25NYRTOR-TOR,close,historical,https://api.elections.kalshi.com/trade-api/v2/historical/markets/KXNHLGAME-26MAR25NYRTOR-TOR/candlesticks?start_ts=1774227960&end_ts=1774495800&period_interval=60
2025021137,away,0.5,0.49,0.5,2026-03-26T23:00:00Z,KXNHLGAME-26MAR26CBJMTL-CBJ,close,historical,https://api.elections.kalshi.com/trade-api/v2/historical/markets/KXNHLGAME-26MAR26CBJMTL-CBJ/candlesticks?start_ts=1774314360&end_ts=1774580400&period_interval=60
2025021137,home,0.51,0.5,0.51,2026-03-26T23:00:00Z,KXNHLGAME-26MAR26CBJMTL-MTL,close,historical,https://api.elections.kalshi.com/trade-api/v2/historical/markets/KXNHLGAME-26MAR26CBJMTL-MTL/candlesticks?start_ts=1774314360&end_ts=1774580400&period_interval=60
2025021138,home,0.58,0.57,0.58,2026-03-26T23:00:00Z,KXNHLGAME-26MAR26PITOTT-OTT,close,historical,https://api.elections.kalshi.com/trade-api/v2/historical/markets/KXNHLGAME-26MAR26PITOTT-OTT/candlesticks?start_ts=1774314360&end_ts=1774580400&period_interval=60
2025021138,away,0.43,0.42,0.43,2026-03-26T23:00:00Z,KXNHLGAME-26MAR26PITOTT-PIT,close,historical,https://api.elections.kalshi.com/trade-api/v2/historical/markets/KXNHLGAME-26MAR26PITOTT-PIT/candlesticks?start_ts=1774314360&end_ts=1774580400&period_interval=60
2025021139,away,0.29,0.28,0.29,2026-03-26T23:00:00Z,KXNHLGAME-26MAR26SEATB-SEA,close,historical,https://api.elections.kalshi.com/trade-api/v2/historical/markets/KXNHLGAME-26MAR26SEATB-SEA/candlesticks?start_ts=1774314360&end_ts=1774580400&period_interval=60
2025021139,home,0.72,0.71,0.72,2026-03-26T23:00:00Z,KXNHLGAME-26MAR26SEATB-TB,close,historical,https://api.elections.kalshi.com/trade-api/v2/historical/markets/KXNHLGAME-26MAR26SEATB-TB/candlesticks?start_ts=1774314360&end_ts=1774580400&period_interval=60
2025021140,home,0.42,0.41,0.41,2026-03-26T23:00:00Z,KXNHLGAME-26MAR26MINFLA-FLA,close,historical,https://api.elections.kalshi.com/trade-api/v2/historical/markets/KXNHLGAME-26MAR26MINFLA-FLA/candlesticks?start_ts=1774314360&end_ts=1774580400&period_interval=60
2025021140,away,0.61,0.59,0.6,2026-03-26T23:00:00Z,KXNHLGAME-26MAR26MINFLA-MIN,close,historical,https://api.elections.kalshi.com/trade-api/v2/historical/markets/KXNHLGAME-26MAR26MINFLA-MIN/candlesticks?start_ts=1774314360&end_ts=1774580400&period_interval=60
2025021141,away,0.53,0.52,0.53,2026-03-26T23:00:00Z,KXNHLGAME-26MAR26DALNYI-DAL,close,historical,https://api.elections.kalshi.com/trade-api/v2/historical/markets/KXNHLGAME-26MAR26DALNYI-DAL/candlesticks?start_ts=1774314360&end_ts=1774580400&period_interval=60
2025021141,home,0.48,0.47,0.48,2026-03-26T23:00:00Z,KXNHLGAME-26MAR26DALNYI-NYI,close,historical,https://api.elections.kalshi.com/trade-api/v2/historical/markets/KXNHLGAME-26MAR26DALNYI-NYI/candlesticks?start_ts=1774314360&end_ts=1774580400&period_interval=60
2025021142,away,0.44,0.43,0.44,2026-03-26T23:00:00Z,KXNHLGAME-26MAR26CHIPHI-CHI,close,historical,https://api.elections.kalshi.com/trade-api/v2/historical/markets/KXNHLGAME-26MAR26CHIPHI-CHI/candlesticks?start_ts=1774314360&end_ts=1774580400&period_interval=60
2025021142,home,0.57,0.56,0.57,2026-03-26T23:00:00Z,KXNHLGAME-26MAR26CHIPHI-PHI,close,historical,https://api.elections.kalshi.com/trade-api/v2/historical/markets/KXNHLGAME-26MAR26CHIPHI-PHI/candlesticks?start_ts=1774314360&end_ts=1774580400&period_interval=60
2025021143,away,0.47,0.46,0.47,2026-03-27T00:00:00Z,KXNHLGAME-26MAR26SJSTL-SJ,close,historical,https://api.elections.kalshi.com/trade-api/v2/historical/markets/KXNHLGAME-26MAR26SJSTL-SJ/candlesticks?start_ts=1774314360&end_ts=1774584000&period_interval=60
2025021143,home,0.54,0.53,0.54,2026-03-27T00:00:00Z,KXNHLGAME-26MAR26SJSTL-STL,close,historical,https://api.elections.kalshi.com/trade-api/v2/historical/markets/KXNHLGAME-26MAR26SJSTL-STL/candlesticks?start_ts=1774314360&end_ts=1774584000&period_interval=60
2025021144,away,0.51,0.5,0.5,2026-03-27T00:00:00Z,KXNHLGAME-26MAR26NJNSH-NJ,close,historical,https://api.elections.kalshi.com/trade-api/v2/historical/markets/KXNHLGAME-26MAR26NJNSH-NJ/candlesticks?start_ts=1774314360&end_ts=1774584000&period_interval=60
2025021144,home,0.51,0.49,0.51,2026-03-27T00:00:00Z,KXNHLGAME-26MAR26NJNSH-NSH,close,historical,https://api.elections.kalshi.com/trade-api/v2/historical/markets/KXNHLGAME-26MAR26NJNSH-NSH/candlesticks?start_ts=1774314360&end_ts=1774584000&period_interval=60
2025021145,away,0.64,0.63,0.64,2026-03-27T00:00:00Z,KXNHLGAME-26MAR26COLWPG-COL,close,historical,https://api.elections.kalshi.com/trade-api/v2/historical/markets/KXNHLGAME-26MAR26COLWPG-COL/candlesticks?start_ts=1774314360&end_ts=1774584000&period_interval=60
2025021145,home,0.38,0.37,0.38,2026-03-27T00:00:00Z,KXNHLGAME-26MAR26COLWPG-WPG,close,historical,https://api.elections.kalshi.com/trade-api/v2/historical/markets/KXNHLGAME-26MAR26COLWPG-WPG/candlesticks?start_ts=1774314360&end_ts=1774584000&period_interval=60
2025021146,home,0.56,0.55,0.56,2026-03-27T01:00:00Z,KXNHLGAME-26MAR26WSHUTA-UTA,close,historical,https://api.elections.kalshi.com/trade-api/v2/historical/markets/KXNHLGAME-26MAR26WSHUTA-UTA/candlesticks?start_ts=1774314360&end_ts=1774587600&period_interval=60
2025021146,away,0.45,0.44,0.45,2026-03-27T01:00:00Z,KXNHLGAME-26MAR26WSHUTA-WSH,close,historical,https://api.elections.kalshi.com/trade-api/v2/historical/markets/KXNHLGAME-26MAR26WSHUTA-WSH/candlesticks?start_ts=1774314360&end_ts=1774587600&period_interval=60
2025021147,away,0.56,0.55,0.56,2026-03-27T01:00:00Z,KXNHLGAME-26MAR26ANACGY-ANA,close,historical,https://api.elections.kalshi.com/trade-api/v2/historical/markets/KXNHLGAME-26MAR26ANACGY-ANA/candlesticks?start_ts=1774314360&end_ts=1774587600&period_interval=60
2025021147,home,0.46,0.45,0.46,2026-03-27T01:00:00Z,KXNHLGAME-26MAR26ANACGY-CGY,close,historical,https://api.elections.kalshi.com/trade-api/v2/historical/markets/KXNHLGAME-26MAR26ANACGY-CGY/candlesticks?start_ts=1774314360&end_ts=1774587600&period_interval=60
2025021148,away,0.45,0.44,0.45,2026-03-27T01:00:00Z,KXNHLGAME-26MAR26EDMVGK-EDM,close,historical,https://api.elections.kalshi.com/trade-api/v2/historical/markets/KXNHLGAME-26MAR26EDMVGK-EDM/candlesticks?start_ts=1774325220&end_ts=1774589400&period_interval=60
2025021148,home,0.56,0.55,0.56,2026-03-27T01:00:00Z,KXNHLGAME-26MAR26EDMVGK-VGK,close,historical,https://api.elections.kalshi.com/trade-api/v2/historical/markets/KXNHLGAME-26MAR26EDMVGK-VGK/candlesticks?start_ts=1774325220&end_ts=1774589400&period_interval=60
2025021149,away,0.63,0.62,0.63,2026-03-27T02:00:00Z,KXNHLGAME-26MAR26LAVAN-LA,close,historical,https://api.elections.kalshi.com/trade-api/v2/historical/markets/KXNHLGAME-26MAR26LAVAN-LA/candlesticks?start_ts=1774325220&end_ts=1774591200&period_interval=60
2025021149,home,0.37,0.36,0.38,2026-03-27T02:00:00Z,KXNHLGAME-26MAR26LAVAN-VAN,close,historical,https://api.elections.kalshi.com/trade-api/v2/historical/markets/KXNHLGAME-26MAR26LAVAN-VAN/candlesticks?start_ts=1774325220&end_ts=1774591200&period_interval=60
2025021150,home,0.57,0.56,0.57,2026-03-27T23:00:00Z,KXNHLGAME-26MAR27DETBUF-BUF,close,historical,https://api.elections.kalshi.com/trade-api/v2/historical/markets/KXNHLGAME-26MAR27DETBUF-BUF/candlesticks?start_ts=1774400760&end_ts=1774666800&period_interval=60
2025021150,away,0.44,0.43,0.44,2026-03-27T23:00:00Z,KXNHLGAME-26MAR27DETBUF-DET,close,historical,https://api.elections.kalshi.com/trade-api/v2/historical/markets/KXNHLGAME-26MAR27DETBUF-DET/candlesticks?start_ts=1774400760&end_ts=1774666800&period_interval=60
2025021151,away,0.39,0.38,0.39,2026-03-27T23:00:00Z,KXNHLGAME-26MAR27CHINYR-CHI,close,historical,https://api.elections.kalshi.com/trade-api/v2/historical/markets/KXNHLGAME-26MAR27CHINYR-CHI/candlesticks?start_ts=1774400760&end_ts=1774666800&period_interval=60
2025021151,home,0.62,0.61,0.62,2026-03-27T23:00:00Z,KXNHLGAME-26MAR27CHINYR-NYR,close,historical,https://api.elections.kalshi.com/trade-api/v2/historical/markets/KXNHLGAME-26MAR27CHINYR-NYR/candlesticks?start_ts=1774400760&end_ts=1774666800&period_interval=60
2025021152,away,0.45,0.43,0.45,2026-03-28T17:00:00Z,KXNHLGAME-26MAR28OTTTB-OTT,close,historical,https://api.elections.kalshi.com/trade-api/v2/historical/markets/KXNHLGAME-26MAR28OTTTB-OTT/candlesticks?start_ts=1774465560&end_ts=1774731600&period_interval=60
2025021152,home,0.56,0.55,0.56,2026-03-28T17:00:00Z,KXNHLGAME-26MAR28OTTTB-TB,close,historical,https://api.elections.kalshi.com/trade-api/v2/historical/markets/KXNHLGAME-26MAR28OTTTB-TB/candlesticks?start_ts=1774465560&end_ts=1774731600&period_interval=60
2025021153,away,0.36,0.35,0.36,2026-03-28T17:00:00Z,KXNHLGAME-26MAR28FLANYI-FLA,close,historical,https://api.elections.kalshi.com/trade-api/v2/historical/markets/KXNHLGAME-26MAR28FLANYI-FLA/candlesticks?start_ts=1774465560&end_ts=1774731600&period_interval=60
2025021153,home,0.66,0.64,0.66,2026-03-28T17:00:00Z,KXNHLGAME-26MAR28FLANYI-NYI,close,historical,https://api.elections.kalshi.com/trade-api/v2/historical/markets/KXNHLGAME-26MAR28FLANYI-NYI/candlesticks?start_ts=1774465560&end_ts=1774731600&period_interval=60
2025021154,away,0.43,0.42,0.42,2026-03-28T19:00:00Z,KXNHLGAME-26MAR28ANAEDM-ANA,close,historical,https://api.elections.kalshi.com/trade-api/v2/historical/markets/KXNHLGAME-26MAR28ANAEDM-ANA/candlesticks?start_ts=1774476360&end_ts=1774740600&period_interval=60
2025021154,home,0.58,0.57,0.58,2026-03-28T19:00:00Z,KXNHLGAME-26MAR28ANAEDM-EDM,close,historical,https://api.elections.kalshi.com/trade-api/v2/historical/markets/KXNHLGAME-26MAR28ANAEDM-EDM/candlesticks?start_ts=1774476360&end_ts=1774740600&period_interval=60
2025021155,home,0.48,0.47,0.48,2026-03-28T21:00:00Z,KXNHLGAME-26MAR28MINBOS-BOS,close,historical,https://api.elections.kalshi.com/trade-api/v2/historical/markets/KXNHLGAME-26MAR28MINBOS-BOS/candlesticks?start_ts=1774476360&end_ts=1774746000&period_interval=60
2025021155,away,0.53,0.51,0.53,2026-03-28T21:00:00Z,KXNHLGAME-26MAR28MINBOS-MIN,close,historical,https://api.elections.kalshi.com/trade-api/v2/historical/markets/KXNHLGAME-26MAR28MINBOS-MIN/candlesticks?start_ts=1774476360&end_ts=1774746000&period_interval=60
2025021156,away,0.56,0.55,0.56,2026-03-28T21:00:00Z,KXNHLGAME-26MAR28DALPIT-DAL,close,historical,https://api.elections.kalshi.com/trade-api/v2/historical/markets/KXNHLGAME-26MAR28DALPIT-DAL/candlesticks?start_ts=1774476360&end_ts=1774746000&period_interval=60
2025021156,home,0.45,0.44,0.45,2026-03-28T21:00:00Z,KXNHLGAME-26MAR28DALPIT-PIT,close,historical,https://api.elections.kalshi.com/trade-api/v2/historical/markets/KXNHLGAME-26MAR28DALPIT-PIT/candlesticks?start_ts=1774476360&end_ts=1774746000&period_interval=60
2025021157,home,0.65,0.64,0.65,2026-03-28T21:00:00Z,KXNHLGAME-26MAR28NJCAR-CAR,close,historical,https://api.elections.kalshi.com/trade-api/v2/historical/markets/KXNHLGAME-26MAR28NJCAR-CAR/candlesticks?start_ts=1774476360&end_ts=1774746000&period_interval=60
2025021157,away,0.36,0.35,0.36,2026-03-28T21:00:00Z,KXNHLGAME-26MAR28NJCAR-NJ,close,historical,https://api.elections.kalshi.com/trade-api/v2/historical/markets/KXNHLGAME-26MAR28NJCAR-NJ/candlesticks?start_ts=1774476360&end_ts=1774746000&period_interval=60
2025021158,home,0.65,0.64,0.65,2026-03-28T21:00:00Z,KXNHLGAME-26MAR28SJCBJ-CBJ,close,historical,https://api.elections.kalshi.com/trade-api/v2/historical/markets/KXNHLGAME-26MAR28SJCBJ-CBJ/candlesticks?start_ts=1774476360&end_ts=1774746000&period_interval=60
2025021158,away,0.36,0.35,0.36,2026-03-28T21:00:00Z,KXNHLGAME-26MAR28SJCBJ-SJ,close,historical,https://api.elections.kalshi.com/trade-api/v2/historical/markets/KXNHLGAME-26MAR28SJCBJ-SJ/candlesticks?start_ts=1774476360&end_ts=1774746000&period_interval=60
2025021159,home,0.64,0.63,0.64,2026-03-28T21:00:00Z,KXNHLGAME-26MAR28SEABUF-BUF,close,historical,https://api.elections.kalshi.com/trade-api/v2/historical/markets/KXNHLGAME-26MAR28SEABUF-BUF/candlesticks?start_ts=1774476360&end_ts=1774747800&period_interval=60
2025021159,away,0.38,0.36,0.38,2026-03-28T21:00:00Z,KXNHLGAME-26MAR28SEABUF-SEA,close,historical,https://api.elections.kalshi.com/trade-api/v2/historical/markets/KXNHLGAME-26MAR28SEABUF-SEA/candlesticks?start_ts=1774476360&end_ts=1774747800&period_interval=60
2025021160,home,0.58,0.57,0.57,2026-03-28T23:00:00Z,KXNHLGAME-26MAR28TORSTL-STL,close,historical,https://api.elections.kalshi.com/trade-api/v2/historical/markets/KXNHLGAME-26MAR28TORSTL-STL/candlesticks?start_ts=1774487160&end_ts=1774753200&period_interval=60
2025021160,away,0.43,0.42,0.43,2026-03-28T23:00:00Z,KXNHLGAME-26MAR28TORSTL-TOR,close,historical,https://api.elections.kalshi.com/trade-api/v2/historical/markets/KXNHLGAME-26MAR28TORSTL-TOR/candlesticks?start_ts=1774487160&end_ts=1774753200&period_interval=60
2025021161,away,0.52,0.51,0.52,2026-03-28T23:00:00Z,KXNHLGAME-26MAR28MTLNSH-MTL,close,historical,https://api.elections.kalshi.com/trade-api/v2/historical/markets/KXNHLGAME-26MAR28MTLNSH-MTL/candlesticks?start_ts=1774487160&end_ts=1774753200&period_interval=60
2025021161,home,0.49,0.48,0.48,2026-03-28T23:00:00Z,KXNHLGAME-26MAR28MTLNSH-NSH,close,historical,https://api.elections.kalshi.com/trade-api/v2/historical/markets/KXNHLGAME-26MAR28MTLNSH-NSH/candlesticks?start_ts=1774487160&end_ts=1774753200&period_interval=60
2025021162,home,0.71,0.7,0.71,2026-03-28T23:00:00Z,KXNHLGAME-26MAR28WPGCOL-COL,close,historical,https://api.elections.kalshi.com/trade-api/v2/historical/markets/KXNHLGAME-26MAR28WPGCOL-COL/candlesticks?start_ts=1774487160&end_ts=1774753200&period_interval=60
2025021162,away,0.3,0.29,0.3,2026-03-28T23:00:00Z,KXNHLGAME-26MAR28WPGCOL-WPG,close,historical,https://api.elections.kalshi.com/trade-api/v2/historical/markets/KXNHLGAME-26MAR28WPGCOL-WPG/candlesticks?start_ts=1774487160&end_ts=1774753200&period_interval=60
2025021163,home,0.55,0.53,0.55,2026-03-29T00:00:00Z,KXNHLGAME-26MAR28PHIDET-DET,close,historical,https://api.elections.kalshi.com/trade-api/v2/historical/markets/KXNHLGAME-26MAR28PHIDET-DET/candlesticks?start_ts=1774487160&end_ts=1774756834&period_interval=60
2025021163,away,0.47,0.45,0.47,2026-03-29T00:00:00Z,KXNHLGAME-26MAR28PHIDET-PHI,close,historical,https://api.elections.kalshi.com/trade-api/v2/historical/markets/KXNHLGAME-26MAR28PHIDET-PHI/candlesticks?start_ts=1774487160&end_ts=1774756834&period_interval=60
2025021164,home,0.51,0.5,0.51,2026-03-29T01:00:00Z,KXNHLGAME-26MAR28UTALA-LA,close,historical,https://api.elections.kalshi.com/trade-api/v2/historical/markets/KXNHLGAME-26MAR28UTALA-LA/candlesticks?start_ts=1774487160&end_ts=1774760400&period_interval=60
2025021164,away,0.5,0.49,0.5,2026-03-29T01:00:00Z,KXNHLGAME-26MAR28UTALA-UTA,close,historical,https://api.elections.kalshi.com/trade-api/v2/historical/markets/KXNHLGAME-26MAR28UTALA-UTA/candlesticks?start_ts=1774487160&end_ts=1774760400&period_interval=60
2025021165,home,0.6,0.59,0.6,2026-03-29T02:00:00Z,KXNHLGAME-26MAR28VANCGY-CGY,close,historical,https://api.elections.kalshi.com/trade-api/v2/historical/markets/KXNHLGAME-26MAR28VANCGY-CGY/candlesticks?start_ts=1774497960&end_ts=1774764000&period_interval=60
2025021165,away,0.41,0.4,0.41,2026-03-29T02:00:00Z,KXNHLGAME-26MAR28VANCGY-VAN,close,historical,https://api.elections.kalshi.com/trade-api/v2/historical/markets/KXNHLGAME-26MAR28VANCGY-VAN/candlesticks?start_ts=1774497960&end_ts=1774764000&period_interval=60
2025021166,home,0.59,0.58,0.59,2026-03-29T02:00:00Z,KXNHLGAME-26MAR28WSHVGK-VGK,close,historical,https://api.elections.kalshi.com/trade-api/v2/historical/markets/KXNHLGAME-26MAR28WSHVGK-VGK/candlesticks?start_ts=1774497960&end_ts=1774765800&period_interval=60
2025021166,away,0.43,0.42,0.43,2026-03-29T02:00:00Z,KXNHLGAME-26MAR28WSHVGK-WSH,close,historical,https://api.elections.kalshi.com/trade-api/v2/historical/markets/KXNHLGAME-26MAR28WSHVGK-WSH/candlesticks?start_ts=1774497960&end_ts=1774765800&period_interval=60
2025021167,away,0.38,0.37,0.38,2026-03-29T17:00:00Z,KXNHLGAME-26MAR29FLANYR-FLA,close,historical,https://api.elections.kalshi.com/trade-api/v2/historical/markets/KXNHLGAME-26MAR29FLANYR-FLA/candlesticks?start_ts=1774551960&end_ts=1774818000&period_interval=60
2025021167,home,0.63,0.62,0.63,2026-03-29T17:00:00Z,KXNHLGAME-26MAR29FLANYR-NYR,close,historical,https://api.elections.kalshi.com/trade-api/v2/historical/markets/KXNHLGAME-26MAR29FLANYR-NYR/candlesticks?start_ts=1774551960&end_ts=1774818000&period_interval=60
2025021168,away,0.39,0.38,0.38,2026-03-29T21:00:00Z,KXNHLGAME-26MAR29NSHTB-NSH,close,historical,https://api.elections.kalshi.com/trade-api/v2/historical/markets/KXNHLGAME-26MAR29NSHTB-NSH/candlesticks?start_ts=1774573740&end_ts=1774832400&period_interval=60
2025021168,home,0.62,0.61,0.62,2026-03-29T21:00:00Z,KXNHLGAME-26MAR29NSHTB-TB,close,historical,https://api.elections.kalshi.com/trade-api/v2/historical/markets/KXNHLGAME-26MAR29NSHTB-TB/candlesticks?start_ts=1774573740&end_ts=1774832400&period_interval=60
2025021169,home,0.61,0.6,0.61,2026-03-29T21:00:00Z,KXNHLGAME-26MAR29MTLCAR-CAR,close,historical,https://api.elections.kalshi.com/trade-api/v2/historical/markets/KXNHLGAME-26MAR29MTLCAR-CAR/candlesticks?start_ts=1774573740&end_ts=1774832400&period_interval=60
2025021169,away,0.41,0.4,0.41,2026-03-29T21:00:00Z,KXNHLGAME-26MAR29MTLCAR-MTL,close,historical,https://api.elections.kalshi.com/trade-api/v2/historical/markets/KXNHLGAME-26MAR29MTLCAR-MTL/candlesticks?start_ts=1774573740&end_ts=1774832400&period_interval=60
2025021170,away,0.41,0.4,0.41,2026-03-29T21:00:00Z,KXNHLGAME-26MAR29BOSCBJ-BOS,close,historical,https://api.elections.kalshi.com/trade-api/v2/historical/markets/KXNHLGAME-26MAR29BOSCBJ-BOS/candlesticks?start_ts=1774573740&end_ts=1774832400&period_interval=60
2025021170,home,0.6,0.59,0.6,2026-03-29T21:00:00Z,KXNHLGAME-26MAR29BOSCBJ-CBJ,close,historical,https://api.elections.kalshi.com/trade-api/v2/historical/markets/KXNHLGAME-26MAR29BOSCBJ-CBJ/candlesticks?start_ts=1774573740&end_ts=1774832400&period_interval=60
2025021171,away,0.4,0.39,0.4,2026-03-29T23:00:00Z,KXNHLGAME-26MAR29CHINJ-CHI,close,historical,https://api.elections.kalshi.com/trade-api/v2/historical/markets/KXNHLGAME-26MAR29CHINJ-CHI/candlesticks?start_ts=1774573740&end_ts=1774839600&period_interval=60
2025021171,home,0.61,0.6,0.61,2026-03-29T23:00:00Z,KXNHLGAME-26MAR29CHINJ-NJ,close,historical,https://api.elections.kalshi.com/trade-api/v2/historical/markets/KXNHLGAME-26MAR29CHINJ-NJ/candlesticks?start_ts=1774573740&end_ts=1774839600&period_interval=60
2025021172,away,0.62,0.61,0.62,2026-03-29T23:00:00Z,KXNHLGAME-26MAR29DALPHI-DAL,close,historical,https://api.elections.kalshi.com/trade-api/v2/historical/markets/KXNHLGAME-26MAR29DALPHI-DAL/candlesticks?start_ts=1774573740&end_ts=1774839600&period_interval=60
2025021172,home,0.39,0.38,0.39,2026-03-29T23:00:00Z,KXNHLGAME-26MAR29DALPHI-PHI,close,historical,https://api.elections.kalshi.com/trade-api/v2/historical/markets/KXNHLGAME-26MAR29DALPHI-PHI/candlesticks?start_ts=1774573740&end_ts=1774839600&period_interval=60
2025021173,home,0.56,0.55,0.56,2026-03-30T23:00:00Z,KXNHLGAME-26MAR30PITNYI-NYI,close,historical,https://api.elections.kalshi.com/trade-api/v2/historical/markets/KXNHLGAME-26MAR30PITNYI-NYI/candlesticks?start_ts=1774659960&end_ts=1774926000&period_interval=60
2025021173,away,0.45,0.44,0.45,2026-03-30T23:00:00Z,KXNHLGAME-26MAR30PITNYI-PIT,close,historical,https://api.elections.kalshi.com/trade-api/v2/historical/markets/KXNHLGAME-26MAR30PITNYI-PIT/candlesticks?start_ts=1774659960&end_ts=1774926000&period_interval=60
2025021174,away,0.23,0.22,0.23,2026-03-31T00:00:00Z,KXNHLGAME-26MAR30CGYCOL-CGY,close,historical,https://api.elections.kalshi.com/trade-api/v2/historical/markets/KXNHLGAME-26MAR30CGYCOL-CGY/candlesticks?start_ts=1774659960&end_ts=1774931400&period_interval=60
2025021174,home,0.78,0.77,0.78,2026-03-31T00:00:00Z,KXNHLGAME-26MAR30CGYCOL-COL,close,historical,https://api.elections.kalshi.com/trade-api/v2/historical/markets/KXNHLGAME-26MAR30CGYCOL-COL/candlesticks?start_ts=1774659960&end_ts=1774931400&period_interval=60
2025021175,away,0.26,0.25,0.26,2026-03-31T02:00:00Z,KXNHLGAME-26MAR30VANVGK-VAN,close,historical,https://api.elections.kalshi.com/trade-api/v2/historical/markets/KXNHLGAME-26MAR30VANVGK-VAN/candlesticks?start_ts=1774670760&end_ts=1774936800&period_interval=60
2025021175,home,0.75,0.74,0.75,2026-03-31T02:00:00Z,KXNHLGAME-26MAR30VANVGK-VGK,close,historical,https://api.elections.kalshi.com/trade-api/v2/historical/markets/KXNHLGAME-26MAR30VANVGK-VGK/candlesticks?start_ts=1774670760&end_ts=1774936800&period_interval=60
2025021176,home,0.63,0.62,0.63,2026-03-31T02:00:00Z,KXNHLGAME-26MAR30TORANA-ANA,close,historical,https://api.elections.kalshi.com/trade-api/v2/historical/markets/KXNHLGAME-26MAR30TORANA-ANA/candlesticks?start_ts=1774670760&end_ts=1774937166&period_interval=60
2025021176,away,0.38,0.37,0.38,2026-03-31T02:00:00Z,KXNHLGAME-26MAR30TORANA-TOR,close,historical,https://api.elections.kalshi.com/trade-api/v2/historical/markets/KXNHLGAME-26MAR30TORANA-TOR/candlesticks?start_ts=1774670760&end_ts=1774937166&period_interval=60
2025021177,home,0.5,0.49,0.5,2026-03-31T02:00:00Z,KXNHLGAME-26MAR30STLSJ-SJ,close,historical,https://api.elections.kalshi.com/trade-api/v2/historical/markets/KXNHLGAME-26MAR30STLSJ-SJ/candlesticks?start_ts=1774670760&end_ts=1774936800&period_interval=60
2025021177,away,0.51,0.5,0.51,2026-03-31T02:00:00Z,KXNHLGAME-26MAR30STLSJ-STL,close,historical,https://api.elections.kalshi.com/trade-api/v2/historical/markets/KXNHLGAME-26MAR30STLSJ-STL/candlesticks?start_ts=1774670760&end_ts=1774936800&period_interval=60
2025021178,home,0.46,0.45,0.46,2026-03-31T23:00:00Z,KXNHLGAME-26MAR31DALBOS-BOS,close,historical,https://api.elections.kalshi.com/trade-api/v2/historical/markets/KXNHLGAME-26MAR31DALBOS-BOS/candlesticks?start_ts=1774746360&end_ts=1775012400&period_interval=60
2025021178,away,0.56,0.55,0.56,2026-03-31T23:00:00Z,KXNHLGAME-26MAR31DALBOS-DAL,close,historical,https://api.elections.kalshi.com/trade-api/v2/historical/markets/KXNHLGAME-26MAR31DALBOS-DAL/candlesticks?start_ts=1774746360&end_ts=1775012400&period_interval=60
2025021179,home,0.62,0.61,0.62,2026-03-31T23:00:00Z,KXNHLGAME-26MAR31NYIBUF-BUF,close,historical,https://api.elections.kalshi.com/trade-api/v2/historical/markets/KXNHLGAME-26MAR31NYIBUF-BUF/candlesticks?start_ts=1774746360&end_ts=1775012400&period_interval=60
2025021179,away,0.39,0.38,0.39,2026-03-31T23:00:00Z,KXNHLGAME-26MAR31NYIBUF-NYI,close,historical,https://api.elections.kalshi.com/trade-api/v2/historical/markets/KXNHLGAME-26MAR31NYIBUF-NYI/candlesticks?start_ts=1774746360&end_ts=1775012400&period_interval=60
2025021180,away,0.4,0.39,0.4,2026-03-31T23:00:00Z,KXNHLGAME-26MAR31MTLTB-MTL,close,historical,https://api.elections.kalshi.com/trade-api/v2/historical/markets/KXNHLGAME-26MAR31MTLTB-MTL/candlesticks?start_ts=1774746360&end_ts=1775012424&period_interval=60
2025021180,home,0.62,0.61,0.62,2026-03-31T23:00:00Z,KXNHLGAME-26MAR31MTLTB-TB,close,historical,https://api.elections.kalshi.com/trade-api/v2/historical/markets/KXNHLGAME-26MAR31MTLTB-TB/candlesticks?start_ts=1774746360&end_ts=1775012424&period_interval=60
2025021181,home,0.38,0.37,0.38,2026-03-31T23:00:00Z,KXNHLGAME-26MAR31OTTFLA-FLA,close,historical,https://api.elections.kalshi.com/trade-api/v2/historical/markets/KXNHLGAME-26MAR31OTTFLA-FLA/candlesticks?start_ts=1774746360&end_ts=1775012400&period_interval=60
2025021181,away,0.63,0.62,0.63,2026-03-31T23:00:00Z,KXNHLGAME-26MAR31OTTFLA-OTT,close,historical,https://api.elections.kalshi.com/trade-api/v2/historical/markets/KXNHLGAME-26MAR31OTTFLA-OTT/candlesticks?start_ts=1774746360&end_ts=1775012400&period_interval=60
2025021182,away,0.54,0.53,0.54,2026-03-31T23:00:00Z,KXNHLGAME-26MAR31NJNYR-NJ,close,historical,https://api.elections.kalshi.com/trade-api/v2/historical/markets/KXNHLGAME-26MAR31NJNYR-NJ/candlesticks?start_ts=1774746360&end_ts=1775012400&period_interval=60
2025021182,home,0.47,0.46,0.47,2026-03-31T23:00:00Z,KXNHLGAME-26MAR31NJNYR-NYR,close,historical,https://api.elections.kalshi.com/trade-api/v2/historical/markets/KXNHLGAME-26MAR31NJNYR-NYR/candlesticks?start_ts=1774746360&end_ts=1775012400&period_interval=60
2025021183,away,0.5,0.49,0.5,2026-03-31T23:00:00Z,KXNHLGAME-26MAR31DETPIT-DET,close,historical,https://api.elections.kalshi.com/trade-api/v2/historical/markets/KXNHLGAME-26MAR31DETPIT-DET/candlesticks?start_ts=1774746360&end_ts=1775012400&period_interval=60
2025021183,home,0.5,0.49,0.5,2026-03-31T23:00:00Z,KXNHLGAME-26MAR31DETPIT-PIT,close,historical,https://api.elections.kalshi.com/trade-api/v2/historical/markets/KXNHLGAME-26MAR31DETPIT-PIT/candlesticks?start_ts=1774746360&end_ts=1775012400&period_interval=60
2025021184,away,0.48,0.47,0.48,2026-03-31T23:00:00Z,KXNHLGAME-26MAR31PHIWSH-PHI,close,historical,https://api.elections.kalshi.com/trade-api/v2/historical/markets/KXNHLGAME-26MAR31PHIWSH-PHI/candlesticks?start_ts=1774746360&end_ts=1775012400&period_interval=60
2025021184,home,0.54,0.53,0.54,2026-03-31T23:00:00Z,KXNHLGAME-26MAR31PHIWSH-WSH,close,historical,https://api.elections.kalshi.com/trade-api/v2/historical/markets/KXNHLGAME-26MAR31PHIWSH-WSH/candlesticks?start_ts=1774746360&end_ts=1775012400&period_interval=60
2025021185,away,0.55,0.54,0.55,2026-03-31T23:00:00Z,KXNHLGAME-26MAR31CARCBJ-CAR,close,historical,https://api.elections.kalshi.com/trade-api/v2/historical/markets/KXNHLGAME-26MAR31CARCBJ-CAR/candlesticks?start_ts=1774746360&end_ts=1775014200&period_interval=60
2025021185,home,0.46,0.45,0.46,2026-03-31T23:00:00Z,KXNHLGAME-26MAR31CARCBJ-CBJ,close,historical,https://api.elections.kalshi.com/trade-api/v2/historical/markets/KXNHLGAME-26MAR31CARCBJ-CBJ/candlesticks?start_ts=1774746360&end_ts=1775014200&period_interval=60
2025021186,home,0.43,0.42,0.43,2026-04-01T00:00:00Z,KXNHLGAME-26MAR31WPGCHI-CHI,close,historical,https://api.elections.kalshi.com/trade-api/v2/historical/markets/KXNHLGAME-26MAR31WPGCHI-CHI/candlesticks?start_ts=1774746360&end_ts=1775017800&period_interval=60
2025021186,away,0.58,0.57,0.58,2026-04-01T00:00:00Z,KXNHLGAME-26MAR31WPGCHI-WPG,close,historical,https://api.elections.kalshi.com/trade-api/v2/historical/markets/KXNHLGAME-26MAR31WPGCHI-WPG/candlesticks?start_ts=1774746360&end_ts=1775017800&period_interval=60
2025021187,home,0.63,0.62,0.63,2026-04-01T01:00:00Z,KXNHLGAME-26MAR31SEAEDM-EDM,close,historical,https://api.elections.kalshi.com/trade-api/v2/historical/markets/KXNHLGAME-26MAR31SEAEDM-EDM/candlesticks?start_ts=1774746360&end_ts=1775019600&period_interval=60
2025021187,away,0.38,0.37,0.38,2026-04-01T01:00:00Z,KXNHLGAME-26MAR31SEAEDM-SEA,close,historical,https://api.elections.kalshi.com/trade-api/v2/historical/markets/KXNHLGAME-26MAR31SEAEDM-SEA/candlesticks?start_ts=1774746360&end_ts=1775019600&period_interval=60
2025021188,home,0.8,0.79,0.8,2026-04-02T00:00:00Z,KXNHLGAME-26APR01VANCOL-COL,close,historical,https://api.elections.kalshi.com/trade-api/v2/historical/markets/KXNHLGAME-26APR01VANCOL-COL/candlesticks?start_ts=1774832760&end_ts=1775104200&period_interval=60
2025021188,away,0.21,0.2,0.21,2026-04-02T00:00:00Z,KXNHLGAME-26APR01VANCOL-VAN,close,historical,https://api.elections.kalshi.com/trade-api/v2/historical/markets/KXNHLGAME-26APR01VANCOL-VAN/candlesticks?start_ts=1774832760&end_ts=1775104200&period_interval=60
2025021189,home,0.57,0.56,0.57,2026-04-02T01:00:00Z,KXNHLGAME-26APR01STLLA-LA,close,historical,https://api.elections.kalshi.com/trade-api/v2/historical/markets/KXNHLGAME-26APR01STLLA-LA/candlesticks?start_ts=1774832760&end_ts=1775106000&period_interval=60
2025021189,away,0.44,0.43,0.44,2026-04-02T01:00:00Z,KXNHLGAME-26APR01STLLA-STL,close,historical,https://api.elections.kalshi.com/trade-api/v2/historical/markets/KXNHLGAME-26APR01STLLA-STL/candlesticks?start_ts=1774832760&end_ts=1775106000&period_interval=60
2025021190,away,0.5,0.49,0.5,2026-04-02T01:00:00Z,KXNHLGAME-26APR01ANASJ-ANA,close,historical,https://api.elections.kalshi.com/trade-api/v2/historical/markets/KXNHLGAME-26APR01ANASJ-ANA/candlesticks?start_ts=1774832760&end_ts=1775106000&period_interval=60
2025021190,home,0.52,0.51,0.52,2026-04-02T01:00:00Z,KXNHLGAME-26APR01ANASJ-SJ,close,historical,https://api.elections.kalshi.com/trade-api/v2/historical/markets/KXNHLGAME-26APR01ANASJ-SJ/candlesticks?start_ts=1774832760&end_ts=1775106000&period_interval=60
2025021191,away,0.48,0.47,0.48,2026-04-02T23:00:00Z,KXNHLGAME-26APR02BUFOTT-BUF,close,historical,https://api.elections.kalshi.com/trade-api/v2/historical/markets/KXNHLGAME-26APR02BUFOTT-BUF/candlesticks?start_ts=1774919160&end_ts=1775185200&period_interval=60
2025021191,home,0.53,0.52,0.53,2026-04-02T23:00:00Z,KXNHLGAME-26APR02BUFOTT-OTT,close,historical,https://api.elections.kalshi.com/trade-api/v2/historical/markets/KXNHLGAME-26APR02BUFOTT-OTT/candlesticks?start_ts=1774919160&end_ts=1775185200&period_interval=60
2025021192,away,0.41,0.39,0.41,2026-04-02T23:00:00Z,KXNHLGAME-26APR02PITTB-PIT,close,historical,https://api.elections.kalshi.com/trade-api/v2/historical/markets/KXNHLGAME-26APR02PITTB-PIT/candlesticks?start_ts=1774919160&end_ts=1775185200&period_interval=60
2025021192,home,0.61,0.6,0.61,2026-04-02T23:00:00Z,KXNHLGAME-26APR02PITTB-TB,close,historical,https://api.elections.kalshi.com/trade-api/v2/historical/markets/KXNHLGAME-26APR02PITTB-TB/candlesticks?start_ts=1774919160&end_ts=1775185200&period_interval=60
2025021193,away,0.61,0.6,0.61,2026-04-02T23:00:00Z,KXNHLGAME-26APR02BOSFLA-BOS,close,historical,https://api.elections.kalshi.com/trade-api/v2/historical/markets/KXNHLGAME-26APR02BOSFLA-BOS/candlesticks?start_ts=1774919160&end_ts=1775185200&period_interval=60
2025021193,home,0.4,0.39,0.4,2026-04-02T23:00:00Z,KXNHLGAME-26APR02BOSFLA-FLA,close,historical,https://api.elections.kalshi.com/trade-api/v2/historical/markets/KXNHLGAME-26APR02BOSFLA-FLA/candlesticks?start_ts=1774919160&end_ts=1775185200&period_interval=60
2025021194,home,0.52,0.51,0.52,2026-04-02T23:00:00Z,KXNHLGAME-26APR02WSHNJ-NJ,close,historical,https://api.elections.kalshi.com/trade-api/v2/historical/markets/KXNHLGAME-26APR02WSHNJ-NJ/candlesticks?start_ts=1774919160&end_ts=1775187000&period_interval=60
2025021194,away,0.5,0.49,0.5,2026-04-02T23:00:00Z,KXNHLGAME-26APR02WSHNJ-WSH,close,historical,https://api.elections.kalshi.com/trade-api/v2/historical/markets/KXNHLGAME-26APR02WSHNJ-WSH/candlesticks?start_ts=1774919160&end_ts=1775187000&period_interval=60
2025021195,away,0.55,0.54,0.55,2026-04-02T23:00:00Z,KXNHLGAME-26APR02MTLNYR-MTL,close,historical,https://api.elections.kalshi.com/trade-api/v2/historical/markets/KXNHLGAME-26APR02MTLNYR-MTL/candlesticks?start_ts=1774919160&end_ts=1775185200&period_interval=60
2025021195,home,0.47,0.46,0.47,2026-04-02T23:00:00Z,KXNHLGAME-26APR02MTLNYR-NYR,close,historical,https://api.elections.kalshi.com/trade-api/v2/historical/markets/KXNHLGAME-26APR02MTLNYR-NYR/candlesticks?start_ts=1774919160&end_ts=1775185200&period_interval=60
2025021196,away,0.51,0.5,0.51,2026-04-02T23:00:00Z,KXNHLGAME-26APR02DETPHI-DET,close,historical,https://api.elections.kalshi.com/trade-api/v2/historical/markets/KXNHLGAME-26APR02DETPHI-DET/candlesticks?start_ts=1774919160&end_ts=1775185200&period_interval=60
2025021196,home,0.5,0.49,0.5,2026-04-02T23:00:00Z,KXNHLGAME-26APR02DETPHI-PHI,close,historical,https://api.elections.kalshi.com/trade-api/v2/historical/markets/KXNHLGAME-26APR02DETPHI-PHI/candlesticks?start_ts=1774919160&end_ts=1775185200&period_interval=60
2025021197,home,0.64,0.63,0.64,2026-04-02T23:00:00Z,KXNHLGAME-26APR02CBJCAR-CAR,close,historical,https://api.elections.kalshi.com/trade-api/v2/historical/markets/KXNHLGAME-26APR02CBJCAR-CAR/candlesticks?start_ts=1774919160&end_ts=1775185200&period_interval=60
2025021197,away,0.38,0.37,0.38,2026-04-02T23:00:00Z,KXNHLGAME-26APR02CBJCAR-CBJ,close,historical,https://api.elections.kalshi.com/trade-api/v2/historical/markets/KXNHLGAME-26APR02CBJCAR-CBJ/candlesticks?start_ts=1774919160&end_ts=1775185200&period_interval=60
2025021198,home,0.6,0.59,0.6,2026-04-03T00:00:00Z,KXNHLGAME-26APR02WPGDAL-DAL,close,historical,https://api.elections.kalshi.com/trade-api/v2/historical/markets/KXNHLGAME-26APR02WPGDAL-DAL/candlesticks?start_ts=1774919220&end_ts=1775188800&period_interval=60
2025021198,away,0.42,0.41,0.42,2026-04-03T00:00:00Z,KXNHLGAME-26APR02WPGDAL-WPG,close,historical,https://api.elections.kalshi.com/trade-api/v2/historical/markets/KXNHLGAME-26APR02WPGDAL-WPG/candlesticks?start_ts=1774919220&end_ts=1775188800&period_interval=60
2025021199,home,0.79,0.78,0.79,2026-04-03T00:00:00Z,KXNHLGAME-26APR02VANMIN-MIN,close,historical,https://api.elections.kalshi.com/trade-api/v2/historical/markets/KXNHLGAME-26APR02VANMIN-MIN/candlesticks?start_ts=1774919160&end_ts=1775188800&period_interval=60
2025021199,away,0.22,0.21,0.22,2026-04-03T00:00:00Z,KXNHLGAME-26APR02VANMIN-VAN,close,historical,https://api.elections.kalshi.com/trade-api/v2/historical/markets/KXNHLGAME-26APR02VANMIN-VAN/candlesticks?start_ts=1774919160&end_ts=1775188800&period_interval=60
2025021200,away,0.35,0.34,0.35,2026-04-03T01:00:00Z,KXNHLGAME-26APR02CHIEDM-CHI,close,historical,https://api.elections.kalshi.com/trade-api/v2/historical/markets/KXNHLGAME-26APR02CHIEDM-CHI/candlesticks?start_ts=1774919220&end_ts=1775192400&period_interval=60
2025021200,home,0.66,0.65,0.66,2026-04-03T01:00:00Z,KXNHLGAME-26APR02CHIEDM-EDM,close,historical,https://api.elections.kalshi.com/trade-api/v2/historical/markets/KXNHLGAME-26APR02CHIEDM-EDM/candlesticks?start_ts=1774919220&end_ts=1775192400&period_interval=60
2025021201,away,0.33,0.32,0.32,2026-04-03T02:00:00Z,KXNHLGAME-26APR02CGYVGK-CGY,close,historical,https://api.elections.kalshi.com/trade-api/v2/historical/markets/KXNHLGAME-26APR02CGYVGK-CGY/candlesticks?start_ts=1774929960&end_ts=1775196000&period_interval=60
2025021201,home,0.68,0.67,0.68,2026-04-03T02:00:00Z,KXNHLGAME-26APR02CGYVGK-VGK,close,historical,https://api.elections.kalshi.com/trade-api/v2/historical/markets/KXNHLGAME-26APR02CGYVGK-VGK/candlesticks?start_ts=1774929960&end_ts=1775196000&period_interval=60
2025021202,home,0.56,0.55,0.55,2026-04-03T02:00:00Z,KXNHLGAME-26APR02TORSJ-SJ,close,historical,https://api.elections.kalshi.com/trade-api/v2/historical/markets/KXNHLGAME-26APR02TORSJ-SJ/candlesticks?start_ts=1774929960&end_ts=1775196000&period_interval=60
2025021202,away,0.46,0.45,0.46,2026-04-03T02:00:00Z,KXNHLGAME-26APR02TORSJ-TOR,close,historical,https://api.elections.kalshi.com/trade-api/v2/historical/markets/KXNHLGAME-26APR02TORSJ-TOR/candlesticks?start_ts=1774929960&end_ts=1775196000&period_interval=60
2025021203,home,0.44,0.43,0.44,2026-04-03T02:00:00Z,KXNHLGAME-26APR02UTASEA-SEA,close,historical,https://api.elections.kalshi.com/trade-api/v2/historical/markets/KXNHLGAME-26APR02UTASEA-SEA/candlesticks?start_ts=1774930020&end_ts=1775196000&period_interval=60
2025021203,away,0.57,0.56,0.57,2026-04-03T02:00:00Z,KXNHLGAME-26APR02UTASEA-UTA,close,historical,https://api.elections.kalshi.com/trade-api/v2/historical/markets/KXNHLGAME-26APR02UTASEA-UTA/candlesticks?start_ts=1774930020&end_ts=1775196000&period_interval=60
2025021204,home,0.53,0.52,0.53,2026-04-03T02:00:00Z,KXNHLGAME-26APR02NSHLA-LA,close,historical,https://api.elections.kalshi.com/trade-api/v2/historical/markets/KXNHLGAME-26APR02NSHLA-LA/candlesticks?start_ts=1774930020&end_ts=1775197800&period_interval=60
2025021204,away,0.48,0.47,0.48,2026-04-03T02:00:00Z,KXNHLGAME-26APR02NSHLA-NSH,close,historical,https://api.elections.kalshi.com/trade-api/v2/historical/markets/KXNHLGAME-26APR02NSHLA-NSH/candlesticks?start_ts=1774930020&end_ts=1775197800&period_interval=60
2025021205,home,0.59,0.58,0.59,2026-04-03T23:00:00Z,KXNHLGAME-26APR03PHINYI-NYI,close,historical,https://api.elections.kalshi.com/trade-api/v2/historical/markets/KXNHLGAME-26APR03PHINYI-NYI/candlesticks?start_ts=1775005560&end_ts=1775271600&period_interval=60
2025021205,away,0.42,0.41,0.42,2026-04-03T23:00:00Z,KXNHLGAME-26APR03PHINYI-PHI,close,historical,https://api.elections.kalshi.com/trade-api/v2/historical/markets/KXNHLGAME-26APR03PHINYI-PHI/candlesticks?start_ts=1775005560&end_ts=1775271600&period_interval=60
2025021206,home,0.56,0.55,0.56,2026-04-04T02:00:00Z,KXNHLGAME-26APR03STLANA-ANA,close,historical,https://api.elections.kalshi.com/trade-api/v2/historical/markets/KXNHLGAME-26APR03STLANA-ANA/candlesticks?start_ts=1775016420&end_ts=1775282400&period_interval=60
2025021206,away,0.46,0.44,0.46,2026-04-04T02:00:00Z,KXNHLGAME-26APR03STLANA-STL,close,historical,https://api.elections.kalshi.com/trade-api/v2/historical/markets/KXNHLGAME-26APR03STLANA-STL/candlesticks?start_ts=1775016420&end_ts=1775282400&period_interval=60
2025021207,away,0.57,0.56,0.57,2026-04-04T16:00:00Z,KXNHLGAME-26APR04DETNYR-DET,close,historical,https://api.elections.kalshi.com/trade-api/v2/historical/markets/KXNHLGAME-26APR04DETNYR-DET/candlesticks?start_ts=1775070360&end_ts=1775334600&period_interval=60
2025021207,home,0.44,0.43,0.44,2026-04-04T16:00:00Z,KXNHLGAME-26APR04DETNYR-NYR,close,historical,https://api.elections.kalshi.com/trade-api/v2/historical/markets/KXNHLGAME-26APR04DETNYR-NYR/candlesticks?start_ts=1775070360&end_ts=1775334600&period_interval=60
2025021208,away,0.46,0.45,0.46,2026-04-04T17:00:00Z,KXNHLGAME-26APR04MINOTT-MIN,close,historical,https://api.elections.kalshi.com/trade-api/v2/historical/markets/KXNHLGAME-26APR04MINOTT-MIN/candlesticks?start_ts=1775070360&end_ts=1775336400&period_interval=60
2025021208,home,0.55,0.54,0.55,2026-04-04T17:00:00Z,KXNHLGAME-26APR04MINOTT-OTT,close,historical,https://api.elections.kalshi.com/trade-api/v2/historical/markets/KXNHLGAME-26APR04MINOTT-OTT/candlesticks?start_ts=1775070360&end_ts=1775336400&period_interval=60
2025021209,away,0.53,0.52,0.53,2026-04-04T19:00:00Z,KXNHLGAME-26APR04COLDAL-COL,close,historical,https://api.elections.kalshi.com/trade-api/v2/historical/markets/KXNHLGAME-26APR04COLDAL-COL/candlesticks?start_ts=1775070360&end_ts=1775343600&period_interval=60
2025021209,home,0.49,0.48,0.49,2026-04-04T19:00:00Z,KXNHLGAME-26APR04COLDAL-DAL,close,historical,https://api.elections.kalshi.com/trade-api/v2/historical/markets/KXNHLGAME-26APR04COLDAL-DAL/candlesticks?start_ts=1775070360&end_ts=1775343600&period_interval=60
2025021210,away,0.4,0.39,0.4,2026-04-04T21:00:00Z,KXNHLGAME-26APR04BOSTB-BOS,close,historical,https://api.elections.kalshi.com/trade-api/v2/historical/markets/KXNHLGAME-26APR04BOSTB-BOS/candlesticks?start_ts=1775081160&end_ts=1775350800&period_interval=60
2025021210,home,0.61,0.6,0.61,2026-04-04T21:00:00Z,KXNHLGAME-26APR04BOSTB-TB,close,historical,https://api.elections.kalshi.com/trade-api/v2/historical/markets/KXNHLGAME-26APR04BOSTB-TB/candlesticks?start_ts=1775081160&end_ts=1775350800&period_interval=60
2025021211,away,0.33,0.32,0.33,2026-04-04T21:00:00Z,KXNHLGAME-26APR04FLAPIT-FLA,close,historical,https://api.elections.kalshi.com/trade-api/v2/historical/markets/KXNHLGAME-26APR04FLAPIT-FLA/candlesticks?start_ts=1775081160&end_ts=1775350800&period_interval=60
2025021211,home,0.69,0.68,0.69,2026-04-04T21:00:00Z,KXNHLGAME-26APR04FLAPIT-PIT,close,historical,https://api.elections.kalshi.com/trade-api/v2/historical/markets/KXNHLGAME-26APR04FLAPIT-PIT/candlesticks?start_ts=1775081160&end_ts=1775350800&period_interval=60
2025021212,away,0.53,0.52,0.53,2026-04-04T23:00:00Z,KXNHLGAME-26APR04MTLNJ-MTL,close,historical,https://api.elections.kalshi.com/trade-api/v2/historical/markets/KXNHLGAME-26APR04MTLNJ-MTL/candlesticks?start_ts=1775091960&end_ts=1775358000&period_interval=60
2025021212,home,0.48,0.47,0.48,2026-04-04T23:00:00Z,KXNHLGAME-26APR04MTLNJ-NJ,close,historical,https://api.elections.kalshi.com/trade-api/v2/historical/markets/KXNHLGAME-26APR04MTLNJ-NJ/candlesticks?start_ts=1775091960&end_ts=1775358000&period_interval=60
2025021213,away,0.52,0.51,0.52,2026-04-04T23:00:00Z,KXNHLGAME-26APR04BUFWSH-BUF,close,historical,https://api.elections.kalshi.com/trade-api/v2/historical/markets/KXNHLGAME-26APR04BUFWSH-BUF/candlesticks?start_ts=1775091960&end_ts=1775358000&period_interval=60
2025021213,home,0.49,0.48,0.49,2026-04-04T23:00:00Z,KXNHLGAME-26APR04BUFWSH-WSH,close,historical,https://api.elections.kalshi.com/trade-api/v2/historical/markets/KXNHLGAME-26APR04BUFWSH-WSH/candlesticks?start_ts=1775091960&end_ts=1775358000&period_interval=60
2025021214,home,0.69,0.68,0.69,2026-04-04T23:00:00Z,KXNHLGAME-26APR04NYICAR-CAR,close,historical,https://api.elections.kalshi.com/trade-api/v2/historical/markets/KXNHLGAME-26APR04NYICAR-CAR/candlesticks?start_ts=1775091960&end_ts=1775358000&period_interval=60
2025021214,away,0.32,0.31,0.32,2026-04-04T23:00:00Z,KXNHLGAME-26APR04NYICAR-NYI,close,historical,https://api.elections.kalshi.com/trade-api/v2/historical/markets/KXNHLGAME-26APR04NYICAR-NYI/candlesticks?start_ts=1775091960&end_ts=1775358000&period_interval=60
2025021215,home,0.58,0.57,0.58,2026-04-04T23:00:00Z,KXNHLGAME-26APR04WPGCBJ-CBJ,close,historical,https://api.elections.kalshi.com/trade-api/v2/historical/markets/KXNHLGAME-26APR04WPGCBJ-CBJ/candlesticks?start_ts=1775091960&end_ts=1775358000&period_interval=60
2025021215,away,0.43,0.42,0.43,2026-04-04T23:00:00Z,KXNHLGAME-26APR04WPGCBJ-WPG,close,historical,https://api.elections.kalshi.com/trade-api/v2/historical/markets/KXNHLGAME-26APR04WPGCBJ-WPG/candlesticks?start_ts=1775091960&end_ts=1775358000&period_interval=60
2025021216,away,0.67,0.66,0.67,2026-04-04T23:00:00Z,KXNHLGAME-26APR04UTAVAN-UTA,close,historical,https://api.elections.kalshi.com/trade-api/v2/historical/markets/KXNHLGAME-26APR04UTAVAN-UTA/candlesticks?start_ts=1775091960&end_ts=1775358000&period_interval=60
2025021216,home,0.34,0.33,0.34,2026-04-04T23:00:00Z,KXNHLGAME-26APR04UTAVAN-VAN,close,historical,https://api.elections.kalshi.com/trade-api/v2/historical/markets/KXNHLGAME-26APR04UTAVAN-VAN/candlesticks?start_ts=1775091960&end_ts=1775358000&period_interval=60
2025021217,home,0.65,0.64,0.65,2026-04-04T23:00:00Z,KXNHLGAME-26APR04TORLA-LA,close,historical,https://api.elections.kalshi.com/trade-api/v2/historical/markets/KXNHLGAME-26APR04TORLA-LA/candlesticks?start_ts=1775091960&end_ts=1775358000&period_interval=60
2025021217,away,0.36,0.35,0.36,2026-04-04T23:00:00Z,KXNHLGAME-26APR04TORLA-TOR,close,historical,https://api.elections.kalshi.com/trade-api/v2/historical/markets/KXNHLGAME-26APR04TORLA-TOR/candlesticks?start_ts=1775091960&end_ts=1775358000&period_interval=60
2025021218,home,0.51,0.5,0.51,2026-04-05T02:00:00Z,KXNHLGAME-26APR04VGKEDM-EDM,close,historical,https://api.elections.kalshi.com/trade-api/v2/historical/markets/KXNHLGAME-26APR04VGKEDM-EDM/candlesticks?start_ts=1775102760&end_ts=1775368800&period_interval=60
2025021218,away,0.5,0.49,0.5,2026-04-05T02:00:00Z,KXNHLGAME-26APR04VGKEDM-VGK,close,historical,https://api.elections.kalshi.com/trade-api/v2/historical/markets/KXNHLGAME-26APR04VGKEDM-VGK/candlesticks?start_ts=1775102760&end_ts=1775368800&period_interval=60
2025021219,home,0.57,0.56,0.57,2026-04-05T02:00:00Z,KXNHLGAME-26APR04CGYANA-ANA,close,historical,https://api.elections.kalshi.com/trade-api/v2/historical/markets/KXNHLGAME-26APR04CGYANA-ANA/candlesticks?start_ts=1775102760&end_ts=1775368800&period_interval=60
2025021219,away,0.44,0.43,0.44,2026-04-05T02:00:00Z,KXNHLGAME-26APR04CGYANA-CGY,close,historical,https://api.elections.kalshi.com/trade-api/v2/historical/markets/KXNHLGAME-26APR04CGYANA-CGY/candlesticks?start_ts=1775102760&end_ts=1775368800&period_interval=60
2025021220,away,0.48,0.47,0.48,2026-04-05T02:00:00Z,KXNHLGAME-26APR04NSHSJ-NSH,close,historical,https://api.elections.kalshi.com/trade-api/v2/historical/markets/KXNHLGAME-26APR04NSHSJ-NSH/candlesticks?start_ts=1775102760&end_ts=1775368800&period_interval=60
2025021220,home,0.53,0.52,0.53,2026-04-05T02:00:00Z,KXNHLGAME-26APR04NSHSJ-SJ,close,historical,https://api.elections.kalshi.com/trade-api/v2/historical/markets/KXNHLGAME-26APR04NSHSJ-SJ/candlesticks?start_ts=1775102760&end_ts=1775368800&period_interval=60
2025021221,away,0.4,0.39,0.4,2026-04-05T02:00:00Z,KXNHLGAME-26APR04CHISEA-CHI,close,historical,https://api.elections.kalshi.com/trade-api/v2/historical/markets/KXNHLGAME-26APR04CHISEA-CHI/candlesticks?start_ts=1775102760&end_ts=1775368800&period_interval=60
2025021221,home,0.61,0.6,0.61,2026-04-05T02:00:00Z,KXNHLGAME-26APR04CHISEA-SEA,close,historical,https://api.elections.kalshi.com/trade-api/v2/historical/markets/KXNHLGAME-26APR04CHISEA-SEA/candlesticks?start_ts=1775102760&end_ts=1775368800&period_interval=60
2025021222,home,0.45,0.44,0.45,2026-04-05T17:00:00Z,KXNHLGAME-26APR05MINDET-DET,close,historical,https://api.elections.kalshi.com/trade-api/v2/historical/markets/KXNHLGAME-26APR05MINDET-DET/candlesticks?start_ts=1775156760&end_ts=1775422800&period_interval=60
2025021222,away,0.56,0.55,0.56,2026-04-05T17:00:00Z,KXNHLGAME-26APR05MINDET-MIN,close,historical,https://api.elections.kalshi.com/trade-api/v2/historical/markets/KXNHLGAME-26APR05MINDET-MIN/candlesticks?start_ts=1775156760&end_ts=1775422800&period_interval=60
2025021223,away,0.33,0.32,0.33,2026-04-05T19:00:00Z,KXNHLGAME-26APR05FLAPIT-FLA,close,historical,https://api.elections.kalshi.com/trade-api/v2/historical/markets/KXNHLGAME-26APR05FLAPIT-FLA/candlesticks?start_ts=1775156820&end_ts=1775430000&period_interval=60
2025021223,home,0.68,0.67,0.68,2026-04-05T19:00:00Z,KXNHLGAME-26APR05FLAPIT-PIT,close,historical,https://api.elections.kalshi.com/trade-api/v2/historical/markets/KXNHLGAME-26APR05FLAPIT-PIT/candlesticks?start_ts=1775156820&end_ts=1775430000&period_interval=60
2025021224,away,0.42,0.41,0.42,2026-04-05T19:00:00Z,KXNHLGAME-26APR05BOSPHI-BOS,close,historical,https://api.elections.kalshi.com/trade-api/v2/historical/markets/KXNHLGAME-26APR05BOSPHI-BOS/candlesticks?start_ts=1775167620&end_ts=1775431800&period_interval=60
2025021224,home,0.59,0.58,0.59,2026-04-05T19:00:00Z,KXNHLGAME-26APR05BOSPHI-PHI,close,historical,https://api.elections.kalshi.com/trade-api/v2/historical/markets/KXNHLGAME-26APR05BOSPHI-PHI/candlesticks?start_ts=1775167620&end_ts=1775431800&period_interval=60
2025021225,away,0.53,0.52,0.53,2026-04-05T21:00:00Z,KXNHLGAME-26APR05CAROTT-CAR,close,historical,https://api.elections.kalshi.com/trade-api/v2/historical/markets/KXNHLGAME-26APR05CAROTT-CAR/candlesticks?start_ts=1775167620&end_ts=1775437200&period_interval=60
2025021225,home,0.48,0.47,0.48,2026-04-05T21:00:00Z,KXNHLGAME-26APR05CAROTT-OTT,close,historical,https://api.elections.kalshi.com/trade-api/v2/historical/markets/KXNHLGAME-26APR05CAROTT-OTT/candlesticks?start_ts=1775167620&end_ts=1775437200&period_interval=60
2025021226,home,0.57,0.56,0.57,2026-04-05T23:00:00Z,KXNHLGAME-26APR05NJMTL-MTL,close,historical,https://api.elections.kalshi.com/trade-api/v2/historical/markets/KXNHLGAME-26APR05NJMTL-MTL/candlesticks?start_ts=1775178360&end_ts=1775444400&period_interval=60
2025021226,away,0.44,0.43,0.44,2026-04-05T23:00:00Z,KXNHLGAME-26APR05NJMTL-NJ,close,historical,https://api.elections.kalshi.com/trade-api/v2/historical/markets/KXNHLGAME-26APR05NJMTL-NJ/candlesticks?start_ts=1775178360&end_ts=1775444400&period_interval=60
2025021227,home,0.51,0.5,0.51,2026-04-05T23:00:00Z,KXNHLGAME-26APR05WSHNYR-NYR,close,historical,https://api.elections.kalshi.com/trade-api/v2/historical/markets/KXNHLGAME-26APR05WSHNYR-NYR/candlesticks?start_ts=1775178360&end_ts=1775444400&period_interval=60
2025021227,away,0.51,0.5,0.51,2026-04-05T23:00:00Z,KXNHLGAME-26APR05WSHNYR-WSH,close,historical,https://api.elections.kalshi.com/trade-api/v2/historical/markets/KXNHLGAME-26APR05WSHNYR-WSH/candlesticks?start_ts=1775178360&end_ts=1775444400&period_interval=60
2025021228,home,0.63,0.62,0.63,2026-04-06T01:00:00Z,KXNHLGAME-26APR05STLCOL-COL,close,historical,https://api.elections.kalshi.com/trade-api/v2/historical/markets/KXNHLGAME-26APR05STLCOL-COL/candlesticks?start_ts=1775189160&end_ts=1775453400&period_interval=60
2025021228,away,0.38,0.37,0.37,2026-04-06T01:00:00Z,KXNHLGAME-26APR05STLCOL-STL,close,historical,https://api.elections.kalshi.com/trade-api/v2/historical/markets/KXNHLGAME-26APR05STLCOL-STL/candlesticks?start_ts=1775189160&end_ts=1775453400&period_interval=60
2025021229,home,0.49,0.48,0.49,2026-04-06T23:00:00Z,KXNHLGAME-26APR06TBBUF-BUF,close,historical,https://api.elections.kalshi.com/trade-api/v2/historical/markets/KXNHLGAME-26APR06TBBUF-BUF/candlesticks?start_ts=1775264760&end_ts=1775530800&period_interval=60
2025021229,away,0.52,0.51,0.52,2026-04-06T23:00:00Z,KXNHLGAME-26APR06TBBUF-TB,close,historical,https://api.elections.kalshi.com/trade-api/v2/historical/markets/KXNHLGAME-26APR06TBBUF-TB/candlesticks?start_ts=1775264760&end_ts=1775530800&period_interval=60
2025021230,away,0.4,0.39,0.4,2026-04-06T23:00:00Z,KXNHLGAME-26APR06SEAWPG-SEA,close,historical,https://api.elections.kalshi.com/trade-api/v2/historical/markets/KXNHLGAME-26APR06SEAWPG-SEA/candlesticks?start_ts=1775264820&end_ts=1775532600&period_interval=60
2025021230,home,0.61,0.6,0.61,2026-04-06T23:00:00Z,KXNHLGAME-26APR06SEAWPG-WPG,close,historical,https://api.elections.kalshi.com/trade-api/v2/historical/markets/KXNHLGAME-26APR06SEAWPG-WPG/candlesticks?start_ts=1775264820&end_ts=1775532600&period_interval=60
2025021231,away,0.41,0.4,0.41,2026-04-07T02:00:00Z,KXNHLGAME-26APR06CHISJ-CHI,close,historical,https://api.elections.kalshi.com/trade-api/v2/historical/markets/KXNHLGAME-26APR06CHISJ-CHI/candlesticks?start_ts=1775275560&end_ts=1775541600&period_interval=60
2025021231,home,0.6,0.59,0.6,2026-04-07T02:00:00Z,KXNHLGAME-26APR06CHISJ-SJ,close,historical,https://api.elections.kalshi.com/trade-api/v2/historical/markets/KXNHLGAME-26APR06CHISJ-SJ/candlesticks?start_ts=1775275560&end_ts=1775541600&period_interval=60
2025021232,home,0.57,0.56,0.57,2026-04-07T02:00:00Z,KXNHLGAME-26APR06NSHLA-LA,close,historical,https://api.elections.kalshi.com/trade-api/v2/historical/markets/KXNHLGAME-26APR06NSHLA-LA/candlesticks?start_ts=1775275560&end_ts=1775543400&period_interval=60
2025021232,away,0.44,0.43,0.44,2026-04-07T02:00:00Z,KXNHLGAME-26APR06NSHLA-NSH,close,historical,https://api.elections.kalshi.com/trade-api/v2/historical/markets/KXNHLGAME-26APR06NSHLA-NSH/candlesticks?start_ts=1775275560&end_ts=1775543400&period_interval=60
2025021233,away,0.29,0.28,0.29,2026-04-07T23:00:00Z,KXNHLGAME-26APR07FLAMTL-FLA,close,historical,https://api.elections.kalshi.com/trade-api/v2/historical/markets/KXNHLGAME-26APR07FLAMTL-FLA/candlesticks?start_ts=1775351220&end_ts=1775617200&period_interval=60
2025021233,home,0.73,0.72,0.73,2026-04-07T23:00:00Z,KXNHLGAME-26APR07FLAMTL-MTL,close,historical,https://api.elections.kalshi.com/trade-api/v2/historical/markets/KXNHLGAME-26APR07FLAMTL-MTL/candlesticks?start_ts=1775351220&end_ts=1775617200&period_interval=60
2025021234,home,0.58,0.57,0.58,2026-04-07T23:00:00Z,KXNHLGAME-26APR07TBOTT-OTT,close,historical,https://api.elections.kalshi.com/trade-api/v2/historical/markets/KXNHLGAME-26APR07TBOTT-OTT/candlesticks?start_ts=1775351220&end_ts=1775617200&period_interval=60
2025021234,away,0.43,0.42,0.43,2026-04-07T23:00:00Z,KXNHLGAME-26APR07TBOTT-TB,close,historical,https://api.elections.kalshi.com/trade-api/v2/historical/markets/KXNHLGAME-26APR07TBOTT-TB/candlesticks?start_ts=1775351220&end_ts=1775617200&period_interval=60
2025021235,away,0.5,0.49,0.5,2026-04-07T23:00:00Z,KXNHLGAME-26APR07CBJDET-CBJ,close,historical,https://api.elections.kalshi.com/trade-api/v2/historical/markets/KXNHLGAME-26APR07CBJDET-CBJ/candlesticks?start_ts=1775351160&end_ts=1775617200&period_interval=60
2025021235,home,0.51,0.5,0.51,2026-04-07T23:00:00Z,KXNHLGAME-26APR07CBJDET-DET,close,historical,https://api.elections.kalshi.com/trade-api/v2/historical/markets/KXNHLGAME-26APR07CBJDET-DET/candlesticks?start_ts=1775351160&end_ts=1775617200&period_interval=60
2025021236,home,0.54,0.53,0.54,2026-04-07T23:00:00Z,KXNHLGAME-26APR07PHINJ-NJ,close,historical,https://api.elections.kalshi.com/trade-api/v2/historical/markets/KXNHLGAME-26APR07PHINJ-NJ/candlesticks?start_ts=1775351220&end_ts=1775617200&period_interval=60
2025021236,away,0.47,0.46,0.47,2026-04-07T23:00:00Z,KXNHLGAME-26APR07PHINJ-PHI,close,historical,https://api.elections.kalshi.com/trade-api/v2/historical/markets/KXNHLGAME-26APR07PHINJ-PHI/candlesticks?start_ts=1775351220&end_ts=1775617200&period_interval=60
2025021237,away,0.38,0.37,0.38,2026-04-07T23:00:00Z,KXNHLGAME-26APR07BOSCAR-BOS,close,historical,https://api.elections.kalshi.com/trade-api/v2/historical/markets/KXNHLGAME-26APR07BOSCAR-BOS/candlesticks?start_ts=1775351220&end_ts=1775617200&period_interval=60
2025021237,home,0.63,0.62,0.62,2026-04-07T23:00:00Z,KXNHLGAME-26APR07BOSCAR-CAR,close,historical,https://api.elections.kalshi.com/trade-api/v2/historical/markets/KXNHLGAME-26APR07BOSCAR-CAR/candlesticks?start_ts=1775351220&end_ts=1775617200&period_interval=60
2025021238,away,0.6,0.59,0.6,2026-04-08T00:00:00Z,KXNHLGAME-26APR07COLSTL-COL,close,historical,https://api.elections.kalshi.com/trade-api/v2/historical/markets/KXNHLGAME-26APR07COLSTL-COL/candlesticks?start_ts=1775351220&end_ts=1775620800&period_interval=60
2025021238,home,0.41,0.4,0.41,2026-04-08T00:00:00Z,KXNHLGAME-26APR07COLSTL-STL,close,historical,https://api.elections.kalshi.com/trade-api/v2/historical/markets/KXNHLGAME-26APR07COLSTL-STL/candlesticks?start_ts=1775351220&end_ts=1775620800&period_interval=60
2025021239,away,0.31,0.3,0.31,2026-04-08T00:00:00Z,KXNHLGAME-26APR07CGYDAL-CGY,close,historical,https://api.elections.kalshi.com/trade-api/v2/historical/markets/KXNHLGAME-26APR07CGYDAL-CGY/candlesticks?start_ts=1775351220&end_ts=1775620800&period_interval=60
2025021239,home,0.7,0.69,0.7,2026-04-08T00:00:00Z,KXNHLGAME-26APR07CGYDAL-DAL,close,historical,https://api.elections.kalshi.com/trade-api/v2/historical/markets/KXNHLGAME-26APR07CGYDAL-DAL/candlesticks?start_ts=1775351220&end_ts=1775620800&period_interval=60
2025021240,home,0.71,0.7,0.71,2026-04-08T00:00:00Z,KXNHLGAME-26APR07SEAMIN-MIN,close,historical,https://api.elections.kalshi.com/trade-api/v2/historical/markets/KXNHLGAME-26APR07SEAMIN-MIN/candlesticks?start_ts=1775351220&end_ts=1775620800&period_interval=60
2025021240,away,0.3,0.29,0.29,2026-04-08T00:00:00Z,KXNHLGAME-26APR07SEAMIN-SEA,close,historical,https://api.elections.kalshi.com/trade-api/v2/historical/markets/KXNHLGAME-26APR07SEAMIN-SEA/candlesticks?start_ts=1775351220&end_ts=1775620800&period_interval=60
2025021241,away,0.44,0.43,0.44,2026-04-08T01:00:00Z,KXNHLGAME-26APR07EDMUTA-EDM,close,historical,https://api.elections.kalshi.com/trade-api/v2/historical/markets/KXNHLGAME-26APR07EDMUTA-EDM/candlesticks?start_ts=1775361960&end_ts=1775626200&period_interval=60
2025021241,home,0.57,0.56,0.57,2026-04-08T01:00:00Z,KXNHLGAME-26APR07EDMUTA-UTA,close,historical,https://api.elections.kalshi.com/trade-api/v2/historical/markets/KXNHLGAME-26APR07EDMUTA-UTA/candlesticks?start_ts=1775361960&end_ts=1775626200&period_interval=60
2025021242,home,0.32,0.31,0.32,2026-04-08T02:00:00Z,KXNHLGAME-26APR07VGKVAN-VAN,close,historical,https://api.elections.kalshi.com/trade-api/v2/historical/markets/KXNHLGAME-26APR07VGKVAN-VAN/candlesticks?start_ts=1775361960&end_ts=1775628000&period_interval=60
2025021242,away,0.69,0.68,0.69,2026-04-08T02:00:00Z,KXNHLGAME-26APR07VGKVAN-VGK,close,historical,https://api.elections.kalshi.com/trade-api/v2/historical/markets/KXNHLGAME-26APR07VGKVAN-VGK/candlesticks?start_ts=1775361960&end_ts=1775628000&period_interval=60
2025021243,home,0.59,0.58,0.59,2026-04-08T02:00:00Z,KXNHLGAME-26APR07NSHANA-ANA,close,historical,https://api.elections.kalshi.com/trade-api/v2/historical/markets/KXNHLGAME-26APR07NSHANA-ANA/candlesticks?start_ts=1775361960&end_ts=1775628000&period_interval=60
2025021243,away,0.42,0.41,0.42,2026-04-08T02:00:00Z,KXNHLGAME-26APR07NSHANA-NSH,close,historical,https://api.elections.kalshi.com/trade-api/v2/historical/markets/KXNHLGAME-26APR07NSHANA-NSH/candlesticks?start_ts=1775361960&end_ts=1775628000&period_interval=60
2025021244,away,0.57,0.56,0.57,2026-04-08T23:00:00Z,KXNHLGAME-26APR08BUFNYR-BUF,close,historical,https://api.elections.kalshi.com/trade-api/v2/historical/markets/KXNHLGAME-26APR08BUFNYR-BUF/candlesticks?start_ts=1775437560&end_ts=1775703600&period_interval=60
2025021244,home,0.44,0.43,0.44,2026-04-08T23:00:00Z,KXNHLGAME-26APR08BUFNYR-NYR,close,historical,https://api.elections.kalshi.com/trade-api/v2/historical/markets/KXNHLGAME-26APR08BUFNYR-NYR/candlesticks?start_ts=1775437560&end_ts=1775703600&period_interval=60
2025021245,home,0.42,0.41,0.42,2026-04-08T23:00:00Z,KXNHLGAME-26APR08WSHTOR-TOR,close,historical,https://api.elections.kalshi.com/trade-api/v2/historical/markets/KXNHLGAME-26APR08WSHTOR-TOR/candlesticks?start_ts=1775437560&end_ts=1775705400&period_interval=60
2025021245,away,0.59,0.58,0.59,2026-04-08T23:00:00Z,KXNHLGAME-26APR08WSHTOR-WSH,close,historical,https://api.elections.kalshi.com/trade-api/v2/historical/markets/KXNHLGAME-26APR08WSHTOR-WSH/candlesticks?start_ts=1775437560&end_ts=1775705400&period_interval=60
2025021246,away,0.5,0.49,0.5,2026-04-09T02:00:00Z,KXNHLGAME-26APR08EDMSJ-EDM,close,historical,https://api.elections.kalshi.com/trade-api/v2/historical/markets/KXNHLGAME-26APR08EDMSJ-EDM/candlesticks?start_ts=1775448360&end_ts=1775714400&period_interval=60
2025021246,home,0.51,0.5,0.51,2026-04-09T02:00:00Z,KXNHLGAME-26APR08EDMSJ-SJ,close,historical,https://api.elections.kalshi.com/trade-api/v2/historical/markets/KXNHLGAME-26APR08EDMSJ-SJ/candlesticks?start_ts=1775448360&end_ts=1775714400&period_interval=60
2025021247,home,0.5,0.49,0.5,2026-04-09T23:00:00Z,KXNHLGAME-26APR09CBJBUF-BUF,close,historical,https://api.elections.kalshi.com/trade-api/v2/historical/markets/KXNHLGAME-26APR09CBJBUF-BUF/candlesticks?start_ts=1775523960&end_ts=1775790000&period_interval=60
2025021247,away,0.51,0.5,0.51,2026-04-09T23:00:00Z,KXNHLGAME-26APR09CBJBUF-CBJ,close,historical,https://api.elections.kalshi.com/trade-api/v2/historical/markets/KXNHLGAME-26APR09CBJBUF-CBJ/candlesticks?start_ts=1775523960&end_ts=1775790000&period_interval=60
2025021248,home,0.49,0.48,0.49,2026-04-09T23:00:00Z,KXNHLGAME-26APR09TBMTL-MTL,close,historical,https://api.elections.kalshi.com/trade-api/v2/historical/markets/KXNHLGAME-26APR09TBMTL-MTL/candlesticks?start_ts=1775523960&end_ts=1775790294&period_interval=60
2025021248,away,0.52,0.51,0.52,2026-04-09T23:00:00Z,KXNHLGAME-26APR09TBMTL-TB,close,historical,https://api.elections.kalshi.com/trade-api/v2/historical/markets/KXNHLGAME-26APR09TBMTL-TB/candlesticks?start_ts=1775523960&end_ts=1775790294&period_interval=60
2025021249,away,0.24,0.22,0.24,2026-04-09T23:00:00Z,KXNHLGAME-26APR09FLAOTT-FLA,close,historical,https://api.elections.kalshi.com/trade-api/v2/historical/markets/KXNHLGAME-26APR09FLAOTT-FLA/candlesticks?start_ts=1775523960&end_ts=1775790000&period_interval=60
2025021249,home,0.78,0.76,0.78,2026-04-09T23:00:00Z,KXNHLGAME-26APR09FLAOTT-OTT,close,historical,https://api.elections.kalshi.com/trade-api/v2/historical/markets/KXNHLGAME-26APR09FLAOTT-OTT/candlesticks?start_ts=1775523960&end_ts=1775790000&period_interval=60
2025021250,home,0.53,0.52,0.53,2026-04-09T23:00:00Z,KXNHLGAME-26APR09PHIDET-DET,close,historical,https://api.elections.kalshi.com/trade-api/v2/historical/markets/KXNHLGAME-26APR09PHIDET-DET/candlesticks?start_ts=1775523960&end_ts=1775790000&period_interval=60
2025021250,away,0.48,0.47,0.48,2026-04-09T23:00:00Z,KXNHLGAME-26APR09PHIDET-PHI,close,historical,https://api.elections.kalshi.com/trade-api/v2/historical/markets/KXNHLGAME-26APR09PHIDET-PHI/candlesticks?start_ts=1775523960&end_ts=1775790000&period_interval=60
2025021251,home,0.5,0.49,0.5,2026-04-09T23:00:00Z,KXNHLGAME-26APR09PITNJ-NJ,close,historical,https://api.elections.kalshi.com/trade-api/v2/historical/markets/KXNHLGAME-26APR09PITNJ-NJ/candlesticks?start_ts=1775523960&end_ts=1775790000&period_interval=60
2025021251,away,0.51,0.5,0.51,2026-04-09T23:00:00Z,KXNHLGAME-26APR09PITNJ-PIT,close,historical,https://api.elections.kalshi.com/trade-api/v2/historical/markets/KXNHLGAME-26APR09PITNJ-PIT/candlesticks?start_ts=1775523960&end_ts=1775790000&period_interval=60
2025021252,home,0.73,0.72,0.73,2026-04-09T22:00:00Z,KXNHLGAME-26APR09TORNYI-NYI,close,historical,https://api.elections.kalshi.com/trade-api/v2/historical/markets/KXNHLGAME-26APR09TORNYI-NYI/candlesticks?start_ts=1775523960&end_ts=1775789100&period_interval=60
2025021252,away,0.27,0.26,0.27,2026-04-09T22:00:00Z,KXNHLGAME-26APR09TORNYI-TOR,close,historical,https://api.elections.kalshi.com/trade-api/v2/historical/markets/KXNHLGAME-26APR09TORNYI-TOR/candlesticks?start_ts=1775523960&end_ts=1775789100&period_interval=60
2025021253,home,0.51,0.5,0.51,2026-04-10T00:00:00Z,KXNHLGAME-26APR09WPGSTL-STL,close,historical,https://api.elections.kalshi.com/trade-api/v2/historical/markets/KXNHLGAME-26APR09WPGSTL-STL/candlesticks?start_ts=1775523960&end_ts=1775793600&period_interval=60
2025021253,away,0.5,0.49,0.5,2026-04-10T00:00:00Z,KXNHLGAME-26APR09WPGSTL-WPG,close,historical,https://api.elections.kalshi.com/trade-api/v2/historical/markets/KXNHLGAME-26APR09WPGSTL-WPG/candlesticks?start_ts=1775523960&end_ts=1775793600&period_interval=60
2025021254,home,0.54,0.53,0.54,2026-04-10T01:00:00Z,KXNHLGAME-26APR09MINDAL-DAL,close,historical,https://api.elections.kalshi.com/trade-api/v2/historical/markets/KXNHLGAME-26APR09MINDAL-DAL/candlesticks?start_ts=1775523960&end_ts=1775797200&period_interval=60
2025021254,away,0.47,0.46,0.47,2026-04-10T01:00:00Z,KXNHLGAME-26APR09MINDAL-MIN,close,historical,https://api.elections.kalshi.com/trade-api/v2/historical/markets/KXNHLGAME-26APR09MINDAL-MIN/candlesticks?start_ts=1775523960&end_ts=1775797200&period_interval=60
2025021255,away,0.63,0.62,0.63,2026-04-10T00:00:00Z,KXNHLGAME-26APR09CARCHI-CAR,close,historical,https://api.elections.kalshi.com/trade-api/v2/historical/markets/KXNHLGAME-26APR09CARCHI-CAR/candlesticks?start_ts=1775523960&end_ts=1775795400&period_interval=60
2025021255,home,0.38,0.37,0.38,2026-04-10T00:00:00Z,KXNHLGAME-26APR09CARCHI-CHI,close,historical,https://api.elections.kalshi.com/trade-api/v2/historical/markets/KXNHLGAME-26APR09CARCHI-CHI/candlesticks?start_ts=1775523960&end_ts=1775795400&period_interval=60
2025021256,away,0.26,0.25,0.26,2026-04-10T01:00:00Z,KXNHLGAME-26APR09CGYCOL-CGY,close,historical,https://api.elections.kalshi.com/trade-api/v2/historical/markets/KXNHLGAME-26APR09CGYCOL-CGY/candlesticks?start_ts=1775523960&end_ts=1775797200&period_interval=60
2025021256,home,0.75,0.74,0.75,2026-04-10T01:00:00Z,KXNHLGAME-26APR09CGYCOL-COL,close,historical,https://api.elections.kalshi.com/trade-api/v2/historical/markets/KXNHLGAME-26APR09CGYCOL-COL/candlesticks?start_ts=1775523960&end_ts=1775797200&period_interval=60
2025021257,away,0.39,0.38,0.39,2026-04-10T01:00:00Z,KXNHLGAME-26APR09NSHUTA-NSH,close,historical,https://api.elections.kalshi.com/trade-api/v2/historical/markets/KXNHLGAME-26APR09NSHUTA-NSH/candlesticks?start_ts=1775523960&end_ts=1775797200&period_interval=60
2025021257,home,0.62,0.61,0.62,2026-04-10T01:00:00Z,KXNHLGAME-26APR09NSHUTA-UTA,close,historical,https://api.elections.kalshi.com/trade-api/v2/historical/markets/KXNHLGAME-26APR09NSHUTA-UTA/candlesticks?start_ts=1775523960&end_ts=1775797200&period_interval=60
2025021258,home,0.61,0.6,0.61,2026-04-10T02:00:00Z,KXNHLGAME-26APR09SJANA-ANA,close,historical,https://api.elections.kalshi.com/trade-api/v2/historical/markets/KXNHLGAME-26APR09SJANA-ANA/candlesticks?start_ts=1775534760&end_ts=1775800800&period_interval=60
2025021258,away,0.4,0.39,0.4,2026-04-10T02:00:00Z,KXNHLGAME-26APR09SJANA-SJ,close,historical,https://api.elections.kalshi.com/trade-api/v2/historical/markets/KXNHLGAME-26APR09SJANA-SJ/candlesticks?start_ts=1775534760&end_ts=1775800800&period_interval=60
2025021259,home,0.37,0.36,0.37,2026-04-10T02:00:00Z,KXNHLGAME-26APR09VGKSEA-SEA,close,historical,https://api.elections.kalshi.com/trade-api/v2/historical/markets/KXNHLGAME-26APR09VGKSEA-SEA/candlesticks?start_ts=1775534760&end_ts=1775800800&period_interval=60
2025021259,away,0.64,0.63,0.64,2026-04-10T02:00:00Z,KXNHLGAME-26APR09VGKSEA-VGK,close,historical,https://api.elections.kalshi.com/trade-api/v2/historical/markets/KXNHLGAME-26APR09VGKSEA-VGK/candlesticks?start_ts=1775534760&end_ts=1775800800&period_interval=60
2025021260,home,0.72,0.71,0.72,2026-04-10T02:00:00Z,KXNHLGAME-26APR09VANLA-LA,close,historical,https://api.elections.kalshi.com/trade-api/v2/historical/markets/KXNHLGAME-26APR09VANLA-LA/candlesticks?start_ts=1775534760&end_ts=1775802600&period_interval=60
2025021260,away,0.29,0.28,0.29,2026-04-10T02:00:00Z,KXNHLGAME-26APR09VANLA-VAN,close,historical,https://api.elections.kalshi.com/trade-api/v2/historical/markets/KXNHLGAME-26APR09VANLA-VAN/candlesticks?start_ts=1775534760&end_ts=1775802600&period_interval=60
2025021261,home,0.49,0.48,0.49,2026-04-11T16:00:00Z,KXNHLGAME-26APR11TBBOS-BOS,close,historical,https://api.elections.kalshi.com/trade-api/v2/historical/markets/KXNHLGAME-26APR11TBBOS-BOS/candlesticks?start_ts=1775675220&end_ts=1775939400&period_interval=60
2025021261,away,0.53,0.52,0.53,2026-04-11T16:00:00Z,KXNHLGAME-26APR11TBBOS-TB,close,historical,https://api.elections.kalshi.com/trade-api/v2/historical/markets/KXNHLGAME-26APR11TBBOS-TB/candlesticks?start_ts=1775675220&end_ts=1775939400&period_interval=60
2025021262,home,0.45,0.44,0.45,2026-04-11T17:00:00Z,KXNHLGAME-26APR11OTTNYI-NYI,close,historical,https://api.elections.kalshi.com/trade-api/v2/historical/markets/KXNHLGAME-26APR11OTTNYI-NYI/candlesticks?start_ts=1775675220&end_ts=1775941200&period_interval=60
2025021262,away,0.55,0.54,0.55,2026-04-11T17:00:00Z,KXNHLGAME-26APR11OTTNYI-OTT,close,historical,https://api.elections.kalshi.com/trade-api/v2/historical/markets/KXNHLGAME-26APR11OTTNYI-OTT/candlesticks?start_ts=1775675220&end_ts=1775941200&period_interval=60
2025021263,home,0.42,0.41,0.42,2026-04-11T19:00:00Z,KXNHLGAME-26APR11WSHPIT-PIT,close,historical,https://api.elections.kalshi.com/trade-api/v2/historical/markets/KXNHLGAME-26APR11WSHPIT-PIT/candlesticks?start_ts=1775675220&end_ts=1775948400&period_interval=60
2025021263,away,0.59,0.58,0.59,2026-04-11T19:00:00Z,KXNHLGAME-26APR11WSHPIT-WSH,close,historical,https://api.elections.kalshi.com/trade-api/v2/historical/markets/KXNHLGAME-26APR11WSHPIT-WSH/candlesticks?start_ts=1775675220&end_ts=1775948400&period_interval=60
2025021264,away,0.48,0.47,0.48,2026-04-11T20:00:00Z,KXNHLGAME-26APR11EDMLA-EDM,close,historical,https://api.elections.kalshi.com/trade-api/v2/historical/markets/KXNHLGAME-26APR11EDMLA-EDM/candlesticks?start_ts=1775685960&end_ts=1775952000&period_interval=60
2025021264,home,0.53,0.52,0.53,2026-04-11T20:00:00Z,KXNHLGAME-26APR11EDMLA-LA,close,historical,https://api.elections.kalshi.com/trade-api/v2/historical/markets/KXNHLGAME-26APR11EDMLA-LA/candlesticks?start_ts=1775685960&end_ts=1775952000&period_interval=60
2025021265,home,0.56,0.55,0.56,2026-04-11T21:00:00Z,KXNHLGAME-26APR11NJDET-DET,close,historical,https://api.elections.kalshi.com/trade-api/v2/historical/markets/KXNHLGAME-26APR11NJDET-DET/candlesticks?start_ts=1775685960&end_ts=1775955600&period_interval=60
2025021265,away,0.46,0.45,0.45,2026-04-11T21:00:00Z,KXNHLGAME-26APR11NJDET-NJ,close,historical,https://api.elections.kalshi.com/trade-api/v2/historical/markets/KXNHLGAME-26APR11NJDET-NJ/candlesticks?start_ts=1775685960&end_ts=1775955600&period_interval=60
2025021266,home,0.43,0.42,0.42,2026-04-11T21:00:00Z,KXNHLGAME-26APR11STLCHI-CHI,close,historical,https://api.elections.kalshi.com/trade-api/v2/historical/markets/KXNHLGAME-26APR11STLCHI-CHI/candlesticks?start_ts=1775685960&end_ts=1775955600&period_interval=60
2025021266,away,0.58,0.57,0.58,2026-04-11T21:00:00Z,KXNHLGAME-26APR11STLCHI-STL,close,historical,https://api.elections.kalshi.com/trade-api/v2/historical/markets/KXNHLGAME-26APR11STLCHI-STL/candlesticks?start_ts=1775685960&end_ts=1775955600&period_interval=60
2025021267,away,0.51,0.5,0.51,2026-04-11T21:00:00Z,KXNHLGAME-26APR11MINNSH-MIN,close,historical,https://api.elections.kalshi.com/trade-api/v2/historical/markets/KXNHLGAME-26APR11MINNSH-MIN/candlesticks?start_ts=1775685960&end_ts=1775955600&period_interval=60
2025021267,home,0.5,0.49,0.5,2026-04-11T21:00:00Z,KXNHLGAME-26APR11MINNSH-NSH,close,historical,https://api.elections.kalshi.com/trade-api/v2/historical/markets/KXNHLGAME-26APR11MINNSH-NSH/candlesticks?start_ts=1775685960&end_ts=1775955600&period_interval=60
2025021268,home,0.63,0.62,0.63,2026-04-11T21:00:00Z,KXNHLGAME-26APR11NYRDAL-DAL,close,historical,https://api.elections.kalshi.com/trade-api/v2/historical/markets/KXNHLGAME-26APR11NYRDAL-DAL/candlesticks?start_ts=1775685960&end_ts=1775955600&period_interval=60
2025021268,away,0.38,0.37,0.38,2026-04-11T21:00:00Z,KXNHLGAME-26APR11NYRDAL-NYR,close,historical,https://api.elections.kalshi.com/trade-api/v2/historical/markets/KXNHLGAME-26APR11NYRDAL-NYR/candlesticks?start_ts=1775685960&end_ts=1775955600&period_interval=60
2025021269,away,0.47,0.46,0.46,2026-04-11T21:00:00Z,KXNHLGAME-26APR11CARUTA-CAR,close,historical,https://api.elections.kalshi.com/trade-api/v2/historical/markets/KXNHLGAME-26APR11CARUTA-CAR/candlesticks?start_ts=1775685960&end_ts=1775955600&period_interval=60
2025021269,home,0.55,0.54,0.55,2026-04-11T21:00:00Z,KXNHLGAME-26APR11CARUTA-UTA,close,historical,https://api.elections.kalshi.com/trade-api/v2/historical/markets/KXNHLGAME-26APR11CARUTA-UTA/candlesticks?start_ts=1775685960&end_ts=1775955600&period_interval=60
2025021270,away,0.42,0.41,0.42,2026-04-11T23:00:00Z,KXNHLGAME-26APR11FLATOR-FLA,close,historical,https://api.elections.kalshi.com/trade-api/v2/historical/markets/KXNHLGAME-26APR11FLATOR-FLA/candlesticks?start_ts=1775696820&end_ts=1775962800&period_interval=60
2025021270,home,0.59,0.58,0.59,2026-04-11T23:00:00Z,KXNHLGAME-26APR11FLATOR-TOR,close,historical,https://api.elections.kalshi.com/trade-api/v2/historical/markets/KXNHLGAME-26APR11FLATOR-TOR/candlesticks?start_ts=1775696820&end_ts=1775962800&period_interval=60
2025021271,away,0.46,0.45,0.46,2026-04-11T23:00:00Z,KXNHLGAME-26APR11CBJMTL-CBJ,close,historical,https://api.elections.kalshi.com/trade-api/v2/historical/markets/KXNHLGAME-26APR11CBJMTL-CBJ/candlesticks?start_ts=1775696820&end_ts=1775962800&period_interval=60
2025021271,home,0.56,0.55,0.56,2026-04-11T23:00:00Z,KXNHLGAME-26APR11CBJMTL-MTL,close,historical,https://api.elections.kalshi.com/trade-api/v2/historical/markets/KXNHLGAME-26APR11CBJMTL-MTL/candlesticks?start_ts=1775696820&end_ts=1775962800&period_interval=60
2025021272,away,0.48,0.47,0.48,2026-04-11T23:00:00Z,KXNHLGAME-26APR11PHIWPG-PHI,close,historical,https://api.elections.kalshi.com/trade-api/v2/historical/markets/KXNHLGAME-26APR11PHIWPG-PHI/candlesticks?start_ts=1775696820&end_ts=1775962800&period_interval=60
2025021272,home,0.53,0.52,0.53,2026-04-11T23:00:00Z,KXNHLGAME-26APR11PHIWPG-WPG,close,historical,https://api.elections.kalshi.com/trade-api/v2/historical/markets/KXNHLGAME-26APR11PHIWPG-WPG/candlesticks?start_ts=1775696820&end_ts=1775962800&period_interval=60
2025021273,away,0.47,0.46,0.47,2026-04-11T23:00:00Z,KXNHLGAME-26APR11CGYSEA-CGY,close,historical,https://api.elections.kalshi.com/trade-api/v2/historical/markets/KXNHLGAME-26APR11CGYSEA-CGY/candlesticks?start_ts=1775696820&end_ts=1775962800&period_interval=60
2025021273,home,0.55,0.53,0.55,2026-04-11T23:00:00Z,KXNHLGAME-26APR11CGYSEA-SEA,close,historical,https://api.elections.kalshi.com/trade-api/v2/historical/markets/KXNHLGAME-26APR11CGYSEA-SEA/candlesticks?start_ts=1775696820&end_ts=1775962800&period_interval=60
2025021274,home,0.56,0.55,0.56,2026-04-12T00:00:00Z,KXNHLGAME-26APR11VGKCOL-COL,close,historical,https://api.elections.kalshi.com/trade-api/v2/historical/markets/KXNHLGAME-26APR11VGKCOL-COL/candlesticks?start_ts=1775696820&end_ts=1775966400&period_interval=60
2025021274,away,0.45,0.44,0.45,2026-04-12T00:00:00Z,KXNHLGAME-26APR11VGKCOL-VGK,close,historical,https://api.elections.kalshi.com/trade-api/v2/historical/markets/KXNHLGAME-26APR11VGKCOL-VGK/candlesticks?start_ts=1775696820&end_ts=1775966400&period_interval=60
2025021275,home,0.64,0.63,0.64,2026-04-12T02:00:00Z,KXNHLGAME-26APR11VANSJ-SJ,close,historical,https://api.elections.kalshi.com/trade-api/v2/historical/markets/KXNHLGAME-26APR11VANSJ-SJ/candlesticks?start_ts=1775707560&end_ts=1775973600&period_interval=60
2025021275,away,0.37,0.36,0.37,2026-04-12T02:00:00Z,KXNHLGAME-26APR11VANSJ-VAN,close,historical,https://api.elections.kalshi.com/trade-api/v2/historical/markets/KXNHLGAME-26APR11VANSJ-VAN/candlesticks?start_ts=1775707560&end_ts=1775973600&period_interval=60
2025021276,away,0.43,0.42,0.43,2026-04-12T19:00:00Z,KXNHLGAME-26APR12PITWSH-PIT,close,historical,https://api.elections.kalshi.com/trade-api/v2/historical/markets/KXNHLGAME-26APR12PITWSH-PIT/candlesticks?start_ts=1775761560&end_ts=1776034800&period_interval=60
2025021276,home,0.58,0.57,0.58,2026-04-12T19:00:00Z,KXNHLGAME-26APR12PITWSH-WSH,close,historical,https://api.elections.kalshi.com/trade-api/v2/historical/markets/KXNHLGAME-26APR12PITWSH-WSH/candlesticks?start_ts=1775761560&end_ts=1776034800&period_interval=60
2025021277,away,0.47,0.46,0.47,2026-04-12T22:00:00Z,KXNHLGAME-26APR12MTLNYI-MTL,close,historical,https://api.elections.kalshi.com/trade-api/v2/historical/markets/KXNHLGAME-26APR12MTLNYI-MTL/candlesticks?start_ts=1775772420&end_ts=1776045600&period_interval=60
2025021277,home,0.54,0.53,0.54,2026-04-12T22:00:00Z,KXNHLGAME-26APR12MTLNYI-NYI,close,historical,https://api.elections.kalshi.com/trade-api/v2/historical/markets/KXNHLGAME-26APR12MTLNYI-NYI/candlesticks?start_ts=1775772420&end_ts=1776045600&period_interval=60
2025021278,away,0.35,0.34,0.35,2026-04-12T22:00:00Z,KXNHLGAME-26APR12BOSCBJ-BOS,close,historical,https://api.elections.kalshi.com/trade-api/v2/historical/markets/KXNHLGAME-26APR12BOSCBJ-BOS/candlesticks?start_ts=1775772420&end_ts=1776045600&period_interval=60
2025021278,home,0.66,0.65,0.66,2026-04-12T22:00:00Z,KXNHLGAME-26APR12BOSCBJ-CBJ,close,historical,https://api.elections.kalshi.com/trade-api/v2/historical/markets/KXNHLGAME-26APR12BOSCBJ-CBJ/candlesticks?start_ts=1775772420&end_ts=1776045600&period_interval=60
2025021279,home,0.54,0.53,0.54,2026-04-12T23:00:00Z,KXNHLGAME-26APR12OTTNJ-NJ,close,historical,https://api.elections.kalshi.com/trade-api/v2/historical/markets/KXNHLGAME-26APR12OTTNJ-NJ/candlesticks?start_ts=1775783160&end_ts=1776049200&period_interval=60
2025021279,away,0.47,0.46,0.47,2026-04-12T23:00:00Z,KXNHLGAME-26APR12OTTNJ-OTT,close,historical,https://api.elections.kalshi.com/trade-api/v2/historical/markets/KXNHLGAME-26APR12OTTNJ-OTT/candlesticks?start_ts=1775783160&end_ts=1776049200&period_interval=60
2025021280,home,0.73,0.72,0.73,2026-04-13T00:00:00Z,KXNHLGAME-26APR12VANANA-ANA,close,historical,https://api.elections.kalshi.com/trade-api/v2/historical/markets/KXNHLGAME-26APR12VANANA-ANA/candlesticks?start_ts=1775783160&end_ts=1776052800&period_interval=60
2025021280,away,0.28,0.27,0.28,2026-04-13T00:00:00Z,KXNHLGAME-26APR12VANANA-VAN,close,historical,https://api.elections.kalshi.com/trade-api/v2/historical/markets/KXNHLGAME-26APR12VANANA-VAN/candlesticks?start_ts=1775783160&end_ts=1776052800&period_interval=60
2025021281,home,0.41,0.4,0.41,2026-04-13T01:00:00Z,KXNHLGAME-26APR12UTACGY-CGY,close,historical,https://api.elections.kalshi.com/trade-api/v2/historical/markets/KXNHLGAME-26APR12UTACGY-CGY/candlesticks?start_ts=1775783160&end_ts=1776056400&period_interval=60
2025021281,away,0.6,0.59,0.6,2026-04-13T01:00:00Z,KXNHLGAME-26APR12UTACGY-UTA,close,historical,https://api.elections.kalshi.com/trade-api/v2/historical/markets/KXNHLGAME-26APR12UTACGY-UTA/candlesticks?start_ts=1775783160&end_ts=1776056400&period_interval=60
2025021282,away,0.38,0.37,0.38,2026-04-13T23:00:00Z,KXNHLGAME-26APR13DETTB-DET,close,historical,https://api.elections.kalshi.com/trade-api/v2/historical/markets/KXNHLGAME-26APR13DETTB-DET/candlesticks?start_ts=1775869620&end_ts=1776135600&period_interval=60
2025021282,home,0.64,0.63,0.64,2026-04-13T23:00:00Z,KXNHLGAME-26APR13DETTB-TB,close,historical,https://api.elections.kalshi.com/trade-api/v2/historical/markets/KXNHLGAME-26APR13DETTB-TB/candlesticks?start_ts=1775869620&end_ts=1776135600&period_interval=60
2025021283,home,0.43,0.42,0.43,2026-04-13T23:00:00Z,KXNHLGAME-26APR13NYRFLA-FLA,close,historical,https://api.elections.kalshi.com/trade-api/v2/historical/markets/KXNHLGAME-26APR13NYRFLA-FLA/candlesticks?start_ts=1775869620&end_ts=1776135600&period_interval=60
2025021283,away,0.59,0.57,0.59,2026-04-13T23:00:00Z,KXNHLGAME-26APR13NYRFLA-NYR,close,historical,https://api.elections.kalshi.com/trade-api/v2/historical/markets/KXNHLGAME-26APR13NYRFLA-NYR/candlesticks?start_ts=1775869620&end_ts=1776135600&period_interval=60
2025021284,away,0.41,0.4,0.41,2026-04-13T23:00:00Z,KXNHLGAME-26APR13CARPHI-CAR,close,historical,https://api.elections.kalshi.com/trade-api/v2/historical/markets/KXNHLGAME-26APR13CARPHI-CAR/candlesticks?start_ts=1775869620&end_ts=1776135600&period_interval=60
2025021284,home,0.6,0.59,0.6,2026-04-13T23:00:00Z,KXNHLGAME-26APR13CARPHI-PHI,close,historical,https://api.elections.kalshi.com/trade-api/v2/historical/markets/KXNHLGAME-26APR13CARPHI-PHI/candlesticks?start_ts=1775869620&end_ts=1776135600&period_interval=60
2025021285,away,0.65,0.64,0.65,2026-04-13T23:00:00Z,KXNHLGAME-26APR13DALTOR-DAL,close,historical,https://api.elections.kalshi.com/trade-api/v2/historical/markets/KXNHLGAME-26APR13DALTOR-DAL/candlesticks?start_ts=1775869620&end_ts=1776137400&period_interval=60
2025021285,home,0.36,0.35,0.36,2026-04-13T23:00:00Z,KXNHLGAME-26APR13DALTOR-TOR,close,historical,https://api.elections.kalshi.com/trade-api/v2/historical/markets/KXNHLGAME-26APR13DALTOR-TOR/candlesticks?start_ts=1775869620&end_ts=1776137400&period_interval=60
2025021286,away,0.39,0.38,0.39,2026-04-14T00:00:00Z,KXNHLGAME-26APR13MINSTL-MIN,close,historical,https://api.elections.kalshi.com/trade-api/v2/historical/markets/KXNHLGAME-26APR13MINSTL-MIN/candlesticks?start_ts=1775869620&end_ts=1776139200&period_interval=60
2025021286,home,0.63,0.62,0.63,2026-04-14T00:00:00Z,KXNHLGAME-26APR13MINSTL-STL,close,historical,https://api.elections.kalshi.com/trade-api/v2/historical/markets/KXNHLGAME-26APR13MINSTL-STL/candlesticks?start_ts=1775869620&end_ts=1776139200&period_interval=60
2025021287,home,0.57,0.56,0.57,2026-04-14T00:00:00Z,KXNHLGAME-26APR13SJNSH-NSH,close,historical,https://api.elections.kalshi.com/trade-api/v2/historical/markets/KXNHLGAME-26APR13SJNSH-NSH/candlesticks?start_ts=1775869620&end_ts=1776139200&period_interval=60
2025021287,away,0.43,0.42,0.43,2026-04-14T00:00:00Z,KXNHLGAME-26APR13SJNSH-SJ,close,historical,https://api.elections.kalshi.com/trade-api/v2/historical/markets/KXNHLGAME-26APR13SJNSH-SJ/candlesticks?start_ts=1775869620&end_ts=1776139200&period_interval=60
2025021288,away,0.65,0.64,0.65,2026-04-14T00:00:00Z,KXNHLGAME-26APR13BUFCHI-BUF,close,historical,https://api.elections.kalshi.com/trade-api/v2/historical/markets/KXNHLGAME-26APR13BUFCHI-BUF/candlesticks?start_ts=1775869620&end_ts=1776141000&period_interval=60
2025021288,home,0.36,0.35,0.36,2026-04-14T00:00:00Z,KXNHLGAME-26APR13BUFCHI-CHI,close,historical,https://api.elections.kalshi.com/trade-api/v2/historical/markets/KXNHLGAME-26APR13BUFCHI-CHI/candlesticks?start_ts=1775869620&end_ts=1776141000&period_interval=60
2025021289,away,0.54,0.53,0.54,2026-04-14T01:00:00Z,KXNHLGAME-26APR13COLEDM-COL,close,historical,https://api.elections.kalshi.com/trade-api/v2/historical/markets/KXNHLGAME-26APR13COLEDM-COL/candlesticks?start_ts=1775880360&end_ts=1776144600&period_interval=60
2025021289,home,0.47,0.46,0.47,2026-04-14T01:00:00Z,KXNHLGAME-26APR13COLEDM-EDM,close,historical,https://api.elections.kalshi.com/trade-api/v2/historical/markets/KXNHLGAME-26APR13COLEDM-EDM/candlesticks?start_ts=1775880360&end_ts=1776144600&period_interval=60
2025021290,home,0.64,0.62,0.64,2026-04-14T02:00:00Z,KXNHLGAME-26APR13WPGVGK-VGK,close,historical,https://api.elections.kalshi.com/trade-api/v2/historical/markets/KXNHLGAME-26APR13WPGVGK-VGK/candlesticks?start_ts=1775880360&end_ts=1776146400&period_interval=60
2025021290,away,0.38,0.37,0.38,2026-04-14T02:00:00Z,KXNHLGAME-26APR13WPGVGK-WPG,close,historical,https://api.elections.kalshi.com/trade-api/v2/historical/markets/KXNHLGAME-26APR13WPGVGK-WPG/candlesticks?start_ts=1775880360&end_ts=1776146400&period_interval=60
2025021291,away,0.61,0.6,0.62,2026-04-14T01:00:00Z,KXNHLGAME-26APR13LASEA-LA,close,historical,https://api.elections.kalshi.com/trade-api/v2/historical/markets/KXNHLGAME-26APR13LASEA-LA/candlesticks?start_ts=1775880360&end_ts=1776144600&period_interval=60
2025021291,home,0.4,0.38,0.4,2026-04-14T01:00:00Z,KXNHLGAME-26APR13LASEA-SEA,close,historical,https://api.elections.kalshi.com/trade-api/v2/historical/markets/KXNHLGAME-26APR13LASEA-SEA/candlesticks?start_ts=1775880360&end_ts=1776144600&period_interval=60
2025021292,home,0.59,0.58,0.59,2026-04-14T23:00:00Z,KXNHLGAME-26APR14NJBOS-BOS,close,historical,https://api.elections.kalshi.com/trade-api/v2/historical/markets/KXNHLGAME-26APR14NJBOS-BOS/candlesticks?start_ts=1775955960&end_ts=1776222000&period_interval=60
2025021292,away,0.42,0.41,0.42,2026-04-14T23:00:00Z,KXNHLGAME-26APR14NJBOS-NJ,close,historical,https://api.elections.kalshi.com/trade-api/v2/historical/markets/KXNHLGAME-26APR14NJBOS-NJ/candlesticks?start_ts=1775955960&end_ts=1776222000&period_interval=60
2025021293,away,0.38,0.37,0.38,2026-04-14T23:00:00Z,KXNHLGAME-26APR14CARNYI-CAR,close,historical,https://api.elections.kalshi.com/trade-api/v2/historical/markets/KXNHLGAME-26APR14CARNYI-CAR/candlesticks?start_ts=1775955960&end_ts=1776222000&period_interval=60
2025021293,home,0.63,0.62,0.62,2026-04-14T23:00:00Z,KXNHLGAME-26APR14CARNYI-NYI,close,historical,https://api.elections.kalshi.com/trade-api/v2/historical/markets/KXNHLGAME-26APR14CARNYI-NYI/candlesticks?start_ts=1775955960&end_ts=1776222000&period_interval=60
2025021294,away,0.73,0.72,0.73,2026-04-14T23:00:00Z,KXNHLGAME-26APR14MTLPHI-MTL,close,historical,https://api.elections.kalshi.com/trade-api/v2/historical/markets/KXNHLGAME-26APR14MTLPHI-MTL/candlesticks?start_ts=1775955960&end_ts=1776222000&period_interval=60
2025021294,home,0.28,0.27,0.28,2026-04-14T23:00:00Z,KXNHLGAME-26APR14MTLPHI-PHI,close,historical,https://api.elections.kalshi.com/trade-api/v2/historical/markets/KXNHLGAME-26APR14MTLPHI-PHI/candlesticks?start_ts=1775955960&end_ts=1776222000&period_interval=60
2025021295,home,0.59,0.58,0.59,2026-04-14T23:00:00Z,KXNHLGAME-26APR14WSHCBJ-CBJ,close,historical,https://api.elections.kalshi.com/trade-api/v2/historical/markets/KXNHLGAME-26APR14WSHCBJ-CBJ/candlesticks?start_ts=1775955960&end_ts=1776222000&period_interval=60
2025021295,away,0.42,0.41,0.42,2026-04-14T23:00:00Z,KXNHLGAME-26APR14WSHCBJ-WSH,close,historical,https://api.elections.kalshi.com/trade-api/v2/historical/markets/KXNHLGAME-26APR14WSHCBJ-WSH/candlesticks?start_ts=1775955960&end_ts=1776222000&period_interval=60
2025021296,away,0.63,0.61,0.63,2026-04-15T00:00:00Z,KXNHLGAME-26APR14ANAMIN-ANA,close,historical,https://api.elections.kalshi.com/trade-api/v2/historical/markets/KXNHLGAME-26APR14ANAMIN-ANA/candlesticks?start_ts=1775955960&end_ts=1776225600&period_interval=60
2025021296,home,0.39,0.37,0.37,2026-04-15T00:00:00Z,KXNHLGAME-26APR14ANAMIN-MIN,close,historical,https://api.elections.kalshi.com/trade-api/v2/historical/markets/KXNHLGAME-26APR14ANAMIN-MIN/candlesticks?start_ts=1775955960&end_ts=1776225600&period_interval=60
2025021297,home,0.67,0.66,0.67,2026-04-15T01:00:00Z,KXNHLGAME-26APR14WPGUTA-UTA,close,historical,https://api.elections.kalshi.com/trade-api/v2/historical/markets/KXNHLGAME-26APR14WPGUTA-UTA/candlesticks?start_ts=1775955960&end_ts=1776229200&period_interval=60
2025021297,away,0.34,0.33,0.33,2026-04-15T01:00:00Z,KXNHLGAME-26APR14WPGUTA-WPG,close,historical,https://api.elections.kalshi.com/trade-api/v2/historical/markets/KXNHLGAME-26APR14WPGUTA-WPG/candlesticks?start_ts=1775955960&end_ts=1776229200&period_interval=60
2025021298,home,0.42,0.41,0.42,2026-04-15T01:00:00Z,KXNHLGAME-26APR14COLCGY-CGY,close,historical,https://api.elections.kalshi.com/trade-api/v2/historical/markets/KXNHLGAME-26APR14COLCGY-CGY/candlesticks?start_ts=1775955960&end_ts=1776229200&period_interval=60
2025021298,away,0.6,0.59,0.6,2026-04-15T01:00:00Z,KXNHLGAME-26APR14COLCGY-COL,close,historical,https://api.elections.kalshi.com/trade-api/v2/historical/markets/KXNHLGAME-26APR14COLCGY-COL/candlesticks?start_ts=1775955960&end_ts=1776229200&period_interval=60
2025021299,away,0.34,0.33,0.34,2026-04-15T01:00:00Z,KXNHLGAME-26APR14PITSTL-PIT,close,historical,https://api.elections.kalshi.com/trade-api/v2/historical/markets/KXNHLGAME-26APR14PITSTL-PIT/candlesticks?start_ts=1775966760&end_ts=1776231000&period_interval=60
2025021299,home,0.67,0.66,0.66,2026-04-15T01:00:00Z,KXNHLGAME-26APR14PITSTL-STL,close,historical,https://api.elections.kalshi.com/trade-api/v2/historical/markets/KXNHLGAME-26APR14PITSTL-STL/candlesticks?start_ts=1775966760&end_ts=1776231000&period_interval=60
2025021300,away,0.6,0.59,0.59,2026-04-15T02:00:00Z,KXNHLGAME-26APR14LAVAN-LA,close,historical,https://api.elections.kalshi.com/trade-api/v2/historical/markets/KXNHLGAME-26APR14LAVAN-LA/candlesticks?start_ts=1775966760&end_ts=1776232800&period_interval=60
2025021300,home,0.41,0.4,0.41,2026-04-15T02:00:00Z,KXNHLGAME-26APR14LAVAN-VAN,close,historical,https://api.elections.kalshi.com/trade-api/v2/historical/markets/KXNHLGAME-26APR14LAVAN-VAN/candlesticks?start_ts=1775966760&end_ts=1776232800&period_interval=60
2025021301,home,0.44,0.43,0.44,2026-04-15T23:00:00Z,KXNHLGAME-26APR15DALBUF-BUF,close,historical,https://api.elections.kalshi.com/trade-api/v2/historical/markets/KXNHLGAME-26APR15DALBUF-BUF/candlesticks?start_ts=1776042360&end_ts=1776308400&period_interval=60
2025021301,away,0.57,0.56,0.57,2026-04-15T23:00:00Z,KXNHLGAME-26APR15DALBUF-DAL,close,historical,https://api.elections.kalshi.com/trade-api/v2/historical/markets/KXNHLGAME-26APR15DALBUF-DAL/candlesticks?start_ts=1776042360&end_ts=1776308400&period_interval=60
2025021302,away,0.44,0.43,0.44,2026-04-15T23:00:00Z,KXNHLGAME-26APR15NYRTB-NYR,close,historical,https://api.elections.kalshi.com/trade-api/v2/historical/markets/KXNHLGAME-26APR15NYRTB-NYR/candlesticks?start_ts=1776042360&end_ts=1776308400&period_interval=60
2025021302,home,0.57,0.56,0.57,2026-04-15T23:00:00Z,KXNHLGAME-26APR15NYRTB-TB,close,historical,https://api.elections.kalshi.com/trade-api/v2/historical/markets/KXNHLGAME-26APR15NYRTB-TB/candlesticks?start_ts=1776042360&end_ts=1776308400&period_interval=60
2025021303,away,0.62,0.61,0.62,2026-04-15T23:00:00Z,KXNHLGAME-26APR15DETFLA-DET,close,historical,https://api.elections.kalshi.com/trade-api/v2/historical/markets/KXNHLGAME-26APR15DETFLA-DET/candlesticks?start_ts=1776042360&end_ts=1776308400&period_interval=60
2025021303,home,0.38,0.37,0.38,2026-04-15T23:00:00Z,KXNHLGAME-26APR15DETFLA-FLA,close,historical,https://api.elections.kalshi.com/trade-api/v2/historical/markets/KXNHLGAME-26APR15DETFLA-FLA/candlesticks?start_ts=1776042360&end_ts=1776308400&period_interval=60
2025021304,home,0.65,0.64,0.65,2026-04-15T23:00:00Z,KXNHLGAME-26APR15TOROTT-OTT,close,historical,https://api.elections.kalshi.com/trade-api/v2/historical/markets/KXNHLGAME-26APR15TOROTT-OTT/candlesticks?start_ts=1776042360&end_ts=1776310200&period_interval=60
2025021304,away,0.36,0.35,0.36,2026-04-15T23:00:00Z,KXNHLGAME-26APR15TOROTT-TOR,close,historical,https://api.elections.kalshi.com/trade-api/v2/historical/markets/KXNHLGAME-26APR15TOROTT-TOR/candlesticks?start_ts=1776042360&end_ts=1776310200&period_interval=60
2025021305,home,0.48,0.47,0.48,2026-04-16T00:00:00Z,KXNHLGAME-26APR15SJCHI-CHI,close,historical,https://api.elections.kalshi.com/trade-api/v2/historical/markets/KXNHLGAME-26APR15SJCHI-CHI/candlesticks?start_ts=1776042360&end_ts=1776313800&period_interval=60
2025021305,away,0.53,0.52,0.53,2026-04-16T00:00:00Z,KXNHLGAME-26APR15SJCHI-SJ,close,historical,https://api.elections.kalshi.com/trade-api/v2/historical/markets/KXNHLGAME-26APR15SJCHI-SJ/candlesticks?start_ts=1776042360&end_ts=1776313800&period_interval=60
2025021306,away,0.28,0.27,0.28,2026-04-16T02:00:00Z,KXNHLGAME-26APR15SEAVGK-SEA,close,historical,https://api.elections.kalshi.com/trade-api/v2/historical/markets/KXNHLGAME-26APR15SEAVGK-SEA/candlesticks?start_ts=1776053160&end_ts=1776319200&period_interval=60
2025021306,home,0.74,0.73,0.74,2026-04-16T02:00:00Z,KXNHLGAME-26APR15SEAVGK-VGK,close,historical,https://api.elections.kalshi.com/trade-api/v2/historical/markets/KXNHLGAME-26APR15SEAVGK-VGK/candlesticks?start_ts=1776053160&end_ts=1776319200&period_interval=60
2025021307,away,0.54,0.52,0.54,2026-04-17T00:00:00Z,KXNHLGAME-26APR16ANANSH-ANA,close,historical,https://api.elections.kalshi.com/trade-api/v2/historical/markets/KXNHLGAME-26APR16ANANSH-ANA/candlesticks?start_ts=1776128820&end_ts=1776398400&period_interval=60
2025021307,home,0.48,0.47,0.48,2026-04-17T00:00:00Z,KXNHLGAME-26APR16ANANSH-NSH,close,historical,https://api.elections.kalshi.com/trade-api/v2/historical/markets/KXNHLGAME-26APR16ANANSH-NSH/candlesticks?start_ts=1776128820&end_ts=1776398400&period_interval=60
2025021308,away,0.41,0.4,0.41,2026-04-17T00:00:00Z,KXNHLGAME-26APR16SJWPG-SJ,close,historical,https://api.elections.kalshi.com/trade-api/v2/historical/markets/KXNHLGAME-26APR16SJWPG-SJ/candlesticks?start_ts=1776128820&end_ts=1776398400&period_interval=60
2025021308,home,0.6,0.59,0.6,2026-04-17T00:00:00Z,KXNHLGAME-26APR16SJWPG-WPG,close,historical,https://api.elections.kalshi.com/trade-api/v2/historical/markets/KXNHLGAME-26APR16SJWPG-WPG/candlesticks?start_ts=1776128820&end_ts=1776398400&period_interval=60
2025021309,away,0.55,0.54,0.55,2026-04-16T23:00:00Z,KXNHLGAME-26APR16STLUTA-STL,close,historical,https://api.elections.kalshi.com/trade-api/v2/historical/markets/KXNHLGAME-26APR16STLUTA-STL/candlesticks?start_ts=1776128820&end_ts=1776396600&period_interval=60
2025021309,home,0.46,0.45,0.46,2026-04-16T23:00:00Z,KXNHLGAME-26APR16STLUTA-UTA,close,historical,https://api.elections.kalshi.com/trade-api/v2/historical/markets/KXNHLGAME-26APR16STLUTA-UTA/candlesticks?start_ts=1776128820&end_ts=1776396600&period_interval=60
2025021310,home,0.4,0.38,0.4,2026-04-17T01:00:00Z,KXNHLGAME-26APR16LACGY-CGY,close,historical,https://api.elections.kalshi.com/trade-api/v2/historical/markets/KXNHLGAME-26APR16LACGY-CGY/candlesticks?start_ts=1776128820&end_ts=1776402000&period_interval=60
2025021310,away,0.62,0.61,0.62,2026-04-17T01:00:00Z,KXNHLGAME-26APR16LACGY-LA,close,historical,https://api.elections.kalshi.com/trade-api/v2/historical/markets/KXNHLGAME-26APR16LACGY-LA/candlesticks?start_ts=1776128820&end_ts=1776402000&period_interval=60
2025021311,home,0.75,0.74,0.75,2026-04-17T01:00:00Z,KXNHLGAME-26APR16VANEDM-EDM,close,historical,https://api.elections.kalshi.com/trade-api/v2/historical/markets/KXNHLGAME-26APR16VANEDM-EDM/candlesticks?start_ts=1776128880&end_ts=1776402000&period_interval=60
2025021311,away,0.26,0.25,0.26,2026-04-17T01:00:00Z,KXNHLGAME-26APR16VANEDM-VAN,close,historical,https://api.elections.kalshi.com/trade-api/v2/historical/markets/KXNHLGAME-26APR16VANEDM-VAN/candlesticks?start_ts=1776128880&end_ts=1776402000&period_interval=60
2025021312,home,0.68,0.66,0.68,2026-04-17T02:00:00Z,KXNHLGAME-26APR16SEACOL-COL,close,historical,https://api.elections.kalshi.com/trade-api/v2/historical/markets/KXNHLGAME-26APR16SEACOL-COL/candlesticks?start_ts=1776139620&end_ts=1776405600&period_interval=60
2025021312,away,0.34,0.33,0.34,2026-04-17T02:00:00Z,KXNHLGAME-26APR16SEACOL-SEA,close,historical,https://api.elections.kalshi.com/trade-api/v2/historical/markets/KXNHLGAME-26APR16SEACOL-SEA/candlesticks?start_ts=1776139620&end_ts=1776405600&period_interval=60
2025030111,away,0.41,0.4,0.41,2026-04-19T23:00:00Z,KXNHLGAME-26APR19BOSBUF-BOS,close,historical,https://api.elections.kalshi.com/trade-api/v2/historical/markets/KXNHLGAME-26APR19BOSBUF-BOS/candlesticks?start_ts=1776448980&end_ts=1776655800&period_interval=60
2025030111,home,0.6,0.59,0.59,2026-04-19T23:00:00Z,KXNHLGAME-26APR19BOSBUF-BUF,close,historical,https://api.elections.kalshi.com/trade-api/v2/historical/markets/KXNHLGAME-26APR19BOSBUF-BUF/candlesticks?start_ts=1776448980&end_ts=1776655800&period_interval=60
2025030112,away,0.41,0.4,0.41,2026-04-21T23:00:00Z,KXNHLGAME-26APR21BOSBUF-BOS,close,historical,https://api.elections.kalshi.com/trade-api/v2/historical/markets/KXNHLGAME-26APR21BOSBUF-BOS/candlesticks?start_ts=1776448980&end_ts=1776828600&period_interval=60
2025030112,home,0.61,0.6,0.61,2026-04-21T23:00:00Z,KXNHLGAME-26APR21BOSBUF-BUF,close,historical,https://api.elections.kalshi.com/trade-api/v2/historical/markets/KXNHLGAME-26APR21BOSBUF-BUF/candlesticks?start_ts=1776448980&end_ts=1776828600&period_interval=60
2025030113,home,0.52,0.51,0.52,2026-04-23T23:00:00Z,KXNHLGAME-26APR23BUFBOS-BOS,close,historical,https://api.elections.kalshi.com/trade-api/v2/historical/markets/KXNHLGAME-26APR23BUFBOS-BOS/candlesticks?start_ts=1776448980&end_ts=1776999600&period_interval=60
2025030113,away,0.49,0.48,0.49,2026-04-23T23:00:00Z,KXNHLGAME-26APR23BUFBOS-BUF,close,historical,https://api.elections.kalshi.com/trade-api/v2/historical/markets/KXNHLGAME-26APR23BUFBOS-BUF/candlesticks?start_ts=1776448980&end_ts=1776999600&period_interval=60
2025030114,home,0.53,0.52,0.53,2026-04-26T18:00:00Z,KXNHLGAME-26APR26BUFBOS-BOS,close,historical,https://api.elections.kalshi.com/trade-api/v2/historical/markets/KXNHLGAME-26APR26BUFBOS-BOS/candlesticks?start_ts=1776448980&end_ts=1777240800&period_interval=60
2025030114,away,0.48,0.47,0.48,2026-04-26T18:00:00Z,KXNHLGAME-26APR26BUFBOS-BUF,close,historical,https://api.elections.kalshi.com/trade-api/v2/historical/markets/KXNHLGAME-26APR26BUFBOS-BUF/candlesticks?start_ts=1776448980&end_ts=1777240800&period_interval=60
2025030115,away,0.4,0.39,0.4,2026-04-28T23:00:00Z,KXNHLGAME-26APR28BOSBUF-BOS,close,historical,https://api.elections.kalshi.com/trade-api/v2/historical/markets/KXNHLGAME-26APR28BOSBUF-BOS/candlesticks?start_ts=1777269960&end_ts=1777433400&period_interval=60
2025030115,home,0.61,0.6,0.61,2026-04-28T23:00:00Z,KXNHLGAME-26APR28BOSBUF-BUF,close,historical,https://api.elections.kalshi.com/trade-api/v2/historical/markets/KXNHLGAME-26APR28BOSBUF-BUF/candlesticks?start_ts=1777269960&end_ts=1777433400&period_interval=60
2025030116,home,0.48,0.47,0.48,2026-05-01T23:00:00Z,KXNHLGAME-26MAY01BUFBOS-BOS,close,historical,https://api.elections.kalshi.com/trade-api/v2/historical/markets/KXNHLGAME-26MAY01BUFBOS-BOS/candlesticks?start_ts=1777435560&end_ts=1777692600&period_interval=60
2025030116,away,0.54,0.53,0.54,2026-05-01T23:00:00Z,KXNHLGAME-26MAY01BUFBOS-BUF,close,historical,https://api.elections.kalshi.com/trade-api/v2/historical/markets/KXNHLGAME-26MAY01BUFBOS-BUF/candlesticks?start_ts=1777435560&end_ts=1777692600&period_interval=60
2025030121,away,0.38,0.37,0.38,2026-04-19T21:00:00Z,KXNHLGAME-26APR19MTLTB-MTL,close,historical,https://api.elections.kalshi.com/trade-api/v2/historical/markets/KXNHLGAME-26APR19MTLTB-MTL/candlesticks?start_ts=1776448980&end_ts=1776649500&period_interval=60
2025030121,home,0.63,0.62,0.63,2026-04-19T21:00:00Z,KXNHLGAME-26APR19MTLTB-TB,close,historical,https://api.elections.kalshi.com/trade-api/v2/historical/markets/KXNHLGAME-26APR19MTLTB-TB/candlesticks?start_ts=1776448980&end_ts=1776649500&period_interval=60
2025030122,away,0.38,0.37,0.38,2026-04-21T23:00:00Z,KXNHLGAME-26APR21MTLTB-MTL,close,historical,https://api.elections.kalshi.com/trade-api/v2/historical/markets/KXNHLGAME-26APR21MTLTB-MTL/candlesticks?start_ts=1776448980&end_ts=1776826800&period_interval=60
2025030122,home,0.63,0.62,0.63,2026-04-21T23:00:00Z,KXNHLGAME-26APR21MTLTB-TB,close,historical,https://api.elections.kalshi.com/trade-api/v2/historical/markets/KXNHLGAME-26APR21MTLTB-TB/candlesticks?start_ts=1776448980&end_ts=1776826800&period_interval=60
2025030123,home,0.48,0.47,0.48,2026-04-24T23:00:00Z,KXNHLGAME-26APR24TBMTL-MTL,close,historical,https://api.elections.kalshi.com/trade-api/v2/historical/markets/KXNHLGAME-26APR24TBMTL-MTL/candlesticks?start_ts=1776448980&end_ts=1777086000&period_interval=60
2025030123,away,0.53,0.52,0.53,2026-04-24T23:00:00Z,KXNHLGAME-26APR24TBMTL-TB,close,historical,https://api.elections.kalshi.com/trade-api/v2/historical/markets/KXNHLGAME-26APR24TBMTL-TB/candlesticks?start_ts=1776448980&end_ts=1777086000&period_interval=60
2025030124,home,0.49,0.48,0.49,2026-04-26T23:00:00Z,KXNHLGAME-26APR26TBMTL-MTL,close,historical,https://api.elections.kalshi.com/trade-api/v2/historical/markets/KXNHLGAME-26APR26TBMTL-MTL/candlesticks?start_ts=1776448980&end_ts=1777258800&period_interval=60
2025030124,away,0.53,0.52,0.53,2026-04-26T23:00:00Z,KXNHLGAME-26APR26TBMTL-TB,close,historical,https://api.elections.kalshi.com/trade-api/v2/historical/markets/KXNHLGAME-26APR26TBMTL-TB/candlesticks?start_ts=1776448980&end_ts=1777258800&period_interval=60
2025030125,away,0.42,0.41,0.42,2026-04-29T23:00:00Z,KXNHLGAME-26APR29MTLTB-MTL,close,historical,https://api.elections.kalshi.com/trade-api/v2/historical/markets/KXNHLGAME-26APR29MTLTB-MTL/candlesticks?start_ts=1777316760&end_ts=1777518000&period_interval=60
2025030125,home,0.6,0.59,0.6,2026-04-29T23:00:00Z,KXNHLGAME-26APR29MTLTB-TB,close,historical,https://api.elections.kalshi.com/trade-api/v2/historical/markets/KXNHLGAME-26APR29MTLTB-TB/candlesticks?start_ts=1777316760&end_ts=1777518000&period_interval=60
2025030126,home,0.48,0.47,0.48,2026-05-01T23:00:00Z,KXNHLGAME-26MAY01TBMTL-MTL,close,historical,https://api.elections.kalshi.com/trade-api/v2/historical/markets/KXNHLGAME-26MAY01TBMTL-MTL/candlesticks?start_ts=1777435560&end_ts=1777690800&period_interval=60
2025030126,away,0.53,0.52,0.53,2026-05-01T23:00:00Z,KXNHLGAME-26MAY01TBMTL-TB,close,historical,https://api.elections.kalshi.com/trade-api/v2/historical/markets/KXNHLGAME-26MAY01TBMTL-TB/candlesticks?start_ts=1777435560&end_ts=1777690800&period_interval=60
2025030131,home,0.57,0.56,0.57,2026-04-18T19:00:00Z,KXNHLGAME-26APR18OTTCAR-CAR,close,historical,https://api.elections.kalshi.com/trade-api/v2/historical/markets/KXNHLGAME-26APR18OTTCAR-CAR/candlesticks?start_ts=1776447420&end_ts=1776553200&period_interval=60
2025030131,away,0.44,0.43,0.44,2026-04-18T19:00:00Z,KXNHLGAME-26APR18OTTCAR-OTT,close,historical,https://api.elections.kalshi.com/trade-api/v2/historical/markets/KXNHLGAME-26APR18OTTCAR-OTT/candlesticks?start_ts=1776447420&end_ts=1776553200&period_interval=60
2025030132,home,0.59,0.58,0.59,2026-04-20T23:00:00Z,KXNHLGAME-26APR20OTTCAR-CAR,close,historical,https://api.elections.kalshi.com/trade-api/v2/historical/markets/KXNHLGAME-26APR20OTTCAR-CAR/candlesticks?start_ts=1776448980&end_ts=1776743155&period_interval=60
2025030132,away,0.43,0.42,0.43,2026-04-20T23:00:00Z,KXNHLGAME-26APR20OTTCAR-OTT,close,historical,https://api.elections.kalshi.com/trade-api/v2/historical/markets/KXNHLGAME-26APR20OTTCAR-OTT/candlesticks?start_ts=1776448980&end_ts=1776743155&period_interval=60
2025030133,away,0.48,0.47,0.47,2026-04-23T23:00:00Z,KXNHLGAME-26APR23CAROTT-CAR,close,historical,https://api.elections.kalshi.com/trade-api/v2/historical/markets/KXNHLGAME-26APR23CAROTT-CAR/candlesticks?start_ts=1776448980&end_ts=1777001400&period_interval=60
2025030133,home,0.53,0.52,0.53,2026-04-23T23:00:00Z,KXNHLGAME-26APR23CAROTT-OTT,close,historical,https://api.elections.kalshi.com/trade-api/v2/historical/markets/KXNHLGAME-26APR23CAROTT-OTT/candlesticks?start_ts=1776448980&end_ts=1777001400&period_interval=60
2025030134,away,0.56,0.55,0.56,2026-04-25T19:00:00Z,KXNHLGAME-26APR25CAROTT-CAR,close,historical,https://api.elections.kalshi.com/trade-api/v2/historical/markets/KXNHLGAME-26APR25CAROTT-CAR/candlesticks?start_ts=1776448980&end_ts=1777158000&period_interval=60
2025030134,home,0.45,0.44,0.45,2026-04-25T19:00:00Z,KXNHLGAME-26APR25CAROTT-OTT,close,historical,https://api.elections.kalshi.com/trade-api/v2/historical/markets/KXNHLGAME-26APR25CAROTT-OTT/candlesticks?start_ts=1776448980&end_ts=1777158000&period_interval=60
2025030141,away,0.43,0.42,0.43,2026-04-19T00:00:00Z,KXNHLGAME-26APR18PHIPIT-PHI,close,historical,https://api.elections.kalshi.com/trade-api/v2/historical/markets/KXNHLGAME-26APR18PHIPIT-PHI/candlesticks?start_ts=1776447420&end_ts=1776571200&period_interval=60
2025030141,home,0.58,0.57,0.58,2026-04-19T00:00:00Z,KXNHLGAME-26APR18PHIPIT-PIT,close,historical,https://api.elections.kalshi.com/trade-api/v2/historical/markets/KXNHLGAME-26APR18PHIPIT-PIT/candlesticks?start_ts=1776447420&end_ts=1776571200&period_interval=60
2025030142,away,0.43,0.42,0.43,2026-04-20T23:00:00Z,KXNHLGAME-26APR20PHIPIT-PHI,close,historical,https://api.elections.kalshi.com/trade-api/v2/historical/markets/KXNHLGAME-26APR20PHIPIT-PHI/candlesticks?start_ts=1776448980&end_ts=1776740400&period_interval=60
2025030142,home,0.58,0.57,0.58,2026-04-20T23:00:00Z,KXNHLGAME-26APR20PHIPIT-PIT,close,historical,https://api.elections.kalshi.com/trade-api/v2/historical/markets/KXNHLGAME-26APR20PHIPIT-PIT/candlesticks?start_ts=1776448980&end_ts=1776740400&period_interval=60
2025030143,home,0.5,0.49,0.5,2026-04-22T23:00:00Z,KXNHLGAME-26APR22PITPHI-PHI,close,historical,https://api.elections.kalshi.com/trade-api/v2/historical/markets/KXNHLGAME-26APR22PITPHI-PHI/candlesticks?start_ts=1776448980&end_ts=1776913200&period_interval=60
2025030143,away,0.51,0.5,0.51,2026-04-22T23:00:00Z,KXNHLGAME-26APR22PITPHI-PIT,close,historical,https://api.elections.kalshi.com/trade-api/v2/historical/markets/KXNHLGAME-26APR22PITPHI-PIT/candlesticks?start_ts=1776448980&end_ts=1776913200&period_interval=60
2025030144,home,0.55,0.54,0.55,2026-04-26T00:00:00Z,KXNHLGAME-26APR25PITPHI-PHI,close,historical,https://api.elections.kalshi.com/trade-api/v2/historical/markets/KXNHLGAME-26APR25PITPHI-PHI/candlesticks?start_ts=1776448980&end_ts=1777176000&period_interval=60
2025030144,away,0.47,0.46,0.47,2026-04-26T00:00:00Z,KXNHLGAME-26APR25PITPHI-PIT,close,historical,https://api.elections.kalshi.com/trade-api/v2/historical/markets/KXNHLGAME-26APR25PITPHI-PIT/candlesticks?start_ts=1776448980&end_ts=1777176000&period_interval=60
2025030145,away,0.46,0.45,0.46,2026-04-27T23:00:00Z,KXNHLGAME-26APR27PHIPIT-PHI,close,historical,https://api.elections.kalshi.com/trade-api/v2/historical/markets/KXNHLGAME-26APR27PHIPIT-PHI/candlesticks?start_ts=1777269960&end_ts=1777345200&period_interval=60
2025030145,home,0.56,0.55,0.56,2026-04-27T23:00:00Z,KXNHLGAME-26APR27PHIPIT-PIT,close,historical,https://api.elections.kalshi.com/trade-api/v2/historical/markets/KXNHLGAME-26APR27PHIPIT-PIT/candlesticks?start_ts=1777269960&end_ts=1777345200&period_interval=60
2025030146,home,0.52,0.51,0.52,2026-04-29T23:00:00Z,KXNHLGAME-26APR29PITPHI-PHI,close,historical,https://api.elections.kalshi.com/trade-api/v2/historical/markets/KXNHLGAME-26APR29PITPHI-PHI/candlesticks?start_ts=1777349160&end_ts=1777519800&period_interval=60
2025030146,away,0.48,0.47,0.48,2026-04-29T23:00:00Z,KXNHLGAME-26APR29PITPHI-PIT,close,historical,https://api.elections.kalshi.com/trade-api/v2/historical/markets/KXNHLGAME-26APR29PITPHI-PIT/candlesticks?start_ts=1777349160&end_ts=1777519800&period_interval=60
2025030151,home,0.72,0.71,0.71,2026-04-19T19:00:00Z,KXNHLGAME-26APR19LACOL-COL,close,historical,https://api.elections.kalshi.com/trade-api/v2/historical/markets/KXNHLGAME-26APR19LACOL-COL/candlesticks?start_ts=1776448980&end_ts=1776639600&period_interval=60
2025030151,away,0.29,0.28,0.29,2026-04-19T19:00:00Z,KXNHLGAME-26APR19LACOL-LA,close,historical,https://api.elections.kalshi.com/trade-api/v2/historical/markets/KXNHLGAME-26APR19LACOL-LA/candlesticks?start_ts=1776448980&end_ts=1776639600&period_interval=60
2025030152,home,0.7,0.69,0.7,2026-04-22T02:00:00Z,KXNHLGAME-26APR21LACOL-COL,close,historical,https://api.elections.kalshi.com/trade-api/v2/historical/markets/KXNHLGAME-26APR21LACOL-COL/candlesticks?start_ts=1776448980&end_ts=1776837600&period_interval=60
2025030152,away,0.3,0.29,0.3,2026-04-22T02:00:00Z,KXNHLGAME-26APR21LACOL-LA,close,historical,https://api.elections.kalshi.com/trade-api/v2/historical/markets/KXNHLGAME-26APR21LACOL-LA/candlesticks?start_ts=1776448980&end_ts=1776837600&period_interval=60
2025030153,away,0.59,0.58,0.59,2026-04-24T02:00:00Z,KXNHLGAME-26APR23COLLA-COL,close,historical,https://api.elections.kalshi.com/trade-api/v2/historical/markets/KXNHLGAME-26APR23COLLA-COL/candlesticks?start_ts=1776448980&end_ts=1777010400&period_interval=60
2025030153,home,0.42,0.41,0.42,2026-04-24T02:00:00Z,KXNHLGAME-26APR23COLLA-LA,close,historical,https://api.elections.kalshi.com/trade-api/v2/historical/markets/KXNHLGAME-26APR23COLLA-LA/candlesticks?start_ts=1776448980&end_ts=1777010400&period_interval=60
2025030154,away,0.62,0.61,0.62,2026-04-26T20:00:00Z,KXNHLGAME-26APR26COLLA-COL,close,historical,https://api.elections.kalshi.com/trade-api/v2/historical/markets/KXNHLGAME-26APR26COLLA-COL/candlesticks?start_ts=1776448980&end_ts=1777249800&period_interval=60
2025030154,home,0.39,0.38,0.39,2026-04-26T20:00:00Z,KXNHLGAME-26APR26COLLA-LA,close,historical,https://api.elections.kalshi.com/trade-api/v2/historical/markets/KXNHLGAME-26APR26COLLA-LA/candlesticks?start_ts=1776448980&end_ts=1777249800&period_interval=60
2025030161,home,0.55,0.54,0.55,2026-04-18T21:00:00Z,KXNHLGAME-26APR18MINDAL-DAL,close,historical,https://api.elections.kalshi.com/trade-api/v2/historical/markets/KXNHLGAME-26APR18MINDAL-DAL/candlesticks?start_ts=1776447420&end_ts=1776562200&period_interval=60
2025030161,away,0.46,0.45,0.46,2026-04-18T21:00:00Z,KXNHLGAME-26APR18MINDAL-MIN,close,historical,https://api.elections.kalshi.com/trade-api/v2/historical/markets/KXNHLGAME-26APR18MINDAL-MIN/candlesticks?start_ts=1776447420&end_ts=1776562200&period_interval=60
2025030162,home,0.57,0.56,0.57,2026-04-21T01:00:00Z,KXNHLGAME-26APR20MINDAL-DAL,close,historical,https://api.elections.kalshi.com/trade-api/v2/historical/markets/KXNHLGAME-26APR20MINDAL-DAL/candlesticks?start_ts=1776448980&end_ts=1776749400&period_interval=60
2025030162,away,0.45,0.44,0.45,2026-04-21T01:00:00Z,KXNHLGAME-26APR20MINDAL-MIN,close,historical,https://api.elections.kalshi.com/trade-api/v2/historical/markets/KXNHLGAME-26APR20MINDAL-MIN/candlesticks?start_ts=1776448980&end_ts=1776749400&period_interval=60
2025030163,away,0.45,0.44,0.45,2026-04-23T01:00:00Z,KXNHLGAME-26APR22DALMIN-DAL,close,historical,https://api.elections.kalshi.com/trade-api/v2/historical/markets/KXNHLGAME-26APR22DALMIN-DAL/candlesticks?start_ts=1776448980&end_ts=1776924094&period_interval=60
2025030163,home,0.56,0.55,0.56,2026-04-23T01:00:00Z,KXNHLGAME-26APR22DALMIN-MIN,close,historical,https://api.elections.kalshi.com/trade-api/v2/historical/markets/KXNHLGAME-26APR22DALMIN-MIN/candlesticks?start_ts=1776448980&end_ts=1776924094&period_interval=60
2025030164,away,0.46,0.45,0.46,2026-04-25T21:00:00Z,KXNHLGAME-26APR25DALMIN-DAL,close,historical,https://api.elections.kalshi.com/trade-api/v2/historical/markets/KXNHLGAME-26APR25DALMIN-DAL/candlesticks?start_ts=1776448980&end_ts=1777167000&period_interval=60
2025030164,home,0.55,0.54,0.55,2026-04-25T21:00:00Z,KXNHLGAME-26APR25DALMIN-MIN,close,historical,https://api.elections.kalshi.com/trade-api/v2/historical/markets/KXNHLGAME-26APR25DALMIN-MIN/candlesticks?start_ts=1776448980&end_ts=1777167000&period_interval=60
2025030165,home,0.54,0.53,0.54,2026-04-29T00:00:00Z,KXNHLGAME-26APR28MINDAL-DAL,close,historical,https://api.elections.kalshi.com/trade-api/v2/historical/markets/KXNHLGAME-26APR28MINDAL-DAL/candlesticks?start_ts=1777269960&end_ts=1777435200&period_interval=60
2025030165,away,0.46,0.45,0.46,2026-04-29T00:00:00Z,KXNHLGAME-26APR28MINDAL-MIN,close,historical,https://api.elections.kalshi.com/trade-api/v2/historical/markets/KXNHLGAME-26APR28MINDAL-MIN/candlesticks?start_ts=1777269960&end_ts=1777435200&period_interval=60
2025030166,away,0.47,0.46,0.47,2026-04-30T23:00:00Z,KXNHLGAME-26APR30DALMIN-DAL,close,historical,https://api.elections.kalshi.com/trade-api/v2/historical/markets/KXNHLGAME-26APR30DALMIN-DAL/candlesticks?start_ts=1777446360&end_ts=1777606200&period_interval=60
2025030166,home,0.54,0.53,0.54,2026-04-30T23:00:00Z,KXNHLGAME-26APR30DALMIN-MIN,close,historical,https://api.elections.kalshi.com/trade-api/v2/historical/markets/KXNHLGAME-26APR30DALMIN-MIN/candlesticks?start_ts=1777446360&end_ts=1777606200&period_interval=60
2025030171,away,0.42,0.41,0.42,2026-04-20T02:00:00Z,KXNHLGAME-26APR19UTAVGK-UTA,close,historical,https://api.elections.kalshi.com/trade-api/v2/historical/markets/KXNHLGAME-26APR19UTAVGK-UTA/candlesticks?start_ts=1776448980&end_ts=1776664800&period_interval=60
2025030171,home,0.59,0.58,0.59,2026-04-20T02:00:00Z,KXNHLGAME-26APR19UTAVGK-VGK,close,historical,https://api.elections.kalshi.com/trade-api/v2/historical/markets/KXNHLGAME-26APR19UTAVGK-VGK/candlesticks?start_ts=1776448980&end_ts=1776664800&period_interval=60
2025030172,away,0.43,0.42,0.43,2026-04-22T01:00:00Z,KXNHLGAME-26APR21UTAVGK-UTA,close,historical,https://api.elections.kalshi.com/trade-api/v2/historical/markets/KXNHLGAME-26APR21UTAVGK-UTA/candlesticks?start_ts=1776448980&end_ts=1776835800&period_interval=60
2025030172,home,0.58,0.57,0.58,2026-04-22T01:00:00Z,KXNHLGAME-26APR21UTAVGK-VGK,close,historical,https://api.elections.kalshi.com/trade-api/v2/historical/markets/KXNHLGAME-26APR21UTAVGK-VGK/candlesticks?start_ts=1776448980&end_ts=1776835800&period_interval=60
2025030173,home,0.49,0.48,0.49,2026-04-25T01:00:00Z,KXNHLGAME-26APR24VGKUTA-UTA,close,historical,https://api.elections.kalshi.com/trade-api/v2/historical/markets/KXNHLGAME-26APR24VGKUTA-UTA/candlesticks?start_ts=1776448980&end_ts=1777095495&period_interval=60
2025030173,away,0.52,0.51,0.52,2026-04-25T01:00:00Z,KXNHLGAME-26APR24VGKUTA-VGK,close,historical,https://api.elections.kalshi.com/trade-api/v2/historical/markets/KXNHLGAME-26APR24VGKUTA-VGK/candlesticks?start_ts=1776448980&end_ts=1777095495&period_interval=60
2025030174,home,0.46,0.45,0.46,2026-04-28T01:00:00Z,KXNHLGAME-26APR27VGKUTA-UTA,close,historical,https://api.elections.kalshi.com/trade-api/v2/historical/markets/KXNHLGAME-26APR27VGKUTA-UTA/candlesticks?start_ts=1777269960&end_ts=1777354286&period_interval=60
2025030174,away,0.56,0.55,0.56,2026-04-28T01:00:00Z,KXNHLGAME-26APR27VGKUTA-VGK,close,historical,https://api.elections.kalshi.com/trade-api/v2/historical/markets/KXNHLGAME-26APR27VGKUTA-VGK/candlesticks?start_ts=1777269960&end_ts=1777354286&period_interval=60
2025030175,away,0.41,0.4,0.41,2026-04-30T02:00:00Z,KXNHLGAME-26APR29UTAVGK-UTA,close,historical,https://api.elections.kalshi.com/trade-api/v2/historical/markets/KXNHLGAME-26APR29UTAVGK-UTA/candlesticks?start_ts=1777349160&end_ts=1777530014&period_interval=60
2025030175,home,0.6,0.59,0.6,2026-04-30T02:00:00Z,KXNHLGAME-26APR29UTAVGK-VGK,close,historical,https://api.elections.kalshi.com/trade-api/v2/historical/markets/KXNHLGAME-26APR29UTAVGK-VGK/candlesticks?start_ts=1777349160&end_ts=1777530014&period_interval=60
2025030176,home,0.47,0.46,0.47,2026-05-02T02:00:00Z,KXNHLGAME-26MAY01VGKUTA-UTA,close,historical,https://api.elections.kalshi.com/trade-api/v2/historical/markets/KXNHLGAME-26MAY01VGKUTA-UTA/candlesticks?start_ts=1777435560&end_ts=1777701600&period_interval=60
2025030176,away,0.53,0.52,0.53,2026-05-02T02:00:00Z,KXNHLGAME-26MAY01VGKUTA-VGK,close,historical,https://api.elections.kalshi.com/trade-api/v2/historical/markets/KXNHLGAME-26MAY01VGKUTA-VGK/candlesticks?start_ts=1777435560&end_ts=1777701600&period_interval=60
2025030181,away,0.37,0.36,0.37,2026-04-21T02:00:00Z,KXNHLGAME-26APR20ANAEDM-ANA,close,historical,https://api.elections.kalshi.com/trade-api/v2/historical/markets/KXNHLGAME-26APR20ANAEDM-ANA/candlesticks?start_ts=1776448980&end_ts=1776751200&period_interval=60
2025030181,home,0.64,0.63,0.63,2026-04-21T02:00:00Z,KXNHLGAME-26APR20ANAEDM-EDM,close,historical,https://api.elections.kalshi.com/trade-api/v2/historical/markets/KXNHLGAME-26APR20ANAEDM-EDM/candlesticks?start_ts=1776448980&end_ts=1776751200&period_interval=60
2025030182,away,0.38,0.37,0.38,2026-04-23T02:00:00Z,KXNHLGAME-26APR22ANAEDM-ANA,close,historical,https://api.elections.kalshi.com/trade-api/v2/historical/markets/KXNHLGAME-26APR22ANAEDM-ANA/candlesticks?start_ts=1776448980&end_ts=1776924000&period_interval=60
2025030182,home,0.64,0.63,0.64,2026-04-23T02:00:00Z,KXNHLGAME-26APR22ANAEDM-EDM,close,historical,https://api.elections.kalshi.com/trade-api/v2/historical/markets/KXNHLGAME-26APR22ANAEDM-EDM/candlesticks?start_ts=1776448980&end_ts=1776924000&period_interval=60
2025030183,home,0.44,0.43,0.44,2026-04-25T02:00:00Z,KXNHLGAME-26APR24EDMANA-ANA,close,historical,https://api.elections.kalshi.com/trade-api/v2/historical/markets/KXNHLGAME-26APR24EDMANA-ANA/candlesticks?start_ts=1776448980&end_ts=1777096800&period_interval=60
2025030183,away,0.57,0.56,0.57,2026-04-25T02:00:00Z,KXNHLGAME-26APR24EDMANA-EDM,close,historical,https://api.elections.kalshi.com/trade-api/v2/historical/markets/KXNHLGAME-26APR24EDMANA-EDM/candlesticks?start_ts=1776448980&end_ts=1777096800&period_interval=60
2025030184,home,0.46,0.45,0.46,2026-04-27T01:00:00Z,KXNHLGAME-26APR26EDMANA-ANA,close,historical,https://api.elections.kalshi.com/trade-api/v2/historical/markets/KXNHLGAME-26APR26EDMANA-ANA/candlesticks?start_ts=1776448980&end_ts=1777267800&period_interval=60
2025030184,away,0.55,0.54,0.55,2026-04-27T01:00:00Z,KXNHLGAME-26APR26EDMANA-EDM,close,historical,https://api.elections.kalshi.com/trade-api/v2/historical/markets/KXNHLGAME-26APR26EDMANA-EDM/candlesticks?start_ts=1776448980&end_ts=1777267800&period_interval=60
2025030185,away,0.42,0.41,0.42,2026-04-29T02:00:00Z,KXNHLGAME-26APR28ANAEDM-ANA,close,historical,https://api.elections.kalshi.com/trade-api/v2/historical/markets/KXNHLGAME-26APR28ANAEDM-ANA/candlesticks?start_ts=1777269960&end_ts=1777442400&period_interval=60
2025030185,home,0.59,0.58,0.6,2026-04-29T02:00:00Z,KXNHLGAME-26APR28ANAEDM-EDM,close,historical,https://api.elections.kalshi.com/trade-api/v2/historical/markets/KXNHLGAME-26APR28ANAEDM-EDM/candlesticks?start_ts=1777269960&end_ts=1777442400&period_interval=60
2025030186,home,0.46,0.45,0.46,2026-05-01T02:00:00Z,KXNHLGAME-26APR30EDMANA-ANA,close,historical,https://api.elections.kalshi.com/trade-api/v2/historical/markets/KXNHLGAME-26APR30EDMANA-ANA/candlesticks?start_ts=1777446360&end_ts=1777615200&period_interval=60
2025030186,away,0.55,0.54,0.55,2026-05-01T02:00:00Z,KXNHLGAME-26APR30EDMANA-EDM,close,historical,https://api.elections.kalshi.com/trade-api/v2/historical/markets/KXNHLGAME-26APR30EDMANA-EDM/candlesticks?start_ts=1777446360&end_ts=1777615200&period_interval=60
2025030211,home,0.57,0.56,0.57,2026-05-06T23:00:00Z,KXNHLGAME-26MAY06MTLBUF-BUF,close,historical,https://api.elections.kalshi.com/trade-api/v2/historical/markets/KXNHLGAME-26MAY06MTLBUF-BUF/candlesticks?start_ts=1777859700&end_ts=1778122800&period_interval=60
2025030211,away,0.44,0.43,0.44,2026-05-06T23:00:00Z,KXNHLGAME-26MAY06MTLBUF-MTL,close,historical,https://api.elections.kalshi.com/trade-api/v2/historical/markets/KXNHLGAME-26MAY06MTLBUF-MTL/candlesticks?start_ts=1777859700&end_ts=1778122800&period_interval=60
2025030212,home,0.55,0.54,0.55,2026-05-08T23:00:00Z,KXNHLGAME-26MAY08MTLBUF-BUF,close,historical,https://api.elections.kalshi.com/trade-api/v2/historical/markets/KXNHLGAME-26MAY08MTLBUF-BUF/candlesticks?start_ts=1777859700&end_ts=1778295600&period_interval=60
2025030212,away,0.46,0.45,0.46,2026-05-08T23:00:00Z,KXNHLGAME-26MAY08MTLBUF-MTL,close,historical,https://api.elections.kalshi.com/trade-api/v2/historical/markets/KXNHLGAME-26MAY08MTLBUF-MTL/candlesticks?start_ts=1777859700&end_ts=1778295600&period_interval=60
2025030213,away,0.45,0.44,0.45,2026-05-10T23:00:00Z,KXNHLGAME-26MAY10BUFMTL-BUF,close,historical,https://api.elections.kalshi.com/trade-api/v2/historical/markets/KXNHLGAME-26MAY10BUFMTL-BUF/candlesticks?start_ts=1777859700&end_ts=1778468400&period_interval=60
2025030213,home,0.56,0.55,0.56,2026-05-10T23:00:00Z,KXNHLGAME-26MAY10BUFMTL-MTL,close,historical,https://api.elections.kalshi.com/trade-api/v2/historical/markets/KXNHLGAME-26MAY10BUFMTL-MTL/candlesticks?start_ts=1777859700&end_ts=1778468400&period_interval=60
2025030214,away,0.43,0.42,0.43,2026-05-12T23:00:00Z,KXNHLGAME-26MAY12BUFMTL-BUF,close,historical,https://api.elections.kalshi.com/trade-api/v2/historical/markets/KXNHLGAME-26MAY12BUFMTL-BUF/candlesticks?start_ts=1778223900&end_ts=1778641200&period_interval=60
2025030214,home,0.58,0.57,0.58,2026-05-12T23:00:00Z,KXNHLGAME-26MAY12BUFMTL-MTL,close,historical,https://api.elections.kalshi.com/trade-api/v2/historical/markets/KXNHLGAME-26MAY12BUFMTL-MTL/candlesticks?start_ts=1778223900&end_ts=1778641200&period_interval=60
2025030215,home,0.52,0.51,0.52,2026-05-14T23:00:00Z,KXNHLGAME-26MAY14MTLBUF-BUF,close,historical,https://api.elections.kalshi.com/trade-api/v2/historical/markets/KXNHLGAME-26MAY14MTLBUF-BUF/candlesticks?start_ts=1778483160&end_ts=1778814000&period_interval=60
2025030215,away,0.5,0.49,0.5,2026-05-14T23:00:00Z,KXNHLGAME-26MAY14MTLBUF-MTL,close,historical,https://api.elections.kalshi.com/trade-api/v2/historical/markets/KXNHLGAME-26MAY14MTLBUF-MTL/candlesticks?start_ts=1778483160&end_ts=1778814000&period_interval=60
2025030216,away,0.39,0.38,0.39,2026-05-17T00:00:00Z,KXNHLGAME-26MAY16BUFMTL-BUF,close,historical,https://api.elections.kalshi.com/trade-api/v2/historical/markets/KXNHLGAME-26MAY16BUFMTL-BUF/candlesticks?start_ts=1778645100&end_ts=1778990400&period_interval=60
2025030216,home,0.62,0.61,0.62,2026-05-17T00:00:00Z,KXNHLGAME-26MAY16BUFMTL-MTL,close,historical,https://api.elections.kalshi.com/trade-api/v2/historical/markets/KXNHLGAME-26MAY16BUFMTL-MTL/candlesticks?start_ts=1778645100&end_ts=1778990400&period_interval=60
2025030221,home,0.69,0.68,0.69,2026-05-03T00:00:00Z,KXNHLGAME-26MAY02PHICAR-CAR,close,historical,https://api.elections.kalshi.com/trade-api/v2/historical/markets/KXNHLGAME-26MAY02PHICAR-CAR/candlesticks?start_ts=1777619160&end_ts=1777780800&period_interval=60
2025030221,away,0.32,0.31,0.32,2026-05-03T00:00:00Z,KXNHLGAME-26MAY02PHICAR-PHI,close,historical,https://api.elections.kalshi.com/trade-api/v2/historical/markets/KXNHLGAME-26MAY02PHICAR-PHI/candlesticks?start_ts=1777619160&end_ts=1777780800&period_interval=60
2025030222,home,0.71,0.7,0.71,2026-05-04T23:00:00Z,KXNHLGAME-26MAY04PHICAR-CAR,close,historical,https://api.elections.kalshi.com/trade-api/v2/historical/markets/KXNHLGAME-26MAY04PHICAR-CAR/candlesticks?start_ts=1777791960&end_ts=1777950000&period_interval=60
2025030222,away,0.29,0.28,0.29,2026-05-04T23:00:00Z,KXNHLGAME-26MAY04PHICAR-PHI,close,historical,https://api.elections.kalshi.com/trade-api/v2/historical/markets/KXNHLGAME-26MAY04PHICAR-PHI/candlesticks?start_ts=1777791960&end_ts=1777950000&period_interval=60
2025030223,away,0.62,0.61,0.62,2026-05-08T00:00:00Z,KXNHLGAME-26MAY07CARPHI-CAR,close,historical,https://api.elections.kalshi.com/trade-api/v2/historical/markets/KXNHLGAME-26MAY07CARPHI-CAR/candlesticks?start_ts=1777791960&end_ts=1778212800&period_interval=60
2025030223,home,0.4,0.39,0.4,2026-05-08T00:00:00Z,KXNHLGAME-26MAY07CARPHI-PHI,close,historical,https://api.elections.kalshi.com/trade-api/v2/historical/markets/KXNHLGAME-26MAY07CARPHI-PHI/candlesticks?start_ts=1777791960&end_ts=1778212800&period_interval=60
2025030224,away,0.65,0.64,0.65,2026-05-09T22:00:00Z,KXNHLGAME-26MAY09CARPHI-CAR,close,historical,https://api.elections.kalshi.com/trade-api/v2/historical/markets/KXNHLGAME-26MAY09CARPHI-CAR/candlesticks?start_ts=1777791960&end_ts=1778378400&period_interval=60
2025030224,home,0.36,0.35,0.36,2026-05-09T22:00:00Z,KXNHLGAME-26MAY09CARPHI-PHI,close,historical,https://api.elections.kalshi.com/trade-api/v2/historical/markets/KXNHLGAME-26MAY09CARPHI-PHI/candlesticks?start_ts=1777791960&end_ts=1778378400&period_interval=60
2025030231,home,0.65,0.64,0.65,2026-05-04T01:00:00Z,KXNHLGAME-26MAY03MINCOL-COL,close,historical,https://api.elections.kalshi.com/trade-api/v2/historical/markets/KXNHLGAME-26MAY03MINCOL-COL/candlesticks?start_ts=1777705500&end_ts=1777870800&period_interval=60
2025030231,away,0.36,0.35,0.36,2026-05-04T01:00:00Z,KXNHLGAME-26MAY03MINCOL-MIN,close,historical,https://api.elections.kalshi.com/trade-api/v2/historical/markets/KXNHLGAME-26MAY03MINCOL-MIN/candlesticks?start_ts=1777705500&end_ts=1777870800&period_interval=60
2025030232,home,0.65,0.64,0.65,2026-05-06T00:00:00Z,KXNHLGAME-26MAY05MINCOL-COL,close,historical,https://api.elections.kalshi.com/trade-api/v2/historical/markets/KXNHLGAME-26MAY05MINCOL-COL/candlesticks?start_ts=1777791960&end_ts=1778040000&period_interval=60
2025030232,away,0.36,0.35,0.36,2026-05-06T00:00:00Z,KXNHLGAME-26MAY05MINCOL-MIN,close,historical,https://api.elections.kalshi.com/trade-api/v2/historical/markets/KXNHLGAME-26MAY05MINCOL-MIN/candlesticks?start_ts=1777791960&end_ts=1778040000&period_interval=60
2025030233,away,0.56,0.55,0.56,2026-05-10T01:00:00Z,KXNHLGAME-26MAY09COLMIN-COL,close,historical,https://api.elections.kalshi.com/trade-api/v2/historical/markets/KXNHLGAME-26MAY09COLMIN-COL/candlesticks?start_ts=1777791960&end_ts=1778389200&period_interval=60
2025030233,home,0.45,0.44,0.45,2026-05-10T01:00:00Z,KXNHLGAME-26MAY09COLMIN-MIN,close,historical,https://api.elections.kalshi.com/trade-api/v2/historical/markets/KXNHLGAME-26MAY09COLMIN-MIN/candlesticks?start_ts=1777791960&end_ts=1778389200&period_interval=60
2025030234,away,0.59,0.58,0.59,2026-05-12T00:00:00Z,KXNHLGAME-26MAY11COLMIN-COL,close,historical,https://api.elections.kalshi.com/trade-api/v2/historical/markets/KXNHLGAME-26MAY11COLMIN-COL/candlesticks?start_ts=1778385900&end_ts=1778558400&period_interval=60
2025030234,home,0.42,0.41,0.42,2026-05-12T00:00:00Z,KXNHLGAME-26MAY11COLMIN-MIN,close,historical,https://api.elections.kalshi.com/trade-api/v2/historical/markets/KXNHLGAME-26MAY11COLMIN-MIN/candlesticks?start_ts=1778385900&end_ts=1778558400&period_interval=60
2025030235,home,0.67,0.66,0.67,2026-05-14T00:00:00Z,KXNHLGAME-26MAY13MINCOL-COL,close,historical,https://api.elections.kalshi.com/trade-api/v2/historical/markets/KXNHLGAME-26MAY13MINCOL-COL/candlesticks?start_ts=1778385900&end_ts=1778731200&period_interval=60
2025030235,away,0.34,0.33,0.34,2026-05-14T00:00:00Z,KXNHLGAME-26MAY13MINCOL-MIN,close,historical,https://api.elections.kalshi.com/trade-api/v2/historical/markets/KXNHLGAME-26MAY13MINCOL-MIN/candlesticks?start_ts=1778385900&end_ts=1778731200&period_interval=60
2025030241,away,0.39,0.38,0.39,2026-05-05T01:00:00Z,KXNHLGAME-26MAY04ANAVGK-ANA,close,historical,https://api.elections.kalshi.com/trade-api/v2/historical/markets/KXNHLGAME-26MAY04ANAVGK-ANA/candlesticks?start_ts=1777791960&end_ts=1777959000&period_interval=60
2025030241,home,0.62,0.61,0.62,2026-05-05T01:00:00Z,KXNHLGAME-26MAY04ANAVGK-VGK,close,historical,https://api.elections.kalshi.com/trade-api/v2/historical/markets/KXNHLGAME-26MAY04ANAVGK-VGK/candlesticks?start_ts=1777791960&end_ts=1777959000&period_interval=60
2025030242,away,0.41,0.4,0.41,2026-05-07T01:00:00Z,KXNHLGAME-26MAY06ANAVGK-ANA,close,historical,https://api.elections.kalshi.com/trade-api/v2/historical/markets/KXNHLGAME-26MAY06ANAVGK-ANA/candlesticks?start_ts=1777791960&end_ts=1778131800&period_interval=60
2025030242,home,0.6,0.59,0.6,2026-05-07T01:00:00Z,KXNHLGAME-26MAY06ANAVGK-VGK,close,historical,https://api.elections.kalshi.com/trade-api/v2/historical/markets/KXNHLGAME-26MAY06ANAVGK-VGK/candlesticks?start_ts=1777791960&end_ts=1778131800&period_interval=60
2025030243,home,0.51,0.5,0.51,2026-05-09T01:00:00Z,KXNHLGAME-26MAY08VGKANA-ANA,close,historical,https://api.elections.kalshi.com/trade-api/v2/historical/markets/KXNHLGAME-26MAY08VGKANA-ANA/candlesticks?start_ts=1777791960&end_ts=1778305535&period_interval=60
2025030243,away,0.51,0.5,0.51,2026-05-09T01:00:00Z,KXNHLGAME-26MAY08VGKANA-VGK,close,historical,https://api.elections.kalshi.com/trade-api/v2/historical/markets/KXNHLGAME-26MAY08VGKANA-VGK/candlesticks?start_ts=1777791960&end_ts=1778305535&period_interval=60
2025030244,home,0.53,0.52,0.53,2026-05-11T01:00:00Z,KXNHLGAME-26MAY10VGKANA-ANA,close,historical,https://api.elections.kalshi.com/trade-api/v2/historical/markets/KXNHLGAME-26MAY10VGKANA-ANA/candlesticks?start_ts=1777791960&end_ts=1778477400&period_interval=60
2025030244,away,0.48,0.47,0.48,2026-05-11T01:00:00Z,KXNHLGAME-26MAY10VGKANA-VGK,close,historical,https://api.elections.kalshi.com/trade-api/v2/historical/markets/KXNHLGAME-26MAY10VGKANA-VGK/candlesticks?start_ts=1777791960&end_ts=1778477400&period_interval=60
2025030245,away,0.4,0.39,0.4,2026-05-13T01:00:00Z,KXNHLGAME-26MAY12ANAVGK-ANA,close,historical,https://api.elections.kalshi.com/trade-api/v2/historical/markets/KXNHLGAME-26MAY12ANAVGK-ANA/candlesticks?start_ts=1778223900&end_ts=1778650200&period_interval=60
2025030245,home,0.61,0.6,0.61,2026-05-13T01:00:00Z,KXNHLGAME-26MAY12ANAVGK-VGK,close,historical,https://api.elections.kalshi.com/trade-api/v2/historical/markets/KXNHLGAME-26MAY12ANAVGK-VGK/candlesticks?start_ts=1778223900&end_ts=1778650200&period_interval=60
2025030246,home,0.52,0.51,0.52,2026-05-15T01:00:00Z,KXNHLGAME-26MAY14VGKANA-ANA,close,historical,https://api.elections.kalshi.com/trade-api/v2/historical/markets/KXNHLGAME-26MAY14VGKANA-ANA/candlesticks?start_ts=1778483160&end_ts=1778823000&period_interval=60
2025030246,away,0.49,0.48,0.49,2026-05-15T01:00:00Z,KXNHLGAME-26MAY14VGKANA-VGK,close,historical,https://api.elections.kalshi.com/trade-api/v2/historical/markets/KXNHLGAME-26MAY14VGKANA-VGK/candlesticks?start_ts=1778483160&end_ts=1778823000&period_interval=60
2025030311,home,0.66,0.65,0.66,2026-05-22T00:00:00Z,KXNHLGAME-26MAY21MTLCAR-CAR,close,historical,https://api.elections.kalshi.com/trade-api/v2/historical/markets/KXNHLGAME-26MAY21MTLCAR-CAR/candlesticks?start_ts=1779163560&end_ts=1779422400&period_interval=60
2025030311,away,0.35,0.34,0.35,2026-05-22T00:00:00Z,KXNHLGAME-26MAY21MTLCAR-MTL,close,historical,https://api.elections.kalshi.com/trade-api/v2/historical/markets/KXNHLGAME-26MAY21MTLCAR-MTL/candlesticks?start_ts=1779163560&end_ts=1779422400&period_interval=60
2025030312,home,0.66,0.65,0.66,2026-05-23T23:00:00Z,KXNHLGAME-26MAY23MTLCAR-CAR,close,historical,https://api.elections.kalshi.com/trade-api/v2/historical/markets/KXNHLGAME-26MAY23MTLCAR-CAR/candlesticks?start_ts=1779163560&end_ts=1779591600&period_interval=60
2025030312,away,0.36,0.35,0.36,2026-05-23T23:00:00Z,KXNHLGAME-26MAY23MTLCAR-MTL,close,historical,https://api.elections.kalshi.com/trade-api/v2/historical/markets/KXNHLGAME-26MAY23MTLCAR-MTL/candlesticks?start_ts=1779163560&end_ts=1779591600&period_interval=60
2025030313,away,0.58,0.57,0.58,2026-05-26T00:00:00Z,KXNHLGAME-26MAY25CARMTL-CAR,close,historical,https://api.elections.kalshi.com/trade-api/v2/historical/markets/KXNHLGAME-26MAY25CARMTL-CAR/candlesticks?start_ts=1779163560&end_ts=1779768000&period_interval=60
2025030313,home,0.43,0.42,0.43,2026-05-26T00:00:00Z,KXNHLGAME-26MAY25CARMTL-MTL,close,historical,https://api.elections.kalshi.com/trade-api/v2/historical/markets/KXNHLGAME-26MAY25CARMTL-MTL/candlesticks?start_ts=1779163560&end_ts=1779768000&period_interval=60
2025030314,away,0.59,0.58,0.59,2026-05-28T00:00:00Z,KXNHLGAME-26MAY27CARMTL-CAR,close,historical,https://api.elections.kalshi.com/trade-api/v2/historical/markets/KXNHLGAME-26MAY27CARMTL-CAR/candlesticks?start_ts=1779163560&end_ts=1779940800&period_interval=60
2025030314,home,0.43,0.42,0.43,2026-05-28T00:00:00Z,KXNHLGAME-26MAY27CARMTL-MTL,close,historical,https://api.elections.kalshi.com/trade-api/v2/historical/markets/KXNHLGAME-26MAY27CARMTL-MTL/candlesticks?start_ts=1779163560&end_ts=1779940800&period_interval=60
2025030315,home,0.71,0.7,0.71,2026-05-30T00:00:00Z,KXNHLGAME-26MAY29MTLCAR-CAR,close,historical,https://api.elections.kalshi.com/trade-api/v2/historical/markets/KXNHLGAME-26MAY29MTLCAR-CAR/candlesticks?start_ts=1779595560&end_ts=1780113600&period_interval=60
2025030315,away,0.3,0.29,0.3,2026-05-30T00:00:00Z,KXNHLGAME-26MAY29MTLCAR-MTL,close,historical,https://api.elections.kalshi.com/trade-api/v2/historical/markets/KXNHLGAME-26MAY29MTLCAR-MTL/candlesticks?start_ts=1779595560&end_ts=1780113600&period_interval=60
2025030321,home,0.62,0.61,0.62,2026-05-21T00:00:00Z,KXNHLGAME-26MAY20VGKCOL-COL,close,historical,https://api.elections.kalshi.com/trade-api/v2/historical/markets/KXNHLGAME-26MAY20VGKCOL-COL/candlesticks?start_ts=1778850300&end_ts=1779336000&period_interval=60
2025030321,away,0.4,0.39,0.4,2026-05-21T00:00:00Z,KXNHLGAME-26MAY20VGKCOL-VGK,close,historical,https://api.elections.kalshi.com/trade-api/v2/historical/markets/KXNHLGAME-26MAY20VGKCOL-VGK/candlesticks?start_ts=1778850300&end_ts=1779336000&period_interval=60
2025030322,home,0.63,0.62,0.63,2026-05-23T00:00:00Z,KXNHLGAME-26MAY22VGKCOL-COL,close,historical,https://api.elections.kalshi.com/trade-api/v2/historical/markets/KXNHLGAME-26MAY22VGKCOL-COL/candlesticks?start_ts=1778850300&end_ts=1779508800&period_interval=60
2025030322,away,0.39,0.38,0.38,2026-05-23T00:00:00Z,KXNHLGAME-26MAY22VGKCOL-VGK,close,historical,https://api.elections.kalshi.com/trade-api/v2/historical/markets/KXNHLGAME-26MAY22VGKCOL-VGK/candlesticks?start_ts=1778850300&end_ts=1779508800&period_interval=60
2025030323,away,0.59,0.58,0.59,2026-05-25T00:00:00Z,KXNHLGAME-26MAY24COLVGK-COL,close,historical,https://api.elections.kalshi.com/trade-api/v2/historical/markets/KXNHLGAME-26MAY24COLVGK-COL/candlesticks?start_ts=1778850300&end_ts=1779681600&period_interval=60
2025030323,home,0.42,0.41,0.42,2026-05-25T00:00:00Z,KXNHLGAME-26MAY24COLVGK-VGK,close,historical,https://api.elections.kalshi.com/trade-api/v2/historical/markets/KXNHLGAME-26MAY24COLVGK-VGK/candlesticks?start_ts=1778850300&end_ts=1779681600&period_interval=60
2025030324,away,0.51,0.5,0.51,2026-05-27T01:00:00Z,KXNHLGAME-26MAY26COLVGK-COL,close,historical,https://api.elections.kalshi.com/trade-api/v2/historical/markets/KXNHLGAME-26MAY26COLVGK-COL/candlesticks?start_ts=1779206760&end_ts=1779858000&period_interval=60
2025030324,home,0.5,0.49,0.5,2026-05-27T01:00:00Z,KXNHLGAME-26MAY26COLVGK-VGK,close,historical,https://api.elections.kalshi.com/trade-api/v2/historical/markets/KXNHLGAME-26MAY26COLVGK-VGK/candlesticks?start_ts=1779206760&end_ts=1779858000&period_interval=60
2025030411,home,0.6,0.59,0.6,2026-06-03T00:00:00Z,KXNHLGAME-26JUN02VGKCAR-CAR,close,historical,https://api.elections.kalshi.com/trade-api/v2/historical/markets/KXNHLGAME-26JUN02VGKCAR-CAR/candlesticks?start_ts=1780113900&end_ts=1780459200&period_interval=60
2025030411,away,0.41,0.4,0.41,2026-06-03T00:00:00Z,KXNHLGAME-26JUN02VGKCAR-VGK,close,historical,https://api.elections.kalshi.com/trade-api/v2/historical/markets/KXNHLGAME-26JUN02VGKCAR-VGK/candlesticks?start_ts=1780113900&end_ts=1780459200&period_interval=60
2025030412,home,0.61,0.6,0.61,2026-06-05T00:00:00Z,KXNHLGAME-26JUN04VGKCAR-CAR,close,historical,https://api.elections.kalshi.com/trade-api/v2/historical/markets/KXNHLGAME-26JUN04VGKCAR-CAR/candlesticks?start_ts=1780113900&end_ts=1780632000&period_interval=60
2025030412,away,0.4,0.39,0.4,2026-06-05T00:00:00Z,KXNHLGAME-26JUN04VGKCAR-VGK,close,historical,https://api.elections.kalshi.com/trade-api/v2/historical/markets/KXNHLGAME-26JUN04VGKCAR-VGK/candlesticks?start_ts=1780113900&end_ts=1780632000&period_interval=60
2025030413,away,0.51,0.5,0.51,2026-06-07T00:00:00Z,KXNHLGAME-26JUN06CARVGK-CAR,close,historical,https://api.elections.kalshi.com/trade-api/v2/historical/markets/KXNHLGAME-26JUN06CARVGK-CAR/candlesticks?start_ts=1780113900&end_ts=1780806353&period_interval=60
2025030413,home,0.5,0.49,0.5,2026-06-07T00:00:00Z,KXNHLGAME-26JUN06CARVGK-VGK,close,historical,https://api.elections.kalshi.com/trade-api/v2/historical/markets/KXNHLGAME-26JUN06CARVGK-VGK/candlesticks?start_ts=1780113900&end_ts=1780806353&period_interval=60
2025030414,away,0.52,0.51,0.52,2026-06-10T00:00:00Z,KXNHLGAME-26JUN09CARVGK-CAR,close,historical,https://api.elections.kalshi.com/trade-api/v2/historical/markets/KXNHLGAME-26JUN09CARVGK-CAR/candlesticks?start_ts=1780113900&end_ts=1781064000&period_interval=60
2025030414,home,0.49,0.48,0.49,2026-06-10T00:00:00Z,KXNHLGAME-26JUN09CARVGK-VGK,close,historical,https://api.elections.kalshi.com/trade-api/v2/historical/markets/KXNHLGAME-26JUN09CARVGK-VGK/candlesticks?start_ts=1780113900&end_ts=1781064000&period_interval=60
2025030415,home,0.6,0.59,0.6,2026-06-12T00:00:00Z,KXNHLGAME-26JUN11VGKCAR-CAR,close,historical,https://api.elections.kalshi.com/trade-api/v2/historical/markets/KXNHLGAME-26JUN11VGKCAR-CAR/candlesticks?start_ts=1780632300&end_ts=1781236800&period_interval=60
2025030415,away,0.41,0.4,0.41,2026-06-12T00:00:00Z,KXNHLGAME-26JUN11VGKCAR-VGK,close,historical,https://api.elections.kalshi.com/trade-api/v2/historical/markets/KXNHLGAME-26JUN11VGKCAR-VGK/candlesticks?start_ts=1780632300&end_ts=1781236800&period_interval=60
2025030416,away,0.53,0.52,0.53,2026-06-15T00:00:00Z,KXNHLGAME-26JUN14CARVGK-CAR,close,historical,https://api.elections.kalshi.com/trade-api/v2/historical/markets/KXNHLGAME-26JUN14CARVGK-CAR/candlesticks?start_ts=1781064300&end_ts=1781496000&period_interval=60
2025030416,home,0.49,0.48,0.49,2026-06-15T00:00:00Z,KXNHLGAME-26JUN14CARVGK-VGK,close,historical,https://api.elections.kalshi.com/trade-api/v2/historical/markets/KXNHLGAME-26JUN14CARVGK-VGK/candlesticks?start_ts=1781064300&end_ts=1781496000&period_interval=60
2026010001,away,0.47,0.45,0.47,2026-09-19T23:00:00Z,KXNHLGAME-26SEP19DALSTL-DAL,close,live,https://api.elections.kalshi.com/trade-api/v2/series/KXNHLGAME/markets/KXNHLGAME-26SEP19DALSTL-DAL/candlesticks?start_ts=1789603620&end_ts=1789873752&period_interval=60
2026010001,home,0.55,0.51,0.55,2026-09-19T23:00:00Z,KXNHLGAME-26SEP19DALSTL-STL,close,live,https://api.elections.kalshi.com/trade-api/v2/series/KXNHLGAME/markets/KXNHLGAME-26SEP19DALSTL-STL/candlesticks?start_ts=1789603620&end_ts=1789873752&period_interval=60
2026010002,home,0.56,0.55,0.56,2026-09-20T01:00:00Z,KXNHLGAME-26SEP19VGKLA-LA,close,live,https://api.elections.kalshi.com/trade-api/v2/series/KXNHLGAME/markets/KXNHLGAME-26SEP19VGKLA-LA/candlesticks?start_ts=1789603620&end_ts=1789880400&period_interval=60
2026010002,away,0.47,0.45,0.47,2026-09-20T01:00:00Z,KXNHLGAME-26SEP19VGKLA-VGK,close,live,https://api.elections.kalshi.com/trade-api/v2/series/KXNHLGAME/markets/KXNHLGAME-26SEP19VGKLA-VGK/candlesticks?start_ts=1789603620&end_ts=1789880400&period_interval=60
2026010003,home,0.74,0.72,0.74,2026-09-20T00:00:00Z,KXNHLGAME-26SEP19WPGEDM-EDM,close,live,https://api.elections.kalshi.com/trade-api/v2/series/KXNHLGAME/markets/KXNHLGAME-26SEP19WPGEDM-EDM/candlesticks?start_ts=1789603620&end_ts=1789876800&period_interval=60
2026010003,away,0.26,0.25,0.26,2026-09-20T00:00:00Z,KXNHLGAME-26SEP19WPGEDM-WPG,close,live,https://api.elections.kalshi.com/trade-api/v2/series/KXNHLGAME/markets/KXNHLGAME-26SEP19WPGEDM-WPG/candlesticks?start_ts=1789603620&end_ts=1789876800&period_interval=60
2026010004,away,0.44,0.42,0.43,2026-09-20T00:00:00Z,KXNHLGAME-26SEP19CHIMIN-CHI,close,live,https://api.elections.kalshi.com/trade-api/v2/series/KXNHLGAME/markets/KXNHLGAME-26SEP19CHIMIN-CHI/candlesticks?start_ts=1789603620&end_ts=1789876800&period_interval=60
2026010004,home,0.58,0.56,0.58,2026-09-20T00:00:00Z,KXNHLGAME-26SEP19CHIMIN-MIN,close,live,https://api.elections.kalshi.com/trade-api/v2/series/KXNHLGAME/markets/KXNHLGAME-26SEP19CHIMIN-MIN/candlesticks?start_ts=1789603620&end_ts=1789876800&period_interval=60
2026010005,home,0.56,0.53,0.56,2026-09-20T01:00:00Z,KXNHLGAME-26SEP19VANSEA-SEA,close,live,https://api.elections.kalshi.com/trade-api/v2/series/KXNHLGAME/markets/KXNHLGAME-26SEP19VANSEA-SEA/candlesticks?start_ts=1789603620&end_ts=1789886383&period_interval=60
2026010005,away,0.47,0.46,,2026-09-20T01:00:00Z,KXNHLGAME-26SEP19VANSEA-VAN,close,live,https://api.elections.kalshi.com/trade-api/v2/series/KXNHLGAME/markets/KXNHLGAME-26SEP19VANSEA-VAN/candlesticks?start_ts=1789603620&end_ts=1789886383&period_interval=60
2026010008,home,0.48,0.45,0.48,2026-09-20T17:00:00Z,KXNHLGAME-26SEP20NYINJ-NJ,close,live,https://api.elections.kalshi.com/trade-api/v2/series/KXNHLGAME/markets/KXNHLGAME-26SEP20NYINJ-NJ/candlesticks?start_ts=1789603620&end_ts=1789938000&period_interval=60
2026010008,away,0.54,0.51,0.54,2026-09-20T17:00:00Z,KXNHLGAME-26SEP20NYINJ-NYI,close,live,https://api.elections.kalshi.com/trade-api/v2/series/KXNHLGAME/markets/KXNHLGAME-26SEP20NYINJ-NYI/candlesticks?start_ts=1789603620&end_ts=1789938000&period_interval=60
2026010009,home,0.72,0.71,0.72,2026-09-20T20:00:00Z,KXNHLGAME-26SEP20SJANA-ANA,close,live,https://api.elections.kalshi.com/trade-api/v2/series/KXNHLGAME/markets/KXNHLGAME-26SEP20SJANA-ANA/candlesticks?start_ts=1789603620&end_ts=1789948800&period_interval=60
2026010009,away,0.31,0.29,0.31,2026-09-20T20:00:00Z,KXNHLGAME-26SEP20SJANA-SJ,close,live,https://api.elections.kalshi.com/trade-api/v2/series/KXNHLGAME/markets/KXNHLGAME-26SEP20SJANA-SJ/candlesticks?start_ts=1789603620&end_ts=1789948800&period_interval=60
2026010010,away,0.27,0.24,0.27,2026-09-20T23:00:00Z,KXNHLGAME-26SEP20CARFLA-CAR,close,live,https://api.elections.kalshi.com/trade-api/v2/series/KXNHLGAME/markets/KXNHLGAME-26SEP20CARFLA-CAR/candlesticks?start_ts=1789661100&end_ts=1789959600&period_interval=60
2026010010,home,0.76,0.73,0.76,2026-09-20T23:00:00Z,KXNHLGAME-26SEP20CARFLA-FLA,close,live,https://api.elections.kalshi.com/trade-api/v2/series/KXNHLGAME/markets/KXNHLGAME-26SEP20CARFLA-FLA/candlesticks?start_ts=1789661100&end_ts=1789959600&period_interval=60
2026010011,away,0.3,0.27,0.3,2026-09-20T21:00:00Z,KXNHLGAME-26SEP20NSHTB-NSH,close,live,https://api.elections.kalshi.com/trade-api/v2/series/KXNHLGAME/markets/KXNHLGAME-26SEP20NSHTB-NSH/candlesticks?start_ts=1789661100&end_ts=1789952400&period_interval=60
2026010011,home,0.72,0.7,0.72,2026-09-20T21:00:00Z,KXNHLGAME-26SEP20NSHTB-TB,close,live,https://api.elections.kalshi.com/trade-api/v2/series/KXNHLGAME/markets/KXNHLGAME-26SEP20NSHTB-TB/candlesticks?start_ts=1789661100&end_ts=1789952400&period_interval=60
2026010012,home,0.62,0.6,0.62,2026-09-20T23:00:00Z,KXNHLGAME-26SEP20UTACOL-COL,close,live,https://api.elections.kalshi.com/trade-api/v2/series/KXNHLGAME/markets/KXNHLGAME-26SEP20UTACOL-COL/candlesticks?start_ts=1789661100&end_ts=1789959600&period_interval=60
2026010012,away,0.4,0.37,0.4,2026-09-20T23:00:00Z,KXNHLGAME-26SEP20UTACOL-UTA,close,live,https://api.elections.kalshi.com/trade-api/v2/series/KXNHLGAME/markets/KXNHLGAME-26SEP20UTACOL-UTA/candlesticks?start_ts=1789661100&end_ts=1789959600&period_interval=60
2026010013,home,0.44,0.43,0.44,2026-09-20T21:00:00Z,KXNHLGAME-26SEP20WSHBOS-BOS,close,live,https://api.elections.kalshi.com/trade-api/v2/series/KXNHLGAME/markets/KXNHLGAME-26SEP20WSHBOS-BOS/candlesticks?start_ts=1789661100&end_ts=1789952400&period_interval=60
2026010013,away,0.57,0.56,0.57,2026-09-20T21:00:00Z,KXNHLGAME-26SEP20WSHBOS-WSH,close,live,https://api.elections.kalshi.com/trade-api/v2/series/KXNHLGAME/markets/KXNHLGAME-26SEP20WSHBOS-WSH/candlesticks?start_ts=1789661100&end_ts=1789952400&period_interval=60
2026010014,home,0.58,0.56,0.57,2026-09-21T00:00:00Z,KXNHLGAME-26SEP20SEACGY-CGY,close,live,https://api.elections.kalshi.com/trade-api/v2/series/KXNHLGAME/markets/KXNHLGAME-26SEP20SEACGY-CGY/candlesticks?start_ts=1789661100&end_ts=1789963200&period_interval=60
2026010014,away,0.44,0.42,0.32,2026-09-21T00:00:00Z,KXNHLGAME-26SEP20SEACGY-SEA,close,live,https://api.elections.kalshi.com/trade-api/v2/series/KXNHLGAME/markets/KXNHLGAME-26SEP20SEACGY-SEA/candlesticks?start_ts=1789661100&end_ts=1789963200&period_interval=60
2026010019,home,0.77,0.76,0.77,2026-09-21T23:00:00Z,KXNHLGAME-26SEP21NYRNJ-NJ,close,live,https://api.elections.kalshi.com/trade-api/v2/series/KXNHLGAME/markets/KXNHLGAME-26SEP21NYRNJ-NJ/candlesticks?start_ts=1789513200&end_ts=1790034378&period_interval=60
2026010019,away,0.24,0.23,0.24,2026-09-21T23:00:00Z,KXNHLGAME-26SEP21NYRNJ-NYR,close,live,https://api.elections.kalshi.com/trade-api/v2/series/KXNHLGAME/markets/KXNHLGAME-26SEP21NYRNJ-NYR/candlesticks?start_ts=1789513200&end_ts=1790034378&period_interval=60
